 $DATA
o_bq XMCQDPT2/ALDET-CASSCF(12,10) Andrew-style geometry                         
C1       0
C           6.0     -0.0450782261      1.4807810883      0.0000000000
   S          8
     1      6665.0000000000  0.00069200
     2      1000.0000000000  0.00532900
     3       228.0000000000  0.02707700
     4        64.7100000000  0.10171800
     5        21.0600000000  0.27474000
     6         7.4950000000  0.44856400
     7         2.7970000000  0.28507400
     8         0.5215000000  0.01520400
   S          8
     1      6665.0000000000 -0.00014600
     2      1000.0000000000 -0.00115400
     3       228.0000000000 -0.00572500
     4        64.7100000000 -0.02331200
     5        21.0600000000 -0.06395500
     6         7.4950000000 -0.14998100
     7         2.7970000000 -0.12726200
     8         0.5215000000  0.54452900
   S          1
     1         0.1596000000  1.00000000
   P          3
     1         9.4390000000  0.03810900
     2         2.0020000000  0.20948000
     3         0.5456000000  0.50855700
   P          1
     1         0.1517000000  1.00000000
   D          1
     1         0.5500000000  1.00000000
           
C           6.0      1.3045915656      0.7016426529      0.0000000000
   S          8
     1      6665.0000000000  0.00069200
     2      1000.0000000000  0.00532900
     3       228.0000000000  0.02707700
     4        64.7100000000  0.10171800
     5        21.0600000000  0.27474000
     6         7.4950000000  0.44856400
     7         2.7970000000  0.28507400
     8         0.5215000000  0.01520400
   S          8
     1      6665.0000000000 -0.00014600
     2      1000.0000000000 -0.00115400
     3       228.0000000000 -0.00572500
     4        64.7100000000 -0.02331200
     5        21.0600000000 -0.06395500
     6         7.4950000000 -0.14998100
     7         2.7970000000 -0.12726200
     8         0.5215000000  0.54452900
   S          1
     1         0.1596000000  1.00000000
   P          3
     1         9.4390000000  0.03810900
     2         2.0020000000  0.20948000
     3         0.5456000000  0.50855700
   P          1
     1         0.1517000000  1.00000000
   D          1
     1         0.5500000000  1.00000000
           
C           6.0      1.2405223961     -0.7735654712      0.0000000000
   S          8
     1      6665.0000000000  0.00069200
     2      1000.0000000000  0.00532900
     3       228.0000000000  0.02707700
     4        64.7100000000  0.10171800
     5        21.0600000000  0.27474000
     6         7.4950000000  0.44856400
     7         2.7970000000  0.28507400
     8         0.5215000000  0.01520400
   S          8
     1      6665.0000000000 -0.00014600
     2      1000.0000000000 -0.00115400
     3       228.0000000000 -0.00572500
     4        64.7100000000 -0.02331200
     5        21.0600000000 -0.06395500
     6         7.4950000000 -0.14998100
     7         2.7970000000 -0.12726200
     8         0.5215000000  0.54452900
   S          1
     1         0.1596000000  1.00000000
   P          3
     1         9.4390000000  0.03810900
     2         2.0020000000  0.20948000
     3         0.5456000000  0.50855700
   P          1
     1         0.1517000000  1.00000000
   D          1
     1         0.5500000000  1.00000000
           
C           6.0      0.0339756812     -1.4096965476      0.0000000000
   S          8
     1      6665.0000000000  0.00069200
     2      1000.0000000000  0.00532900
     3       228.0000000000  0.02707700
     4        64.7100000000  0.10171800
     5        21.0600000000  0.27474000
     6         7.4950000000  0.44856400
     7         2.7970000000  0.28507400
     8         0.5215000000  0.01520400
   S          8
     1      6665.0000000000 -0.00014600
     2      1000.0000000000 -0.00115400
     3       228.0000000000 -0.00572500
     4        64.7100000000 -0.02331200
     5        21.0600000000 -0.06395500
     6         7.4950000000 -0.14998100
     7         2.7970000000 -0.12726200
     8         0.5215000000  0.54452900
   S          1
     1         0.1596000000  1.00000000
   P          3
     1         9.4390000000  0.03810900
     2         2.0020000000  0.20948000
     3         0.5456000000  0.50855700
   P          1
     1         0.1517000000  1.00000000
   D          1
     1         0.5500000000  1.00000000
           
C           6.0     -1.2380102911     -0.6753858178      0.0000000000
   S          8
     1      6665.0000000000  0.00069200
     2      1000.0000000000  0.00532900
     3       228.0000000000  0.02707700
     4        64.7100000000  0.10171800
     5        21.0600000000  0.27474000
     6         7.4950000000  0.44856400
     7         2.7970000000  0.28507400
     8         0.5215000000  0.01520400
   S          8
     1      6665.0000000000 -0.00014600
     2      1000.0000000000 -0.00115400
     3       228.0000000000 -0.00572500
     4        64.7100000000 -0.02331200
     5        21.0600000000 -0.06395500
     6         7.4950000000 -0.14998100
     7         2.7970000000 -0.12726200
     8         0.5215000000  0.54452900
   S          1
     1         0.1596000000  1.00000000
   P          3
     1         9.4390000000  0.03810900
     2         2.0020000000  0.20948000
     3         0.5456000000  0.50855700
   P          1
     1         0.1517000000  1.00000000
   D          1
     1         0.5500000000  1.00000000
           
C           6.0     -1.2905225577      0.6875519449      0.0000000000
   S          8
     1      6665.0000000000  0.00069200
     2      1000.0000000000  0.00532900
     3       228.0000000000  0.02707700
     4        64.7100000000  0.10171800
     5        21.0600000000  0.27474000
     6         7.4950000000  0.44856400
     7         2.7970000000  0.28507400
     8         0.5215000000  0.01520400
   S          8
     1      6665.0000000000 -0.00014600
     2      1000.0000000000 -0.00115400
     3       228.0000000000 -0.00572500
     4        64.7100000000 -0.02331200
     5        21.0600000000 -0.06395500
     6         7.4950000000 -0.14998100
     7         2.7970000000 -0.12726200
     8         0.5215000000  0.54452900
   S          1
     1         0.1596000000  1.00000000
   P          3
     1         9.4390000000  0.03810900
     2         2.0020000000  0.20948000
     3         0.5456000000  0.50855700
   P          1
     1         0.1517000000  1.00000000
   D          1
     1         0.5500000000  1.00000000
           
O           8.0     -0.0398433785      2.7143255481      0.0000000000
   S          8
     1     11720.0000000000  0.00071000
     2      1759.0000000000  0.00547000
     3       400.8000000000  0.02783700
     4       113.7000000000  0.10480000
     5        37.0300000000  0.28306200
     6        13.2700000000  0.44871900
     7         5.0250000000  0.27095200
     8         1.0130000000  0.01545800
   S          8
     1     11720.0000000000 -0.00016000
     2      1759.0000000000 -0.00126300
     3       400.8000000000 -0.00626700
     4       113.7000000000 -0.02571600
     5        37.0300000000 -0.07092400
     6        13.2700000000 -0.16541100
     7         5.0250000000 -0.11695500
     8         1.0130000000  0.55736800
   S          1
     1         0.3023000000  1.00000000
   S          1
     1         0.0789600000  1.00000000
   P          3
     1        17.7000000000  0.04301800
     2         3.8540000000  0.22891300
     3         1.0460000000  0.50872800
   P          1
     1         0.2753000000  1.00000000
   P          1
     1         0.0685600000  1.00000000
   D          1
     1         1.1850000000  1.00000000
   D          1
     1         0.3320000000  1.00000000
           
O           8.0      2.3701827636      1.3230538234      0.0000000000
   S          8
     1     11720.0000000000  0.00071000
     2      1759.0000000000  0.00547000
     3       400.8000000000  0.02783700
     4       113.7000000000  0.10480000
     5        37.0300000000  0.28306200
     6        13.2700000000  0.44871900
     7         5.0250000000  0.27095200
     8         1.0130000000  0.01545800
   S          8
     1     11720.0000000000 -0.00016000
     2      1759.0000000000 -0.00126300
     3       400.8000000000 -0.00626700
     4       113.7000000000 -0.02571600
     5        37.0300000000 -0.07092400
     6        13.2700000000 -0.16541100
     7         5.0250000000 -0.11695500
     8         1.0130000000  0.55736800
   S          1
     1         0.3023000000  1.00000000
   S          1
     1         0.0789600000  1.00000000
   P          3
     1        17.7000000000  0.04301800
     2         3.8540000000  0.22891300
     3         1.0460000000  0.50872800
   P          1
     1         0.2753000000  1.00000000
   P          1
     1         0.0685600000  1.00000000
   D          1
     1         1.1850000000  1.00000000
   D          1
     1         0.3320000000  1.00000000
           
H           1.0      2.1902390294     -1.3176810390      0.0000000000
   S          3
     1        13.0100000000  0.01968500
     2         1.9620000000  0.13797700
     3         0.4446000000  0.47814800
   S          1
     1         0.1220000000  1.00000000
   P          1
     1         0.7270000000  1.00000000
           
H           1.0     -0.0034843590     -2.5045497916      0.0000000000
   S          3
     1        13.0100000000  0.01968500
     2         1.9620000000  0.13797700
     3         0.4446000000  0.47814800
   S          1
     1         0.1220000000  1.00000000
   P          1
     1         0.7270000000  1.00000000
           
H           1.0     -2.1674037412     -1.2553456340      0.0000000000
   S          3
     1        13.0100000000  0.01968500
     2         1.9620000000  0.13797700
     3         0.4446000000  0.47814800
   S          1
     1         0.1220000000  1.00000000
   P          1
     1         0.7270000000  1.00000000
           
H           1.0     -2.2366688824      1.2378692437      0.0000000000
   S          3
     1        13.0100000000  0.01968500
     2         1.9620000000  0.13797700
     3         0.4446000000  0.47814800
   S          1
     1         0.1220000000  1.00000000
   P          1
     1         0.7270000000  1.00000000
           
 $END      
--- NATURAL ORBITALS OF MCSCF --- GENERATED AT 23:25:33 18-MAY-2026    
o_bq XMCQDPT2/ALDET-CASSCF(12,10) Andrew-style geometry                         
E(MCSCF)=     -379.1167721935,  4 ITERS, E(NUC)=  323.1666827315
 $VEC   
 1  1  6.19416060238509500D-04  1.41766900237141900D-03  4.72399425221117300D-03 -1.64196953499310900D-05  2.78948038832356600D-05
 1  2  2.65023743006691400D-07  2.00746102312039200D-04  5.70492396533917600D-03  2.66878623129296200D-07  3.39014406113444500D-04
 1  3 -3.27674999492028600D-04 -1.13394066211364400D-05 -1.21680515304021500D-05  1.85484089954000500D-09 -7.43579976388935400D-08
 1  4  6.90534367301325300D-05  2.88717997788809300D-04  2.89936010407014700D-03 -1.98322082866655300D-04  1.09313425977888500D-04
 1  5  4.28889773975415500D-07 -4.29502405445219000D-04 -1.41230107746332900D-03  1.98824849317687600D-07  9.79926641958391100D-05
 1  6 -6.94324375091693000D-05 -2.85602266866735400D-05  9.24098691577705800D-05  7.59678998525159800D-08  8.66898516318131100D-09
 1  7 -4.80350528436209200D-05 -3.47143462967546600D-04 -1.67882834973154500D-03 -3.12897718032100300D-06  6.29197850681680700D-05
 1  8 -3.31557213049411900D-07 -3.04712552976291600D-04 -6.06714211920280000D-04 -3.44621499486765700D-07  5.35102466148008400D-06
 1  9  2.58425197030724200D-05 -3.11935443645176100D-05  2.19326133333519700D-05  7.11647793987056800D-08  1.08981171962477500D-07
 1 10 -6.29812263995858500D-05 -1.67066089872359100D-04  9.95260580032454900D-05 -2.17070636065194700D-05 -4.66812333397527000D-04
 1 11 -3.42263734014255200D-07 -5.21046850774629100D-05  3.36558800005789000D-04 -2.69163113022879200D-07 -3.90997320980857700D-05
 1 12  6.23117883378699800D-05 -2.32120562398366300D-05  5.14149093840823200D-06  8.86200074481109300D-08 -2.34686096915996400D-08
 1 13 -4.51241138001367800D-05 -1.88580081586955600D-04 -1.83503797058410200D-03 -1.98428285339893000D-04  4.74715446404007900D-06
 1 14  1.10918152260969800D-07 -1.00895072918264900D-05 -5.36385090757291300D-04  1.46018385417280900D-07 -4.33682348399232300D-05
 1 15  7.04366094554095600D-05 -2.70683746152833100D-05 -1.04642252408535200D-04 -6.43615799306291600D-09  4.80226499861300200D-09
 1 16 -1.65147919410678500D-04 -1.50127081571112600D-04  2.63697796455513700D-03  1.65214445479325600D-04  1.03895402035698100D-04
 1 17  2.55890126020937800D-07  1.53905539400430900D-03 -1.69495242908125900D-03  1.62827399943736400D-07  2.61015527135144000D-04
 1 18 -1.46796988639769700D-04 -1.14218538495252900D-04 -2.56959601885857200D-04  2.85516042944066800D-08 -6.58272649946196900D-09
 1 19  9.68299831018441500D-01  2.23594301755857800D-03 -9.04427029169131500D-03 -2.34353828802183500D-03 -1.32809704375392200D-05
 1 20 -1.71293584252153500D-03  2.28094438106539100D-07 -4.93103706940531800D-07  3.49510735640362500D-03  2.45552982863581700D-08
 1 21 -9.56631765854235700D-05  8.26524771188411300D-04 -6.40905981412922700D-08 -1.92840885167771000D-04  2.55431018600498900D-04
 1 22 -6.25901334328019000D-05  1.15246431042146800D-05  4.63728600940071700D-08 -8.24717546691940900D-08  4.85626006768809600D-04
 1 23 -8.35633829514716700D-04  3.50007822745895300D-04  2.05822552460892800D-06  2.08913611441962600D-08 -8.37008411035075000D-08
 1 24  2.56276975650634400D-01  4.27661608075910800D-04 -1.62874541542971400D-03  3.72134678165389700D-04 -2.54583014168590200D-04
 1 25 -8.23943049585720100D-05  9.70897576846232300D-07  7.32754486612297100D-04  5.35031620855634400D-04  3.57596570301775700D-07
 1 26 -1.04582316229668200D-04  8.15305126171859000D-05  2.28011645558090500D-07  3.58729928230267000D-05 -2.26009117793127300D-05
 1 27 -1.32720810436947100D-05  3.94813372339208100D-05 -1.25485218125206600D-08 -2.08174543456351100D-09 -2.00954590354925400D-04
 1 28  1.56938222912843200D-05  1.85260768063639500D-04 -2.25549142461746400D-04 -3.95660308312367500D-08  2.83862083680048400D-08
 1 29 -1.76558990423413700D-04  3.55009674850100200D-05  2.00210433508708700D-05  5.37414110970311700D-07 -6.96815808218411800D-08
 1 30  3.87961494740757700D-04  2.85492922591768600D-04 -4.90413621384693400D-06  8.17072558293802100D-06  4.48870318757977900D-08
 1 31  1.65223220983032900D-04  8.15782845985736700D-05  3.63375806620219000D-05  3.18407663827141300D-05  3.07532186312646000D-08
 1 32 -1.53167822808892000D-04  7.74133554495491900D-04 -1.14145715528424100D-04  9.43080981611180200D-05  5.77611442207609300D-08
 2  1 -2.85214510694197400D-04 -5.26049326423282700D-04  5.93738102748264400D-04  2.44477670133997000D-04 -1.19197207028433500D-04
 2  2 -5.20461394379629400D-07 -1.28002538138035900D-03 -4.52031470541847500D-03 -2.32514806898273400D-07 -3.09542529875793600D-04
 2  3  3.33544853621148900D-04 -2.40023237452163000D-05 -3.84987189718957100D-05 -4.15095014807552000D-08 -1.38902309769590700D-08
 2  4  6.78440478705526500D-04  1.47423891038947000D-03  3.77534429037194700D-03  1.76917275205261200D-04 -8.33066534184561100D-05
 2  5  2.39541441545960200D-07  5.83893201685651500D-03  4.30766980895629000D-03  9.85419418173683700D-08 -2.34136276555492200D-04
 2  6  2.31575027333169300D-04  2.56124922238407200D-06 -4.42162292757947200D-04  1.23633253792851700D-07  9.64973685052996100D-08
 2  7 -1.67277671160580600D-04  6.96284747538365500D-05  4.05673807053197900D-03  1.06615586880445100D-05  1.88443321204162600D-04
 2  8  2.51111694053551000D-07 -2.41388348002499400D-03  9.14268416784018100D-04  2.14403555278816600D-07  1.69899326817202300D-04
 2  9 -5.46959926184014100D-05 -1.15203334198925500D-04 -3.95954201070889200D-04 -4.10625553803460700D-08  3.64947460277475800D-08
 2 10 -1.73976626582871600D-05 -1.22019840043953300D-04 -2.19114157253446500D-03  1.42793131382968300D-04  1.14367112148882400D-04
 2 11  1.26964120618951500D-07 -4.98573574094305700D-04 -5.04998905701382000D-04  2.48434946120909800D-07  1.64948358861152800D-04
 2 12 -1.46902961478180400D-04 -1.80453973829560200D-05  3.56821998143387700D-06 -8.03051192296836400D-08  2.18951813106733600D-08
 2 13 -4.74317251352735800D-05 -7.58462698424898400D-05  1.19720933772919600D-03 -3.45142359693905500D-04 -3.13619822600916000D-04
 2 14 -8.00987631449498100D-08  3.76466274648086900D-04  4.51524814720863600D-04 -7.91103724507955100D-08  6.65488522728251400D-05
 2 15 -5.50702336195546000D-05 -1.14786186533256800D-05  1.21985757207113400D-04 -1.01453827247189000D-07  7.57349511814314800D-08
 2 16  3.24091297373161700D-05 -3.53179500729915600D-04 -3.49512829333613500D-03 -5.43817394672521500D-05 -3.60343012982198100D-05
 2 17 -2.91470355225830900D-07 -1.33039866916204400D-03  3.26325343471117400D-04 -2.89306919711351600D-07 -1.47339459881019100D-04
 2 18  1.15846882400053100D-04  3.14925774809512600D-05  1.70021217148739700D-04 -3.68492729725552400D-08  9.50554631456940100D-08
 2 19 -2.56453129536921800D-01 -8.07914382812732900D-04  3.35473137181970900D-03  1.78103282356325100D-03  7.27454651204861200D-05
 2 20  6.86996547015517700D-04 -8.39237961984398700D-07  1.13128727321104800D-04 -9.63217896201752300D-04 -6.19134882063223800D-07
 2 21  1.96173156827799200D-04 -5.34957797457464600D-04 -4.77460734520291200D-08  6.92786275138058700D-05 -8.78104031639899100D-05
 2 22  1.85317756502233600D-05 -1.75793104264009600D-05 -2.37816056686856200D-08 -4.63294984476314500D-08 -1.27993522811280800D-04
 2 23  1.14660347166616200D-04  1.33331756446755900D-05 -6.94790720687814600D-06  2.47246660771067700D-08  1.46247366142531200D-07
 2 24  9.68346749007995900D-01  2.33979245463973200D-03 -9.50722955434704100D-03 -2.92082213462678200D-03 -1.56820939886920300D-03
 2 25 -9.68164241119646400D-04  4.06334059326788300D-07  3.06368098292291000D-03  1.69898413871670300D-03  5.83542864495967400D-08
 2 26  9.40789213000958500D-04  3.34992350083162200D-04  2.90954503968551500D-08  1.34325873352543400D-04 -6.99036148511986400D-05
 2 27 -6.44222585013647500D-05  2.43767586009914700D-04  5.67789976644592500D-08 -1.43146052201083600D-08 -4.69396151664740000D-04
 2 28  1.72953700613500200D-04  2.96442451051245100D-04 -6.30451700819085600D-04  9.08734398671850000D-08 -1.96494633188590600D-08
 2 29 -5.02458745164359800D-05  8.79626745685184100D-04  1.46086531512757600D-04 -5.88023084743935300D-05  3.48378369624739200D-08
 2 30 -7.04682987469365800D-05 -8.58332535000037200D-05  1.39850285836980500D-05  4.76725102598379500D-05  4.83618430433395700D-08
 2 31  3.70341423780604700D-04  2.89896561114350000D-04 -8.43382866081564600D-06 -1.86125921589276200D-05 -1.02753201971144100D-07
 2 32 -1.24013676070547700D-04 -4.06668210607063200D-04  5.28639232425581900D-05 -3.36983857271833100D-05 -6.23191876303179700D-08
 3  1  6.95546658190054600D-01  7.55652818321560900D-04 -6.96429111067324100D-03 -8.87723049841247200D-04  3.79113153030738000D-03
 3  2 -8.84333324079075000D-08  4.82059582869292500D-04  1.60374150092348600D-03 -6.84156703496572800D-08 -4.40378405493313400D-04
 3  3  5.60293896922571700D-04 -1.19915491429133900D-04  5.20133074153856700D-04 -1.05290345898485200D-07  2.96067258623700100D-07
 3  4  7.22213222120233200D-01  8.99937468071017100D-04 -7.14282558287742600D-03  3.75992433773441600D-03  1.15587747372173400D-03
 3  5 -3.08462666115326600D-06  1.23873076220653700D-03  1.17976627726084800D-03 -1.54583404570683700D-06 -5.70219580135506300D-05
 3  6  2.02336675201670800D-04 -1.45314717188237000D-04  7.68805460431855600D-04 -4.43349965125839500D-07 -2.75153740213105200D-07
 3  7  4.56902526529251300D-03  1.46964163679429100D-04  1.58916184462934600D-03  3.99108033143417400D-04 -1.98016975763730100D-03
 3  8  1.11115129456545900D-06  2.27945319085031800D-04  2.30755501458757400D-04  1.09052334847589800D-06  3.49531097914753900D-04
 3  9 -4.95770750352144100D-04  1.46239652437263200D-04  1.64321516801780500D-04 -1.02045211674283400D-07 -1.34103474879281200D-07
 3 10  3.40626874842083000D-04  3.44405205912087900D-04  7.98178892933454900D-04 -3.41481098227547900D-04  1.84999943216937700D-03
 3 11  1.69092328443304600D-06  3.45031503498835300D-05  1.08794300090890700D-03  1.02802648492534300D-06  1.21493478307602200D-04
 3 12  2.24468113647255800D-06 -1.23738159444174200D-04 -1.19319896490278100D-04  2.21473303290591600D-07  1.06987164618940400D-07
 3 13  2.19027966528781500D-04  3.48079744710795100D-04  7.67851607650255400D-04  1.77169643401029000D-03  6.28973189826919000D-04
 3 14 -1.65950281872415200D-07  9.01312259059893600D-04  5.64918822569367600D-04 -3.71993769243660400D-07  1.19778119336144800D-04
 3 15  8.41013386409209600D-07 -1.20619132722690500D-04 -1.21506914788699100D-04  1.38388153020392000D-07 -9.41233537003573300D-08
 3 16  3.97275338151275400D-03  1.43773192800418300D-04  1.62354971235226100D-03 -1.91275316575844000D-03 -6.42444966193344900D-04
 3 17 -7.91706430328105600D-07  1.00303043088938500D-04  3.22832631706618800D-04 -7.12914949021785700D-07 -3.98112068604847000D-04
 3 18  2.62506245071554500D-04  1.35605823533330400D-04 -3.38337937409637400D-04 -5.41601162855994700D-08 -3.89534521513043700D-09
 3 19  5.84678659561327400D-05  1.36320042159368500D-03 -7.77786393015034600D-04  7.90265952653420200D-04 -1.85198329842493600D-04
 3 20 -9.44813511372687500D-04  1.69712884363402200D-06 -3.29282940863770400D-04  1.02679813954076900D-03  1.20188748824666600D-06
 3 21  3.65356947176168200D-06 -9.07834341085910200D-04  3.85961700116443200D-07 -1.00272932543262400D-04  2.15849104287492200D-04
 3 22 -1.15576171744220500D-04  6.17252032925719000D-05 -3.94903907670959300D-08 -2.91675415792588800D-08  3.99214125622798200D-04
 3 23 -8.50444224742744900D-04  4.51230099119986300D-04  1.62570625958480900D-04  5.10540423000647900D-08  7.38713120068981400D-09
 3 24  6.62798057149413600D-05  1.39129110864612700D-03 -8.60575834415041500D-04  7.93022358977778900D-04 -7.36911729856811700D-04
 3 25 -6.39162829655934100D-04 -6.11210099639952600D-06  1.11088785372472700D-03  2.77056202694795000D-04 -4.01547656355803900D-06
 3 26 -8.00962052917252600D-04 -4.56322441866060800D-04 -6.46171241958957600D-07  9.49730966385411600D-05  2.48222526719697600D-05
 3 27 -1.19795349310380400D-04  1.93111166363042900D-04  1.74548466056941800D-07  7.90240357781145600D-08 -6.83252568861257300D-04
 3 28  2.04921635602241400D-04  4.78330933259041700D-04 -5.70485989350065100D-04  1.61840245670787800D-07  6.65118218041418500D-08
 3 29  1.36591305995031400D-03  3.53316943377303700D-04 -1.80330922253923700D-04 -2.56930674346933300D-05 -5.48531198309974500D-08
 3 30 -1.51346172582712300D-03 -4.67824083091440000D-04 -2.86267715905661000D-05 -1.08906190357659100D-04  1.16891660927586300D-07
 3 31 -1.51067527282956500D-03 -4.73640397633994000D-04 -7.82396026612326800D-05 -7.83715629182826900D-05  1.05131237560980200D-07
 3 32  1.36198044642151000D-03  3.55951676233215300D-04  6.54275008901468300D-05 -1.67153373015987100D-04 -1.06121262753741900D-07
 4  1 -7.21214799702155900D-01 -8.29286549766585100D-04  6.90282782509181000D-03 -2.51346485790713000D-03 -2.06098282121674400D-03
 4  2  5.73527679518582900D-06  2.11531268193259600D-03 -1.93000933081048800D-03  2.67079998182635600D-06  1.12168285273004700D-04
 4  3 -6.26699370947431900D-04  5.14531085674244300D-04  5.07467710746024200D-04 -1.23637856221294800D-07  4.82422530706759900D-07
 4  4  6.94578745170551100D-01  6.85860222829336100D-04 -6.73137600313277900D-03  4.93861899996432000D-04  3.18382762780360000D-03
 4  5  5.95593227692587000D-07  2.70699841136476300D-03 -9.15997127819134900D-04  5.97099836209928500D-07  8.21103423802775600D-04
 4  6 -3.18035510681193000D-04 -5.03067913121512200D-04  9.31115910933488400D-05 -7.72795899980618100D-08  4.95458341408566500D-07
 4  7 -3.37575404164015900D-02 -4.59588405225482500D-03 -4.37498141449942800D-03  1.04750561492148600D-04 -1.57412521506743600D-03
 4  8 -3.38835513360660000D-06  4.12546896203448100D-04 -1.33077858260079700D-03 -2.98083800715804900D-06 -9.53583696239615100D-05
 4  9 -3.60034667083437400D-04  4.55393036707502100D-04  1.06929349472778300D-04  3.52440386565973500D-07  3.14363056209064400D-07
 4 10  3.48690561988780800D-03  4.85025827757864200D-04  2.27106285233109200D-03 -1.33565196801417700D-03 -2.95363308402725500D-03
 4 11 -3.01833415279803600D-06 -6.89329653304731100D-04  3.13675821630927000D-05 -1.98481341394587100D-06 -2.93110442635379200D-04
 4 12  3.62889735697611500D-04 -6.97792930622658200D-05 -2.23859100200969100D-04 -1.76454315171789500D-07  1.96820460368252400D-08
 4 13 -2.30587754269991400D-03 -4.76940368552272800D-04 -2.27335064758428000D-03  1.89188270908463400D-03  2.63724886837550000D-03
 4 14  1.23736293909464000D-06 -3.69528727304688200D-04  5.81395624733599300D-04  1.09088314506678900D-06 -3.69558012714431200D-04
 4 15  2.94959400607007800D-04  7.45986121076012700D-05 -2.18078529482013400D-04 -2.04650467286387000D-07  1.70548800117613000D-07
 4 16  4.03077837686160400D-02  4.63099181685047300D-03  4.27001036759299000D-03  1.42217071050321000D-03  6.99266214030796100D-04
 4 17  3.64235054219696400D-06  1.32085710814725900D-03  2.98602414797727100D-04  2.62947301136200800D-06  3.83893632282175800D-04
 4 18  7.91451560993102800D-05 -4.63038788381525100D-04  8.13413803802579500D-05  3.00342933064828700D-07  5.89554217858653600D-08
 4 19 -1.61168049476092500D-04 -1.50253879789128000D-03  9.95959741713865500D-04 -4.08928627002045100D-04 -3.93561182903016500D-04
 4 20 -9.49215749206964000D-04  7.30080638888850100D-06 -6.24234402459519500D-04 -2.59929225765342200D-03  4.74029471979877200D-06
 4 21 -2.95812802515678400D-05  4.67257293468292900D-04  3.06698979491793500D-07  3.08029669287090000D-05 -1.06132613279128100D-04
 4 22  7.53296463503698800D-05  6.45525957368180600D-05  3.51061016365999700D-08 -2.96688904378867400D-07 -3.44631415124798200D-04
 4 23  1.09035600632497200D-03 -7.45724591200112900D-04  2.05021452905386000D-04 -6.69331130393338000D-08 -4.20809174009368300D-07
 4 24  1.54041059283799600D-04  1.47821674677509000D-03 -9.23185563498858600D-04  3.91068388203869300D-04  6.35804166608323900D-04
 4 25  8.21002914111477300D-04  1.19150206892131600D-06  1.87921954786714100D-03  1.81830826935271500D-03  6.03226296585875800D-07
 4 26 -3.98448822474734500D-04 -1.96128541582997000D-04  4.40915256333676400D-10  1.17007673647654300D-04 -4.52827854226067500D-05
 4 27 -7.17248882250880100D-05  3.11055416708992600D-05 -1.85137554041516400D-07 -8.41858002161922900D-08 -5.51632859345952500D-04
 4 28 -1.74538516215092800D-04  7.26171375561023400D-04 -7.99178937250802600D-04  2.93830689838529200D-07  5.45104263847860600D-08
 4 29 -1.60816442488391100D-03 -4.93593067380684200D-04  1.07091617686350800D-04 -8.95859709683044300D-05  7.71830084530396300D-08
 4 30  2.93426983598059700D-03  1.29854753185140400D-03 -4.27753600252224800D-05  1.40901537304915000D-04 -1.96524649933014100D-07
 4 31 -2.93310992524992700D-03 -1.29835181734926800D-03 -1.42507774733082300D-04 -3.29968263729447100D-05 -1.03955577333840700D-07
 4 32  1.60279325495780600D-03  4.97608586172616100D-04  1.27565823803921400D-04 -4.36665302675665300D-05  1.41417903991795600D-07
 5  1 -4.18139511047864900D-03 -9.21664596860520000D-06  7.24393383704177000D-04  1.78534477546885200D-04 -2.13956948394730400D-04
 5  2 -7.22339725591863900D-08 -9.11336910023481500D-04 -1.44694288529954300D-03  2.62439804406672700D-07 -8.93953773113702500D-05
 5  3 -1.03063372482938700D-04  1.92458749794306000D-04 -2.06591490659095000D-04  5.36340627269081100D-09 -3.60046876927245300D-08
 5  4 -4.95781649965059600D-03 -1.27700271941110300D-05  9.79611364741610600D-04 -2.85528585462026300D-04  4.65085061978288100D-05
 5  5  7.70934626543648800D-08 -1.19937305433652100D-03 -2.19245109627574000D-03 -1.08453574940001500D-07  5.86580862494263600D-05
 5  6 -3.03713256169972100D-04  2.45055169920491700D-04 -1.24059396534715500D-04 -1.77753536285918000D-08  3.09685993884021500D-08
 5  7  7.58577728217469200D-01  3.29580698779503900D-03 -8.02207704608696500D-03  1.28440905930636900D-05  3.49526933032756200D-04
 5  8  3.69280637605768400D-09  1.29930990449804000D-03 -1.69013746197779800D-03  8.68666084140851700D-08  3.15176282715460400D-04
 5  9  4.28674154973842400D-05 -3.58043698212753100D-04 -4.51753268533978800D-06 -1.31682416531268300D-08  4.87969090221220100D-08
 5 10  9.24999752006632500D-02  2.83051432870467800D-05  1.33299134159783000D-03 -1.09071406424309800D-06 -1.02841625486455800D-04
 5 11 -7.15073408917592700D-08  4.99474557860632500D-04  1.06925375647010900D-03 -1.24782858733161200D-07 -7.32211772919335700D-05
 5 12 -6.93136985155749200D-05  1.42534875807395500D-04 -3.42318116883129000D-05 -1.00917934123434600D-07  2.82844245341252300D-08
 5 13  7.99756693448865400D-02  2.50705849691801000D-05  7.61302810983781300D-04 -1.01310511603768700D-04 -6.80045396363933300D-05
 5 14 -1.32039823258254400D-08  4.31873090767470900D-04  6.43126484286743400D-04  8.16167807468538500D-08 -1.56274946529015700D-05
 5 15 -1.05272737915787300D-04  1.20900232568768100D-04  4.58013688687441100D-06  3.58656284943119400D-08  5.51452247586957900D-08
 5 16  6.43208388296594400D-01  2.74607009399280100D-03 -6.30215906465749800D-03  2.62342204720568800D-04  1.55546796466038900D-04
 5 17  6.04955863102572100D-08 -1.60029187847104400D-03  1.46833627666340900D-04 -1.20572214239902400D-07  9.81609993215425900D-05
 5 18  2.18077794309015500D-04 -3.16238793630641900D-04 -1.12717952365237100D-04 -4.11993984599832600D-08 -4.75177726237961900D-09
 5 19 -1.13532451912733800D-04 -2.55468284108146200D-04  7.78321526592170600D-04  9.86394669503517800D-04  2.46552303668390700D-07
 5 20  8.78274844434869500D-05 -1.15239774744574000D-07  2.87362006016631000D-04 -4.98292780535506800D-04  3.47743551583440000D-08
 5 21 -8.64492208096630900D-05 -5.31032330243622900D-04 -1.75890774902286400D-07 -1.54036459935011700D-05  6.64453517153497200D-06
 5 22  8.75911082201740800D-06  1.21741649216898700D-05 -2.49587544402561000D-08  2.22250946909003700D-08  3.57366567818288400D-05
 5 23  1.39421568065330300D-04 -1.75158224847067100D-04 -1.47627482345994900D-04  6.83201714211264500D-09 -6.85847581031843300D-09
 5 24 -1.35489654269534700D-04 -2.97539802790193200D-04  1.02990398890556600D-03  1.44391655343939000D-03  7.20379339269202300D-05
 5 25  3.97180774352593600D-05  2.45808008501280500D-07 -7.09578402560768800D-04 -1.66817815009763400D-05  2.90346246215522900D-07
 5 26 -6.10774257260998900D-04 -3.87588142623348000D-04  4.22626846658888100D-08 -4.28955759223325500D-06 -1.16082475929769500D-06
 5 27  5.45038235149607100D-06  1.93722224495723700D-05 -2.64408339096349800D-08 -1.32783498494188100D-08  2.47172078767391700D-04
 5 28 -5.97645810651333500D-05 -1.87407497702243800D-04 -2.35383475076765600D-05 -5.86887204933603600D-08 -6.21725662948174400D-08
 5 29 -2.99284608333696700D-04  1.46300359671796800D-04  2.88344992892434600D-04 -1.78586013257321800D-04 -2.03507965172341400D-09
 5 30  1.44470580394789900D-04  5.08942872967100500D-04 -7.54128294915292600D-06  5.66154541126680800D-05  1.97743850852715900D-08
 5 31  1.30696027424860000D-04  4.14681578905686600D-04  4.96405583104908200D-05  1.56292845826425300D-05 -6.49259748250903700D-09
 5 32 -2.66242447436019900D-04  1.73978508250264500D-04 -2.55432397451051900D-04  1.39087027781069700D-04  6.09520213254925800D-08
 6  1  3.44846549067637200D-02 -2.36424135029526600D-03 -6.12068039577587600D-04  1.84372463636525900D-03  5.46190241330847800D-04
 6  2 -4.35452483435948600D-06 -2.48523250170537900D-03 -3.90813731963536500D-03 -2.14426720852027800D-06 -3.20811643235681600D-04
 6  3 -1.29985036892192900D-04  4.50796680127772600D-04 -5.53783429952173200D-04  1.14033100261690600D-07 -1.42373624916902600D-07
 6  4 -3.33367910848933100D-02  2.29476007369268000D-03  6.68178459708304500D-04  4.92363498006442000D-04 -1.84960254633431300D-03
 6  5 -1.22666400453515600D-06  2.01810035644192500D-03  3.82954525523568900D-03 -6.24663408063050800D-07 -2.32479699075191500D-04
 6  6  6.46392442792293800D-04 -4.13912743717189800D-04  1.71494933752845200D-04 -5.21827176238384200D-08 -4.98235455528202400D-07
 6  7 -6.05395281917127900D-01  1.30034864879860400D-03  1.25841370086891400D-02 -2.52889510030211500D-04  5.76959564461611300D-04
 6  8  3.66571901250474400D-06 -2.33623405650068600D-03  2.72196330076991900D-03  3.03913828969280800D-06 -1.11112784764833700D-04
 6  9  1.28137025313309100D-04 -1.70242405484453500D-05 -5.32671677379830200D-06 -2.64998914308865500D-07 -1.94563145830890200D-07
 6 10 -2.43488335537910500D-01 -1.22472154238735000D-03 -2.64968347875048700D-03  1.48618061642753300D-03  2.95676240158956600D-03
 6 11  3.24848854754169100D-06 -4.47215934538392400D-04 -9.05374001426773700D-04  2.54599458746693400D-06  1.57879949305075600D-04
 6 12 -1.56824937230227600D-04 -1.05501207505254900D-06  2.10222776964975500D-04  4.29199579688142100D-07  7.06276103202686300D-08
 6 13  2.45878963186923200D-01  1.20205718140922200D-03  2.91758950345867300D-03 -1.78514028262289700D-03 -2.75316095460907900D-03
 6 14 -1.74913659788171500D-06  6.70636916544055800D-04  9.94106580083334300D-04 -1.51722023009914800D-06  2.31389924603504700D-04
 6 15 -2.54452687207486500D-04  2.30627626039114700D-05  4.31699940101254500D-05  1.58409065103468100D-07 -4.32978396044594100D-07
 6 16  7.18330301462789500D-01 -8.10022922290081500D-04 -1.37401837439068100D-02 -6.43164020710779100D-04 -5.55074931194093800D-05
 6 17 -3.89502112502591400D-06 -3.82939726640329500D-03  7.12723160214865200D-04 -2.95562216855525600D-06 -5.64363487611161100D-05
 6 18  9.53151776974809900D-05 -3.88788289365528600D-05 -1.47048950882121300D-04 -2.22449298529223800D-07 -8.67123047846311800D-08
 6 19 -1.41132610872620900D-04  4.06939058963729800D-04  2.58620542985066700D-03  3.31081917560034600D-03  1.90454505263034900D-04
 6 20  1.42896841354766700D-03 -4.33007669917571400D-06  4.91289653100339300D-04  1.39340271555338700D-05 -2.68420849024078000D-06
 6 21  3.19807897718654900D-04 -1.36870593048230800D-03 -9.40180424174124200D-08  3.22793099136623300D-05 -4.80520784250706600D-05
 6 22  1.57727685112547000D-05 -4.95778243106345900D-05  4.61985732870569500D-09  2.38683018173857000D-07  3.82361476149723300D-05
 6 23 -2.62655560632379100D-06 -3.56095920088119800D-05 -2.02326351046231900D-04 -4.77453400106126700D-08  2.59610983260398700D-07
 6 24  1.25069730262017000D-04 -4.25803205201001600D-04 -2.43385998599840400D-03 -3.12320824641792000D-03 -1.14622786287950100D-03
 6 25 -8.87184286947268200D-04 -3.24728026649108400D-06  1.29732651438705800D-04 -4.38319727119960500D-04 -2.22356557608332300D-06
 6 26  1.26082707963989100D-03  3.49783768545917400D-04 -1.93246545019841400D-07 -9.89620403856753100D-06  2.54165980139663600D-05
 6 27 -1.55203939754257600D-05  6.92927128743115400D-05  1.68774260187190600D-07  3.43449128357196800D-08 -1.26005508155543000D-04
 6 28  1.16864852272448100D-04  9.14065588309970900D-06  1.16571777574327000D-04  7.38250388290691500D-09  1.41712217967257800D-07
 6 29  1.89755865669576500D-03  5.77766924715583400D-04 -3.70653229741362300D-04  2.38163946520719000D-04  1.08124430287070300D-07
 6 30 -3.08718930641353900D-03 -1.81200282448299400D-03  3.18123091411291700D-05 -1.34241226190033200D-04  1.86483014889551600D-07
 6 31  3.07407525393138500D-03  1.85799843941658100D-03  1.43147172258094200D-04  4.25704147710380100D-05 -9.62866839429279100D-08
 6 32 -1.91257801861130400D-03 -5.40718342352150700D-04 -4.39158690753379100D-04  2.25859014643205900D-04 -8.40294634815308100D-08
 7  1 -4.62405680537683100D-04  4.33092993081369200D-05  2.59022334080961300D-04 -4.19315664334453000D-05  4.45452148840957800D-05
 7  2  5.05956644236798400D-08  9.92569879691201700D-05  1.89925601872492300D-04 -1.05824213899772800D-07 -4.61831423065419200D-05
 7  3 -4.41870972787284100D-05  9.03702395851903300D-05 -7.35884174505469600D-05 -3.41698568493893700D-09 -2.56562156976808600D-08
 7  4  2.56014438387116300D-04 -3.25199623971022100D-06  2.21831697545881400D-04  5.00596814369943900D-05  2.29914165725183400D-05
 7  5 -4.36822552284988800D-08  9.26160782762077400D-05  1.37847343571426300D-04  5.34626050078725800D-08  1.44888894990244900D-05
 7  6 -1.10804441629116500D-04  9.63155521300181900D-05 -3.81307776611072200D-05  1.37994258718657600D-08  1.92658169242073400D-08
 7  7  9.06085529761840000D-02  6.69625433233642400D-04 -2.89724537954999100D-03 -5.00507874462373200D-05 -4.70898000275887400D-05
 7  8 -2.40017183030611700D-08  1.48981324292489300D-03  3.76597247584123200D-04  3.75540310210333100D-09  1.30226166804481200D-04
 7  9  4.38817444654795600D-05 -1.74107911270140300D-04 -4.36295288573351900D-05  1.49346891260645900D-08 -5.96280557961802300D-09
 7 10 -6.97125916686273200D-01 -2.80220046542332900D-03  5.64315204561316600D-03  1.84452900792528900D-05  5.81383139063715200D-06
 7 11  2.57837545130728400D-08  8.95862993508560200D-04  6.60718850076340300D-04 -5.41202377235437100D-08  6.10806232256147700D-05
 7 12 -2.29552634621899500D-04  1.68472011396307700D-04 -2.26765396204187500D-04  7.18331779670239700D-09 -7.76093698040933000D-10
 7 13 -7.09168232508510100D-01 -2.86316815712134000D-03  5.71463846023692300D-03  3.34469855283495900D-05  7.66413565304609800D-05
 7 14  1.84888051870709400D-09  1.51611257441493100D-04  1.11071639597079700D-03 -1.42798994769496800D-08  3.89996516885834300D-06
 7 15 -1.79938968522027700D-04  1.76039003353178200D-04 -2.60405857891749800D-04  2.96642360691507500D-08 -5.55560869192675400D-08
 7 16  8.29364304076841600D-02  7.21998189421160500D-04 -2.74552056478761800D-03 -1.62413740153356800D-06 -6.54177709824041900D-05
 7 17  2.15943228840031000D-08 -3.81540701647644700D-04  1.48217329186063500D-03  8.06667799498457500D-08  1.01810611972667900D-04
 7 18  7.73299444690043500D-05 -1.79140556441982400D-04 -6.37116373163085100D-05  7.23090604711789100D-09 -1.83229191123448900D-08
 7 19  3.35857394619529500D-05  7.14832210375342600D-05 -1.76223588562556800D-04 -2.80345766621015800D-04  2.04868341582025300D-06
 7 20 -4.16616686773299500D-05  7.74486430318071700D-08  4.78014110984112700D-05  1.06880002588791200D-04  9.24974358232950600D-08
 7 21  3.51180995437159300D-05  1.41275591664828300D-04  8.05431360880217800D-08  1.05468701127749500D-05  4.32566862589510800D-06
 7 22 -1.48725387386710400D-05 -2.59588141530247400D-06  6.69324627326780500D-09 -3.19702651280410900D-08 -2.40942522094479700D-05
 7 23 -1.50864779121881500D-05  3.91807301215224500D-05 -3.76505525925069400D-05  1.69712480578524100D-08 -2.63462342123427900D-08
 7 24  3.17530231656562500D-05  8.15315726529175500D-05 -1.36244158210374800D-04 -2.34144855844363100D-04 -1.33327480174754800D-05
 7 25 -6.77797181084901600D-07 -8.63338118460580100D-08  7.08952599897056300D-05  1.02642394807794000D-04 -1.08976614198012700D-07
 7 26  8.64034859885233800D-05  9.47964542319584900D-05 -5.15691005617219000D-08  7.80041851642182200D-06  6.62470575557042300D-06
 7 27 -1.44251242720185600D-05 -5.86589838751262400D-06  0.00000000000000000D+00 -1.27728169491729600D-08  1.24763834291228800D-05
 7 28 -5.14592652218676400D-05  3.89828817927432100D-05 -1.60314437071930300D-05  5.27620573614530800D-08  2.89201715678761200D-08
 7 29 -1.09740158251631300D-04 -1.76135506572483100D-04  9.74055401101123100D-05 -8.33107166185648500D-05 -3.25825460589376400D-08
 7 30  2.50484672606789400D-04 -7.00629828609075400D-04 -4.65630514849364300D-05  3.05657347491306200D-04  1.20480399627939200D-08
 7 31  1.92817008093311800D-04 -7.35182916704351900D-04  2.89413324598368100D-04  1.14611655103161200D-04  4.10970589246578600D-08
 7 32 -7.41786765069862200D-05 -1.69680380080924500D-04 -1.15387937208454900D-04  4.00368269267867300D-05 -2.12655992095438100D-08
 8  1 -1.58350863105006300D-02  1.13582481538769100D-03 -7.85840531928351700D-04 -8.73200872782464400D-04 -2.85391657299273400D-04
 8  2  2.04972281241543800D-06  1.31965700102484200D-03  1.64139135706824000D-03  1.07692010023175800D-06  1.13562889679255100D-04
 8  3  7.98681981266791500D-05 -1.93431087806027900D-04  3.26211465170876600D-04 -5.23310256940329700D-08  5.25447866989107100D-08
 8  4  1.53386737353561800D-02 -1.13141995024056300D-03  7.64235037643025900D-04 -1.86308543709410000D-04  8.95199859143397300D-04
 8  5  5.94592662544418400D-07 -7.24141738465441200D-04 -1.88959744193997500D-03  2.16699397934833300D-07  1.54587369156398500D-04
 8  6 -3.40528155948445300D-04  1.85940786792108300D-04 -1.43081555308327800D-04  4.81575733792381400D-08  1.97643983998152000D-07
 8  7  2.31185220274701100D-01 -5.82986566039880100D-04 -8.12583693294266700D-03  9.92845112699163400D-05 -3.47611987669449600D-04
 8  8 -1.72971631901973700D-06  2.45051482646313900D-03 -1.58421350029210500D-03 -1.49861004256015300D-06  1.89569543708516500D-04
 8  9  8.36667372833373500D-05 -2.73236280992092700D-04 -5.11510249070029300D-07  1.36954554418062500D-07  1.23053888718195800D-07
 8 10 -6.71075969785202100D-01 -2.88446289145978200D-03  1.08570996017239500D-02 -6.16921882445728900D-04 -1.44349732636230700D-03
 8 11 -1.57377924391873600D-06 -6.60263568646108400D-04  3.04251245791947800D-03 -1.12701159215729500D-06 -4.71668430879652700D-04
 8 12 -1.53065067838133400D-04  6.24733498717840600D-04 -6.81655418436324300D-05 -1.18851193641141000D-07 -1.03108555358721900D-07
 8 13  6.59094401636908800D-01  2.84493526299167600D-03 -1.08292914295998900D-02  9.43513097323489800D-04  1.25843677430154700D-03
 8 14  9.03100521248218400D-07 -2.98799307219232200D-03 -9.68859083106620200D-04  6.24978088336967400D-07  1.82496525663141800D-04
 8 15  4.44680686552333700D-04 -6.27177212215619300D-04 -1.28324928209310700D-04 -4.52100108086908000D-08  1.98021104829585700D-07
 8 16 -2.57935934407807100D-01  4.72351864205031400D-04  8.37331771185764600D-03  3.45140263367811400D-04  8.13074589171927900D-05
 8 17  1.84687932944524900D-06  2.66746268577544700D-03 -1.31926111284333100D-03  1.39037514804378700D-06 -1.12906906257279100D-04
 8 18 -1.71132577291856800D-04  2.84039483549056500D-04  5.83785475574519300D-05  7.20010922347154400D-08 -4.65911516924133400D-08
 8 19  2.91248674859218900D-05 -2.54005690102691300D-04 -9.31741348262500900D-04 -8.84255807232871800D-04 -8.08107631072442600D-05
 8 20 -6.60765289411299800D-04  1.99812156897774300D-06 -3.09848113530649700D-04 -2.49619201760162300D-04  1.20312486091902500D-06
 8 21 -1.19014966784443300D-04  3.16249045628921800D-04  1.11288485647448000D-08 -1.92788217399124900D-05  1.97324543163211300D-05
 8 22 -4.53632576354561200D-07  2.41016724169026300D-05  1.90068354163789800D-08 -7.17592265064994400D-08 -1.94790369121888100D-05
 8 23  5.57591108346531800D-05 -3.62800739224999800D-05  1.51164062087776500D-04  2.62564434920428400D-08 -1.20546342999400900D-07
 8 24 -2.52026175164425900D-05  2.63457881023496100D-04  8.94597035214575100D-04  8.32492616734424800D-04  5.30302747080381200D-04
 8 25  4.00233634851707900D-04  1.54127038628383600D-06  8.71864021832369100D-05  3.94696654443522900D-04  1.07104904336556800D-06
 8 26 -3.11094654203743400D-04 -3.90219670766472200D-05  1.59001461670042600D-07  8.30912595910676300D-06 -8.47545553873310400D-06
 8 27  1.66329579575394300D-07 -3.25570931477853800D-05 -9.05665549549605100D-08 -4.55347623833617500D-08  6.79734616114889900D-05
 8 28 -1.11452514516621200D-04  4.34790529051360800D-05 -1.11948959007422600D-04 -1.09785827848244900D-08 -3.01308429493850100D-08
 8 29 -1.02904640625971500D-03 -5.92606182924405000D-04  2.52285734708588200D-04 -1.27749029149286600D-04 -4.37059902591496600D-08
 8 30  1.76863120112574200D-03  6.20599597877040000D-04  2.51639970337110900D-06  4.64369193715735300D-04 -8.18583827477358800D-08
 8 31 -1.76727400207053000D-03 -6.46845653450143800D-04 -3.98455485431872900D-04 -2.33116102253978300D-04  4.08736503526247300D-08
 8 32  1.03625008150861300D-03  5.83105096797994700D-04  2.46284190478136000D-04 -1.59793054141136100D-04  8.89137562207721400D-08
 9  1 -9.12017515255450300D-03  1.46903381250383000D-01  4.49960168724691700D-02  1.19572364024661400D-02  1.24035646105190700D-01
 9  2 -1.34184874489167900D-05  6.02505053079944100D-03 -8.65937865819124000D-03  2.42781392275546500D-05 -8.27157855307218200D-03
 9  3  2.27568967215746200D-02 -1.44853181685024000D-02 -6.66914973625372000D-04  1.42932017793257300D-06 -2.21995451248308000D-06
 9  4 -9.10597742059882400D-03  1.46935836817758900D-01  4.47087869650154400D-02  1.01440283069077300D-01  7.24183754061089900D-02
 9  5 -1.30968071216987400D-05 -1.04486214124504900D-02  9.67719545590435800D-04 -4.56423811778937200D-06  1.54920650785383800D-02
 9  6 -1.01460459143553600D-03 -1.44774604871027900D-02  1.52092501057562200D-02  1.66036946224508800D-06  2.23247894207288400D-06
 9  7 -9.78887853532520600D-05  2.62266920231475600D-02  7.51244973513182400D-04  3.82764730283919700D-03  9.93064590055215200D-03
 9  8  3.41438659264789700D-06  1.83727759120959700D-02 -4.12716451459029300D-04 -1.00964835089281800D-05 -3.08265189784446400D-03
 9  9  3.57574280667634400D-03 -4.93090908831920300D-04  4.17321556392449200D-03  7.40078136165099700D-06  7.77134282257454500D-06
 9 10  4.44409125710027900D-04  9.63041172780414700D-03  1.72967746687873400D-02  8.49056284179117900D-04  1.11097533388724800D-02
 9 11  2.54658527940828700D-06  3.62392020747696200D-03  1.83516784298793000D-03  2.51567279873824400D-05 -4.25226051400184500D-04
 9 12  5.26275557623555500D-04 -1.01049506223533700D-04  5.50682120230832200D-04 -6.92365362381687200D-06  1.19807914414073800D-05
 9 13  4.43859280981628100D-04  9.63196341837384600D-03  1.74018372195632100D-02  9.17660888463707800D-03  6.29081311392509100D-03
 9 14 -8.30426181762896900D-06 -9.99685045934595700D-05  4.07713372120557600D-03 -7.27336022277823800D-06 -1.19256491688562200D-04
 9 15  2.14382055737381800D-04 -9.51255640487814300D-05  7.77249195120549300D-04  3.12695494824696800D-06  6.03155144005187500D-06
 9 16 -7.36082329617126100D-05  2.62567649586788100D-02  5.40644282402810200D-04  6.69906172257049900D-03  8.30117872419413800D-03
 9 17 -5.96701229582621300D-06 -9.70017103724668500D-03  1.56857336512075200D-02 -3.40207432017572800D-06 -1.21724205075581200D-03
 9 18  1.70488012094340000D-03 -4.87638070187764400D-04  5.43227803379400500D-03 -3.01105594170818200D-06  5.64042791069785600D-06
 9 19 -5.74106154900450500D-03  2.92263001784083900D-01  2.86693603237929800D-01  2.96517458900084500D-03  6.71056401570147600D-04
 9 20 -9.52671423599701100D-02  3.14464765427095500D-06 -3.32862482461487400D-04 -3.15822201878199500D-02  1.00307997176687800D-05
 9 21 -5.78337818976598500D-04  3.97341844079091700D-03 -1.60435452578397900D-05 -6.04403762550628200D-03  1.23620451322986500D-02
 9 22 -6.31800750679230700D-03 -9.30915905274624700D-05  7.23447577124656700D-07  3.22514112538123100D-06  3.24443803834422400D-04
 9 23 -2.07228503797154300D-03  1.74784123413706300D-03 -1.59678803666575800D-04  1.48572863819508800D-06  1.80349601295123400D-06
 9 24 -5.74564210928178000D-03  2.92263242188529600D-01  2.86704899169914500D-01  3.00157001010830100D-03 -8.28659063130956200D-02
 9 25 -4.70661180743140400D-02 -2.47149687157682200D-05 -2.71970948155310800D-02 -1.61112734397662200D-02 -5.15056318813982300D-06
 9 26  3.68627876898508200D-03  1.52381031274151100D-03 -7.41268876231041000D-06  7.82504151161662400D-03 -1.49832722611495600D-03
 9 27 -6.32671428550161300D-03  9.16723344801467600D-03  6.55905058692901600D-06  4.29095084808580700D-06 -1.35171409700397700D-03
 9 28 -3.90182841085572400D-04  1.74189693808954400D-03 -1.27482243725067500D-03  5.36288434278386600D-06 -3.42765918417826300D-06
 9 29  1.15775153099198500D-02 -4.35401500525848500D-03 -2.30949853520082600D-03  1.38767663489703400D-03  5.90946262725972800D-06
 9 30 -5.44071513886060500D-03 -4.16485226293239600D-03  1.19394726482741400D-04 -5.39963256317245600D-04 -1.13109734534664300D-05
 9 31 -5.38985888568270300D-03 -4.09741440020809000D-03 -5.38713619127002100D-04 -1.70335132502790700D-04  1.78596921826823300D-05
 9 32  1.15855557675266900D-02 -4.43652970079397800D-03  2.35278036609540000D-03 -1.27959033879090800D-03 -2.40022780751742900D-07
10  1  8.99187554203473800D-03 -1.12671490394549500D-01 -7.38462607674205000D-02  2.23557635211830100D-03 -1.38620451527274500D-01
10  2  1.10277015353158900D-05  7.13233358302183900D-03  6.22054855984718700D-02  1.16304907770057000D-05  2.14626363694481100D-02
10  3 -3.27095138098406500D-02  1.12468774403925000D-02 -5.74213194455460900D-04  5.48051125309040200D-06 -7.02532421588843700D-06
10  4 -9.00027664154985800D-03  1.12660620565352600D-01  7.38687603880252600D-02  1.21155293031137100D-01  6.73674307252833800D-02
10  5  8.98475748212882100D-06 -5.03144514752003300D-02 -3.73281563378686800D-02 -6.35780022648415100D-06  1.87317576000671200D-02
10  6 -7.47869520809641300D-03 -1.12530623919707600D-02  2.73490130549581300D-02  1.83316897672356100D-06 -1.64686350228141800D-06
10  7  2.67001430401779600D-03 -1.32632340788491900D-02 -7.44708341159841800D-02  7.67087643950755800D-03  1.10382346497714200D-02
10  8 -1.68118744509230900D-05  3.26911761148925400D-02 -1.48876930955622900D-02 -4.99954282384903700D-06 -4.58028355230149500D-03
10  9  4.12549513069357000D-03  4.54788421607960900D-04  8.32863055000886300D-03 -7.65536181623859000D-06 -3.82707651552458400D-06
10 10 -4.34831178036696300D-04 -2.73233176645252400D-03  3.38233381080809600D-02 -1.13789257224431200D-02 -1.67179537870745000D-02
10 11 -1.05246738134497000D-05  3.71138395379057300D-03  8.17091333309057600D-03 -2.37516612805791500D-05 -4.91619358245660000D-03
10 12  4.41605777632572900D-03  5.00135806130821500D-04 -4.80896830448780600D-04 -7.48897008625968100D-06 -1.89137880802140500D-06
10 13  4.19380522493227900D-04  2.69746324878089100D-03 -3.38699199738874800D-02  8.80609037765592300D-03  1.82480325121263300D-02
10 14  1.12761728713505900D-05 -5.15251620642536700D-03 -7.28737612624378400D-03  4.83020093988353300D-06 -2.44563856916828300D-03
10 15  2.93659349019347600D-03 -4.90954921025148200D-04 -4.45314333722142100D-03 -3.85400789505077400D-06  1.83353336983370800D-06
10 16 -2.69036152534225800D-03  1.32557481851907700D-02  7.44262844665041100D-02 -5.70398886433447800D-03 -1.21801122000365800D-02
10 17  1.63337739809527300D-05  2.91770473589398200D-02 -2.08845757557053300D-02  2.05959544480329200D-05  4.29568537999651600D-03
10 18 -3.85208597401137400D-03 -4.43599405985091100D-04 -8.50776066951168000D-03  5.91692993059773100D-06  2.52834249962354300D-06
10 19  7.44293647209970400D-03 -3.07749044126856900D-01 -3.26006587155446100D-01 -2.30898839199235200D-02  3.22352583726431800D-03
10 20  8.15012240927100700D-02  1.48751155729774100D-05  1.93133256679074800D-03  2.65694987111908800D-02  1.00650745403768700D-05
10 21 -8.93198430835308600D-04  1.48632003660737400D-03  5.59440053472766500D-06  5.64555482350522800D-03 -1.14677677832079300D-02
10 22  5.82221295970266800D-03 -1.69723267945487600D-04  3.93470049488536600D-06 -6.56313379469633400D-07 -1.42924421003390200D-03
10 23  4.68337424671893700D-03 -3.25413003668509700D-03 -2.00542852142146500D-04  1.42935308052718600D-06 -5.83436832484386300D-06
10 24 -7.44301932510800300D-03  3.07734057425160600D-01  3.26004350927775700D-01  2.31178294126024600D-02 -6.89747126346240400D-02
10 25 -4.35363854307949700D-02  2.79948643501676000D-05 -2.20408477647827300D-02 -1.49732415001357600D-02  1.26612090314299100D-05
10 26 -1.75115129596434600D-03  3.70242264980380600D-05  6.69469193423043900D-06  7.07116498672967700D-03 -1.24861885284949800D-03
10 27 -5.82254613388025700D-03  8.64563262541381800D-03  5.48646506755568600D-06  3.92110143976183500D-06 -3.29414822823577500D-03
10 28  5.03033356036373500D-05  3.24384489263217500D-03 -2.96015434961395800D-03 -1.39002651892811300D-05 -9.00623301903651000D-06
10 29 -7.68526732945332500D-03 -1.30132204223163000D-02 -1.35644618453341500D-03  5.84559315262937500D-04  2.53543084692981400D-06
10 30  1.37206470364191100D-02  8.83573251930476800D-03 -2.75554751808097000D-04 -2.60710186572260500D-04  3.94719164941688100D-06
10 31 -1.37178213128020000D-02 -8.77202271416661400D-03  1.04899966747924900D-04  3.72978248550481800D-04 -1.25527503802548800D-06
10 32  7.70890200720270900D-03  1.29995881474668200D-02 -1.16485596914655800D-03  8.83891383971598600D-04 -6.85038562812980300D-06
11  1  1.53181121849923000D-03 -4.45299256118051000D-02 -3.78916640141540000D-02  3.28680349222911500D-02  5.06901210824428800D-02
11  2 -5.99564208278946700D-06  8.01515679830928700D-03 -1.01851865835145400D-02  1.63801618322120700D-05 -4.44832396987046500D-03
11  3  3.49769947619482500D-05  4.41334697510853500D-03 -5.75929507518008600D-03  1.37181462208367800D-06 -2.93230270924356700D-06
11  4  1.53088375496151200D-03 -4.45457613320739800D-02 -3.79275052561595700D-02  2.74631570007857400D-02  5.38372540016146000D-02
11  5  2.08079364781825100D-05 -1.28757070770016900D-02  1.88953640207953400D-03  3.99933753106017700D-06  3.23468139682402800D-03
11  6 -7.65041730977353900D-03  4.41573591294956200D-03 -6.25061341958764000D-04  2.47333957138859600D-06  2.17885868898017100D-06
11  7  1.18271540845821700D-02 -1.86427005054914100D-01 -1.18236070350027700D-01  7.28084063959327000D-02  2.83333438388135400D-02
11  8 -4.34763810970267000D-06  2.36460957479911800D-02  9.47818732022394900D-03 -7.58733533909627400D-06 -1.03683064385219500D-02
11  9  2.69479196042752000D-03  7.67351447809441200D-03 -6.78954077504485200D-03  1.61261260872862900D-06  4.21148391528816000D-06
11 10  1.53655630058193400D-02 -2.40976623521594800D-01 -1.35089594023206300D-01 -3.13609327547373100D-03 -8.22020702533527900D-02
11 11 -9.46717549906161900D-06  6.36204890758227400D-03 -2.56170174656586600D-02 -1.36249275367641500D-07 -1.49191311208697900D-02
11 12  2.64092315208047000D-03  1.22782079687893600D-02  3.01957156724424700D-03 -4.74014911343906900D-06  2.03451369660140600D-06
11 13  1.53678154593341600D-02 -2.41017810318718400D-01 -1.35144045402018700D-01 -6.95900456032082600D-02 -4.38351345217617400D-02
11 14 -1.01566858147032600D-06 -2.53722549200507000D-02 -7.36655314339016100D-03 -2.13550365519720300D-06 -4.00894248018489200D-03
11 15 -8.26754312319505400D-03  1.22764856033801000D-02  1.02928179735789300D-02  5.87422175913299600D-07  6.85339725158933100D-06
11 16  1.18298024953780300D-02 -1.86431123285576400D-01 -1.18210222773371400D-01 -1.18582517194535600D-02  7.72534567455539900D-02
11 17  1.95410679794033500D-06 -3.62780160836467300D-03  2.51653926175020600D-02  1.26981853443548200D-08  4.51901873702086400D-03
11 18 -1.21917886572602600D-02  7.67276992023934800D-03  3.14218584831882600D-03 -4.50248238990291100D-07  4.19625419803532300D-06
11 19 -1.39221596948227100D-03  3.69753002005733500D-02  5.31640718809874100D-02  1.29738593186513300D-02  5.43814768938763800D-03
11 20  3.32504358940146300D-04 -1.22308048441311500D-05  2.86024648104104800D-03 -3.78102651728923400D-03 -4.84328114928671200D-06
11 21 -7.03320309130244700D-04 -5.71737231405428400D-03 -1.13388109548366400D-05 -3.76299626576553500D-04  7.57555263576973300D-04
11 22 -3.81255637000456900D-04 -7.88158106046384400D-04  1.36512302260798500D-08  2.28667641665255300D-06  1.63907511498439500D-04
11 23  2.51617257921458800D-04 -4.15524769419880200D-04 -1.66540413979551900D-03  1.81659422031412800D-06  1.74431093470663400D-06
11 24 -1.39313115061801100D-03  3.69893513780843100D-02  5.31845236263083900D-02  1.30198268713157200D-02 -2.41901684698968800D-03
11 25  4.88533873431428600D-03  4.27434104902539300D-05 -4.69695182129689900D-03  5.84572467616735700D-04  2.90116956690974800D-05
11 26 -4.62939408237975100D-03 -3.45993438816729500D-03  6.71180499884237300D-06  1.06406536074025800D-03 -6.83751737279308500D-04
11 27 -3.80313623460970700D-04  1.75455541847553500D-04 -2.49142346325909400D-06 -7.86163565157279700D-07  1.48109834183509400D-03
11 28 -1.05625802074013000D-03 -4.24840321094962300D-04 -7.88009242420926400D-04 -2.39433867536455900D-06 -5.02049614404956400D-06
11 29 -6.40688973726077400D-02 -1.04009521427815400D-02  9.09880286046040600D-03 -3.48455252168748700D-03  2.33628443578727700D-06
11 30 -6.09067209932947600D-02  6.06342549215104600D-04  1.23694203632105700D-05 -1.14617999009019000D-02 -3.96109011476651300D-06
11 31 -6.09490244864885000D-02  5.77709632890581900D-04 -9.94302293989561200D-03 -5.72722732851216800D-03  6.46319486586283300D-06
11 32 -6.40567268947354100D-02 -1.04212539521421500D-02 -7.56971193134768900D-03  6.14294925229612100D-03  7.41338289911775300D-08
12  1 -1.16190362060737800D-03 -2.47891978400805600D-02 -2.16000199021586200D-02  2.27432668492256100D-03 -2.88489877875491100D-02
12  2 -6.94643712155327700D-05 -7.81403039747457000D-03  2.26688389661893600D-03 -2.10718948152282800D-05  5.30742511749314400D-04
12  3 -6.22083894467899900D-04  9.13413827186025600D-05  4.96973752266474100D-03  4.94498113493616400D-07  4.41202365259813400D-06
12  4  1.16212651464676900D-03  2.49802892503192500D-02  2.18122915694371500D-02  2.60185974929416200D-02  1.24847439020231200D-02
12  5 -5.56667016514724000D-05 -5.89962387312208300D-03  5.62155470300100000D-03 -3.81752834968996000D-05  4.07575566425645200D-03
12  6 -3.96973220436095800D-03 -1.06023459895455900D-04 -1.92743122048563500D-03 -8.39889702061163100D-06 -7.64897720198699600D-06
12  7  1.03115970811719000D-02 -1.39111848440694400D-01 -6.51838415409844000D-02  9.13166322783669400D-02  8.84230199777209900D-02
12  8  4.50715252869794100D-05  2.48847118137139500D-02  2.48105588589776700D-02  4.99633485742305600D-05 -6.56017412676026800D-03
12  9  5.72966629806577400D-04  5.98720749695369700D-03 -1.33517951086703800D-02 -5.08330102515741600D-06 -4.17036689445934500D-07
12 10  1.34783831275176800D-02 -2.29713443892442600D-01 -1.82413332394597900D-01 -1.15502515796130100D-01  7.86191285047086900D-02
12 11  4.77178935950260900D-05 -3.24459630995414900D-02  6.38466683216003500D-03  2.81690437635493100D-05  2.10550499745235100D-04
12 12 -4.85843729831467400D-03  4.64788679856938500D-03 -1.45085713978125500D-02  4.89973170194729700D-06  3.08810399100830700D-06
12 13 -1.34726629063257200D-02  2.29580250701174300D-01  1.82313042917177500D-01 -1.25917473455471700D-01  6.07116580752783900D-02
12 14 -3.41979306221917100D-05 -2.17925957191187300D-02  2.48743203443531900D-02 -1.56843037868138900D-05 -7.29442516027611000D-03
12 15  1.19395052321742500D-02 -4.64508007189823500D-03  9.79416690641578600D-03  6.09271299764551600D-06 -8.31986690371499500D-06
12 16 -1.02884921290677100D-02  1.39114068576352100D-01  6.51861032225553700D-02 -3.08544726492047400D-02 -1.23211700096163600D-01
12 17 -6.68070924461234000D-05 -9.05500877703356600D-03 -3.39814078165877600D-02 -5.22410937095209900D-05 -8.79695628433873500D-03
12 18  1.47916180729683400D-02 -5.99466178862958100D-03  3.11439137067436100D-03 -3.31257319926772600D-06  3.45654311211408600D-06
12 19  4.69153659998806400D-04  2.85720972288064500D-02  4.28894622551122500D-02  5.04294342472449800D-03  2.27892113049654100D-03
12 20  5.78527858360017200D-02 -5.18236148809605700D-05  7.73457534420063800D-04  3.19140937519614100D-02 -3.05257221297144900D-05
12 21 -2.74795069683732900D-03  1.65082677433403700D-03 -8.31688922652494300D-06  1.52130965877550600D-03 -2.87157769709459100D-03
12 22  1.35026803831904600D-03  2.87587877300770300D-05 -4.95316358599952600D-06  2.37414976215706000D-06  5.44210216011212200D-04
12 23 -1.37574650620723100D-03  8.31536290196034600D-04  6.15463011998077500D-04  8.98035825563682200D-07  7.66188090527616300D-06
12 24 -4.60121502240022400D-04 -2.86664022429060400D-02 -4.30751535729273000D-02 -5.07477799455309600D-03 -4.90616579220034900D-02
12 25 -3.09245812759131500D-02 -1.05255644389938400D-04 -2.72975476884495200D-02 -1.66386377772698300D-02 -6.57484929437739300D-05
12 26 -2.79800176897095700D-03  1.57380465067015000D-03 -5.70955293858894100D-06  1.79305653517718100D-03 -4.42278004474846400D-04
12 27 -1.35077853070247200D-03  2.17938862996142400D-03  3.64283411597975400D-06  4.25086457455420200D-06  1.36136688278788300D-03
12 28 -5.31186524383686000D-04 -8.30180358404201800D-04  6.50074969460598400D-04 -9.76847382973351700D-08 -5.73657018504794500D-06
12 29 -4.16760815184746500D-02  3.18241466859237200D-03  7.86787599458999000D-03 -2.40865818621447200D-03  4.10806743279815400D-06
12 30 -1.88100432681179200D-01 -4.72562841779949100D-02 -2.88259207427676200D-03 -1.97661102101253600D-02  5.68786578047095700D-06
12 31  1.88094510858977800D-01  4.72439831517627700D-02  1.56692217859477300D-02  1.23833132701747600D-02 -2.25014738360479300D-06
12 32  4.16601687705099200D-02 -3.15835688788723900D-03  6.02923207728481300D-03 -5.60660910877435200D-03 -5.08264115022572600D-06
13  1 -3.35636210490350200D-03  8.16425054941253300D-02  3.69080810439312100D-02 -5.45595432351266100D-02 -3.93069493003534000D-02
13  2  3.88155484489986200D-06 -4.67404064808714800D-03  3.06707581726546600D-03 -2.30406684422749900D-05  8.81016821195662900D-03
13  3 -3.13101864793482700D-03 -5.67914956402171600D-03  2.79159283327403900D-03 -2.87239301163675900D-06  6.44931043912248700D-06
13  4 -3.36194756191438700D-03  8.16839231502450600D-02  3.69777350400861200D-02 -6.74707208310428200D-03 -6.69655047383412000D-02
13  5 -6.98146332843969500D-05  5.02496443199164100D-03 -2.54740752085276800D-03 -2.84591739123107100D-05 -2.23556856466298200D-03
13  6  7.91415900813038200D-03 -5.67859044346747000D-03 -4.56804909456527000D-03 -4.39260055724403100D-06 -3.76606347679590300D-06
13  7 -8.80569161191763400D-03  1.73326012784931800D-01  1.48018473976864900D-01  7.65656875391607200D-02  7.65389730554020100D-03
13  8  7.63361136506273400D-06  9.63555620285040700D-03  2.08880981949025000D-02  5.29897957344941500D-06 -2.12486032131611000D-03
13  9  7.17052346506324900D-03 -5.04566314374718500D-03 -4.15737928693962800D-03 -2.22659717227775500D-06 -6.68510496484163000D-06
13 10  9.36669597394416800D-03 -1.65529843442774700D-01 -1.24065070928418800D-01  1.44162866426291500D-01  7.25182548581791600D-02
13 11  1.59321880413161000D-05  4.54958531355955000D-02  8.73239020369322500D-03  2.14753585348094200D-05 -4.73688398357930900D-03
13 12 -2.05993573621450700D-03  6.79681971979388000D-03  1.09291438744905700D-02  9.25055269245347300D-07 -5.67994031394594200D-06
13 13  9.38506095344196500D-03 -1.65597093501801900D-01 -1.24319190650277400D-01 -9.26525771331441200D-03  1.61071083548793500D-01
13 14 -1.90350543026024900D-06 -1.52379977374418600D-02  4.36884785680379900D-02 -8.31691091266563800D-07 -1.09236539752823300D-02
13 15  4.12341737584575100D-03  6.80023659943678700D-03  6.79481329976220100D-03  1.62967730142990100D-07 -1.55855856014337800D-06
13 16 -8.80678846881184500D-03  1.73173926700920300D-01  1.48073110464544500D-01 -3.16874643701528500D-02  7.01413131405714000D-02
13 17 -1.26699401418333100D-05  1.32901150799446600D-02  1.87488998131712300D-02 -4.59912321914300300D-06  7.95196411979758200D-03
13 18 -2.91972598995095900D-03 -5.03223812984661600D-03  2.55378774826881600D-03  4.48812748551213300D-07  3.46440270107937300D-06
13 19  2.81255246318806000D-04 -6.18871249933269200D-02 -8.29138289950407500D-02 -1.50425040880346000D-02 -1.26242970676658400D-02
13 20 -4.13518884824767000D-02  2.88913542087360300D-05 -6.05234210566426700D-03 -2.12353095819268300D-02  2.68125706689968000D-05
13 21  1.80775815497485800D-03  3.59858911473429800D-03  8.69914679174389900D-06 -6.93370493950011900D-04  1.45442408751093100D-03
13 22 -7.61053593560961400D-04  1.20525631050609000D-03 -1.59719182541485500D-06  2.42348988999076700D-07 -1.30530651411438600D-03
13 23  1.89625240590996100D-03 -5.90945891795563400D-04  2.22673002713788300D-03 -2.71966413670987500D-06 -4.43964892121168200D-06
13 24  2.82295495236707000D-04 -6.19186323347832400D-02 -8.29768653135168300D-02 -1.50697401218143600D-02 -2.95073120579436600D-02
13 25 -3.16293680229056200D-02 -1.33325463970052200D-04 -1.53790448926444900D-02 -1.58498858401061000D-02 -9.67158981514454900D-05
13 26  2.23268765634817100D-03  3.35608622770341500D-03 -1.19199705271856800D-05  1.28999022860219100D-05  7.42323188557731700D-04
13 27 -7.55223090843686900D-04  1.67553166159934400D-03  8.36610428724043000D-06  2.20074602524950800D-06 -5.70440836191915000D-04
13 28  1.15971091086815500D-03 -5.89270074676244900D-04  2.72404356907666500D-03  7.05956068684795000D-06  3.24985753791450700D-06
13 29  1.47011049949838300D-01  3.88845979119632200D-02 -1.32001649244703400D-02  8.63247367360835500D-03  8.46164445392336100D-09
13 30 -1.51442749479513700D-01 -3.63772084286952700D-02  1.86607391720946100D-03 -1.58521294596262500D-02  3.16884187061511800D-07
13 31 -1.51492581753402500D-01 -3.63874995094953300D-02 -1.46631416050633500D-02 -6.30489977573587300D-03 -8.23817137228238700D-06
13 32  1.46949361930105100D-01  3.89112709342994100D-02  1.40773501274156400D-02 -7.11359187233387300D-03 -2.46555403858056100D-06
14  1  1.27722956715946900D-03  1.28582629589352900D-01  7.41375782896081500D-02  3.42122056077377500D-02  1.84481358210037200D-01
14  2 -3.36446228610578900D-05  4.78933297840068100D-03  3.37327550594689000D-02 -3.23962679074659800D-05 -4.65374429612103500D-03
14  3  1.40500139200319800D-02 -9.39626962391093600D-03 -1.86020793282258400D-03 -1.88489787327373600D-06  6.77149497383590400D-06
14  4  1.28336530686350800D-03  1.28539155984815200D-01  7.37556249538776400D-02  1.42595710119120800D-01  1.21877935477191700D-01
14  5 -1.84879153752553100D-04  2.70397672484981200D-02  2.13042792894523600D-02 -8.05161909736940400D-05  1.07737312331233000D-02
14  6 -1.38769309203865600D-03 -9.38603814108466900D-03  8.44570708079689500D-03 -1.93857133325604000D-05 -9.77454651610477500D-06
14  7  3.63710184866401000D-03 -5.69292053520307100D-02 -6.15630739001096600D-02  1.68358694528030400D-02  7.45102013621043500D-03
14  8 -1.81038860407889500D-05  2.01765484209634300D-02 -1.23255146569127300D-02  1.26965374761178700D-05  7.99310443524157700D-04
14  9 -3.27472684191594300D-03  2.47541639839176200D-03  1.18738655997933800D-03 -1.10993216532810300D-05 -1.07763821862024800D-05
14 10  4.95652039814601200D-04  3.25774713135557100D-02  3.89028550970365100D-02 -1.03296632043336500D-01  4.75881976272348000D-02
14 11 -2.09868189510500700D-06 -3.35191405616513100D-02  2.78153388271669900D-02  3.98825768320255000D-05  2.65866946313823500D-03
14 12 -1.75841568033968300D-03 -9.00253782798592900D-04 -8.53486947084916400D-03 -3.19748871269278800D-05 -1.21093984576927800D-05
14 13  5.01930977951411800D-04  3.25046001850063300D-02  3.90389111851612100D-02  9.28891654233290600D-02 -6.56790827296675800D-02
14 14 -1.57879951416815500D-05  4.10485291723135400D-02 -1.50695238306322700D-02 -9.32231593027702600D-06  5.75454994778626500D-03
14 15 -4.85126449825649100D-03 -9.03285449529905400D-04 -6.46168542035837500D-03  9.28588984613360200D-06 -3.91962133944392500D-06
14 16  3.65366977271783800D-03 -5.69356668644888300D-02 -6.20112430808147000D-02 -1.96724554210079700D-03  1.84072884917333100D-02
14 17 -3.22546408091663800D-05 -2.09827456212539500D-02  1.12948020529638200D-02  7.03166128674012300D-07 -3.16333478015982100D-03
14 18  6.57481094933420200D-04  2.50585368522648900D-03 -1.44753119749902900D-03  3.36802000365552400D-06  4.08762689407640300D-06
14 19 -1.00762159431635200D-03 -1.46351784435787900D-01 -2.43653253149971300D-01 -4.87852092665915600D-02 -5.97938115377720300D-04
14 20 -3.45568774293823900D-01  2.64666672230837300D-05 -1.72632665627850100D-03 -1.81977625217423600D-01  3.65107588857700700D-05
14 21 -4.73319007485572500D-04 -5.64395935354867400D-03 -5.09649572064378200D-06 -8.37177279578439800D-03  1.65893247737866400D-02
14 22 -8.21755197800239400D-03 -5.61116950736787000D-04  4.27035481158440500D-06  6.25931711799618100D-06 -3.37128643014604200D-03
14 23  4.68959838655707800D-03 -1.31831195641103400D-03  2.69403794262043500D-04 -1.17004252012940000D-05 -9.12177603071504500D-06
14 24 -9.95781604294727200D-04 -1.46292997835779800D-01 -2.43714219943402400D-01 -4.88248280176507900D-02 -2.98910065501665000D-01
14 25 -1.73247628001351400D-01 -2.94263335333913200D-04 -1.56684950615332400D-01 -9.24993486109954600D-02 -1.96601155478494900D-04
14 26 -4.63223398470903300D-03 -3.24644175512188300D-03 -8.79926838062355200D-06  1.07606839155551000D-02 -2.54655904246247900D-03
14 27 -8.21412487309273500D-03  1.22048086419103100D-02  2.64920757133928800D-05  1.64841846992885700D-05  2.48759519916888000D-03
14 28 -1.15700529983444000D-03 -1.33058989933445700D-03  4.18844547878418000D-03  2.91759492109741900D-06  9.66280116716724400D-06
14 29 -2.07325391946345700D-02 -3.64386289693044400D-03  2.50687779734280000D-03 -1.61321412466825700D-03 -1.68785058073914000D-06
14 30 -2.49028334183857500D-02 -1.51484754363868200D-02 -2.27067054599227300D-03 -9.02314249927213700D-04 -6.09685735990475300D-06
14 31 -2.49632555919684300D-02 -1.50800509387829500D-02  3.35676263543059200D-04 -2.40801781558841600D-03 -9.60382878047121400D-07
14 32 -2.06654836131480200D-02 -3.64070952753635200D-03 -2.61132621285276800D-03  1.39334009349543100D-03  1.00839521949517400D-05
15  1  5.88565077699339700D-04  1.47356381960672200D-01  1.52536600106968900D-01 -7.00786748840605500D-04  1.67541021101079100D-01
15  2 -1.38399671491362300D-04  7.34663051335541400D-03 -3.58181957496536300D-03 -8.96026001288729300D-05 -1.77242120263554700D-02
15  3  2.66203669925958100D-02 -8.89615496624031300D-03  4.91213236520031500D-04 -3.27851672810211000D-07 -1.74074951597746900D-05
15  4 -5.29286316402814100D-04 -1.50111098893066200D-01 -1.48629751542123400D-01 -1.34588999923383200D-01 -7.76230944904983500D-02
15  5 -4.11278837768312000D-06  1.12379914998213900D-02 -5.44871717287214800D-03  9.20755250629487900D-06 -1.53503927338010800D-02
15  6  6.25133656136880800D-03  9.09905617243226400D-03 -2.33440882985652700D-02 -5.54386528782644700D-07  3.05273620186368200D-06
15  7 -2.84718812442578000D-03  5.26646364789611200D-02  9.13704222523148300D-02  4.48853680064818600D-02 -3.38407716273068900D-02
15  8  5.04224551639553100D-06 -5.06851855124637500D-03  4.78494935401087000D-03 -8.51923653901365100D-06  6.34584542492192700D-03
15  9 -6.31949814084365600D-03 -2.63472840783905200D-05 -1.14238831471938100D-02  1.34771233221041000D-05  1.58661398797771200D-05
15 10  2.58883723407995600D-03 -5.48151125683876600D-02 -8.15529701061349900D-02  1.60176624952708400D-02  5.09669642911601600D-02
15 11  5.08327112342119100D-07  6.60604590020369100D-03  1.08960470884578300D-03  2.01943862864493400D-05  1.10695630390524000D-02
15 12 -1.09132679389213800D-02 -1.56295100131157000D-04  5.60601012860261000D-04  1.27815609507626400D-05  1.02207438756944100D-05
15 13 -3.08660287861551500D-03  5.25684321928989200D-02  7.74393743996061300D-02 -8.54120974088606900D-02 -5.89813424959292100D-02
15 14 -2.84142875025039400D-05 -1.54660657389297400D-02 -1.63010419607089000D-02  2.09740461629339000D-05  4.62678864537139100D-03
15 15 -5.25689960971845800D-03  6.30110964346967400D-04  1.10477770448835300D-02 -4.95882361484708500D-06 -1.62067214841497600D-05
15 16  2.11508502123130800D-03 -4.52159076506136300D-02 -8.00401752266548700D-02  2.06170936408494700D-02 -3.64126255848999600D-04
15 17 -4.09499412479847000D-05 -1.84893561707838000D-02  3.64683839418581800D-03 -2.38092720713671000D-05 -5.23640824554898600D-03
15 18  5.05171528687044200D-03  1.84692958678670600D-04  1.33545746340895600D-02 -4.53852428017782100D-06 -7.73392321751657300D-07
15 19 -2.15002680454100300D-03 -1.34665785654074900D-01 -2.28992210318711200D-01 -4.57974206933861300D-02  4.06731454186451600D-04
15 20 -3.45781601674587400D-01 -2.11129450627897600D-04  9.94455487622615700D-04 -1.78692566183586000D-01 -1.42583889148655200D-04
15 21 -8.88832327210173600D-04 -5.83915265530343800D-03 -9.44125827211253800D-06 -8.69359153009241300D-03  1.65144315856208500D-02
15 22 -7.82084005552845800D-03  1.43791120025224700D-04 -2.30089257157956500D-06  1.00861620602253900D-05 -3.66999999441755300D-04
15 23  1.95919704413778400D-03 -1.59219704469614800D-03  3.51516835346509900D-05 -1.76993696103744800D-06 -1.36238459982853900D-05
15 24  2.28658271929031900D-03  1.31287457688680700D-01  2.20114115829852100D-01  4.52807425455100500D-02  2.91589452574860900D-01
15 25  1.67197907910166600D-01  4.51017548251732000D-05  1.51131296635744300D-01  8.66170135336684600D-02  3.03388135203356900D-05
15 26  3.90124179773085600D-03  3.05445093841634600D-03  1.15591064798211700D-05 -9.79638393784807200D-03  2.19771228897592600D-03
15 27  7.59867164887215700D-03 -1.22767444383057600D-02 -3.81653627480904200D-06  3.37640624883610900D-06 -1.09228131974756500D-03
15 28 -5.50811702906646200D-05  1.14736249003822400D-03 -1.18275679667894000D-03  2.38065943450299600D-07 -9.18480581163770100D-06
15 29  8.05335773987717100D-02  2.90910539310834800D-02 -4.54019716264593400D-03  2.52763820295932900D-03  1.00131502977691200D-05
15 30 -8.07430789325392100D-02 -3.16835163517865000D-02  1.46215411186295500D-04 -5.49582568463894000D-03 -5.62630584369174800D-06
15 31  1.20557422139725000D-01  4.23483991648302100D-02  7.34742845382318700D-03  4.52165270584183800D-03 -1.37153077003695300D-05
15 32 -4.85289075194393900D-02 -2.24923387468497700D-02 -1.77215564748832300D-03  1.55772171508664100D-03  2.62523387128953000D-08
16  1  2.34393673157599800D-04 -2.84621487336356500D-02  5.16119620383660500D-03 -2.93808046137531700D-03  4.52920916160904100D-02
16  2  3.97068181634656300D-05 -1.53650716439670000D-02  1.80945364846426600D-02  1.53755030074377500D-05  4.98781550822045600D-03
16  3 -6.83975085769890500D-03  1.85193534947852000D-03 -1.96643511765218300D-03  4.90368276786540300D-06 -1.64763902919014900D-05
16  4  3.58580528281731400D-04  1.12463694405713200D-03  3.50497252878327100D-02  6.85138209868248600D-02  3.60928989340050000D-02
16  5  1.33952878249104200D-04  2.15480303819975600D-02 -3.35581243327303700D-03  6.18617534824751700D-05  6.05729802394767200D-04
16  6 -6.74106889165735200D-04  6.83770867709926100D-05 -2.34876892232961500D-03  4.07272214415855300D-06  2.18955397131725500D-06
16  7 -3.40259327542597700D-03  3.24727255289246300D-02  4.81551952728020700D-02  1.69354216445376200D-01 -7.85743519087459300D-02
16  8  1.72552842641037200D-05  3.77942091777949600D-02 -4.79204223133894600D-02  1.00921049754682000D-05 -6.66687948580345400D-03
16  9  5.78355123808743300D-03  8.83328247716123700D-04  3.07917182363848800D-03 -2.73201621211460600D-06 -4.40834768156297300D-06
16 10 -2.87804653797102700D-03 -6.02323403003785000D-03 -1.21865823189351300D-02  3.70808288401956400D-02 -2.71470412840836600D-01
16 11 -7.47741987538126600D-06  4.04133762540429800D-04 -1.04339629530987200D-01 -2.14202750329490200D-05 -1.16791797019620100D-03
16 12 -1.32022833552848600D-03  2.48814630572463500D-03  5.64255074234461500D-03 -8.98318076582251900D-06  1.02522199268028000D-06
16 13 -2.31519582420414100D-03 -1.67470585161315400D-02 -2.80627628882193400D-02 -2.41498066794778600D-01 -9.38260651798599600D-02
16 14  7.37697305165499500D-06 -8.92542093723226500D-02 -4.95908071581749100D-02 -1.47250266590834400D-06 -6.56838766143140400D-03
16 15  4.16243809268819700D-03  2.40594956874321600D-03  5.58305148658613500D-04 -1.91719397567336900D-06 -2.92667305082078600D-07
16 16 -3.91207723239850500D-03  4.22719606116072200D-02  6.53930288499516600D-02 -1.59987664379276800D-01  1.09632126566280800D-01
16 17  2.21358382080744800D-05 -5.78830256176420300D-02  8.22119835601504800D-03  2.08417940966300400D-05  1.43031643349283700D-03
16 18 -2.27918111270877300D-03  8.48864679216015700D-04  5.23040747079368200D-03  2.80203550367036700D-06 -4.44437637748620600D-06
16 19  9.97598516998145200D-04 -3.71642448810714000D-03 -2.30795701214070800D-02  1.50938470834077000D-03 -3.20538051699022200D-03
16 20 -1.48478633911044600D-02  7.30961916416675300D-06  1.88718571286464600D-03 -4.63412556400121700D-03  2.58858806672528900D-05
16 21 -7.57532835510551300D-04 -4.19639306360684300D-03 -7.76321402327109100D-06 -5.36997008453034800D-04  8.26103527761661300D-04
16 22 -2.89106519308665900D-04 -1.46220067208307000D-05  3.82059137462047300D-06 -3.95859419301635900D-06  1.12450844276215600D-03
16 23  1.04276654446458400D-03 -2.16727498722679500D-03 -6.51040796563982000D-05  1.54991441301711800D-06 -1.01118281286931000D-05
16 24  5.60546544656586100D-04 -3.01281537819219600D-02 -6.76805166288219800D-02 -7.49358816483727900D-03 -7.00205026059599900D-02
16 25 -4.39727561853412100D-02  2.19184471054613200D-04 -3.54039195641289100D-02 -1.81075843679803700D-02  1.55316137279657400D-04
16 26 -4.12513879409310800D-03 -3.40414139543154100D-03  8.77841188294283900D-06  2.47735638164935600D-03 -6.50426129112969300D-04
16 27 -1.82693025253641300D-03  3.16314515466394700D-03 -7.71388038737940100D-06 -2.81716891234315600D-06  1.35057815070991600D-03
16 28  1.08209489736216900D-03 -2.43267304807207700D-03  1.57789982830920500D-04 -2.22500761831374700D-05 -9.52868489744556400D-06
16 29  1.54381874018251800D-01  3.09653029252795400D-02 -1.12243936572102100D-02  8.86153409211815900D-03 -6.87672732376070700D-06
16 30  2.10173087775952300D-01  5.70766845993407700D-02  1.97776517221276400D-03  1.65855537021945900D-02 -3.88040610789610400D-06
16 31  1.90073713673426900D-01  4.97022179180793600D-02  1.21545139332902200D-02  9.30351505625111100D-03  6.66784059672280100D-06
16 32  1.67316809151602400D-01  3.60988584460865800D-02  1.39042599226778900D-02 -5.71467079053612200D-03 -3.20867044286058900D-06
17  1 -3.06903902914523400D-04  1.85817894615076100D-02  7.51017527335051900D-02 -7.69040360018531000D-03 -5.06731280760898300D-02
17  2  8.72518472163049500D-04  5.98627049366085700D-02 -4.64631350592065900D-02  4.35852104142322100D-04 -9.30093153242387100D-03
17  3  8.62531873965136800D-03  6.75612792772568300D-04  1.03896552488871200D-02  1.86662471685789500D-05  5.25168539803374500D-05
17  4  3.07780934080266700D-04 -1.85818254107799800D-02 -7.50406399062853700D-02  4.01164250382390200D-02  3.20584877988778200D-02
17  5  7.21854550990550500D-04  7.02105348472706200D-02 -2.85960089056433800D-02  3.42906224718646400D-04  3.67370523932400000D-03
17  6 -2.99297026065506200D-03 -6.80734978668893900D-04 -1.41550966836603600D-02  1.24702856653051100D-05  3.78158405917168300D-05
17  7 -3.30728395438083800D-03  3.26559319629191500D-02  2.77804092837057900D-02  3.01939949307550000D-01 -7.87574679752049300D-02
17  8  2.26662598051835500D-04  8.90225809982014600D-02 -4.15136638936772800D-02  1.06574942986423900D-04  1.39726755585230700D-04
17  9 -4.45492831158672300D-04  3.05766075573321800D-04 -1.16905158870498400D-02 -8.20860316131375500D-06  3.35134955389241300D-05
17 10  1.62263658843791700D-03 -6.41880461833143200D-02 -8.46028110087611600D-02 -9.79064725011620400D-02 -1.30566332011361400D-01
17 11  1.08026942155539200D-04 -2.12748479203530800D-02 -6.62617826304875300D-02  2.46802967870820200D-05 -2.03392265157511500D-03
17 12  1.82078711682058700D-03  2.13135534754586200D-04 -1.70104233760314500D-02  8.47470265920731900D-06  9.89901829712015400D-06
17 13 -1.62706958210888200D-03  6.41993362324069100D-02  8.45802347518735300D-02  6.40540856976404300D-02  1.50076082356309000D-01
17 14  1.66424140628052000D-04  4.67230576780591300D-02  5.15240497246218000D-02  8.45135565733330300D-05 -1.36106795209002800D-02
17 15  1.38203438126484300D-02 -2.09664291748153500D-04  6.55684305302230700D-03  4.44986789472623000D-06  1.70749125273598700D-05
17 16  3.29395469216875000D-03 -3.26682556186469500D-02 -2.77466755677454600D-02  2.19164109447496400D-01 -2.22090394196819300D-01
17 17  3.40097032631816200D-04  8.04445371073170700D-02 -5.63582281748775400D-02  1.81756983134939500D-04 -8.47785400857359000D-03
17 18  8.78436413048171500D-03 -3.06510121908051500D-04  6.12508927450151500D-03  4.40240131902942500D-05  1.29456951435516400D-05
17 19 -5.33409593035739500D-04  1.90629405779422900D-02  3.69703001628741100D-02  1.74239096614235600D-02  8.53682985357066500D-03
17 20  3.47209645582057000D-02  1.08715385693284300D-03 -7.24766448849776900D-03  1.97831858235653100D-02  6.99069072638162300D-04
17 21 -1.27437390229953300D-03 -3.91423463434597200D-03  3.58412068966679300D-05  7.12144165670889300D-04 -1.66814413300181200D-03
17 22  9.55999967330969500D-04  5.20445671187082100D-05 -2.30516882635512900D-06 -5.94374149708423900D-05  1.08402070581113600D-03
17 23 -2.70423232865584600D-03  1.62021162284480500D-03  3.01805609705346500D-03 -1.15702396383337700D-06 -4.45961619647497200D-05
17 24  5.41158284871038700D-04 -1.90715516717822200D-02 -3.70740717921224100D-02 -1.74527664898055300D-02 -2.58610292119015500D-02
17 25 -2.47890506907520300D-02  8.40963287219263700D-04 -2.07808794478003500D-02 -3.60916357154198200D-03  5.40473090092437900D-04
17 26  2.75941961410606500D-03  3.07565644730910200D-03  1.77310198480877400D-05  1.11207836128405300D-03 -1.56443556300232900D-04
17 27 -9.55634804983936100D-04  1.15551847364723500D-03 -4.10344187478319600D-05 -2.30655699368748800D-05  4.02501900661895800D-03
17 28 -2.40169815717497600D-03 -1.62332084944396700D-03  3.68643192485877100D-04 -3.70233131981366900D-05 -2.64455310047543600D-05
17 29  2.69708020231513000D-01  8.62867948535381200D-02 -1.62561391344513400D-02  1.23271572307492000D-02  1.01991676743289500D-05
17 30  7.78662734356162400D-02  3.00410186644131000D-02 -4.19842138646327200D-03  4.14269091411542900D-03 -9.21853068880043200D-07
17 31 -7.78169078799382700D-02 -3.00479386339256600D-02 -5.68873841596106900D-03  1.57421737751796900D-03  1.53759033993293900D-06
17 32 -2.69704427667034800D-01 -8.62545043867948100D-02 -1.88135737672871500D-02  7.90561537679050300D-03  7.77271668547004200D-06
18  1 -2.21927026293181400D-05  1.73566850782451000D-04  3.86411249980754500D-04 -3.35381494120907900D-04 -6.83583324267551900D-04
18  2 -2.55945787964407600D-01  1.98755548522585100D-04 -2.41361694532343100D-04 -1.22056616399611400D-01  3.19132421244352300D-05
18  3 -4.19420629933920900D-05  1.00288208689569100D-05  2.32579642622533100D-05 -6.87719892409523300D-03 -1.12393540985785400D-02
18  4 -8.04607671942247700D-06 -2.76424731621219400D-05 -3.82873186487784000D-07 -8.59593359965062600D-05 -1.95572657120842400D-04
18  5 -2.55909214629657000D-01  2.22452306402726700D-04 -3.90994397300165200D-04 -1.22045161409076200D-01  1.77807254875318700D-05
18  6 -1.52848439254257500D-05 -2.49588156210599400D-06 -1.04540000685870300D-04 -6.27814888732590200D-03 -1.15636939052033100D-02
18  7  1.75146723443359000D-06 -7.67851090174255700D-05 -2.22659626668884900D-04  1.68932461610907800D-03  1.36136356877727200D-04
18  8 -9.60394605127247300D-02  5.69438534176953100D-04 -1.97434011836279200D-04 -5.05979305367438200D-02 -1.30788243662873100D-05
18  9  4.16787466648239600D-06  8.91094969980424200D-06 -9.22808668556306800D-05  3.71957127448341100D-03 -1.15700935468869500D-02
18 10  7.81854560232664600D-06 -1.08823342899767800D-04 -6.32335637159932900D-05 -1.42589714966491000D-03 -5.29461351291056600D-04
18 11 -5.15672864923879100D-02 -5.47230834244814700D-04 -1.54758947218133400D-04 -2.19538191163446800D-02 -4.30190286084388800D-07
18 12  8.34655559709794000D-06 -7.91636531101386600D-06 -1.16393399362498500D-04 -3.42336355836832500D-03 -4.64861749351446300D-03
18 13  9.00051006112338000D-06  1.18715802276353900D-04  8.13956723428301600D-05  8.52592520764570200D-04 -4.31692795241619400D-04
18 14 -5.15693304978836100D-02  3.29128633212102700D-04 -1.49380000116352700D-04 -2.19726716557137500D-02 -2.12001634870042800D-05
18 15  2.10970083149715500D-05  1.03155172032237700D-07 -3.89025100336390200D-05 -2.31865422667968600D-03 -5.28766454484713500D-03
18 16  3.29794574606687500D-07 -6.06662728389867700D-05  9.46040707118505400D-05  7.45921048234734300D-04  2.91333910701203900D-04
18 17 -9.60522156161137800D-02  3.17131726128373800D-04  1.64030892507496800D-04 -5.05977665094315200D-02  3.79090701039713100D-05
18 18 -2.36122693688483200D-05 -1.42968007351233100D-05  3.78435206099084600D-08 -1.18937511036494300D-02 -2.57252582004094200D-03
18 19 -1.29296662919335900D-06  1.04852203595237400D-04  2.63258423079581900D-04  1.34701385247883800D-04 -6.80141458451340100D-05
18 20  6.19076518403136500D-04 -3.06059902721496600D-01 -6.90059326460468300D-05  3.18764657076479600D-04 -1.98557102841310100D-01
18 21  1.49400526910735600D-05 -1.87399172334046400D-05 -9.62840199972441800D-03  1.23931686877223100D-05 -2.87266549117537500D-05
18 22  1.63334862240314400D-05  5.11499160306123800D-06 -3.92273923701090100D-05  1.61884613668363000D-02  7.28669511905597100D-06
18 23  8.51754495390161500D-06 -1.58042400729568800D-05  1.90361883033131600D-05  2.38409512384358100D-04  1.60991128683172300D-02
18 24  1.04794158256740800D-06 -2.83575129813583000D-06  3.15099993759046600D-05 -1.83274111831289400D-05  2.73603726321754200D-04
18 25  6.14896625963337800D-05 -3.05991321088585800D-01  1.13367908006978800D-04  1.18186856315224200D-04 -1.98522663004996500D-01
18 26  1.48602848761250000D-05  2.79836794920547100D-05 -9.62162220760013300D-03 -7.96854992527429300D-06  3.43013336373888500D-06
18 27  4.53841656153533500D-06 -1.91625567132366700D-06  1.40453457576875200D-02  8.06502489082432500D-03  1.62491983055256500D-05
18 28 -2.17737986825631100D-05  5.52460037703749600D-06 -1.42421979623315200D-05  1.38347568818048800D-02  8.25232800983289300D-03
18 29  1.17110790630273300D-03  4.01981147654493900D-04 -5.53211662234784200D-05  6.87886926570605300D-05 -3.41956414937313600D-03
18 30  3.89954495660399300D-04  1.10361119270715700D-04 -3.86920691039893400D-05  2.02516060188161500D-05 -1.53882079503953200D-03
18 31 -3.92115183795828200D-04 -1.62810710570466900D-04 -9.18208625716244300D-06 -1.13621957358613400D-05 -1.53489229152543100D-03
18 32 -4.00570692314575800D-04 -6.93414801903449100D-05 -2.69359031925550000D-05  2.33877308514189800D-05 -3.42799038732252300D-03
19  1 -2.14187247201393100D-03  1.80455166940033500D-02  2.76088866330195100D-02 -8.40201376972693800D-02 -8.29311449844388800D-02
19  2  9.35984865608631200D-04 -2.82783735042429400D-02 -1.64970970616440000D-02  4.58992259288608300D-04  1.18764266983996300D-02
19  3 -1.30576691938108100D-02  1.18124249541113200D-03 -3.67027734640106600D-03  1.28389843872022600D-05  5.04045353311059900D-05
19  4 -2.14490201437823300D-03  1.80512593039792100D-02  2.76081441425058700D-02 -2.98052847993552700D-02 -1.14272072210842400D-01
19  5  7.43210442764540000D-04 -3.78995508791913000D-05 -3.31261873451595100D-02  3.38948114193243200D-04 -4.09661686737329600D-03
19  6  2.90528675028090600D-03  1.19133011709240700D-03 -1.43029524562982100D-02 -5.79456885516470200D-06  2.72707367875100000D-05
19  7 -9.72203686780443300D-04 -2.04661464598607800D-02 -4.96663519798595200D-03  2.29769825037142000D-01  1.30431915321131100D-01
19  8  3.18979904527371300D-04  8.41447897577142500D-02  3.72965464849629200D-02  1.86904753674499800D-04  1.48911800607236500D-04
19  9  1.27164674007028300D-03 -1.42055854067763200D-03 -1.87722439263842700D-02 -2.39164815385808500D-05  3.57584640934903400D-05
19 10  1.34750824643164800D-03  4.82118191315690700D-03  1.92377185204690500D-02 -3.48313365057016500D-01  5.34014429303463500D-02
19 11  2.04836494252276500D-04 -1.27748841971967500D-01  3.04197999440684100D-02  6.59502069277799400D-05  7.88541881110602400D-03
19 12 -5.94083894996442600D-03 -1.94457986114173100D-03 -1.95636882529765200D-02  1.75115657158215600D-05  9.71252537746933900D-06
19 13  1.33650642346646500D-03  4.80863456051401100D-03  1.92364811249605500D-02  2.20450135322045400D-01 -2.74932725738285300D-01
19 14  1.90226022137534200D-04  9.00755842532325900D-02 -9.53496128398527200D-02  8.75952901196750100D-05  1.22051974472625100D-02
19 15 -1.02570714658091200D-02 -1.94812598145362400D-03 -1.67154539024717300D-02  7.78554740980006300D-06  2.33040630237272400D-05
19 16 -9.78163073424028600D-04 -2.05024969015567800D-02 -4.72085972083963900D-03 -1.94667129287760600D-03  2.64154685214734700D-01
19 17  3.44242005622439900D-04 -9.64691882813920600D-03  9.16647825375830200D-02  1.71768900893675000D-04  1.50612426164364400D-02
19 18 -1.36278906324673300D-02 -1.43335198396923400D-03 -8.82282112564473400D-03  4.09833835817315000D-05  8.14723728269206700D-06
19 19  3.05609857974486800D-04  6.84333077987286200D-03  2.13661726359019400D-02  7.83043486073088000D-03 -2.79148941185744800D-02
19 20  8.85447972254251900D-02  1.19402818087733700D-03 -9.17981125001308800D-03  4.75703353043876800D-02  7.80718688902200900D-04
19 21  4.21215235901474400D-03  3.92897094314256800D-03  3.81070799528387600D-05  2.18482792823107300D-03 -4.25974703501466000D-03
19 22  2.07491910678349300D-03  2.15406235714569800D-03 -5.89763013593121700D-06 -6.43710942118161200D-05  2.73153531935531600D-04
19 23  1.20672932908403300D-03 -1.47988286101945900D-03  9.58670645712462800D-04  2.78813940318027300D-06 -6.21372282354250700D-05
19 24  3.04387913428949000D-04  6.83966288205119100D-03  2.14070406043106400D-02  7.90834310053709900D-03  9.06707468329721300D-02
19 25  2.00724976607924000D-02  8.14602305374542700D-04  4.57696027932708400D-02  1.58792654768910900D-02  5.18987173796019200D-04
19 26  1.25311579130823700D-03  5.66145780057918400D-03  2.25058249195517400D-05 -4.26208233061574700D-03  2.17187167533149500D-03
19 27  2.09021065528430500D-03 -2.14334506236200500D-03 -5.08164201941076700D-05 -2.94744989560983600D-05  2.68345438591511700D-04
19 28  1.22212426812871800D-03 -1.49046970672022900D-03  9.42464397891832400D-04 -5.41751668444743200D-05 -2.86884339984306000D-05
19 29  1.16854678088752100D-01  5.55236243127917200D-02 -2.42433094088064900D-03  6.77033214140359200D-03  1.41628466544092400D-05
19 30 -4.46337261685000400D-02 -2.50074471752317500D-02 -7.94670080644635500D-03 -2.11334292249269900D-03  1.77976307718171100D-05
19 31 -4.46311638591164700D-02 -2.50530404703958400D-02  2.15239187752278500D-03 -7.94034930391423300D-03 -9.99076594195759600D-07
19 32  1.16802086776939900D-01  5.55041061079127200D-02  7.05897730628767500D-03  1.25936338542001800D-03  1.47949189320099600D-05
20  1 -3.28057891426122900D-07  2.24528594983418100D-04  2.23428471129795500D-04 -5.59314436043729800D-04 -3.71196204862264100D-04
20  2 -1.99617809989866300D-01  9.39340617271508700D-05 -1.54681116493807800D-04 -9.43965430297729200D-02  3.85797541997191800D-05
20  3 -5.40809462341791300D-05  1.55011920344598300D-05  4.15335210524711200D-05  1.00515021628683500D-02 -3.02600255359624700D-02
20  4  1.71242441530376800D-05 -3.18883838606820300D-04 -5.01536618272242600D-04  3.91796883819325900D-04  6.80389600857334700D-04
20  5  1.99671116170573700D-01  2.60286693103770300D-04  1.21512022047563000D-04  9.43921779768106100D-02  5.74160115270936800D-05
20  6 -5.03918069001994700D-05 -7.02420462689446700D-06  4.92078438902987100D-05  3.12216748965340000D-02  6.43453934408399800D-03
20  7 -2.75153171961763000D-06 -7.72490287262424900D-05  4.11474259088976400D-07  4.59259345996792100D-05 -7.03585232936013600D-04
20  8  6.96280852836004000D-02  2.42030244547409300D-06 -2.98380834088868300D-04  4.26694937333131400D-02  7.07646420778293200D-05
20  9 -8.39763991953608500D-05  1.32117571175312600D-05 -6.39912827992441500D-06 -1.69675308741349500D-03  1.00057145089747100D-02
20 10  3.15963972114342800D-06  6.21567696770723800D-05  5.96449921948526300D-05 -1.55136109027581400D-06  4.65062914337871200D-04
20 11  2.28309384125830900D-02 -4.68311738911524400D-05  2.24631652192005900D-04  6.13548277899929600D-03  5.79297638705905700D-05
20 12 -5.28900135778958500D-05 -5.03975029269459400D-06 -3.27089055798617100D-05  4.78968838288977200D-03  1.11878156045625400D-03
20 13  4.80170421604479100D-07 -1.59223047936181300D-06  4.49228843336515200D-05  2.36650984226409100D-04 -3.50800797279889900D-04
20 14 -2.28064005389379500D-02  1.67764581398169500D-05 -5.65741797531830100D-05 -6.15056875469173900D-03  1.74652271174805500D-05
20 15 -2.61202770100990700D-05  8.65504989261826100D-06  2.56118599183252000D-05  1.43629631625856600D-03 -4.72081954651193700D-03
20 16 -2.06444102234550600D-05  6.98050064629956000D-05  2.07727629459706200D-04  5.04418832795355400D-04  4.83540163846242400D-04
20 17 -6.96129331082611400D-02  2.62625648797615400D-04  3.21258023534412500D-04 -4.26182464999117700D-02  3.28840054619708700D-05
20 18 -1.79707147981554900D-05 -1.49132906638157500D-05  2.86446180271046100D-05 -9.49298544856534000D-03 -3.54529126106187700D-03
20 19 -4.85374023795567100D-06 -2.91789292937994400D-05  5.74408425903222500D-05  4.40380697778882200D-05 -2.09203006517713500D-04
20 20  2.85155882687047400D-04 -3.83209050428938000D-01 -1.70820073636953200D-04  1.49410238375297300D-04 -2.61678537412831100D-01
20 21  1.97643087598830000D-05  1.69392477996931400D-05 -2.66086892784228100D-02  1.06775938903496900D-05 -1.43175070513474000D-05
20 22  3.63991316099746400D-06  2.14916028045040000D-05  3.75171535250113500D-04  1.63718329557908100D-02  7.76000276516461800D-06
20 23  5.14001458446266500D-06 -1.29000173496273400D-05  3.13802730049354000D-05  1.15716068177241900D-03  1.73740781025306300D-02
20 24  4.03569743670299100D-07 -1.21871944629628500D-05 -1.27685457337102000D-04 -1.24940364384530900D-04 -5.49581269193381000D-04
20 25 -1.06893214584690700D-04  3.83241889086218400D-01 -2.89787394750729600D-04 -2.86887938104722400D-05  2.61712184195071400D-01
20 26 -3.75779715286109600D-06 -1.10020195503554300D-05  2.66203051768430700D-02  2.44177931025517300D-05 -1.42006872112790100D-05
20 27 -1.02171058912727200D-05  1.23238633310895800D-05 -1.39989034213447700D-02 -8.51787020473202200D-03  2.96947942219552100D-06
20 28 -2.03921640319502300D-05  1.74226846097547500D-05 -9.21398471348247000D-06 -1.44731929802477100D-02 -9.70035617167998000D-03
20 29  3.36451898806767700D-04  1.35359536554527600D-04 -2.96113429971730700D-05 -1.18268901756240200D-05  2.69145098736590800D-03
20 30 -4.27123530678092800D-04 -2.10459176422023700D-04 -7.16425432628367500D-06 -2.13212238741709300D-05  7.80303320940312800D-04
20 31  8.56990094688974100D-05  5.76245152903673300D-05  2.07237306657003400D-05 -1.01704775842166400D-05 -7.69009137176137800D-04
20 32 -1.45927759885122900D-04 -6.99921293652094900D-05 -4.25769425965905600D-07  1.49976465246998700D-05 -2.68413782407401900D-03
21  1 -2.81095153639242500D-06  6.50347713825828100D-05 -3.07609274506107800D-05 -3.49639551690830100D-06 -1.10617263871573500D-04
21  2 -3.08702922445142900D-02 -8.06853829114169700D-05  8.60919996026525100D-05 -2.64841426604931400D-02  5.56667901895904500D-06
21  3 -4.82994214343391500D-06 -7.36736875525104700D-07  5.43110690210275900D-06 -1.05835580535755600D-02 -1.75175237523870300D-02
21  4 -9.72076243675618100D-06 -1.92311622899228900D-05  1.59787817919477800D-04 -5.64598270508410100D-05  4.10379637923182700D-05
21  5 -3.08809326623757900D-02 -1.50361979815802900D-04 -1.00047642118048200D-04 -2.64997174720197200D-02  8.72755255185602000D-06
21  6 -2.98421495124943600D-06 -5.74333760060664500D-06 -2.11524708684005600D-05 -9.87291589944246600D-03 -1.79162639696119600D-02
21  7  6.46933748819316500D-06 -5.08947675362706900D-05 -2.25489724022125200D-04 -8.55930439628899500D-06 -2.19818180632237700D-05
21  8  2.08617226060856600D-01  8.38168117786317700D-05 -7.94533604309245500D-05  1.40274599964591200D-01 -1.40970971486174900D-05
21  9  7.29798787661359600D-07  1.33672983609560900D-05 -3.99507839385683600D-06 -2.15251085090963900D-02 -9.54364881677597200D-03
21 10  2.31437975930261100D-06  1.59732142644141400D-05  9.85698885301792300D-05  2.07915793040209300D-05 -1.05726666717961800D-04
21 11  2.97350670339735100D-01  2.26109291536145800D-05  2.79242583131232200D-06  1.98290017389183300D-01  5.14648475911192000D-06
21 12  1.97490285649880300D-06 -7.12138761561080500D-06  1.48453008901282000D-06  4.76441850726844100D-04  1.82157112390893700D-02
21 13  1.30079897163377900D-05 -5.83389890568524400D-06 -2.19041776630849500D-04 -4.97442734064425200D-05  2.23458387237948100D-05
21 14  2.97380662076364900D-01 -1.97862519098469900D-05 -5.47891945020266100D-05  1.98293525452237000D-01  3.72897636030992000D-07
21 15 -4.01298459065431700D-06  3.64008695462347900D-06  5.13451300748616600D-06  1.55428444366692400D-02  9.52983548553829600D-03
21 16 -2.61174066037788200D-06  3.38415240351998100D-05  1.32622520437027300D-04  7.85267582483827800D-05 -8.02563276731320400D-06
21 17  2.08660017732452300D-01  3.13639625874163800D-05 -1.08491662880221500D-04  1.40306675566562700D-01  4.13077698995622300D-06
21 18  2.24934283375329800D-06 -6.38011982370949200D-06  2.93184179251881800D-06  2.49110097331613000D-03 -2.34193546165213700D-02
21 19  1.95882611470882200D-06 -7.14226151023579800D-06 -3.87636289504559700D-05  1.27386852314001000D-05 -5.23114302611571600D-06
21 20  4.35875068236249000D-05 -1.38255556929104700D-01  4.70619440574702500D-06  1.07664246074432100D-05 -9.75190630871776400D-02
21 21  1.24234208936460000D-05 -1.54987527221187300D-05 -1.19930771616975300D-02 -5.21445555055631000D-07 -1.19890616454691600D-08
21 22  5.33434616701197000D-07 -1.23797722458368600D-06 -3.30289885043105200D-04  4.65835109219380900D-03  1.55421099418007200D-07
21 23  1.72606771174669200D-05 -1.74160982168848300D-05 -3.04210353670992300D-06  6.08458075303691200D-04  6.49228899494225900D-03
21 24 -6.81519017340014600D-06 -6.88346108394151200D-06  7.68442406208136900D-05  6.82320682284114500D-05  2.24648614971214400D-05
21 25  2.84657243311663000D-05 -1.38259721094084200D-01 -1.45244854923732600D-05  1.35982064613658700D-05 -9.75123605234024500D-02
21 26 -1.59289107906826100D-05 -9.88839217818403100D-06 -1.19930982807933800D-02  3.72790608361767500D-06 -5.93937125868481500D-06
21 27  2.21146517506716700D-06  3.02854541898634800D-06  4.19924839093097000D-03  2.04757218094410900D-03  4.51346661685879100D-07
21 28 -1.28773342588086200D-06  8.36386764194985700D-07 -1.46042338184726400D-05  5.33463733848648200D-03  3.76863266377435000D-03
21 29 -1.93041736229119900D-05 -5.04861478924960900D-05 -6.04342010295760800D-06  4.77057785344507400D-06  6.98683583307172100D-03
21 30  1.12157805082543100D-04  3.40877419087013700D-05  5.20693821915095300D-06  3.19794228171503000D-06  1.04744109804333800D-02
21 31 -9.34819481720462900D-06  2.88977112685082400D-05 -4.43687038020034100D-06  2.36825379899150600D-06  1.04779527358215600D-02
21 32 -3.18380971021337400D-05 -6.70424309151662900D-06  1.00405896699019800D-05  7.88257695934791900D-06  6.99230146307127600D-03
22  1 -1.14799002808952300D-06  3.65120812221514000D-05  1.52334676794434300D-04 -2.46943811601216900D-04 -1.76742714560011900D-04
22  2  4.97418952981362000D-02 -4.14725964951478100D-06 -1.26736287681433200D-04  1.49735818897902400D-02  1.93565844180601000D-05
22  3 -2.94347742832699800D-05  1.00781898652098300D-05  6.27765127318661100D-06 -1.70015212043306500D-02 -2.04599583745092200D-02
22  4  5.88753821764470100D-06 -1.52453938957894000D-04 -2.38303346757818000D-04  2.05939374148953500D-04  3.54509271195984300D-04
22  5 -4.97368896590287300D-02  1.56842680532590700D-04  5.18916777137695600D-05 -1.49745877855133400D-02  2.34514334930101700D-05
22  6 -1.68635300327951400D-05 -6.58790346021507400D-06  3.00155296722443900D-05  9.21233682293068300D-03  2.49585477215267200D-02
22  7 -6.01383934762780500D-06  1.24631257545381100D-04  1.54649740605404500D-04 -1.06993557688654600D-04 -4.28693041036810400D-04
22  8 -3.19220035008930000D-01 -1.17607723570927900D-04 -1.75738365309501400D-04 -2.57569510059677700D-01  4.70688130923354600D-05
22  9 -5.22980724706679500D-05  5.22925937833229200D-06  2.68825571604384500D-06  1.70685553938306100D-02  2.18298070792396000D-03
22 10  1.04296959807790200D-05 -5.41271361985054600D-06 -1.82317282775771000D-04  1.85997651258597600D-04  4.53575973840314400D-04
22 11 -2.13523192823926700D-01  4.74244791079936700D-05  9.92483257461109900D-05 -1.80872969154410200D-01  4.71744671815396400D-05
22 12 -5.05039487422529500D-05  3.32948156071341300D-06  4.63714202181953800D-06 -3.01490465293450600D-02 -6.61986620928539600D-03
22 13 -1.42632768695434500D-05  2.88875854371339000D-05  2.45882294364495200D-04 -8.21669497823256500D-05 -3.54050378971289700D-04
22 14  2.13481246389483700D-01  6.38248509863729500D-06 -6.19469500509060200D-05  1.80834188981271800D-01  2.97277251415808100D-05
22 15 -3.03626046312939300D-05  6.34879489712739500D-07  2.95243707800706200D-05 -9.34774013316994600D-03  2.94065820215881100D-02
22 16  3.45278119599220800D-06 -9.69950392172862900D-05 -1.52785695803281900D-04  1.98365685451059700D-04  3.00851181674067200D-04
22 17  3.19197683301743900D-01  3.15731291680324500D-05  2.06323001077719300D-04  2.57568978839610600D-01  1.51323747800610100D-05
22 18 -1.00582262068912900D-05 -5.07414857316986600D-06  2.20630330252190800D-05  6.65614126780792300D-03 -1.58770479518869000D-02
22 19  1.24811503571856900D-06  2.49706117332323000D-05  6.60187739049170800D-05  8.23577359932627000D-05 -1.04895915308667500D-04
22 20  2.04634087186469200D-04 -1.31972755194135400D-01 -6.74774009490749700D-05  9.72623111209158600D-05 -1.02217365864788000D-01
22 21  1.85664493203541700D-05 -5.13596596405044800D-07 -1.52400621953367600D-02  6.53560082802385400D-06 -1.00506152592101200D-05
22 22  3.51501443118604200D-06  1.07168408832122700D-05 -5.17822755413195500D-04  2.25068892798210500D-03  6.61461206484052300D-06
22 23  6.00082838670695100D-07 -7.21469490351158500D-06 -3.08164837038928900D-07  1.73838232356366300D-03  1.18632180474542800D-03
22 24  1.32479367920869900D-06 -3.41121283042959200D-06 -7.29512951478845300D-05 -8.68146436500515500D-05 -3.09017309421953000D-04
22 25 -5.12898474285823200D-05  1.31985299819398700D-01 -1.71002062326937800D-04  2.07961248968869700D-06  1.02225278655294900D-01
22 26  5.05303942475925800D-06 -1.33049242406826600D-05  1.52442094682137200D-02  1.36155505007226000D-05 -4.91635638034455000D-06
22 27 -8.69919412037798600D-06  4.53002439166952200D-06 -2.21129902979905700D-03 -6.78374026378725400D-04  6.42524559126092700D-06
22 28 -1.64925011316957000D-05  1.00672555404347800D-05 -1.51611627023975900D-05 -1.64662973563135400D-04 -2.10610531416353100D-03
22 29  2.01214097561619100D-04  9.34615803225308500D-05 -2.26307254219566900D-05 -8.06343218830361600D-06 -1.17053184810004900D-02
22 30 -4.55434619620640400D-04 -2.28646544600280800D-04  8.47518369237129000D-07 -2.68645074989222600D-05 -7.69365207968068700D-03
22 31  3.24988035279453200D-04  1.50104868109174700D-04  2.76083740230723300D-05  4.32037341743694800D-06  7.68693119895574600D-03
22 32 -1.02120257640570000D-04 -7.16472303731438500D-05 -8.28022899282214800D-06  1.49864661607278700D-05  1.17149037531088800D-02
23  1  1.08017883797442000D-02  1.37034393422275000D-01  8.68400585897193400D-02 -1.00452504253100600D-01 -3.35263348761209900D-02
23  2  2.59195197545788100D-04  7.74333862498375600D-03 -4.19338242185119400D-03  1.20637911111912400D-04  7.17063474726750900D-03
23  3  1.27289440348320200D-03 -8.44352915075074200D-03  1.78397264292949400D-02 -7.37678878264790900D-06  1.24028852104090500D-05
23  4 -1.02565943012957600D-02 -1.37053328754574300D-01 -8.67983465953354500D-02 -2.11705510767443900D-02  1.03700840353019000D-01
23  5  6.27961037686275900D-05  7.58223861179573700D-03 -4.66047416053623400D-03  2.82006945612742600D-05  1.06512801205862900D-02
23  6 -1.90934353933784500D-02  8.44215527279216500D-03 -5.95642125780578700D-03  5.06077968457465900D-06  2.51414450554399900D-05
23  7  1.97330707124399900D-03 -2.25048448898225600D-01 -2.13269790728834000D-01  1.34455796780585600D-02 -5.38649723765137100D-02
23  8 -2.03925536294768500D-04  3.36951850741572500D-02 -4.24278593726169800D-02 -1.79211282366749900D-04 -3.13416361548838100D-03
23  9 -4.73148171930353200D-03  7.86564533479202300D-03  1.43753149558940800D-03  1.65095246701587600D-05  4.71658755608909400D-06
23 10  2.09856423347073500D-04  2.70813377207418300D-02  9.32634124653776800D-02 -7.72663620916097900D-02 -1.64121805559483500D-01
23 11 -1.78080000277335300D-04 -2.85342348515909600D-02 -2.67706589578642700D-02 -1.31574336929924100D-04 -1.64148043830172900D-02
23 12  1.51703215363780800D-02  1.24448284663924100D-03 -1.26938640349329000D-02 -1.76279238436352600D-05 -7.25932459319129000D-06
23 13  1.88630971874039800D-04 -2.70933401730409300D-02 -9.33167600316154000D-02  1.03612678686154100D-01  1.49079599045363200D-01
23 14  9.49513774742100300D-05  8.97417385314159400D-03  3.81436444576809600D-02  7.02829693881655100D-05 -1.68011527377446400D-02
23 15  1.80402496887489600D-02 -1.23909695100417900D-03 -9.46917124058221800D-03 -1.42004776427397200D-05  1.73402734369250400D-05
23 16  1.88821337932316900D-04  2.25127914858197500D-01  2.13239394113122600D-01  5.33953085888939200D-02  1.53025868399006900D-02
23 17  2.21868284865542100D-04  5.36112516919191500D-02 -7.99844034532107100D-03  1.72960918494046100D-04  5.41624891199309400D-03
23 18  2.44907070977138200D-03 -7.86531962176448400D-03  6.59051009299526100D-05  1.37874222318276000D-05 -3.57783634979216900D-06
23 19 -2.61643657611619600D-03 -3.60240190039239300D-02 -6.33069855619404900D-02 -2.51968728840079100D-02 -1.10366900431672000D-02
23 20 -7.58246580989156800D-02  2.64190754104452400D-04 -9.01373979314817400D-03 -3.66028446748544500D-02  1.60669988787660900D-04
23 21  4.88561872873093200D-04  7.81808119507002200D-03  1.67120987315979900D-05 -2.26350322443142900D-03  4.28250086545116600D-03
23 22 -2.01899764101972400D-03  2.49822074751341700D-03  1.12511544517773100D-06 -1.39947775753234700D-05 -1.27600493823199300D-03
23 23  2.44288330111241000D-03 -1.16687836288024000D-03  5.23199672776560800D-03  3.35171519125086400D-06 -9.79862272759607500D-06
23 24  2.74658707368661300D-03  3.60489727500088900D-02  6.33348965297842700D-02  2.51895409523052200D-02  6.01924056497966200D-02
23 25  4.74801305314189900D-02  1.66947887856465200D-04  2.72082283878322200D-02  2.61388781814624200D-02  1.09272732661219500D-04
23 26 -6.52913521195659000D-03 -4.32571061906491900D-03  1.19275438022465700D-05 -7.73247175479950900D-04 -1.24823125861343100D-03
23 27  2.02147843409343300D-03 -4.53107658704932300D-03 -8.96241307063515300D-06 -3.19263519076363500D-06  2.43651302840408200D-03
23 28 -3.58933407616504800D-03  1.15282104776097600D-03 -4.48159534199349800D-03  2.65209714679054800D-06 -4.20951403987820400D-06
23 29 -9.29429311887279800D-02 -2.40436641742581500D-02  1.07466198026805300D-02 -6.15464332998515200D-03 -9.82330702620736400D-06
23 30  1.65837631795804900D-01  6.76468284252518100D-02 -2.46430449345650700D-03  1.06676286202211500D-02 -1.84995872766362800D-05
23 31 -1.65969957501376800D-01 -6.76729629475141500D-02 -1.04824945585439800D-02 -3.20472767055443900D-03  7.35291440673641200D-06
23 32  9.29546234897174500D-02  2.41026486625342600D-02  1.06978646630747000D-02 -6.23385317732893700D-03  4.74999633544171100D-06
24  1  2.51062477334304100D-03  2.16462628196086400D-01  2.07053008739654000D-01  7.24040101644465900D-02 -2.18739009536012100D-01
24  2  2.87176923673377700D-05  7.06441384316970200D-03 -7.63880775835041600D-02 -5.16342484866270500D-05  1.53460952777393300D-02
24  3 -7.56683115373955400D-03 -7.77926412399972600D-03 -1.26943991212213400D-02  8.19662033012403200D-07 -1.38046638180923600D-05
24  4  2.81936296441051100D-03  2.16418544465586000D-01  2.07821865734088400D-01 -2.25662348202546900D-01 -4.67899696439786700D-02
24  5  2.43532893485031200D-04 -7.01403267954597000D-02 -3.20351616309422300D-02  1.56556241935707700D-04  7.71081324674005500D-03
24  6  9.73388783179106500D-05 -7.80815212505789300D-03 -1.78215734657433800D-02  3.97934810793858600D-05  2.27181842170556300D-05
24  7  4.12613724273580800D-04 -2.29751067499766400D-02 -4.50677489958944300D-02 -2.98620394714509300D-02  1.49965029962374200D-01
24  8 -7.52458406217086400D-05 -1.76284864204493600D-02  3.28318474135298300D-02 -9.36452474800368300D-05 -2.00081118889000500D-02
24  9  2.24101603997530600D-02 -2.40204851085310300D-03 -2.95709793733398100D-03  2.42159714746078700D-06 -1.20810683435027500D-05
24 10  2.03017201775126500D-03 -4.01809545117829500D-02 -4.17066941220361800D-02  2.49665291645100100D-02 -1.52226249128756400D-01
24 11 -1.10179764730535000D-04  9.42311346501047300D-03 -7.11123289895556100D-02 -1.21847461150014300D-04 -9.68036191388600200D-03
24 12  7.60814958500356000D-03  2.07221232888248200D-03  1.04118515681694600D-02  3.86409840728117300D-06 -1.95704996120859200D-05
24 13  2.09986823415996400D-03 -4.03215034097342600D-02 -4.21921496016425500D-02 -1.44190053127406200D-01 -5.44636087673936600D-02
24 14  1.50587490115416400D-05 -6.65100205684250900D-02 -2.76282357957211800D-02  4.48631142783926700D-05 -4.56780566645474100D-03
24 15  2.48252243517412200D-03  2.08528323128072500D-03  1.37978872178426700D-02 -2.39917910583422500D-05 -1.65304606230920900D-06
24 16  6.26277610437495300D-04 -2.30667628661201700D-02 -4.46033733022259900D-02  1.44768390023083400D-01  4.91109046301381200D-02
24 17  7.21693665335250400D-05  3.75222279904386500D-02  9.30405019548225600D-04  6.99530355306651700D-05  1.40394817430654100D-02
24 18 -1.16123960871006600D-02 -2.42708565596470600D-03  1.97080005306602500D-02  8.15281192393425000D-06 -3.78073407944725200D-06
24 19 -2.02319140420403600D-03 -5.91822120171415400D-02 -5.75723372854243200D-02  3.25651212537539300D-04  1.09722024647531200D-02
24 20  5.17112918497033500D-02 -1.27840280020323200D-04  6.81863607362755500D-03  3.23785630181404200D-02 -1.04196545055374100D-04
24 21 -1.27436613323375600D-03  9.70768350567569600D-03  1.03831360153678000D-05  1.17299227324493100D-03 -2.48466729831126800D-03
24 22  1.31167502506646800D-03 -2.00058093391908700D-03 -1.91671349256204800D-06 -6.56670259312862900D-06 -1.89985734654225500D-03
24 23  1.79323044018474900D-03  1.06626906357474700D-04 -3.58974662005748600D-03  4.07875126730137000D-06  6.68774593884438100D-07
24 24 -1.89641990098938500D-03 -5.91282633886253500D-02 -5.74990752254157500D-02  2.66190656762681300D-04  3.94320353482924600D-02
24 25  3.53993913701257200D-02  4.88041343362872700D-04  2.47480030458326700D-02  2.21204887378130100D-02  2.97338065220792500D-04
24 26  9.14166807642885700D-03  3.68780212126266700D-03  4.09177172179631600D-05 -6.84228492586482000D-05 -1.25877833544071800D-03
24 27  1.32720118469945400D-03 -2.85278608475947100D-03 -2.53062299881063500D-05 -8.31490431220285100D-06  3.53789956659742700D-03
24 28 -3.65386131002052500D-03  1.15961743423068400D-04  4.02182162826241700D-05  8.31307813703465500D-06  6.80711037789323100D-06
24 29 -1.04120957178814300D-01 -3.46777099477540600D-02  8.89591867087812500D-03  1.92178024072187500D-04 -9.22097593073571200D-06
24 30  1.15895418295771800D-01  4.67564482862091200D-02  2.33538552757655100D-03  6.43584739258568400D-03 -6.67304112859389100D-06
24 31  1.15659017811257200D-01  4.65684694180005400D-02  4.39586336164679700D-03  5.24178860215588100D-03 -2.70905667710773500D-05
24 32 -1.04144235158464700D-01 -3.45336714030831000D-02 -4.32064264701773400D-03  7.78874674362394900D-03 -1.52907106091841900D-06
25  1  8.67818971765994000D-04 -1.08204669582268900D-01 -1.35454327083883900D-01  1.77142192111040700D-01  1.79486081530876400D-01
25  2 -4.11789969262023000D-04  4.03288902324804700D-03  5.47506589590720000D-02 -2.30254889341527100D-04 -1.88380727750884100D-02
25  3  2.04874400832859400D-02 -1.64936730819747400D-03 -8.16889523817422600D-03 -9.28228865996656600D-06 -9.96100720169817600D-05
25  4 -9.01154999256800100D-04  1.08134424550330800D-01  1.35346239184884000D-01 -6.65928330667389000D-02 -2.43290049379496700D-01
25  5  3.46535069833368200D-04 -4.52629907966477400D-02 -3.08658224323066600D-02  2.03493967614081500D-04 -1.67827321505495100D-02
25  6  1.51071178115225400D-02  1.67561433902698300D-03 -1.55297411246443600D-02  8.89607536036470400D-05  6.04796423301661000D-05
25  7 -9.43433052987849700D-04 -1.70384750420053600D-03  1.49196795341663300D-02  6.49047876109571200D-02  2.63670381154466300D-01
25  8 -3.39043973334927300D-04  2.23288519955314900D-02  1.23989787220404800D-01 -3.24951540317465200D-04 -2.03790863332483400D-02
25  9  2.55016574887042800D-02 -5.12257115545579600D-03 -5.21860720797340000D-04  3.59666950513037100D-05  3.19630361754078800D-05
25 10 -2.94228358633669000D-04 -1.06628553482156700D-02  1.04251417956719700D-04 -1.12490530544561400D-01 -1.40752603927493200D-01
25 11 -2.70246174897192100D-04 -2.87196442380794200D-02 -7.22403489682971700D-02 -2.35476619966838000D-04 -2.39596642139667400D-02
25 12  2.28371657495811000D-02  1.12249846438561200D-03 -3.13014066609085100D-03 -2.80832796744258900D-05 -8.52307147333265500D-06
25 13  3.13648518356955000D-04  1.06941825350769400D-02 -1.75139038127356100D-04  6.56218183795438100D-02  1.67834428360092800D-01
25 14  2.86865807124276400D-04  4.82417270607291400D-02  6.09920929219852300D-02  2.84830753359285500D-04 -1.34709958672870000D-02
25 15  1.46212621414298200D-02 -1.15026627414278500D-03 -2.18208707591852100D-02 -1.45005785434169900D-05  3.99859828371925800D-05
25 16  9.98734445222572200D-04  1.70475266258057100D-03 -1.47611466238951200D-02 -1.95794401073087800D-01 -1.88109483657053400D-01
25 17  3.45053945894104500D-04 -9.61464688859742000D-02 -8.13869452962274900D-02  3.04502968465850900D-04 -1.44130761723474200D-02
25 18  9.29141392853681000D-03  5.12166224381073500D-03 -2.26850671722221500D-02 -1.13055342397695500D-05 -3.06713802732257200D-05
25 19  2.84189875825494900D-04  1.57877276799055200D-02 -7.80927453369677900D-04 -1.13003608543131000D-02  8.72096407838111500D-02
25 20 -1.24702413697046800D-01 -1.22190010164480300D-03  6.16068702248250300D-02 -6.93229756977178600D-02 -8.59534033563161100D-04
25 21 -8.73315762735722400D-04 -9.36484610996278500D-03 -9.49273037690133400D-05 -3.14336954698867600D-03  5.94382990547792500D-03
25 22 -2.80046035848919700D-03 -6.01974717790029100D-03 -2.21635966541859900D-06  4.29051128218632300D-05  4.47810611157068500D-04
25 23 -2.86379652041816800D-03  2.41598590926124000D-03 -9.07451123320701700D-03 -8.12678187932102600D-06  4.23693088513618000D-05
25 24 -3.04077158775116500D-04 -1.57484442641846700D-02  8.49210977901840400D-04  1.12554710725148500D-02  1.51610761874363300D-01
25 25 -1.33407026093714500D-02  1.11993799025579700D-03  9.08229880918516900D-02 -1.87851091740605200D-02  7.74274601623333400D-04
25 26  7.71025026184644900D-03  5.44745960329260900D-03  9.02039931960552000D-05 -8.18151371824749600D-03  5.38464575536422200D-03
25 27  2.79686796288323900D-03 -1.51822819970195400D-03 -4.20452320848825300D-05 -2.26267139967140400D-05 -4.80020948241574500D-03
25 28  7.19283016446919900D-03 -2.39262068205348900D-03  6.18993326700126600D-03 -1.88544009592180100D-05 -1.41808763985275000D-05
25 29 -7.59025174671838600D-02 -2.44973078672455300D-02  7.81899433649843300D-03  4.08534289204517000D-03 -2.08156629290961000D-05
25 30  1.43492016336157700D-01  7.11768345572812300D-02 -2.86131415565093100D-03  6.52356751144236900D-03 -2.47988598280595500D-05
25 31 -1.43489793367487000D-01 -7.11891799055509700D-02 -7.10516525049269000D-03 -7.97116517437890400D-04  9.68862635276507700D-06
25 32  7.57871739292351600D-02  2.44273142332783300D-02  3.45746142221338400D-04 -8.81716529594854400D-03  1.91799846212364100D-05
26  1  2.39809610261545500D-03 -1.47488210043061300D-02 -6.22391875445960900D-02 -3.09035750112911000D-01  5.57344669827491000D-02
26  2 -1.14742392424816400D-05 -7.42997777486912200D-02  3.04352808979192600D-02  5.94781744183282800D-05 -1.57872510653364400D-02
26  3  1.34314430279245500D-02  2.35580803741201700D-03  1.27911731135197300D-03 -5.40703774881927100D-06 -2.23016495803301200D-05
26  4  2.42080352138114600D-03 -1.47544089599056800D-02 -6.27567599772293300D-02  2.02853265260581900D-01 -2.39564400557403600D-01
26  5 -4.89558958687069700D-06  6.36085576199759800D-02 -4.94525852606654300D-02 -4.70644031551228400D-05  5.11741400705014400D-03
26  6 -7.51727399924595100D-03  2.39985999219581900D-03  1.52433067179257600D-02 -9.87956621591722800D-06 -1.10695557289603500D-05
26  7 -3.88800672570629600D-04  1.93645671812829300D-02  5.38388501907887300D-02 -6.39442795432246200D-02  1.47860838412180500D-01
26  8 -1.38426332926448300D-05 -5.12980328114137300D-02  8.60818303881347700D-02  1.51745624272681900D-05 -1.22502639314409100D-02
26  9  1.60897974504867500D-02 -3.83953351904593300D-03  1.37479606565776800D-02  1.00277196580119900D-06  9.99181428200488300D-06
26 10  3.39712226773261900D-04 -1.16649044307077900D-02 -2.35461863964276000D-02  5.28582010153036500D-02 -6.41014745867622700D-02
26 11 -8.22769713225661000D-06  2.38755877103232800D-02 -4.49657406160770700D-02 -2.25156322819209800D-05 -8.85138623895762200D-03
26 12  7.95624047218293300D-03  8.95145766774672700D-04  9.21037168123540200D-03 -4.22497819557716600D-06  1.34600944353028300D-05
26 13  3.40265893012570700D-04 -1.16401750779539700D-02 -2.35249918630815400D-02 -8.19827344616950200D-02  1.36176707166415400D-02
26 14 -4.92034057368492100D-07 -5.09932676462482700D-02 -1.62973464458551800D-03 -2.16909988807046100D-05 -3.13010433831106300D-03
26 15  2.26880291821850800D-03  8.61301420092696000D-04  1.30572594989596600D-02  1.04554317974931400D-06 -2.45962369480053000D-07
26 16 -4.05401602755869900D-04  1.93562659506154900D-02  5.38382759666793900D-02  1.60138267765250900D-01  1.86770773643485000D-02
26 17  2.13240576716252500D-05  1.00291799460573900D-01 -1.12657971067138800D-03  1.13263587514515800D-05 -1.31491236879059000D-03
26 18  5.13864595793648300D-03 -3.82373358914575200D-03  2.10601755977779200D-02 -1.21924356586955700D-05 -1.74676924974468700D-05
26 19  1.23217425480115200D-04  1.16673244225970100D-02  4.07324231758730200D-03 -9.28012709327893900D-03 -2.29609589577955800D-01
26 20 -6.01116308623460600D-02 -5.44243284249461400D-05 -1.55005798029543000D-01 -3.30292011432115800D-02 -1.83266904881543300D-05
26 21 -3.16578288417707000D-03 -2.35839073985647000D-03 -2.51865519431818500D-05 -1.67118490147417900D-03  2.90666351510922500D-03
26 22 -1.23547861363501500D-03  1.31061794614519700D-02  1.26738800879883900D-06  1.99949694205355400D-06 -9.85332008058047700D-04
26 23  2.98332442677361600D-05  9.55498763790250000D-04  1.74880948884906700D-02  1.15554034538712700D-05  1.00997167763009000D-05
26 24  1.05817025897604200D-04  1.16565810208552500D-02  4.20371999399563700D-03 -9.07067890849492000D-03  6.25743887628222300D-02
26 25 -2.28866944759595500D-01 -1.95590548352687300D-05  4.87263215994509800D-02 -1.50697711505313300D-01  1.35489789626395900D-05
26 26 -5.95358543760655300D-04 -3.90308883797923800D-03 -1.94143032911991400D-05 -8.05900132118007200D-03  9.30506767480035500D-03
26 27 -1.24606635362027100D-03  8.85622208298808700D-03 -2.35064523687787700D-06 -1.20442683397386000D-05 -1.33279622541417900D-02
26 28  1.23577137549161800D-02  9.70248499225612400D-04  9.23364203011139300D-03 -2.76434485638992900D-05 -1.52359161916850500D-05
26 29 -1.20547702988121000D-01 -4.71456790111418700D-02  6.76632542829900100D-03 -7.68060775119533700D-04 -1.80234269863028300D-06
26 30  5.89081717961546500D-02  2.83232084064609700D-02  2.92724906560689300D-03  2.82971234447405700D-03 -2.30403041046100100D-06
26 31  5.90336224091888100D-02  2.84349673630735400D-02  9.97456448521728500D-04  3.94230385323545700D-03  2.73862294707433300D-05
26 32 -1.20618378472326800D-01 -4.72104670571444200D-02 -4.04438533326478400D-03  5.44745592951384800D-03 -6.32872944826375100D-06
27  1  5.25349401394335300D-04 -5.87295211845648900D-02 -6.62615820691673100D-02 -4.26441310568847100D-02  6.22279802626423400D-02
27  2  1.69075174564609000D-05  1.04492732669899900D-01  3.96989245331852200D-02  1.22996860351373600D-05 -2.81920716470924600D-03
27  3  5.76370306665143000D-03 -2.94449590194203800D-03 -4.90752860873558200D-02 -1.63301717071693700D-07  1.00355037517753300D-05
27  4 -5.45847086807430400D-04  5.86452461915939200D-02  6.63127340542417600D-02 -7.51475776404634100D-02  5.68918234965957500D-03
27  5 -1.19266381456070400D-05  1.79533826964919900D-02 -1.10568810543111500D-01 -9.39084515321694700D-06 -4.04707179650373500D-02
27  6  3.74804973610502700D-02  2.99022060398720900D-03  2.02701284319404700D-02 -6.41466480690675300D-06  8.06003313587093000D-07
27  7 -1.83935124671475200D-03  2.41468943695783700D-02  1.44553088316172800D-02  3.59606728358372200D-02  7.79204343318333900D-02
27  8 -2.44221866194295900D-06 -3.48404944650181200D-02 -2.43142712577732800D-02 -3.42594417127540500D-05 -3.72182458312746600D-03
27  9  2.96608342879947500D-03  7.55741154327942900D-04 -3.03649642509965900D-03  7.26441564960188700D-06  5.48324220237558900D-06
27 10 -4.42125369650996000D-04 -1.66258159918184400D-02 -4.11150055208480600D-02 -3.93474471748232400D-02 -3.54567844984822100D-02
27 11  1.47485828893419100D-05 -6.89019143782215600D-02 -2.07092795603041000D-02 -1.46773377871411500D-05 -6.69810189699343600D-03
27 12  6.81802064198739700D-03 -1.19918744994102800D-04 -1.35898355330380500D-03  2.27292698838493600D-05 -2.99339163881728600D-06
27 13  4.42174027065345200D-04  1.66058397465025800D-02  4.12594887777536200D-02  1.10375804799081300D-02  5.17790560715953500D-02
27 14  4.30746816887627600D-06 -1.65425733638419700D-02  7.00807317218254500D-02  2.11934517301360000D-05 -4.48525044013657600D-03
27 15  4.36178923124761000D-03  1.23461208889004300D-04 -6.05632876410349100D-03 -4.04151878896382300D-06  1.95318592062175600D-06
27 16  1.84014383440527700D-03 -2.41085341006726300D-02 -1.45946889048977200D-02 -4.93466573771683300D-02 -7.00752552908959500D-02
27 17  1.08416928664535400D-05  3.59210957683512800D-03  4.24656057619791600D-02  5.23266439032850400D-06 -3.57958147548394000D-03
27 18  4.30498819390753100D-03 -7.25406718423731700D-04 -1.81075724442583800D-03  1.23911235008393400D-05  2.62226588851187400D-06
27 19  8.23328811330633500D-05 -1.41304287321059100D-03 -1.18745407192197300D-02 -1.41022069711385400D-02 -4.43290493727687800D-01
27 20 -2.83566492568323000D-02 -4.23030495548448100D-05 -3.32544884476362800D-01 -1.27604180235990900D-02 -2.68790530059521400D-05
27 21 -4.84070111451360100D-02 -1.84696156530527700D-03 -1.31101582253261000D-05  1.33297672090181800D-04  4.41614322576097100D-04
27 22 -5.74911994666152900D-04  1.18866072990776800D-02 -8.07195315792427000D-06 -5.19568964818017000D-06  5.59757984821776300D-03
27 23 -4.42424000729376700D-03 -1.17333984092397000D-03  1.75095618174442100D-02 -7.02975011225781100D-06  6.74537531812163800D-06
27 24 -1.22477760162324000D-04  1.32859664054235100D-03  1.20409137041568300D-02  1.40727808542776900D-02 -1.97314485375980500D-01
27 25  3.98353111074942700D-01  3.12596097235459000D-05 -1.55476369864592900D-01  2.94641717711577400D-01  4.06290018329339000D-05
27 26 -2.26328600444774700D-02  4.29155448685637400D-02  3.52051630134728700D-06  8.58305944881392600D-03 -9.14674013678401200D-03
27 27  5.63680687970101900D-04 -6.09581198881075900D-03  1.24171326308191600D-06  8.76071434264344100D-06  1.50969171004129600D-02
27 28 -1.62641227516600100D-02  1.16720565124710500D-03 -3.77417204722822100D-03 -1.21744656046319500D-06 -1.56898576623582700D-05
27 29  1.10194336837287400D-02  1.06580041918542900D-02 -5.07570667218229100D-04  1.56666399328387600D-03 -1.37872557004769800D-05
27 30  3.25405458961318500D-02  2.16229997517197400D-02 -2.37103529644884100D-04  4.71058340301779700D-04 -2.36481565794813700D-05
27 31 -3.25140691115899100D-02 -2.15999131734038400D-02 -5.50757358846735800D-04 -1.42315463996330600D-05  1.33733907575498300D-06
27 32 -1.09825290563546500D-02 -1.07857326751026700D-02 -1.56502295859300700D-03 -4.00022834796865000D-04  1.27360474593908500D-05
28  1 -1.02865681068364300D-03  4.23555179796161800D-02  5.00434766517329800D-02  2.21881039616787000D-01 -5.31538207981179500D-02
28  2 -7.24672485815647300D-06  1.36309901274426800D-01 -4.73925842701197800D-02 -5.50997034722531800D-05  7.16745198943438300D-03
28  3 -8.83517617288960600D-03  1.66772418345523300D-03 -5.22824286033134000D-02 -1.94923876678087800D-07  8.27487605912239700D-06
28  4 -1.08225660460983600D-03  4.23222275381385000D-02  5.06178116060321100D-02 -1.57066050149811100D-01  1.65521831714319800D-01
28  5 -3.34757663990095500D-06 -1.09269520274288200D-01  9.48929833255761100D-02  1.16211627659257700D-04  3.44054284748699000D-02
28  6 -3.60141289885929200D-02  1.60870051372301700D-03 -3.41141826998313700D-02  2.42526318697320700D-05  1.99202562216357900D-05
28  7  1.39189373161019500D-03 -6.46760673940426200D-02 -1.08054989709531500D-01  2.65109929414248100D-03 -1.62208207096805000D-01
28  8  8.62624928872857600D-06  4.79623196035594200D-02 -7.43380458714550900D-02 -6.41902968804965800D-05  8.28596739824930900D-03
28  9 -8.54034083219381300D-03  2.54373433944497500D-04 -1.19579176412542300D-02  2.47082049523041500D-05  3.66962176332279000D-06
28 10  5.81279236925208000D-05  1.93512069664917700D-02  5.95306082558135700D-02  2.97316049140823500D-03  3.88551930861294400D-02
28 11 -3.47209512182704200D-05  1.54181646688514400D-02  3.27993195443107300D-02  6.68218875906857100D-05  7.68767436188529900D-03
28 12 -7.24689285852646700D-03 -4.40781503358889100D-04 -7.40258274301868000D-03  1.62574076827741600D-05 -3.62256683383534100D-06
28 13  2.96127256279844000D-05  1.93160347532174200D-02  5.98881981548031500D-02  3.21317363781885700D-02  2.20546971511096200D-02
28 14 -5.78211587063173600D-06  2.10396112788015000D-02  2.95778969143249800D-02 -1.08198418611331800D-06  2.00280725500286600D-03
28 15 -1.59676030688730600D-03 -4.06046948115493000D-04 -1.12321972839396700D-02  9.49551565313530000D-07  1.42569208087863900D-05
28 16  1.37306816718536500D-03 -6.47537950389081700D-02 -1.08204828088854900D-01 -1.41820837252167500D-01 -7.88827340685268500D-02
28 17  9.19844500687845100D-06 -8.84892589387738700D-02  4.15204684981542100D-03  8.89864992264787400D-06  4.65129727123690700D-03
28 18 -4.88988424538741900D-03  2.38586974150471600D-04 -1.43842381296144300D-02 -6.77388272336962700D-07  3.85767670656536000D-05
28 19  2.71768166566238800D-04 -1.20148542054042200D-03  1.05260894799179900D-02  2.06996807425173400D-02 -3.77272247807971200D-01
28 20  3.43093115096000900D-02  2.09281423623936400D-05 -3.06298323144812600D-01  1.93043208455504100D-02 -1.39050281840301700D-05
28 21 -5.81242202510190800D-02  2.25419972010834700D-03  2.35725662833902200D-05  2.39531340184825500D-04 -7.92081016136728500D-04
28 22  5.52549675952019200D-04  4.96179716079005800D-03  5.04673136911635800D-06 -5.76218709593222000D-06 -3.66571916285508600D-03
28 23  1.95906430470793300D-03  1.70665485814724400D-03  1.33329162232625900D-02 -3.83317576438510000D-06 -1.57932497561469500D-05
28 24  2.59089973645810100D-04 -1.24248288420370100D-03  1.03540470982337600D-02  2.05739139226539800D-02  2.18217307028415100D-01
28 25 -3.09202979685682200D-01  1.23909347893940200D-05  1.69889966091772600D-01 -2.55319843638626500D-01 -5.55624797040209900D-05
28 26  3.10220030064061200D-02 -4.92168254933904600D-02 -8.64003435910290800D-06 -4.24043747380129600D-03  3.67204224398486700D-03
28 27  5.68395229816492500D-04  1.90852786838780900D-03  1.25934953260359200D-05  2.48615222770708600D-05 -9.42241266651798100D-03
28 28  7.75163760599135900D-03  1.67077506052665600D-03  9.53650891075700200D-03  5.77659564066323400D-05  1.49267624316807600D-05
28 29  5.32628033638862100D-02  2.82880176162380400D-02 -3.56079167088212500D-04 -1.11941894803324400D-03  1.44127178189600400D-05
28 30 -3.56341594743138600D-02 -2.33137338861789000D-02 -1.26422314611385900D-03 -4.98279705317932500D-04 -4.27375004747692300D-06
28 31 -3.56328103611241900D-02 -2.33327561890103000D-02  1.85547734436824400D-04 -1.31933938160796200D-03 -2.53147079310518700D-05
28 32  5.32872852048870300D-02  2.83303282173645100D-02 -7.80798408137060100D-04 -8.51547395500783200D-04 -2.16377321172967400D-05
29  1 -3.23572587290320700D-07 -4.19295403340421600D-06  5.76800856217075000D-05 -1.42099646433109800D-05  1.72363831955807000D-05
29  2 -2.85926413856912000D-01  4.46886989717123900D-05 -1.03589729107106000D-04 -2.70189780333621600D-01  1.64405865960964700D-06
29  3 -5.30761581614430800D-06  3.66355715653466900D-06 -5.72641072672959900D-06 -8.62938458788717700D-03  3.71139465341404800D-02
29  4  9.69591028667380200D-06  1.54810227964136600D-05 -8.82469443581453200D-05  1.09789172070719600D-05 -1.15768568715592000D-05
29  5 -2.85881946978721100D-01  1.14676690256044100D-04  5.77750781365800300D-05 -2.70096109620705600D-01 -7.47813925199169400D-07
29  6 -3.94526236175818100D-08  7.87266548816804900D-07  1.12519272558405100D-05  3.64552460437869600D-02  1.10825985531293400D-02
29  7 -4.73295735101194300D-06 -5.59783856165875000D-06  1.53388652113849800D-04 -6.10389807091779800D-06  1.15000012344237300D-05
29  8 -8.61907861456975600D-02 -4.71414957503459300D-05  2.63492747996336500D-05 -7.15267721647985000D-02  2.67019442796308200D-06
29  9  2.84440334703937500D-06 -5.51459777500241000D-06  4.86008674010650400D-06 -7.63410927449994700D-03 -2.53112960201875800D-02
29 10 -4.38746290289135800D-06 -1.15160633096682900D-05 -6.31452002458575300D-05  8.22206328217560000D-06 -3.01595199669720600D-07
29 11  1.51539152075903000D-01 -4.54392973662331100D-05 -4.26572886839760500D-05  1.46697094908526600D-01 -1.44039511669995000D-05
29 12  1.16830957582423900D-05  2.72085540875715900D-06 -5.82720092897075300D-06 -1.20246037727086600D-02  1.37602784164412400D-03
29 13 -8.40584234102593700D-06 -1.58481816320584500D-05  1.25245236414443500D-04  1.29434478088882100D-06  1.42488502828089900D-05
29 14  1.51559901474899700D-01  7.81526426181739000D-06  5.08001378483662900D-05  1.46714257503113400D-01 -7.63673185993596500D-06
29 15  7.61634338457332000D-06  2.03884753625943400D-08 -1.91709355365131800D-06  7.20522745367349500D-03 -9.72618107140569900D-03
29 16  3.63724073119294000D-06  5.57713633079958400D-06 -1.12766493537258300D-04  5.38891502121104700D-06  1.37293467025933600D-05
29 17 -8.61852523053045200D-02 -3.26693916374534200D-06  7.57902143488058000D-05 -7.14859070059017900D-02  2.00661997744993700D-06
29 18 -5.75758105979857100D-06  3.75096108234858400D-06  7.13777435967585800D-06 -1.81019532481541400D-02 -1.92709519232543000D-02
29 19 -2.39126705350781900D-06 -4.01495825917372600D-06  4.26253286549969300D-05  6.10167194316396000D-06 -1.58422763675719000D-05
29 20 -3.12513465160826000D-06  3.12312696572255000D-01 -1.01693635492693200D-05 -2.22901834802476100D-06  2.65372025858451800D-01
29 21 -5.51616182831639700D-06  4.42760348049268800D-06  5.09576236698180800D-02  2.02522861017342000D-06 -2.60923321192489700D-06
29 22  5.84004601751434200D-07 -3.44962496825450600D-07 -4.78808806998263200D-04  2.61106009670595700D-03  4.81660119747865400D-06
29 23 -9.28513414648516800D-06  4.46853294900645400D-06  1.95640801317681700D-06  2.19398031331822900D-03 -2.64203077623337300D-03
29 24  3.84838917163154700D-06  7.98620441908785200D-06 -4.67988514852353200D-05 -5.12424162021103400D-05  7.93269718046188700D-06
29 25 -1.74554429066465500D-05  3.12293985156651100D-01  2.24490927995893000D-05  6.50758842252203100D-06  2.65356030950994900D-01
29 26  1.33910784019589100D-05  1.29659721454592600D-05  5.09494552142301800D-02  2.46642763402323100D-06  1.83003818514817500D-06
29 27 -4.29646581917139500D-06  1.19337299461824400D-06  2.50286408370792400D-03  8.89303645215407900D-04 -5.97191592985919300D-06
29 28 -1.49171539646710300D-06  7.46363132632629900D-06 -3.09833569216504200D-07 -3.39319654471307500D-03  5.89964492354495300D-04
29 29 -7.74108805997007700D-06  8.84711918961776000D-06  4.26145761982475200D-06  5.94914947054191100D-09 -2.68800174972052000D-03
29 30 -1.12749953720194400D-05  4.16291073890078000D-06  4.75205599901837700D-06  2.09575147094137600D-06  6.40286622339453600D-03
29 31  1.80639816702887300D-05 -2.02070470714070900D-05 -9.23282723552131100D-07  4.44789660231996500D-06  6.40479952492719700D-03
29 32 -9.85869666659406200D-06  8.36507662760581800D-06 -4.78162432298871700D-06 -1.39750974432362300D-05 -2.69746688687851800D-03
30  1  3.29440768576621400D-06 -7.79673945720489700D-07 -1.05752149794434700D-04  5.38026932202843400D-06  6.91883361201463700D-06
30  2 -4.34169399799014600D-01  8.23002867808425800D-05  3.12277186243019400D-05 -4.70929360002197900D-01 -2.35988019031330600D-06
30  3  8.73603507026665900D-07  1.48627668328667100D-06 -4.86102696014407600D-06  2.38176357471299800D-02 -4.61223377525489300D-03
30  4  1.33922462439761200D-05  2.98277191674655200D-05 -1.64983885100252300D-04 -1.76712249341592800D-05 -1.60517371198293100D-05
30  5  4.34195432452302700D-01 -2.99943227094361600D-05  5.65419392728209200D-05  4.70977400629523900D-01 -1.41721994058340800D-06
30  6  5.31741973117694800D-06 -3.90019979059349500D-06  1.26006648703161600D-06  1.58930114169806500D-02 -1.83074298875992200D-02
30  7 -1.11313907749128300D-05 -1.84796912894218700D-05  1.09235840060884800D-04  2.43735236882969700D-06  1.88638077743719800D-05
30  8 -2.20380107886167300D-02  1.49868326207958000D-05  8.21726464666991800D-05 -8.52328401691250000D-02  3.38403662591879800D-07
30  9  3.88308124524712200D-06 -4.22148490783899900D-06 -5.69745349708632100D-06  1.74861914022072800D-02  3.68308540856267900D-02
30 10 -4.79626681173733200D-06 -1.14884407649112700D-05  4.09046090094292200D-05 -1.88004583680261000D-05 -2.27875082484742100D-05
30 11 -1.57018558144825900D-01  5.09544534223092600D-06  1.65249623028938300D-06 -1.99985328984610600D-01 -8.30837608871499700D-07
30 12  5.03360816522880900D-06 -4.20277055635727900D-06 -5.58525308148700400D-06 -1.35272388889469500D-02  5.36284000736245900D-04
30 13  3.17395484144116700D-06  4.57051189087689500D-06 -4.66835796344167600D-05  8.88952082055291000D-06  2.16243366077947600D-05
30 14  1.57020447965292300D-01  2.50640423977011900D-06  8.71139218490524800D-06  1.99970971188061000D-01 -1.60306789794903000D-05
30 15  1.00439772993204600D-05  5.98670168016987900D-06 -1.37089193288702200D-05 -7.22763851411587600D-03  1.14379811266604000D-02
30 16 -4.88814366412155000D-06 -9.21991936864330200D-06  9.38246097057937800D-05  1.29268594671551100D-06 -8.27732991763230900D-06
30 17  2.20247977444721500D-02  2.87217044154976400D-05  3.36776456830993200D-05  8.52152854004847300D-02  6.12454291233163700D-06
30 18 -1.86143671900876700D-06 -4.26310619332290500D-06 -5.87994220165338000D-06 -2.31375383984878600D-02 -3.35757035048430500D-02
30 19 -7.63166764597361200D-06 -2.01982594032938700D-05  1.49598622740537200D-05 -2.96876785458853100D-06 -1.78910875315795000D-05
30 20 -1.13949014893049800D-05  2.98244753224777100D-01 -1.97699152356974300D-05 -7.41952641450237100D-06  1.94024142390178300D-01
30 21 -1.40607800595551600D-05 -1.87082149226506500D-06 -1.65824994100631600D-03 -4.45634451570884200D-06 -2.38193302603921000D-06
30 22  6.83827754174806700D-06  9.74089724534544500D-06 -7.72266684346308900D-04  1.09321478283825600D-02 -1.13195523319077700D-06
30 23  8.52642396316299900D-06 -7.39446872997218900D-06  6.04778620121034200D-06 -3.28507621565088000D-03  2.01692296280572800D-02
30 24  4.57338177036232200D-06  1.00574226487569300D-05  8.95857441176441700D-07  4.51094646641977300D-05 -1.09817094747617000D-05
30 25  5.44117333634766200D-06 -2.98314332916705200D-01  7.30345033875745300D-06 -1.43460974648791200D-05 -1.94039279648803200D-01
30 26 -1.93206497700141500D-05  6.80994207916964300D-06  1.66115473196137500D-03 -1.08530099652722500D-05  7.48113660536399200D-06
30 27  3.37187335990823600D-06  4.44623947099691300D-06 -9.84645945105282200D-03 -4.79268163593328300D-03 -2.85615114701862400D-06
30 28 -5.87140798563899200D-06  8.72755913265761700D-06  7.75379932343880500D-06 -1.91078030139846100D-02 -7.24055896927412700D-03
30 29 -8.28653530201694600D-06 -4.98380823783225400D-06 -2.54168966458854400D-06 -9.15145635075916100D-06 -1.34335650482452200D-03
30 30  1.20319783158113600D-05 -5.75917491940503300D-06 -3.18314936562502200D-06 -2.99365644953387300D-06 -6.25780779459663000D-03
30 31  1.03269008266847300D-05  2.12015693658885000D-05  9.68201602967443800D-06  1.51428560237156600D-05  6.26963100252820000D-03
30 32 -1.26888553570234000D-05  1.56225104648109100D-05 -1.44109115179501700D-06  6.54789624732261100D-06  1.36512447144890100D-03
31  1 -1.37080092820263400D-05  4.29286500347390600D-05  7.01598314898716900D-04  3.88397305201983400D-05  9.87407126138383100D-05
31  2 -2.40228436088538700D-01 -5.59190676691204400D-04 -3.70906348813271500D-04 -6.36299294291472800D-02 -5.65567864988883400D-06
31  3 -8.80352524285754600D-06  1.44592038927461100D-05 -2.37796933892642300D-05 -1.21502824862528100D-01 -5.83123237345165800D-02
31  4 -2.70493970340733400D-05 -1.20220861334441200D-05  5.44417435336430000D-04  1.88962045141099100D-04  1.23165647137516500D-05
31  5 -2.40097018257509200D-01  2.13530836986961900D-04  2.47553899881349800D-04 -6.36571098446509500D-02  5.66422788468694200D-05
31  6 -9.76164530975873900D-05  4.09741742507179000D-05  1.24956737227767200D-05  1.02349565515239900D-02 -1.34369863532299200D-01
31  7  1.42364020797672700D-05 -9.46537998073355400D-06 -2.60234323138433700D-04 -1.76274058423305400D-05 -8.04700587073622200D-05
31  8  3.22138159233617500D-01  1.07209318077604100D-04  1.17500954993195900D-04  3.52904265773086600D-01  2.20151271430616400D-05
31  9 -5.60893104148245200D-06 -1.64061961015789400D-05  1.60991483540662700D-05 -4.53911958235195300D-03  5.67156167692388300D-02
31 10 -1.72266002873962800D-05 -2.73731666883133800D-05  8.71681050966781600D-05 -1.44510867321024500D-06 -1.75843913215668500D-06
31 11 -2.17509605892012400D-01  3.41265850256772200D-04  5.78820065232729600D-05 -2.13866619357603000D-01 -9.50097615111231300D-06
31 12 -2.14467301932385400D-05  3.09477063443511300D-05  1.32187322862852700D-05  3.65457159957926900D-02  4.80359323909642000D-03
31 13 -1.65217163045119600D-05 -1.78290980219930900D-05  2.35904893970337000D-04  3.36338232248806900D-05  4.67398055017781100D-05
31 14 -2.17637243486712700D-01 -1.38449315364944700D-05 -2.78804562984506500D-04 -2.13917675191142100D-01  9.22147071530560300D-06
31 15  3.29151159923162800D-06 -1.25129823145374600D-05  1.31375216990773100D-05 -1.41292611527596100D-02  3.40243317469222700D-02
31 16  6.02228281040503800D-05  8.45302803252782100D-05 -7.53977811414104800D-04 -1.22111518687806400D-04 -2.07144499152420600D-06
31 17  3.22253665638019900D-01 -2.74422642805634400D-04 -3.70395034358401200D-04  3.52932347545207200D-01 -3.66027070623156400D-05
31 18  2.34854775419288800D-05  1.31172295203869700D-05 -1.65360208570314300D-05  5.14522641862688800D-02  2.44597939312239700D-02
31 19 -2.39364065777249000D-05 -7.30356617176238300D-05  4.77281101880584700D-05  1.40938282679324000D-04  1.71624823329527500D-04
31 20  3.60515973854505100D-05  2.41869014139212700D-01  3.57023054756181400D-05  1.22997445066925300D-04 -2.96958183865364800D-02
31 21 -1.06110850012814900D-04 -4.14733696456743500D-05 -8.44778489738920900D-02  8.78495224237793400D-06 -5.89772491927518700D-06
31 22 -2.88722732310263900D-06  2.29985560503756800D-05  4.23261604157147900D-03  1.47568151419077500D-03 -9.37082753104064400D-06
31 23 -6.74619635186145700D-06  1.61170238829020300D-05  2.52931469142223600D-05  9.68853480943739100D-03  4.33091652030991500D-02
31 24  1.70723463261822000D-05  1.24048061549277000D-05 -2.93041397905322400D-04 -2.69728467618387600D-04 -5.30286869133040600D-05
31 25  2.59876689206350900D-04  2.41785486151650900D-01  1.90710527146146900D-04  6.89364058243087600D-05 -2.96448929252846500D-02
31 26  1.72305204973281400D-04 -1.57252582035678100D-04 -8.44445213491858600D-02 -2.02578444173454200D-05  1.52272391953370700D-05
31 27  5.03060522200835400D-06 -2.99127938255127600D-05 -8.44469176663730400D-04  4.38511585221040400D-03 -3.65704082283883500D-05
31 28  3.59352499514417500D-05  6.35158276946572500D-07  5.20435819697775300D-05  3.26365674092982700D-02  3.00613998644916900D-02
31 29  4.86099258513409500D-06 -6.05528381818525600D-05  3.71619567741831100D-05 -1.18443791214700100D-05  1.27181514886707000D-02
31 30 -2.35007702683763500D-05  3.74787623836131900D-05 -1.09737119560418700D-05  1.86366457484406700D-05 -1.20052642251225500D-02
31 31 -6.19617291939718500D-05 -1.66806831077083800D-04 -2.32646964196552400D-06 -1.70664702945311200D-05 -1.20079799206978400D-02
31 32  3.55528383068187900D-06  5.99707565507395100D-05 -1.50480008432209900D-05  6.14763035582986100D-06  1.27486593838344300D-02
32  1  5.07722497525329700D-05  5.88482890075416000D-05 -9.48317081110154100D-04 -8.00698621681841200D-05  1.37851733295555600D-04
32  2  2.02876848959306400D-01  1.85942020029188900D-03 -4.44813121881031200D-04 -6.27023154281668000D-01  1.96383038102322200D-04
32  3 -2.94828246523145200D-04  9.84452084208232300D-05  4.87820678248289800D-04  8.38148165572860000D-02 -2.55711904981246000D-01
32  4 -1.86100598094531800D-04 -3.76837375478947300D-04 -8.11199512227441600D-04 -3.49843138762727100D-04  7.50734218363338300D-05
32  5 -2.02918843930743100D-01  6.17207702148424800D-04 -1.66788435569305300D-03  6.26893983105709100D-01  9.17103261568162500D-05
32  6  1.33464997839511300D-04 -2.25175323996327700D-04 -9.46755282591146200D-05  2.63362027475839400D-01  5.53554628454450100D-02
32  7  2.15025313909381600D-05  5.51987966108334500D-05 -1.01351245759503400D-03  1.23984427459480800D-05  1.58857933472645300D-04
32  8  6.14530299758916000D-01 -2.44636691344717800D-04 -2.88298841858203200D-04 -7.94528407843326300D-01 -5.58994021366377700D-05
32  9  3.34661058296071400D-05  2.24332963070305500D-05 -1.09753428833937300D-04 -2.71466051989915300D-01  1.78670787398746900D-01
32 10  2.16837636193219000D-04  4.35897072279769500D-04 -6.69168210875835400D-04  2.18141816955867800D-04 -1.88324003875194100D-05
32 11  1.05983589445695600D-01  3.38466825241154900D-04 -3.19470194007022300D-04  7.65651765415294600D-02  2.07370385063836200D-05
32 12  2.30280990924090700D-04 -2.51018029430474100D-04 -1.42041252915437300D-04 -2.74204821146173500D-01 -5.97477777063313600D-02
32 13  3.70398551465414800D-05  9.27755853174543900D-05 -2.16887765633994000D-04  3.02743425132990300D-04  2.85015908059771400D-05
32 14 -1.06052218349871000D-01 -2.92692979285369400D-05 -3.71821213146366000D-04 -7.68346414065609100D-02 -4.51348652003159000D-06
32 15 -1.57967448921691400D-04  1.62480935441723400D-04 -3.43420238187511500D-04 -8.52710765548051100D-02  2.67110222444445300D-01
32 16 -2.69184864352906800D-04 -5.37245176341247800D-04  2.68583194672536600D-03 -5.06475036109231400D-05 -1.18823675308888000D-04
32 17 -6.14666725015681800D-01  3.63242311535164200D-04  8.45053549140727400D-04  7.95045855513012500D-01  1.62471463904697200D-04
32 18 -2.84202295980291100D-05 -1.34051234306667800D-04 -4.99807052899592700D-05 -2.90356105230662900D-01  1.45544857343647400D-01
32 19 -1.29493213345019500D-04 -3.17643758360028600D-04  7.41252452555331600D-04  6.15810853537246400D-04 -3.03310731181621900D-04
32 20  1.31899217835879500D-04  2.10882399792064000D-02 -2.21920580353762100D-04 -4.04119282111429700D-04  1.85491723672732800D-01
32 21  3.30350071113933300D-04 -1.39630216290033700D-04  2.47215131111765300D-02  6.01640519468479300D-05  5.86554623734563800D-05
32 22 -1.18819514320304200D-04  1.42487051721623100D-04 -3.42124585542762700D-03  1.49376918988491200D-02  1.01891347123523400D-04
32 23 -2.28663192631080700D-04  1.26771845507557500D-04  1.17210116594130000D-04 -5.75850031984757500D-04 -5.97522555966825600D-02
32 24 -9.22498883536079400D-05 -1.57329734105994700D-04  6.25488530900058200D-04 -9.24202665890936700D-05  2.41992765441453100D-04
32 25 -1.78678751205219800D-04 -2.09958131144608900D-02 -7.59386917526028600D-04  1.70949212433731400D-04 -1.85559989284783700D-01
32 26  1.41252523011368600D-04 -1.68946195112586500D-04 -2.47496370201675700D-02 -8.79076320728063200D-05  6.90673942620565200D-05
32 27  1.88402378107501100D-05  1.10954553521340100D-05 -1.47537031990668600D-02 -4.74227856271568500D-03  3.76003582530684400D-04
32 28 -3.53397555406637100D-04 -2.26060271240474000D-05  5.32800817241612000D-05  5.14472516105717800D-02  3.03965053202596600D-02
32 29  5.10447519393377100D-07  5.97006959932788300D-05  1.77398831429912600D-06 -4.92553033082539700D-06  2.58551536425680300D-02
32 30 -1.35489633555510900D-04 -3.28177934265501500D-05 -1.47376599721967500D-04 -2.05410895058503800D-04  7.33928260806789600D-02
32 31  8.78539842608876900D-05  3.41955054995475700D-04  2.98274251230726500D-04  1.47075947531530800D-04 -7.32727249824242100D-02
32 32 -2.15097721791124300D-04 -5.02113059809014000D-04 -1.62853141378441100D-04  1.31591001155957200D-04 -2.58295003008096400D-02
 $END   
--- OPTIMIZED MCSCF MO-S --- GENERATED AT 23:25:33 18-MAY-2026    
o_bq XMCQDPT2/ALDET-CASSCF(12,10) Andrew-style geometry                         
E(MCSCF)=     -379.1167721935,  4 ITERS, E(NUC)=  323.1666827315
 $VEC   
 1  1  6.19416060238509500D-04  1.41766900237141900D-03  4.72399425221117300D-03 -1.64196953499310900D-05  2.78948038832356600D-05
 1  2  2.65023743006691400D-07  2.00746102312039200D-04  5.70492396533917600D-03  2.66878623129296200D-07  3.39014406113444500D-04
 1  3 -3.27674999492028600D-04 -1.13394066211364400D-05 -1.21680515304021500D-05  1.85484089954000500D-09 -7.43579976388935400D-08
 1  4  6.90534367301325300D-05  2.88717997788809300D-04  2.89936010407014700D-03 -1.98322082866655300D-04  1.09313425977888500D-04
 1  5  4.28889773975415500D-07 -4.29502405445219000D-04 -1.41230107746332900D-03  1.98824849317687600D-07  9.79926641958391100D-05
 1  6 -6.94324375091693000D-05 -2.85602266866735400D-05  9.24098691577705800D-05  7.59678998525159800D-08  8.66898516318131100D-09
 1  7 -4.80350528436209200D-05 -3.47143462967546600D-04 -1.67882834973154500D-03 -3.12897718032100300D-06  6.29197850681680700D-05
 1  8 -3.31557213049411900D-07 -3.04712552976291600D-04 -6.06714211920280000D-04 -3.44621499486765700D-07  5.35102466148008400D-06
 1  9  2.58425197030724200D-05 -3.11935443645176100D-05  2.19326133333519700D-05  7.11647793987056800D-08  1.08981171962477500D-07
 1 10 -6.29812263995858500D-05 -1.67066089872359100D-04  9.95260580032454900D-05 -2.17070636065194700D-05 -4.66812333397527000D-04
 1 11 -3.42263734014255200D-07 -5.21046850774629100D-05  3.36558800005789000D-04 -2.69163113022879200D-07 -3.90997320980857700D-05
 1 12  6.23117883378699800D-05 -2.32120562398366300D-05  5.14149093840823200D-06  8.86200074481109300D-08 -2.34686096915996400D-08
 1 13 -4.51241138001367800D-05 -1.88580081586955600D-04 -1.83503797058410200D-03 -1.98428285339893000D-04  4.74715446404007900D-06
 1 14  1.10918152260969800D-07 -1.00895072918264900D-05 -5.36385090757291300D-04  1.46018385417280900D-07 -4.33682348399232300D-05
 1 15  7.04366094554095600D-05 -2.70683746152833100D-05 -1.04642252408535200D-04 -6.43615799306291600D-09  4.80226499861300200D-09
 1 16 -1.65147919410678500D-04 -1.50127081571112600D-04  2.63697796455513700D-03  1.65214445479325600D-04  1.03895402035698100D-04
 1 17  2.55890126020937800D-07  1.53905539400430900D-03 -1.69495242908125900D-03  1.62827399943736400D-07  2.61015527135144000D-04
 1 18 -1.46796988639769700D-04 -1.14218538495252900D-04 -2.56959601885857200D-04  2.85516042944066800D-08 -6.58272649946196900D-09
 1 19  9.68299831018441500D-01  2.23594301755857800D-03 -9.04427029169131500D-03 -2.34353828802183500D-03 -1.32809704375392200D-05
 1 20 -1.71293584252153500D-03  2.28094438106539100D-07 -4.93103706940531800D-07  3.49510735640362500D-03  2.45552982863581700D-08
 1 21 -9.56631765854235700D-05  8.26524771188411300D-04 -6.40905981412922700D-08 -1.92840885167771000D-04  2.55431018600498900D-04
 1 22 -6.25901334328019000D-05  1.15246431042146800D-05  4.63728600940071700D-08 -8.24717546691940900D-08  4.85626006768809600D-04
 1 23 -8.35633829514716700D-04  3.50007822745895300D-04  2.05822552460892800D-06  2.08913611441962600D-08 -8.37008411035075000D-08
 1 24  2.56276975650634400D-01  4.27661608075910800D-04 -1.62874541542971400D-03  3.72134678165389700D-04 -2.54583014168590200D-04
 1 25 -8.23943049585720100D-05  9.70897576846232300D-07  7.32754486612297100D-04  5.35031620855634400D-04  3.57596570301775700D-07
 1 26 -1.04582316229668200D-04  8.15305126171859000D-05  2.28011645558090500D-07  3.58729928230267000D-05 -2.26009117793127300D-05
 1 27 -1.32720810436947100D-05  3.94813372339208100D-05 -1.25485218125206600D-08 -2.08174543456351100D-09 -2.00954590354925400D-04
 1 28  1.56938222912843200D-05  1.85260768063639500D-04 -2.25549142461746400D-04 -3.95660308312367500D-08  2.83862083680048400D-08
 1 29 -1.76558990423413700D-04  3.55009674850100200D-05  2.00210433508708700D-05  5.37414110970311700D-07 -6.96815808218411800D-08
 1 30  3.87961494740757700D-04  2.85492922591768600D-04 -4.90413621384693400D-06  8.17072558293802100D-06  4.48870318757977900D-08
 1 31  1.65223220983032900D-04  8.15782845985736700D-05  3.63375806620219000D-05  3.18407663827141300D-05  3.07532186312646000D-08
 1 32 -1.53167822808892000D-04  7.74133554495491900D-04 -1.14145715528424100D-04  9.43080981611180200D-05  5.77611442207609300D-08
 2  1 -2.85214510694197400D-04 -5.26049326423282700D-04  5.93738102748264400D-04  2.44477670133997000D-04 -1.19197207028433500D-04
 2  2 -5.20461394379629400D-07 -1.28002538138035900D-03 -4.52031470541847500D-03 -2.32514806898273400D-07 -3.09542529875793600D-04
 2  3  3.33544853621148900D-04 -2.40023237452163000D-05 -3.84987189718957100D-05 -4.15095014807552000D-08 -1.38902309769590700D-08
 2  4  6.78440478705526500D-04  1.47423891038947000D-03  3.77534429037194700D-03  1.76917275205261200D-04 -8.33066534184561100D-05
 2  5  2.39541441545960200D-07  5.83893201685651500D-03  4.30766980895629000D-03  9.85419418173683700D-08 -2.34136276555492200D-04
 2  6  2.31575027333169300D-04  2.56124922238407200D-06 -4.42162292757947200D-04  1.23633253792851700D-07  9.64973685052996100D-08
 2  7 -1.67277671160580600D-04  6.96284747538365500D-05  4.05673807053197900D-03  1.06615586880445100D-05  1.88443321204162600D-04
 2  8  2.51111694053551000D-07 -2.41388348002499400D-03  9.14268416784018100D-04  2.14403555278816600D-07  1.69899326817202300D-04
 2  9 -5.46959926184014100D-05 -1.15203334198925500D-04 -3.95954201070889200D-04 -4.10625553803460700D-08  3.64947460277475800D-08
 2 10 -1.73976626582871600D-05 -1.22019840043953300D-04 -2.19114157253446500D-03  1.42793131382968300D-04  1.14367112148882400D-04
 2 11  1.26964120618951500D-07 -4.98573574094305700D-04 -5.04998905701382000D-04  2.48434946120909800D-07  1.64948358861152800D-04
 2 12 -1.46902961478180400D-04 -1.80453973829560200D-05  3.56821998143387700D-06 -8.03051192296836400D-08  2.18951813106733600D-08
 2 13 -4.74317251352735800D-05 -7.58462698424898400D-05  1.19720933772919600D-03 -3.45142359693905500D-04 -3.13619822600916000D-04
 2 14 -8.00987631449498100D-08  3.76466274648086900D-04  4.51524814720863600D-04 -7.91103724507955100D-08  6.65488522728251400D-05
 2 15 -5.50702336195546000D-05 -1.14786186533256800D-05  1.21985757207113400D-04 -1.01453827247189000D-07  7.57349511814314800D-08
 2 16  3.24091297373161700D-05 -3.53179500729915600D-04 -3.49512829333613500D-03 -5.43817394672521500D-05 -3.60343012982198100D-05
 2 17 -2.91470355225830900D-07 -1.33039866916204400D-03  3.26325343471117400D-04 -2.89306919711351600D-07 -1.47339459881019100D-04
 2 18  1.15846882400053100D-04  3.14925774809512600D-05  1.70021217148739700D-04 -3.68492729725552400D-08  9.50554631456940100D-08
 2 19 -2.56453129536921800D-01 -8.07914382812732900D-04  3.35473137181970900D-03  1.78103282356325100D-03  7.27454651204861200D-05
 2 20  6.86996547015517700D-04 -8.39237961984398700D-07  1.13128727321104800D-04 -9.63217896201752300D-04 -6.19134882063223800D-07
 2 21  1.96173156827799200D-04 -5.34957797457464600D-04 -4.77460734520291200D-08  6.92786275138058700D-05 -8.78104031639899100D-05
 2 22  1.85317756502233600D-05 -1.75793104264009600D-05 -2.37816056686856200D-08 -4.63294984476314500D-08 -1.27993522811280800D-04
 2 23  1.14660347166616200D-04  1.33331756446755900D-05 -6.94790720687814600D-06  2.47246660771067700D-08  1.46247366142531200D-07
 2 24  9.68346749007995900D-01  2.33979245463973200D-03 -9.50722955434704100D-03 -2.92082213462678200D-03 -1.56820939886920300D-03
 2 25 -9.68164241119646400D-04  4.06334059326788300D-07  3.06368098292291000D-03  1.69898413871670300D-03  5.83542864495967400D-08
 2 26  9.40789213000958500D-04  3.34992350083162200D-04  2.90954503968551500D-08  1.34325873352543400D-04 -6.99036148511986400D-05
 2 27 -6.44222585013647500D-05  2.43767586009914700D-04  5.67789976644592500D-08 -1.43146052201083600D-08 -4.69396151664740000D-04
 2 28  1.72953700613500200D-04  2.96442451051245100D-04 -6.30451700819085600D-04  9.08734398671850000D-08 -1.96494633188590600D-08
 2 29 -5.02458745164359800D-05  8.79626745685184100D-04  1.46086531512757600D-04 -5.88023084743935300D-05  3.48378369624739200D-08
 2 30 -7.04682987469365800D-05 -8.58332535000037200D-05  1.39850285836980500D-05  4.76725102598379500D-05  4.83618430433395700D-08
 2 31  3.70341423780604700D-04  2.89896561114350000D-04 -8.43382866081564600D-06 -1.86125921589276200D-05 -1.02753201971144100D-07
 2 32 -1.24013676070547700D-04 -4.06668210607063200D-04  5.28639232425581900D-05 -3.36983857271833100D-05 -6.23191876303179700D-08
 3  1  6.95546658190054600D-01  7.55652818321560900D-04 -6.96429111067324100D-03 -8.87723049841247200D-04  3.79113153030738000D-03
 3  2 -8.84333324079075000D-08  4.82059582869292500D-04  1.60374150092348600D-03 -6.84156703496572800D-08 -4.40378405493313400D-04
 3  3  5.60293896922571700D-04 -1.19915491429133900D-04  5.20133074153856700D-04 -1.05290345898485200D-07  2.96067258623700100D-07
 3  4  7.22213222120233200D-01  8.99937468071017100D-04 -7.14282558287742600D-03  3.75992433773441600D-03  1.15587747372173400D-03
 3  5 -3.08462666115326600D-06  1.23873076220653700D-03  1.17976627726084800D-03 -1.54583404570683700D-06 -5.70219580135506300D-05
 3  6  2.02336675201670800D-04 -1.45314717188237000D-04  7.68805460431855600D-04 -4.43349965125839500D-07 -2.75153740213105200D-07
 3  7  4.56902526529251300D-03  1.46964163679429100D-04  1.58916184462934600D-03  3.99108033143417400D-04 -1.98016975763730100D-03
 3  8  1.11115129456545900D-06  2.27945319085031800D-04  2.30755501458757400D-04  1.09052334847589800D-06  3.49531097914753900D-04
 3  9 -4.95770750352144100D-04  1.46239652437263200D-04  1.64321516801780500D-04 -1.02045211674283400D-07 -1.34103474879281200D-07
 3 10  3.40626874842083000D-04  3.44405205912087900D-04  7.98178892933454900D-04 -3.41481098227547900D-04  1.84999943216937700D-03
 3 11  1.69092328443304600D-06  3.45031503498835300D-05  1.08794300090890700D-03  1.02802648492534300D-06  1.21493478307602200D-04
 3 12  2.24468113647255800D-06 -1.23738159444174200D-04 -1.19319896490278100D-04  2.21473303290591600D-07  1.06987164618940400D-07
 3 13  2.19027966528781500D-04  3.48079744710795100D-04  7.67851607650255400D-04  1.77169643401029000D-03  6.28973189826919000D-04
 3 14 -1.65950281872415200D-07  9.01312259059893600D-04  5.64918822569367600D-04 -3.71993769243660400D-07  1.19778119336144800D-04
 3 15  8.41013386409209600D-07 -1.20619132722690500D-04 -1.21506914788699100D-04  1.38388153020392000D-07 -9.41233537003573300D-08
 3 16  3.97275338151275400D-03  1.43773192800418300D-04  1.62354971235226100D-03 -1.91275316575844000D-03 -6.42444966193344900D-04
 3 17 -7.91706430328105600D-07  1.00303043088938500D-04  3.22832631706618800D-04 -7.12914949021785700D-07 -3.98112068604847000D-04
 3 18  2.62506245071554500D-04  1.35605823533330400D-04 -3.38337937409637400D-04 -5.41601162855994700D-08 -3.89534521513043700D-09
 3 19  5.84678659561327400D-05  1.36320042159368500D-03 -7.77786393015034600D-04  7.90265952653420200D-04 -1.85198329842493600D-04
 3 20 -9.44813511372687500D-04  1.69712884363402200D-06 -3.29282940863770400D-04  1.02679813954076900D-03  1.20188748824666600D-06
 3 21  3.65356947176168200D-06 -9.07834341085910200D-04  3.85961700116443200D-07 -1.00272932543262400D-04  2.15849104287492200D-04
 3 22 -1.15576171744220500D-04  6.17252032925719000D-05 -3.94903907670959300D-08 -2.91675415792588800D-08  3.99214125622798200D-04
 3 23 -8.50444224742744900D-04  4.51230099119986300D-04  1.62570625958480900D-04  5.10540423000647900D-08  7.38713120068981400D-09
 3 24  6.62798057149413600D-05  1.39129110864612700D-03 -8.60575834415041500D-04  7.93022358977778900D-04 -7.36911729856811700D-04
 3 25 -6.39162829655934100D-04 -6.11210099639952600D-06  1.11088785372472700D-03  2.77056202694795000D-04 -4.01547656355803900D-06
 3 26 -8.00962052917252600D-04 -4.56322441866060800D-04 -6.46171241958957600D-07  9.49730966385411600D-05  2.48222526719697600D-05
 3 27 -1.19795349310380400D-04  1.93111166363042900D-04  1.74548466056941800D-07  7.90240357781145600D-08 -6.83252568861257300D-04
 3 28  2.04921635602241400D-04  4.78330933259041700D-04 -5.70485989350065100D-04  1.61840245670787800D-07  6.65118218041418500D-08
 3 29  1.36591305995031400D-03  3.53316943377303700D-04 -1.80330922253923700D-04 -2.56930674346933300D-05 -5.48531198309974500D-08
 3 30 -1.51346172582712300D-03 -4.67824083091440000D-04 -2.86267715905661000D-05 -1.08906190357659100D-04  1.16891660927586300D-07
 3 31 -1.51067527282956500D-03 -4.73640397633994000D-04 -7.82396026612326800D-05 -7.83715629182826900D-05  1.05131237560980200D-07
 3 32  1.36198044642151000D-03  3.55951676233215300D-04  6.54275008901468300D-05 -1.67153373015987100D-04 -1.06121262753741900D-07
 4  1 -7.21214799702155900D-01 -8.29286549766585100D-04  6.90282782509181000D-03 -2.51346485790713000D-03 -2.06098282121674400D-03
 4  2  5.73527679518582900D-06  2.11531268193259600D-03 -1.93000933081048800D-03  2.67079998182635600D-06  1.12168285273004700D-04
 4  3 -6.26699370947431900D-04  5.14531085674244300D-04  5.07467710746024200D-04 -1.23637856221294800D-07  4.82422530706759900D-07
 4  4  6.94578745170551100D-01  6.85860222829336100D-04 -6.73137600313277900D-03  4.93861899996432000D-04  3.18382762780360000D-03
 4  5  5.95593227692587000D-07  2.70699841136476300D-03 -9.15997127819134900D-04  5.97099836209928500D-07  8.21103423802775600D-04
 4  6 -3.18035510681193000D-04 -5.03067913121512200D-04  9.31115910933488400D-05 -7.72795899980618100D-08  4.95458341408566500D-07
 4  7 -3.37575404164015900D-02 -4.59588405225482500D-03 -4.37498141449942800D-03  1.04750561492148600D-04 -1.57412521506743600D-03
 4  8 -3.38835513360660000D-06  4.12546896203448100D-04 -1.33077858260079700D-03 -2.98083800715804900D-06 -9.53583696239615100D-05
 4  9 -3.60034667083437400D-04  4.55393036707502100D-04  1.06929349472778300D-04  3.52440386565973500D-07  3.14363056209064400D-07
 4 10  3.48690561988780800D-03  4.85025827757864200D-04  2.27106285233109200D-03 -1.33565196801417700D-03 -2.95363308402725500D-03
 4 11 -3.01833415279803600D-06 -6.89329653304731100D-04  3.13675821630927000D-05 -1.98481341394587100D-06 -2.93110442635379200D-04
 4 12  3.62889735697611500D-04 -6.97792930622658200D-05 -2.23859100200969100D-04 -1.76454315171789500D-07  1.96820460368252400D-08
 4 13 -2.30587754269991400D-03 -4.76940368552272800D-04 -2.27335064758428000D-03  1.89188270908463400D-03  2.63724886837550000D-03
 4 14  1.23736293909464000D-06 -3.69528727304688200D-04  5.81395624733599300D-04  1.09088314506678900D-06 -3.69558012714431200D-04
 4 15  2.94959400607007800D-04  7.45986121076012700D-05 -2.18078529482013400D-04 -2.04650467286387000D-07  1.70548800117613000D-07
 4 16  4.03077837686160400D-02  4.63099181685047300D-03  4.27001036759299000D-03  1.42217071050321000D-03  6.99266214030796100D-04
 4 17  3.64235054219696400D-06  1.32085710814725900D-03  2.98602414797727100D-04  2.62947301136200800D-06  3.83893632282175800D-04
 4 18  7.91451560993102800D-05 -4.63038788381525100D-04  8.13413803802579500D-05  3.00342933064828700D-07  5.89554217858653600D-08
 4 19 -1.61168049476092500D-04 -1.50253879789128000D-03  9.95959741713865500D-04 -4.08928627002045100D-04 -3.93561182903016500D-04
 4 20 -9.49215749206964000D-04  7.30080638888850100D-06 -6.24234402459519500D-04 -2.59929225765342200D-03  4.74029471979877200D-06
 4 21 -2.95812802515678400D-05  4.67257293468292900D-04  3.06698979491793500D-07  3.08029669287090000D-05 -1.06132613279128100D-04
 4 22  7.53296463503698800D-05  6.45525957368180600D-05  3.51061016365999700D-08 -2.96688904378867400D-07 -3.44631415124798200D-04
 4 23  1.09035600632497200D-03 -7.45724591200112900D-04  2.05021452905386000D-04 -6.69331130393338000D-08 -4.20809174009368300D-07
 4 24  1.54041059283799600D-04  1.47821674677509000D-03 -9.23185563498858600D-04  3.91068388203869300D-04  6.35804166608323900D-04
 4 25  8.21002914111477300D-04  1.19150206892131600D-06  1.87921954786714100D-03  1.81830826935271500D-03  6.03226296585875800D-07
 4 26 -3.98448822474734500D-04 -1.96128541582997000D-04  4.40915256333676400D-10  1.17007673647654300D-04 -4.52827854226067500D-05
 4 27 -7.17248882250880100D-05  3.11055416708992600D-05 -1.85137554041516400D-07 -8.41858002161922900D-08 -5.51632859345952500D-04
 4 28 -1.74538516215092800D-04  7.26171375561023400D-04 -7.99178937250802600D-04  2.93830689838529200D-07  5.45104263847860600D-08
 4 29 -1.60816442488391100D-03 -4.93593067380684200D-04  1.07091617686350800D-04 -8.95859709683044300D-05  7.71830084530396300D-08
 4 30  2.93426983598059700D-03  1.29854753185140400D-03 -4.27753600252224800D-05  1.40901537304915000D-04 -1.96524649933014100D-07
 4 31 -2.93310992524992700D-03 -1.29835181734926800D-03 -1.42507774733082300D-04 -3.29968263729447100D-05 -1.03955577333840700D-07
 4 32  1.60279325495780600D-03  4.97608586172616100D-04  1.27565823803921400D-04 -4.36665302675665300D-05  1.41417903991795600D-07
 5  1 -4.18139511047864900D-03 -9.21664596860520000D-06  7.24393383704177000D-04  1.78534477546885200D-04 -2.13956948394730400D-04
 5  2 -7.22339725591863900D-08 -9.11336910023481500D-04 -1.44694288529954300D-03  2.62439804406672700D-07 -8.93953773113702500D-05
 5  3 -1.03063372482938700D-04  1.92458749794306000D-04 -2.06591490659095000D-04  5.36340627269081100D-09 -3.60046876927245300D-08
 5  4 -4.95781649965059600D-03 -1.27700271941110300D-05  9.79611364741610600D-04 -2.85528585462026300D-04  4.65085061978288100D-05
 5  5  7.70934626543648800D-08 -1.19937305433652100D-03 -2.19245109627574000D-03 -1.08453574940001500D-07  5.86580862494263600D-05
 5  6 -3.03713256169972100D-04  2.45055169920491700D-04 -1.24059396534715500D-04 -1.77753536285918000D-08  3.09685993884021500D-08
 5  7  7.58577728217469200D-01  3.29580698779503900D-03 -8.02207704608696500D-03  1.28440905930636900D-05  3.49526933032756200D-04
 5  8  3.69280637605768400D-09  1.29930990449804000D-03 -1.69013746197779800D-03  8.68666084140851700D-08  3.15176282715460400D-04
 5  9  4.28674154973842400D-05 -3.58043698212753100D-04 -4.51753268533978800D-06 -1.31682416531268300D-08  4.87969090221220100D-08
 5 10  9.24999752006632500D-02  2.83051432870467800D-05  1.33299134159783000D-03 -1.09071406424309800D-06 -1.02841625486455800D-04
 5 11 -7.15073408917592700D-08  4.99474557860632500D-04  1.06925375647010900D-03 -1.24782858733161200D-07 -7.32211772919335700D-05
 5 12 -6.93136985155749200D-05  1.42534875807395500D-04 -3.42318116883129000D-05 -1.00917934123434600D-07  2.82844245341252300D-08
 5 13  7.99756693448865400D-02  2.50705849691801000D-05  7.61302810983781300D-04 -1.01310511603768700D-04 -6.80045396363933300D-05
 5 14 -1.32039823258254400D-08  4.31873090767470900D-04  6.43126484286743400D-04  8.16167807468538500D-08 -1.56274946529015700D-05
 5 15 -1.05272737915787300D-04  1.20900232568768100D-04  4.58013688687441100D-06  3.58656284943119400D-08  5.51452247586957900D-08
 5 16  6.43208388296594400D-01  2.74607009399280100D-03 -6.30215906465749800D-03  2.62342204720568800D-04  1.55546796466038900D-04
 5 17  6.04955863102572100D-08 -1.60029187847104400D-03  1.46833627666340900D-04 -1.20572214239902400D-07  9.81609993215425900D-05
 5 18  2.18077794309015500D-04 -3.16238793630641900D-04 -1.12717952365237100D-04 -4.11993984599832600D-08 -4.75177726237961900D-09
 5 19 -1.13532451912733800D-04 -2.55468284108146200D-04  7.78321526592170600D-04  9.86394669503517800D-04  2.46552303668390700D-07
 5 20  8.78274844434869500D-05 -1.15239774744574000D-07  2.87362006016631000D-04 -4.98292780535506800D-04  3.47743551583440000D-08
 5 21 -8.64492208096630900D-05 -5.31032330243622900D-04 -1.75890774902286400D-07 -1.54036459935011700D-05  6.64453517153497200D-06
 5 22  8.75911082201740800D-06  1.21741649216898700D-05 -2.49587544402561000D-08  2.22250946909003700D-08  3.57366567818288400D-05
 5 23  1.39421568065330300D-04 -1.75158224847067100D-04 -1.47627482345994900D-04  6.83201714211264500D-09 -6.85847581031843300D-09
 5 24 -1.35489654269534700D-04 -2.97539802790193200D-04  1.02990398890556600D-03  1.44391655343939000D-03  7.20379339269202300D-05
 5 25  3.97180774352593600D-05  2.45808008501280500D-07 -7.09578402560768800D-04 -1.66817815009763400D-05  2.90346246215522900D-07
 5 26 -6.10774257260998900D-04 -3.87588142623348000D-04  4.22626846658888100D-08 -4.28955759223325500D-06 -1.16082475929769500D-06
 5 27  5.45038235149607100D-06  1.93722224495723700D-05 -2.64408339096349800D-08 -1.32783498494188100D-08  2.47172078767391700D-04
 5 28 -5.97645810651333500D-05 -1.87407497702243800D-04 -2.35383475076765600D-05 -5.86887204933603600D-08 -6.21725662948174400D-08
 5 29 -2.99284608333696700D-04  1.46300359671796800D-04  2.88344992892434600D-04 -1.78586013257321800D-04 -2.03507965172341400D-09
 5 30  1.44470580394789900D-04  5.08942872967100500D-04 -7.54128294915292600D-06  5.66154541126680800D-05  1.97743850852715900D-08
 5 31  1.30696027424860000D-04  4.14681578905686600D-04  4.96405583104908200D-05  1.56292845826425300D-05 -6.49259748250903700D-09
 5 32 -2.66242447436019900D-04  1.73978508250264500D-04 -2.55432397451051900D-04  1.39087027781069700D-04  6.09520213254925800D-08
 6  1  3.44846549067637200D-02 -2.36424135029526600D-03 -6.12068039577587600D-04  1.84372463636525900D-03  5.46190241330847800D-04
 6  2 -4.35452483435948600D-06 -2.48523250170537900D-03 -3.90813731963536500D-03 -2.14426720852027800D-06 -3.20811643235681600D-04
 6  3 -1.29985036892192900D-04  4.50796680127772600D-04 -5.53783429952173200D-04  1.14033100261690600D-07 -1.42373624916902600D-07
 6  4 -3.33367910848933100D-02  2.29476007369268000D-03  6.68178459708304500D-04  4.92363498006442000D-04 -1.84960254633431300D-03
 6  5 -1.22666400453515600D-06  2.01810035644192500D-03  3.82954525523568900D-03 -6.24663408063050800D-07 -2.32479699075191500D-04
 6  6  6.46392442792293800D-04 -4.13912743717189800D-04  1.71494933752845200D-04 -5.21827176238384200D-08 -4.98235455528202400D-07
 6  7 -6.05395281917127900D-01  1.30034864879860400D-03  1.25841370086891400D-02 -2.52889510030211500D-04  5.76959564461611300D-04
 6  8  3.66571901250474400D-06 -2.33623405650068600D-03  2.72196330076991900D-03  3.03913828969280800D-06 -1.11112784764833700D-04
 6  9  1.28137025313309100D-04 -1.70242405484453500D-05 -5.32671677379830200D-06 -2.64998914308865500D-07 -1.94563145830890200D-07
 6 10 -2.43488335537910500D-01 -1.22472154238735000D-03 -2.64968347875048700D-03  1.48618061642753300D-03  2.95676240158956600D-03
 6 11  3.24848854754169100D-06 -4.47215934538392400D-04 -9.05374001426773700D-04  2.54599458746693400D-06  1.57879949305075600D-04
 6 12 -1.56824937230227600D-04 -1.05501207505254900D-06  2.10222776964975500D-04  4.29199579688142100D-07  7.06276103202686300D-08
 6 13  2.45878963186923200D-01  1.20205718140922200D-03  2.91758950345867300D-03 -1.78514028262289700D-03 -2.75316095460907900D-03
 6 14 -1.74913659788171500D-06  6.70636916544055800D-04  9.94106580083334300D-04 -1.51722023009914800D-06  2.31389924603504700D-04
 6 15 -2.54452687207486500D-04  2.30627626039114700D-05  4.31699940101254500D-05  1.58409065103468100D-07 -4.32978396044594100D-07
 6 16  7.18330301462789500D-01 -8.10022922290081500D-04 -1.37401837439068100D-02 -6.43164020710779100D-04 -5.55074931194093800D-05
 6 17 -3.89502112502591400D-06 -3.82939726640329500D-03  7.12723160214865200D-04 -2.95562216855525600D-06 -5.64363487611161100D-05
 6 18  9.53151776974809900D-05 -3.88788289365528600D-05 -1.47048950882121300D-04 -2.22449298529223800D-07 -8.67123047846311800D-08
 6 19 -1.41132610872620900D-04  4.06939058963729800D-04  2.58620542985066700D-03  3.31081917560034600D-03  1.90454505263034900D-04
 6 20  1.42896841354766700D-03 -4.33007669917571400D-06  4.91289653100339300D-04  1.39340271555338700D-05 -2.68420849024078000D-06
 6 21  3.19807897718654900D-04 -1.36870593048230800D-03 -9.40180424174124200D-08  3.22793099136623300D-05 -4.80520784250706600D-05
 6 22  1.57727685112547000D-05 -4.95778243106345900D-05  4.61985732870569500D-09  2.38683018173857000D-07  3.82361476149723300D-05
 6 23 -2.62655560632379100D-06 -3.56095920088119800D-05 -2.02326351046231900D-04 -4.77453400106126700D-08  2.59610983260398700D-07
 6 24  1.25069730262017000D-04 -4.25803205201001600D-04 -2.43385998599840400D-03 -3.12320824641792000D-03 -1.14622786287950100D-03
 6 25 -8.87184286947268200D-04 -3.24728026649108400D-06  1.29732651438705800D-04 -4.38319727119960500D-04 -2.22356557608332300D-06
 6 26  1.26082707963989100D-03  3.49783768545917400D-04 -1.93246545019841400D-07 -9.89620403856753100D-06  2.54165980139663600D-05
 6 27 -1.55203939754257600D-05  6.92927128743115400D-05  1.68774260187190600D-07  3.43449128357196800D-08 -1.26005508155543000D-04
 6 28  1.16864852272448100D-04  9.14065588309970900D-06  1.16571777574327000D-04  7.38250388290691500D-09  1.41712217967257800D-07
 6 29  1.89755865669576500D-03  5.77766924715583400D-04 -3.70653229741362300D-04  2.38163946520719000D-04  1.08124430287070300D-07
 6 30 -3.08718930641353900D-03 -1.81200282448299400D-03  3.18123091411291700D-05 -1.34241226190033200D-04  1.86483014889551600D-07
 6 31  3.07407525393138500D-03  1.85799843941658100D-03  1.43147172258094200D-04  4.25704147710380100D-05 -9.62866839429279100D-08
 6 32 -1.91257801861130400D-03 -5.40718342352150700D-04 -4.39158690753379100D-04  2.25859014643205900D-04 -8.40294634815308100D-08
 7  1 -4.62405680537683100D-04  4.33092993081369200D-05  2.59022334080961300D-04 -4.19315664334453000D-05  4.45452148840957800D-05
 7  2  5.05956644236798400D-08  9.92569879691201700D-05  1.89925601872492300D-04 -1.05824213899772800D-07 -4.61831423065419200D-05
 7  3 -4.41870972787284100D-05  9.03702395851903300D-05 -7.35884174505469600D-05 -3.41698568493893700D-09 -2.56562156976808600D-08
 7  4  2.56014438387116300D-04 -3.25199623971022100D-06  2.21831697545881400D-04  5.00596814369943900D-05  2.29914165725183400D-05
 7  5 -4.36822552284988800D-08  9.26160782762077400D-05  1.37847343571426300D-04  5.34626050078725800D-08  1.44888894990244900D-05
 7  6 -1.10804441629116500D-04  9.63155521300181900D-05 -3.81307776611072200D-05  1.37994258718657600D-08  1.92658169242073400D-08
 7  7  9.06085529761840000D-02  6.69625433233642400D-04 -2.89724537954999100D-03 -5.00507874462373200D-05 -4.70898000275887400D-05
 7  8 -2.40017183030611700D-08  1.48981324292489300D-03  3.76597247584123200D-04  3.75540310210333100D-09  1.30226166804481200D-04
 7  9  4.38817444654795600D-05 -1.74107911270140300D-04 -4.36295288573351900D-05  1.49346891260645900D-08 -5.96280557961802300D-09
 7 10 -6.97125916686273200D-01 -2.80220046542332900D-03  5.64315204561316600D-03  1.84452900792528900D-05  5.81383139063715200D-06
 7 11  2.57837545130728400D-08  8.95862993508560200D-04  6.60718850076340300D-04 -5.41202377235437100D-08  6.10806232256147700D-05
 7 12 -2.29552634621899500D-04  1.68472011396307700D-04 -2.26765396204187500D-04  7.18331779670239700D-09 -7.76093698040933000D-10
 7 13 -7.09168232508510100D-01 -2.86316815712134000D-03  5.71463846023692300D-03  3.34469855283495900D-05  7.66413565304609800D-05
 7 14  1.84888051870709400D-09  1.51611257441493100D-04  1.11071639597079700D-03 -1.42798994769496800D-08  3.89996516885834300D-06
 7 15 -1.79938968522027700D-04  1.76039003353178200D-04 -2.60405857891749800D-04  2.96642360691507500D-08 -5.55560869192675400D-08
 7 16  8.29364304076841600D-02  7.21998189421160500D-04 -2.74552056478761800D-03 -1.62413740153356800D-06 -6.54177709824041900D-05
 7 17  2.15943228840031000D-08 -3.81540701647644700D-04  1.48217329186063500D-03  8.06667799498457500D-08  1.01810611972667900D-04
 7 18  7.73299444690043500D-05 -1.79140556441982400D-04 -6.37116373163085100D-05  7.23090604711789100D-09 -1.83229191123448900D-08
 7 19  3.35857394619529500D-05  7.14832210375342600D-05 -1.76223588562556800D-04 -2.80345766621015800D-04  2.04868341582025300D-06
 7 20 -4.16616686773299500D-05  7.74486430318071700D-08  4.78014110984112700D-05  1.06880002588791200D-04  9.24974358232950600D-08
 7 21  3.51180995437159300D-05  1.41275591664828300D-04  8.05431360880217800D-08  1.05468701127749500D-05  4.32566862589510800D-06
 7 22 -1.48725387386710400D-05 -2.59588141530247400D-06  6.69324627326780500D-09 -3.19702651280410900D-08 -2.40942522094479700D-05
 7 23 -1.50864779121881500D-05  3.91807301215224500D-05 -3.76505525925069400D-05  1.69712480578524100D-08 -2.63462342123427900D-08
 7 24  3.17530231656562500D-05  8.15315726529175500D-05 -1.36244158210374800D-04 -2.34144855844363100D-04 -1.33327480174754800D-05
 7 25 -6.77797181084901600D-07 -8.63338118460580100D-08  7.08952599897056300D-05  1.02642394807794000D-04 -1.08976614198012700D-07
 7 26  8.64034859885233800D-05  9.47964542319584900D-05 -5.15691005617219000D-08  7.80041851642182200D-06  6.62470575557042300D-06
 7 27 -1.44251242720185600D-05 -5.86589838751262400D-06  0.00000000000000000D+00 -1.27728169491729600D-08  1.24763834291228800D-05
 7 28 -5.14592652218676400D-05  3.89828817927432100D-05 -1.60314437071930300D-05  5.27620573614530800D-08  2.89201715678761200D-08
 7 29 -1.09740158251631300D-04 -1.76135506572483100D-04  9.74055401101123100D-05 -8.33107166185648500D-05 -3.25825460589376400D-08
 7 30  2.50484672606789400D-04 -7.00629828609075400D-04 -4.65630514849364300D-05  3.05657347491306200D-04  1.20480399627939200D-08
 7 31  1.92817008093311800D-04 -7.35182916704351900D-04  2.89413324598368100D-04  1.14611655103161200D-04  4.10970589246578600D-08
 7 32 -7.41786765069862200D-05 -1.69680380080924500D-04 -1.15387937208454900D-04  4.00368269267867300D-05 -2.12655992095438100D-08
 8  1 -1.58350863105006300D-02  1.13582481538769100D-03 -7.85840531928351700D-04 -8.73200872782464400D-04 -2.85391657299273400D-04
 8  2  2.04972281241543800D-06  1.31965700102484200D-03  1.64139135706824000D-03  1.07692010023175800D-06  1.13562889679255100D-04
 8  3  7.98681981266791500D-05 -1.93431087806027900D-04  3.26211465170876600D-04 -5.23310256940329700D-08  5.25447866989107100D-08
 8  4  1.53386737353561800D-02 -1.13141995024056300D-03  7.64235037643025900D-04 -1.86308543709410000D-04  8.95199859143397300D-04
 8  5  5.94592662544418400D-07 -7.24141738465441200D-04 -1.88959744193997500D-03  2.16699397934833300D-07  1.54587369156398500D-04
 8  6 -3.40528155948445300D-04  1.85940786792108300D-04 -1.43081555308327800D-04  4.81575733792381400D-08  1.97643983998152000D-07
 8  7  2.31185220274701100D-01 -5.82986566039880100D-04 -8.12583693294266700D-03  9.92845112699163400D-05 -3.47611987669449600D-04
 8  8 -1.72971631901973700D-06  2.45051482646313900D-03 -1.58421350029210500D-03 -1.49861004256015300D-06  1.89569543708516500D-04
 8  9  8.36667372833373500D-05 -2.73236280992092700D-04 -5.11510249070029300D-07  1.36954554418062500D-07  1.23053888718195800D-07
 8 10 -6.71075969785202100D-01 -2.88446289145978200D-03  1.08570996017239500D-02 -6.16921882445728900D-04 -1.44349732636230700D-03
 8 11 -1.57377924391873600D-06 -6.60263568646108400D-04  3.04251245791947800D-03 -1.12701159215729500D-06 -4.71668430879652700D-04
 8 12 -1.53065067838133400D-04  6.24733498717840600D-04 -6.81655418436324300D-05 -1.18851193641141000D-07 -1.03108555358721900D-07
 8 13  6.59094401636908800D-01  2.84493526299167600D-03 -1.08292914295998900D-02  9.43513097323489800D-04  1.25843677430154700D-03
 8 14  9.03100521248218400D-07 -2.98799307219232200D-03 -9.68859083106620200D-04  6.24978088336967400D-07  1.82496525663141800D-04
 8 15  4.44680686552333700D-04 -6.27177212215619300D-04 -1.28324928209310700D-04 -4.52100108086908000D-08  1.98021104829585700D-07
 8 16 -2.57935934407807100D-01  4.72351864205031400D-04  8.37331771185764600D-03  3.45140263367811400D-04  8.13074589171927900D-05
 8 17  1.84687932944524900D-06  2.66746268577544700D-03 -1.31926111284333100D-03  1.39037514804378700D-06 -1.12906906257279100D-04
 8 18 -1.71132577291856800D-04  2.84039483549056500D-04  5.83785475574519300D-05  7.20010922347154400D-08 -4.65911516924133400D-08
 8 19  2.91248674859218900D-05 -2.54005690102691300D-04 -9.31741348262500900D-04 -8.84255807232871800D-04 -8.08107631072442600D-05
 8 20 -6.60765289411299800D-04  1.99812156897774300D-06 -3.09848113530649700D-04 -2.49619201760162300D-04  1.20312486091902500D-06
 8 21 -1.19014966784443300D-04  3.16249045628921800D-04  1.11288485647448000D-08 -1.92788217399124900D-05  1.97324543163211300D-05
 8 22 -4.53632576354561200D-07  2.41016724169026300D-05  1.90068354163789800D-08 -7.17592265064994400D-08 -1.94790369121888100D-05
 8 23  5.57591108346531800D-05 -3.62800739224999800D-05  1.51164062087776500D-04  2.62564434920428400D-08 -1.20546342999400900D-07
 8 24 -2.52026175164425900D-05  2.63457881023496100D-04  8.94597035214575100D-04  8.32492616734424800D-04  5.30302747080381200D-04
 8 25  4.00233634851707900D-04  1.54127038628383600D-06  8.71864021832369100D-05  3.94696654443522900D-04  1.07104904336556800D-06
 8 26 -3.11094654203743400D-04 -3.90219670766472200D-05  1.59001461670042600D-07  8.30912595910676300D-06 -8.47545553873310400D-06
 8 27  1.66329579575394300D-07 -3.25570931477853800D-05 -9.05665549549605100D-08 -4.55347623833617500D-08  6.79734616114889900D-05
 8 28 -1.11452514516621200D-04  4.34790529051360800D-05 -1.11948959007422600D-04 -1.09785827848244900D-08 -3.01308429493850100D-08
 8 29 -1.02904640625971500D-03 -5.92606182924405000D-04  2.52285734708588200D-04 -1.27749029149286600D-04 -4.37059902591496600D-08
 8 30  1.76863120112574200D-03  6.20599597877040000D-04  2.51639970337110900D-06  4.64369193715735300D-04 -8.18583827477358800D-08
 8 31 -1.76727400207053000D-03 -6.46845653450143800D-04 -3.98455485431872900D-04 -2.33116102253978300D-04  4.08736503526247300D-08
 8 32  1.03625008150861300D-03  5.83105096797994700D-04  2.46284190478136000D-04 -1.59793054141136100D-04  8.89137562207721400D-08
 9  1 -9.12017515255450300D-03  1.46903381250383000D-01  4.49960168724691700D-02  1.19572364024661400D-02  1.24035646105190700D-01
 9  2 -1.34184874489167900D-05  6.02505053079944100D-03 -8.65937865819124000D-03  2.42781392275546500D-05 -8.27157855307218200D-03
 9  3  2.27568967215746200D-02 -1.44853181685024000D-02 -6.66914973625372000D-04  1.42932017793257300D-06 -2.21995451248308000D-06
 9  4 -9.10597742059882400D-03  1.46935836817758900D-01  4.47087869650154400D-02  1.01440283069077300D-01  7.24183754061089900D-02
 9  5 -1.30968071216987400D-05 -1.04486214124504900D-02  9.67719545590435800D-04 -4.56423811778937200D-06  1.54920650785383800D-02
 9  6 -1.01460459143553600D-03 -1.44774604871027900D-02  1.52092501057562200D-02  1.66036946224508800D-06  2.23247894207288400D-06
 9  7 -9.78887853532520600D-05  2.62266920231475600D-02  7.51244973513182400D-04  3.82764730283919700D-03  9.93064590055215200D-03
 9  8  3.41438659264789700D-06  1.83727759120959700D-02 -4.12716451459029300D-04 -1.00964835089281800D-05 -3.08265189784446400D-03
 9  9  3.57574280667634400D-03 -4.93090908831920300D-04  4.17321556392449200D-03  7.40078136165099700D-06  7.77134282257454500D-06
 9 10  4.44409125710027900D-04  9.63041172780414700D-03  1.72967746687873400D-02  8.49056284179117900D-04  1.11097533388724800D-02
 9 11  2.54658527940828700D-06  3.62392020747696200D-03  1.83516784298793000D-03  2.51567279873824400D-05 -4.25226051400184500D-04
 9 12  5.26275557623555500D-04 -1.01049506223533700D-04  5.50682120230832200D-04 -6.92365362381687200D-06  1.19807914414073800D-05
 9 13  4.43859280981628100D-04  9.63196341837384600D-03  1.74018372195632100D-02  9.17660888463707800D-03  6.29081311392509100D-03
 9 14 -8.30426181762896900D-06 -9.99685045934595700D-05  4.07713372120557600D-03 -7.27336022277823800D-06 -1.19256491688562200D-04
 9 15  2.14382055737381800D-04 -9.51255640487814300D-05  7.77249195120549300D-04  3.12695494824696800D-06  6.03155144005187500D-06
 9 16 -7.36082329617126100D-05  2.62567649586788100D-02  5.40644282402810200D-04  6.69906172257049900D-03  8.30117872419413800D-03
 9 17 -5.96701229582621300D-06 -9.70017103724668500D-03  1.56857336512075200D-02 -3.40207432017572800D-06 -1.21724205075581200D-03
 9 18  1.70488012094340000D-03 -4.87638070187764400D-04  5.43227803379400500D-03 -3.01105594170818200D-06  5.64042791069785600D-06
 9 19 -5.74106154900450500D-03  2.92263001784083900D-01  2.86693603237929800D-01  2.96517458900084500D-03  6.71056401570147600D-04
 9 20 -9.52671423599701100D-02  3.14464765427095500D-06 -3.32862482461487400D-04 -3.15822201878199500D-02  1.00307997176687800D-05
 9 21 -5.78337818976598500D-04  3.97341844079091700D-03 -1.60435452578397900D-05 -6.04403762550628200D-03  1.23620451322986500D-02
 9 22 -6.31800750679230700D-03 -9.30915905274624700D-05  7.23447577124656700D-07  3.22514112538123100D-06  3.24443803834422400D-04
 9 23 -2.07228503797154300D-03  1.74784123413706300D-03 -1.59678803666575800D-04  1.48572863819508800D-06  1.80349601295123400D-06
 9 24 -5.74564210928178000D-03  2.92263242188529600D-01  2.86704899169914500D-01  3.00157001010830100D-03 -8.28659063130956200D-02
 9 25 -4.70661180743140400D-02 -2.47149687157682200D-05 -2.71970948155310800D-02 -1.61112734397662200D-02 -5.15056318813982300D-06
 9 26  3.68627876898508200D-03  1.52381031274151100D-03 -7.41268876231041000D-06  7.82504151161662400D-03 -1.49832722611495600D-03
 9 27 -6.32671428550161300D-03  9.16723344801467600D-03  6.55905058692901600D-06  4.29095084808580700D-06 -1.35171409700397700D-03
 9 28 -3.90182841085572400D-04  1.74189693808954400D-03 -1.27482243725067500D-03  5.36288434278386600D-06 -3.42765918417826300D-06
 9 29  1.15775153099198500D-02 -4.35401500525848500D-03 -2.30949853520082600D-03  1.38767663489703400D-03  5.90946262725972800D-06
 9 30 -5.44071513886060500D-03 -4.16485226293239600D-03  1.19394726482741400D-04 -5.39963256317245600D-04 -1.13109734534664300D-05
 9 31 -5.38985888568270300D-03 -4.09741440020809000D-03 -5.38713619127002100D-04 -1.70335132502790700D-04  1.78596921826823300D-05
 9 32  1.15855557675266900D-02 -4.43652970079397800D-03  2.35278036609540000D-03 -1.27959033879090800D-03 -2.40022780751742900D-07
10  1  8.99187554203473800D-03 -1.12671490394549500D-01 -7.38462607674205000D-02  2.23557635211830100D-03 -1.38620451527274500D-01
10  2  1.10277015353158900D-05  7.13233358302183900D-03  6.22054855984718700D-02  1.16304907770057000D-05  2.14626363694481100D-02
10  3 -3.27095138098406500D-02  1.12468774403925000D-02 -5.74213194455460900D-04  5.48051125309040200D-06 -7.02532421588843700D-06
10  4 -9.00027664154985800D-03  1.12660620565352600D-01  7.38687603880252600D-02  1.21155293031137100D-01  6.73674307252833800D-02
10  5  8.98475748212882100D-06 -5.03144514752003300D-02 -3.73281563378686800D-02 -6.35780022648415100D-06  1.87317576000671200D-02
10  6 -7.47869520809641300D-03 -1.12530623919707600D-02  2.73490130549581300D-02  1.83316897672356100D-06 -1.64686350228141800D-06
10  7  2.67001430401779600D-03 -1.32632340788491900D-02 -7.44708341159841800D-02  7.67087643950755800D-03  1.10382346497714200D-02
10  8 -1.68118744509230900D-05  3.26911761148925400D-02 -1.48876930955622900D-02 -4.99954282384903700D-06 -4.58028355230149500D-03
10  9  4.12549513069357000D-03  4.54788421607960900D-04  8.32863055000886300D-03 -7.65536181623859000D-06 -3.82707651552458400D-06
10 10 -4.34831178036696300D-04 -2.73233176645252400D-03  3.38233381080809600D-02 -1.13789257224431200D-02 -1.67179537870745000D-02
10 11 -1.05246738134497000D-05  3.71138395379057300D-03  8.17091333309057600D-03 -2.37516612805791500D-05 -4.91619358245660000D-03
10 12  4.41605777632572900D-03  5.00135806130821500D-04 -4.80896830448780600D-04 -7.48897008625968100D-06 -1.89137880802140500D-06
10 13  4.19380522493227900D-04  2.69746324878089100D-03 -3.38699199738874800D-02  8.80609037765592300D-03  1.82480325121263300D-02
10 14  1.12761728713505900D-05 -5.15251620642536700D-03 -7.28737612624378400D-03  4.83020093988353300D-06 -2.44563856916828300D-03
10 15  2.93659349019347600D-03 -4.90954921025148200D-04 -4.45314333722142100D-03 -3.85400789505077400D-06  1.83353336983370800D-06
10 16 -2.69036152534225800D-03  1.32557481851907700D-02  7.44262844665041100D-02 -5.70398886433447800D-03 -1.21801122000365800D-02
10 17  1.63337739809527300D-05  2.91770473589398200D-02 -2.08845757557053300D-02  2.05959544480329200D-05  4.29568537999651600D-03
10 18 -3.85208597401137400D-03 -4.43599405985091100D-04 -8.50776066951168000D-03  5.91692993059773100D-06  2.52834249962354300D-06
10 19  7.44293647209970400D-03 -3.07749044126856900D-01 -3.26006587155446100D-01 -2.30898839199235200D-02  3.22352583726431800D-03
10 20  8.15012240927100700D-02  1.48751155729774100D-05  1.93133256679074800D-03  2.65694987111908800D-02  1.00650745403768700D-05
10 21 -8.93198430835308600D-04  1.48632003660737400D-03  5.59440053472766500D-06  5.64555482350522800D-03 -1.14677677832079300D-02
10 22  5.82221295970266800D-03 -1.69723267945487600D-04  3.93470049488536600D-06 -6.56313379469633400D-07 -1.42924421003390200D-03
10 23  4.68337424671893700D-03 -3.25413003668509700D-03 -2.00542852142146500D-04  1.42935308052718600D-06 -5.83436832484386300D-06
10 24 -7.44301932510800300D-03  3.07734057425160600D-01  3.26004350927775700D-01  2.31178294126024600D-02 -6.89747126346240400D-02
10 25 -4.35363854307949700D-02  2.79948643501676000D-05 -2.20408477647827300D-02 -1.49732415001357600D-02  1.26612090314299100D-05
10 26 -1.75115129596434600D-03  3.70242264980380600D-05  6.69469193423043900D-06  7.07116498672967700D-03 -1.24861885284949800D-03
10 27 -5.82254613388025700D-03  8.64563262541381800D-03  5.48646506755568600D-06  3.92110143976183500D-06 -3.29414822823577500D-03
10 28  5.03033356036373500D-05  3.24384489263217500D-03 -2.96015434961395800D-03 -1.39002651892811300D-05 -9.00623301903651000D-06
10 29 -7.68526732945332500D-03 -1.30132204223163000D-02 -1.35644618453341500D-03  5.84559315262937500D-04  2.53543084692981400D-06
10 30  1.37206470364191100D-02  8.83573251930476800D-03 -2.75554751808097000D-04 -2.60710186572260500D-04  3.94719164941688100D-06
10 31 -1.37178213128020000D-02 -8.77202271416661400D-03  1.04899966747924900D-04  3.72978248550481800D-04 -1.25527503802548800D-06
10 32  7.70890200720270900D-03  1.29995881474668200D-02 -1.16485596914655800D-03  8.83891383971598600D-04 -6.85038562812980300D-06
11  1  1.53181121849923000D-03 -4.45299256118051000D-02 -3.78916640141540000D-02  3.28680349222911500D-02  5.06901210824428800D-02
11  2 -5.99564208278946700D-06  8.01515679830928700D-03 -1.01851865835145400D-02  1.63801618322120700D-05 -4.44832396987046500D-03
11  3  3.49769947619482500D-05  4.41334697510853500D-03 -5.75929507518008600D-03  1.37181462208367800D-06 -2.93230270924356700D-06
11  4  1.53088375496151200D-03 -4.45457613320739800D-02 -3.79275052561595700D-02  2.74631570007857400D-02  5.38372540016146000D-02
11  5  2.08079364781825100D-05 -1.28757070770016900D-02  1.88953640207953400D-03  3.99933753106017700D-06  3.23468139682402800D-03
11  6 -7.65041730977353900D-03  4.41573591294956200D-03 -6.25061341958764000D-04  2.47333957138859600D-06  2.17885868898017100D-06
11  7  1.18271540845821700D-02 -1.86427005054914100D-01 -1.18236070350027700D-01  7.28084063959327000D-02  2.83333438388135400D-02
11  8 -4.34763810970267000D-06  2.36460957479911800D-02  9.47818732022394900D-03 -7.58733533909627400D-06 -1.03683064385219500D-02
11  9  2.69479196042752000D-03  7.67351447809441200D-03 -6.78954077504485200D-03  1.61261260872862900D-06  4.21148391528816000D-06
11 10  1.53655630058193400D-02 -2.40976623521594800D-01 -1.35089594023206300D-01 -3.13609327547373100D-03 -8.22020702533527900D-02
11 11 -9.46717549906161900D-06  6.36204890758227400D-03 -2.56170174656586600D-02 -1.36249275367641500D-07 -1.49191311208697900D-02
11 12  2.64092315208047000D-03  1.22782079687893600D-02  3.01957156724424700D-03 -4.74014911343906900D-06  2.03451369660140600D-06
11 13  1.53678154593341600D-02 -2.41017810318718400D-01 -1.35144045402018700D-01 -6.95900456032082600D-02 -4.38351345217617400D-02
11 14 -1.01566858147032600D-06 -2.53722549200507000D-02 -7.36655314339016100D-03 -2.13550365519720300D-06 -4.00894248018489200D-03
11 15 -8.26754312319505400D-03  1.22764856033801000D-02  1.02928179735789300D-02  5.87422175913299600D-07  6.85339725158933100D-06
11 16  1.18298024953780300D-02 -1.86431123285576400D-01 -1.18210222773371400D-01 -1.18582517194535600D-02  7.72534567455539900D-02
11 17  1.95410679794033500D-06 -3.62780160836467300D-03  2.51653926175020600D-02  1.26981853443548200D-08  4.51901873702086400D-03
11 18 -1.21917886572602600D-02  7.67276992023934800D-03  3.14218584831882600D-03 -4.50248238990291100D-07  4.19625419803532300D-06
11 19 -1.39221596948227100D-03  3.69753002005733500D-02  5.31640718809874100D-02  1.29738593186513300D-02  5.43814768938763800D-03
11 20  3.32504358940146300D-04 -1.22308048441311500D-05  2.86024648104104800D-03 -3.78102651728923400D-03 -4.84328114928671200D-06
11 21 -7.03320309130244700D-04 -5.71737231405428400D-03 -1.13388109548366400D-05 -3.76299626576553500D-04  7.57555263576973300D-04
11 22 -3.81255637000456900D-04 -7.88158106046384400D-04  1.36512302260798500D-08  2.28667641665255300D-06  1.63907511498439500D-04
11 23  2.51617257921458800D-04 -4.15524769419880200D-04 -1.66540413979551900D-03  1.81659422031412800D-06  1.74431093470663400D-06
11 24 -1.39313115061801100D-03  3.69893513780843100D-02  5.31845236263083900D-02  1.30198268713157200D-02 -2.41901684698968800D-03
11 25  4.88533873431428600D-03  4.27434104902539300D-05 -4.69695182129689900D-03  5.84572467616735700D-04  2.90116956690974800D-05
11 26 -4.62939408237975100D-03 -3.45993438816729500D-03  6.71180499884237300D-06  1.06406536074025800D-03 -6.83751737279308500D-04
11 27 -3.80313623460970700D-04  1.75455541847553500D-04 -2.49142346325909400D-06 -7.86163565157279700D-07  1.48109834183509400D-03
11 28 -1.05625802074013000D-03 -4.24840321094962300D-04 -7.88009242420926400D-04 -2.39433867536455900D-06 -5.02049614404956400D-06
11 29 -6.40688973726077400D-02 -1.04009521427815400D-02  9.09880286046040600D-03 -3.48455252168748700D-03  2.33628443578727700D-06
11 30 -6.09067209932947600D-02  6.06342549215104600D-04  1.23694203632105700D-05 -1.14617999009019000D-02 -3.96109011476651300D-06
11 31 -6.09490244864885000D-02  5.77709632890581900D-04 -9.94302293989561200D-03 -5.72722732851216800D-03  6.46319486586283300D-06
11 32 -6.40567268947354100D-02 -1.04212539521421500D-02 -7.56971193134768900D-03  6.14294925229612100D-03  7.41338289911775300D-08
12  1 -1.16190362060737800D-03 -2.47891978400805600D-02 -2.16000199021586200D-02  2.27432668492256100D-03 -2.88489877875491100D-02
12  2 -6.94643712155327700D-05 -7.81403039747457000D-03  2.26688389661893600D-03 -2.10718948152282800D-05  5.30742511749314400D-04
12  3 -6.22083894467899900D-04  9.13413827186025600D-05  4.96973752266474100D-03  4.94498113493616400D-07  4.41202365259813400D-06
12  4  1.16212651464676900D-03  2.49802892503192500D-02  2.18122915694371500D-02  2.60185974929416200D-02  1.24847439020231200D-02
12  5 -5.56667016514724000D-05 -5.89962387312208300D-03  5.62155470300100000D-03 -3.81752834968996000D-05  4.07575566425645200D-03
12  6 -3.96973220436095800D-03 -1.06023459895455900D-04 -1.92743122048563500D-03 -8.39889702061163100D-06 -7.64897720198699600D-06
12  7  1.03115970811719000D-02 -1.39111848440694400D-01 -6.51838415409844000D-02  9.13166322783669400D-02  8.84230199777209900D-02
12  8  4.50715252869794100D-05  2.48847118137139500D-02  2.48105588589776700D-02  4.99633485742305600D-05 -6.56017412676026800D-03
12  9  5.72966629806577400D-04  5.98720749695369700D-03 -1.33517951086703800D-02 -5.08330102515741600D-06 -4.17036689445934500D-07
12 10  1.34783831275176800D-02 -2.29713443892442600D-01 -1.82413332394597900D-01 -1.15502515796130100D-01  7.86191285047086900D-02
12 11  4.77178935950260900D-05 -3.24459630995414900D-02  6.38466683216003500D-03  2.81690437635493100D-05  2.10550499745235100D-04
12 12 -4.85843729831467400D-03  4.64788679856938500D-03 -1.45085713978125500D-02  4.89973170194729700D-06  3.08810399100830700D-06
12 13 -1.34726629063257200D-02  2.29580250701174300D-01  1.82313042917177500D-01 -1.25917473455471700D-01  6.07116580752783900D-02
12 14 -3.41979306221917100D-05 -2.17925957191187300D-02  2.48743203443531900D-02 -1.56843037868138900D-05 -7.29442516027611000D-03
12 15  1.19395052321742500D-02 -4.64508007189823500D-03  9.79416690641578600D-03  6.09271299764551600D-06 -8.31986690371499500D-06
12 16 -1.02884921290677100D-02  1.39114068576352100D-01  6.51861032225553700D-02 -3.08544726492047400D-02 -1.23211700096163600D-01
12 17 -6.68070924461234000D-05 -9.05500877703356600D-03 -3.39814078165877600D-02 -5.22410937095209900D-05 -8.79695628433873500D-03
12 18  1.47916180729683400D-02 -5.99466178862958100D-03  3.11439137067436100D-03 -3.31257319926772600D-06  3.45654311211408600D-06
12 19  4.69153659998806400D-04  2.85720972288064500D-02  4.28894622551122500D-02  5.04294342472449800D-03  2.27892113049654100D-03
12 20  5.78527858360017200D-02 -5.18236148809605700D-05  7.73457534420063800D-04  3.19140937519614100D-02 -3.05257221297144900D-05
12 21 -2.74795069683732900D-03  1.65082677433403700D-03 -8.31688922652494300D-06  1.52130965877550600D-03 -2.87157769709459100D-03
12 22  1.35026803831904600D-03  2.87587877300770300D-05 -4.95316358599952600D-06  2.37414976215706000D-06  5.44210216011212200D-04
12 23 -1.37574650620723100D-03  8.31536290196034600D-04  6.15463011998077500D-04  8.98035825563682200D-07  7.66188090527616300D-06
12 24 -4.60121502240022400D-04 -2.86664022429060400D-02 -4.30751535729273000D-02 -5.07477799455309600D-03 -4.90616579220034900D-02
12 25 -3.09245812759131500D-02 -1.05255644389938400D-04 -2.72975476884495200D-02 -1.66386377772698300D-02 -6.57484929437739300D-05
12 26 -2.79800176897095700D-03  1.57380465067015000D-03 -5.70955293858894100D-06  1.79305653517718100D-03 -4.42278004474846400D-04
12 27 -1.35077853070247200D-03  2.17938862996142400D-03  3.64283411597975400D-06  4.25086457455420200D-06  1.36136688278788300D-03
12 28 -5.31186524383686000D-04 -8.30180358404201800D-04  6.50074969460598400D-04 -9.76847382973351700D-08 -5.73657018504794500D-06
12 29 -4.16760815184746500D-02  3.18241466859237200D-03  7.86787599458999000D-03 -2.40865818621447200D-03  4.10806743279815400D-06
12 30 -1.88100432681179200D-01 -4.72562841779949100D-02 -2.88259207427676200D-03 -1.97661102101253600D-02  5.68786578047095700D-06
12 31  1.88094510858977800D-01  4.72439831517627700D-02  1.56692217859477300D-02  1.23833132701747600D-02 -2.25014738360479300D-06
12 32  4.16601687705099200D-02 -3.15835688788723900D-03  6.02923207728481300D-03 -5.60660910877435200D-03 -5.08264115022572600D-06
13  1 -3.35636210490350200D-03  8.16425054941253300D-02  3.69080810439312100D-02 -5.45595432351266100D-02 -3.93069493003534000D-02
13  2  3.88155484489986200D-06 -4.67404064808714800D-03  3.06707581726546600D-03 -2.30406684422749900D-05  8.81016821195662900D-03
13  3 -3.13101864793482700D-03 -5.67914956402171600D-03  2.79159283327403900D-03 -2.87239301163675900D-06  6.44931043912248700D-06
13  4 -3.36194756191438700D-03  8.16839231502450600D-02  3.69777350400861200D-02 -6.74707208310428200D-03 -6.69655047383412000D-02
13  5 -6.98146332843969500D-05  5.02496443199164100D-03 -2.54740752085276800D-03 -2.84591739123107100D-05 -2.23556856466298200D-03
13  6  7.91415900813038200D-03 -5.67859044346747000D-03 -4.56804909456527000D-03 -4.39260055724403100D-06 -3.76606347679590300D-06
13  7 -8.80569161191763400D-03  1.73326012784931800D-01  1.48018473976864900D-01  7.65656875391607200D-02  7.65389730554020100D-03
13  8  7.63361136506273400D-06  9.63555620285040700D-03  2.08880981949025000D-02  5.29897957344941500D-06 -2.12486032131611000D-03
13  9  7.17052346506324900D-03 -5.04566314374718500D-03 -4.15737928693962800D-03 -2.22659717227775500D-06 -6.68510496484163000D-06
13 10  9.36669597394416800D-03 -1.65529843442774700D-01 -1.24065070928418800D-01  1.44162866426291500D-01  7.25182548581791600D-02
13 11  1.59321880413161000D-05  4.54958531355955000D-02  8.73239020369322500D-03  2.14753585348094200D-05 -4.73688398357930900D-03
13 12 -2.05993573621450700D-03  6.79681971979388000D-03  1.09291438744905700D-02  9.25055269245347300D-07 -5.67994031394594200D-06
13 13  9.38506095344196500D-03 -1.65597093501801900D-01 -1.24319190650277400D-01 -9.26525771331441200D-03  1.61071083548793500D-01
13 14 -1.90350543026024900D-06 -1.52379977374418600D-02  4.36884785680379900D-02 -8.31691091266563800D-07 -1.09236539752823300D-02
13 15  4.12341737584575100D-03  6.80023659943678700D-03  6.79481329976220100D-03  1.62967730142990100D-07 -1.55855856014337800D-06
13 16 -8.80678846881184500D-03  1.73173926700920300D-01  1.48073110464544500D-01 -3.16874643701528500D-02  7.01413131405714000D-02
13 17 -1.26699401418333100D-05  1.32901150799446600D-02  1.87488998131712300D-02 -4.59912321914300300D-06  7.95196411979758200D-03
13 18 -2.91972598995095900D-03 -5.03223812984661600D-03  2.55378774826881600D-03  4.48812748551213300D-07  3.46440270107937300D-06
13 19  2.81255246318806000D-04 -6.18871249933269200D-02 -8.29138289950407500D-02 -1.50425040880346000D-02 -1.26242970676658400D-02
13 20 -4.13518884824767000D-02  2.88913542087360300D-05 -6.05234210566426700D-03 -2.12353095819268300D-02  2.68125706689968000D-05
13 21  1.80775815497485800D-03  3.59858911473429800D-03  8.69914679174389900D-06 -6.93370493950011900D-04  1.45442408751093100D-03
13 22 -7.61053593560961400D-04  1.20525631050609000D-03 -1.59719182541485500D-06  2.42348988999076700D-07 -1.30530651411438600D-03
13 23  1.89625240590996100D-03 -5.90945891795563400D-04  2.22673002713788300D-03 -2.71966413670987500D-06 -4.43964892121168200D-06
13 24  2.82295495236707000D-04 -6.19186323347832400D-02 -8.29768653135168300D-02 -1.50697401218143600D-02 -2.95073120579436600D-02
13 25 -3.16293680229056200D-02 -1.33325463970052200D-04 -1.53790448926444900D-02 -1.58498858401061000D-02 -9.67158981514454900D-05
13 26  2.23268765634817100D-03  3.35608622770341500D-03 -1.19199705271856800D-05  1.28999022860219100D-05  7.42323188557731700D-04
13 27 -7.55223090843686900D-04  1.67553166159934400D-03  8.36610428724043000D-06  2.20074602524950800D-06 -5.70440836191915000D-04
13 28  1.15971091086815500D-03 -5.89270074676244900D-04  2.72404356907666500D-03  7.05956068684795000D-06  3.24985753791450700D-06
13 29  1.47011049949838300D-01  3.88845979119632200D-02 -1.32001649244703400D-02  8.63247367360835500D-03  8.46164445392336100D-09
13 30 -1.51442749479513700D-01 -3.63772084286952700D-02  1.86607391720946100D-03 -1.58521294596262500D-02  3.16884187061511800D-07
13 31 -1.51492581753402500D-01 -3.63874995094953300D-02 -1.46631416050633500D-02 -6.30489977573587300D-03 -8.23817137228238700D-06
13 32  1.46949361930105100D-01  3.89112709342994100D-02  1.40773501274156400D-02 -7.11359187233387300D-03 -2.46555403858056100D-06
14  1  1.27722956715946900D-03  1.28582629589352900D-01  7.41375782896081500D-02  3.42122056077377500D-02  1.84481358210037200D-01
14  2 -3.36446228610578900D-05  4.78933297840068100D-03  3.37327550594689000D-02 -3.23962679074659800D-05 -4.65374429612103500D-03
14  3  1.40500139200319800D-02 -9.39626962391093600D-03 -1.86020793282258400D-03 -1.88489787327373600D-06  6.77149497383590400D-06
14  4  1.28336530686350800D-03  1.28539155984815200D-01  7.37556249538776400D-02  1.42595710119120800D-01  1.21877935477191700D-01
14  5 -1.84879153752553100D-04  2.70397672484981200D-02  2.13042792894523600D-02 -8.05161909736940400D-05  1.07737312331233000D-02
14  6 -1.38769309203865600D-03 -9.38603814108466900D-03  8.44570708079689500D-03 -1.93857133325604000D-05 -9.77454651610477500D-06
14  7  3.63710184866401000D-03 -5.69292053520307100D-02 -6.15630739001096600D-02  1.68358694528030400D-02  7.45102013621043500D-03
14  8 -1.81038860407889500D-05  2.01765484209634300D-02 -1.23255146569127300D-02  1.26965374761178700D-05  7.99310443524157700D-04
14  9 -3.27472684191594300D-03  2.47541639839176200D-03  1.18738655997933800D-03 -1.10993216532810300D-05 -1.07763821862024800D-05
14 10  4.95652039814601200D-04  3.25774713135557100D-02  3.89028550970365100D-02 -1.03296632043336500D-01  4.75881976272348000D-02
14 11 -2.09868189510500700D-06 -3.35191405616513100D-02  2.78153388271669900D-02  3.98825768320255000D-05  2.65866946313823500D-03
14 12 -1.75841568033968300D-03 -9.00253782798592900D-04 -8.53486947084916400D-03 -3.19748871269278800D-05 -1.21093984576927800D-05
14 13  5.01930977951411800D-04  3.25046001850063300D-02  3.90389111851612100D-02  9.28891654233290600D-02 -6.56790827296675800D-02
14 14 -1.57879951416815500D-05  4.10485291723135400D-02 -1.50695238306322700D-02 -9.32231593027702600D-06  5.75454994778626500D-03
14 15 -4.85126449825649100D-03 -9.03285449529905400D-04 -6.46168542035837500D-03  9.28588984613360200D-06 -3.91962133944392500D-06
14 16  3.65366977271783800D-03 -5.69356668644888300D-02 -6.20112430808147000D-02 -1.96724554210079700D-03  1.84072884917333100D-02
14 17 -3.22546408091663800D-05 -2.09827456212539500D-02  1.12948020529638200D-02  7.03166128674012300D-07 -3.16333478015982100D-03
14 18  6.57481094933420200D-04  2.50585368522648900D-03 -1.44753119749902900D-03  3.36802000365552400D-06  4.08762689407640300D-06
14 19 -1.00762159431635200D-03 -1.46351784435787900D-01 -2.43653253149971300D-01 -4.87852092665915600D-02 -5.97938115377720300D-04
14 20 -3.45568774293823900D-01  2.64666672230837300D-05 -1.72632665627850100D-03 -1.81977625217423600D-01  3.65107588857700700D-05
14 21 -4.73319007485572500D-04 -5.64395935354867400D-03 -5.09649572064378200D-06 -8.37177279578439800D-03  1.65893247737866400D-02
14 22 -8.21755197800239400D-03 -5.61116950736787000D-04  4.27035481158440500D-06  6.25931711799618100D-06 -3.37128643014604200D-03
14 23  4.68959838655707800D-03 -1.31831195641103400D-03  2.69403794262043500D-04 -1.17004252012940000D-05 -9.12177603071504500D-06
14 24 -9.95781604294727200D-04 -1.46292997835779800D-01 -2.43714219943402400D-01 -4.88248280176507900D-02 -2.98910065501665000D-01
14 25 -1.73247628001351400D-01 -2.94263335333913200D-04 -1.56684950615332400D-01 -9.24993486109954600D-02 -1.96601155478494900D-04
14 26 -4.63223398470903300D-03 -3.24644175512188300D-03 -8.79926838062355200D-06  1.07606839155551000D-02 -2.54655904246247900D-03
14 27 -8.21412487309273500D-03  1.22048086419103100D-02  2.64920757133928800D-05  1.64841846992885700D-05  2.48759519916888000D-03
14 28 -1.15700529983444000D-03 -1.33058989933445700D-03  4.18844547878418000D-03  2.91759492109741900D-06  9.66280116716724400D-06
14 29 -2.07325391946345700D-02 -3.64386289693044400D-03  2.50687779734280000D-03 -1.61321412466825700D-03 -1.68785058073914000D-06
14 30 -2.49028334183857500D-02 -1.51484754363868200D-02 -2.27067054599227300D-03 -9.02314249927213700D-04 -6.09685735990475300D-06
14 31 -2.49632555919684300D-02 -1.50800509387829500D-02  3.35676263543059200D-04 -2.40801781558841600D-03 -9.60382878047121400D-07
14 32 -2.06654836131480200D-02 -3.64070952753635200D-03 -2.61132621285276800D-03  1.39334009349543100D-03  1.00839521949517400D-05
15  1  5.88565077699339700D-04  1.47356381960672200D-01  1.52536600106968900D-01 -7.00786748840605500D-04  1.67541021101079100D-01
15  2 -1.38399671491362300D-04  7.34663051335541400D-03 -3.58181957496536300D-03 -8.96026001288729300D-05 -1.77242120263554700D-02
15  3  2.66203669925958100D-02 -8.89615496624031300D-03  4.91213236520031500D-04 -3.27851672810211000D-07 -1.74074951597746900D-05
15  4 -5.29286316402814100D-04 -1.50111098893066200D-01 -1.48629751542123400D-01 -1.34588999923383200D-01 -7.76230944904983500D-02
15  5 -4.11278837768312000D-06  1.12379914998213900D-02 -5.44871717287214800D-03  9.20755250629487900D-06 -1.53503927338010800D-02
15  6  6.25133656136880800D-03  9.09905617243226400D-03 -2.33440882985652700D-02 -5.54386528782644700D-07  3.05273620186368200D-06
15  7 -2.84718812442578000D-03  5.26646364789611200D-02  9.13704222523148300D-02  4.48853680064818600D-02 -3.38407716273068900D-02
15  8  5.04224551639553100D-06 -5.06851855124637500D-03  4.78494935401087000D-03 -8.51923653901365100D-06  6.34584542492192700D-03
15  9 -6.31949814084365600D-03 -2.63472840783905200D-05 -1.14238831471938100D-02  1.34771233221041000D-05  1.58661398797771200D-05
15 10  2.58883723407995600D-03 -5.48151125683876600D-02 -8.15529701061349900D-02  1.60176624952708400D-02  5.09669642911601600D-02
15 11  5.08327112342119100D-07  6.60604590020369100D-03  1.08960470884578300D-03  2.01943862864493400D-05  1.10695630390524000D-02
15 12 -1.09132679389213800D-02 -1.56295100131157000D-04  5.60601012860261000D-04  1.27815609507626400D-05  1.02207438756944100D-05
15 13 -3.08660287861551500D-03  5.25684321928989200D-02  7.74393743996061300D-02 -8.54120974088606900D-02 -5.89813424959292100D-02
15 14 -2.84142875025039400D-05 -1.54660657389297400D-02 -1.63010419607089000D-02  2.09740461629339000D-05  4.62678864537139100D-03
15 15 -5.25689960971845800D-03  6.30110964346967400D-04  1.10477770448835300D-02 -4.95882361484708500D-06 -1.62067214841497600D-05
15 16  2.11508502123130800D-03 -4.52159076506136300D-02 -8.00401752266548700D-02  2.06170936408494700D-02 -3.64126255848999600D-04
15 17 -4.09499412479847000D-05 -1.84893561707838000D-02  3.64683839418581800D-03 -2.38092720713671000D-05 -5.23640824554898600D-03
15 18  5.05171528687044200D-03  1.84692958678670600D-04  1.33545746340895600D-02 -4.53852428017782100D-06 -7.73392321751657300D-07
15 19 -2.15002680454100300D-03 -1.34665785654074900D-01 -2.28992210318711200D-01 -4.57974206933861300D-02  4.06731454186451600D-04
15 20 -3.45781601674587400D-01 -2.11129450627897600D-04  9.94455487622615700D-04 -1.78692566183586000D-01 -1.42583889148655200D-04
15 21 -8.88832327210173600D-04 -5.83915265530343800D-03 -9.44125827211253800D-06 -8.69359153009241300D-03  1.65144315856208500D-02
15 22 -7.82084005552845800D-03  1.43791120025224700D-04 -2.30089257157956500D-06  1.00861620602253900D-05 -3.66999999441755300D-04
15 23  1.95919704413778400D-03 -1.59219704469614800D-03  3.51516835346509900D-05 -1.76993696103744800D-06 -1.36238459982853900D-05
15 24  2.28658271929031900D-03  1.31287457688680700D-01  2.20114115829852100D-01  4.52807425455100500D-02  2.91589452574860900D-01
15 25  1.67197907910166600D-01  4.51017548251732000D-05  1.51131296635744300D-01  8.66170135336684600D-02  3.03388135203356900D-05
15 26  3.90124179773085600D-03  3.05445093841634600D-03  1.15591064798211700D-05 -9.79638393784807200D-03  2.19771228897592600D-03
15 27  7.59867164887215700D-03 -1.22767444383057600D-02 -3.81653627480904200D-06  3.37640624883610900D-06 -1.09228131974756500D-03
15 28 -5.50811702906646200D-05  1.14736249003822400D-03 -1.18275679667894000D-03  2.38065943450299600D-07 -9.18480581163770100D-06
15 29  8.05335773987717100D-02  2.90910539310834800D-02 -4.54019716264593400D-03  2.52763820295932900D-03  1.00131502977691200D-05
15 30 -8.07430789325392100D-02 -3.16835163517865000D-02  1.46215411186295500D-04 -5.49582568463894000D-03 -5.62630584369174800D-06
15 31  1.20557422139725000D-01  4.23483991648302100D-02  7.34742845382318700D-03  4.52165270584183800D-03 -1.37153077003695300D-05
15 32 -4.85289075194393900D-02 -2.24923387468497700D-02 -1.77215564748832300D-03  1.55772171508664100D-03  2.62523387128953000D-08
16  1  2.34393673157599800D-04 -2.84621487336356500D-02  5.16119620383660500D-03 -2.93808046137531700D-03  4.52920916160904100D-02
16  2  3.97068181634656300D-05 -1.53650716439670000D-02  1.80945364846426600D-02  1.53755030074377500D-05  4.98781550822045600D-03
16  3 -6.83975085769890500D-03  1.85193534947852000D-03 -1.96643511765218300D-03  4.90368276786540300D-06 -1.64763902919014900D-05
16  4  3.58580528281731400D-04  1.12463694405713200D-03  3.50497252878327100D-02  6.85138209868248600D-02  3.60928989340050000D-02
16  5  1.33952878249104200D-04  2.15480303819975600D-02 -3.35581243327303700D-03  6.18617534824751700D-05  6.05729802394767200D-04
16  6 -6.74106889165735200D-04  6.83770867709926100D-05 -2.34876892232961500D-03  4.07272214415855300D-06  2.18955397131725500D-06
16  7 -3.40259327542597700D-03  3.24727255289246300D-02  4.81551952728020700D-02  1.69354216445376200D-01 -7.85743519087459300D-02
16  8  1.72552842641037200D-05  3.77942091777949600D-02 -4.79204223133894600D-02  1.00921049754682000D-05 -6.66687948580345400D-03
16  9  5.78355123808743300D-03  8.83328247716123700D-04  3.07917182363848800D-03 -2.73201621211460600D-06 -4.40834768156297300D-06
16 10 -2.87804653797102700D-03 -6.02323403003785000D-03 -1.21865823189351300D-02  3.70808288401956400D-02 -2.71470412840836600D-01
16 11 -7.47741987538126600D-06  4.04133762540429800D-04 -1.04339629530987200D-01 -2.14202750329490200D-05 -1.16791797019620100D-03
16 12 -1.32022833552848600D-03  2.48814630572463500D-03  5.64255074234461500D-03 -8.98318076582251900D-06  1.02522199268028000D-06
16 13 -2.31519582420414100D-03 -1.67470585161315400D-02 -2.80627628882193400D-02 -2.41498066794778600D-01 -9.38260651798599600D-02
16 14  7.37697305165499500D-06 -8.92542093723226500D-02 -4.95908071581749100D-02 -1.47250266590834400D-06 -6.56838766143140400D-03
16 15  4.16243809268819700D-03  2.40594956874321600D-03  5.58305148658613500D-04 -1.91719397567336900D-06 -2.92667305082078600D-07
16 16 -3.91207723239850500D-03  4.22719606116072200D-02  6.53930288499516600D-02 -1.59987664379276800D-01  1.09632126566280800D-01
16 17  2.21358382080744800D-05 -5.78830256176420300D-02  8.22119835601504800D-03  2.08417940966300400D-05  1.43031643349283700D-03
16 18 -2.27918111270877300D-03  8.48864679216015700D-04  5.23040747079368200D-03  2.80203550367036700D-06 -4.44437637748620600D-06
16 19  9.97598516998145200D-04 -3.71642448810714000D-03 -2.30795701214070800D-02  1.50938470834077000D-03 -3.20538051699022200D-03
16 20 -1.48478633911044600D-02  7.30961916416675300D-06  1.88718571286464600D-03 -4.63412556400121700D-03  2.58858806672528900D-05
16 21 -7.57532835510551300D-04 -4.19639306360684300D-03 -7.76321402327109100D-06 -5.36997008453034800D-04  8.26103527761661300D-04
16 22 -2.89106519308665900D-04 -1.46220067208307000D-05  3.82059137462047300D-06 -3.95859419301635900D-06  1.12450844276215600D-03
16 23  1.04276654446458400D-03 -2.16727498722679500D-03 -6.51040796563982000D-05  1.54991441301711800D-06 -1.01118281286931000D-05
16 24  5.60546544656586100D-04 -3.01281537819219600D-02 -6.76805166288219800D-02 -7.49358816483727900D-03 -7.00205026059599900D-02
16 25 -4.39727561853412100D-02  2.19184471054613200D-04 -3.54039195641289100D-02 -1.81075843679803700D-02  1.55316137279657400D-04
16 26 -4.12513879409310800D-03 -3.40414139543154100D-03  8.77841188294283900D-06  2.47735638164935600D-03 -6.50426129112969300D-04
16 27 -1.82693025253641300D-03  3.16314515466394700D-03 -7.71388038737940100D-06 -2.81716891234315600D-06  1.35057815070991600D-03
16 28  1.08209489736216900D-03 -2.43267304807207700D-03  1.57789982830920500D-04 -2.22500761831374700D-05 -9.52868489744556400D-06
16 29  1.54381874018251800D-01  3.09653029252795400D-02 -1.12243936572102100D-02  8.86153409211815900D-03 -6.87672732376070700D-06
16 30  2.10173087775952300D-01  5.70766845993407700D-02  1.97776517221276400D-03  1.65855537021945900D-02 -3.88040610789610400D-06
16 31  1.90073713673426900D-01  4.97022179180793600D-02  1.21545139332902200D-02  9.30351505625111100D-03  6.66784059672280100D-06
16 32  1.67316809151602400D-01  3.60988584460865800D-02  1.39042599226778900D-02 -5.71467079053612200D-03 -3.20867044286058900D-06
17  1 -3.06903902914523400D-04  1.85817894615076100D-02  7.51017527335051900D-02 -7.69040360018531000D-03 -5.06731280760898300D-02
17  2  8.72518472163049500D-04  5.98627049366085700D-02 -4.64631350592065900D-02  4.35852104142322100D-04 -9.30093153242387100D-03
17  3  8.62531873965136800D-03  6.75612792772568300D-04  1.03896552488871200D-02  1.86662471685789500D-05  5.25168539803374500D-05
17  4  3.07780934080266700D-04 -1.85818254107799800D-02 -7.50406399062853700D-02  4.01164250382390200D-02  3.20584877988778200D-02
17  5  7.21854550990550500D-04  7.02105348472706200D-02 -2.85960089056433800D-02  3.42906224718646400D-04  3.67370523932400000D-03
17  6 -2.99297026065506200D-03 -6.80734978668893900D-04 -1.41550966836603600D-02  1.24702856653051100D-05  3.78158405917168300D-05
17  7 -3.30728395438083800D-03  3.26559319629191500D-02  2.77804092837057900D-02  3.01939949307550000D-01 -7.87574679752049300D-02
17  8  2.26662598051835500D-04  8.90225809982014600D-02 -4.15136638936772800D-02  1.06574942986423900D-04  1.39726755585230700D-04
17  9 -4.45492831158672300D-04  3.05766075573321800D-04 -1.16905158870498400D-02 -8.20860316131375500D-06  3.35134955389241300D-05
17 10  1.62263658843791700D-03 -6.41880461833143200D-02 -8.46028110087611600D-02 -9.79064725011620400D-02 -1.30566332011361400D-01
17 11  1.08026942155539200D-04 -2.12748479203530800D-02 -6.62617826304875300D-02  2.46802967870820200D-05 -2.03392265157511500D-03
17 12  1.82078711682058700D-03  2.13135534754586200D-04 -1.70104233760314500D-02  8.47470265920731900D-06  9.89901829712015400D-06
17 13 -1.62706958210888200D-03  6.41993362324069100D-02  8.45802347518735300D-02  6.40540856976404300D-02  1.50076082356309000D-01
17 14  1.66424140628052000D-04  4.67230576780591300D-02  5.15240497246218000D-02  8.45135565733330300D-05 -1.36106795209002800D-02
17 15  1.38203438126484300D-02 -2.09664291748153500D-04  6.55684305302230700D-03  4.44986789472623000D-06  1.70749125273598700D-05
17 16  3.29395469216875000D-03 -3.26682556186469500D-02 -2.77466755677454600D-02  2.19164109447496400D-01 -2.22090394196819300D-01
17 17  3.40097032631816200D-04  8.04445371073170700D-02 -5.63582281748775400D-02  1.81756983134939500D-04 -8.47785400857359000D-03
17 18  8.78436413048171500D-03 -3.06510121908051500D-04  6.12508927450151500D-03  4.40240131902942500D-05  1.29456951435516400D-05
17 19 -5.33409593035739500D-04  1.90629405779422900D-02  3.69703001628741100D-02  1.74239096614235600D-02  8.53682985357066500D-03
17 20  3.47209645582057000D-02  1.08715385693284300D-03 -7.24766448849776900D-03  1.97831858235653100D-02  6.99069072638162300D-04
17 21 -1.27437390229953300D-03 -3.91423463434597200D-03  3.58412068966679300D-05  7.12144165670889300D-04 -1.66814413300181200D-03
17 22  9.55999967330969500D-04  5.20445671187082100D-05 -2.30516882635512900D-06 -5.94374149708423900D-05  1.08402070581113600D-03
17 23 -2.70423232865584600D-03  1.62021162284480500D-03  3.01805609705346500D-03 -1.15702396383337700D-06 -4.45961619647497200D-05
17 24  5.41158284871038700D-04 -1.90715516717822200D-02 -3.70740717921224100D-02 -1.74527664898055300D-02 -2.58610292119015500D-02
17 25 -2.47890506907520300D-02  8.40963287219263700D-04 -2.07808794478003500D-02 -3.60916357154198200D-03  5.40473090092437900D-04
17 26  2.75941961410606500D-03  3.07565644730910200D-03  1.77310198480877400D-05  1.11207836128405300D-03 -1.56443556300232900D-04
17 27 -9.55634804983936100D-04  1.15551847364723500D-03 -4.10344187478319600D-05 -2.30655699368748800D-05  4.02501900661895800D-03
17 28 -2.40169815717497600D-03 -1.62332084944396700D-03  3.68643192485877100D-04 -3.70233131981366900D-05 -2.64455310047543600D-05
17 29  2.69708020231513000D-01  8.62867948535381200D-02 -1.62561391344513400D-02  1.23271572307492000D-02  1.01991676743289500D-05
17 30  7.78662734356162400D-02  3.00410186644131000D-02 -4.19842138646327200D-03  4.14269091411542900D-03 -9.21853068880043200D-07
17 31 -7.78169078799382700D-02 -3.00479386339256600D-02 -5.68873841596106900D-03  1.57421737751796900D-03  1.53759033993293900D-06
17 32 -2.69704427667034800D-01 -8.62545043867948100D-02 -1.88135737672871500D-02  7.90561537679050300D-03  7.77271668547004200D-06
18  1 -2.21927026293181400D-05  1.73566850782451000D-04  3.86411249980754500D-04 -3.35381494120907900D-04 -6.83583324267551900D-04
18  2 -2.55945787964407600D-01  1.98755548522585100D-04 -2.41361694532343100D-04 -1.22056616399611400D-01  3.19132421244352300D-05
18  3 -4.19420629933920900D-05  1.00288208689569100D-05  2.32579642622533100D-05 -6.87719892409523300D-03 -1.12393540985785400D-02
18  4 -8.04607671942247700D-06 -2.76424731621219400D-05 -3.82873186487784000D-07 -8.59593359965062600D-05 -1.95572657120842400D-04
18  5 -2.55909214629657000D-01  2.22452306402726700D-04 -3.90994397300165200D-04 -1.22045161409076200D-01  1.77807254875318700D-05
18  6 -1.52848439254257500D-05 -2.49588156210599400D-06 -1.04540000685870300D-04 -6.27814888732590200D-03 -1.15636939052033100D-02
18  7  1.75146723443359000D-06 -7.67851090174255700D-05 -2.22659626668884900D-04  1.68932461610907800D-03  1.36136356877727200D-04
18  8 -9.60394605127247300D-02  5.69438534176953100D-04 -1.97434011836279200D-04 -5.05979305367438200D-02 -1.30788243662873100D-05
18  9  4.16787466648239600D-06  8.91094969980424200D-06 -9.22808668556306800D-05  3.71957127448341100D-03 -1.15700935468869500D-02
18 10  7.81854560232664600D-06 -1.08823342899767800D-04 -6.32335637159932900D-05 -1.42589714966491000D-03 -5.29461351291056600D-04
18 11 -5.15672864923879100D-02 -5.47230834244814700D-04 -1.54758947218133400D-04 -2.19538191163446800D-02 -4.30190286084388800D-07
18 12  8.34655559709794000D-06 -7.91636531101386600D-06 -1.16393399362498500D-04 -3.42336355836832500D-03 -4.64861749351446300D-03
18 13  9.00051006112338000D-06  1.18715802276353900D-04  8.13956723428301600D-05  8.52592520764570200D-04 -4.31692795241619400D-04
18 14 -5.15693304978836100D-02  3.29128633212102700D-04 -1.49380000116352700D-04 -2.19726716557137500D-02 -2.12001634870042800D-05
18 15  2.10970083149715500D-05  1.03155172032237700D-07 -3.89025100336390200D-05 -2.31865422667968600D-03 -5.28766454484713500D-03
18 16  3.29794574606687500D-07 -6.06662728389867700D-05  9.46040707118505400D-05  7.45921048234734300D-04  2.91333910701203900D-04
18 17 -9.60522156161137800D-02  3.17131726128373800D-04  1.64030892507496800D-04 -5.05977665094315200D-02  3.79090701039713100D-05
18 18 -2.36122693688483200D-05 -1.42968007351233100D-05  3.78435206099084600D-08 -1.18937511036494300D-02 -2.57252582004094200D-03
18 19 -1.29296662919335900D-06  1.04852203595237400D-04  2.63258423079581900D-04  1.34701385247883800D-04 -6.80141458451340100D-05
18 20  6.19076518403136500D-04 -3.06059902721496600D-01 -6.90059326460468300D-05  3.18764657076479600D-04 -1.98557102841310100D-01
18 21  1.49400526910735600D-05 -1.87399172334046400D-05 -9.62840199972441800D-03  1.23931686877223100D-05 -2.87266549117537500D-05
18 22  1.63334862240314400D-05  5.11499160306123800D-06 -3.92273923701090100D-05  1.61884613668363000D-02  7.28669511905597100D-06
18 23  8.51754495390161500D-06 -1.58042400729568800D-05  1.90361883033131600D-05  2.38409512384358100D-04  1.60991128683172300D-02
18 24  1.04794158256740800D-06 -2.83575129813583000D-06  3.15099993759046600D-05 -1.83274111831289400D-05  2.73603726321754200D-04
18 25  6.14896625963337800D-05 -3.05991321088585800D-01  1.13367908006978800D-04  1.18186856315224200D-04 -1.98522663004996500D-01
18 26  1.48602848761250000D-05  2.79836794920547100D-05 -9.62162220760013300D-03 -7.96854992527429300D-06  3.43013336373888500D-06
18 27  4.53841656153533500D-06 -1.91625567132366700D-06  1.40453457576875200D-02  8.06502489082432500D-03  1.62491983055256500D-05
18 28 -2.17737986825631100D-05  5.52460037703749600D-06 -1.42421979623315200D-05  1.38347568818048800D-02  8.25232800983289300D-03
18 29  1.17110790630273300D-03  4.01981147654493900D-04 -5.53211662234784200D-05  6.87886926570605300D-05 -3.41956414937313600D-03
18 30  3.89954495660399300D-04  1.10361119270715700D-04 -3.86920691039893400D-05  2.02516060188161500D-05 -1.53882079503953200D-03
18 31 -3.92115183795828200D-04 -1.62810710570466900D-04 -9.18208625716244300D-06 -1.13621957358613400D-05 -1.53489229152543100D-03
18 32 -4.00570692314575800D-04 -6.93414801903449100D-05 -2.69359031925550000D-05  2.33877308514189800D-05 -3.42799038732252300D-03
19  1 -2.14187247201393100D-03  1.80455166940033500D-02  2.76088866330195100D-02 -8.40201376972693800D-02 -8.29311449844388800D-02
19  2  9.35984865608631200D-04 -2.82783735042429400D-02 -1.64970970616440000D-02  4.58992259288608300D-04  1.18764266983996300D-02
19  3 -1.30576691938108100D-02  1.18124249541113200D-03 -3.67027734640106600D-03  1.28389843872022600D-05  5.04045353311059900D-05
19  4 -2.14490201437823300D-03  1.80512593039792100D-02  2.76081441425058700D-02 -2.98052847993552700D-02 -1.14272072210842400D-01
19  5  7.43210442764540000D-04 -3.78995508791913000D-05 -3.31261873451595100D-02  3.38948114193243200D-04 -4.09661686737329600D-03
19  6  2.90528675028090600D-03  1.19133011709240700D-03 -1.43029524562982100D-02 -5.79456885516470200D-06  2.72707367875100000D-05
19  7 -9.72203686780443300D-04 -2.04661464598607800D-02 -4.96663519798595200D-03  2.29769825037142000D-01  1.30431915321131100D-01
19  8  3.18979904527371300D-04  8.41447897577142500D-02  3.72965464849629200D-02  1.86904753674499800D-04  1.48911800607236500D-04
19  9  1.27164674007028300D-03 -1.42055854067763200D-03 -1.87722439263842700D-02 -2.39164815385808500D-05  3.57584640934903400D-05
19 10  1.34750824643164800D-03  4.82118191315690700D-03  1.92377185204690500D-02 -3.48313365057016500D-01  5.34014429303463500D-02
19 11  2.04836494252276500D-04 -1.27748841971967500D-01  3.04197999440684100D-02  6.59502069277799400D-05  7.88541881110602400D-03
19 12 -5.94083894996442600D-03 -1.94457986114173100D-03 -1.95636882529765200D-02  1.75115657158215600D-05  9.71252537746933900D-06
19 13  1.33650642346646500D-03  4.80863456051401100D-03  1.92364811249605500D-02  2.20450135322045400D-01 -2.74932725738285300D-01
19 14  1.90226022137534200D-04  9.00755842532325900D-02 -9.53496128398527200D-02  8.75952901196750100D-05  1.22051974472625100D-02
19 15 -1.02570714658091200D-02 -1.94812598145362400D-03 -1.67154539024717300D-02  7.78554740980006300D-06  2.33040630237272400D-05
19 16 -9.78163073424028600D-04 -2.05024969015567800D-02 -4.72085972083963900D-03 -1.94667129287760600D-03  2.64154685214734700D-01
19 17  3.44242005622439900D-04 -9.64691882813920600D-03  9.16647825375830200D-02  1.71768900893675000D-04  1.50612426164364400D-02
19 18 -1.36278906324673300D-02 -1.43335198396923400D-03 -8.82282112564473400D-03  4.09833835817315000D-05  8.14723728269206700D-06
19 19  3.05609857974486800D-04  6.84333077987286200D-03  2.13661726359019400D-02  7.83043486073088000D-03 -2.79148941185744800D-02
19 20  8.85447972254251900D-02  1.19402818087733700D-03 -9.17981125001308800D-03  4.75703353043876800D-02  7.80718688902200900D-04
19 21  4.21215235901474400D-03  3.92897094314256800D-03  3.81070799528387600D-05  2.18482792823107300D-03 -4.25974703501466000D-03
19 22  2.07491910678349300D-03  2.15406235714569800D-03 -5.89763013593121700D-06 -6.43710942118161200D-05  2.73153531935531600D-04
19 23  1.20672932908403300D-03 -1.47988286101945900D-03  9.58670645712462800D-04  2.78813940318027300D-06 -6.21372282354250700D-05
19 24  3.04387913428949000D-04  6.83966288205119100D-03  2.14070406043106400D-02  7.90834310053709900D-03  9.06707468329721300D-02
19 25  2.00724976607924000D-02  8.14602305374542700D-04  4.57696027932708400D-02  1.58792654768910900D-02  5.18987173796019200D-04
19 26  1.25311579130823700D-03  5.66145780057918400D-03  2.25058249195517400D-05 -4.26208233061574700D-03  2.17187167533149500D-03
19 27  2.09021065528430500D-03 -2.14334506236200500D-03 -5.08164201941076700D-05 -2.94744989560983600D-05  2.68345438591511700D-04
19 28  1.22212426812871800D-03 -1.49046970672022900D-03  9.42464397891832400D-04 -5.41751668444743200D-05 -2.86884339984306000D-05
19 29  1.16854678088752100D-01  5.55236243127917200D-02 -2.42433094088064900D-03  6.77033214140359200D-03  1.41628466544092400D-05
19 30 -4.46337261685000400D-02 -2.50074471752317500D-02 -7.94670080644635500D-03 -2.11334292249269900D-03  1.77976307718171100D-05
19 31 -4.46311638591164700D-02 -2.50530404703958400D-02  2.15239187752278500D-03 -7.94034930391423300D-03 -9.99076594195759600D-07
19 32  1.16802086776939900D-01  5.55041061079127200D-02  7.05897730628767500D-03  1.25936338542001800D-03  1.47949189320099600D-05
20  1 -3.28057891426122900D-07  2.24528594983418100D-04  2.23428471129795500D-04 -5.59314436043729800D-04 -3.71196204862264100D-04
20  2 -1.99617809989866300D-01  9.39340617271508700D-05 -1.54681116493807800D-04 -9.43965430297729200D-02  3.85797541997191800D-05
20  3 -5.40809462341791300D-05  1.55011920344598300D-05  4.15335210524711200D-05  1.00515021628683500D-02 -3.02600255359624700D-02
20  4  1.71242441530376800D-05 -3.18883838606820300D-04 -5.01536618272242600D-04  3.91796883819325900D-04  6.80389600857334700D-04
20  5  1.99671116170573700D-01  2.60286693103770300D-04  1.21512022047563000D-04  9.43921779768106100D-02  5.74160115270936800D-05
20  6 -5.03918069001994700D-05 -7.02420462689446700D-06  4.92078438902987100D-05  3.12216748965340000D-02  6.43453934408399800D-03
20  7 -2.75153171961763000D-06 -7.72490287262424900D-05  4.11474259088976400D-07  4.59259345996792100D-05 -7.03585232936013600D-04
20  8  6.96280852836004000D-02  2.42030244547409300D-06 -2.98380834088868300D-04  4.26694937333131400D-02  7.07646420778293200D-05
20  9 -8.39763991953608500D-05  1.32117571175312600D-05 -6.39912827992441500D-06 -1.69675308741349500D-03  1.00057145089747100D-02
20 10  3.15963972114342800D-06  6.21567696770723800D-05  5.96449921948526300D-05 -1.55136109027581400D-06  4.65062914337871200D-04
20 11  2.28309384125830900D-02 -4.68311738911524400D-05  2.24631652192005900D-04  6.13548277899929600D-03  5.79297638705905700D-05
20 12 -5.28900135778958500D-05 -5.03975029269459400D-06 -3.27089055798617100D-05  4.78968838288977200D-03  1.11878156045625400D-03
20 13  4.80170421604479100D-07 -1.59223047936181300D-06  4.49228843336515200D-05  2.36650984226409100D-04 -3.50800797279889900D-04
20 14 -2.28064005389379500D-02  1.67764581398169500D-05 -5.65741797531830100D-05 -6.15056875469173900D-03  1.74652271174805500D-05
20 15 -2.61202770100990700D-05  8.65504989261826100D-06  2.56118599183252000D-05  1.43629631625856600D-03 -4.72081954651193700D-03
20 16 -2.06444102234550600D-05  6.98050064629956000D-05  2.07727629459706200D-04  5.04418832795355400D-04  4.83540163846242400D-04
20 17 -6.96129331082611400D-02  2.62625648797615400D-04  3.21258023534412500D-04 -4.26182464999117700D-02  3.28840054619708700D-05
20 18 -1.79707147981554900D-05 -1.49132906638157500D-05  2.86446180271046100D-05 -9.49298544856534000D-03 -3.54529126106187700D-03
20 19 -4.85374023795567100D-06 -2.91789292937994400D-05  5.74408425903222500D-05  4.40380697778882200D-05 -2.09203006517713500D-04
20 20  2.85155882687047400D-04 -3.83209050428938000D-01 -1.70820073636953200D-04  1.49410238375297300D-04 -2.61678537412831100D-01
20 21  1.97643087598830000D-05  1.69392477996931400D-05 -2.66086892784228100D-02  1.06775938903496900D-05 -1.43175070513474000D-05
20 22  3.63991316099746400D-06  2.14916028045040000D-05  3.75171535250113500D-04  1.63718329557908100D-02  7.76000276516461800D-06
20 23  5.14001458446266500D-06 -1.29000173496273400D-05  3.13802730049354000D-05  1.15716068177241900D-03  1.73740781025306300D-02
20 24  4.03569743670299100D-07 -1.21871944629628500D-05 -1.27685457337102000D-04 -1.24940364384530900D-04 -5.49581269193381000D-04
20 25 -1.06893214584690700D-04  3.83241889086218400D-01 -2.89787394750729600D-04 -2.86887938104722400D-05  2.61712184195071400D-01
20 26 -3.75779715286109600D-06 -1.10020195503554300D-05  2.66203051768430700D-02  2.44177931025517300D-05 -1.42006872112790100D-05
20 27 -1.02171058912727200D-05  1.23238633310895800D-05 -1.39989034213447700D-02 -8.51787020473202200D-03  2.96947942219552100D-06
20 28 -2.03921640319502300D-05  1.74226846097547500D-05 -9.21398471348247000D-06 -1.44731929802477100D-02 -9.70035617167998000D-03
20 29  3.36451898806767700D-04  1.35359536554527600D-04 -2.96113429971730700D-05 -1.18268901756240200D-05  2.69145098736590800D-03
20 30 -4.27123530678092800D-04 -2.10459176422023700D-04 -7.16425432628367500D-06 -2.13212238741709300D-05  7.80303320940312800D-04
20 31  8.56990094688974100D-05  5.76245152903673300D-05  2.07237306657003400D-05 -1.01704775842166400D-05 -7.69009137176137800D-04
20 32 -1.45927759885122900D-04 -6.99921293652094900D-05 -4.25769425965905600D-07  1.49976465246998700D-05 -2.68413782407401900D-03
21  1 -2.81095153639242500D-06  6.50347713825828100D-05 -3.07609274506107800D-05 -3.49639551690830100D-06 -1.10617263871573500D-04
21  2 -3.08702922445142900D-02 -8.06853829114169700D-05  8.60919996026525100D-05 -2.64841426604931400D-02  5.56667901895904500D-06
21  3 -4.82994214343391500D-06 -7.36736875525104700D-07  5.43110690210275900D-06 -1.05835580535755600D-02 -1.75175237523870300D-02
21  4 -9.72076243675618100D-06 -1.92311622899228900D-05  1.59787817919477800D-04 -5.64598270508410100D-05  4.10379637923182700D-05
21  5 -3.08809326623757900D-02 -1.50361979815802900D-04 -1.00047642118048200D-04 -2.64997174720197200D-02  8.72755255185602000D-06
21  6 -2.98421495124943600D-06 -5.74333760060664500D-06 -2.11524708684005600D-05 -9.87291589944246600D-03 -1.79162639696119600D-02
21  7  6.46933748819316500D-06 -5.08947675362706900D-05 -2.25489724022125200D-04 -8.55930439628899500D-06 -2.19818180632237700D-05
21  8  2.08617226060856600D-01  8.38168117786317700D-05 -7.94533604309245500D-05  1.40274599964591200D-01 -1.40970971486174900D-05
21  9  7.29798787661359600D-07  1.33672983609560900D-05 -3.99507839385683600D-06 -2.15251085090963900D-02 -9.54364881677597200D-03
21 10  2.31437975930261100D-06  1.59732142644141400D-05  9.85698885301792300D-05  2.07915793040209300D-05 -1.05726666717961800D-04
21 11  2.97350670339735100D-01  2.26109291536145800D-05  2.79242583131232200D-06  1.98290017389183300D-01  5.14648475911192000D-06
21 12  1.97490285649880300D-06 -7.12138761561080500D-06  1.48453008901282000D-06  4.76441850726844100D-04  1.82157112390893700D-02
21 13  1.30079897163377900D-05 -5.83389890568524400D-06 -2.19041776630849500D-04 -4.97442734064425200D-05  2.23458387237948100D-05
21 14  2.97380662076364900D-01 -1.97862519098469900D-05 -5.47891945020266100D-05  1.98293525452237000D-01  3.72897636030992000D-07
21 15 -4.01298459065431700D-06  3.64008695462347900D-06  5.13451300748616600D-06  1.55428444366692400D-02  9.52983548553829600D-03
21 16 -2.61174066037788200D-06  3.38415240351998100D-05  1.32622520437027300D-04  7.85267582483827800D-05 -8.02563276731320400D-06
21 17  2.08660017732452300D-01  3.13639625874163800D-05 -1.08491662880221500D-04  1.40306675566562700D-01  4.13077698995622300D-06
21 18  2.24934283375329800D-06 -6.38011982370949200D-06  2.93184179251881800D-06  2.49110097331613000D-03 -2.34193546165213700D-02
21 19  1.95882611470882200D-06 -7.14226151023579800D-06 -3.87636289504559700D-05  1.27386852314001000D-05 -5.23114302611571600D-06
21 20  4.35875068236249000D-05 -1.38255556929104700D-01  4.70619440574702500D-06  1.07664246074432100D-05 -9.75190630871776400D-02
21 21  1.24234208936460000D-05 -1.54987527221187300D-05 -1.19930771616975300D-02 -5.21445555055631000D-07 -1.19890616454691600D-08
21 22  5.33434616701197000D-07 -1.23797722458368600D-06 -3.30289885043105200D-04  4.65835109219380900D-03  1.55421099418007200D-07
21 23  1.72606771174669200D-05 -1.74160982168848300D-05 -3.04210353670992300D-06  6.08458075303691200D-04  6.49228899494225900D-03
21 24 -6.81519017340014600D-06 -6.88346108394151200D-06  7.68442406208136900D-05  6.82320682284114500D-05  2.24648614971214400D-05
21 25  2.84657243311663000D-05 -1.38259721094084200D-01 -1.45244854923732600D-05  1.35982064613658700D-05 -9.75123605234024500D-02
21 26 -1.59289107906826100D-05 -9.88839217818403100D-06 -1.19930982807933800D-02  3.72790608361767500D-06 -5.93937125868481500D-06
21 27  2.21146517506716700D-06  3.02854541898634800D-06  4.19924839093097000D-03  2.04757218094410900D-03  4.51346661685879100D-07
21 28 -1.28773342588086200D-06  8.36386764194985700D-07 -1.46042338184726400D-05  5.33463733848648200D-03  3.76863266377435000D-03
21 29 -1.93041736229119900D-05 -5.04861478924960900D-05 -6.04342010295760800D-06  4.77057785344507400D-06  6.98683583307172100D-03
21 30  1.12157805082543100D-04  3.40877419087013700D-05  5.20693821915095300D-06  3.19794228171503000D-06  1.04744109804333800D-02
21 31 -9.34819481720462900D-06  2.88977112685082400D-05 -4.43687038020034100D-06  2.36825379899150600D-06  1.04779527358215600D-02
21 32 -3.18380971021337400D-05 -6.70424309151662900D-06  1.00405896699019800D-05  7.88257695934791900D-06  6.99230146307127600D-03
22  1 -1.14799002808952300D-06  3.65120812221514000D-05  1.52334676794434300D-04 -2.46943811601216900D-04 -1.76742714560011900D-04
22  2  4.97418952981362000D-02 -4.14725964951478100D-06 -1.26736287681433200D-04  1.49735818897902400D-02  1.93565844180601000D-05
22  3 -2.94347742832699800D-05  1.00781898652098300D-05  6.27765127318661100D-06 -1.70015212043306500D-02 -2.04599583745092200D-02
22  4  5.88753821764470100D-06 -1.52453938957894000D-04 -2.38303346757818000D-04  2.05939374148953500D-04  3.54509271195984300D-04
22  5 -4.97368896590287300D-02  1.56842680532590700D-04  5.18916777137695600D-05 -1.49745877855133400D-02  2.34514334930101700D-05
22  6 -1.68635300327951400D-05 -6.58790346021507400D-06  3.00155296722443900D-05  9.21233682293068300D-03  2.49585477215267200D-02
22  7 -6.01383934762780500D-06  1.24631257545381100D-04  1.54649740605404500D-04 -1.06993557688654600D-04 -4.28693041036810400D-04
22  8 -3.19220035008930000D-01 -1.17607723570927900D-04 -1.75738365309501400D-04 -2.57569510059677700D-01  4.70688130923354600D-05
22  9 -5.22980724706679500D-05  5.22925937833229200D-06  2.68825571604384500D-06  1.70685553938306100D-02  2.18298070792396000D-03
22 10  1.04296959807790200D-05 -5.41271361985054600D-06 -1.82317282775771000D-04  1.85997651258597600D-04  4.53575973840314400D-04
22 11 -2.13523192823926700D-01  4.74244791079936700D-05  9.92483257461109900D-05 -1.80872969154410200D-01  4.71744671815396400D-05
22 12 -5.05039487422529500D-05  3.32948156071341300D-06  4.63714202181953800D-06 -3.01490465293450600D-02 -6.61986620928539600D-03
22 13 -1.42632768695434500D-05  2.88875854371339000D-05  2.45882294364495200D-04 -8.21669497823256500D-05 -3.54050378971289700D-04
22 14  2.13481246389483700D-01  6.38248509863729500D-06 -6.19469500509060200D-05  1.80834188981271800D-01  2.97277251415808100D-05
22 15 -3.03626046312939300D-05  6.34879489712739500D-07  2.95243707800706200D-05 -9.34774013316994600D-03  2.94065820215881100D-02
22 16  3.45278119599220800D-06 -9.69950392172862900D-05 -1.52785695803281900D-04  1.98365685451059700D-04  3.00851181674067200D-04
22 17  3.19197683301743900D-01  3.15731291680324500D-05  2.06323001077719300D-04  2.57568978839610600D-01  1.51323747800610100D-05
22 18 -1.00582262068912900D-05 -5.07414857316986600D-06  2.20630330252190800D-05  6.65614126780792300D-03 -1.58770479518869000D-02
22 19  1.24811503571856900D-06  2.49706117332323000D-05  6.60187739049170800D-05  8.23577359932627000D-05 -1.04895915308667500D-04
22 20  2.04634087186469200D-04 -1.31972755194135400D-01 -6.74774009490749700D-05  9.72623111209158600D-05 -1.02217365864788000D-01
22 21  1.85664493203541700D-05 -5.13596596405044800D-07 -1.52400621953367600D-02  6.53560082802385400D-06 -1.00506152592101200D-05
22 22  3.51501443118604200D-06  1.07168408832122700D-05 -5.17822755413195500D-04  2.25068892798210500D-03  6.61461206484052300D-06
22 23  6.00082838670695100D-07 -7.21469490351158500D-06 -3.08164837038928900D-07  1.73838232356366300D-03  1.18632180474542800D-03
22 24  1.32479367920869900D-06 -3.41121283042959200D-06 -7.29512951478845300D-05 -8.68146436500515500D-05 -3.09017309421953000D-04
22 25 -5.12898474285823200D-05  1.31985299819398700D-01 -1.71002062326937800D-04  2.07961248968869700D-06  1.02225278655294900D-01
22 26  5.05303942475925800D-06 -1.33049242406826600D-05  1.52442094682137200D-02  1.36155505007226000D-05 -4.91635638034455000D-06
22 27 -8.69919412037798600D-06  4.53002439166952200D-06 -2.21129902979905700D-03 -6.78374026378725400D-04  6.42524559126092700D-06
22 28 -1.64925011316957000D-05  1.00672555404347800D-05 -1.51611627023975900D-05 -1.64662973563135400D-04 -2.10610531416353100D-03
22 29  2.01214097561619100D-04  9.34615803225308500D-05 -2.26307254219566900D-05 -8.06343218830361600D-06 -1.17053184810004900D-02
22 30 -4.55434619620640400D-04 -2.28646544600280800D-04  8.47518369237129000D-07 -2.68645074989222600D-05 -7.69365207968068700D-03
22 31  3.24988035279453200D-04  1.50104868109174700D-04  2.76083740230723300D-05  4.32037341743694800D-06  7.68693119895574600D-03
22 32 -1.02120257640570000D-04 -7.16472303731438500D-05 -8.28022899282214800D-06  1.49864661607278700D-05  1.17149037531088800D-02
23  1  1.01500848348588500D-02  1.60750432130525900D-01  1.19914045038469800D-01 -1.46045565191752000D-01 -8.08836801979091200D-02
23  2  3.56784006891856400D-04  7.81136570127312400D-03 -1.85791023207931200D-02  1.73789211861073600D-04  1.20495677982162500D-02
23  3 -4.34680543689676800D-03 -7.70276236131952300D-03  1.86981357455906500D-02 -4.58633019876213200D-06  4.02712213574390100D-05
23  4 -9.61586124647598500D-03 -1.60685869739549500D-01 -1.19791764202882200D-01 -3.05805969195698900D-03  1.66837347091101700D-01
23  5 -3.89824921252845200D-05  2.00267492274674400D-02  2.45135073954918600D-03 -3.26729633531915100D-05  1.42922928651069900D-02
23  6 -2.19852168086477700D-02  7.69292394354078100D-03 -1.15232337754570400D-03 -1.91630637926777000D-05  7.67272695165374400D-06
23  7  2.13061953573658700D-03 -2.15477107514668100D-01 -2.08881229370612800D-01 -4.48414549989951300D-03 -1.23366433276626700D-01
23  8 -1.04367185780307500D-04  2.57186760485622300D-02 -7.53177392519840700D-02 -8.45012554930231900D-05  2.55298877389101500D-03
23  9 -1.15358146501962700D-02  8.98282587630532700D-03  1.48329066033319700D-03  6.04180918337968700D-06 -4.61853132943751500D-06
23 10  2.76920979941364800D-04  2.87248636902528700D-02  8.90101243219499600D-02 -4.37739724456226900D-02 -1.19436128673867600D-01
23 11 -9.41375388492885500D-05 -2.04775515615461900D-02 -6.10845333822599700D-03 -5.96575889488670400D-05 -9.26331789866532800D-03
23 12  8.37825873072330100D-03  8.85059167942048600D-04 -1.13529767580596100D-02 -9.05705550489635700D-06 -4.62941028600291200D-06
23 13  1.01417382187072900D-04 -2.87603472796911500D-02 -8.90577822826727200D-02  8.16010098540941900D-02  9.77023930373778600D-02
23 14  1.53856038729726200D-05 -4.93653066187287400D-03  2.08253045111824700D-02 -7.49008717572660500D-06 -1.24955388785547700D-02
23 15  1.33668746861951100D-02 -8.71335807640219300D-04 -3.16298045603737100D-03 -9.57351137421402900D-06  5.43504028688487200D-06
23 16 -6.78065024554708100D-05  2.15550582910735600D-01  2.08803525795475100D-01  1.04673563644818700D-01  6.56178814723020200D-02
23 17  1.16794985365286200D-04  7.81192728942094000D-02  1.53726761283929400D-02  8.09292184833823200D-05  9.13309630298186700D-03
23 18 -1.49698724702192800D-04 -8.98339757827971600D-03  6.30168538755305700D-03  1.62239398350389200D-05  4.57596074719138400D-06
23 19 -2.59214394290116600D-03 -3.90059739391756300D-02 -6.08053746267265100D-02 -2.13002695915741200D-02 -4.10070869275125200D-02
23 20 -3.88703015852269400D-02  5.96594936355310000D-04 -3.04138708947240700D-02 -1.62322037790647400D-02  3.96305715602640100D-04
23 21  2.02411067385707400D-05  1.00725321819682400D-02  4.29773857336973000D-05 -1.30624332016309800D-03  2.48212807317628900D-03
23 22 -1.17588475301319100D-03  4.23228242493940400D-03  1.56627532492561200D-06 -2.52905977050606200D-05 -1.27054887534274900D-03
23 23  3.07518388346834600D-03 -1.80463500812546500D-03  7.78281038140361600D-03  5.39016157797478900D-06 -2.09999622276151100D-05
23 24  2.72155638941807100D-03  3.90019025189287200D-02  6.07986459061345300D-02  2.13033679075526400D-02  1.32219128204678100D-02
23 25  5.49693704871948300D-02 -1.43520202525186400D-04 -1.11482706625107100D-03  3.44894924924122000D-02 -1.03836242375756800D-04
23 26 -8.72335760524127700D-03 -5.04876550765688000D-03 -1.24335652306598500D-05  1.63555379860443700D-03 -2.81480377762157900D-03
23 27  1.17924997901720100D-03 -4.02220029842543000D-03  3.02030116147634800D-06  3.29795336059715600D-06  3.88028927875978100D-03
23 28 -5.66512246597814200D-03  1.78483318721838200D-03 -6.06776130857185100D-03  7.59020322464320700D-06 -3.88685701806571800D-07
23 29 -6.82560403943889400D-02 -1.62076036937678400D-02  8.16597045983004200D-03 -7.01999007021505200D-03 -3.95923791279329100D-06
23 30  1.20281593768481700D-01  4.56946143737791300D-02 -1.58165754014939800D-03  8.46060404122902900D-03 -1.11972601966227100D-05
23 31 -1.20360364298186800D-01 -4.56954291265399900D-02 -8.12124869519717300D-03 -2.85904147727762900D-03  4.56638813698038900D-06
23 32  6.82415736452992300D-02  1.62610017451876400D-02  1.01627130411261200D-02 -3.56247082197356200D-03 -5.87478765104516700D-07
24  1  1.61139836255245700D-03  2.10500464705587500D-01  2.16666366014379800D-01  1.68632291198770000D-01 -2.25758712910321500D-01
24  2  3.27049626705864900D-05  3.16374176528815100D-02 -8.26153850805339500D-02 -6.67599703266838600D-05  1.96262089258968400D-02
24  3 -1.15218666004590800D-02 -8.10434232543775700D-03 -1.30182032113257800D-02  2.49781148430153500D-06 -5.86428892828090500D-06
24  4  1.90143405092645400D-03  2.10452558955210400D-01  2.17521119851318500D-01 -2.79829420822344700D-01  3.30821169073858400D-02
24  5  2.29621725719109600D-04 -8.78047545222109100D-02 -1.37433065742631700D-02  1.61764645766436200D-04  6.07698745382332100D-03
24  6  2.07372949604004600D-03 -8.15071694986330000D-03 -2.20858738534798500D-02  4.12182533078477400D-05  2.55253177691215300D-05
24  7  5.29214071419152800D-04 -2.85677631659005400D-02 -6.08911719007831900D-02 -8.14035879641945300D-03  9.37801597366818600D-02
24  8 -6.69736176682664100D-05 -2.48673697879087100D-05  3.13991142190135800D-03 -9.46254422771465800D-05 -1.50198041030545100D-02
24  9  1.60841179806783500D-02 -1.06431387762389300D-03 -7.27580042433335000D-03  2.01990651254410100D-06 -1.48298800458540500D-05
24 10  1.81966628416953800D-03 -3.42336435622795600D-02 -3.15109713848887300D-02  7.08366625426059600D-03 -1.23699154605591400D-01
24 11 -1.00729050575808500D-04  1.58504990750409000D-03 -5.28933062228371000D-02 -1.06010331042070800D-04 -6.29648226727389500D-03
24 12  4.61832567962044500D-03  1.67815658765348800D-03  6.89434842601910900D-03  5.08048738982263300D-06 -2.28811988153569400D-05
24 13  1.88513956238527900D-03 -3.43701393846171100D-02 -3.19351173360943900D-02 -1.10619355529168300D-01 -5.58149865827660500D-02
24 14  1.40284162686069400D-05 -4.67951744240470700D-02 -2.54033216302750300D-02  4.88280924566828500D-05 -3.31660635892816200D-03
24 15  1.61379019179501900D-03  1.70281616713320000D-03  8.85592737968092000D-03 -2.30398264305831700D-05 -1.36279081935647800D-06
24 16  7.36793419678071900D-04 -2.87470720591175300D-02 -6.05311440801494300D-02  8.53101723106988000D-02  3.98959484566291700D-02
24 17  6.07810844069998800D-05  2.99718329054255500D-03  1.31003750143335800D-03  6.21002867387300300D-05  1.37895335347798100D-02
24 18 -1.26964504690977600D-02 -1.09308306568205800D-03  1.19011778200413700D-02  1.14817353592966000D-05  2.51489454529340600D-06
24 19 -1.95510033890096500D-03 -5.98458232950721500D-02 -5.57831091912684600D-02  3.47195854273378100D-03  7.87651156316642700D-02
24 20  6.84656024333017400D-02 -1.04554709282603300D-04  5.20529642822357600D-02  4.13856080515382100D-02 -9.32202621076914700D-05
24 21 -8.41778378955165900D-04  9.98086691043149900D-03  1.83197872060203100D-05  1.64451403646503000D-03 -3.28630874328107200D-03
24 22  1.64179470681615700D-03 -5.98018611577245200D-03 -2.16636532784736300D-06 -6.97995472829314400D-06 -1.53120143787801000D-03
24 23  1.71361327738263700D-03 -1.82411839504637300D-04 -8.77988475156137000D-03  1.94826897838414400D-07 -2.91582673386731400D-06
24 24 -1.83039286681275200D-03 -5.97970221442426500D-02 -5.57829814647412700D-02  3.33117761208172200D-03  1.99716760108421200D-02
24 25  1.02473229178683800D-01  4.71098563681345600D-04  9.91117073589221000D-03  6.57883570913319500D-02  2.78630011358505500D-04
24 26  9.19756974065928800D-03  4.19586363985122800D-03  4.50270539323152300D-05  2.43575898948274800D-03 -4.09329727188392900D-03
24 27  1.65753828240126000D-03 -5.48039410932519800D-03 -2.30646453946529200D-05 -3.78846629081442100D-06  7.46282104941319400D-03
24 28 -7.28520928390687000D-03 -1.77611765506350700D-04 -2.77404400898340600D-03  1.73251045711405500D-05  1.14564116222646100D-05
24 29 -6.01148288580969200D-02 -1.76994962843478800D-02  6.29604507969215600D-03  4.12688266644166100D-04 -8.01758659075617100D-06
24 30  9.09015720979964300D-02  3.51330999177866100D-02  1.27937036094714400D-03  5.20350198647218800D-03 -5.54858699032454900D-06
24 31  9.07915711535146900D-02  3.49894673485262400D-02  3.86223538826805600D-03  3.71547754040585500D-03 -3.46618618123960800D-05
24 32 -6.01983737913340300D-02 -1.75667295414963400D-02 -2.83351328084917700D-03  5.66500621811674700D-03  2.67834868583822900D-07
25  1  3.03762915124068300D-03  5.53930852206874400D-02  7.58332345547716300D-03 -2.64072351406926800D-01 -1.75089545701774900D-02
25  2 -1.36580681335849600D-05 -6.44722981437780800D-02  3.48635587390787900D-03  2.72452327421139700D-05 -9.94531339653015700D-03
25  3  1.01169923144286200D-02 -1.71678917898324200D-04 -4.24155509345346100D-03 -4.79503879791119800D-06 -2.32760089396572900D-05
25  4  3.15529636490857400D-03  5.54578576526161000D-02  7.45149143078228900D-03  1.16890577435676300D-01 -2.37499673623833300D-01
25  5  5.93240385320258900D-05  3.51659449526609400D-02 -5.43732193904205900D-02 -5.13642940171544400D-06  8.23898319130050500D-03
25  6 -8.09836200246411900D-03 -1.40621188836354400D-04  7.88430062862453500D-03  5.44011191676964400D-06 -1.62815530997522600D-06
25  7 -2.00290884703260900D-04  9.33325044713563500D-03  3.38706477398438600D-02 -6.99768155646125900D-02  1.83130557791882600D-01
25  8 -4.22667834705013600D-05 -5.28744297072465300D-02  8.99943013579805700D-02 -2.15979165987094200D-05 -1.77060096334818300D-02
25  9  2.21008401191365800D-02 -4.39483048565485700D-03  1.17764068560707900D-02  2.11131835458914500D-06  4.25527143055019000D-06
25 10  9.63876210154285000D-04 -2.31995213446096900D-02 -3.38299824101322500D-02  5.80577046953447700D-02 -1.07766445535537500D-01
25 11 -3.53781052806353000D-05  2.60445358778440700D-02 -6.41885008178488800D-02 -4.99321188158392400D-05 -1.12428374964208700D-02
25 12  9.75221387250051200D-03  1.49062362392035400D-03  1.18132273322207200D-02 -2.98600528554213300D-06  6.54868158276983700D-06
25 13  9.85734707961290300D-04 -2.32140498424597800D-02 -3.39537655257044400D-02 -1.22315710800345800D-01 -3.58618369156357600D-03
25 14  1.19676391047406300D-05 -6.87362720716172400D-02 -9.41912195665237300D-03  1.06338656660029400D-06 -4.35786501894524300D-03
25 15  2.89507988010075800D-03  1.46278513884465400D-03  1.64164119542308800D-02 -6.12307582102017800D-06 -1.02414063354823100D-06
25 16 -1.48726621496073100D-04  9.28204656202697200D-03  3.39860196962199600D-02  1.93531975936034000D-01  3.09401532450796300D-02
25 17  3.80332757972638000D-05  1.04465342018312100D-01 -6.96014060868263600D-04  2.79515357272989500D-05  3.30295595238127900D-03
25 18  1.08037396816121800D-03 -4.38332992054235300D-03  2.57824910357598800D-02 -9.98375837017772400D-06 -1.76767018114460400D-05
25 19 -5.13243258807230000D-04 -7.61763675911244700D-03 -1.39920449411734300D-02 -8.12687857498209900D-03 -2.24754124985969900D-01
25 20 -3.98065706176047900D-02 -7.89907249142194600D-05 -1.53343730761981500D-01 -2.06103810081655600D-02 -3.89311212100718700D-05
25 21 -5.01618405010205700D-03  8.82431175051682400D-04 -1.72666412561160300D-05 -1.20993626138122700D-03  1.95394218149207900D-03
25 22 -7.44005920110779700D-04  1.19358557797872800D-02  6.99115484878713600D-07 -2.23794655558635100D-07 -1.63592725465708900D-03
25 23  6.47366218509119200D-04  9.88561036147904800D-04  1.58222739582789600D-02  1.22020936929669800D-05  9.03126951693306000D-06
25 24 -4.90563814292577700D-04 -7.62766224422226600D-03 -1.38569421919656300D-02 -7.94644937985119900D-03  7.79338750947074100D-02
25 25 -2.14582937707425500D-01  1.49986156550166800D-04  5.87975901928235000D-02 -1.43112047164254700D-01  1.18139016220230500D-04
25 26  3.18557159692156700D-03 -3.90997058588493700D-03 -2.98306680325852000D-06 -7.78820165570780200D-03  8.53498437546812400D-03
25 27 -7.46782719760283500D-04  7.55471053045309800D-03 -9.73504721765995000D-06 -1.33343286719121200D-05 -1.17927532979798000D-02
25 28  1.07904877290713000D-02  1.00226556890848400D-03  9.03973597771048900D-03 -2.22840298793260400D-05 -1.19965878841777600D-05
25 29 -1.45724971319555600D-01 -5.48787100306217200D-02  9.21605254498356400D-03 -6.97392735879817100D-04 -4.40733728310624500D-06
25 30  9.14762351102485100D-02  4.09839342604188700D-02  3.47692571016899100D-03  4.70163133229827500D-03 -4.07047495323294400D-06
25 31  9.14275275853321400D-02  4.09838140142796300D-02  2.33498482789766000D-03  5.35544663423514400D-03  1.70918798715998700D-05
25 32 -1.45744129012822600D-01 -5.48740484479432200D-02 -5.22056335380160900D-03  7.59624456070625000D-03 -7.25936118881859900D-06
26  1  3.76409762742636100D-03 -6.03578965670761400D-02 -9.95882046661414300D-02  1.45783850746793700D-01  1.56803485573461300D-01
26  2 -3.15356539972883700D-04 -3.40758387586478100D-03  4.76182131132076400D-02 -1.80513863926904000D-04 -1.57816094840002900D-02
26  3  1.94274281842888200D-02 -3.64581870028848900D-03  1.53780696272840600D-03 -1.12287172732942200D-05 -9.30880736760573800D-05
26  4 -3.64474005524610000D-03  6.03957534994862100D-02  9.96347381723105700D-02 -6.29176058177894100D-02 -2.04592472799348500D-01
26  5  3.39378940482592800D-04 -4.28826308276232800D-02 -2.08208361599694800D-02  1.93739257717963900D-04 -9.46528498546821100D-03
26  6  5.80439390492833700D-03  3.66089108053987800D-03 -1.83454607917967900D-02  8.74773852131557200D-05  6.53336250449427400D-05
26  7 -1.91687748495746200D-04 -6.59459230296072900D-02 -4.59321507342508400D-02  6.25940187686965700D-02  2.30363600151052800D-01
26  8 -3.79127771935693500D-04  3.38335253900253900D-02  1.09097516546653100D-01 -3.57599046992649900D-04 -2.00282533219018900D-02
26  9  2.28257661707535800D-02 -2.79751284885152600D-03  1.64905856552632300D-04  3.73345059311610900D-05  3.08755752853905500D-05
26 10 -1.83418768251205600D-04 -1.22944674577921700D-03  2.95586007419825200D-02 -1.25435570287443600D-01 -1.76789492388664400D-01
26 11 -3.04911667391958900D-04 -2.91445026349555300D-02 -7.46401782128639900D-02 -2.55312431743194900D-04 -2.68510490836533800D-02
26 12  2.54225571936092600D-02  1.42849189004412500D-03 -6.37843453172755100D-03 -3.41452112064445700D-05 -1.00352501282366500D-05
26 13  3.12541440492745500D-04  1.25120613168113600D-03 -2.96520702747989300D-02  9.04046660391036000D-02  1.97056621657330000D-01
26 14  2.97385466528476200D-04  5.01429382728634800D-02  6.25568993461180200D-02  2.86250022817316200D-04 -1.71225058769973400D-02
26 15  1.85763342014147300D-02 -1.45382832441732500D-03 -2.29500884627379200D-02 -1.74346297911519600D-05  4.31572631193460000D-05
26 16  8.41899324237039800D-04  6.59400159946226200D-02  4.60232026195234700D-02 -1.68199938670268100D-01 -1.69444514729430800D-01
26 17  3.88253846999625000D-04 -7.75647837238409200D-02 -8.39212953474381400D-02  3.38193773483165900D-04 -1.19699226557728300D-02
26 18  9.17338238870417000D-03  2.79654026706878900D-03 -2.15308678893195900D-02 -8.33731076655801200D-06 -2.96194852261352600D-05
26 19 -4.58219181223268500D-04  5.27300224547594800D-03 -1.71640612597083800D-02 -1.64908532482179000D-02  1.20557210882503600D-01
26 20 -1.37658164204827000D-01 -1.09766300023709600D-03  8.65772322857057700D-02 -7.52642105017634900D-02 -7.78435666362776500D-04
26 21  3.67352071682724700D-03 -6.63316999931762500D-03 -8.47225712482109000D-05 -3.64370397500154400D-03  6.82800333272151500D-03
26 22 -3.18429935771992900D-03 -6.15084063456541800D-03 -1.07610337342262200D-06  3.74687286417561500D-05 -4.29153830021190900D-04
26 23 -1.66610471128006700D-03  2.09525854130144000D-03 -8.82968054371673400D-03 -6.14640977714262500D-06  3.66464145319650100D-05
26 24  4.77804904175273600D-04 -5.25645024498558400D-03  1.71937757724993400D-02  1.64564291088671300D-02  1.79486956353819400D-01
26 25 -3.55182366526700200D-02  1.12244507490617900D-03  1.08440152375905200D-01 -3.72920699773327900D-02  7.72183427458085300D-04
26 26  7.62137257721837300D-03  1.46017180276114400D-04  8.94330027643424800D-05 -8.81367603006824600D-03  5.62942957681023400D-03
26 27  3.18424645325799100D-03 -2.15772339424255500D-03 -4.26360689852728200D-05 -2.32265602501329700D-05 -5.27712868351194000D-03
26 28  7.35426765579957400D-03 -2.07713897228767000D-03  5.02242591419576000D-03 -1.66904780716794500D-05 -1.30925000982196700D-05
26 29 -9.92483623268381200D-02 -3.10267392270105200D-02  1.04929852951510200D-02  2.06924062514191800D-03 -2.13153825438506400D-05
26 30  1.80142600437914100D-01  8.48258463342955500D-02 -3.39765118025881700D-03  9.14452668575617100D-03 -2.63829382447517200D-05
26 31 -1.80184525687161100D-01 -8.48529866590596300D-02 -9.64226117499448700D-03 -1.64681174081161300D-03  1.08984585521586600D-05
26 32  9.92045779250086700D-02  3.10159626552346300D-02  3.42620598329218700D-03 -1.01226314076859000D-02  1.84191729039447900D-05
27  1  7.23734260731020300D-04 -6.67371115585973200D-02 -7.72772984035136200D-02 -2.74805788535105300D-02  7.78559995828930900D-02
27  2 -2.69504260400407700D-05  1.04540674815286900D-01  4.44395706159111100D-02 -1.80799417044906200D-05 -4.43413178490271300D-03
27  3  7.61095754110617000D-03 -3.17682575620330600D-03 -4.94236902918114200D-02 -6.48554799393187800D-07  7.23777563681765200D-07
27  4 -7.41147354520238500D-04  6.66824159412411200D-02  7.73535350354253000D-02 -8.11530862744867800D-02 -1.52095450320025300D-02
27  5  2.82732589287198000D-05  1.38287972926570300D-02 -1.12937533199248300D-01  1.93019337909552100D-05 -4.16942213183833500D-02
27  6  3.84689420025075500D-02  3.22527931587596100D-03  1.87000680182017700D-02  2.42166682807792900D-06  6.14336474422806100D-06
27  7 -1.89461897513727500D-03  2.13344763286470900D-02  1.33143301744245600D-02  4.18474626072003500D-02  1.00880490731126300D-01
27  8 -3.50909506699281300D-05 -3.22788076045468300D-02 -1.34550081744450800D-02 -6.79854521590648600D-05 -5.58985123928255300D-03
27  9  5.21351511906758700D-03  3.76336120214931200D-04 -3.05746407412300600D-03  1.07411389473208600D-05  9.37980365535593500D-06
27 10 -4.64499207868547300D-04 -1.72149367275218100D-02 -3.98677541231523800D-02 -5.02573031577457700D-02 -4.99301066086924700D-02
27 11 -1.49508643579753300D-05 -7.15356597940524900D-02 -2.74755529355098900D-02 -4.14627581919779700D-05 -9.02806009853810200D-03
27 12  9.03158003325736800D-03 -3.51993471941142100D-06 -1.78169193886546800D-03  1.93396350762220000D-05 -3.88315321911276100D-06
27 13  4.71007568613336800D-04  1.72039472749947700D-02  4.00306948230650400D-02  1.81143107284636200D-02  6.84778371592618000D-02
27 14  3.44954088535373400D-05 -1.19940536099393900D-02  7.57585477816172800D-02  5.17556440968351100D-05 -5.87816936798130900D-03
27 15  5.87357117733178000D-03  4.59819064957248000D-06 -8.11958641076468300D-03 -5.74399057244213400D-06  6.31303871695387800D-06
27 16  1.92554944595933300D-03 -2.13289561496425800D-02 -1.34936253547914600D-02 -6.63271904912119100D-02 -8.66953902994516400D-02
27 17  4.46065970576642700D-05 -4.55878747111797400D-03  3.48137877961134700D-02  3.76467998539476100D-05 -4.80960111314096300D-03
27 18  5.15622795478228600D-03 -3.46626841641451700D-04 -3.86282672903910200D-03  1.07090694715548700D-05 -7.38246076143896100D-07
27 19  7.82525133651433300D-05 -3.82961538607538900D-04 -1.26091600583624700D-02 -1.53478635554195000D-02 -4.33755114790998600D-01
27 20 -4.04007860567021100D-02 -1.43169807291732600D-04 -3.25751489798280900D-01 -1.94055950816473600D-02 -9.84114037945145500D-05
27 21 -4.82934222573380300D-02 -2.59990844581381900D-03 -2.14915208588909000D-05 -1.78002343732348900D-04  1.02726534159640000D-03
27 22 -8.49262997863920800D-04  1.13206849227121300D-02 -8.24108732529773400D-06 -1.19526120784860000D-06  5.59928611305058300D-03
27 23 -4.63740844472597100D-03 -9.61877668324568700D-04  1.66761204449971000D-02 -7.75477161722330300D-06  1.08364232456245800D-05
27 24 -1.18550684980382800D-04  2.99118193323444900D-04  1.27832410331655900D-02  1.53243510649601900D-02 -1.81990288738976400D-01
27 25  3.95918464540132100D-01  1.29242751041747300D-04 -1.46229213180176200D-01  2.91924228405785400D-01  1.08143905949870800D-04
27 26 -2.19037072690296200D-02  4.31682462357534900D-02  1.18213959514004400D-05  7.79450400921289600D-03 -8.63254767521783700D-03
27 27  8.38043666004956500D-04 -6.25832961420304200D-03 -2.89175458471869200D-06  6.54322984371524700D-06  1.46226097608372400D-02
27 28 -1.55813305828473400D-02  9.58720822010152400D-04 -3.24432654042162000D-03 -3.18675065785339900D-06 -1.70388986447359200D-05
27 29  3.04162339850507500D-03  8.12309742026821900D-03  3.25855877221536200D-04  1.86100346757793100D-03 -1.57165489277495100D-05
27 30  4.72933363883779000D-02  2.87510830305235700D-02 -5.23651789517221500D-04  1.18163344949718900D-03 -2.60615157673841700D-05
27 31 -4.72730658085213600D-02 -2.87356913968011700D-02 -1.31119636089868200D-03 -1.22634928561635300D-04  2.33477710942524700D-06
27 32 -3.00645042598058400D-03 -8.24820357395288300D-03 -1.40691783857838000D-03 -1.26841769058015700D-03  1.44797988767305200D-05
28  1  1.13125195992457400D-03 -3.85611241564949600D-02 -4.75172756908778900D-02 -2.27501072929573100D-01  5.02532059247057700D-02
28  2  3.27429435434799600D-06 -1.37792314717281400D-01  4.66231226629081700D-02  5.09487269806231800D-05 -7.23471205243006600D-03
28  3  8.99685049198230600D-03 -1.76213843955224800D-03  5.20332201930831500D-02 -1.04545998400517800D-06 -1.01758929405186500D-05
28  4  1.19103737246738000D-03 -3.84940172728158100D-02 -4.80495360862199800D-02  1.57324286846052600D-01 -1.71841575484079400D-01
28  5  3.61724771433474400D-06  1.09346014485231100D-01 -9.66262959754890000D-02 -1.14194765409444700D-04 -3.41362989519576700D-02
28  6  3.58374695687363000D-02 -1.70117061677863400D-03  3.41137791203485500D-02 -2.26595344038791100D-05 -2.10227404310090000D-05
28  7 -1.39282263037542000D-03  6.46605014159210400D-02  1.08387278546627800D-01 -4.67724948697906600D-03  1.68415799356381900D-01
28  8 -5.68159574759594900D-06 -4.94636636791237500D-02  7.69027319870756700D-02  6.39430570402271400D-05 -8.94653415106270100D-03
28  9  9.33466965925695500D-03 -3.88135508194254900D-04  1.22108694261879300D-02 -2.54308102582399600D-05 -2.65604849382546700D-06
28 10 -1.16771281216772800D-05 -2.03818014085586600D-02 -6.08516502491281700D-02 -1.29359774886396000D-03 -4.32248227981270300D-02
28 11  3.09623407526731600D-05 -1.47016824786969600D-02 -3.51802014946095600D-02 -7.12134211039583400D-05 -8.07414609336406000D-03
28 12  7.57348862048467600D-03  5.00657472879443400D-04  7.80905311838571000D-03 -1.66907909663865700D-05  3.45534090009311600D-06
28 13  1.84065208435931500D-05 -2.03395578426986000D-02 -6.11955173213496500D-02 -3.67477272245861900D-02 -2.27567733714855300D-02
28 14  4.42423665760980000D-06 -2.34736820101996400D-02 -3.01105348588888900D-02 -4.08523341693453900D-08 -2.16220582179307700D-03
28 15  1.69674968764036300D-03  4.65456134152652300D-04  1.17883834281026300D-02 -1.73887060179788500D-06 -1.32302470626865900D-05
28 16 -1.36931533872383400D-03  6.47216014441870500D-02  1.08535918060670900D-01  1.48180223541703800D-01  8.01926927568495800D-02
28 17 -5.88889584787292300D-06  9.14671228456805200D-02 -4.14829605501658100D-03 -1.55219469129128000D-06 -4.41259693290563800D-03
28 18  4.78524121659436000D-03 -3.72644283688678600D-04  1.52365429258803600D-02  2.07273093317007400D-07 -3.85196886695090600D-05
28 19 -3.07396932864982900D-04  3.39179875313748300D-04 -1.15295483538521900D-02 -2.09009307675918000D-02  3.71929580813818900D-01
28 20 -3.46953754343702900D-02 -1.97820566031343600D-05  3.02648713450929000D-01 -1.94398703374069200D-02  1.33814512492437300D-05
28 21  5.79887122770089100D-02 -2.12268577615350800D-03 -2.45259284409389500D-05 -2.55388461601493100D-04  8.11190722500951300D-04
28 22 -5.55802260899571400D-04 -4.69396918682107300D-03 -5.02036914981713600D-06  5.76444260627044500D-06  3.60668128469887900D-03
28 23 -1.92448448843437100D-03 -1.68219679626460100D-03 -1.29897100667342700D-02  4.28607659801212200D-06  1.63592259075582800D-05
28 24 -2.92790222935270600D-04  3.80890601230856800D-04 -1.13475399429547400D-02 -2.07641469274273900D-02 -2.15980970082728200D-01
28 25  3.04591547955254900D-01  5.00186651421467600D-07 -1.68263016066350000D-01  2.52246026215353200D-01  6.19698876918768100D-05
28 26 -3.08531225023137700D-02  4.91869724796300300D-02  8.26515859496444000D-06  4.05441078039931200D-03 -3.48317709873172500D-03
28 27 -5.71233681667648700D-04 -1.76045703902840600D-03 -1.31723758373597600D-05 -2.52490126447813800D-05  9.18370967783309000D-03
28 28 -7.53842657403637000D-03 -1.64528310379675200D-03 -9.32045058190056200D-03 -5.77606570717542700D-05 -1.47362796582903600D-05
28 29 -5.79907003436013000D-02 -3.00167410794761900D-02  6.80923938034666100D-04  1.10545286878226000D-03 -1.44342175524188700D-05
28 30  3.91918894640241900D-02  2.48520571327001000D-02  1.37532618589262400D-03  6.85996981867780100D-04  4.17956424456406800D-06
28 31  3.91696432350873800D-02  2.48574983554269300D-02 -7.88622103888948100D-05  1.50927620474759100D-03  2.51288138179047300D-05
28 32 -5.80217955650308400D-02 -3.00629227997144300D-02  6.04710584711681500D-04  1.12465380367836800D-03  2.15144089811461800D-05
29  1  4.51410160870108900D-07 -1.31084174572915900D-05 -1.99090064682386600D-06 -2.39573543142967200D-06  1.10143630193081300D-05
29  2 -2.65392665206183700D-01  9.33906620879923300D-05 -7.30962937757832300D-05 -2.64095012841899300D-01  2.39846026381923300D-06
29  3 -5.06114062801384100D-06  2.66268036419463100D-06 -4.04738882357501200D-06  1.30069782143068900D-03  4.17445125247988100D-02
29  4  1.18941493175024200D-05  1.59318234616779200D-05 -1.31412656118983300D-04 -9.47962253125680100D-06 -2.89285535245017100D-06
29  5 -2.65368061555069800D-01  9.47658460208612800D-05  4.06341456533261400D-05 -2.64019996120623000D-01 -5.75404469338552500D-06
29  6  8.42341774175957200D-06 -2.66937304837399100D-06  9.79077876442428600D-06  3.54979600555055100D-02  2.19964892522112400D-02
29  7 -5.89666410112211800D-06 -1.49800775058865700D-06  1.75961940947086100D-04 -1.56873916245240600D-06  9.59811363786358000D-06
29  8 -1.12161281589965800D-01 -5.35595004257071300D-05  1.30514100182919700D-05 -1.00043601961231900D-01  1.81175600224191300D-06
29  9  2.28505088880948000D-06 -4.09680689105136200D-06  2.92490566499112000D-06 -7.23728976387437500D-03 -2.98509336854697200D-02
29 10 -3.02331119171450600D-06 -8.45525106285509400D-06 -6.96976967302592400D-05  6.90806309544468700D-06  8.20489347671139200D-06
29 11  1.68763066287736400D-01 -7.36795266858853300D-05 -4.35129661860572200D-05  1.63640981677861700D-01 -1.27287691712618600D-05
29 12  1.26344051022757000D-05  9.43640689861954200D-08 -7.26398377544140400D-06 -1.49610761737948700D-02  9.80340975166992600D-04
29 13 -7.08621047120668200D-06 -1.26048063626453900D-05  1.09163383972725400D-04  2.91091790108530000D-06  8.27038505659112200D-06
29 14  1.68791301382620900D-01  1.22615706256838300D-05  7.32959273110776000D-05  1.63657880681259800D-01 -7.85029310232922800D-06
29 15  6.86535719247728500D-06  9.84935909851899800D-07 -3.66790151678430600D-06  8.33340519958725700D-03 -1.24685942012062400D-02
29 16 -1.27443938942090600D-06 -5.96138037480846900D-06 -5.66853856179676400D-05  4.30760569322795500D-06  1.15508786098187500D-05
29 17 -1.12157947381658100D-01  1.27493992355216700D-05  1.05766718413275900D-04 -1.00017571945561000D-01  4.70542240206619100D-06
29 18 -7.73063617639077600D-06  3.02521377432451300D-06  7.13717842228664100D-06 -2.22328313251272000D-02 -2.12007479478455300D-02
29 19 -3.54329377040248800D-07  3.12485168822865100D-06  4.05842061990619000D-05 -4.48631965860919600D-06 -2.04161068275856200D-05
29 20 -2.96713028794315400D-06  2.91557851502271000D-01 -6.81624604571908800D-06 -1.07086747779735700D-05  2.66905643295007700D-01
29 21  3.16434567686417900D-06  7.58949594338199600D-06  5.76727484882531100D-02  1.39205328511556000D-06 -2.27664261483242700D-06
29 22  8.84589329716811800D-07 -2.80252088757549000D-06 -8.22133400615425000D-04  2.48186866333576400D-03  5.64252522165593500D-06
29 23 -8.76935281116202300D-06  3.12682758950603600D-06 -8.89006959853416200D-07  1.39713342555289500D-03 -6.16273811078397800D-03
29 24  2.42475458189280300D-06  6.80129974584892300D-06 -2.30612636577626000D-05 -2.90863160656090400D-05  8.92117326126767500D-06
29 25 -3.16991645038012100D-05  2.91554232466167700D-01  4.68942761902936300D-06  5.27766092071571800D-06  2.66893089169051200D-01
29 26 -5.69187985171323500D-07  2.57039972539312700D-05  5.76621613238120200D-02  4.43997835438005800D-06  2.53113956860359100D-07
29 27 -4.69309231124041100D-06  3.38598778262568200D-06  2.56358694089086400D-03  5.29062488810625100D-04 -2.55755459985131000D-06
29 28 -4.76654870679766900D-06  7.32410330664898800D-06 -4.82812627218548400D-06 -6.04179326016520000D-03 -1.86203614679179400D-03
29 29  6.55199533567957100D-07  1.68798001867307000D-05  5.87989747523598800D-07  1.10931540240259900D-06 -3.71570946498731600D-03
29 30 -1.68434536391133500D-05 -2.17820321668500700D-06  5.50119838320006700D-06  1.52042188854540500D-07  7.35958777154782500D-03
29 31  2.12218286274006900D-05 -7.50567417851381200D-06 -6.71294906238118400D-07  5.61312144526628300D-06  7.36250171705342200D-03
29 32 -4.46533019690672400D-06  5.80317769550625500D-06 -3.47894150439380300D-06 -1.47019003431602300D-05 -3.72733661981182200D-03
30  1  3.48470440107368000D-06  2.41188325786692800D-07 -1.08129065668249700D-04  9.93738968568478100D-06  7.99156822410377100D-06
30  2 -4.33581142011392000D-01  8.54923879514517400D-05  2.97137908807335800D-05 -4.72653984688217300D-01 -2.00167970475752200D-06
30  3  2.75754696088061100D-07  1.72592500866949000D-06 -2.65947403715642900D-06  2.40628654460142800D-02 -5.31200742977834900D-03
30  4  1.28600271721257300D-05  3.04020855931606500D-05 -1.65207486112037000D-04 -1.97763772949912600D-05 -2.03807887847214900D-05
30  5  4.33659126204017700D-01 -3.00966527950147300D-05  5.37232880548013300D-05  4.72713855856602500D-01 -4.70189814837621200D-07
30  6  5.04779967277168800D-06 -4.57760985793402500D-06  8.38088676300292200D-08  1.66196331953201100D-02 -1.81391329945987700D-02
30  7 -1.10407838614922000D-05 -1.97637484765969300D-05  1.05417784792918400D-04  2.80301011853898400D-06  2.30871841236725300D-05
30  8 -2.03768052126373100D-02  1.55755834762655400D-05  8.42466199360474900D-05 -8.74681545624288900D-02 -2.34490682469887700D-07
30  9  4.49751920544023800D-06 -4.26302852297034500D-06 -5.97341750039610100D-06  1.67365265783555500D-02  3.73178621854505000D-02
30 10 -4.17921951468985000D-06 -1.02289820720395700D-05  4.00900365016973100D-05 -1.95714718057550800D-05 -2.60092301880511200D-05
30 11 -1.56699845295769900D-01  6.96648029072767200D-06 -5.85207543070277500D-07 -1.99748168524385100D-01 -1.17404566017870200D-06
30 12  6.03529890565839900D-06 -4.86125324547966100D-06 -5.99953733670432000D-06 -1.42890285858482000D-02  3.70655366179390000D-04
30 13  3.28631299678528700D-06  4.39193981961608900D-06 -4.86527673178642600D-05  1.03004126723748800D-05  2.39381666042859100D-05
30 14  1.56752115818617100D-01  3.42001833970202000D-06  7.32474220089209400D-06  1.99782763245296900D-01 -1.62742189897497600D-05
30 15  9.85489461126755000D-06  6.41932437848225000D-06 -1.49122364026071900D-05 -7.46159058050443100D-03  1.21720877577148400D-02
30 16 -5.65475363938387500D-06 -9.70432964397239400D-06  1.01598056245191900D-04 -7.57097062417685800D-07 -1.04587044234008700D-05
30 17  2.02894716934702300D-02  2.80598312194333100D-05  3.35254823809094000D-05  8.73714441493475500D-02  6.47850759490308400D-06
30 18 -1.92290518997850400D-06 -4.55560240492460700D-06 -6.32535724450233000D-06 -2.39456324740703100D-02 -3.31762760958138300D-02
30 19 -8.00135388424409100D-06 -2.11611902018393700D-05  1.67695734926238000D-05 -1.22864928716813800D-06 -7.63448083227084500D-06
30 20 -1.26919716555646800D-05  2.98275741312959700D-01 -1.21651085441511100D-05 -9.50237943412495600D-06  1.94540376967699900D-01
30 21 -1.21549856072536500D-05 -2.31230953070825200D-06 -1.58015251939365100D-03 -4.35437455407700200D-06 -2.11689949776165800D-06
30 22  6.47127405183867600D-06  9.75281715772543000D-06 -7.82198425874240600D-04  1.09732244379304700D-02 -9.84740961870430000D-07
30 23  7.95848474519243600D-06 -6.97374378332197100D-06  5.81548456903056100D-06 -3.28774366281348900D-03  1.99991338783908500D-02
30 24  4.31138583311559700D-06  9.06787897484827200D-06  2.28804227923020200D-06  4.48892718788893000D-05 -2.29623076055392800D-06
30 25 -4.31612746145556400D-06 -2.98397288990129200D-01  1.08482281964490600D-05 -2.09681715749827100D-05 -1.94546779065368500D-01
30 26 -1.82226686350143100D-05  5.44838910930439000D-06  1.60254639805234700D-03 -1.14509333431981800D-05  7.97239650212575000D-06
30 27  3.47853684107240300D-06  4.56072037735688800D-06 -9.88708231267891200D-03 -4.80626052082928100D-03 -2.22865586830021200D-06
30 28 -6.37037356401537700D-06  8.59902943231558700D-06  8.09836212216254900D-06 -1.89692902569133200D-02 -7.15994773479097800D-03
30 29 -1.07541527109674200D-05 -5.74056700034237200D-06 -2.30011922585388800D-06 -9.13824145937311700D-06 -1.27336425553064500D-03
30 30  1.47594528001497600D-05 -4.54764224590978300D-06 -3.63514986794741000D-06 -3.38294918680669100D-06 -6.05360684914644300D-03
30 31  8.63819493379844500D-06  2.13015173700489300D-05  1.03756339648779200D-05  1.55534481061821700D-05  6.06853631123105800D-03
30 32 -1.17996410062491100D-05  1.48616933295659300D-05 -1.84119999281339800D-06  6.77281824938721000D-06  1.29229444567002100D-03
31  1  1.37060183785422600D-05 -4.30140848332140100D-05 -7.04590392921009800D-04 -4.02769303308577200D-05 -9.90422520778872300D-05
31  2  2.62767922718882700D-01  5.52132668859330200D-04  3.78771193336361000D-04  8.55301459898009000D-02  5.40541371460030300D-06
31  3  9.33565625223356100D-06 -1.47410699668335900D-05  2.47085640182881900D-05  1.21794029055101600D-01  5.51100696828121500D-02
31  4  2.61785690056650800D-05  1.00114725480319700D-05 -5.36101460362006400D-04 -1.87358702383650500D-04 -1.30258767446913600D-05
31  5  2.62560927309983800D-01 -2.20869824317874900D-04 -2.52527207058722500D-04  8.53656562920684400D-02 -5.68336152879153800D-05
31  6  9.77224467969967100D-05 -4.08888315090812900D-05 -1.29432379443769400D-05 -1.31901134458704100D-02  1.33018287291989300D-01
31  7 -1.38196781854463200D-05  1.04504590771617600D-05  2.47988298222561000D-04  1.81126915616697900D-05  8.09834296979446100D-05
31  8 -3.14077961283405500D-01 -1.03536631391668600D-04 -1.18518310210870200D-04 -3.45842018851180900D-01 -2.22391313489064500D-05
31  9  5.43028084711879300D-06  1.68088505017874100D-05 -1.62986934290527500D-05  5.16111112865718200D-03 -5.44793943474028300D-02
31 10  1.75113938159380600D-05  2.80138864445945100D-05 -8.22979088752109600D-05  5.90775666752420500D-07  1.27344346663410800D-06
31 11  2.04446994630314000D-01 -3.36740406853151900D-04 -5.45508675726260900D-05  2.01217405049797500D-01  1.05414382157911200D-05
31 12  2.05046536573852800D-05 -3.10460918731766800D-05 -1.26283731157121400D-05 -3.54255818331447700D-02 -4.89609967538980900D-03
31 13  1.71478343670935700D-05  1.88566980711826600D-05 -2.46005093729171300D-04 -3.37882887263054500D-05 -4.77768262472678400D-05
31 14  2.04550399367512000D-01  1.29632315693998400D-05  2.73552159056937500D-04  2.01231466315297500D-01 -8.60555194669808500D-06
31 15 -3.85537919775676600D-06  1.24609311444550800D-05 -1.28117065820406400D-05  1.35011682011859800D-02 -3.31363948226702800D-02
31 16 -6.03156049328700400D-05 -8.37167006435183400D-05  7.61945966286050400D-04  1.22784751423094700D-04  1.77668577127381100D-06
31 17 -3.14121996002836100D-01  2.74792369497169500D-04  3.62932889673871600D-04 -3.45991423336424400D-01  3.62458410404081900D-05
31 18 -2.28657205368637500D-05 -1.33801205035446400D-05  1.60510784924312800D-05 -4.97851661080628500D-02 -2.28131680998610200D-02
31 19  2.40564505774213000D-05  7.31597526641453100D-05 -5.12449526612384200D-05 -1.41280920094360900D-04 -1.65926211207225600D-04
31 20 -3.62007380912880500D-05 -2.66552123507590400D-01 -3.16108162629667100D-05 -1.22664460785078000D-04  7.93640523963791800D-03
31 21  1.06801151205210400D-04  4.09573563855689100D-05  8.00425406315642400D-02 -8.92913093785699600D-06  6.10195624330412000D-06
31 22  2.82717469455276900D-06 -2.29440996902716000D-05 -4.17921465305532500D-03 -1.68572743976514200D-03  8.98965051796052300D-06
31 23  7.46758709038621400D-06 -1.64572376083466700D-05 -2.55024319541968400D-05 -9.83470551621989600D-03 -4.29483267142672800D-02
31 24 -1.73228951473073800D-05 -1.29090205239826700D-05  2.95842387583683900D-04  2.72812898511841500D-04  4.94640731156632200D-05
31 25 -2.53520857233646200D-04 -2.66397650410754200D-01 -1.93996707806906900D-04 -6.59467091773011600D-05  7.95367886114252600D-03
31 26 -1.73226161082910100D-04  1.56289243456990900D-04  8.00126952573389400D-02  2.00560645350619100D-05 -1.53857405198493800D-05
31 27 -4.67032401521253800D-06  2.96825956907932700D-05  6.39706988734444800D-04 -4.44217142612036700D-03  3.70399777634568400D-05
31 28 -3.57824965245282000D-05 -1.25748123892861300D-06 -5.19696000552191500D-05 -3.22525171170641400D-02 -3.00105591885088600D-02
31 29 -4.79860169530395100D-06  5.93269860490675300D-05 -3.73799502687911100D-05  1.18138255140820500D-05 -1.24582361089934600D-02
31 30  2.48453146150201400D-05 -3.73794974825985300D-05  1.05694328675059500D-05 -1.87215819870784500D-05  1.14396448480993800D-02
31 31  6.04058836552429700D-05  1.68020530683841400D-04  2.35860218023569500D-06  1.66438856962451400D-05  1.14499125974839900D-02
31 32 -3.17123514118124300D-06 -6.07075214862193000D-05  1.54194517646903000D-05 -4.99956726002949500D-06 -1.24849589039595500D-02
32  1  5.07545962046814500D-05  5.91225577203797200D-05 -9.47692951957234300D-04 -7.99358648547338400D-05  1.37332653856867100D-04
32  2  2.04090308096846100D-01  1.85946897326657100D-03 -4.45120845541908400D-04 -6.25715924811476400D-01  1.96441120021319800D-04
32  3 -2.94898124019926000D-04  9.84570039986064800D-05  4.87749923332227400D-04  8.37562364601619800D-02 -2.55694508373960400D-01
32  4 -1.86132478609628400D-04 -3.77136600011302000D-04 -8.11066810839725900D-04 -3.49866846790305100D-04  7.60301419417747000D-05
32  5 -2.04103209052845400D-01  6.17110543713618200D-04 -1.66763342814200900D-03  6.25593858020582200D-01  9.18690484951803600D-05
32  6  1.33298373309232100D-04 -2.25167421804412700D-04 -9.47393862902862100D-05  2.63316517032569700D-01  5.54142120555977000D-02
32  7  2.15387652590585900D-05  5.51518925243753100D-05 -1.01402572678823700D-03  1.22117683469255000D-05  1.57709883533533100D-04
32  8  6.14568690834486200D-01 -2.44596331717921200D-04 -2.88970189785424800D-04 -7.94311918799395200D-01 -5.58242813264378600D-05
32  9  3.33694871117438200D-05  2.24547942146939700D-05 -1.09762476085020800D-04 -2.71513058223590700D-01  1.78564776793066800D-01
32 10  2.16851561683062900D-04  4.36021557757194200D-04 -6.69113367362154100D-04  2.18521418547403700D-04 -1.82174695435779800D-05
32 11  1.06430768068287400D-01  3.38605882098559600D-04 -3.19183119191401100D-04  7.71309556511639800D-02  2.08275996370693300D-05
32 12  2.30184407620269600D-04 -2.51012007257338700D-04 -1.42034879304193000D-04 -2.74168686353381700D-01 -5.97493284661423700D-02
32 13  3.70301977135493700D-05  9.27994907936499300D-05 -2.16601946014482700D-04  3.02640064746362200D-04  2.80463572502728500D-05
32 14 -1.06471939160772500D-01 -2.93070601409004500D-05 -3.71945601053185200D-04 -7.73733872857976700D-02 -4.42329610808159000D-06
32 15 -1.58042558125722200D-04  1.62465854233804200D-04 -3.43355856978813900D-04 -8.52498918801296000D-02  2.67075468494574000D-01
32 16 -2.69174549005799400D-04 -5.37445796487427300D-04  2.68532074734579000D-03 -5.05686399146202800D-05 -1.18545920657834600D-04
32 17 -6.14745397461109200D-01  3.63151198765975000D-04  8.45145177412533300D-04  7.94785308048257800D-01  1.62496974065601100D-04
32 18 -2.84493464399137200D-05 -1.34047627625687100D-04 -4.99505230966666800D-05 -2.90294290108334600D-01  1.45635527571278300D-01
32 19 -1.29468419087446400D-04 -3.17582154339269800D-04  7.41290066809799700D-04  6.15907034031029900D-04 -3.04193633208259400D-04
32 20  1.32318096669748200D-04  2.02494315273893400D-02 -2.22608177814619700D-04 -4.03893005326639500D-04  1.84957096457538700D-01
32 21  3.30277927097077100D-04 -1.39600018417193600D-04  2.47313224039346700D-02  6.01831807807920900D-05  5.86463871655756200D-05
32 22 -1.18829567946367600D-04  1.42479198882326600D-04 -3.41936292506041600D-03  1.49073397898778900D-02  1.01880126122461000D-04
32 23 -2.28671587970982000D-04  1.26791461848521200D-04  1.17238316329841800D-04 -5.67371010477490300D-04 -5.98104552306910900D-02
32 24 -9.22619365439623000D-05 -1.57312918357043500D-04  6.25519260374197800D-04 -9.25206763445306100D-05  2.42409355368162100D-04
32 25 -1.79928384182164600D-04 -2.01861188987226500D-02 -7.59044509858372800D-04  1.70040501297083800D-04 -1.85020955049093900D-01
32 26  1.41377705423563200D-04 -1.69135514691374800D-04 -2.47488131908605500D-02 -8.78776806528916500D-05  6.90540028262086300D-05
32 27  1.88236778266833100D-05  1.11036275020598500D-05 -1.47263844015576000D-02 -4.72928951598119300D-03  3.75979766403799000D-04
32 28 -3.53358533458683900D-04 -2.26212329451150800D-05  5.32739562439238200D-05  5.14978165083474600D-02  3.04145256227384900D-02
32 29  8.79647452614140600D-07  5.98501819171699000D-05  1.75506532528974500D-06 -4.91125895808581200D-06  2.58579719577378300D-02
32 30 -1.36056106297187400D-04 -3.30803181855000600D-05 -1.47362471542075700D-04 -2.05424967863959000D-04  7.34105918807514400D-02
32 31  8.81162766276056800D-05  3.42036016273168600D-04  2.98265894158440500D-04  1.47033083053541000D-04 -7.32890133604770500D-02
32 32 -2.15108128496823100D-04 -5.02136812813554300D-04 -1.62852408238672700D-04  1.31590851131060700D-04 -2.58339704762095200D-02
33  1  4.37430859057939000D-03 -2.31247288920024400D-02 -4.57486971795822800D-02  2.67454163292607700D-03  4.53949165746885500D-03
33  2  1.88982082864786100D-06 -1.04625717492444600D-04  1.14496499655963100D-01  8.09342390634699000D-05 -1.58067882299047900D-02
33  3  2.03456540721332700D-02 -4.53886584222838600D-03  1.19024603120970200D-03 -3.01797463465073800D-06  3.62103808464463600D-06
33  4  4.38138324396586100D-03 -2.31290295583103400D-02 -4.58672547187593300D-02  2.60866478175979100D-03  4.55751260113543900D-03
33  5  7.76648990586684700D-06  9.92156543751871200D-02  5.68728710756437100D-02 -6.05103259803204900D-05  1.04128775889715900D-02
33  6 -5.87350663533718400D-03 -4.53937095363440400D-03  1.86704708902808600D-02 -5.02178136856336800D-06  1.37736065740947100D-06
33  7  1.33271999193600700D-02 -3.52759918681104700D-02 -3.82202835203121900D-01 -7.18310988689801900D-02  5.90559195339535800D-02
33  8 -3.82981916014272900D-05 -3.73914024274533900D-01  6.73598121061040700D-02  5.86075452894414500D-05  4.40900211003552200D-03
33  9 -5.43918830133664700D-03  1.03018619130111700D-03 -6.98647383258675000D-03  7.07691054520704000D-06 -5.08380063935900800D-06
33 10  2.85489601537872000D-02 -4.08160958134169500D-02 -9.75779205522217900D-01  6.65647337760457500D-03  1.40779445154777800D-01
33 11 -1.34814603554584500D-05 -5.76517844844400300D-02  4.60850680259478500D-01 -1.01559307518297400D-05 -1.11981114414292700D-02
33 12  2.67430782429170000D-03  8.52380361713748200D-03 -1.40269107472588000D-03  2.24689964231445000D-06 -2.91675928064415100D-07
33 13  2.85596483101774500D-02 -4.08022610161762800D-02 -9.76141351179865800D-01  1.18621222389685900D-01  7.61858307466767300D-02
33 14  1.76705068237054300D-05  4.27880467831839900D-01  1.80569222487649400D-01  2.18691246387254000D-05  2.52133906350713600D-04
33 15 -8.78284470813799400D-03  8.53071080178833200D-03  6.23826819793948100D-03  2.70079155780750400D-06 -2.08575215282055600D-06
33 16  1.33268029817643700D-02 -3.53166624177039300D-02 -3.82230489112948000D-01  8.71138766586836600D-02 -3.27170324824966400D-02
33 17  2.94041823930480300D-05  2.45691353952198400D-01 -2.90270242385548800D-01 -7.52762028045865100D-05  2.26019726628784700D-03
33 18 -3.28918435281176300D-03  1.02898708652418100D-03 -8.41761821502824900D-03  9.40796947282063600D-06 -3.92327482399344200D-06
33 19  4.62759473236819400D-03  2.19649693380023400D-02 -2.86836006087914700D-02 -2.05356594248445400D-02  1.95173677974678900D-02
33 20 -3.52361985446808500D-02 -2.02699673483314300D-06  3.74983472014290800D-02 -5.64979260382631300D-03 -4.77423950268487100D-06
33 21 -1.00325966477341700D-01 -2.99456420419592300D-02 -7.39414419269138300D-05  3.27709376479154300D-04 -1.51952099866284700D-03
33 22  1.19181162218347200D-03 -2.71126378135554200D-03  1.63700776875815800D-08 -1.76139819532537300D-06  3.19686873056527100D-03
33 23  1.41539618308514900D-04 -3.33840834887386700D-03  5.25345624660234200D-03  4.85031184476369700D-07  6.82364519786001600D-06
33 24  4.62632415669152700D-03  2.19737325476413600D-02 -2.85935167128741300D-02 -2.02225128490613300D-02 -4.02462670521876200D-02
33 25 -7.19452874736454200D-04  2.03064312364735400D-06 -2.36149850357197400D-02  2.96399888204822400D-02  5.34434125208007700D-06
33 26  2.36976239383778000D-02 -1.01635012677840200D-01  4.89720979036017300D-05  9.70080514484243300D-04 -2.16411232567637000D-03
33 27  1.19403181119227800D-03 -2.27683549965357200D-03  1.07946309314644900D-06  5.10996132188842100D-07 -3.01379950090056700D-03
33 28  6.36042881639045100D-03 -3.34662931548987300D-03  1.08689149360639500D-03 -4.83679871109052700D-06 -3.11495604480651600D-06
33 29  3.88113055373592500D-02  7.02535013844623900D-01 -2.64990576092612400D-03  4.06560952199947400D-03  9.23496379904055900D-07
33 30  4.10942209350234300D-02  1.13111240632705200D+00  1.64790259268382500D-03  1.30045492106573900D-02 -2.64314479664251300D-06
33 31  4.10961007992835200D-02  1.13130287414899000D+00  1.04414572450166200D-02  7.93214305345042000D-03  3.10058837379407700D-06
33 32  3.88215957023311100D-02  7.03049180445323600D-01  4.84891183084570700D-03 -2.63191373597128400D-04 -1.21936297111759400D-06
34  1  1.44597608554188000D-02 -7.85302889864783500D-03 -2.42143850983140900D-01 -4.64964728007381200D-02  6.46052591841382500D-03
34  2 -1.26647940776504600D-05 -5.17490852922128500D-01 -2.19675469116686300D-01  1.53254966273653700D-04 -6.13467218887633700D-04
34  3  3.38488329148689400D-03 -2.77141607259975600D-03 -5.29504141099748200D-03 -7.98414974869380600D-06  1.00228565837913400D-05
34  4 -1.44572401028557100D-02  7.83928545032583200D-03  2.42188326176918100D-01 -2.88505763262955900D-02  3.70375555712645100D-02
34  5  4.05837728522495900D-06 -6.84785780434364900D-02  5.58013776609046200D-01 -1.78005440341891400D-04 -6.34706212373941400D-03
34  6  3.58064732251191100D-03  2.76641480122703700D-03  6.60630612357218900D-04 -1.24387324896624900D-05  1.88639816180088700D-06
34  7 -6.97230232271288400D-03 -7.11101036098228800D-02  7.14613245258299800D-02 -8.94372667541272900D-02  3.30856358712434000D-02
34  8 -7.65837518627650200D-05 -4.74452302105582700D-01  4.42504728344732100D-01  1.76198577951598700D-04  5.16541947687526200D-03
34  9 -1.74696457769897900D-03 -3.41845489917608900D-03  9.74459536031497600D-03  1.86830719234400600D-05 -1.34436738065915400D-05
34 10  1.40932464811343300D-02  3.45729158958652500D-02 -4.27472401190348400D-01 -2.61726590610593700D-03  3.72484193960041000D-02
34 11 -4.42202840527049300D-05  6.77213592243655100D-02 -2.10235241204731200D-01 -5.67290136055342300D-05 -6.96520231152153000D-03
34 12 -3.69417433429838300D-03  1.06593766458203300D-02  1.54197542620766500D-03  6.64875420504390800D-06 -2.15961005059323300D-06
34 13 -1.40763404082338900D-02 -3.45977076018464800D-02  4.26868721318375600D-01 -3.34914922382114100D-02 -1.63197218481364900D-02
34 14  3.92071322853036800D-05  2.16207300705832900D-01  4.65927382252301600D-02  4.74177707195826800D-05  5.66847445534495800D-03
34 15  4.98595028895421500D-03 -1.06544247442994400D-02 -2.40375760644721200D-03  4.65329847559314000D-06 -3.98206991919539000D-06
34 16  6.97994209500066100D-03  7.10911972237127500D-02 -7.16781720932280600D-02 -7.33377097932124100D-02  6.08885061466423100D-02
34 17  8.20113298130920200D-05 -6.20375987140993700D-01  1.89379785757575100D-01 -1.61923036894868500D-04  7.33052945043740800D-03
34 18 -1.07498135093222500D-02  3.41928405888517200D-03 -1.41954746536790800D-03  2.01965203925718800D-05 -9.07264338328743300D-06
34 19 -3.35570820053580900D-03  3.94072039463805400D-02  1.87434626962964400D-01  5.57800712014520700D-01 -4.13314382165710200D-02
34 20  3.11572874279146900D-02  1.05233327824715100D-05 -4.78827436037360300D-02  4.51755030285307700D-02 -2.54695536327304700D-07
34 21  8.69515185163355000D-01 -6.98342426588934600D-01 -1.26952792814558100D-04 -5.19296813422670300D-04 -3.72931702850242900D-03
34 22  4.24861384192543000D-03  1.09416384380312600D-02  3.15983337630836200D-07 -3.72772978835624000D-06  6.96927603084829900D-03
34 23  7.80708895204038300D-03 -1.47763649828886400D-02 -4.50368543454789000D-02  8.70871284834418100D-07  1.40449509545033200D-05
34 24  3.36058871255349800D-03 -3.93810559671549900D-02 -1.87425723901933400D-01 -5.57909494105129700D-01 -4.76626356265186600D-02
34 25  2.02024734334799900D-02 -1.12218777903450000D-05 -6.30469572604616800D-02  1.88975556968080100D-02 -4.09373400142105100D-06
34 26  1.03954505672694000D+00 -4.03812977974924400D-01  1.78215681342335500D-04  1.11335080667414300D-02 -6.88608990044923900D-03
34 27 -4.24741816629210400D-03 -3.86539436159345100D-03  3.94727402880218100D-06  2.22435622131498300D-06 -4.13816202794933500D-02
34 28  2.66062466374314900D-02  1.47753736420618200D-02  2.20895045930992200D-02 -1.25825371714262000D-05 -8.89588936208474900D-06
34 29  8.56044609616184300D-03  7.60614938014511300D-01 -3.11492095940679300D-03  2.80722577201705200D-03  3.16486580051596800D-06
34 30 -5.51420201587382100D-03  2.29830308415070400D-02 -1.42095242052920400D-03  5.90708859431178300D-03 -7.48413795261983700D-06
34 31  5.53623293530602800D-03 -2.22922029359763800D-02 -5.81919188465087600D-03 -1.71859413090879900D-03  7.33006459901300900D-06
34 32 -8.53420405382398200D-03 -7.60252405260711600D-01 -3.98646276175076000D-03  1.29380419009410100D-03 -2.61688953602908300D-06
35  1 -1.28929263640345600D-02 -1.87657988510726500D-02 -5.27159611257574500D-01 -2.20604929083495900D-02  2.78069903323283000D-02
35  2  2.71625001967274300D-06  1.51058347703393100D-01 -2.31156195033530000D-01  7.63918044960811000D-05  1.76554370104477400D-02
35  3 -4.42702501430834200D-02  2.66148131326352600D-02  3.11698623223356100D-03 -2.89039049473234900D-06  3.19772227663937800D-06
35  4 -1.28940900530477700D-02 -1.87626383496067500D-02 -5.27154666672812600D-01  3.51042746556753500D-02 -5.19502919275903000D-03
35  5 -7.19302536453150700D-06 -2.75719310144840100D-01  1.52728405157461900D-02 -7.54336395100013700D-05 -3.11225036950492500D-02
35  6  4.50702252587880500D-03  2.66154811691700600D-02 -2.94070403999584600D-02 -3.78940596429794100D-06  7.86892928758733800D-07
35  7  4.62820290561160400D-03 -2.65299320369559200D-02 -1.86055072546906100D-01 -4.46198556816145100D-02  2.01909705070572000D-02
35  8 -2.69967500019323300D-05  8.11482385409440500D-03  3.00090385021845700D-01  5.46407852567601300D-05 -3.47950166078936000D-03
35  9  1.28296824371070900D-03  2.19653341707909900D-03  1.73464321036785200D-02  5.64503019796249700D-06 -4.74010543370737800D-06
35 10  6.94315752596783800D-04  2.57225595570219800D-02  3.32133466296818300D-01  2.86961854459800600D-02  2.31568961310133400D-03
35 11 -1.05056219843493000D-05  1.29811932289054600D-01 -1.52314197457680200D-01 -1.07846809887462500D-05 -4.74141695608322300D-03
35 12  3.65264021760034300D-03  1.08877673848307300D-03 -3.30906585839937100D-03  1.99841981726706300D-06 -9.65155927034010700D-07
35 13  6.92446158171953900D-04  2.57195038539516100D-02  3.32231159280904700D-01 -1.23540086632939000D-02  2.59999821557974900D-02
35 14  7.51584449651784000D-06 -1.96817321222854500D-01  3.62405179891562000D-02  7.41916615868170900D-06  4.03683945896868200D-03
35 15 -5.12398846158505100D-03  1.08714900261603900D-03  2.54329208172565900D-03  1.88290884959092000D-06 -1.31457105537423600D-06
35 16  4.62853745528399100D-03 -2.65217220715247100D-02 -1.86042012706132000D-01  3.97814476604612200D-02 -2.85286189624932300D-02
35 17  2.54518718694790500D-05  2.55719037058286300D-01  1.57160156052739100D-01 -5.31226489191163500D-05 -1.29190265101017900D-02
35 18  1.07219384124824800D-02  2.19708809761961800D-03  1.10503420158665000D-02  6.87483533076368500D-06 -2.54191278023505800D-06
35 19 -2.10308017961479500D-03 -9.13165996518522800D-02 -1.88897868053602000D-01  8.81401252325654500D-01  9.69275366954150400D-05
35 20 -3.23884102056461000D-02 -3.74136458832420200D-08 -1.28497047513677000D-02 -2.95336738722614300D-01  7.77548345627533800D-07
35 21 -8.17996879305723000D-02  3.98216123283299000D-01 -9.84685780304340000D-05 -2.04389747846563200D-04  5.08362492966744100D-03
35 22 -4.87923518182080200D-03 -5.12356818252509300D-04  1.40092880851686700D-07 -1.63249275557096400D-06 -2.31175930063342600D-02
35 23  3.12789943123154100D-02 -8.16140130598080400D-03  1.30021813705545000D-02  1.31779829549244900D-07  6.03138701000427000D-06
35 24 -2.10584895050895900D-03 -9.13192230589101200D-02 -1.88909896517087500D-01  8.81340428310793800D-01 -2.81036353051810200D-02
35 25 -1.61121128400417800D-02 -1.34204369450629700D-06 -2.49337207579408900D-01 -1.58821482095647500D-01  1.33689877591579500D-06
35 26  3.85837015335921200D-01  1.28256416252487600D-01  8.32558053388262400D-05  4.14648783947724600D-03  7.33128193214097700D-04
35 27 -4.87961603269145500D-03  2.38744872885550800D-03  1.76945113692254500D-06  7.70996822281828800D-07  7.91833099607772300D-03
35 28  2.41470233906720000D-04 -8.15980122998445500D-03  3.37037702937066800D-02 -5.24007325263545900D-06 -2.84340256028471000D-06
35 29 -3.21281526445454300D-02  3.11681337101725100D-01 -4.75432335001484000D-03  2.94225354334277200D-03  9.45754088474299900D-07
35 30 -2.18191159002316600D-03 -2.17206271701340100D-01  3.89199009411210200D-04 -4.18051716750487300D-03 -2.15105546615072700D-06
35 31 -2.17845358816901400D-03 -2.17251943088252000D-01 -3.81587439602550100D-03 -1.75409117162350000D-03  2.08486453791339600D-06
35 32 -3.21273899885703600D-02  3.11537157665715700D-01  4.92471444190429500D-03 -2.64553837869500100D-03 -9.61269976604958500D-07
36  1 -3.13251447958346700D-06 -1.12468883463963600D-05  9.80372651935586400D-05 -5.77751382652863000D-06  8.70481002346114500D-06
36  2 -8.48025268236488100D-02 -6.83172744534191600D-06  3.29671478622545900D-05 -2.79272426622803200D-01  6.18691518325470300D-07
36  3  4.67367669824820000D-06 -5.29236821657361000D-06  9.51017133572250000D-07  4.06724002559212600D-03 -4.34454774105250300D-03
36  4 -1.57198423641333800D-06 -4.14265095517063300D-06  1.03325198105181500D-04  3.60040331074307400D-06 -2.51558325734570000D-07
36  5 -8.48259439828041400D-02  9.17787786640831400D-06 -6.30483688527656700D-05 -2.79239262256809100D-01  1.05611097291785200D-06
36  6  3.92920252661206700D-06 -4.98531349952987900D-06  2.22758186745579400D-06 -5.79309546267301000D-03  1.34793002016653100D-03
36  7  7.09772201536121700D-08  1.57546198016909000D-05  2.95063252752519900D-05  1.33853094280906900D-05 -2.94260331130641400D-07
36  8  7.27285416830070500D-03  8.21056594511664300D-05 -6.58375021824123900D-05  8.20430649517066400D-02  1.00423633189273400D-07
36  9 -6.77718016652976800D-07  5.77294383463555000D-07 -5.23230767030777900D-06  5.87844423215628400D-03 -1.74622063912924500D-03
36 10  1.85974675599307000D-06 -8.03553233710075700D-06 -5.12982434152305300D-05 -4.85535754104658300D-06  1.27497772393271800D-05
36 11 -3.20806133728264700D-02 -1.73583500347716200D-05  8.09173052460712700D-05 -4.59370532353605700D-02  2.19171946367434300D-06
36 12  3.76525651275871800D-08 -2.22937202880205200D-06  1.34832265418933300D-06  1.95227437760869700D-03 -3.28239229895884100D-03
36 13  2.67436211326455800D-06 -2.88481881227644100D-06 -8.03765821563091500D-05  1.60644011413189000D-05  6.32853948595245700D-06
36 14 -3.20766906345741900D-02  7.85754831622461100D-05  6.96467066828822300D-05 -4.59178942773476200D-02 -1.74174609310985300D-06
36 15  2.61932205800321600D-06 -8.77575964893290900D-07 -3.75964007241152000D-07 -3.82106854707661100D-03  4.99117954290282000D-05
36 16 -6.81979889227041900D-07  6.51181887716944000D-06  1.00278796463102900D-05  3.30737736707253700D-06  1.07318064301709900D-07
36 17  7.23091006776588500D-03 -3.12039573373709900D-05  4.73412945762709200D-05  8.20627764001723700D-02  2.28070984605945200D-06
36 18 -2.66762884816241400D-06  3.86919002102894600D-07 -2.31962834728447200D-06 -4.45828564103640200D-03  4.21861036909462400D-03
36 19  1.03836037829699800D-06  5.95204062356390700D-06 -9.26067996923322500D-06 -1.29829471855463600D-04 -2.42122462864325500D-05
36 20 -1.09802022008662900D-05 -8.53571755257940700D-02 -3.13283952750607700D-05  2.59419804008507300D-06 -1.71022308672900700D-01
36 21  8.50769946099420800D-05  1.05956045781379800D-04  7.85188907327691200D-01 -1.39466870550225400D-07  8.75230015247806300D-07
36 22 -7.35763144697603400D-07  1.78871183863191200D-06  1.88188757667800500D-03  1.25477773681526300D-02  4.63005040942178300D-06
36 23 -7.53793897347478400D-06  2.90788856405296300D-06 -5.18082385593061900D-06 -4.78317048553459100D-03 -2.50348253804937000D-02
36 24  3.09578520351609600D-07  1.20876150237509300D-06 -8.26319383537299000D-07 -3.51331921504619800D-05  4.00975180959195600D-06
36 25 -2.67131810408543900D-05 -8.53460615674255500D-02  1.23725151916240600D-05 -3.02732034684706300D-05 -1.71010568896735400D-01
36 26 -2.28922615322133500D-05  1.84387668764777100D-04  7.85109872259007900D-01 -9.33341217315602600D-07  1.84375545669869300D-06
36 27 -9.10414239383072800D-07  2.16210949833730700D-06  9.92439250116837500D-03  7.90442534616035300D-03  3.57947382524133500D-06
36 28 -6.67556468599679700D-06  3.09609086075543300D-06 -1.11981474516558100D-05 -1.92815983708515300D-02 -1.66592917546830900D-02
36 29  5.12632534673531400D-06 -8.76944318705009500D-05 -2.60950340554604800D-07 -6.48753715147443000D-07  3.50977786465396300D-03
36 30  1.59346526608655100D-06  1.21977736970228700D-04 -4.75169378214502200D-07  5.51495882425432300D-07 -1.37076524502604000D-03
36 31  3.40142453773297500D-06  1.68165741400906900D-04  2.23572418674574000D-06  7.16078785758537100D-07 -1.37201516234657400D-03
36 32  2.13566998389257800D-06 -1.62459208369541400D-05 -3.74249151607745900D-07 -1.71522589119464100D-07  3.50927893987243300D-03
37  1 -1.36570155796226700D-02  2.57470308539386000D-02  1.33654021893773700D+00  1.48955631590054900D-02  1.20780428618977300D-02
37  2 -2.98923264848717500D-06 -1.00656052234957600D-02  3.72960743319646500D-01 -1.65964393416717000D-06 -1.48587943097390700D-02
37  3  5.42123098309776800D-02 -3.93535155212384500D-02 -4.14677068038040400D-03 -3.48245804762734600D-06  7.30350649622006200D-07
37  4 -1.36567168512074400D-02  2.57408726556391600D-02  1.33654159584802700D+00  3.02066214494918800D-03  1.89455868955558300D-02
37  5 -2.26128694762126100D-06  3.27966496998953400D-01  1.77859182057090400D-01  2.64452375888199200D-06  4.00492644294447900D-02
37  6 -6.96141357986476200D-04 -3.93531230714583200D-02  3.24637500620007200D-02  2.42822872402602600D-06 -3.00858352507853200D-06
37  7 -6.61453883899227900D-03  3.32012894155614800D-02  1.98976056183566000D-01  2.40876172456766100D-02 -1.73785909769760300D-02
37  8  3.88878715091390500D-05  1.50805073347129500D-01  3.40163558280308800D-02  6.06894199892543500D-05  4.13046336247228700D-03
37  9  8.66326478515079900D-03 -1.27937281476240600D-02 -1.99475717144098000D-02  1.43258731056355300D-06 -7.27562521795090100D-07
37 10  2.13827557033662100D-03 -8.87109795376655700D-03 -1.13686653560687300D-01 -1.45119621145585700D-02  4.33185500156173900D-02
37 11 -1.61378308350661200D-05  3.85796065646297900D-02  2.94826898271280400D-01 -3.91443644139058600D-05  1.34552054330241600D-02
37 12  1.36038709631234300D-03 -1.48155925293367900D-02  5.77630718715384200D-03  3.97596796619159400D-06  1.12752842784831100D-06
37 13  2.14106555025389000D-03 -8.88706273058186900D-03 -1.13814491433513700D-01  4.47858095949917700D-02  9.10425202617981200D-03
37 14 -9.82882783713130400D-06  2.36154535813809500D-01  1.80952158372360500D-01 -2.87561399957318200D-05  5.21133084424653600D-05
37 15  1.47636842635697900D-02 -1.48157975720119100D-02 -3.16206560053962800D-03 -1.29511505538770500D-06  4.21596297250175300D-06
37 16 -6.60921390935155700D-03  3.32051408324267500D-02  1.98795574874805100D-01 -2.70754427705467500D-02  1.21645200366156000D-02
37 17  3.82672606438400500D-05 -4.59546362452591100D-02  1.47544619142858000D-01  5.53756409637420300D-05  2.24939400094791500D-02
37 18 -9.70193506300923500D-03 -1.27920049464698600D-02 -7.70198657131766900D-03 -1.35781008573597500D-06  3.17055214318664700D-07
37 19  1.01674619159939900D-02  3.82818550994044200D-02 -8.12030690233851700D-02 -1.22515138938750200D+00 -3.79435880437621500D-02
37 20 -3.56311689987863700D-02  2.09255964773396500D-05 -6.40130855925523100D-02  1.81437198141560300D-01  4.55845032992229800D-05
37 21  3.32824600767867100D-01  1.05778646977559800D+00 -1.18077452007722300D-04 -4.93657185636441400D-03  1.21355680493657100D-02
37 22 -7.19899619300123300D-03  3.69422583058468700D-03 -3.57422877052659500D-07 -1.17262162088909300D-06  5.38310835790484200D-02
37 23 -9.24606151892378300D-02  3.86295316101888500D-02 -1.05830368649954100D-02 -9.64279238021534200D-07  2.21849765920706300D-07
37 24  1.01681212458113700D-02  3.82754178420909100D-02 -8.12190570460740700D-02 -1.22516797969784200D+00 -1.18824096221652300D-02
37 25 -5.06770471708763800D-02  1.72086019985580300D-05  1.89127469728437700D-01  3.52941838213387700D-02  4.22329175318825300D-05
37 26  7.49651667137218900D-01  8.17185023698529000D-01 -1.25272420073207200D-04  5.09581793977961100D-03  2.10352569519035400D-03
37 27 -7.19934363496967400D-03  1.03836870590931300D-02 -7.06096108698900400D-07 -9.02330154028311200D-07 -4.79405959099000300D-02
37 28  9.31064197460662100D-03  3.86299539352933000D-02 -7.84424249402099300D-02  1.92512521434047600D-06 -2.03146814502519200D-07
37 29  3.79410228479178300D-02  1.85007463252733900D-02 -1.90089581494169700D-03 -3.89326853944845100D-03  2.04792931331063200D-06
37 30  4.96358600718507300D-03  4.21386045346054300D-01 -1.98472922376396100D-03  4.58659562857399000D-03 -8.01435034847949000D-07
37 31  4.96793996331223300D-03  4.21640848071647400D-01  4.96614455196296600D-03  5.76586535617208800D-04 -6.51110176254992800D-07
37 32  3.79440885136500400D-02  1.86264536868285500D-02 -2.41923692891972800D-03 -3.59448371451822900D-03  1.85163198667291000D-06
38  1  9.60157957505189200D-03  2.65260359963696500D-02 -1.75866038764843600D-01  1.36169525832140500D-02 -5.26161206251551000D-02
38  2 -6.16992521436962600D-06 -3.16279070474451300D-01 -5.66348287729837700D-02 -7.44359107920151300D-05 -7.15415723692308600D-03
38  3  6.09637217241888000D-03  1.05778506450417900D-03  3.63537791954525200D-03  1.10187585705188500D-06 -2.93783293794043400D-06
38  4 -9.60043884500764800D-03 -2.65367023550549600D-02  1.75611497034710500D-01  5.23747364790706800D-02  1.45203529795843700D-02
38  5  9.10371835965824500D-06 -1.09208535698490600D-01  3.02162020808916800D-01  7.88525590570911000D-05 -6.59219730818507500D-05
38  6  1.11448727846401700D-03 -1.04856530538211200D-03 -8.45296053628688500D-03  4.42684038319176800D-06  7.25908119296859100D-07
38  7 -2.65330558572630900D-02 -9.09475626012630800D-04  8.76495532560337600D-01  1.01365285774400300D-01 -4.73426140590582300D-02
38  8  1.27052938374288000D-05  4.92388222997146800D-01  1.22963149774547200D-01 -6.14903391697147800D-05  9.35967025122969700D-03
38  9 -1.78469232606714900D-03 -7.57497792516210200D-03  1.69015458420130400D-03 -4.99101282270539300D-06  2.26585706027820900D-06
38 10 -2.01452954031859700D-02  4.95380668924040200D-02  8.55186119289006700D-01 -5.41750227892583800D-03 -9.94104165369976800D-02
38 11  1.99777710837344000D-05 -4.93750883129030300D-02 -6.63605131646124600D-01  3.53767994785397600D-05 -3.75299946814455600D-03
38 12  9.05819606998876800D-03 -5.30519660184415500D-03  7.84728961872601000D-04 -5.29797956358566700D-07 -5.09263493229988900D-07
38 13  2.01410251761159900D-02 -4.95295430550340200D-02 -8.54995260984945800D-01  8.33587732930562300D-02  5.43963270741940500D-02
38 14 -2.19178429354615700D-05  5.49866730964242300D-01  3.74572019942237400D-01 -3.98029533819882700D-05 -5.26582616414928000D-03
38 15 -4.04122108587080000D-05  5.30623837500851200D-03 -6.79818350175113600D-03 -5.35286827843787000D-07  7.01080907089196900D-07
38 16  2.65330028778023800D-02  9.03212484879033100D-04 -8.76510188008973000D-01  9.16862554905246000D-02 -6.41060417210673100D-02
38 17 -1.19721502245181300D-05  1.39738035476645100D-01 -4.87864441740921100D-01  6.32065711349924100D-05  2.59883702200846300D-04
38 18 -7.83769849444897000D-03  7.57781479224810500D-03  4.72884695822220000D-03 -4.27316157871984900D-06  3.12172778197272200D-06
38 19 -9.50756102766740400D-04  2.76560958281742200D-02  8.48155640643947800D-02  3.59250720808470800D-01 -2.67059033433371900D-02
38 20  1.81223872366918100D-02 -3.29914301653551800D-06 -3.17584395628275600D-03  4.08746322234281200D-02 -5.63267154143871300D-06
38 21  3.06686225972458900D-01 -6.61182207684525300D-01  1.09508461367284100D-04  2.05630765639680700D-03 -6.62061670169111300D-03
38 22  4.56430904529460000D-03  2.16050604147670300D-03 -2.38619988400213700D-07  1.89027168775224600D-06 -5.68448377865370200D-03
38 23  2.10976226368194700D-02 -1.54131388581654700D-02 -2.07679949220979900D-02 -8.02135783003599900D-07 -6.30672560224060900D-06
38 24  9.49857811628867500D-04 -2.76660446929848100D-02 -8.48040662552404200D-02 -3.58988276758047400D-01 -2.90355215629170700D-02
38 25  1.40689274378836000D-02  1.73387034906269300D-05 -3.70209073101734000D-02 -1.77142944255916100D-02  2.19172109310616000D-05
38 26  7.25804984437372400D-01  6.49617568160473200D-02 -1.36375418613306700D-04  6.06978511752463500D-03 -1.50640248477801800D-03
38 27 -4.56338263274658200D-03  3.25758289518651800D-03 -2.46816862472392400D-06 -1.23399598613354700D-06 -2.99670113699018800D-02
38 28  1.45598965734432200D-02  1.54071147964586600D-02 -2.99780790259071200D-03  5.62006016910746600D-06  4.00021100797396400D-06
38 29 -1.54107088769560500D-02 -8.32486613013501900D-01  1.14073671001461300D-02 -4.65768425417131200D-03 -1.47683338729740100D-06
38 30 -1.04873094712852300D-02 -1.17617050138074800D+00 -3.34655295872456700D-03 -1.51546896262810000D-02  1.98022864143245600D-06
38 31  1.04827035760751000D-02  1.17592394833868000D+00  1.14463241702375000D-02  1.04751023992171600D-02 -2.26661781168323000D-06
38 32  1.53983650402891300D-02  8.32407659873541700D-01  9.73806506876393800D-03 -7.54856979255738600D-03  1.37921312613731400D-06
39  1  1.36701107613232000D-02  4.70808476250119700D-02  2.82324071426239300D-01 -2.36562619895005100D-02 -2.37255157823791500D-02
39  2 -1.82915827119349400D-04  3.14901405856469300D-01  4.80756622493016000D-01 -8.26902091520156200D-04 -2.53504752040545900D-02
39  3  4.77193199811741900D-02 -2.23688447771200000D-02 -3.51093839871289800D-03  2.41983804304899900D-07 -2.49196640671189000D-05
39  4  1.36676823971269300D-02  4.70876419666094900D-02  2.82520071036228300D-01 -8.70596931348574000D-03 -3.23458191946126200D-02
39  5  2.10396555342624200D-04  2.58872521659054900D-01  5.13042759729899200D-01  8.58922575060944300D-04  3.20790444355258200D-02
39  6 -9.70745208347170700D-03 -2.23715923520543200D-02  3.47876052332657700D-02  1.16419391356038600D-05  1.63641149162170200D-05
39  7 -3.91759507747437900D-03 -4.56648483506755800D-02  2.52396939826851000D-02 -5.92343769868152000D-02  6.99859236662116600D-02
39  8 -8.55290769570320000D-05 -7.05343910414737800D-01  6.52287266142873200D-01 -4.84156766946041500D-04 -9.02417537390023900D-04
39  9  1.78269051134925400D-02 -1.69244875761022700D-02  5.74183266572774700D-03 -2.48616153346290000D-05 -1.01271358404855300D-06
39 10 -1.25626917918011600D-02  2.38591777353957600D-02  3.62418154536135100D-01  3.84893015678208000D-03 -8.42881873134412600D-02
39 11  1.99041311962381300D-04  3.96193874212971800D-02 -5.48157036886471500D-01  4.72454498065434800D-04 -7.13343593453698700D-03
39 12  1.70213980125435400D-02 -9.88796207800638100D-03 -5.35719853344495200D-03  2.45786469986251400D-06 -3.92975264623497900D-06
39 13 -1.25618493978963900D-02  2.38769760913818500D-02  3.62397763494899400D-01 -7.49214564682092600D-02 -3.88302805339979300D-02
39 14 -1.46923873305429400D-04 -4.94663332002565600D-01 -2.39967979656782900D-01 -3.65681552577025200D-04  1.49991851833386000D-02
39 15 -5.11336073665330400D-03 -9.88582444668529800D-03  9.40369228749070000D-03  8.61261496710056200D-06 -1.09690182590478700D-05
39 16 -3.91959571944606900D-03 -4.56801890718882200D-02  2.53541322435469600D-02  9.02334955346638800D-02 -1.62993672185702900D-02
39 17 -8.79871089844781200D-06  9.17730642831018700D-01 -2.84667911700508800D-01  3.14629938128610200D-04  8.83436755670082700D-03
39 18  8.09325328017168400D-03 -1.69276208368720800D-02  1.22344584450555300D-02 -5.03652141840546700D-06  1.92064245319390300D-05
39 19  6.63732041610928500D-03  5.34085851399050200D-02  1.31498955781438800D-02 -7.85771165130314000D-01  8.46308639224140100D-02
39 20 -2.12648991769409200D-02 -1.21556143771326200D-04  1.14109713294600500D-01  1.37281822851834100D-01 -2.56025441966127800D-04
39 21 -3.80197604627590200D-01  4.51787966219703500D-01  1.91472345956384600D-03 -2.64858867019435000D-03  4.34509411143593600D-03
39 22 -1.69650544124135200D-03 -9.57680583035078000D-03 -2.51114194191634500D-06  2.98674745093303000D-05  3.78127813474804400D-02
39 23 -5.00388552837288100D-02  1.22260739362485000D-02  3.50016803868123700D-02 -6.19891273902121100D-06 -7.43393767515634400D-05
39 24  6.63965936220184400D-03  5.34131891779202100D-02  1.31389284155369300D-02 -7.85931248366651400D-01 -6.07536584290349700D-02
39 25  6.26637244233224800D-02  6.01660199471137600D-05  6.18161625273849100D-02  1.67486599259059000D-01  1.48286371920512700D-04
39 26  5.81538908378799000D-01 -1.03181836287635700D-01 -1.69504813364470700D-03  9.78103909516763300D-03 -8.08276986026295600D-03
39 27 -1.69826923490464000D-03 -1.28751764291740700D-03 -2.58788114377908000D-05 -1.11769923605874000D-05 -5.43265559048110600D-02
39 28  4.20927735561764300D-02  1.22337823486347000D-02 -2.64458730066170000D-02  5.78407367664606700D-05  4.51794162503189700D-05
39 29  3.41455426700784700D-02  1.12056581790041100D+00 -8.48051491575794300D-03  3.21621792270726600D-03 -1.45758440794841900D-05
39 30  1.61458769725043700D-02 -8.17044556674824900D-01  3.17412933431307800D-03 -1.16336404881784700D-02  1.10468515145586900D-05
39 31  1.61416940161070100D-02 -8.17273767538600600D-01 -1.16622033594758300D-02 -3.06955160721038500D-03 -8.31570244238635000D-06
39 32  3.41494585811654900D-02  1.12066165950325800D+00  7.02593000268640600D-03 -5.73453222468422200D-03  9.26112121196621100D-06
40  1  1.64000638592431800D-02  7.69928134753489300D-03 -1.05008706485101100D+00  1.58686187777046400D-02 -4.00758242918482800D-02
40  2 -3.54836286189084100D-04  6.18203332038952700D-01 -3.55981333516013300D-02 -1.10771899266459300D-03  1.05624983951447900D-03
40  3 -2.11509081672869000D-02  2.00946583277726600D-02 -7.11879478310965600D-04 -2.48324625084758400D-05 -1.93104454134176100D-05
40  4 -1.64030331895671600D-02 -7.71107466835397600D-03  1.05007961387548000D+00  4.26684776693462300D-02  6.29089604696705300D-03
40  5  3.57689075866896300D-04  3.39963552845648700D-01 -5.17648693096699100D-01  1.11129223932530000D-03  1.50584571481229900D-02
40  6  5.03389907597592200D-03 -2.00923562240987500D-02  1.14576656075378600D-02  4.34240223346410700D-06  3.07217703266504900D-05
40  7  1.75274546522033900D-02  8.08888219061381500D-02 -6.88122664775912900D-01  2.44082844310275800D-02 -3.96564095636857800D-02
40  8 -2.43870202756620700D-04  6.42091069148276200D-01 -5.07125874989790700D-01 -3.36734828517565900D-04 -1.53569141456423900D-02
40  9  4.21191043808666500D-04  1.49357231018340600D-02 -1.84127298113005600D-02  4.09390965482926300D-07 -3.47284766394782100D-05
40 10 -5.83260525744243500D-03 -1.06969165155432800D-01  6.74633300388117600D-02  4.05875757121958700D-02  5.85061782051497500D-02
40 11  2.14812232540202800D-04  2.63466078899004400D-01  1.24031668853831800D+00  6.45961840771310100D-04  2.77356678237770800D-02
40 12 -7.57486281834428000D-03 -2.01608050054328500D-02 -2.79366475298390800D-03  2.56205572799970100D-05 -1.10495515462025500D-05
40 13  5.83516761569436000D-03  1.06960112576905600D-01 -6.76074098500714900D-02 -3.03547187350573700D-02 -6.43954956570799200D-02
40 14 -2.18590130855751500D-04 -9.42227577325259000D-01 -8.48369690606418300D-01 -6.50983762216482100D-04 -3.35329529699369500D-03
40 15 -1.68095707522768200D-02  2.01628660492697400D-02  1.90531271077073800D-02  2.27400863157295900D-05 -1.59403976215250700D-05
40 16 -1.75262312943879000D-02 -8.08780631524733000D-02  6.88127597525362300D-01  4.65423699396730100D-02 -1.30261994137929000D-03
40 17  2.48929631299770900D-04  7.60132545369810600D-01 -3.02389227477443100D-01  3.44694248245109100D-04 -1.02883384478567600D-02
40 18  2.52217740517511200D-02 -1.49334356038950700D-02  1.31120880401409500D-03  3.03556540702643900D-05  1.72641619588644400D-05
40 19 -7.51636895484899000D-03 -2.63515622402441500D-04  9.60471374465567700D-02  9.21398088203243500D-01  3.09657918655637600D-02
40 20  3.15565053901724600D-02 -1.47186377149474800D-04 -1.12473146337682400D-02 -7.42611637326290500D-02 -3.62076350013053700D-04
40 21 -2.21008258893655200D-01 -1.12980137516595700D+00  2.83625054730633500D-03  3.37543467924040500D-03 -1.04928342065509400D-02
40 22  7.11739952731124300D-03 -5.82544268574933000D-03 -4.48812391322790700D-06  4.19074254752688000D-05 -1.92080450539433000D-02
40 23  6.21652928364211400D-02 -4.29572477824773800D-02  3.60960395859507200D-02 -1.21468739807069600D-05 -9.70244285545849000D-05
40 24  7.51616548713497100D-03  2.63747669796545500D-04 -9.60505667137047100D-02 -9.21310402742593300D-01 -1.18422161330724800D-02
40 25 -4.26142590156386300D-02  1.45638537428091900D-04  5.86718510779112600D-02  4.68462341486902100D-02  3.63192149343771900D-04
40 26  8.67767093204396900D-01  7.56459002213417600D-01 -2.84914436720462400D-03  2.65297091259153000D-03  4.46462785432596100D-03
40 27 -7.11759876691744600D-03  9.84807232900685200D-03 -3.86534249648174600D-05 -1.73056970780909300D-05 -1.47310038971168100D-02
40 28 -2.82250663794415400D-02  4.29560702765583800D-02 -5.87305989932464400D-02  7.86213691595913400D-05  5.95662011516859600D-05
40 29 -1.55743746169310200D-02 -5.20341026738030400D-01 -6.26501716871935800D-03 -2.40473867219700900D-03 -1.41874953028853800D-05
40 30  2.61749276041767800D-02  1.36034232576164300D+00  2.64394225120376800D-03  7.54614800559626100D-03  2.47377271322364400D-06
40 31 -2.61763570290095200D-02 -1.36013471415404500D+00 -5.20935291726817400D-03 -6.06224619819703800D-03 -2.55100562026409800D-06
40 32  1.55674812142387000D-02  5.20200448053308700D-01 -1.05136412459615100D-03  6.62855258372574600D-03  1.44568732767647500D-05
41  1  6.96015833773450500D-05  1.19148855573907400D-04 -2.30207253334598900D-03  6.24519243445835200D-06 -1.46704119088340200D-04
41  2  1.37101794684966200D-01  2.22692746340945000D-03  6.69265769006680200D-04  4.09373457209020800D-01 -2.54241761094004500D-05
41  3  4.09417192985181500D-06  2.13300041795486500D-05  9.79607628504944200D-06  1.03101382983558800D-02  6.55621658838376400D-03
41  4 -2.03734175359216100D-05  3.48027750717721500D-05  3.22635967947906500D-03  9.85350222960461600D-05 -2.14368749574367400D-05
41  5 -1.37120066555874900D-01  1.53530428037588900D-03 -3.29150298483107900D-04 -4.09425749706799200D-01  9.58713810136711200D-05
41  6  1.52074733919089900D-05 -1.11078854405580100D-04  8.87833296351795400D-05 -5.19446543836505200D-04 -1.22034517462429200D-02
41  7  3.65380251814070500D-05  1.77807547699904500D-04 -1.39310164290009500D-03 -4.34948053267001400D-06  3.66717013695711600D-05
41  8  1.03032107927617700D-01  6.11682297497872400D-04 -1.50478384884649300D-04  1.15047316214159600D-01 -3.81675982859824900D-05
41  9  3.25605003280466900D-05  5.60709795793720100D-06 -4.43985305987090800D-05 -1.75980550972399000D-03  1.46588923411570200D-02
41 10 -2.11622424797562200D-05 -2.05253774205345000D-04  8.06575248175915300D-04  1.31037161026107100D-04 -3.17429546293158100D-06
41 11 -8.07384223493617800D-02  8.18689669064663100D-04  2.20018382398048700D-03 -2.46445025219444600D-01  6.67396436918588300D-05
41 12  2.18113289947547000D-05 -8.85509726866133100D-05 -2.40714409140198200D-05 -1.02479569149104500D-02  4.78017590051181300D-03
41 13 -1.84216215075908600D-06  3.42909928697720500D-04  5.04015611879090500D-04 -1.75199620502445300D-04 -2.38927046352275600D-04
41 14  8.07260378792680200D-02 -3.25784266092082200D-03 -2.58530011564690800D-03  2.46404879326768500D-01  1.77459901533928200D-05
41 15 -5.86285820789931100D-05  4.08825919255981800D-05  5.36832283375638500D-05 -9.25916485325279300D-03  6.47315340747474900D-03
41 16 -6.15545808105086600D-05 -3.24397912297345600D-04  1.71795794144476500D-03  3.13233602845325000D-04 -4.10801618999861400D-05
41 17 -1.03041097440963800D-01  3.64885833021778800D-03 -1.28382440389996700D-03 -1.14959024540895200D-01 -8.41782320825099700D-06
41 18  7.70456033824985700D-05 -6.86277801742487400D-05  2.79003706444082400D-05 -1.35712243673996300D-02 -5.81202007741267900D-03
41 19 -1.31055633795532600D-05  6.49194391680034200D-05  2.49646508148269000D-04  1.32232440538317000D-03  1.94328876040080100D-04
41 20  8.27494244742923500D-05  5.52581859269776200D-02  1.40376881873743400D-04  3.40058657102220100D-05  1.38570776718571600D-01
41 21 -1.06541152064880100D-03 -2.31909780671480700D-03 -1.07312138746435500D+00  5.82722457535892900D-06 -1.99113798977884400D-05
41 22  1.40841553224317800D-05 -2.88417498937834900D-05  1.67992392317218200D-03 -1.57247520012138200D-02  2.18751965187497100D-05
41 23  6.83056444418287100D-05 -9.01808409605769400D-05  1.52912804653376800D-04  4.59817060480066300D-03  3.59298630491817700D-02
41 24  3.13579059652167200D-05  1.07639783289233500D-04 -2.12495244240179100D-04 -4.23817463162107200D-03 -1.05649081843216600D-04
41 25 -2.29411087519035500D-05 -5.52479928674037500D-02  3.25553858806844100D-04  4.37295713928400300D-04 -1.38567555418505000D-01
41 26  3.36540647631222200D-03  1.76948738333598000D-03  1.07315638345792400D+00  2.12166465328441600D-05 -2.02821744012888200D-07
41 27 -2.10138247888309600D-05  2.23566569421668200D-05  1.44560355162207300D-02  6.40483393498631000D-03 -1.24126533784923700D-04
41 28 -1.16531506603367500D-05  1.35779684445260700D-04 -2.14212625239389700D-04 -2.88208541321540500D-02 -2.19618586236839500D-02
41 29  6.68148674254355700D-07  2.36241566543737000D-04 -2.66167234128746300D-05 -2.66481130402275700D-06  5.25966720644779600D-03
41 30  1.12728492039441700D-04  2.04435825772841400D-03  9.05734032043220000D-06 -9.64756328616485400D-06 -3.05211620804093900D-04
41 31 -5.70876268053749600D-05 -4.86898755047519100D-03 -2.26911914627094500D-05 -1.51716110014730200D-05  3.09667985531779800D-04
41 32  8.97131603234638000D-05  3.49901807802323500D-03  5.02761533209575100D-06  1.14024888671105600D-05 -5.25827245194163700D-03
42  1  1.29481017272984100D-02  5.74548413870850600D-03 -4.88557019665158600D-01  8.25886286861250400D-02  4.52823579497041500D-02
42  2  1.56808780834173300D-05  5.82577724740577500D-01  1.02008239562316900D-01  2.91701222765132700D-05  9.50684361485195500D-03
42  3 -1.60186173411068700D-02  6.51177372625532000D-03  8.90035446143926100D-03  4.20678385753997900D-06 -1.20984575266361000D-06
42  4  1.29489075997225400D-02  5.75677702254095000D-03 -4.88517010931823500D-01 -2.08104967896236400D-03  9.41687105134411800D-02
42  5  1.42069816885510200D-05 -2.02832214033745400D-01  5.55500102112489000D-01  3.91911785194655600D-05 -1.63072657526876100D-02
42  6  9.79774503856211500D-03  6.50952071412572300D-03 -8.31028054292626300D-03 -2.65397107195400700D-06  1.96593202263520400D-06
42  7 -3.02946715464817700D-02  5.12349812330324300D-02  1.26088813697186000D+00  5.07610460700682500D-02 -7.88578615512803800D-03
42  8 -3.55337062200046300D-05  4.84642594006389100D-01  9.99445273048748100D-02 -8.16974793391471900D-05  9.39657144779002700D-03
42  9  7.87675483866429000D-04 -1.01842469316568500D-02  9.89059198754812200D-03 -2.63445725902156300D-06  3.50891649966516200D-06
42 10  1.10144297135492000D-02 -5.20400818084422600D-03 -2.86130868193703200D-01  1.45609068193146200D-02  4.07572460741079800D-02
42 11  1.69930931551298300D-05 -1.10717153848367600D-01  2.20855623813199600D-01  3.99010177944722300D-05  7.45559276758962800D-04
42 12 -8.09108698654772500D-03  7.34552770978930600D-03  4.16086989024108700D-03 -5.54942211342406700D-06  3.07681444708609600D-07
42 13  1.10134957029902600D-02 -5.20956131108819100D-03 -2.86073521564178600D-01  2.80189226340157800D-02  3.30021028101909100D-02
42 14  2.29604657237864700D-05  2.46712813512970600D-01  1.46354410575982000D-02  5.84472320180028200D-05 -9.00307977719229600D-03
42 15  1.65778704703595400D-03  7.34529273015656400D-03 -2.33909187012022600D-03  1.78710294993197600D-06 -4.36347653164389100D-06
42 16 -3.02926957457727200D-02  5.12464492596614700D-02  1.26085348601713100D+00 -3.22158882476134200D-02  4.00134732821844800D-02
42 17 -4.82865458505913400D-05 -1.55901649185177300D-01  4.69756394113185200D-01 -8.12066386105218300D-05 -4.48076740633491400D-03
42 18  1.46630032948313500D-02 -1.01822358884965600D-02  6.39970890503465300D-04  2.07360991182258800D-06 -6.05389130639487100D-07
42 19 -1.11779903652395200D-03 -1.52540806140161500D-02 -1.45790444623368900D-02  2.57775726097473300D-01  5.73079656931225500D-02
42 20  2.00892286990990300D-02 -1.44325118381026500D-05  8.75084972604468900D-02 -4.09003548975120900D-02 -3.35588847013230100D-05
42 21 -7.62972806771339800D-01  1.63353393264278400D-01  4.95851412789669500D-05 -2.17102011015150700D-03  3.58385268858613500D-03
42 22 -1.41283257843495300D-03 -1.50143833943615200D-02  1.89550423255568100D-07  3.60163571005215600D-08  8.70568971580219100D-03
42 23 -1.33559797435151000D-03 -7.37009174145091400D-03  4.23390403892067400D-02  2.50519677776187000D-06  1.34358601969872100D-06
42 24 -1.11609709442231900D-03 -1.52542177188530300D-02 -1.46200393136208100D-02  2.57560958486725300D-01 -1.12710747283687400D-02
42 25  5.96532710727449400D-02 -1.70061479743260100D-05 -7.91613106784315000D-02  5.53250357797653700D-02 -3.69025904032664800D-05
42 26  5.23123912278617900D-01 -5.78877105704283400D-01  4.67147807674090200D-05  1.34068085753952000D-02 -1.19930096411641000D-02
42 27 -1.41379893423126900D-03 -4.62504754154327100D-03 -1.81042185310706400D-07  3.87336060477320900D-07 -3.05828421543969400D-02
42 28  3.79493622951815200D-02 -7.36652014078452800D-03  1.61342464333880800D-02  1.50487177387032200D-06  3.19470612153764900D-06
42 29 -4.34615578183847400D-02 -1.18826459997462600D+00  1.44483422641592100D-02 -9.77705633546114400D-04 -2.67920083849718000D-06
42 30 -1.68955990286534200D-04  4.71361989873829900D-01 -5.65117568707525000D-03  7.96548597800216500D-03  1.18313895481772600D-06
42 31 -1.69806977070680700D-04  4.71473232121336300D-01  9.72407531558990400D-03 -9.10713355496212000D-04  1.23932478573247500D-06
42 32 -4.34727188662001900D-02 -1.18840830954958200D+00 -8.07209918654853800D-03  1.20230519705738500D-02 -2.79840099638567500D-06
43  1 -2.23777512173177100D-02 -9.53755454409047400D-02 -6.05027527219366800D-03  4.40685758263915700D-02  3.86294283750358700D-02
43  2 -1.21121856757703000D-06  6.23402833940172800D-01 -1.58369664376873800D+00 -1.35372563240707300D-05  3.00494600006670100D-02
43  3 -4.09779587108156400D-02  1.09284987101493100D-02 -1.55256551054473700D-03  1.05985881506539000D-06  2.98495246133929000D-07
43  4  2.23768454066739500D-02  9.53804478462381300D-02  6.15580831403687100D-03 -1.14201032699343800D-02 -5.74823553084340300D-02
43  5 -3.17427812769233100D-06  1.68322629019222900D+00  2.52080977704273400D-01  2.08839721671241800D-07  2.20537656857435800D-02
43  6 -1.11240851745567100D-02 -1.09296805111869700D-02  3.62944127241876700D-02  1.77074901291794600D-06 -1.20143643236682100D-06
43  7 -6.59434550298991100D-03 -5.80498530092779700D-02  5.41959359631985800D-01 -5.00914512430261800D-02  4.56643077010015600D-02
43  8  1.24523239054985200D-05 -1.38053790448475600D+00  5.26331833402140600D-01 -2.61916797858817000D-05  4.59865845976618500D-03
43  9  1.91333496041100300D-02 -2.37320080638759300D-02 -1.44174632619233400D-02 -2.82617869990201400D-06  1.81670752596207100D-06
43 10  2.52673494623626000D-02  8.64756854708055400D-02 -9.61300024587401800D-01 -1.62026715719994600D-02 -4.73633057920430100D-02
43 11  1.27101029664755400D-05 -9.59200415012979300D-02 -1.25528561871392800D+00  1.76962172851940600D-05 -1.66737869534890000D-02
43 12  3.96366591526456500D-03  1.27101210382251800D-02  3.42073240636062500D-03 -8.33967121643054000D-08 -4.35713276596412800D-07
43 13 -2.52679579015099300D-02 -8.64708203771541900D-02  9.61379549255798700D-01  3.29152886418133000D-02  3.77187281404862800D-02
43 14 -1.54792185535500400D-05  1.03905876872027600D+00  7.10815930265432100D-01 -3.05016344019239500D-05  3.76381526419619600D-03
43 15  8.94746099747796700D-03 -1.27112762616740200D-02 -1.20304749272634800D-02 -5.64622687239840900D-07  1.34675202921714900D-06
43 16  6.59857199383933400D-03  5.80421260821443700D-02 -5.42164808582334000D-01 -6.45976474997361600D-02  2.05287783482340100D-02
43 17  7.15643318511954300D-08 -1.14618561446117600D+00  9.32231896270673300D-01  4.97705730825627800D-05 -2.63116847263337100D-02
43 18  2.57830715866640100D-03  2.37333775676683600D-02 -6.26437374681536500D-05 -4.34365942845058300D-06  1.70269375880137600D-06
43 19 -2.08645379302817400D-02 -6.19508880787285600D-02  2.87734859469210400D-01  1.94410701816530500D+00  5.13617574752349600D-02
43 20  4.94342673799972100D-04  1.00317504403042700D-05  4.98582134739757100D-02 -2.70953652090761700D-01  1.86212249855825600D-05
43 21 -5.99236321278836300D-01 -1.12147069837053300D+00 -5.43294845000953600D-05  7.12568855285120000D-04 -1.86732933323849700D-03
43 22  1.15476047795287700D-03 -9.30010842703932400D-03  2.24944513541606100D-08 -2.07413403423617500D-07 -2.17556175504894600D-02
43 23  3.03732556710728300D-02 -8.61763812058451700D-03  4.13055490320553000D-02 -2.23902192164163100D-07  4.46884572787265500D-07
43 24  2.08637763449487100D-02  6.19467757610480000D-02 -2.87749025036359400D-01 -1.94417528104138400D+00  2.52590744142237700D-02
43 25 -4.47388400278509900D-02 -2.64311467703598700D-06  2.59587693962509200D-01  9.23167226383037700D-02 -7.70621386079553300D-06
43 26  6.71436946971691000D-01  1.07982991770968900D+00  4.70260721942432100D-05 -5.75531978666519500D-03  6.90978627747642100D-03
43 27 -1.15446649081105800D-03  5.93902767071873100D-03  3.65332701609633500D-07 -3.86371733968074800D-08  1.36500360491817300D-02
43 28 -2.22680398623292200D-02  8.61800381314744100D-03 -4.67155204152467300D-02 -1.29660028171260500D-06 -8.18429890830773000D-07
43 29  8.77487728854953500D-02  1.70483263488421800D+00 -3.80084530264314800D-03 -1.80620535751849500D-03 -2.62221927161174700D-07
43 30 -2.07723071009755000D-02 -1.06231558679662400D+00  1.83843419019693000D-03 -4.19691991139699400D-04  1.54729977759997800D-06
43 31  2.07680712699844900D-02  1.06225220239102900D+00  1.28137955937852900D-03 -1.38231263167967300D-03 -1.68152969619179200D-06
43 32 -8.77452977844633400D-02 -1.70467527441733900D+00 -3.36337845151979400D-04  4.19307740884234400D-03  1.00872192315122000D-06
44  1 -2.40853750230946800D-06 -2.47791057434133500D-06  2.87717433016759600D-05  6.08427715268349000D-06  1.88135849833925200D-06
44  2  1.60082655828408800D-01  2.46128017801619100D-06 -1.10358967919427700D-04  2.56014604591884600D-01  2.03318067544759400D-06
44  3 -4.48665684953562200D-06  2.45347617408805100D-06  3.87321026884228700D-07  5.04936605392308100D-03  6.73365679835837800D-03
44  4  1.34675275681044600D-08  1.84071857714124700D-06 -7.98661915348544400D-06  3.22307030696072300D-06 -3.88760197023626800D-06
44  5 -1.60110312740653700D-01  9.83500035836079300D-05  2.62518734319074900D-05 -2.56103237857455500D-01  5.12567467877353500D-07
44  6  2.83248805526771100D-07 -7.95816273404144200D-07  5.40774487218037600D-08 -3.29982979023299900D-03 -7.74250482239303600D-03
44  7  2.64677984687940200D-07 -2.49870932654176200D-06  2.56386372999490500D-05 -1.61780191927744400D-06  1.98468419406780200D-06
44  8  2.51892684337758400D-01 -6.12424989878547300D-05  3.94549143262209600D-05  6.13601675591724300D-01 -1.97601239519805500D-07
44  9  8.50420877457154200D-07 -6.52819637937305800D-07  8.80117577330167700D-07  2.00789769511895300D-02 -1.04439924515872700D-03
44 10  3.14755572750526600D-06  9.07036606785610800D-06 -5.22371240913601300D-05  2.84447622528166900D-06  4.91587348363553500D-07
44 11 -2.93219403420449400D-01  1.87458439143975500D-05 -8.16034372018581200D-05 -7.68113119870331600D-01 -1.37237467204298300D-07
44 12  1.09091576393565900D-06 -9.53678296731299400D-07 -7.42122456704529800D-07 -3.50570039795079700D-04  2.01151271770614500D-02
44 13 -2.27118286311775100D-06 -4.38252937627267500D-06  7.70596820916579900D-05  7.79027170856025000D-06 -5.79192291147391200D-07
44 14  2.93184650528555100D-01  7.39575008746362000D-05  3.83753459628168100D-05  7.68022690932185100D-01  9.27962496988394700D-07
44 15 -8.39086037724989400D-07 -8.88764592634201700D-08 -9.03931634322735900D-07 -1.76002967310636500D-02 -9.74668232406287500D-03
44 16  1.77275282301508200D-06 -2.03727518490600100D-06 -9.98597191350521200D-05 -5.26954796206304600D-06  3.77701047189171800D-07
44 17 -2.51808556647281500D-01 -7.59184422151209400D-05  2.82361230054379200D-05 -6.13436909082231600D-01 -8.76814617206845400D-07
44 18 -1.11183929347393300D-07  9.87998546554284900D-07 -2.65391139153158500D-07  1.09374200382060500D-02 -1.68625504677048800D-02
44 19 -9.18819698807330100D-07 -5.82820259023224200D-06  8.13619786368319300D-06  1.42327995317378900D-04 -5.67102361966236700D-07
44 20  3.18286081776756400D-07 -8.45424350806329600D-02  6.63384450544869200D-07 -2.10761756915522100D-05 -1.65311251886733500D-01
44 21 -1.93175348189255200D-07 -5.75606518864656200D-05  4.05843854014439500D-01 -6.36012896801469200D-08  2.48854510531976800D-07
44 22 -1.85253220851856700D-07 -3.51145645151095400D-07 -6.03850312777688500D-04 -1.55309501456392900D-03 -1.87716449290028600D-06
44 23  1.99532683253365100D-06 -1.18162339633411300D-07 -6.72695681433446500D-07  4.72709785454203500D-03 -1.90159308693515600D-02
44 24  9.33013434391155600D-07  8.15330952667856800D-07 -2.17016562355275400D-05 -1.14040140097251800D-04  2.65037916466211100D-06
44 25 -2.08439683105320600D-06  8.45679799972775000D-02  1.33440485421683500D-05  6.44206361891663200D-06  1.65380787803814200D-01
44 26  3.88852308810351100D-05  3.58644497084893400D-05 -4.05915550458818800D-01 -3.31192330058919200D-07  2.84897144993222900D-07
44 27  4.62951850657096700D-08  3.57425725007203400D-08  1.04333113926750700D-03  1.29929514449180900D-03  1.32425931628110000D-06
44 28 -2.47141186844118800D-07 -1.07711812943698500D-06 -2.03081703280061600D-06  1.88259085600015600D-02  5.40674260937648800D-03
44 29  1.56157279362138600D-07  7.77328916025419700D-05 -2.69660408256930500D-07  4.67798707189559500D-07  1.88806692892918600D-02
44 30 -1.46523195018568700D-06 -7.39347459398177100D-05  1.49717464790065000D-07 -8.31680229871237400D-07 -2.24766584551870000D-02
44 31 -1.29474580265573700D-06  6.33732225882424700D-05  1.33691510879622700D-07 -2.40869665287820400D-07  2.24753409434760300D-02
44 32 -6.05054936207142900D-08 -5.26144187764668700D-05  1.60603824081569600D-09 -4.57763039612632500D-07 -1.88758883087373900D-02
45  1 -1.58107291897424200D-02  9.34825669634196500D-02 -7.21338667398562100D-02  2.81747495078565800D-02 -8.01346867548924800D-02
45  2 -4.43398388498798800D-05 -9.70047460260065400D-01 -1.74882610037058700D+00  9.88714172545242600D-05  5.02814192398997800D-03
45  3 -6.05163553081206400D-02  5.54882133841303500D-02 -1.11693891879937800D-02 -1.20148374463831600D-05  5.12359075945958200D-06
45  4  1.58113135868850800D-02 -9.34859315248802400D-02  7.21841292058914100D-02  8.35023330812425400D-02  1.56804725639495800D-02
45  5  4.87493619202165600D-05  1.02933778670683600D+00  1.71460293747608900D+00 -7.92972618254327000D-05  3.57471983914081800D-02
45  6  1.97421034532544300D-02 -5.54893018446627300D-02  3.83595870460817400D-02 -1.17153401888357000D-05  7.11940604037077400D-06
45  7 -1.65463304147494000D-02  5.89541507281044200D-02  1.52156129093300200D+00  1.11566296841487600D-02  1.10566992173985400D-01
45  8 -1.41524163606111800D-04  9.80657246353778300D-02  9.33997087587267500D-01  1.39848110368623000D-04  2.36048198184940400D-02
45  9 -8.64985340033145300D-03 -1.49549664181611900D-02 -1.04230218349306500D-02  1.97179515789201400D-05 -1.65756819522430400D-05
45 10 -1.14909582156204500D-02  2.75644260024439900D-02  5.49814090724882700D-01 -5.98839322965664700D-02  7.88750284588276700D-02
45 11 -1.69242606249237200D-05 -3.57445080050931800D-01  3.56983538854073100D-01  4.54557695426402700D-05 -6.60051816362190500D-03
45 12  1.35853430461153100D-02 -6.98482488249180200D-03  1.22027625065729000D-02  4.49472040619696800D-06 -5.72520978763442800D-06
45 13  1.14911206393161400D-02 -2.75626625752719400D-02 -5.49824940494070300D-01 -9.82414749345473900D-02  1.24161808496932100D-02
45 14  2.70567147905155700D-05 -4.87866966444652700D-01  1.31050681427439600D-01 -1.60331909775237100D-05  6.16732100613057600D-04
45 15 -7.60128325264561600D-03  6.98455115203165900D-03 -1.61956285106222100D-02  8.59223309500087300D-06 -3.58542830255095300D-06
45 16  1.65472829225903600D-02 -5.89588921777443700D-02 -1.52159913482570200D+00 -9.01753829855097000D-02 -6.49552984401399700D-02
45 17  1.18062213745506900D-04 -7.59782835955892000D-01 -5.52018086670240900D-01 -1.85719116646793100D-04 -7.23602103447609800D-03
45 18 -7.71864291297660400D-03  1.49546639474523100D-02  2.13393094491141900D-02  2.72091823504891000D-05 -8.60954512816072400D-06
45 19 -1.80961289393503100D-02 -1.07342068154155800D-01  8.96221488897485000D-02  3.12917509189366600D+00 -3.63646259962885100D-02
45 20  4.46274372359460900D-02 -8.52691185290122300D-06  1.92798022917966700D-02 -3.84318229992922800D-01 -4.95148625636431000D-05
45 21  1.14886812991170500D+00 -9.96475577779445000D-01  1.25535672257060100D-04 -4.31845469127872400D-03  2.99753330456814300D-03
45 22  1.32092138671119900D-03  7.96743758161206100D-03 -1.24370558096351800D-07 -2.35431287597557500D-07 -5.39854984550378100D-02
45 23  6.20681101531841600D-02 -8.08261169814657200D-03 -6.16495612357136800D-02  9.88086697936826900D-07  1.03576843874023400D-05
45 24  1.80931610069494400D-02  1.07347391672460200D-01 -8.96334620041470400D-02 -3.12919859822919300D+00 -5.68309236299945000D-02
45 25  9.16412236625238100D-03  1.61468195241093200D-06  3.42459971381084100D-01  1.75497091032839300D-01  2.77941421210348000D-05
45 26  1.43746067874160200D+00 -4.96572125488278400D-01 -9.95041280701604500D-05  4.80822456036637100D-03 -3.48699390401890100D-03
45 27 -1.32123065634702600D-03 -7.63988245512269700D-03  5.83867754344391600D-08  4.78073859624678100D-07 -7.92860042881719900D-02
45 28  7.12053884081748900D-02  8.08061587999719100D-03 -2.72202938089502500D-02 -8.14014847191685300D-06 -5.05434446531164300D-06
45 29  4.66725800366897200D-02 -6.94465440771427200D-02  1.27179699788327300D-02  2.72138574442269400D-03  1.12856175295350600D-06
45 30  4.28294106871049100D-02  3.74617844294181700D-01 -8.36257106788225800D-03 -2.26880655542798400D-03 -6.59045221487751600D-06
45 31 -4.28377448802308500D-02 -3.74581155221230200D-01 -2.21712966546647100D-03  8.37726703699335200D-03  7.13609056301386100D-06
45 32 -4.66710021697526600D-02  6.94477592822729400D-02  4.00427946164797500D-03 -1.23740113269568300D-02 -2.91211117860746600D-06
46  1  1.99217629707069800D-02 -1.09727169862440500D-01 -1.89063621826949000D+00 -9.01082787680949900D-03  1.08835545010334500D-01
46  2 -3.66588208677104400D-05 -3.82737968309629100D-01 -4.30039296843825800D-01  8.42482672435501100D-05  5.82113440387696800D-03
46  3 -2.23180434751930200D-02  1.64969090713163800D-02 -1.50578996723035000D-02 -9.95298976343143300D-06  5.71207774587220200D-06
46  4 -1.99212780340329400D-02  1.09720825476535600D-01  1.89059625080324000D+00 -9.87507375071394900D-02 -4.66326230157334600D-02
46  5  3.21441309699196700D-05  1.80998006046337600D-01  5.46525697798821200D-01 -9.16568198497919400D-05  3.98432528910709900D-03
46  6  1.25107165354975900D-02 -1.64950418246054300D-02  2.15984315658897900D-02 -9.20292616646921200D-06  6.60703788722817600D-06
46  7 -8.70622851159840100D-03 -1.76136863058035600D-02  5.43515970430742300D-01  3.62466985823312400D-02 -1.08665377660981400D-01
46  8 -1.05221827454608100D-04 -4.28923836657230200D-01 -4.63527675207453500D-01  1.50367087344466600D-04 -2.08859407506117900D-02
46  9  2.80382626654379500D-02 -7.15232191482521100D-03 -6.47693511647920200D-04  1.76698043955780100D-05 -1.62580534705010200D-05
46 10  3.50676418661306300D-02 -6.16716869632810100D-02 -1.79533241055989300D+00  9.84734774638376900D-02 -1.31241139636884700D-01
46 11 -2.45796787464110900D-05  6.16074928192591200D-01 -9.25409050350930800D-01  2.02841801063154500D-05  4.82991926848954900D-03
46 12 -9.54209879205446900D-03  4.71217952356505500D-03 -2.24408761470032400D-02  4.43113328629552000D-06 -5.99454301298432900D-06
46 13 -3.50660207958276800D-02  6.16690668480600800D-02  1.79529978200402600D+00  1.62897945187813400D-01 -1.96527282664895900D-02
46 14  2.34994422410218700D-05  1.10946208089073100D+00 -7.08028274047583000D-02 -2.38380736503425000D-05 -1.08864567088743600D-02
46 15  1.55975395283442900D-02 -4.71108281947148500D-03  1.84051890468662100D-02  6.98619417099655400D-06 -2.12601514054292400D-07
46 16  8.70378439970351400D-03  1.76210190366198100D-02 -5.43405238128510000D-01  1.12231106992416600D-01  2.29570113597587000D-02
46 17  1.07517184555124100D-04  1.86913992452811200D-01  6.03224778179220700D-01 -1.43389741020937300D-04 -1.62878198363719000D-02
46 18  9.13543293263316900D-03  7.15238690373873200D-03 -2.41444874906302500D-02  2.14802019385798500D-05 -7.33517329562713600D-06
46 19 -8.47014419443994400D-03 -3.37494230454679100D-02  9.91594884575018200D-02  2.02431361774486900D+00 -1.08261762896892400D-03
46 20 -6.30764893419961000D-02 -3.16135146903130000D-06 -3.11372255191069900D-02 -3.92487069395344600D-01 -2.74284955536370600D-05
46 21  1.28106756278734000D+00 -4.51756933173368000D-01  6.62652510270293000D-05 -1.78543670674462400D-03  1.76049447655774700D-03
46 22  2.49422301869556400D-05  1.01559108616724400D-02 -1.51568917412160400D-07 -3.04334416555617200D-07 -1.98429565804063500D-02
46 23  4.53090698973058700D-02 -2.54661133169000400D-02 -3.63982120453486800D-02 -3.88577116450371500D-07  8.96520813165690000D-06
46 24  8.46922430026304400D-03  3.37562425590953300D-02 -9.91543699490372300D-02 -2.02430279141444500D+00  5.40909447254694100D-02
46 25  3.24757549101877200D-02  4.83850861647673000D-06  3.24318134638571100D-01  2.23231964484510500D-01  3.04588950220894300D-05
46 26  1.03185715206067200D+00 -8.83467368393210100D-01 -6.51586127225580500D-05  6.74386971051507300D-03 -6.71925642311911000D-03
46 27 -2.46132873952430700D-05 -6.84978740665866700D-03  5.09469383137263400D-07  6.37915484131541600D-07 -5.63180705856705700D-02
46 28  3.08520737052164500D-02  2.54659968804542300D-02 -1.43840734449280300D-02 -8.08807699724862400D-06 -5.51131050944129800D-06
46 29 -5.07156320124287200D-02 -4.04337644475281500D-01 -8.27459949492011400D-03 -1.22026332772528300D-02  1.95612648710374800D-06
46 30 -2.62576152853197900D-02 -4.01922849167386100D-01  1.35662630035056000D-02  4.12167249524883100D-03 -5.79352317780584200D-06
46 31  2.62579558806978300D-02  4.01881610831252800D-01  3.21560989940541200D-03 -1.38113974876455200D-02  5.51993675322168200D-06
46 32  5.07237722684314900D-02  4.04319885300598400D-01  6.42817548013473100D-03  1.32680186422621700D-02 -1.50905749256855100D-06
47  1 -3.64729973956962600D-03 -5.32587655074248200D-02 -4.85604310855432300D-01 -1.03133419486912600D-02 -5.91909155257810800D-02
47  2  3.56669769688066200D-05 -1.04642472530324400D-01 -4.06781435243260000D-01 -1.49438941108190500D-04 -4.19024636687623100D-02
47  3  3.35043139026875200D-02  8.39814976607636400D-03 -3.30305186182790900D-03  1.26566807093079500D-05 -4.24442958392693500D-06
47  4 -3.64659667000469000D-03 -5.32669088435606500D-02 -4.85675092020319800D-01 -4.60819423662168000D-02 -3.85180318494070900D-02
47  5 -4.33129103971145600D-05 -2.99894333696457100D-01 -2.94042837940956000D-01  8.98498467099238100D-05  1.71249795197799100D-02
47  6 -2.55223436381782700D-02  8.39736411839795400D-03  3.60563834788871900D-02  1.13613820469297200D-05 -8.54218849184373100D-06
47  7 -4.60154646841154300D-02  8.94193138364213900D-03  1.90260096525111700D+00 -1.37779437852676600D-01 -1.18722085159329000D-01
47  8  1.61342566600764700D-04 -1.33278619767007900D+00 -7.96515202055531200D-01 -1.52834389713852100D-04  4.47322470702734000D-03
47  9  8.70933288459486800D-03 -1.31825575916227100D-02 -1.33736917819492300D-02 -2.17066520036884700D-05  1.49797359251974500D-05
47 10  1.99415843858327600D-02 -7.79881773928535100D-02 -2.06096969251550000D+00 -4.81694657100658000D-02 -1.23069515011959800D-01
47 11  3.50967979948285900D-05 -1.43367342104713100D+00 -6.72041605191441000D-01 -4.94984614771535100D-05 -3.63659594587296100D-04
47 12 -1.89834752451850600D-02  1.93471348397717800D-02  2.05469324619109600D-02 -3.00879563922313100D-07  6.90298449777238000D-06
47 13  1.99431036212864100D-02 -7.79889468809352700D-02 -2.06112793414614000D+00 -8.24993613997481600D-02 -1.03250853887904500D-01
47 14 -4.28244225925045600D-05  1.34958188180537800D-01 -1.57762600018572900D+00 -3.76764831918985900D-06 -2.97387737771052500D-02
47 15  1.03903559081686200D-02  1.93484178689374300D-02  9.59774586945610100D-04 -9.69249317544278000D-06 -7.54857785580135900D-07
47 16 -4.60149178563444800D-02  8.94329363895368300D-03  1.90269696780549100D+00 -3.38979938678195500D-02 -1.78678109213184400D-01
47 17 -1.22712973737374700D-04 -2.32542120133928100D-02 -1.55252756808222100D+00  2.39151027786813100D-04  1.76837370254989500D-02
47 18 -4.49938792279137800D-03 -1.31843491027071600D-02 -4.56443289420770700D-03 -2.93206518620949900D-05  9.52653761467062100D-06
47 19 -2.82393890383682400D-03  4.71915013419717000D-02  2.60649930535231700D-01  5.94031451213675700D-01 -1.28586255611854900D-02
47 20 -1.25839282050588700D-01  2.10872526634179500D-06 -1.92656688019350700D-02 -2.95317253144346000D-01  4.68646221961341200D-05
47 21 -9.89170785140487500D-02 -1.13545622027751700D-01 -7.03280147058502200D-05 -2.74373694616959000D-03  1.73971903268905800D-03
47 22  1.00401791347946400D-03 -2.09544763249510200D-03  7.09310300724247800D-08  1.68304579848292300D-06 -3.36134815841892300D-02
47 23  3.30508864670660300D-02  5.62595117122625400D-04  1.33062912137302400D-02 -3.15588039645620700D-06 -1.81044019534797800D-05
47 24 -2.82204344961608700D-03  4.71906385231677500D-02  2.60652935000755100D-01  5.94024427257986100D-01 -1.02551498888439900D-01
47 25 -7.40689806351294000D-02  5.03242013264161100D-06 -2.46108231344229700D-01 -1.64373363864595300D-01 -1.07741977900392100D-05
47 26 -4.88575751489619100D-02 -1.42422808032015800D-01  5.45389791787147800D-05  2.19069885554638100D-03 -3.19405399259874600D-03
47 27  1.00335513705174200D-03  1.19553897285470600D-03 -5.95348902611004400D-07 -8.60835580140207000D-07  6.39827704845108700D-03
47 28 -6.95879455549899900D-03  5.60517507047942800D-04  3.99858147906863900D-02  8.27629735891104000D-06  4.74470542298638300D-06
47 29  5.16002801077971300D-02  1.20142888025465300D-01  5.42637138406287500D-03 -1.15919245265127500D-02 -6.55602172223572100D-07
47 30 -7.91437786386570800D-02 -3.77497234824215700D-01 -2.29002551360267600D-02  1.12661535076894500D-02  6.76163498809513600D-06
47 31 -7.91459444652401200D-02 -3.77495394837727100D-01  2.12092437971409000D-02 -1.41966278536867000D-02 -7.28244984027546100D-06
47 32  5.15979309638867600D-02  1.20122660722409300D-01 -1.27525023118968000D-02 -1.09676025820464600D-03  4.28659646873576600D-06
48  1  3.73285077346161500D-02 -1.99801397177604700D-02 -1.49324615656162600D+00  2.27446238372325400D-01  8.65336535573233400D-02
48  2 -4.40234538772117500D-05  1.06054407952248200D+00  8.97710987224501400D-01  3.46045325006096500D-05  2.45174618815585800D-02
48  3 -1.36790934586271700D-02 -1.08383684229311000D-02  9.21638839198456900D-03 -1.12033614459111300D-05  1.12478839752742400D-05
48  4  3.73287965831212600D-02 -2.00080165607891300D-02 -1.49346025748322900D+00 -3.87776995636634100D-02  2.40216665516042100D-01
48  5  3.42613259717394300D-05  2.47167363109626100D-01  1.36727153706781800D+00 -2.87301363748091800D-04 -1.10364628862951600D-02
48  6  2.18797856260420600D-02 -1.08433227397469100D-02 -1.44994745373357600D-02 -7.82782454872202100D-06  1.84753248801266900D-05
48  7 -1.62768098158707700D-02  1.01471658389088700D-01  1.69840076162518200D+00 -1.18687546068928800D-01  1.20851648412921500D-01
48  8 -9.09085975303834800D-05 -4.25513823688403000D-01  1.67751059942120300D+00  4.29374906589326200D-04  3.06910374596898600D-02
48  9 -1.39523919942271900D-02 -1.67386454654625400D-02  1.82022994801537400D-02  3.32340227075996000D-05 -3.18629388637874900D-05
48 10  1.86094268482808600D-02  1.84237027384967800D-02 -8.73711645197178700D-02  1.21554923761573800D-01 -2.06969139122523400D-03
48 11 -6.55290597604736300D-05 -2.71598371568531200D-01 -5.28733440709042300D-01 -1.00178793252242500D-04 -2.25765766484007500D-02
48 12  3.12292689939178600D-02 -8.65269234551669500D-03  2.52922361394820500D-02  1.02138246721202100D-05 -9.89336717429302000D-06
48 13  1.86100083087925400D-02  1.84257505687234500D-02 -8.72725948135332100D-02 -6.25730093954706100D-02  1.04221840788331300D-01
48 14  3.52870527236759200D-05 -3.21947228088440000D-01 -4.99750061734028600D-01 -1.39394736736295700D-04 -1.19653037038228900D-03
48 15  9.85188609737376400D-03 -8.65535572699123300D-03  3.95497895407611000D-02  3.72017043766660500D-06  1.13463691283444900D-05
48 16 -1.62717316805478100D-02  1.01475045066925600D-01  1.69851939344811200D+00  1.64000213675777800D-01 -4.23551245105851000D-02
48 17  2.47874214465050000D-04  1.66539178538910400D+00  4.70439265110122800D-01 -6.74083394747193500D-05 -1.64336037079570700D-02
48 18  3.31733731074921900D-02 -1.67397693995351300D-02 -1.32331303027993800D-02  2.02497434772896300D-05 -1.22525995404681700D-05
48 19 -8.83329098916813600D-04 -2.28949850785693000D-02 -1.13592058897389000D-01 -5.61482246650717300D-01 -1.19078726119470800D-01
48 20  4.37596394866788000D-02 -1.33759266904461200D-06 -3.27767719133691300D-01  1.00543065422796200D-01  2.36928095707840100D-05
48 21  2.55251207907758600D-01  6.34801354014279100D-02  3.97689075422842500D-05  6.70675030232558800D-03 -5.65057821198301400D-03
48 22 -1.05617209034254900D-03 -9.09693321447943400D-03 -6.28840474875323200D-07 -3.36066372019145800D-07  2.62853532319095200D-02
48 23 -1.16615912404070100D-02 -1.46237619915021200D-02  3.00634002437082000D-02 -3.02381953816248300D-06 -4.53159996658697800D-06
48 24 -8.83880839525635200D-04 -2.28839896743026100D-02 -1.13583569346939900D-01 -5.61490963742791300D-01  9.74445933972126900D-02
48 25 -8.12145529504111600D-02  1.85465499271402300D-05  2.50967686716561900D-01 -2.33534138497859300D-01  1.16896871338988400D-04
48 26 -7.26904829625464300D-02  2.52821196456492100D-01 -1.02475596755004300D-04  4.26148498648820400D-03 -3.20570088957409300D-03
48 27 -1.05578409691422300D-03 -1.07267982944731100D-02  3.02794298632924400D-06  1.42587208064223700D-06 -2.47206534024770600D-02
48 28  3.93471537845849600D-02 -1.46265003821078800D-02 -3.94588560783773800D-03 -2.90010446758404300D-05 -2.44841777745291800D-05
48 29  1.67014794847688700D-02  8.68926263991420400D-01  9.08308560827532500D-03  1.61518090079909700D-02  1.13108883188637700D-05
48 30  9.13667819896840600D-02 -3.48531142915600700D-01 -2.43869503816878600D-02 -1.60041612500159000D-02 -9.00262033080579100D-06
48 31  9.13833789771268800D-02 -3.48530343376073700D-01 -1.66453084597905500D-03 -2.91244270340122900D-02  7.20835500061090800D-06
48 32  1.67246865325438600D-02  8.68827237677063300D-01  9.43999836002903400D-03  1.59440004718470300D-02  3.81404364683508000D-06
49  1  2.03856161268192600D-02 -1.19590577267215100D-01 -1.72282651260974500D+00 -3.29873792711430200D-01  1.49519034026994100D-01
49  2  6.07419315561173100D-06 -9.62509797390122800D-01  8.03924882453975500D-01 -3.67873054550857500D-05  4.53874787186198000D-02
49  3 -2.33860623577588600D-02 -2.20014163608607600D-02 -3.61531800739489600D-02  7.01936313587630100D-07  2.04751717679290200D-06
49  4 -2.03831891177148000D-02  1.19630574118017200D-01  1.72331211778956600D+00 -2.94416520936342400D-01  2.10901919928164200D-01
49  5 -1.09319426412657200D-05 -1.17704500386496000D+00  4.31699361696075600D-01 -4.43684718080255800D-05 -2.09419620314701100D-02
49  6 -1.06224904055044200D-03  2.20042110720204700D-02  5.24450603679982900D-02  3.45556356625328700D-07  2.85509678379541900D-06
49  7 -1.46694795777245500D-02 -1.14793828848479000D-02  9.31940044659122400D-01 -5.80735443291611000D-02 -7.23866500184557300D-02
49  8  3.83398055784337900D-05  1.01380423510822500D-01 -8.15063258147206800D-01  5.17250952074648600D-05  2.40120865883966700D-02
49  9 -1.72223816690908300D-02 -6.78970491930554500D-03 -7.52920043900382300D-02  2.15435361445871600D-07 -3.51769880613605200D-06
49 10 -2.29845433029475500D-02 -1.37282202750875100D-02  1.08053352913850600D+00 -1.61519791275309800D-01  3.64062045402536500D-02
49 11 -3.21907458281652500D-06 -1.82608581462251500D+00  5.51905995354865000D-01 -5.02941007046919300D-05  8.99394558179515200D-05
49 12  1.89894771518486200D-02 -1.90794166076676700D-02  7.56874384641227400D-03  2.36595447373924300D-06  5.80158562251360800D-07
49 13  2.30057123100639000D-02  1.37730603022369300D-02 -1.08107126508681700D+00 -1.12292217242058000D-01  1.21685277879861900D-01
49 14 -6.47930382384428800D-06 -1.39111329490540100D+00  1.30503440696917700D+00 -2.96373864894318000D-05 -8.60453059815413100D-03
49 15 -1.04878017198614300D-02  1.90923323180158600D-02 -1.32600759316564300D-02 -3.05142375930129200D-06  2.03913134029486000D-06
49 16  1.46770540038698200D-02  1.15204931191904500D-02 -9.31613522813357700D-01  3.36583266457732600D-02  8.64347043240957900D-02
49 17  1.14328664429784800D-05  7.56747101453114600D-01  3.19338952960289600D-01  7.00998151992354500D-05 -4.95907703185241900D-02
49 18  4.27954513212067400D-02  6.79531899731623200D-03  5.82765743706790500D-02 -6.50815094986091800D-06  9.20769820802289500D-07
49 19  2.88793045303868600D-04  7.84471390499039000D-04 -2.61378202062587200D-02 -2.79937653684407900D-01  1.29636538330837500D-01
49 20 -1.40041325358793700D-02 -1.76618080772317400D-07  2.33398830115784100D-01 -4.32556351107856800D-02  2.23790865577773500D-05
49 21  1.18710944750297500D-01  1.25332976383058800D-01 -1.61976259967383500D-05  3.83415675305437100D-03 -2.26833367885991600D-03
49 22 -1.56582307419436800D-03  1.11820059083451500D-02 -1.58856806640569500D-07  7.18047879042770700D-07  7.98714165167174100D-03
49 23  1.74046008266703000D-02 -2.53917424783419900D-02  2.52364100453035000D-02 -1.91689505420700000D-06 -7.64779518406286300D-06
49 24 -2.77696102268717500D-04 -7.99313770558055000D-04  2.58184653687375000D-02  2.79614506929141500D-01  7.70175745507396800D-02
49 25 -1.05242717453817400D-01  7.21348564927570200D-06  1.54352520342209500D-01 -1.80414864447902600D-01  2.70823708778710400D-05
49 26 -4.91337691821780400D-02 -1.65412118732769900D-01 -7.89008195701038300D-06  9.12880616058455200D-03 -1.06960450369813900D-02
49 27  1.56723887639718000D-03 -2.53968249192799900D-03  7.97371462319670600D-07  2.08971017966964300D-07  3.87642869630977500D-03
49 28 -2.92610433875458000D-02  2.53846146912361200D-02 -1.73225577476204300D-02 -3.06222714237146000D-06 -2.74671397852224600D-06
49 29  2.00139008001742700D-01 -5.61241550140930500D-01  2.91071903834640700D-02 -2.20627272550204100D-02  3.27239943424007200D-06
49 30  7.78595854299854700D-02  1.69876485155318100D-01 -8.00630116162710800D-03 -1.35747517429696300D-02  7.90540686340068600D-08
49 31 -7.79592738227845400D-02 -1.69839608860118100D-01  7.76648620883516600D-03  1.37284753883413000D-02 -2.75558317723201300D-07
49 32 -2.00223883295656200D-01  5.61653026286424200D-01  3.36761504199164100D-02 -1.41787803128029900D-02  2.11637869219675700D-06
50  1 -3.41093487694686700D-03  1.09084198496405200D-01  1.71868568790387600D+00 -8.70448927768349800D-02  4.40670619896738200D-02
50  2 -2.30607368069622500D-05 -4.40436674700345000D-01  1.06171683570325500D+00  1.25669797808187500D-04  3.02451623796943500D-02
50  3 -4.00655004826345100D-02  9.82033810294145700D-03  9.04977779806651000D-04 -9.13431990520198300D-06 -1.04059715236410300D-06
50  4 -3.40217086902828200D-03  1.09026404103834800D-01  1.71799151762995200D+00  8.17952378900655100D-02 -5.34390452848973300D-02
50  5  2.73412377898206700D-05  1.14005691515080400D+00  1.49305953734456700D-01 -1.20448845662800300D-05 -2.31550252645783500D-02
50  6  1.33441767674694300D-02  9.81084849710810000D-03 -3.47289538661937600D-02 -5.79059832181347700D-06  2.85801839033725900D-06
50  7  1.84163117432104700D-02  7.13195676946138000D-02  5.65450537580379900D-01 -8.81519148686734800D-02 -3.16835258663933200D-02
50  8 -1.15223620015697100D-04 -1.26121930683658700D+00 -7.14683237685321400D-01  3.34320861067853900D-05 -3.67057280501322700D-02
50  9  1.81550328662600600D-02  1.85506951838711000D-02  7.85728835661420000D-02  1.02382701761836500D-05 -4.17894653100094800D-06
50 10  4.97428944808756800D-02  1.03944326628656600D-01 -1.55206537905298800D+00 -1.34251361111070300D-02  3.49579262746375600D-02
50 11 -2.28307063669025000D-05 -7.98907535284023800D-01 -2.59866524277734500D-01  6.46257333769954000D-05  5.18590500202736900D-02
50 12 -9.68743054740111900D-02  4.50152554537372200D-02 -1.00548305491998400D-02 -4.79798170692957900D-06 -4.44678103568658200D-06
50 13  4.97364343965371300D-02  1.03948421691050000D-01 -1.55165563189260200D+00  3.70206714373759300D-02  5.81717057146140200D-03
50 14  3.06136048776806000D-05  1.75103381573086600D-01 -8.22327629477561000D-01  4.05718858256471700D-05 -5.21327429182375400D-02
50 15  7.12515575088457600D-03  4.50075871673542800D-02 -7.93983502558733600D-02  6.53729643717421900D-06 -2.17107594438539100D-07
50 16  1.84121368609819800D-02  7.13079866616933700D-02  5.65907641400502300D-01  1.66202594598460600D-02 -9.22220161724006500D-02
50 17  5.16755502060025900D-05  1.15720748556475500D-02 -1.44971273000790300D+00 -1.98878109567270800D-04 -5.44845275750511500D-02
50 18  3.59389439837968900D-02  1.85455835912553200D-02  6.66841926889885200D-02  2.08231185398363200D-05 -6.47150501397902400D-06
50 19  2.89719866934784300D-02 -2.66395555917710300D-02 -7.83416537432711200D-01 -6.38920004360631900D-01 -5.70901365306643200D-04
50 20  1.47560906016272600D-01 -9.68163973686564600D-06  5.39821246266963200D-02  4.48265414247570900D-01 -5.22915048175233800D-05
50 21  1.68892654158668600D-02  1.34951192611352500D-01  4.18243594146003500D-05  7.48991013816551100D-04 -4.17412163058104100D-03
50 22  3.42513061676439100D-03  1.71155473329801900D-04  9.87041823007777300D-08 -1.17595018802941700D-06  1.15677998239831600D-02
50 23  1.64386849108020300D-04 -1.17321866730916700D-02  2.27475873102959400D-03  4.42456500781039000D-06  1.88397751526988000D-05
50 24  2.89688544442281000D-02 -2.66392310595722800D-02 -7.83397410244824500D-01 -6.38925654590301500D-01  1.28037593237279700D-01
50 25  7.33406550527427900D-02  4.36720022751742800D-07  3.61102647971955000D-01  2.70980914241634600D-01 -1.31434971977750900D-05
50 26  1.08403925143909900D-01  8.21684846452805100D-02 -1.65236127326798200D-05 -3.07532613492827400D-03 -3.49681248505489300D-04
50 27  3.42500738343373800D-03 -2.37608692345521700D-03 -2.75560749410527500D-07  2.81076758117413600D-07  1.30757955644685200D-03
50 28  1.04324736494932100D-02 -1.17400532059400800D-02 -4.55674338595955900D-03 -3.19507019121580300D-07  1.92118563767636600D-06
50 29 -2.08532054478060800D-01  7.47665618600887000D-01 -3.07450263153189000D-02  1.92438896790445300D-02 -1.95752856107568800D-06
50 30 -2.88061583248770000D-01  1.73739383223542600D-01  8.73204773983437200D-04  4.95388816935907500D-02 -3.32315518143211100D-06
50 31 -2.88037360225609100D-01  1.73857243323081300D-01  4.24612932716765400D-02  2.55254355943981200D-02  4.02494772551927100D-06
50 32 -2.08449321484657200D-01  7.47467457121869100D-01  3.20273681806807500D-02 -1.69943883122271200D-02 -5.27611148700239100D-06
51  1  3.93377329244827200D-03 -1.83004584695693100D-01 -1.84876661202846900D+00  2.21259018748960100D-02  2.04346002022915600D-02
51  2  6.05914062069480700D-06 -3.48419093761250000D-01 -8.41558709590763400D-01 -7.69086627322430600D-05  1.97513200336684000D-02
51  3  8.00430823520576300D-03 -2.77556282688741400D-02  1.55581818884245600D-02  8.60218639533517800D-06  5.83066677444852500D-07
51  4 -3.93253524068023100D-03  1.83005676546565700D-01  1.84881682068229200D+00 -6.64360284511726300D-03 -2.93722541521341000D-02
51  5 -2.64067037021754800D-05  5.54588632419466700D-01  7.22600190659743000D-01  1.68755462026355400D-04  7.28438543157025300D-04
51  6 -2.84807070683823400D-02  2.77522685252251400D-02 -1.90224389222122100D-03  4.48855008180086600D-06 -1.22223985951224100D-05
51  7  4.58329460176707600D-02 -9.90680441489612300D-02 -2.29265455788934400D+00  4.40317373943550600D-02 -1.48108692778119900D-01
51  8  1.06893030329606800D-04  1.85599933988422200D+00  3.77015557585640800D-01 -2.19537454420642300D-04  5.68787298245827100D-03
51  9  2.91431424382563100D-02 -3.48310154207144300D-02  2.47314669403318800D-03 -1.92608393412806600D-05  1.51758692013904300D-05
51 10 -3.31979571494389800D-02  1.30302281746164200D-01  3.00792289910709300D+00  1.18374675988761800D-01  8.15718470665191000D-02
51 11  3.96411194531306600D-05  8.31675359384141900D-01  2.18253338812316000D+00  6.80795874109796300D-08  4.85611274080226200D-02
51 12 -3.66794927162615000D-02 -1.18816346917603200D-02 -1.52925079461563000D-02  4.38480370034115000D-06  9.60381194893794100D-06
51 13  3.31913283704473500D-02 -1.30313868347705900D-01 -3.00812011806255700D+00 -1.14421251636781700D-02 -1.43303692804398700D-01
51 14 -5.49046510485224800D-05 -1.47412024407067700D+00 -1.81173683048010200D+00  6.49113071130481800D-05  3.88609644396746200D-03
51 15 -1.57759857556552100D-02  1.18898893116876500D-02  5.02631821291775700D-02 -4.36953824044629900D-06 -1.07805920815804200D-05
51 16 -4.58372206482945800D-02  9.90716235950111800D-02  2.29283741504977900D+00  1.50288199218417900D-01  3.59560412733203900D-02
51 17 -1.36163692845917900D-04  6.01728051046095400D-01 -1.79592499655425800D+00  1.41348109280801300D-04 -2.14275077037691100D-02
51 18 -1.34078970368345500D-02  3.48354047406031700D-02 -1.29618218195443100D-02 -1.51777188789122300D-05  9.24856694425327200D-06
51 19 -1.32158342889689500D-02  5.06189164505691900D-02  5.99034225875309100D-01  1.47601652545412600D+00 -5.56061904419347500D-02
51 20 -1.66313822385956600D-01  5.82049383610914700D-06 -1.76871569589647400D-02 -5.29015239759225700D-01  9.15519749256670100D-06
51 21  1.75098228188735900D-01 -4.73560685811666600D-01 -3.27659012446690400D-05 -3.86247773193100100D-04  1.78828788045424200D-03
51 22 -1.40204010725920100D-03 -3.29979049926016700D-03  3.20023926814060300D-07  9.98363482854402100D-07 -2.76882115951547000D-02
51 23  3.71323234462398800D-02 -9.44411185108375200D-03 -1.71608334106745000D-02 -1.89159512456107300D-06 -5.27249306425457600D-06
51 24  1.32212903488542800D-02 -5.06145209895228200D-02 -5.99080242055755700D-01 -1.47604003695637200D+00  1.16208294299530500D-01
51 25  1.31311668981279900D-01 -8.18603366154312300D-06  4.49269796892721300D-01  2.79875431090385400D-01 -5.04921926938710200D-05
51 26  4.97658670461448300D-01  8.51924160526199700D-02  2.81433792179394200D-05 -3.71980215674583200D-03  2.31696807918729300D-03
51 27  1.40283407755846800D-03  5.60815836465140400D-04 -1.50615787874151600D-06 -8.69583742497625500D-07 -3.37904078107038900D-02
51 28  2.43463425714874300D-02  9.44406523921645700D-03 -2.38444256509956800D-02  2.09579746890555400D-05  1.67440316353629500D-05
51 29  1.14650135107977400D-01 -4.73260950066311700D-01  2.20496788475500400D-02 -1.66514316541581800D-03 -4.33868041126428600D-06
51 30 -1.24744188991269000D-01  1.07746417615794600D+00 -8.15705759772140100D-04  3.31690936862855800D-02  3.24030203472766500D-06
51 31  1.24717300857318600D-01 -1.07746058579786900D+00 -2.91283759847700300D-02 -1.58778593703431400D-02 -3.68953087631063300D-06
51 32 -1.14676371233355900D-01  4.73319086548514000D-01  1.24736968741321100D-02 -1.82619132274106800D-02 -1.10854816804950900D-07
52  1 -2.14243595878770500D-02 -1.27761620829493200D-01  1.40322866059668600D-01  2.02250796025762100D-01  8.14820646602553800D-02
52  2  1.53285183492381200D-04 -3.13597762513271500D-01 -1.02772821619706000D-01 -3.13117431500713100D-04  8.65213935902793100D-02
52  3 -3.33931584989576900D-02 -5.31282350913218100D-02  6.17469588647145800D-02  1.19011279389417600D-05 -4.35892484768220200D-06
52  4 -2.14169259625038200D-02 -1.27747308207987500D-01  1.39964666302717100D-01 -3.05826235844386600D-02  2.15886271322237600D-01
52  5  1.82414631508584900D-04  6.79644045423263000D-02 -3.22484122256880400D-01 -5.32562198808484200D-04 -4.97164643759008700D-02
52  6  1.02841147485444800D-01 -5.31246831095440500D-02 -2.90959610948970400D-02 -1.45474812835759000D-05  2.88002980539744600D-05
52  7 -4.06340866838490400D-02  3.73007631656948300D-02 -9.62574513543454600D-02  1.46326140366283700D-01  3.00162336993535800D-01
52  8  6.58194899833517300D-05 -4.59494092194410600D-01 -4.56508431815201800D-01  4.11932815727302700D-04 -6.18141945607903100D-02
52  9 -7.02892566624586200D-02  1.32103451223248300D-01 -2.42210253657889800D-02  1.81148141570665100D-05 -4.19607460737640100D-05
52 10 -8.52661551763132000D-02 -2.28923666053146000D-01 -8.36818720339791600D-03 -3.03407414078144700D-01 -1.04708718770596600D-01
52 11  1.68244169335029600D-04  2.90125944995710500D-01 -5.23572755817796100D-02 -3.09073622918198300D-04  1.13750171605656600D-02
52 12 -3.53627103580184100D-02  2.39876931974525200D-02  9.43488534206059400D-03 -1.81604560116422300D-06 -2.58810078954885500D-06
52 13 -8.52887833121646300D-02 -2.28921390509146500D-01 -7.90441020500766200D-03  6.10998389398090700D-02 -3.15169257442761300D-01
52 14  2.85598129048666600D-04 -1.90110802278008500D-01  2.25365733149841100D-01 -3.98242825749802600D-04 -3.07719614211245300D-02
52 15  6.75789337736457500D-03  2.40140680437599700D-02 -1.86530040865473800D-02  7.52983259041920600D-06  2.36409007199995000D-05
52 16 -4.06421951056507900D-02  3.72505816427123000D-02 -9.69255644425769100D-02  1.86755234228402800D-01  2.76900736757442900D-01
52 17  3.16951546089817900D-04 -1.65964380601789400D-01 -6.26220119797218000D-01  4.68170666219442400D-05 -5.00156005971588600D-02
52 18 -8.21058970517813800D-02  1.32121497648940500D-01 -1.63506224495658400D-02 -8.16555982462520000D-06 -2.87417784038759600D-05
52 19  1.44649833469400900D-03  2.05756461514053000D-02  6.91854739713971100D-02  1.23260461303633000D-01 -1.04476385999941000D-01
52 20 -4.25523811068896800D-02 -3.65503662319126800D-05  1.59163959733378100D-02 -8.74892155286512200D-02  1.22807601203648300D-04
52 21  4.67989059435298900D-02 -7.23714259165064900D-03  1.11920506289251400D-04 -3.72749585782432400D-03  3.01462271902359000D-03
52 22  7.12873138800622200D-04  1.38825035093420700D-03 -1.46973598395273900D-06  2.70262699171485200D-06  2.77323075095101400D-02
52 23  2.52752380259602600D-02 -5.30075455354703600D-02 -1.40602669625249200D-01  9.69900248074499000D-07 -1.01419913350789900D-04
52 24  1.45046489887046400D-03  2.05774000073174800D-02  6.90815341606689800D-02  1.23237597285654200D-01  1.53995346680974400D-02
52 25 -1.11752787635663300D-01 -2.70229724200450100D-05 -8.36917751860750700D-02 -3.00032668807474700D-02  1.70214241676390800D-04
52 26 -2.96944280658626600D-02  3.69366212108809700D-02  5.04136835615259800D-05  2.86075668987034800D-04 -1.00048748158629600D-03
52 27  7.14411812599177000D-04  4.06416600042478200D-03  5.28274487633301100D-06  1.90623499534278100D-06  1.31347157618061000D-01
52 28 -7.83323706150685400D-02 -5.30147870029924100D-02 -7.14909466871464900D-02 -1.10724944762803000D-04 -7.29227981407693100D-05
52 29 -2.84559277768891800D-01  2.37773228499251000D-01 -5.07718200886857800D-02  2.28012913443885800D-02  2.23129896847542400D-05
52 30 -4.34287601140369700D-02 -9.25182760356457900D-02  2.11667314016768600D-02  9.37093672246173300D-03  5.69108379017253800D-06
52 31 -4.35147546797440800D-02 -9.23242939064111000D-02 -2.45528371058063600D-03  2.30239992629357600D-02  1.05127846356570900D-05
52 32 -2.84580768357376100D-01  2.37614622542694300D-01  4.51401101450772900D-02 -3.25647428406797600D-02  1.72691889282109600D-05
53  1 -2.50976340835534400D-05 -9.55187842260664700D-05 -1.76319471255206500D-04  1.75382749813348900D-04  1.24201869750244200D-04
53  2 -2.35996601620993100D-01 -5.31710923078750700D-05  1.76216461982868800D-04  3.63177915254229000D-01  5.30663296173561400D-05
53  3 -4.64362777951911800D-05 -6.63005182216494000D-06  3.10401616126545300D-05 -6.74383433686598400D-03  2.30541467244674100D-02
53  4 -3.85867295458213400D-05 -1.22300912735158300D-04  1.83408063762177700D-04  3.59984201392207300D-05  1.90170869897092500D-04
53  5 -2.35978810384900000D-01 -1.73176997031054400D-04 -5.30401262249705500D-04  3.63044574722880700D-01 -4.25111507277066400D-05
53  6  5.66388269074928100D-05 -1.41276761797863900D-05 -3.71095424950998200D-05  2.33336557292996100D-02  5.69959121467965800D-03
53  7 -5.04579583989238700D-05 -3.20585453342513100D-05 -6.60224119249670400D-05  9.35239626482689100D-05  1.69685708423380000D-04
53  8 -3.78808831022457500D-01 -3.19022949283592000D-04 -4.21437360826563200D-04  1.21379146369337200D-01 -2.81394103907559100D-05
53  9 -6.56334313168188800D-05  9.37728417075745700D-05 -7.03710046135299300D-06  3.88066325218251500D-02  2.71260498444631100D-02
53 10 -8.27766666922290200D-05 -2.01690436883202200D-04  1.37547514857654900D-04 -1.67027866770400000D-04 -8.27606928453487300D-05
53 11 -5.03985729504802100D-01 -9.64600089844766400D-05  1.00233984048093700D-05  4.68436863932623800D-01 -2.16935988622521000D-05
53 12 -1.42581459692251100D-05  3.59517448314768300D-05  1.39447870126636200D-05 -4.60075230011195700D-03 -4.56230110264832900D-02
53 13 -6.86377452063946900D-05 -1.90441693337821100D-04 -6.03593506982673900D-05 -1.34527224880903500D-05 -1.03700061665907900D-04
53 14 -5.03970139224096800D-01 -3.16232659773971900D-04  1.14360663049719200D-04  4.68543812765656500D-01 -1.45352693934604100D-05
53 15 -5.84189474331284100D-06  2.03771641367735000D-05  1.75681645359813400D-06 -3.72034865639746900D-02 -2.67965785500001900D-02
53 16 -3.95551926846566700D-05 -4.28004128671198200D-06  1.75722612194340900D-04  7.36620842617236300D-05  1.60889416805043900D-04
53 17 -3.78735148968020400D-01  3.31571699767172400D-04 -1.81632402050141200D-04  1.21182037943684900D-01 -5.06497487069270000D-05
53 18 -3.07591659284560100D-05  8.14089146353828300D-05 -1.23485963984772100D-05  4.10294073445660300D-03  4.71740991648093400D-02
53 19 -2.24533854919217300D-06 -3.70402603961342300D-06  1.93614580624925800D-05 -1.33643877204981800D-04 -4.13235904835875300D-05
53 20  2.24501404674257200D-05  5.27725080378122100D-02 -3.47613536354452400D-05 -2.85549747883453500D-06 -9.87690228144217400D-02
53 21  1.41801053951673100D-04  6.62748699994752200D-05 -1.61511079781129300D-01 -2.79648041930041500D-06  3.98672416966687900D-06
53 22 -1.19024375036656200D-06  2.34840493414741100D-06  2.52521839174909800D-03 -3.39468012280315900D-03 -1.45858602842255400D-05
53 23  6.24632431175683100D-05 -4.78773828333426600D-05 -7.48333652726340200D-05 -3.55078276206831400D-02  1.23138847964239300D-01
53 24 -6.07918240173812200D-06  2.14359078719367300D-07  1.90543740851484900D-04  1.55010758620093000D-04  1.23876820057428100D-05
53 25 -3.11290203172453600D-05  5.27766549185636500D-02 -7.70610341194778600D-05 -4.03064730036571700D-05 -9.87318972229657100D-02
53 26 -7.03140167592639400D-05  8.43380143155411300D-05 -1.61538794208481100D-01  2.17609068733918300D-06  7.15308058772126000D-07
53 27 -2.89139874611130500D-06  6.01777514203724700D-06 -4.20186566921808100D-03  4.89295524485063900D-04  9.76844078661908100D-05
53 28 -6.09833299956329200D-05 -3.67010778705578300D-05 -5.76164806068838600D-07  1.24376954785172400D-01  3.08259343054248300D-02
53 29 -1.56881217912515800D-04  1.50093810108052700D-04 -2.66391048253541700D-05  1.64166253011951400D-05 -1.97605347217585000D-02
53 30 -2.23161330430635600D-05 -1.03050560549252800D-04  4.78496121524538700D-06  5.25704451238069800D-06 -1.43645908683427600D-02
53 31  8.91826554734608000D-06 -1.77615766363033500D-04 -6.62832032132404000D-06  3.68039449747407200D-06 -1.43566687881019900D-02
53 32 -1.62026035303977600D-04  3.59559561162795600D-04  3.52764003164483700D-05 -1.60240550433852600D-05 -1.97629766830230700D-02
54  1 -4.19800804039973500D-02 -8.77396457472851600D-02  1.39675186447880800D+00 -5.98959093287807400D-02  4.24893165920576700D-02
54  2 -3.57493716005405500D-05 -2.05082667453105500D+00 -1.85049299582734200D+00  1.25518353478695500D-04  5.61797878397454200D-02
54  3 -2.63401673150166400D-02 -2.98396205247291400D-02 -1.98628029788888300D-03 -1.02822371538352900D-05 -2.88268327567216100D-06
54  4  4.19880585819598600D-02  8.77710462922661900D-02 -1.39682259960219700D+00 -6.67422961393251300D-02  3.05717642246612100D-02
54  5 -4.38824325020282200D-08  5.76877466992555800D-01  2.70149188151858500D+00 -8.39449273480984400D-05  4.22847455963236700D-03
54  6 -3.40803260936511500D-02  2.98518515340195500D-02  4.22655125233183200D-02  7.09726846504335200D-07  1.37504161636552300D-05
54  7  3.93615333210249800D-02  1.46280306105828100D-01  2.15423206309484500D+00 -2.06294600296495100D-01 -1.46606297603641000D-01
54  8 -1.72134759965581900D-04 -1.61953838022087900D-01  2.36904082298431600D+00  2.14442007708225400D-04  1.96762405508641200D-02
54  9  6.35465898694644600D-02 -8.32228304203286400D-02 -9.84906794014328600D-03  2.57106220976088200D-05 -8.87642091838178800D-06
54 10  7.37005452651938500D-02 -3.01097548557404300D-02 -1.38072142881902000D+00  3.84538970196911900D-01  1.46831144901111400D-02
54 11 -1.14811099372883600D-04  7.62005275137803400D-01 -1.52568941878603000D+00  9.77478850636144000D-05  6.49626121391524100D-02
54 12  5.44615812359490300D-02 -1.19424193375100200D-01 -3.24904950501618800D-02 -1.26976942737806300D-05 -1.62468974168051700D-05
54 13 -7.36992736902680700D-02  3.01285658735528900D-02  1.38072495033761600D+00  1.79525073597579400D-01 -3.40254112441080600D-01
54 14  2.79617258934980100D-05  1.70237443325980400D+00  1.03010388394231200D-01 -3.21429749203444800D-05 -8.14662195804641800D-02
54 15 -3.79755996922287700D-02  1.19441819272691800D-01  2.14910243863641400D-02  1.68099054488190300D-06  1.48800915774956300D-05
54 16 -3.93634054756026400D-02 -1.46318470005934100D-01 -2.15410954005169600D+00  2.37468926126562900D-02  2.51911018226994400D-01
54 17  1.04613638580880700D-04 -2.13244709783763600D+00 -1.04435818422997600D+00 -1.65574288341098300D-04 -5.99592315653464000D-02
54 18 -2.32322439061982700D-02  8.31914754715457500D-02 -1.70050141795966900D-02  1.81363632209362200D-05 -9.79775114735271000D-06
54 19 -1.90605380282058500D-02 -2.47297222212956100D-03  6.00026792510299800D-01  4.38148428947801900D-01 -3.08159557715593400D-03
54 20 -2.01417846084562700D-02  8.83127295262144000D-07  2.46175718422435600D-01 -1.40701823449354700D-01 -2.21999700982117500D-05
54 21 -1.86678954855976100D-01 -1.07891812922934500D-01  1.48670269476775500D-05 -1.98200701735238900D-03  9.56898572865201800D-03
54 22 -7.58697871130018500D-03  2.73326874862816700D-03 -1.90662976180283200D-07 -1.35715813047986200D-06 -1.16578364821500100D-02
54 23 -1.09450300567390800D-02  2.26028665388882000D-02 -6.43575739313221600D-02  2.41952771856663400D-06  2.71903831771663900D-05
54 24  1.90613093018247900D-02  2.47586297455535600D-03 -6.00039355272342600D-01 -4.38211189676404400D-01  1.58921745814679500D-02
54 25  1.27721835765994100D-02  5.05078235252159500D-06  2.44969569070605600D-01 -1.42814206277448600D-01  1.33530012363141200D-05
54 26  9.15346342739033200D-05  2.15623332061983200D-01 -4.34318634851321800D-05 -4.63023668676664600D-03 -2.95690518692129000D-03
54 27  7.58714187368747000D-03 -7.14362398519248100D-03  6.70994575597144200D-07  1.00109287067906000D-06 -3.71831939997087000D-02
54 28  5.97800824852117700D-02 -2.25968884855031700D-02  3.18263119986379900D-02 -5.16542651835385200D-06 -1.35403213491571000D-05
54 29  9.55610598708739200D-02  6.24170417518933200D-01  2.23454650458616700D-02 -1.02562260829733000D-02  1.41031017723505300D-06
54 30  3.30870325322430400D-01 -7.28953861481250700D-01  1.07832711827559900D-02 -7.52997280910880200D-02 -2.27235907318885200D-06
54 31 -3.30919477155930200D-01  7.29014936636448000D-01  7.06131011303229600D-02  2.83188033285790300D-02 -1.83167438537347200D-07
54 32 -9.55023040132238200D-02 -6.24203882424702400D-01  2.00488752591048300D-02 -1.42090655549965600D-02 -3.60292440574224400D-06
55  1  5.34971555134159000D-02  5.97217530399301500D-02 -7.75270558069845800D-01  1.38919004493543800D-01 -1.43141131726940100D-01
55  2  1.96034478969355800D-05  5.43015512539871800D-02 -2.30433121475688400D-01 -9.36853865381467000D-05 -2.82964212656099400D-03
55  3  3.55041296890710900D-02 -3.26744875625111200D-02 -5.85293506584213000D-02  8.64377646512783100D-06  3.57791360108619900D-06
55  4  5.34918934537218700D-02  5.97096903279624200D-02 -7.75099600349939200D-01 -1.93464024740631400D-01  4.87441738004480700D-02
55  5  8.43209053720058800D-06 -2.27165184036676900D-01 -6.84649632194326400D-02  6.35968258981580800D-05  6.98129960158953600D-02
55  6 -3.71295294697305000D-02 -3.26834665461644500D-02 -1.00848181091915500D-02 -2.72536122150016300D-06 -1.26873845239984000D-05
55  7 -6.69291006527605500D-02 -2.03500268215754100D-01 -4.00642511037401100D-01  1.14666771255429700D-01  2.34563010837813300D-03
55  8  1.39075670160630900D-04  8.30657940136377900D-01  5.65233328425409000D-01 -1.78100637722754700D-04 -2.74800458309680100D-02
55  9  1.82449300272408700D-03  2.56555528282442000D-02  5.51856361843238400D-02 -2.06702196583240600D-05  6.44883106675205800D-06
55 10 -1.54519707610986000D-01 -2.49243380193149500D-01  1.10102722043471000D+00  2.68144939870567100D-01 -2.15502327093227900D-01
55 11  9.50378047774355500D-05  2.67493572440073400D-01  4.53705274130037900D-01 -9.03510003965499400D-05 -6.78290776460399100D-03
55 12 -1.59176243113982500D-01  1.65959150878587100D-01  1.05334682105073300D-02  1.50129762213682400D-05  1.32592538962962000D-05
55 13 -1.54504356964382900D-01 -2.49229761114747700D-01  1.10080212099693100D+00 -3.20744754683566000D-01  1.24469797075786000D-01
55 14 -4.87559639734010800D-05  2.59316985298036400D-01  4.57904914613463500D-01  5.90388451065663900D-05 -1.28953870687293100D-01
55 15 -3.69916453001878300D-02  1.65945515987480700D-01 -7.09596387065330300D-02 -1.66440542335445600D-06 -1.61444197707260300D-05
55 16 -6.69284778674222900D-02 -2.03486128033201300D-01 -3.99988912350420900D-01 -5.53784165146383000D-02  1.00395729867442400D-01
55 17 -1.01546052391466300D-04  7.42920870103783400D-02  1.00163071036354500D+00  1.44433528614818700D-04 -4.68960230940272000D-02
55 18  2.12544667801673100D-02  2.56415563138587900D-02  4.22544481928554300D-02 -1.47042626797080700D-05  1.20924377281390900D-05
55 19 -6.95313737692676000D-03  2.91646933557481400D-02  3.06003983659516300D-01  2.64720447151150800D-02  3.50745152508917300D-02
55 20 -7.17094556748854700D-02 -3.74127753709595200D-06  3.76032189475351900D-02 -1.80389783624681200D-01  1.44905000287537300D-05
55 21  1.11846279474900100D-01  3.07402438127686700D-02 -1.87558965981434700D-05 -9.33427715393055700D-04 -3.91354968162400200D-03
55 22  4.84697739701750000D-03  1.11733784546292800D-03  2.08891759864367100D-07  1.22377949988320300D-06  1.11780003621763800D-01
55 23 -3.79242873769109600D-02 -7.38557162448523600D-02  7.87152353680327900D-03 -4.39707298171589900D-06 -2.09746913591066700D-05
55 24 -6.95798309000803100D-03  2.91587110297955200D-02  3.06192309678681800D-01  2.66797874998672400D-02 -7.96337811117790500D-02
55 25 -5.48585299525669800D-03 -5.63810908429205500D-06 -1.75062483659977000D-01 -5.76720572114343500D-02 -1.24538313831651700D-05
55 26 -2.93673666000987500D-02  1.12216617104459800D-01  3.84760237454410700D-05 -4.00446552180468600D-03 -8.41204992810400400D-04
55 27  4.84567051461526400D-03 -9.31663060084194600D-04 -6.26855563064570100D-07 -8.24306576963739800D-07 -6.37801435897891600D-03
55 28  8.02312174770004900D-02 -7.38532031180215000D-02 -7.09405489498173700D-02  4.22526014681154400D-06  1.16810158015987000D-05
55 29 -1.17184837652830000D-01 -9.58677899499660500D-02  2.72860562190298800D-03  4.54581258709971200D-02 -1.17086157179280200D-06
55 30 -4.16673890594376000D-01  4.66124262635858500D-01  6.94674649727185000D-03  1.07557901362385000D-01  3.78572352526468300D-07
55 31 -4.16661504671664000D-01  4.66117384438998900D-01  8.96683987040765300D-02  5.98010275309665400D-02  4.12842930711453800D-07
55 32 -1.17183797579213600D-01 -9.56648093017771300D-02  3.80036938067722200D-02  2.50926495325995800D-02  2.10353754123771600D-06
56  1  1.61127454350679900D-02  2.65711232934697100D-02 -8.94950248001293200D-01  5.03840714964896600D-01 -2.36936267030232300D-02
56  2 -1.01388360513479300D-04  1.53201185370555800D+00  1.02589545164242000D-01  2.08159550932013200D-04 -3.83768147257145600D-02
56  3  1.24783608732807600D-02  2.58984538524348300D-02  5.31310114759809400D-02 -3.16027806470545000D-06  4.54623170399051200D-06
56  4 -1.60931606538230900D-02 -2.65521962878500600D-02  8.94748166507010800D-01  2.72426004697672000D-01 -4.24503571293418400D-01
56  5 -1.09947136180368000D-04  6.77284804158407600D-01 -1.37790508866932500D+00  2.91725000559892500D-04  4.01176261790030700D-02
56  6 -1.42092314549133400D-02 -2.59083947240901100D-02 -5.19750711112038600D-02  3.93116649790229400D-06 -1.69633834964882400D-05
56  7  2.94110405042932200D-02  4.40869760801350200D-02  1.81818097299870800D+00 -1.12385192200263000D-01 -2.05937797965904700D-01
56  8  1.57192803862636300D-04 -1.97974982313599500D+00 -2.71709851344870200D+00 -3.27101991485658300D-04  2.40139755779438700D-02
56  9  4.84310931061841700D-02 -7.24450686841268700D-02  3.68377611225808500D-02 -3.57655447926638200D-05  5.23984503910217700D-06
56 10  4.24140241580549900D-02  7.90757593286542000D-02 -6.18886058627051700D-01 -2.47726129514982300D-02  5.47159810881041300D-02
56 11  8.39726968946318100D-05 -4.32170614200434100D+00 -1.70688070511577200D-01 -2.46272799253089200D-05  1.44533232269205100D-02
56 12  5.07792557854841400D-03 -1.95312488054701700D-02 -3.93918801518954100D-02  1.53342304556199700D-05  3.07159563509710500D-05
56 13 -4.24215988652336100D-02 -7.90760950173399300D-02  6.19431439711691900D-01 -5.98058267960778100D-02 -5.89611396922713700D-03
56 14 -1.84185876668689100D-05 -2.01342203716627900D+00  3.82815476553329500D+00  9.00698442175672800D-05 -3.69899953454719400D-02
56 15  1.74487700481768200D-02  1.95412252972954900D-02  2.43592932441596600D-02  1.56315746178365600D-05  5.53527133916226000D-06
56 16 -2.94093847798208200D-02 -4.40927344027744700D-02 -1.81855722343465900D+00  1.22120783877921800D-01  2.00295557106717500D-01
56 17  1.79316216655972200D-05  1.36293759252288400D+00  3.07365326899538100D+00 -1.47420335897032000D-04 -1.46888541606986800D-02
56 18 -5.77542907746616400D-02  7.24431449353582500D-02 -3.06097133688428200D-02  6.48577528200838800D-06 -9.99034785743936400D-06
56 19 -6.56310890203440400D-03 -3.27269785563388900D-03  1.56941114342584900D-01 -2.83448720191181300D-01 -6.98480168235878900D-02
56 20 -1.28486700098442500D-03  1.66360234199487300D-05 -2.25893695960069900D-01 -2.43560489350203900D-02 -4.91628350943552000D-05
56 21  3.68225931086981800D-01  2.57261554142918900D-01 -5.80801669783529600D-05  8.31958203896372400D-04  2.60704207560438800D-04
56 22 -1.09266241145802100D-03 -9.24814079468588700D-03 -1.42913123440360800D-06 -1.61069484893261600D-06  3.74137812393141500D-02
56 23 -1.13324401586172900D-02 -2.60813410806979300D-02 -1.05175317651329100D-01  4.55874443850161500D-05  5.43118758408531100D-05
56 24  6.56380476707664600D-03  3.29571643462709900D-03 -1.56898109054350200D-01  2.83427489632807800D-01 -3.38387748087190800D-02
56 25  6.11349836167023500D-02  1.03400608984309400D-05 -9.18968583455300300D-02  2.07799561204284700D-01 -6.25046588689039400D-05
56 26 -3.86306064675290900D-02 -4.47513914458089500D-01 -2.86895755436072900D-05 -7.34237430187640400D-03  6.24785419358393200D-03
56 27  1.09452010829343000D-03  4.90593085472821800D-03 -1.23755376232588200D-06 -2.89430375327201200D-06 -7.97774995394008600D-02
56 28  5.36982074319461900D-02  2.60792921074547100D-02  7.69085146482933200D-02  3.65911852139889900D-05  8.24620543673930400D-05
56 29  1.01437172971854500D-01 -1.00788680806626900D-01  5.32484484476039400D-03 -2.69913841479155500D-02 -6.20933391962240400D-06
56 30  4.70146423983195900D-02 -1.29211108799381900D-02 -8.35160339812440300D-04 -1.08316651182869200D-02 -3.69947567700869400D-06
56 31 -4.70717033163186700D-02  1.30414869809607100D-02  8.97561753731279500D-03  6.14841443292798700D-03 -3.03284949515888900D-06
56 32 -1.01465868429164000D-01  1.00743767941800600D-01  2.60411743660700500D-02  8.88999617474647700D-03 -5.28689369249568900D-06
57  1  2.07140538487091800D-04  2.21646641835124300D-04 -4.81145277374303500D-04 -7.46039718512796200D-05 -9.00767954775445700D-04
57  2  4.46638809568326700D-01  1.45290134079923300D-03 -6.49054147972285900D-04 -9.41748652297542600D-01 -1.15246098307725100D-04
57  3  3.25753392577060200D-04 -2.10507294269336000D-04 -1.95638801611431100D-05  2.60969192326828900D-02 -8.54455995197223700D-03
57  4  1.98307061944613900D-04  2.46579295234624800D-04 -9.69748723217344100D-04 -5.14098444957197800D-04 -5.62437716045433400D-04
57  5  4.46642925724047800D-01  1.63791141186884700D-03  6.85151060554662000D-04 -9.41735394788951100D-01  2.37009643790973600D-04
57  6 -6.75285484888926300D-05 -1.69481095302080500D-04  1.54362806078230700D-04 -2.04473584307085400D-02  1.83346368710421600D-02
57  7  1.69497141703272900D-04  4.42736177383430200D-04  8.85441089909337600D-04 -2.44431033431183300D-04 -1.89093242641165100D-04
57  8 -2.86894431051280000D-01 -3.10697884210388400D-04  2.02776192154949500D-05  7.46383351954049900D-01 -7.67906727448933500D-05
57  9  1.69901112936580400D-04 -9.31104401916859800D-05 -4.13965285167452900D-05  8.26524648812418900D-02  1.34416770905563200D-03
57 10  2.60198464863972000D-04  5.93753213885576600D-04 -2.45118913375065300D-04 -3.07047441229135200D-04  1.00708555812202800D-04
57 11 -6.76715731362664300D-02 -9.53950017622086300D-04 -8.18232666607371300D-05 -1.09487911514348900D-01  2.54947643166661700D-04
57 12 -1.01239772188136900D-04 -1.53707870978523900D-04  2.16972192771476400D-05 -2.67682832730800300D-02 -8.22570517103706500D-02
57 13  2.21430624555992700D-04  5.31306365959368300D-04  1.73807158539661500D-03  1.65590631978496100D-04 -1.85718190778008400D-04
57 14 -6.75220913136772700D-02 -6.27088262228391300D-04  3.18798341325443300D-03 -1.09814493623986500D-01 -3.87516957892825100D-05
57 15  2.18714036376586300D-04 -1.79962340587304600D-04 -1.13840742169327800D-04 -5.78454437307055300D-02 -6.42836313847681600D-02
57 16  2.07875755619241300D-04  4.31995227203475200D-04 -2.53600926698921600D-03  2.54979860536016600D-04 -2.64945365386676400D-04
57 17 -2.86734122693740800D-01 -4.82588789906317400D-04  3.29079085117557300D-03  7.46317313612665100D-01  2.21181035902956800D-04
57 18 -1.18025599154215900D-04 -1.03155436748741700D-04  1.66898148391608900D-05 -4.01633565465709700D-02  7.22142954564238700D-02
57 19  2.19948138461529600D-05  1.46804162502569800D-04  1.71623809991720800D-04  7.05219291125792300D-04 -6.11160931026448200D-05
57 20 -3.48647061952297200D-04 -3.66077759142116000D-02 -7.86776806563862400D-05 -2.74420780890330100D-04  2.00653372386108900D-01
57 21 -1.22923156328628700D-04 -2.71379172008964300D-04  2.08967217411741000D-01  2.00662657497306900D-05 -4.23538319264467400D-05
57 22  2.22875661767159700D-05 -8.17347054632269500D-06  6.60263943202838000D-03  5.83845262084126600D-03  4.44469695931151300D-04
57 23 -5.71934157962997000D-04  1.27464462031845000D-04  2.31722745383829300D-05 -1.86949964229755500D-01 -2.48934885542411700D-01
57 24  4.42900862331033400D-05  1.19698417202401500D-04 -6.91146710969410300D-04 -4.95089770877357900D-04 -2.00026693935454300D-04
57 25 -1.51301157302368600D-04 -3.66123190183078500D-02  4.29963836170740100D-06  1.67930947076491000D-04  2.00625709267798200D-01
57 26  1.81853090245662500D-04 -2.57376935330233800D-04  2.08948107018229300D-01 -2.55764596276466700D-05  7.21473024183232900D-07
57 27  2.48549866034643700D-05 -3.23077796193613400D-05  1.75446913795300100D-03  8.63892577188755100D-03 -2.88665545827285500D-04
57 28  1.89906175165430400D-04  9.87593706618553300D-05 -4.17600624845208200D-04 -1.22083985739966300D-01 -2.86403851917346700D-01
57 29 -1.85499678316970200D-04  4.90906751201288700D-05 -3.07437077289972500D-05  3.20839042625028200D-07  1.94876092073616000D-02
57 30 -1.42606486839434900D-04  6.29821819565720900D-04  3.95423626984241900D-06  4.82230821132263600D-05  1.56316868159641100D-02
57 31 -1.19445819839293500D-04  8.76788428348578900D-04  2.46544400767766700D-05  3.46209365199524600D-05  1.56269788006207600D-02
57 32 -1.55330443815935700D-05 -1.21836792998640300D-03 -6.00014727941900800D-05  1.92766403222364300D-05  1.94896994803606800D-02
58  1 -1.40349339653552400D-02  2.37010122579730100D-02 -1.21681239091033800D+00  1.87305690882643000D-01  2.23050057812761200D-01
58  2  1.93449010855950900D-04 -9.18270566254570900D-01  3.19619030113840600D+00 -3.47809665984649000D-04 -2.98144920433833600D-02
58  3 -5.44664420443093200D-02  8.42809340876923800D-02 -3.83483252351415100D-02  5.17938770652111200D-06 -7.88356375723868900D-06
58  4  1.37468808291138600D-02 -2.39731085482918800D-02  1.21795220796424500D+00 -9.84547335866204800D-02 -2.73144576269109400D-01
58  5  1.83414570673176500D-04 -3.22728072915204000D+00 -8.04025160834603300D-01 -3.76341410225756100D-04  1.91817277224738100D-02
58  6  6.47920891898438200D-02 -8.39738169123184100D-02  3.12432432923558200D-02 -9.73644896195085800D-06  3.70674174227612600D-06
58  7  9.57117630226417400D-02  4.79406371524953100D-02 -3.49074718153646000D+00 -1.74655012393050100D-01  2.24476874577473900D-01
58  8 -1.23660177312338400D-04  3.05624071469332400D+00 -4.17945630015096900D-01  2.76312159572273700D-04  6.98015648220955800D-02
58  9  1.05439980532338500D-02 -8.03455628753306800D-02 -1.15179047049527500D-01  3.47696938367656800D-05  3.69578683778243000D-06
58 10 -1.57311559997259200D-02  1.33983666469818900D-02  2.26687240635799000D+00  9.86749769586477100D-02  1.95773343074815400D-02
58 11 -3.21729498685224800D-05  2.23424827797124100D+00  1.41280051981719300D+00 -1.12547447534957600D-05 -1.35433513779138800D-02
58 12  5.63990710406755200D-02 -4.28557196627629100D-02  3.18890046091246500D-02 -1.38654867196163700D-05 -3.31951455058337300D-05
58 13  1.53852816366918100D-02 -1.41763793926961100D-02 -2.26857599520348100D+00  3.20460362352231800D-02 -9.48185784117925000D-02
58 14  5.60916326785806000D-06 -1.05787762678422800D-01 -2.64338409776406900D+00 -5.47383899150739700D-05 -1.49042935255219100D-02
58 15 -2.82213820331387400D-02  4.31256755586613100D-02 -5.06906821315760900D-02 -2.05991743975077500D-05 -1.97737861479626900D-05
58 16 -9.59857679486444300D-02 -4.86588269638090000D-02  3.49257046910649700D+00 -2.81937155382783100D-01  3.94213872966813900D-02
58 17 -6.98662803965204900D-05  1.89049959601066500D+00 -2.44021171549223400D+00  2.13808099224295500D-04 -1.11988497441233200D-01
58 18  3.15840192669554100D-02  8.04044781742776200D-02  8.71227849900052300D-02 -8.42993853622547000D-06  2.50630134376884000D-05
58 19  2.73499067305698000D-02 -3.09358485365748900D-02 -1.02335210075882200D+00 -1.75368367624547200D+00 -2.15984063095039600D-02
58 20  1.44970962162740500D-01 -1.79837848203677000D-05  9.19796209700618300D-02  4.53730863979086100D-01  6.27115967790171800D-05
58 21  4.03048615936131100D-02  6.01137457033515200D-01  1.02043383578993600D-04 -1.41055792878610300D-03 -9.40346130248791100D-04
58 22  2.35090405903656100D-03 -9.52541603112318300D-04  2.58643975807400900D-06  1.66341883778927200D-06 -6.39296447953684500D-02
58 23  1.14396784980692500D-01 -5.04671401853219800D-02 -7.20588992079244800D-02 -7.08261419699568300D-05 -9.53258709102764700D-05
58 24 -2.74016740529709200D-02  3.07308865159538300D-02  1.02362449376454200D+00  1.75357597104753600D+00 -1.35948294440085900D-01
58 25 -5.35174883707907800D-02 -1.51262287741206500D-05 -3.46720824983084700D-01 -3.06495406946170400D-01  7.26099977065528500D-05
58 26 -5.00311817776635900D-01 -3.35370388688546100D-01  8.53696869998985500D-05  3.81968008743566000D-04  2.00396468655181400D-03
58 27 -2.38593269529575300D-03  2.89206070551241200D-04  6.17927481673733700D-07  3.52114455814699900D-06 -1.23427430051662100D-01
58 28  7.31099347241543200D-02  5.03174953275077500D-02 -5.24318745173133900D-02 -5.03961864504922700D-05 -1.15367211835285300D-04
58 29  2.99685293681929400D-01 -1.72830385837163100D+00  9.89350671234357900D-02 -7.14648902795020400D-02  7.28045812458008800D-06
58 30  2.56296301732992400D-02  3.62815911567375500D-01  1.92628651165956000D-02 -1.96506257709510400D-02  6.95232404463885200D-06
58 31 -2.54331730683849200D-02 -3.63916222328996500D-01  2.65997498559907800D-02 -6.89579458616622400D-03  6.55006316741552100D-06
58 32 -2.99325113590541800D-01  1.72895729067041400D+00  1.11361035613533200D-01 -4.99178706020429700D-02  6.07445152271026200D-06
59  1 -9.34176237844437500D-02 -8.65545577095807300D-02  4.03158531609217000D-01  2.54484478953219000D-03  3.83698925597225200D-01
59  2  9.97430427102718500D-04 -2.18294102658166400D-01 -2.23499054718957900D-01 -1.98208456445886300D-03  4.58489289285475000D-02
59  3 -1.44303924471309000D-01  9.84549955427622700D-02  2.42814963538784300D-02  3.84404430667908300D-05 -3.16801873183018300D-05
59  4 -9.34606781939280700D-02 -8.64845522578152300D-02  3.99603418859051300D-01  3.31312613093882000D-01  1.94856398600343000D-01
59  5  1.01867562188241700D-03 -7.43574260643931300D-02 -2.98570297938983000D-01 -1.87330293626557600D-03 -1.15017910829093400D-01
59  6  1.63088797969105900D-02  9.87090310321827300D-02 -8.30514174047410600D-02 -5.37241737817613900D-05 -6.28491310219944300D-06
59  7 -9.11765301746481500D-02 -2.39478687863583300D-01  5.05217906756863500D-01  1.54170586765844400D-01  2.30861530554591000D-02
59  8 -3.86831635936305500D-04 -7.15974864544917500D-01 -3.91095645935803500D-01  1.13015413014376100D-03  4.18984077778469900D-02
59  9 -6.14077353803114600D-02  1.95093276024642600D-02  5.41556463098342100D-02  1.32932634001056200D-04  3.10413811381554400D-05
59 10 -1.17469899764715100D-01 -2.61133315550741400D-01 -4.68759315831773600D-01  1.86876679186438400D-01 -3.45894303393597300D-02
59 11  7.08776387247361400D-05 -6.19615208949398000D-01 -2.10510460512263200D-01 -3.17540299250042300D-04 -1.35469855339623800D-01
59 12  4.18566766849432500D-02  9.36131786546802300D-02 -3.45085871784916700D-02 -4.10784009091576200D-05 -1.42745355027964000D-04
59 13 -1.17521022321091000D-01 -2.61106929117591000D-01 -4.61959152562268500D-01 -1.23490852200541600D-01  1.44834381447046700D-01
59 14 -1.17851414129100000D-04  1.27431992633762300D-01 -6.33310086680204700D-01 -7.77579700931308700D-05  2.34354549155021800D-02
59 15 -1.16918647805977500D-01  9.34831928904757100D-02  7.15952758415581400D-02 -1.06788692294333900D-04 -1.52757250874795500D-04
59 16 -9.08930639912947800D-02 -2.39344032545490700D-01  4.94473942121241900D-01 -5.62208592600273100D-02  1.44936677316218000D-01
59 17 -6.24269863927624100D-04  1.38214264434195900D-02 -8.07752955002401700D-01  1.42252081349427000D-03 -7.58528083367299400D-02
59 18  5.65832665947088100D-02  1.92695417420213000D-02 -2.48693953227303800D-02 -6.89858438783877300D-05  1.63284890942044200D-04
59 19 -1.57202106732604400D-02 -6.80899874801477900D-02  8.62686019779981700D-02 -3.48236506213214400D-02  1.78079962430242800D-02
59 20  1.57204251015235000D-01 -8.18669195462363100D-05 -7.83203834168310700D-03  6.52062670293092200D-02  3.70183737202679100D-04
59 21  3.17164324977834700D-02  5.19998111205550000D-02  4.76995919403168600D-04 -9.40111987882168000D-03  2.05578720891284700D-02
59 22 -1.11567522103072300D-02  1.17468709793469900D-03  1.48640563754177700D-05  1.18238624794114500D-05 -2.08212032012192800D-01
59 23  2.58559936260437700D-01 -5.03479042482452600D-02  4.32316635542304800D-03 -4.02546672662896600D-04 -5.34313653744734300D-04
59 24 -1.56351442125904900D-02 -6.81800260791432100D-02  8.31034348553967200D-02 -4.01989627475691000D-02  1.27638289629672800D-01
59 25  9.42109810683801100D-02 -9.57388934462721200D-05  6.14383059489896900D-02  2.68051722250936500D-02  3.42139802725066100D-04
59 26  3.07145015448554500D-02  5.44610564936546600D-02  5.42863595706959700D-04  1.21815640575793500D-02 -1.03291740991417900D-03
59 27 -1.11486466476654600D-02  1.55672612846010500D-02  1.87017149154152000D-06  1.74165564904104900D-05  1.38944538874346600D-01
59 28 -8.84524120534065000D-02 -5.04921268209402200D-02  2.35734631262492700D-01 -2.43491086377845400D-04 -5.88036440619520200D-04
59 29  1.15193704616709800D-01  1.97165478711038000D-01  6.84635501375829400D-03  2.72572185979208900D-03  3.40186101125537100D-05
59 30  5.20268048655852300D-02 -3.44754950953816100D-01 -2.77827993885774800D-03 -1.75626523465132200D-02  3.50291942514922200D-05
59 31  5.21233477988931300D-02 -3.43752165086489500D-01 -1.39085526273937600D-02 -1.11717385954867600D-02  3.94388980672724100D-05
59 32  1.16102509636817400D-01  1.91868372542590600D-01 -1.40637199105189800D-03  7.44925367555764700D-03  3.65368921198418800D-05
60  1  8.19745319551712400D-06  2.81160705732683200D-07 -7.72622771263087900D-05  1.98768331336271900D-05 -2.23725375941658800D-05
60  2  2.62629207126389300D-01 -7.63236629347607600D-05 -8.84102583739958800D-05 -2.98611056625813700D-01  2.30915591133559300D-06
60  3  6.11984349261757800D-06 -8.42899940395334400D-06 -5.70997263769545300D-06  6.67623771238122200D-03 -5.75458918945008400D-02
60  4  5.33641849428448300D-06  1.82197337957215800D-06 -1.15333976575826600D-04 -2.71037195211170400D-05  3.53057702352249300D-05
60  5  2.62692935941206500D-01  1.61844643537459900D-05 -3.54451388779576300D-06 -2.98696855352797400D-01  8.76630538118484000D-06
60  6 -6.02459650864111100D-06 -2.74170887254368100D-06  9.38809460166066400D-07 -5.31839216598846600D-02 -2.30153823811454900D-02
60  7  2.58938606710317200D-06  2.33138617063759200D-05 -5.77764561607644900D-05 -1.84001694955474800D-05 -2.52427404530675000D-05
60  8  4.47773627217783900D-01  7.55610857206369300D-05  1.53880238380997700D-04 -6.54545138022337500D-01 -1.30511119554491000D-05
60  9 -4.20856156682188500D-06  1.72596735222711100D-05 -2.96291512946411300D-06  4.58070667177224700D-02  3.44597200268778100D-02
60 10  9.07836589756556300D-06  1.10624226553731300D-05  9.32329231590173700D-05 -3.94625767254849400D-05  8.32635256912655200D-06
60 11 -4.42005237486144500D-01  1.13675534321607300D-04 -2.80177583902005400D-05  6.23865078654293500D-01  1.91427960554503000D-05
60 12 -3.09045169001400400D-06 -1.60523443654362500D-05  8.26391350782831200D-06  9.40427500775006000D-02 -6.58705640828620800D-02
60 13  1.25626183883465000D-05  2.36066790482147300D-05  1.22937684122484200D-04  3.15104875944933200D-05 -2.34627401500577600D-05
60 14 -4.42254853717272200D-01 -3.79409000455755200D-05  6.84066099321977200D-05  6.24301255800150900D-01 -1.95318928435741400D-06
60 15  1.84873040083589600D-05 -1.65341147240016400D-05 -4.40292066475624300D-06 -1.04071727972539900D-01  4.84530249088681900D-02
60 16  1.09315609816617200D-05  3.35758015322647000D-05 -1.63887545358506800D-04 -4.47682914154441500D-06 -2.30325586661344200D-05
60 17  4.47597337673267000D-01 -1.12819476126617800D-05  1.10482213665658200D-04 -6.54447973559878400D-01 -1.62996009562426800D-06
60 18 -9.05951861172139200D-06  1.06894787073456200D-05  3.91565615260243800D-07  6.91534775421343600D-03  5.69451839419187900D-02
60 19 -4.13061025154731800D-07  7.95065157927415300D-06  5.28710133828036800D-05  4.87885496560457300D-05  1.35662028957682000D-05
60 20 -1.17456625816675400D-05 -1.94142795326191500D-02  1.17782752551042600D-05 -2.74843814752940300D-05  6.03817704500316000D-02
60 21  3.11575323294303700D-05 -2.80416747934284700D-05  1.84712486003567900D-01  6.01872638560793100D-07 -1.06176232722822200D-06
60 22  4.59889688667479600D-07  1.33610214194408400D-06 -6.24363310982497000D-03  7.42023803919897000D-04  9.74473978883061300D-06
60 23 -1.01579251340684000D-05  4.13185345237833300D-07 -1.88686655563931700D-06  1.48244088278741100D-01 -8.40508816140816800D-02
60 24  5.10473611486440600D-07  7.70934791927918400D-06  2.01033021787564500D-05 -2.22705600494315500D-05 -2.01555298091022500D-05
60 25  1.12498082670810400D-06 -1.94141908725574900D-02 -1.85092448330675000D-05 -7.45086837482254700D-06  6.03999632737596900D-02
60 26 -1.77315535422949100D-05  4.07126373554256000D-05  1.84790034910792500D-01 -8.51445562531628100D-07  7.09963694451881200D-07
60 27  1.41481868079782100D-07  6.88815858941703800D-08  3.76438003357615700D-03 -5.03692651532522100D-03  1.67959246328070500D-06
60 28 -5.70289485237830600D-07 -1.10930297804289600D-06 -1.05766507374856100D-05 -1.46928159612929200D-01  8.63578262653052500D-02
60 29 -5.25461170132048900D-05  6.58189641668309700D-05 -8.55557857853756800D-06  5.93559372119095200D-06  1.32493401219335000D-02
60 30  9.65741300035004500D-06 -6.53687746200032800D-06 -3.09333086858038800D-06 -3.58087410665603700D-06  9.66542645505636400D-03
60 31  1.05440875528805000D-05  4.96721599229135100D-06 -2.69211752981883100D-06 -4.05164562444979600D-06  9.67747620410286400D-03
60 32 -4.24026870929730400D-05  1.20863253805968500D-05  6.41161485036193800D-06 -3.25331776448668000D-06  1.32469609141510900D-02
61  1  5.46770409058286400D-03 -1.99096738537756500D-02  7.63126022652012700D-01 -2.71635322861637000D-01 -5.62875686388380100D-02
61  2 -5.44063639475327000D-05  4.10840635301805300D-01  5.62974646548822700D-01 -1.24332411607845500D-04 -1.74123295627709500D-02
61  3  6.74542561108955700D-02 -5.00419265481236600D-02  8.33650386130008100D-02  4.69356290453380900D-05 -1.73601196714422900D-06
61  4  5.46725839556117200D-03 -1.99126009755170000D-02  7.63164559942164400D-01  8.71031180610394300D-02 -2.63389206256663300D-01
61  5 -2.78696761918992800D-04  2.81674303059525900D-01  6.37297531669526200D-01  4.49762873699821300D-04 -1.63056056819024500D-02
61  6  6.63467859099952700D-02 -5.00411802280929400D-02  8.40978633682674300D-02  1.22663750091405700D-05  7.24803262659583400D-05
61  7  3.32228318779354500D-02  1.50574301021039100D-02  4.37100133144646100D-01  4.68129245869713600D-02  3.54632252744136600D-01
61  8 -3.61871112877563300D-05 -3.44124179914581500D-01 -7.91490896156293400D-01 -6.94673496285502500D-05  7.96842152196653300D-02
61  9  4.10284699764718500D-02 -1.20712685196137900D-01 -5.00553683643377600D-02  5.03874284473189900D-05 -2.85432004322139100D-05
61 10 -6.76667950015123100D-02 -9.39373256986700700D-02 -4.66091480056428500D-01  1.28909473292250900D-01 -1.24320741156218000D-01
61 11 -5.03381621742970200D-04 -3.41328800219925500D-01  3.02354018938289200D-01  7.35869901593304700D-04 -7.56754303200504900D-02
61 12 -4.77867119539269000D-03  8.04541015154435100D-02 -2.46183695620321300D-02 -1.91945071344956600D-05 -2.32524462976358100D-05
61 13 -6.76642292693522300D-02 -9.39320051919045200D-02 -4.66214045175150700D-01 -1.72126806751487200D-01  4.94601946812834100D-02
61 14  2.70647713758809400D-04  4.32490280947750400D-01 -1.44376060221934800D-01 -6.62784708329049100D-04 -4.04227977456612400D-03
61 15 -7.64082469417430300D-02  8.04505267163094200D-02  2.31526922528647500D-02 -2.91292188646742300D-05  9.58954427308266700D-05
61 16  3.32207467728880200D-02  1.50556643501603000D-02  4.37183215902839900D-01  2.83699947018971100D-01  2.17876811660776400D-01
61 17  2.40357343119623800D-04 -5.13264436016420200D-01 -6.93892696747954800D-01  4.39984153993981800D-05  8.82446506601477800D-02
61 18  3.24713543906535000D-02 -1.20716005050800600D-01 -4.43485830223520100D-02 -2.62032915056941900D-05 -8.48013438040548000D-05
61 19  1.04218781786379700D-02 -1.39383714037875900D-02 -4.61325537457619300D-01 -1.00058576660373400D-01 -1.15391880772786600D-01
61 20 -1.79557379719426600D-02 -7.16510385200936000D-06 -1.15324088467365700D-01  2.03425861619806300D-01  6.60296740847248300D-05
61 21 -2.43576090023995300D-01  4.21466119954677500D-02 -5.47291104517952300D-06  4.83657686653605900D-03 -9.37570042014090700D-03
61 22  4.53912355360463700D-03 -7.48205584312656900D-03 -7.61117431695115300D-06  1.67072984406621100D-06  6.74108973502348200D-02
61 23 -1.39045880821024600D-01  7.16349834707894500D-02 -2.00982502978074700D-02  1.90369767294793100D-04  1.50335096872018400D-05
61 24  1.04165931578274800D-02 -1.39359962368099600D-02 -4.61191129165126500D-01 -9.98337399415803000D-02  4.21645431822298100D-02
61 25 -1.08913979348955900D-01  3.05778264660849200D-06  2.33792447110207600D-01  1.80607761558953200D-03 -1.45387202000924500D-05
61 26  1.58239877455827200D-01 -1.89900567437661000D-01 -2.10468911666215800D-04 -2.07913137843750900D-04 -4.33058183551389000D-03
61 27  4.53849497335744500D-03 -1.08458492289025200D-02  3.63804014361831400D-06 -5.70920791682367900D-06 -7.23392128962151700D-02
61 28  7.12749310228764400D-04  7.16264635859865500D-02 -1.13265151777031100D-01 -2.08816506396735400D-05  1.57333363400042800D-04
61 29  3.97050329696831400D-01 -5.30008430787924900D-01  7.98255114111012200D-02 -5.50036416078972700D-02  2.66683579146061300D-06
61 30 -1.17582138577810600D-01  1.93452364536889900D-01  2.94815992504841400D-02  4.46904556631837200D-02  9.14787446927060000D-06
61 31 -1.17578818929350200D-01  1.93444108094276100D-01  2.39571299686493900D-02  4.78800918486850300D-02 -2.38441743330965000D-05
61 32  3.97045105783068600D-01 -5.29969869254695500D-01 -8.75520744563401700D-02  4.16217369771564600D-02  1.99005472417179800D-05
62  1  3.06345487735846600D-06  3.14941532731096800D-05 -7.74887855055731600D-04  1.49346336601814800D-04  6.52524106974969800D-05
62  2  3.86888653967933900D-02  5.89527202698658500D-04 -5.98402705871697300D-04 -2.88137220689543000D-01  2.55582693425522500D-05
62  3 -7.01791617355086900D-05  4.46208923929560400D-05 -2.07772587244606000D-05  1.91002806925470900D-02  2.08175721817388400D-03
62  4 -1.09249092981665900D-05  2.21074353171314100D-05 -5.73174840845931000D-04 -2.73063588960893400D-05  1.32487676946817800D-04
62  5 -3.87560228428819100D-02 -9.84197786302306000D-05 -1.36638433175877000D-03  2.88159516831413400D-01 -1.11859672905198500D-05
62  6 -1.50987744283653900D-05  2.62847417188853800D-05 -7.26381890436459100D-05  7.72348790837174100D-03 -1.75132757842683800D-02
62  7 -2.51568934800906600D-05 -6.58629907587517500D-05 -5.29496340853742400D-04 -1.31687650406133000D-05 -1.58084269789284200D-04
62  8  1.52303263765943300D-01  1.30031414703951500D-04 -3.83254216847478800D-04 -6.33307396829477800D-01 -1.94707324441110200D-05
62  9 -2.65809040720459300D-05  4.60516365161574600D-05  3.46157382751203500D-05  7.47714294183384900D-02  5.17692321880504600D-02
62 10  5.45707058612898300D-05  1.26968500020812700D-04  2.93500414246931200D-04 -1.39658821394399200D-05  5.15809559755522400D-05
62 11 -7.23039299238872300D-01 -4.62457793490098700D-04  4.37456704340155000D-05  1.46637617827714500D+00  3.11478781046874400D-05
62 12 -2.15532299189719000D-06 -2.89925551127906800D-05 -2.82910254631663200D-06 -5.46033104830780900D-02 -4.19271320288219000D-03
62 13  2.57047371034508200D-05  1.23563151724113900D-05  2.58859997303635600D-04  2.31016057053506500D-05  1.59443350430005000D-05
62 14  7.22862011417404800D-01 -5.99257225590542400D-04  4.37147174014833200D-04 -1.46625039826308200D+00  6.11659704951431700D-07
62 15  3.10551854345312500D-05 -3.16668451394827300D-05 -2.42184815982638200D-05 -2.37080314131998700D-02  4.94080263448364400D-02
62 16 -7.01901963545392000D-05 -1.29022215418293900D-04  1.39363741852844300D-04 -9.24184569663501600D-05 -1.74695076950166000D-04
62 17 -1.52118455981180700D-01  4.19995163453631400D-04  1.10978342479473700D-03  6.33189518777556100D-01 -2.94040020924103300D-05
62 18 -2.72072084782111500D-05  5.66112105706205900D-05  2.23042313340448400D-05 -7.46913297953464400D-03 -9.06730571347724600D-02
62 19 -1.95551835683450400D-05 -4.45982618006709700D-06  5.03692544386819600D-04  1.60152577577574000D-04  4.94051945772994300D-05
62 20  2.84285805733275100D-05  5.29938043854976300D-03  1.18098976847382500D-05 -2.41608117078180300D-04  4.18188363350265800D-02
62 21  5.30976853968258200D-05 -3.66361050265789200D-05 -1.72732169563266300D-02 -4.41654717857751000D-06  1.12603617086667100D-05
62 22 -6.84381453008925800D-06  5.94953263002022200D-06  1.07668364580657300D-03  2.44433921076252900D-03 -3.85180596460197000D-05
62 23  1.12601711977634300D-04 -7.40836523316143700D-05  4.82899525184664800D-05 -3.54807213341779000D-02 -4.20217855926819400D-02
62 24 -1.53971023803459900D-05  2.13943573794843800D-06  4.79975685765446500D-04  3.78485981727700200D-04 -7.15405093122321600D-06
62 25  9.32464568121825900D-05 -5.29383471204432200D-03 -3.15395145000724400D-04  5.24963301886494900D-05 -4.17919458082010700D-02
62 26 -1.90154199031217400D-04  7.91933373514094200D-05  1.72492258275318100D-02 -2.12465214726626500D-06  5.81867265579554000D-06
62 27 -3.69402050852906400D-06  1.09231199872412900D-05 -1.57439552029648500D-03 -2.16839614576126500D-03  1.19878160903699400D-04
62 28 -5.60404781097813500D-05 -6.38376827939180400D-05  1.04028951908510400D-04  1.84993428469281200D-02  5.19395721622639100D-02
62 29 -1.73928449026225000D-04  3.73389167749091700D-05 -2.26772175705950900D-05  2.39118040551005300D-05 -1.33998566588544200D-02
62 30 -2.02820465865341900D-05  1.58788058315390000D-05 -2.00099847244545100D-05 -6.08285065621127900D-06  2.43795026259569400D-02
62 31  3.78372027403587000D-05 -1.60352294109443000D-04  1.74230337633589300D-06 -1.72053741168451400D-05 -2.43791604701072300D-02
62 32 -1.89189645541272700D-04  2.05331735749656100D-05  1.26172148840928300D-05  2.01994911997021300D-06  1.34158294736178600D-02
63  1  1.65063603760265800D-05  5.37227222651809300D-05 -4.83953608876310000D-04  1.04397799530223800D-04  4.75800999082516400D-05
63  2  5.80066924868842600D-01  3.68831369050053800D-04 -7.20493611449135400D-04 -1.76539684698622000D+00  3.72435178450167500D-05
63  3 -5.32790318761143400D-05  1.60355140310972400D-05  1.39936979383854700D-05 -1.35554989127338500D-02 -5.97866901576841300D-02
63  4 -9.33591572286719500D-06  1.13161221104086200D-05 -2.02515873597176700D-04 -9.18294244324505000D-06  1.23096677711237700D-04
63  5 -5.80096681432634900D-01 -5.98501552746850400D-05 -1.25928824965348500D-03  1.76536893302877200D+00 -2.29517041272272000D-05
63  6  2.28218905266487500D-05  1.29813600578917800D-07 -4.47813967690433600D-05  4.49752368542489000D-02  4.16948934189905100D-02
63  7  2.53935945706516800D-06 -2.06801886758535200D-05 -7.10363859094738700D-04 -1.00229201627532200D-04 -4.48218204536380400D-07
63  8 -2.65057706288002900D-01  4.05940700261333400D-04 -6.67035441556202500D-04 -1.30481271080828100D-01  1.29180533251196400D-05
63  9 -3.56822005405063400D-05  2.27641472153871300D-05 -7.38595285437227600D-06  7.68453740147804800D-03  4.07001809980561100D-03
63 10  5.84774879542065000D-05  1.43784450674086900D-04  1.57325165358017200D-04 -9.06737176914121600D-07  1.81483264852723200D-05
63 11  1.05394446602810900D-02 -2.40461824146675400D-04  1.45467070176492800D-04  7.92050373105442900D-02  2.83631242188373100D-05
63 12 -9.90408783815908100D-06 -1.84590363806785600D-05  2.15636840172205300D-05 -5.44567263781242400D-02 -1.72144815101610600D-02
63 13  2.82797079017617500D-05  4.53341751820897000D-05  4.20617059019908500D-04 -4.36316047069279900D-05 -4.13597912545247600D-06
63 14 -1.06274967850845100D-02 -1.42949676186578400D-04  4.92312369172693600D-04 -7.91654746209047400D-02 -1.90298469309803500D-05
63 15  4.21956860463429800D-05 -2.31658391153628300D-05 -3.00943538565634600D-05 -1.23465799660704100D-02  5.57813591095117800D-02
63 16 -2.44593778587083400D-05 -5.11765126126906000D-05 -2.72114456827893400D-04  7.28887498386953800D-05 -1.45371286314218400D-04
63 17  2.65143629929815800D-01 -1.98735356107147400D-04  1.01278246281730100D-03  1.30478973024979900D-01 -1.67061247610567900D-06
63 18 -3.01162644998350200D-05  3.17868769759400100D-05 -3.64503484604724600D-06  2.89726778229624400D-04 -8.71256435338026200D-03
63 19 -1.65296089765668400D-05 -2.42242548625384300D-06  4.42235405351044800D-04  3.63497352067527800D-04  3.90242677967970400D-05
63 20  1.99279089642157600D-05  2.16033047553325700D-02  8.82952286190147500D-06 -2.18644461102093200D-04  2.67080994486722600D-01
63 21  4.73122762167428800D-05 -1.36709300729624200D-04  5.07678036774822500D-01 -3.10168168277327000D-06  8.77318433830640500D-06
63 22 -5.67150265553307800D-06  5.41530317309814000D-06 -2.33044779481212200D-03  4.66415985270841700D-03 -5.80436182433512500D-05
63 23  1.08537378810123700D-04 -5.04937605667725500D-05  1.16466548443083000D-05  1.46720929310228700D-01 -2.31449976083556000D-01
63 24 -1.02407814437398000D-05  3.54528637613098300D-06  3.40079556943030600D-04  3.33575143134685500D-04 -9.26185932497744300D-06
63 25  6.30993147109922200D-05 -2.16023713420895400D-02 -2.30338814786747900D-04  5.40820574609120100D-05 -2.67061746385663400D-01
63 26 -1.62164421409676200D-04  2.64208359510163800D-05 -5.07690962685329100D-01 -2.25846441176909900D-06  5.86347712401173800D-06
63 27 -3.60501271224243400D-06  8.97659343690378400D-06 -5.20098534205166400D-03 -3.23844930701459700D-04  1.17267441306926900D-04
63 28 -8.82965573110890000D-05 -2.89708839958379600D-05  7.45790771655151500D-05  2.73682983789372300D-01 -1.11732330892348500D-02
63 29 -5.12971274302618200D-05 -3.26476603591081000D-04  2.34932156024395100D-05 -2.67352888149875200D-06 -3.53052259889200500D-02
63 30 -4.62669886255941800D-05  1.06309839154766500D-04 -7.21232966652283200D-06  1.01070838528038400D-05  1.89327969692301600D-02
63 31 -2.72659898153724800D-05  1.09844300256829100D-04  2.07978786745276500D-05  5.33485215736974700D-06 -1.89301977930378800D-02
63 32 -7.29711325507509000D-05 -3.39366839359687700D-04 -2.30182276026635300D-05  2.36700951369206400D-05  3.53185135083801000D-02
64  1  4.75313009233793400D-02  5.07379512063996600D-02 -5.37770922414282500D-01 -6.59656508725713500D-03 -2.72170083309390700D-01
64  2 -3.13545152997561000D-05  6.39366056537803400D-01 -5.13680567443832200D-01  7.67740477751522200D-05 -3.68221369850082900D-02
64  3  3.12303512358433400D-02  5.59178574916538200D-03  8.82698821269334600D-03  2.65178414373857100D-06  2.34489154514765500D-06
64  4 -4.75485564240145900D-02 -5.07852889848426200D-02  5.37638156447462000D-01  2.32458230742728000D-01  1.41737012255209400D-01
64  5  2.50409221089418800D-05  7.64801643799783700D-01 -2.96224734586605300D-01 -7.33599915344439600D-05 -7.58261685649705900D-03
64  6  1.31464178643191000D-02 -5.56380100782231500D-03 -3.84339335941958300D-02 -1.17093665731076400D-06  8.11528331902974400D-07
64  7 -5.03614716521189800D-02 -1.39410586497299600D-01  7.80244928117016800D-01 -1.22705772295804700D-02  1.20838922581436000D-01
64  8  1.16016161491375600D-05 -8.23483189921465400D-01 -3.17996143786790900D-01  8.61409758713693500D-06  1.45791869441282900D-01
64  9 -1.07896729153556600D-01 -3.78951402877262000D-02 -4.33689697884349600D-02 -7.81005289870129600D-07 -1.14757149778695000D-06
64 10  2.45250369202270200D-02  1.39844552616755400D-02 -2.16707619267642200D+00 -1.32324215072773600D-01  5.27646104326510500D-01
64 11 -3.74511196448473300D-06  7.54203689504953200D-01 -2.47375159145914700D+00 -1.39276689314547300D-05 -1.65102829654150200D-01
64 12  1.15562775190349500D-01  4.95400544638008000D-02  1.02733006381750600D-01  3.02697475991174600D-06  1.72361069855191700D-06
64 13 -2.45297847939666100D-02 -1.40094081093852700D-02  2.16667604797362600D+00 -5.23080732749998300D-01 -1.49265833427754400D-01
64 14 -7.22710340998650700D-06  2.51920272628346400D+00  5.83623635667601600D-01  1.09165655321255400D-05  3.17281266427574500D-02
64 15  1.78037487637017400D-02 -4.95318754064597900D-02 -1.91688246663738300D-01 -4.45841851917917300D-07 -2.26399429891875300D-06
64 16  5.03472869285645600D-02  1.39398276663665100D-01 -7.79563203634854800D-01 -1.10947505284022700D-01 -4.96848131912591400D-02
64 17 -1.01544341948778100D-05 -1.35662256046487100D-01  8.71667631676837400D-01 -6.00599092017768800D-06  1.19017872866498400D-02
64 18 -4.97861110214241400D-02  3.78843237347749500D-02  1.48579676491908500D-01 -1.40310100910434400D-06 -1.21015645914547300D-08
64 19  2.99742741024556200D-03  6.47067215995436000D-02  3.35661521941145300D-01  5.58402933013005600D-01 -2.32500140425885800D-02
64 20 -1.17159738443112800D-01  2.56368486659487800D-06 -8.91897180756735200D-02 -2.96220180714393100D-01 -4.17176383799244700D-06
64 21  2.58133603440159000D-01 -9.46410252105364400D-02 -2.58663515339522100D-05  4.98066597083758400D-03 -9.87635308740358400D-03
64 22  4.89568711656531200D-03 -1.83379574436241500D-03 -1.03179867031638100D-07 -1.31192922985343100D-07  5.06829935083981900D-02
64 23 -5.36919956594650000D-02  3.00900215106607000D-03  3.12142755200383700D-02 -1.24944395324444800D-06  1.15030031000112100D-05
64 24 -2.98933399761954800D-03 -6.46978358124003200D-02 -3.35822047390913300D-01 -5.58658788435833500D-01  8.98392951174153000D-02
64 25  7.87010868596853700D-02  3.66252013094996100D-06  2.11999790382653400D-01  2.25368113438712200D-01  1.40509179025760700D-05
64 26  2.11176946236790400D-01 -1.76195276541864000D-01  2.07765750450893800D-05  4.78802027270887600D-03  1.06940089218412400D-04
64 27 -4.89496036192705400D-03  8.34206428075780200D-03  2.20439362774238200D-07 -1.96065468668587800D-07  5.09455106536891800D-02
64 28 -4.79491643345515600D-02 -2.99634631913760000D-03  3.65907181091448300D-02 -1.41657853903124500D-05  4.53328982310284200D-06
64 29  1.26932307664793200D-01 -2.15652513483794000D-01  5.04450848551712100D-02 -4.38364641333207100D-02  2.00186758586801800D-06
64 30  1.42616681011768100D-01 -1.48748605586527900D+00  1.01277630767937000D-02 -1.45155004277525400D-01 -3.59527624913791300D-07
64 31 -1.42552655041030800D-01  1.48728747991426700D+00  1.30751833309542200D-01  6.38071306925877700D-02  7.30665347050657000D-07
64 32 -1.26951808712791900D-01  2.16199954201776500D-01  6.32316359623870700D-02 -2.17945009476660500D-02 -1.41914088330049600D-06
65  1 -2.15323661951142100D-02 -7.87305279212321300D-02 -2.55099722340340200D-01 -2.10967308583756600D-01 -7.87815935943741700D-02
65  2  1.48592908319264500D-04  9.04960351123384000D-01  1.24905670901323700D+00 -6.62654735408654600D-04 -8.64568085579171100D-02
65  3  4.20840664793417600D-02  4.43727420785765300D-02 -7.67617878165288600D-02  5.55921413827057000D-05  1.77907408107249300D-07
65  4 -2.15175346212949000D-02 -7.87100155123018900D-02 -2.55282017648258600D-01  3.72211725543929500D-02 -2.22113764066696100D-01
65  5 -2.33492328760512000D-04  6.28598023407328200D-01  1.40843853245215800D+00  6.12432518804157000D-04  6.75134754407233100D-02
65  6 -1.11892849243699800D-01  4.43793738029759800D-02  2.59182169113269700D-02 -1.74586544246722100D-06  6.25872573429115200D-05
65  7 -7.74063074505518900D-02 -1.26549883979952400D-01  1.81830240283583100D+00  4.22193105181926300D-01 -2.99863778750571200D-01
65  8 -4.17613859580774600D-05 -1.89563341998978500D+00  1.13299537826264500D+00 -4.64700514307650400D-05 -4.12937054828840900D-02
65  9  6.96150371322052800D-02 -2.83213316493215300D-02  1.00588944941605100D-01  9.64606585082298400D-06 -3.52597300319876000D-05
65 10 -8.87363807402091600D-02 -2.24406605009247300D-01 -7.34782395058005600D-01  2.94743402961723500D-03  1.18085656241342200D-01
65 11 -9.54356217201678000D-05 -4.23368604669612200D-01 -8.45187500727735000D-01  1.64010829266160100D-04 -9.61410476207467000D-02
65 12  6.22356027573434900D-02  3.39054448634034600D-02 -9.96913604352902700D-02 -5.93913798259280800D-07 -9.72653454879381900D-06
65 13 -8.87326027074840800D-02 -2.24405924300530300D-01 -7.35602039006798900D-01  1.00991452124498900D-01  6.16573899252279500D-02
65 14  5.92976173619983800D-05 -5.21099692323817400D-01 -7.89521993096326500D-01 -2.61739530205969300D-04  9.73938629640884300D-02
65 15 -1.31316485813678400D-01  3.39226228495911400D-02  2.94384850496550300D-02 -2.33260034673259900D-05  2.81775961411476000D-05
65 16 -7.74232979292280900D-02 -1.26597667996971400D-01  1.81861601840371400D+00 -4.70775418140437600D-01  2.15663095279844300D-01
65 17  1.89247985881775500D-05  1.92919347857401000D+00 -1.07533040009093400D+00  3.10947747253704300D-04 -3.35685994453773000D-02
65 18  6.19119912406002900D-02 -2.83433917952220100D-02  1.05678091027678600D-01 -4.29596542633002300D-05 -3.15805462625341100D-05
65 19  9.88283646795379800D-03 -3.05442751176289100D-03 -4.14289816267890900D-01 -7.09583845130412500D-01 -7.86285564396907000D-02
65 20 -1.25898082680034600D-02  3.39349828095424000D-06 -1.02636828963362500D-01  1.77482482352140000D-01  1.28439930061694300D-04
65 21 -1.33157485794449500D-01  3.37061468959072600D-01  1.18750017075156100D-04  1.81922023203078500D-03 -7.97079938107237600D-03
65 22  6.15157914904134000D-03 -1.10377053960479300D-02 -5.94823844837763200D-06  3.97616564929585400D-06  1.87885565075098500D-01
65 23 -1.75086413543951500D-01 -1.27991515311473200D-02  1.25876762724916900D-01  1.74965268425612000D-04 -1.10520705895782300D-04
65 24  9.87933474340814600D-03 -3.03579177571081800D-03 -4.14100338125857800D-01 -7.09289025030415700D-01  2.83930554732654900D-02
65 25 -7.44093244225979700D-02 -2.24557661844147900D-05  2.04931263566139700D-01 -2.27692878568152400D-04 -6.79351674128077200D-05
65 26  3.58364584388157500D-01  5.32946208343876600D-02 -1.93243097994187200D-04  2.75735264865150700D-03 -8.90959754603711500D-03
65 27  6.15224489738529400D-03 -1.04141648779354200D-02  2.45218305703933800D-06 -4.66854869945558900D-06 -1.78733551704666000D-01
65 28  1.91548354751517700D-01 -1.28148030468518200D-02 -1.18581539784516300D-01  7.09889133351684700D-06  1.19117701781394400D-04
65 29 -8.94448303126346000D-02  1.28722531643645100D+00 -1.25091188680859500D-01  5.04139152768252900D-02 -8.79134448444930100D-07
65 30  1.26413969683462300D-01 -5.99049448525791500D-01 -1.17409070000283900D-02 -6.61933679321991000D-02  6.54046481407477800D-06
65 31  1.26469135741371400D-01 -5.99590680419308900D-01 -5.15010324879850900D-02 -4.32925771012072100D-02 -1.03313477559128700D-05
65 32 -8.93864983963072600D-02  1.28714383327808500D+00  1.06188218647940800D-01 -8.31025620634291800D-02  2.66034411424150600D-05
66  1  3.10669676765663200D-05  1.38819030715148900D-04 -6.82429693855954300D-04  1.02895289793673000D-04  1.00367414755262800D-04
66  2 -4.32271850596276900D-02 -2.18903104434800500D-04 -1.27061426737876600D-03 -2.40514646484072900D-01  5.07270259715476500D-05
66  3 -8.10174060410279200D-05  3.02903800694799500D-05 -1.57417732944074400D-05  2.08726098514920300D-01  4.59168653031750100D-02
66  4  4.12206337707833600D-05  1.23002174701170500D-04 -7.09121135658553600D-04 -5.25585714996233500D-05  5.31306722336300600D-05
66  5 -4.30310198856876500D-02 -6.69102843383624200D-05 -3.53068573007370300D-04 -2.41172089751538800D-01 -2.45428732309019500D-05
66  6  2.76525019001579100D-05 -3.10962866925568900D-06 -5.42255906688762700D-05 -6.46331913621559500D-02  2.03705960774590700D-01
66  7  3.31992807736354000D-05  4.98621612331219000D-05 -2.08165493054560800D-04 -3.94960042375561800D-05 -9.14322870484157600D-06
66  8 -1.60828306352585000D-01  2.56939322658160700D-04 -9.34638567043857900D-05  5.62209799173495700D-01  8.28959098669504500D-06
66  9 -7.90611704510264000D-06 -3.83473941591847900D-07  2.29085341244269300D-05  5.58519726077097100D-03 -1.50949840326455100D-01
66 10  6.64935203274935500D-05  1.54738747463955300D-04 -1.06534188473703100D-04  3.22382539558704000D-05  8.26313400553094300D-05
66 11  6.45877452574096700D-03 -5.39773219296075900D-06 -1.80520055056910300D-04 -2.14412540102338700D-01  1.54517617233033400D-05
66 12 -8.12633972423422300D-06 -7.32542199906906500D-06  4.87618246708076800D-06  4.58874536515405000D-02 -3.90340758327925400D-02
66 13  4.08158290578456400D-05  8.09818857478860600D-05  5.33296788581325500D-04  1.95040427940184700D-06  2.79376381845042800D-05
66 14  6.19586452952871200D-03  1.54797226917850400D-04  2.61956076726220000D-04 -2.13920437529456400D-01 -5.02478685699148400D-06
66 15  3.24814627552534200D-05 -2.74566758982626100D-05 -1.23280722121130100D-05 -5.67360743046868600D-02  2.01892737421039300D-02
66 16 -1.36052174685700300D-05 -4.85090855614390300D-05 -6.54227075511130000D-04  4.31890757952752800D-05 -1.56537046435538800D-04
66 17 -1.60810512157808700D-01 -6.20648453314049500D-04  7.20743559171927400D-04  5.61932211141814400D-01 -2.62859471876427300D-05
66 18 -9.96671589671848000D-06  3.62526630843607100D-05  6.76161050701601600D-06 -1.33516807619104400D-01 -7.06261913964733200D-02
66 19 -2.30415853622686100D-05 -1.67017606967784400D-05  6.48110479906768500D-04  7.40993907191554300D-04  4.13108825525889700D-05
66 20  5.62790232697317400D-05 -1.37928083508758100D-02  7.40674895488424300D-05 -2.95569195176926700D-04  1.00528380937328100D-01
66 21  5.72452243103601200D-05 -3.02378424835272800D-04 -6.30403491833419100D-02 -6.59808145610277500D-06  1.33964285444560800D-05
66 22 -6.79834708835338600D-06  3.57492718658075200D-06 -1.95101055801045300D-02  7.29051376254818500D-03 -1.28772909270423500D-04
66 23  2.46165581835224100D-04 -1.17392672564800400D-04 -5.01919181333782700D-06  5.03398595225872700D-01 -1.28435629952161300D-01
66 24 -3.15788629713396400D-06  1.41991723078228300D-05  2.30602312036540700D-04  2.70903874923699700D-04 -1.58809009519019300D-05
66 25  5.02268314862878900D-05 -1.37730893279882900D-02 -1.87003696266836700D-04 -6.70825331144431100D-06  1.00612475803270200D-01
66 26 -1.32462714699753700D-04 -8.87081288559336200D-05 -6.28840141165931400D-02 -2.25797718997066800D-07  1.47446859859677700D-06
66 27 -1.24867087959964500D-06  4.57216710389592000D-06  1.60729355395668300D-02 -1.32475980283126800D-02  8.08552576972477300D-05
66 28 -4.35738486916013100D-05 -3.72814090056461500D-05  1.27673372327954800D-04 -3.63052459508029500D-01  3.71660686567527300D-01
66 29 -5.84375728789720100D-05 -1.12211318652766400D-04  3.04368009531532800D-06  7.87449021204588600D-06  4.63967723820109300D-02
66 30 -4.06537666634752400D-05 -1.81461508469263400D-05 -1.97471786718364200D-06 -3.19077470069974100D-07 -2.62096177796115900D-03
66 31  1.85021420746951500D-05  9.41337019897939900D-05  5.82806998649476700D-07 -6.23080504841408200D-06 -2.60931728492075100D-03
66 32 -9.24928826508144900D-05 -4.11292874012675200D-04 -1.26978329076490800D-05  1.42395988260056900D-05  4.63820246964974200D-02
67  1  3.84732178199001200D-02  1.99825014858912300D-01 -4.90829620085916600D-01 -6.66410257091782400D-02  2.68394999963528300D-01
67  2 -2.25510236586620400D-05  1.86217905324958900D+00 -3.85874155545744200D+00  1.42786135377391100D-04  6.99752937490805700D-02
67  3 -1.23065287987525900D-01  5.30899942384460600D-02 -3.94589164053306800D-02 -3.03883739371578500D-05 -4.09323495975745100D-06
67  4 -3.84836937874775300D-02 -1.99858140889700000D-01  4.90827805199000400D-01 -2.65717559546542700D-01 -7.65571999570562200D-02
67  5  2.19496450110980500D-05  4.27285412761956700D+00  3.17350049751313800D-01 -5.25544001613968900D-05  4.51912551682279400D-02
67  6  7.88690735318553500D-03 -5.30781625214130600D-02  1.16269843578557800D-01  7.76843487456238800D-06 -2.85717412881115200D-05
67  7  3.22178932101432800D-02  9.42027377774502900D-02  1.14022804688197100D+00  5.98545957709053400D-02  1.99814623145752200D-02
67  8  2.70324084551220900D-05 -1.88406286756385300D+00 -4.41139772953775200D-01 -3.93091440938631100D-05  4.45985029666820700D-02
67  9 -2.61623507228953800D-02 -1.84361522437851100D-02 -6.29560053416767400D-02 -2.80589594993193500D-07  1.81781359907676600D-05
67 10  3.60367595232567400D-02  8.44604421269532500D-02 -1.71551372516802200D+00 -1.25528006250178600D-01  8.19077392202612100D-02
67 11  8.39207465839846000D-06 -5.91367266336401200D-01 -8.83568326446281200D-01 -7.21816782583952600D-06 -3.00797584079425400D-02
67 12  7.49656957471697000D-03  2.25831888332273400D-02  3.16061465792004700D-02 -3.53639081735561300D-06  4.83259321478239400D-06
67 13 -3.60400075262263400D-02 -8.44717260828447400D-02  1.71562769038458900D+00 -1.33740826293374300D-01  6.76936818913992900D-02
67 14 -2.12406263287746500D-05  4.69443117906073300D-01  9.54105610363793300D-01  7.09077259510340500D-05  2.55954211135920900D-02
67 15 -3.01605340178716400D-03 -2.25793677118059900D-02 -3.45990914925793400D-02  8.90576239707558400D-06 -2.80128636905532300D-06
67 16 -3.22275720226142000D-02 -9.42213667640625600D-02 -1.14022810594145500D+00  1.26059733782282500D-02 -6.18196147081263000D-02
67 17  3.57231215429398300D-05 -5.60023750708661000D-01  1.85227551925193300D+00 -1.26777130578439600D-04 -3.87458095232107900D-02
67 18  2.03084083325301800D-02  1.84374011906806700D-02  6.68611601454041100D-02  1.99555680214774700D-05  1.13250607302488900D-05
67 19 -7.60828307478254400D-02 -1.03815996599198200D-01  1.60020260418044000D+00  2.56316407411524900D+00 -4.75949178051716400D-02
67 20  1.00691941733132800D-01  2.37770778731973000D-06 -1.71500701634076800D-01 -6.28909034516111800D-01 -2.16865855608753300D-05
67 21  1.26437283658375400D-01 -1.02411247743775000D+00 -1.72137216976041200D-05 -1.65891131488393900D-02  3.19497549927877700D-02
67 22 -1.53606418439486800D-02 -7.31546900711601800D-03  2.69826621715657200D-06 -1.87009457852204100D-06 -9.54762867830044600D-02
67 23  4.09702629032348100D-01 -3.14226342249344300D-01  1.10164408000855800D-01 -7.61507687435372700D-05  3.65132912905970600D-05
67 24  7.60832425429694000D-02  1.03814018764475200D-01 -1.60026435892632500D+00 -2.56329349324188400D+00 -1.10986133277408000D-01
67 25 -9.14463039198592200D-03 -1.42860735251072700D-06  4.58883312096055700D-01  4.63031549202844900D-01  3.29018366317747200D-06
67 26  9.50150089556335700D-01  4.02666680754433300D-01  2.28237883698819000D-05 -2.52973357650281100D-02  9.93638065856000200D-03
67 27  1.53609551064687100D-02 -2.06172914265986200D-02 -1.84404695945475000D-06  2.25445928629350000D-06 -2.00747458657192400D-01
67 28 -1.13472938461029200D-01  3.14220397118222100D-01 -3.07702550097725600D-01  3.64208969383699400D-05 -5.67518133072884000D-05
67 29  2.30624408349627800D-02  6.51615365782604700D-01 -6.53408895115179400D-04  1.14107210049632700D-02 -3.59226724078340300D-06
67 30 -5.40928503517630100D-02 -3.08510632763223500D-01 -2.41590383637689600D-03  1.06378828103062400D-03 -8.57797463704961200D-07
67 31  5.40946083667752700D-02  3.08604013640114900D-01 -2.11812289944932300D-03  1.56853411515774700D-03  1.24972259015145600D-06
67 32 -2.30489893335637200D-02 -6.51561385330159800D-01 -1.02065649413060500D-02 -5.14473995188171800D-03 -8.73363504340101200D-06
68  1  1.50627190143536700D-01  3.27412629853584700D-01 -5.35369309029093400D-01  1.64355255333667000D-01 -2.41267652493750400D-01
68  2 -2.37421966775974200D-05 -8.40717843923193200D-01 -6.45660338699563400D-01  8.04452579082427600D-05  1.40502855594678800D-01
68  3 -1.08907946863142800D-02 -1.29612060908363700D-01 -2.03796654598294400D-02 -2.16046470538074000D-05 -8.91072816422734100D-07
68  4  1.50620089446313800D-01  3.27382135872831300D-01 -5.35312804670143000D-01 -2.91145849663692000D-01  2.16431767317151400D-02
68  5 -6.36906481908479700D-06 -1.38351051690237400D-01 -1.05046908303502200D+00  3.16968659304635400D-05  4.22638150625711000D-02
68  6  8.73652858511184000D-02 -1.29629100913690000D-01 -8.58872031732151600D-02  8.97392387851218200D-06 -1.98776771523608100D-05
68  7  6.78237814074765800D-02  1.26281452477363200D-01  1.64284878266853500D-01  1.30037050982398200D-01  2.30074713758305600D-01
68  8  3.22581171815015500D-05 -7.48286840194021000D-01 -1.16820458781453900D+00 -5.31181819310811700D-05  1.03862980546478400D-01
68  9 -2.32407660720239000D-02 -8.06222144744548900D-02  7.33410931669808100D-02 -1.07154541461274000D-06  1.34850558198089100D-05
68 10 -4.86499407411620500D-02 -1.06239834121533700D-01 -4.74624130863525900D-01  1.96863988526162000D-01  4.14023950998615400D-01
68 11 -3.86447965453503100D-06 -8.24387604322984600D-01 -1.01551082280492700D+00  4.85675912956373700D-06 -1.54082042640629000D-01
68 12  1.40040996476901500D-01  1.40410461637269200D-02 -9.20978751011830600D-02 -1.10857836600733700D-06  6.72239505623299100D-06
68 13 -4.86679698558698000D-02 -1.06278174953618400D-01 -4.74157876144439200D-01  2.60074696595497300D-01  3.77506516246585500D-01
68 14 -2.16260139422935200D-05 -4.66844901374183300D-01 -1.22152993200428100D+00  4.25051846075906300D-05  1.35565085624532800D-01
68 15 -1.49597700807171400D-01  1.40326151826381600D-02  1.01035611673894300D-01  7.41294574224605500D-06  5.68557094218576400D-07
68 16  6.78115917505356900D-02  1.26241303454004100D-01  1.63847739789962800D-01  1.34190727601291000D-01  2.27601949987414400D-01
68 17  3.28203335553805900D-05 -6.37726220784264300D-01 -1.23194366984678400D+00 -8.04653045275217000D-05 -4.64686579663012600D-02
68 18  1.27073320254823200D-01 -8.06046622885222700D-02 -2.68942713757470900D-02  1.19071524798261200D-05  7.85261062175341900D-06
68 19 -2.43532168581120900D-03  4.39178241368654200D-02  3.28861203078654900D-01  9.82488468245151200D-01  3.28493045752437400D-02
68 20 -6.48051699805726300D-02 -1.03697171584775400D-06  1.11131035017120900D-01 -3.67525666581442900D-01 -1.07783565037420100D-05
68 21  1.43666180199426800D-02 -5.07528907059493200D-01 -1.37160597479708100D-05  3.86478551586470200D-04 -6.63842624278402100D-03
68 22  6.25194769119702000D-03  3.33655357342160500D-03  1.98205319996814400D-06 -9.00671301276802300D-07 -5.68920113218269300D-02
68 23  1.25298700329793100D-01 -6.84066890079662500D-02 -5.73330729429395000D-02 -5.55138994849978300D-05  2.61812156256755800D-05
68 24 -2.42329717437964500D-03  4.39301143658299600D-02  3.28635739206945100D-01  9.82280940008708600D-01 -7.25514798011938400D-02
68 25 -3.95798732456996900D-03  9.96677949840085500D-07 -3.73763833465550900D-01 -8.75375266525924800D-02 -4.64351089829956200D-06
68 26 -4.46615931176045500D-01 -2.41391324647887100D-01 -3.48037432818469400D-06 -7.38558381616704400D-03  1.13114454177464700D-03
68 27  6.25443927439196100D-03 -1.84872997926423000D-03 -1.75829304059103900D-06  1.40271930736253000D-06  1.22703000305002600D-01
68 28 -5.43438268835838800D-02 -6.83591734214187700D-02  6.24355437627751700D-02  4.37244348319132300D-05 -3.78028943956371000D-05
68 29 -7.10664967100502200D-02 -6.26647964431992900D-02  2.39282344603410900D-03  1.11239034237305000D-02 -4.35167982699242900D-06
68 30  1.66896678790933700D-03 -9.47402554575144600D-01 -2.12896426665748500D-03 -1.24888298985772600D-01 -9.56705130706860700D-07
68 31  1.67696714448621400D-03 -9.47281256860699200D-01 -1.07083299621957000D-01 -6.42993547743969400D-02 -3.62617707440370300D-07
68 32 -7.11030260159585500D-02 -6.28057175808817600D-02  8.43379950719941300D-03  7.63609907583795100D-03 -5.49226859457089500D-06
69  1 -6.29580434046725300D-03 -2.23053193495549500D-02 -5.62508019411054000D-02  1.50293777062999700D-01 -8.03585755880320600D-03
69  2 -3.84680413814698200D-05 -5.05100617038839800D+00 -8.02495454737027000D-01  1.29270524731710700D-04 -9.43236524414971100D-02
69  3  3.51352739738367400D-02  5.91883784676595400D-02  1.94412431848628400D-02 -2.09740204080492800D-05 -1.73477088496422900D-06
69  4  6.29143562521704800D-03  2.22998735213745200D-02  5.59270001707581100D-02  8.21902795644338700D-02 -1.26134170952584000D-01
69  5 -1.23434087580559800D-05 -1.83123589823007800D+00  4.77549960765095000D+00 -2.67396602204817800D-05  1.18086629203128600D-02
69  6  4.73627904363844400D-02 -5.91714533566966100D-02 -7.44554467057566800D-02  1.10252185017180900D-05 -1.27903967915823800D-05
69  7  1.10277835883125400D-01  2.71806077149658400D-01  2.14317503210622600D+00  4.19811878080369000D-01  1.46977844929311700D-01
69  8  1.60441764516169800D-05 -6.36888468773950700D-01  2.72198346148956900D+00  7.42733781907454200D-06  5.09024505284416600D-02
69  9  5.27918025015839300D-02 -1.03694253030026000D-01  1.15078348277628500D-01  1.65250693283742100D-06  7.52485950067142000D-06
69 10  7.11478572368140600D-02  1.89597906267587900D-01 -1.59495617855779600D+00  1.40387477821713700D-01  1.05951680484043000D-01
69 11 -4.90293627220924600D-06  1.42262491209034000D+00 -1.43143300730013600D+00 -2.68677287915082200D-05 -5.67201582558012600D-02
69 12 -3.81171570050594300D-02  9.48373152608617300D-02 -5.40759916081949600D-02 -1.34985390039361200D-06  8.16607276982705100D-07
69 13 -7.11333030299517600D-02 -1.89572094708608300D-01  1.59498208569832300D+00 -2.15425890401622800D-02 -1.74608822274619200D-01
69 14 -3.50129540359433700D-05  1.95102732550715400D+00 -5.16045717678394700D-01  7.47459192308515600D-05  2.19248541006852000D-03
69 15  9.26557790689811900D-02 -9.48482644790514400D-02  1.77095896740160400D-02  4.71896304962583800D-06  5.73825795269854900D-06
69 16 -1.10292374837866000D-01 -2.71829905311879600D-01 -2.14303467244763700D+00  8.26532732798289200D-02 -4.37095732209379700D-01
69 17  6.10351984174085200D-05 -2.67562414925106700D+00 -8.09538484214913100D-01 -1.25365801259840200D-04  3.40097834725947400D-02
69 18 -1.37712787844355800D-01  1.03703004371763000D-01 -5.84519371430023800D-02  9.84176234013169600D-06  5.63727761474977200D-06
69 19 -2.10216450549584300D-02 -3.15718401318393800D-02  4.46324763048642400D-01 -4.41192449265547500D-01  1.17018352994191800D-01
69 20  3.22016916448485500D-02 -3.38998894418597100D-06  5.52322175942538000D-01 -3.01455227207443300D-02 -3.48197120986465000D-06
69 21  2.78399542794343600D-01  3.96051823147435200D-01 -2.56419123795203300D-05  5.54773356449693900D-03 -9.15608986691182600D-04
69 22 -4.63212457780587500D-03  2.00603758949708600D-02  1.52844922622078200D-06 -1.17410706051651000D-06  1.58716914553171100D-01
69 23 -6.56899979739350600D-02 -9.30269165792367700D-02 -2.16909588192383900D-01 -4.79420137980145500D-05  3.99854109923302900D-05
69 24  2.10135150081447300D-02  3.15603183368369900D-02 -4.46212775921661500D-01  4.41238068603534300D-01  3.06350511048873200D-02
69 25 -1.17442003917648500D-01 -5.24372640819972600D-06  3.02287569489672400D-01 -4.63269096983900000D-01  8.81488494005814500D-06
69 26 -2.03744349408691000D-01 -4.39175769739729000D-01 -3.65816057960280100D-06  1.43489911611629700D-02 -1.89801213126208900D-02
69 27  4.63113015145765400D-03 -6.79113972555627000D-03 -8.93959607210189900D-07  1.37601264903061500D-06 -1.53118455504973700D-01
69 28  6.01656247109354600D-02  9.29528307940383200D-02  2.20628889244085200D-01  2.99719693963912700D-05 -4.33268048494599600D-05
69 29  1.94869650457613600D-01  8.66578597470878000D-01 -6.27739054336751300D-02  3.59655381624831800D-02 -1.23050753328447700D-06
69 30 -1.50245655685802100D-01 -2.91542653473004100D-01  2.74759132049915900D-02  2.32258793582768700D-02 -2.82616623800688100D-08
69 31  1.50234564097457600D-01  2.91607977319098700D-01 -6.36169762812384800D-03 -3.54050665522816800D-02 -6.12709821409309400D-07
69 32 -1.94868724425202800D-01 -8.66626612868580400D-01 -6.25424045801362700D-02  3.63690852588439500D-02 -6.01437973712117700D-06
70  1 -1.67671553787857900D-01 -4.03153865601932700D-01  3.51279098079025000D+00  2.32551076989467100D-01 -4.52262543101498600D-02
70  2  9.29931931409235000D-05 -1.26675619712327200D+00  1.17399901476333700D+00 -3.43656063690311500D-04 -9.37724648733785400D-02
70  3  1.10273713217190600D-01 -1.65012483438115900D-02  6.53649116192820900D-03  2.91668360182627600D-05  5.65802508119892800D-06
70  4 -1.67675139825133400D-01 -4.03169774652289500D-01  3.51290744703645100D+00 -1.55433243062926300D-01  1.78768713696781000D-01
70  5 -3.90322315996099500D-06  1.65005831347580600D+00 -5.09369383316784800D-01  1.76776329203166800D-04  5.43478395052108200D-02
70  6 -3.78311074110276900D-02 -1.65167320941839000D-02  1.05293562350171000D-01 -1.99387199372669000D-05  1.39229455713345700D-05
70  7 -4.98529483437917500D-02 -1.02313226799380700D-01 -4.01968279895734000D-01  2.42632151102973800D-02  1.96029251138312000D-02
70  8  2.95002742838223700D-06 -7.34800940177405900D-01 -7.92382217466434900D-01 -1.03331751147200300D-04  4.70305938417141900D-02
70  9 -1.18331526575548100D-01  7.13009327338325600D-02 -4.20525816813204400D-02 -4.02804157416970900D-06 -7.21007852125787200D-06
70 10 -8.04019301808331200D-02 -1.70671879844496000D-01 -3.72974030758195100D-01  6.53128023314772500D-02  2.82852984019362600D-05
70 11 -6.17231349713613000D-07 -3.72259382219398100D-01  7.49698610673232400D-02  9.62268037554145000D-05 -5.58149043258696600D-02
70 12  4.07057604805205800D-02  1.51091438453489400D-02  1.35557377454062800D-02  6.49416288062327200D-06  4.87233192976163400D-06
70 13 -8.04183538291838200D-02 -1.70713087296520200D-01 -3.72706649606402000D-01 -3.26296496225710300D-02  5.65455742432529800D-02
70 14  7.00118768828588800D-05  2.51271776903206600D-01 -2.84839481853223200D-01 -1.65818672427322100D-04  6.39909553342506500D-03
70 15 -2.14954998294228200D-02  1.50964042959985200D-02  5.50428456737535000D-02 -8.49541073270096300D-06 -1.75023215218425100D-05
70 16 -4.98739556497538900D-02 -1.02362444080591000D-01 -4.02208876239903000D-01  4.83893272314853000D-03  3.07581918403669500D-02
70 17 -1.28114084147222600D-04 -3.18957063096160300D-01 -1.03254027554505700D+00  2.81505899909909500D-04 -4.54266351106210700D-02
70 18 -2.58905434764857100D-02  7.13171785871076600D-02 -1.03710146702681300D-01 -1.33361667381213700D-05 -6.31618944377027000D-06
70 19  5.56082166623600300D-02  7.49526837877913100D-02 -1.04754198476532800D+00 -1.21058310500071000D+00  1.03391197954122100D-01
70 20 -5.85089062700834900D-02  1.85173712492245600D-05  1.44376983644385200D-01  5.83136593353720000D-01  2.55299773433024900D-05
70 21  1.87953075504047100D-01  5.81224450990700000D-01  6.69930961695876100D-05  1.32302895409299600D-02 -1.41241454684136100D-02
70 22  8.93855927483811900D-04  3.81359959705371400D-03 -2.14815215488951700D-06  2.32688485902371100D-06 -1.63153804608657500D-01
70 23 -3.52882913231138000D-01  5.16036717839795200D-01 -9.73191530917857900D-02  6.98576616050512500D-05 -9.11134668833959100D-05
70 24  5.56131159474749600D-02  7.49603105122517800D-02 -1.04766532963032200D+00 -1.21058643975982100D+00 -1.02373878312490900D-01
70 25  6.02385595640047300D-02 -7.98881858559147400D-06  4.32831145945673100D-01  4.16602231603707800D-01 -3.88470678223763300D-05
70 26  4.09323431524305900D-01  4.53375649106546300D-01 -1.40536360203651500D-05 -1.01416271320906700D-02  9.24778722867640500D-03
70 27  8.93839903414560100D-04 -1.17735431455836800D-02  1.20690894839563800D-06 -2.39360944555654700D-06 -2.32451625785335200D-01
70 28 -2.83606185497360600D-01  5.16057811282696200D-01 -1.43502594531128100D-01 -2.60062681029082200D-05  7.91392132867176600D-05
70 29 -9.98283768939218500D-03  2.96864821348640500D-01  1.64997474478535000D-02  1.48025768476865200D-02 -2.13407394823525000D-06
70 30  6.90932879419777200D-02 -1.53175847149984600D-01 -3.22289081923150500D-03 -2.35439835429018500D-02 -5.42295713151771400D-07
70 31  6.91199834795587800D-02 -1.53152393676526500D-01 -1.87790555989352700D-02 -1.45735401452647400D-02  2.42584705459508000D-06
70 32 -1.00206630564259700D-02  2.96760579771012600D-01  4.56265914811591400D-03  2.16941541804987600D-02  1.10567676311775100D-05
71  1 -7.63079085381206700D-02 -1.36033981423658000D-01  1.75281344443510600D+00 -1.71729859408701500D-02  8.23368821888363900D-02
71  2  9.85842216978925400D-06 -7.33322412305876100D-01 -8.32593539094199400D-02  3.66857741786946100D-05  6.53526707855096900D-04
71  3  5.01074876445903500D-03 -5.66427547231392700D-03  1.46586110687091500D-03  7.09163987593023500D-06 -5.67888640695241200D-06
71  4 -7.63119666460788100D-02 -1.36044058892901500D-01  1.75286355166059700D+00  7.99040792316902300D-02  2.63193961043952500D-02
71  5  3.57251715561983300D-05  2.94683943258946300D-01 -6.76925915595791800D-01 -1.06449447032849200D-04  2.82291614917501900D-03
71  6  2.83825289946089000D-03 -5.66116904863578700D-03  2.90884536860046800D-03 -5.31502640056733200D-06  6.96993323535902800D-06
71  7 -2.24610119195552700D-01 -5.22686587449755500D-01  3.05841455401958200D-01 -3.17823222078667500D-01 -2.75208416595644400D-02
71  8 -4.44318691852033400D-05  6.44946371612521100D-01 -1.04413716989935600D+00  8.52159750905921000D-05  3.00532039953040800D-02
71  9 -5.30436735379184200D-02  2.29904695426132000D-02 -1.11360012330852000D-01 -1.32530364547155300D-06 -2.30982214582943700D-06
71 10 -2.24193172033626600D-01 -5.32125274723167100D-01  7.39528786834688900D-01 -4.85802554203783600D-02  1.20805872955606400D-01
71 11  2.56628015012251400D-05 -1.62119062876356200D-01 -8.53274835431980400D-02 -5.09921824930655600D-05 -6.89360385411974500D-02
71 12  9.90075190694363500D-02 -3.00714805282388100D-02  5.34983874075241500D-02 -5.26890077048031600D-06 -3.60368808844358800D-06
71 13 -2.24199132926827400D-01 -5.32134880394063200D-01  7.39606887135645500D-01  1.28858006026771000D-01  1.83389090537045700D-02
71 14  4.32725087544530900D-06  7.39148294768055700D-03 -1.83122282421656000D-01  2.17018366959869800D-05  1.68848438746890500D-02
71 15  1.31858175494298100D-02 -3.00706614241194300D-02  1.10699549640344300D-01  1.95478843643106800D-06  2.06351823466682900D-06
71 16 -2.24603487690874000D-01 -5.22665929265959100D-01  3.05985018594199500D-01  1.35096396537137900D-01 -2.88957197906652900D-01
71 17 -9.42206693118613900D-06 -1.22660567561714500D+00  3.62982389027004300D-02 -2.62592541904239300D-05  5.12648714510867700D-02
71 18 -7.42585709356575600D-02  2.29936994845704900D-02 -9.71937091677035600D-02  1.11115274156295900D-06 -3.14049824814184900D-06
71 19 -2.09264403531661700D-02 -8.42587077063861600D-02 -1.66763694189587100D-01 -3.28310173157718300D-01  2.30201033573316300D-02
71 20  6.05060206318500900D-02  2.30563577579832300D-06  1.91919530595502600D-01  2.03041239104586600D-01 -1.00824337946019200D-05
71 21  7.00238096126241100D-03  1.87229627006485200D-01  9.17763776467803400D-07 -1.28066880458360900D-02  8.22070979311437800D-03
71 22  4.58597825272159100D-03  1.28100622063330800D-02 -1.07423226204246400D-06 -2.11923181195314500D-07  4.03028108974657400D-01
71 23 -1.94379966977651700D-01 -2.08648141997006200D-01 -7.68088571624335100D-02  3.32062301548996200D-05  6.35392101079382900D-06
71 24 -2.09294938505638800D-02 -8.42667580713038600D-02 -1.66750712199071600D-01 -3.28351235924802300D-01  4.09040216469994300D-02
71 25  5.01889837594507400D-02  1.69672468899862500D-06  7.98573972534414700D-02  2.67760072196434400D-01 -1.56769703876813500D-06
71 26  1.58656396228034100D-01  9.96986718780980700D-02  2.54362949179550200D-05 -6.64760989664129900D-03  2.06233907313681400D-03
71 27  4.58527082350459500D-03  1.69192025202195900D-02  9.39269442283778600D-07 -3.39543591836490000D-07  1.26511891249873100D-02
71 28  1.95995096505962100D-01 -2.08646285630949200D-01 -3.37133873475674600D-01 -3.85584046397670700D-05  8.10556169960181400D-06
71 29 -3.84763303901433400D-02 -9.46656255228517200D-01  8.91342659305680600D-02 -7.93466995442180400D-02  2.94016353652390500D-06
71 30  7.78741332653639800D-02 -5.11230115438949400D-01 -1.89995289393259600D-02 -1.03180933515684000D-01  1.06469370016002600D-06
71 31  7.78662174138058800D-02 -5.11115160397650300D-01 -7.98391478867901700D-02 -6.80442016386868400D-02 -8.31570128699482800D-07
71 32 -3.84716534090685500D-02 -9.46545252483082700D-01 -1.13276276049218000D-01  3.74991967386402400D-02 -1.03642238821736400D-06
72  1 -7.26053133088892000D-02 -1.68967015613732600D-01  2.20393894031668300D+00  7.41626495813867100D-02  3.95129729521957100D-01
72  2  1.24691307505348000D-05 -2.58958004226505400D+00  6.79194893545873400D-01 -1.61594935226858100D-04  6.17040712098306400D-02
72  3  2.46600330578644100D-02 -8.63641042676961700D-02  5.76379529168757200D-02 -2.02829612637070000D-06  1.36166445040333100D-05
72  4  7.26015699525487800D-02  1.68952937438897200D-01 -2.20379320504292100D+00 -3.05103259822808500D-01 -2.61811395870945400D-01
72  5 -4.40045569814210600D-05 -1.88309991587203500D+00  1.90277531628332800D+00  1.96638591348009300D-04  9.31917774922928100D-03
72  6 -9.56769932352389300D-02  8.63578154860100600D-02 -1.02813667645200000D-02 -2.40133427230018000D-06 -9.24339110408613500D-06
72  7 -1.06191486254792000D-01 -2.46997540194874100D-01  4.95394920328465200D-01  1.75076176128394500D-01 -4.41629471733307200D-01
72  8  6.17634106364073400D-05  7.52843895016915300D-01  3.08788855428792000D+00 -1.55273910098643300D-04 -8.68294727202674100D-02
72  9  7.52731876449832100D-02  1.15562850752826800D-02 -3.73992649713130900D-03 -2.54764059768632000D-06  9.75129966439779600D-07
72 10 -9.02551983677927400D-02 -1.85682091368594700D-01  2.87818699758339700D-01 -1.63687028625575500D-01  3.18178531087856000D-01
72 11 -2.02592790458313900D-05  2.45172814852532000D+00 -1.41674189795844800D+00  7.60944973731245000D-05 -2.42636233107210100D-02
72 12 -2.22954078681742500D-02  4.65590311788957000D-02  5.14929156733420600D-02  1.03564505631258200D-05  1.03776081455289600D-05
72 13  9.02517852072407400D-02  1.85672868967259200D-01 -2.88031106545405000D-01 -3.57388938407615700D-01 -1.73595169539301100D-02
72 14  5.47719677873242600D-06  2.45295969527391800D+00 -1.41479025157654900D+00 -6.72870562799593700D-05  6.14174335292167300D-02
72 15 -1.48573904991301800D-02 -4.65600430300865600D-02 -2.67153088545549200D-02 -4.49816718340519700D-06 -1.39062096761908900D-05
72 16  1.06185505378552600D-01  2.46995279420594500D-01 -4.95256514384994500D-01  4.69983319045865000D-01  6.92603914619779500D-02
72 17 -3.59883096827910700D-05 -2.29754790905305000D+00 -2.19637239421096300D+00  1.21465124164717100D-04 -3.75438562406562400D-02
72 18  4.90978324426412700D-02 -1.15539762019832000D-02 -7.91949235398838900D-02 -4.16563741115616300D-06  4.69364218059394200D-06
72 19  1.42233232088647600D-02 -5.54868575490245700D-02 -7.71773285633556000D-01 -7.87572614328689300D-01  2.92346673064567700D-02
72 20  7.45209249418894600D-02  4.40811095210272100D-06  2.08424812535478600D-01  5.98900929818258900D-01  1.64565842324861200D-05
72 21 -1.86391638104762400D-01  1.33821827198239700D-01  2.36045078218113200D-05 -3.73411279091008600D-03  8.70987072012326300D-03
72 22 -4.97575792921327600D-03  1.62595011696485600D-03  8.20033553263333800D-07  9.20549791847594400D-07 -8.84082119751033500D-02
72 23 -3.25862831719864500D-02  1.20994495147089800D-01 -2.28188627559930100D-01 -2.51128784969757400D-05 -4.64447224216236900D-05
72 24 -1.42254144509283100D-02  5.54861421579293600D-02  7.71748961524494300D-01  7.87539666456679400D-01 -4.99148275280388400D-02
72 25 -6.25800845923754300D-02 -4.57232921586778400D-06 -4.14389203247157600D-01 -4.79978664903664300D-01 -1.14199975150408000D-05
72 26 -2.09096979795068100D-01  9.45105362550768800D-02 -3.61879444574262400D-05 -4.37915016874744700D-03 -5.97106844087384400D-04
72 27  4.97625701283363600D-03 -7.03541060764368500D-03 -8.72432603181590200D-07 -6.43692208941863500D-07 -1.24616276118978100D-01
72 28  2.45592873166010300D-01 -1.20976597047032300D-01  8.61220529142787400D-02  4.50175725655795200D-05  2.40850477866989000D-05
72 29 -9.81384795410968600D-02  5.50962714424730200D-01 -7.88566128312070500D-02  2.75272107021286700D-02 -4.70600477516808300D-06
72 30 -3.12332834708053000D-02 -7.89832617373812400D-01 -3.21691413746499500D-02 -8.52392667822522200D-02 -2.48547115980322900D-06
72 31  3.12416053519559500D-02  7.89781617156442800D-01  5.77259525147534800D-02  7.04822044064389400D-02  3.88229708256307900D-06
72 32  9.81264305833991100D-02 -5.50905917394467600D-01 -6.32673985379033900D-02  5.45197077185099700D-02  4.89383757659735500D-06
73  1 -2.09827997189485200D-01 -4.39557397920016800D-01  2.65470163827574100D+00 -1.78018693988650100D-01  2.26433208851622300D-01
73  2 -1.60745126681765800D-04  5.57656608034283900D+00  3.79418144648441800D-01  7.65589702665474400D-04 -8.03454488023538400D-03
73  3 -2.93070984650169800D-02  3.73416433452531900D-02 -9.74764212665708000D-02  4.82181143980745600D-06 -6.85573765547598800D-06
73  4  2.09821667965653000D-01  4.39541643897416500D-01 -2.65478280239956500D+00 -2.85115899211259300D-01  4.09094653678034700D-02
73  5 -1.77673275906673800D-05  2.46019688228171100D+00 -5.01884082304857600D+00 -5.74477034712036300D-04 -4.91296694121056600D-02
73  6  8.64662724095133900D-02 -3.73366029974077100D-02  5.93600200624763900D-02  7.37389423238903600D-05  1.35282974082756100D-05
73  7  1.76688915540789900D-01  3.47951364985599300D-01 -6.89547640157084400D-01  2.04474846015678900D-01  8.50164485722421400D-02
73  8 -6.03321433570073500D-05 -2.43871011313195000D+00 -3.27085860247340000D+00  3.42151386969443700D-04  1.02392474688146800D-01
73  9  2.76388339521916500D-02 -1.30031308640338800D-01  8.04229161407693100D-02  6.59846118728675000D-05 -1.28719174195718400D-05
73 10  6.05886103704598900D-02  1.65311654332903200D-01 -9.33203921962762700D-01  1.89536996819610100D-01  2.05526875921920500D-01
73 11 -1.72118339423814600D-06 -3.65914654665952800D+00 -6.78125256682644200D-01 -1.54913488641930000D-04 -9.11805566567511000D-03
73 12  1.19313715822676800D-02 -2.81331591659378300D-03 -7.08540718592874500D-02 -3.61795442015783100D-05 -7.36384410507335500D-05
73 13 -6.05791273188954800D-02 -1.65293794904725300D-01  9.33392496815635700D-01 -8.31909173677972000D-02 -2.66909390883529900D-01
73 14 -5.11629723467506900D-05 -1.24268414030665400D+00  3.50793833948499700D+00  2.00938236196430400D-04 -5.98123846774756000D-02
73 15  5.70010722132741600D-02  2.81131246420354200D-03  2.48866037576339900D-02 -9.56009581027978600D-06  6.31199852951019400D-05
73 16 -1.76702488843313000D-01 -3.47975044915972900D-01  6.89464441217924300D-01  2.86444494487852800D-02 -2.19584177076424700D-01
73 17  2.08742660131364400D-04  1.61291338900777600D+00  3.74771021348335700D+00 -4.77858588443707700D-04  1.39878715073157600D-02
73 18 -1.44021861917243900D-01  1.30033990409927300D-01 -2.81197538514672400D-03 -2.23664079106620200D-05 -3.09322128160749200D-05
73 19  2.48677457546159900D-02  3.31783287339778400D-02 -4.15149191159727300D-01 -1.62901525030844900D+00 -9.95325520811176200D-02
73 20  7.73692636575257100D-02 -7.01189884425673100D-05 -4.22061041846092700D-01  3.60479955976873500D-01 -3.77491927647100600D-05
73 21 -6.22977782290503600D-01  6.71310345603767800D-01 -1.58290138622499100D-04 -5.88900652094448900D-03  1.14576859329448300D-02
73 22 -5.56867941200182200D-03 -3.33678476639823800D-03 -2.19176871005954400D-06 -2.75462335747359200D-06 -1.44579540390948000D-01
73 23 -1.58279797195319300D-01  3.02859337586266400D-01  3.29292519714690000D-01  1.29237407768337600D-04  1.92689897210859600D-04
73 24 -2.48676894860564700D-02 -3.31757482523314900D-02  4.15171686165445500D-01  1.62901428366521100D+00 -1.16763491726010200D-01
73 25  4.74989739825055100D-02  1.65407200663216200D-05 -5.23247816495849900D-01  1.85217558837921700D-01  8.16857389694641000D-05
73 26 -8.92861807030856500D-01  2.03766200936080000D-01  7.58227129129207200D-05 -9.62220699782437100D-03  4.05313164485919700D-03
73 27  5.56907535296571500D-03 -7.00755556349205200D-03  2.33588932863127300D-06  7.14318221640429300D-06  4.01840049218405000D-01
73 28 -9.89801849034748100D-02 -3.02859864314930700D-01 -1.57735066937489800D-01 -8.42611640433011700D-05 -3.32912629365641200D-04
73 29 -8.34629644571596700D-02  3.87019821841585300D-01 -4.12725114499978600D-02  4.81935432103038100D-02  3.04269195271082800D-05
73 30 -6.67179256233893800D-02 -3.56716022992770700D-01  6.94478841328549600D-03 -2.59734232675940000D-02  4.05897002737974500D-05
73 31  6.67116351582113900D-02  3.56716786832241900D-01  2.59666472896957300D-02  6.97421350774796100D-03 -1.80806330177363200D-05
73 32  8.34525194994186500D-02 -3.87034915904555000D-01 -6.23750112060695900D-02  1.16396282213458300D-02 -1.18631842785453200D-05
74  1 -2.72654746238336200D-05 -6.58901546043336800D-05  5.71215151381724200D-04 -1.87215830357595100D-05  4.50350734378143700D-05
74  2  3.67128432943268100D-01  6.51181448700113200D-04  3.49660157305417000D-05 -3.34352384788989900D-01  8.54228082937948100D-06
74  3  2.03618167813346600D-06 -1.05784625075132800D-05 -1.09288669452155800D-05  7.73494651703415700D-02 -1.88389629385687700D-01
74  4  4.20215861171566500D-05  8.07294955056916700D-05 -3.65443408631529200D-04 -5.27589915818560700D-05  6.60173291695260700D-06
74  5  3.67044331627776900D-01  4.32270711350259800D-04 -7.26246110106035600D-04 -3.33857743693096600D-01 -1.57358816417445500D-06
74  6  2.15788607956654700D-05 -2.00052726314916700D-05  1.06188920817262700D-05 -2.01853828185886400D-01 -2.71888600859195900D-02
74  7  5.48160583511336200D-05  1.18815839521002100D-04 -1.87840289910610800D-04  6.69551459250912500D-05  2.03648338975050300D-05
74  8 -1.86898151930459300D-01 -5.41094802752154600D-04 -4.82047896095804900D-04  2.86384691869907700D-01  2.36207958178964900D-05
74  9  8.63871691833786600D-06 -3.22595127362350300D-05  1.22348317117813400D-05 -1.82169020034650300D-01  1.13824294017627400D-01
74 10  1.83726611504529700D-05  4.35440196674174300D-05 -3.38565360423462500D-04  1.78320276393442700D-05  2.29157088102787200D-05
74 11 -1.96430148284421600D-02 -5.19108858601642900D-04 -1.48078814320822100D-04 -6.65171463919703600D-02 -3.78273036209997400D-07
74 12  1.29658759407739400D-06 -9.18314557867817100D-07 -8.82852171326232600D-06 -3.04938372864012800D-03  2.00942690259078200D-01
74 13 -1.72179046951885700D-06 -8.01056285463414800D-06  7.31737488751463300D-05 -3.09838977303972600D-05 -4.93629288581086600D-05
74 14 -1.96159561781122900D-02 -6.18768245407730500D-05  4.79100016849191700D-04 -6.65384435559447100D-02 -5.91043498795526300D-06
74 15  1.18191810241761200D-05 -5.90874603622072500D-06  2.25844205227938600D-06  1.75524714451959700D-01  9.78125802179463200D-02
74 16 -2.24083349225263900D-06  6.85362234164404100D-07 -8.26411130204896900D-05  1.45885261155322300D-05 -1.18352786888634900D-05
74 17 -1.86912075526517700D-01  1.29271072014977400D-04  3.78783133176620900D-04  2.86502274684771100D-01  3.68234117049864400D-06
74 18 -1.54830198945009800D-05  1.18006787240018900D-05 -6.28636238896906300D-06  1.89684588542750900D-01 -1.00770266755592500D-01
74 19  1.87899981441950400D-06 -2.52481966400607400D-06 -8.71473921670692000D-05 -2.37229941668049600D-04 -1.34480929280336400D-05
74 20  4.47460371034344000D-06  6.74252681115356700D-02 -6.61093994078109400D-05  7.70037800719099700D-05  4.22047804952868600D-02
74 21 -7.86721762043537800D-05  7.79775367707405000D-05  6.39805793119871000D-02 -1.37425041483994800D-06  1.73201883826789700D-06
74 22 -3.57768423428288600D-07  8.23618609922286500D-07 -2.39097451211108700D-03 -1.23138433883398300D-02  1.47952114002767600D-05
74 23 -4.08482355490931600D-05  2.60530241488159500D-05  2.60878732386782900D-05  1.23255417764644900D-01  3.88598045676451800D-01
74 24 -3.46575842993464100D-06 -5.19675710126646700D-06  1.69135439502719100D-05  2.83491283672978000D-04 -2.64182424883020100D-05
74 25  4.68915864806143700D-06  6.73796467923163300D-02 -4.90562140578278600D-05  9.78827353028296400D-06  4.21625878249497800D-02
74 26 -1.82627176267040400D-04  4.20072461902443300D-05  6.38900372143972900D-02 -2.82146000326419600D-06  6.11499341771972500D-07
74 27  2.20996066149198200D-06 -1.55574522087291000D-06 -9.46998013716209200D-03 -8.23565358030061400D-03  7.81704108247166700D-05
74 28 -9.11178891269854000D-06 -6.90586219120178300D-05 -5.94065769720429800D-05  2.74810413749252500D-01  3.01445111215834400D-01
74 29  1.63464623431204900D-05  1.58536631822913800D-04 -1.48515264522183700D-05  1.08838474771086100D-05 -6.64657309870408400D-02
74 30 -9.15774826362737300D-06 -5.61999038746521200D-05  1.12711116755917900D-06  9.72392877378347700D-07 -9.24487680748203900D-02
74 31  1.30072863284985600D-05  1.03123970549719100D-04  9.46510572317873500D-06  4.96258758984400400D-06 -9.24252683332575200D-02
74 32  3.33906957377788700D-05 -4.50359624399412500D-05 -8.57027410896420800D-06 -6.19964661477775200D-07 -6.64531637331036400D-02
75  1  5.96106366530112600D-05  1.14678532634764500D-04 -1.06659223382798800D-03  8.46618845720654100D-05 -5.07396584760703900D-05
75  2 -9.22314041923388800D-02 -1.45191685629046600D-03  8.66149430054015200D-05  7.53940063713608100D-01  9.45499125792461400D-06
75  3 -1.49599585036411100D-05  5.50496724571630500D-06  6.18017590421855100D-05  8.39152710887853300D-02 -2.14299403343738800D-02
75  4 -1.33604267690052500D-04 -2.70751856255402600D-04  8.71563192681958100D-04  6.22876133489732600D-05 -1.94230444755850000D-05
75  5  9.24098244961220900D-02 -1.14757672468911200D-03  1.06638742500305400D-03 -7.54123340370199300D-01  4.07257047917388100D-07
75  6 -4.84697694841317600D-05  4.80625124362142000D-05 -4.53602338932361000D-05  6.04260866401405100D-02 -6.19785015957075400D-02
75  7 -1.10069292611242400D-04 -2.42215491777127500D-04  1.87095146469273000D-05 -3.01720015700493700D-05 -8.63382768416503900D-05
75  8  3.17994143035715100D-02  9.14323373731888100D-04  9.48843378898063200D-04  1.00330782796858800D-01 -3.24520710891292700D-05
75  9 -2.29909837627742100D-05  5.54430548519033600D-05 -1.03316496049379500D-05  9.01242473583153500D-02  3.97561247180934800D-02
75 10  4.31265884913559300D-05  9.63251073204535700D-05  9.69124292369669800D-05 -5.06545749724790300D-05 -4.71932449602730300D-05
75 11 -9.49070413129849500D-03  1.27767928506578600D-03  3.00124667092003600D-04  3.81771641345240300D-02 -3.01249599324467100D-06
75 12  1.88885283828515600D-05 -1.58760323896067500D-05  9.63346628105595500D-07 -2.49942728293469500D-02 -5.42937337090476500D-02
75 13  3.33368444686145700D-05  7.63770252009258000D-05 -5.85352093734239400D-04  1.46024699071164700D-05  1.48370344319101700D-04
75 14  9.44133467542221900D-03  2.98385325169512700D-04 -1.64582297064406200D-03 -3.81818459932784300D-02  5.61778913619569000D-05
75 15 -5.62756947494767900D-05  9.78033875193640700D-08 -3.43775136100717300D-05  3.46585288181991800D-02  4.88347470897162300D-02
75 16  4.45690768813278800D-06  7.85708839774025700D-06  7.55601857832233000D-04  1.20527252552800500D-05  8.05099551717244000D-05
75 17 -3.18479739490247000D-02 -3.76741861352137900D-04 -1.33278643266139400D-03 -1.00231329704549100D-01 -1.16004743240435800D-05
75 18  6.74455793490662700D-05 -5.58451050250224300D-05  7.87529096172127400D-06  1.07804514612100600D-02 -9.79792708371749900D-02
75 19 -1.02935638353690700D-05 -1.33353287561083400D-05  1.36161699143466800D-04  4.52487803364545600D-04  2.18235252631860100D-05
75 20 -2.12495939033793600D-05 -5.37413915293844700D-02  1.04646777471177700D-04 -1.71777312221567300D-04 -8.35303896593664300D-02
75 21  1.58292133997453400D-04 -1.63027133367510000D-04 -1.30092404314926800D-01  1.81046158540342500D-06 -1.09338577577161000D-06
75 22 -7.17075809631395500D-07  4.16993552326860600D-07 -8.43993573272922500D-03 -7.06672017624520000D-03  7.62374247108016700D-05
75 23  2.35140120173789800D-05 -9.97514367281802600D-05 -9.50986947400320800D-05  6.62009574456185100D-01  2.43130580892658900D-01
75 24  7.58763851049561700D-06  3.43366085126529700D-05  1.66127430773475700D-04 -4.04717189142815400D-04  6.55645912064986600D-05
75 25 -6.71118508036030500D-06  5.38024748465128100D-02 -4.96117672766347700D-05 -8.42591600955441300D-05  8.35477149176317000D-02
75 26  3.30680393451492400D-04 -1.49759222729435200D-05  1.30142339204401600D-01  1.84579800157366300D-06  1.73137277748189600D-06
75 27 -3.57717077905574600D-06  5.06932402917384700D-06  1.89069589592313100D-03  1.08328000922845900D-02 -1.36766802094820500D-04
75 28 -2.37764455198403200D-05  1.60543247614660800D-04  8.24930046280781900D-05  1.20641979073581700D-01 -6.94700257264121300D-01
75 29 -2.48517744403211700D-05 -1.69448680041379800D-04  9.14904004442939500D-06 -1.12492018596844900D-05  2.35392328113539300D-02
75 30  2.96454255494294200D-05  1.55378498091581000D-04 -1.01725460294773800D-05  1.19879807445001600D-05  4.80666799432519400D-02
75 31 -8.28237084235735400D-05 -2.47945092812239400D-04  2.74883221062257500D-06  3.07632165290104700D-06 -4.81243196545118700D-02
75 32 -6.96903439104381900D-05  1.32787312470227200D-04  7.85829140988614400D-06  1.07650975908649900D-05 -2.35803978007011000D-02
76  1 -3.66014128491050600D-02 -5.20151272467361500D-02  3.72771669743955800D+00  1.95834103233040300D-01  7.84649536380717400D-02
76  2 -9.38936639434331400D-06 -2.70314946699913200D+00  2.83415808119576700D-01 -2.20628411251413400D-05  1.03540807009736500D-01
76  3  3.60392060159069700D-02 -1.39580013025641000D-01 -1.04928607897586200D-02 -1.49023746951138900D-05  1.37125994679433600D-05
76  4 -3.67476144190275100D-02 -5.23471854561487400D-02  3.72873114540339100D+00 -3.01107106191357100D-02  2.08857845770666600D-01
76  5 -9.24962735630474900D-07  1.59766610728197500D+00 -2.20286556657610900D+00  6.10851436289396500D-07  6.07632890693636300D-02
76  6  7.87334899475518600D-02 -1.39496779016916300D-01 -3.90600722318040500D-02  1.62893854607975300D-05 -1.04713492412749600D-05
76  7  3.02744313478217800D-02  3.09889348821944200D-02 -7.33233940174501800D-01  1.59137628192943300D-01 -1.42332801341036300D-02
76  8 -1.08523013165306400D-05 -1.89311371587272300D+00 -2.97870969418703900D+00 -2.14112894814858500D-05  1.07728022975475900D-01
76  9 -4.94202274278892400D-02 -5.83077955475879600D-02  4.18846312352172100D-02  1.22548342934955500D-05  9.38346730584796000D-06
76 10  2.46574705793239000D-01  5.27013130862843700D-01 -3.77359964656563300D+00  1.34270418068322700D-01 -2.75808629494517100D-01
76 11  1.03795463710182200D-05 -1.65914425027750000D+00  8.78014290727931600D-01  1.30845107531799600D-05 -2.71317792475481300D-02
76 12  9.84493572337659200D-02 -7.13175779862193500D-02 -4.87948306435820500D-02 -1.38728775173504400D-05 -4.83468452312153300D-06
76 13  2.46859693456155300D-01  5.27598108809227800D-01 -3.77598601267160000D+00 -3.05759279805223500D-01 -2.22958903271185400D-02
76 14  1.77533172524373000D-05  1.58700640987602800D+00 -9.92511245220892100D-01 -8.85847496351506500D-06  1.03469614311780800D-01
76 15 -3.20874559693883600D-02 -7.13821583423904800D-02  3.85944292643396900D-02  9.57562957722365700D-07 -1.95555751574961800D-05
76 16  3.05982737264189500D-02  3.17670826095593800D-02 -7.35097639085156600D-01 -9.19754593705877100D-02  1.30454762744154100D-01
76 17 -1.90742089111687300D-05 -1.63054012752923700D+00 -3.12588482187615400D+00  5.36494405675388300D-06 -4.13473347685165500D-02
76 18  9.97402530984517600D-02 -5.83929183299339000D-02 -5.76020143980457100D-02 -1.77341593386491100D-06  1.60711978911080900D-05
76 19 -1.22717846236978700D-03 -5.92657819903421900D-02 -7.04227694094069800D-01 -3.36866240295047100D-02  1.10243529824998800D-01
76 20 -2.36175041974031500D-02  1.70464536464688800D-05  3.72082313200657800D-01  3.99166515114088400D-01 -2.46920910891026000D-05
76 21  1.80829563688259700D-01 -1.42456034820241900D-01  2.23823019512317700D-05 -1.26751704052448000D-02  2.24274427575414200D-03
76 22  1.04324261294895700D-02  1.70340681925820700D-02 -6.44751658255786200D-07  1.12988803946895900D-06  3.46431113535852200D-01
76 23 -1.33988603440423000D-01 -2.12442510095431000D-01 -3.45007897067609900D-01  3.25004347094609600D-05 -6.08315097550914800D-05
76 24 -1.21861463247268400D-03 -5.91701271997645300D-02 -7.03541209077512800D-01 -3.37627214244621900D-02 -7.55754366774987800D-02
76 25  8.36538880952884500D-02  1.14437929428020600D-05  1.59037535396621400D-01  5.21958900123537700D-01 -3.00470636433086300D-05
76 26 -2.13485379412156900D-01  8.54953546767887900D-02  1.86115324866540700D-05 -1.42655983852478800D-02  3.83979455352581300D-03
76 27  1.04258038317222200D-02  1.59769373001727500D-02  1.04819349150123700D-06  8.25308124604453400D-08  2.44950225145400200D-01
76 28 -3.27523313079803700D-02 -2.12197893837420000D-01 -4.12747818801269800D-01 -5.23573655924008100D-05 -6.81705138387480800D-06
76 29  8.38599694432854400D-03  1.55578404797168300D-01 -3.90053448810697000D-02 -7.54007593341573000D-03  1.70728987203570000D-06
76 30  3.32988968546709300D-01  5.89154848304716100D-01 -1.46468707836653300D-02  9.50480213516847500D-02  1.93585700410065500D-06
76 31  3.33098664266762000D-01  5.89516600960861300D-01  8.97242617063267500D-02  3.48485430595336600D-02  4.82393798729852600D-06
76 32  8.42445482623159800D-03  1.55880650598506200D-01  1.30214608593296700D-02 -3.76263641538506900D-02  4.67249866556218900D-06
77  1 -1.10722056091414000D-01 -2.58320736289089200D-01  7.11376238673043000D-01  6.34494778634017400D-02 -7.46270730628637300D-02
77  2  1.53640659660357900D-06 -2.52244115345622800D+00 -1.10573082266223600D+00 -2.44884623495902500D-05 -4.97133358576808700D-03
77  3 -6.18832785052261700D-02  6.68546120909934300D-02 -3.43487567960514100D-02 -2.30311151102148500D-06  6.72730465426365100D-07
77  4  1.10694258109193300D-01  2.58296261936150000D-01 -7.06464840054897500D-01  9.63177346989539500D-02 -1.73736819331819200D-02
77  5 -1.94695807054052000D-06 -3.01716252322222200D-01  2.73443545230631900D+00  2.42592324257982800D-05  2.19716186897503700D-02
77  6  4.50795840189766500D-02 -6.70512027087269300D-02  4.55743474649420000D-02  1.41422425641308800D-06 -1.73665510305573200D-06
77  7  2.57552143622871100D-01  6.11447762452754600D-01 -1.66258089556783500D+00 -1.30826004186050200D-01 -1.29187995570398800D-01
77  8  2.43709140821662500D-06  1.29747378851563500D+00  2.59224018805606800D+00 -1.53244494547658600D-05 -4.60143511894139000D-02
77  9  1.12456228103673700D-01 -6.64418769142608200D-02 -9.19948180853736600D-02  3.35966980353659800D-06  6.03868907239133100D-08
77 10  2.28193188234742100D-01  4.72494456169005900D-01 -1.74644012014427100D+00 -5.03789500143068400D-01 -9.40220889044755100D-02
77 11  1.20596815363733900D-07  4.62051016059201600D+00  7.23889067068514800D-03  9.93984493162849600D-06  1.45336484414321300D-03
77 12  4.99790229850344800D-02 -5.14323878291757100D-02  2.29434327068739900D-01 -2.17461172160041100D-06 -3.18126212292765300D-06
77 13 -2.27887001691060200D-01 -4.71842721557886200D-01  1.74133605659932900D+00 -1.70929836978454700D-01  4.83251278885183000D-01
77 14  6.47022873710437700D-06  2.30650103996957300D+00 -4.00624359195716600D+00 -8.98380496444352800D-06  1.34375921235328600D-01
77 15 -1.85723810093808800D-01  5.13478888584786200D-02 -1.38891814990903800D-01 -2.14237458748886000D-06 -4.68214324375914600D-06
77 16 -2.57492337910181800D-01 -6.11362343461329800D-01  1.66167057831639300D+00  4.63349984662562400D-02  1.78067970186522000D-01
77 17 -3.56991136950921900D-06 -1.59804068722530900D+00 -2.42415455178994700D+00  1.32951864224858300D-05 -1.41877533246864900D-01
77 18  7.55163770207416500D-02  6.63611562261256800D-02 -3.33404097733944000D-02  4.22738347096023700D-07  2.79080651457810800D-06
77 19  7.02398759635317400D-03  7.43012132096799900D-02  5.32129370237319200D-01 -6.22793694954299800D-02 -6.87350019480247300D-03
77 20  1.36134130375443600D-02  2.46082734773664700D-07  2.70989533451311000D-01 -3.10094295356610000D-01 -8.75612256744980300D-07
77 21 -1.81931751855021200D-02  2.59258625485313600D-01  5.76940117850430700D-06  2.39288318974516400D-03  2.24250789697688400D-03
77 22 -4.63539108672146300D-03  4.21569366012489100D-03 -8.20882423573980400D-08  2.27452277326090300D-07 -9.49947206909040100D-02
77 23 -8.46426199213448400D-02  1.79637340612249200D-01 -1.24414449007922100D-01  4.30897336293682400D-06 -7.99899866382166300D-06
77 24 -7.02302476612518000D-03 -7.43866438196861000D-02 -5.33112151985867900D-01  6.22348082355985400D-02 -1.53374773757075700D-02
77 25 -7.21889178756552500D-04 -2.11704628757519600D-06  4.04270524804094100D-01 -7.88744421949998900D-02 -5.07823216709067800D-06
77 26 -2.33912094709549900D-01 -1.13791323196706200D-01 -4.09244435866477900D-06  8.61873570388986200D-04 -5.51162429180789100D-03
77 27  4.64975072141818800D-03 -2.01187379007906100D-03  1.72104670526341000D-07 -3.61079062330770200D-08 -5.76582781250770700D-03
77 28  1.85676953507986300D-01 -1.79911125695478700D-01  5.64770415185045200D-02  1.38366715717433700D-06  3.59020433738662600D-06
77 29  2.04053311017129700D-02  2.10546545906081700D-01 -7.02743726197857700D-02  1.40405186911305100D-03  1.01296336319753400D-06
77 30  8.74438851738869700D-02  3.12868257753981900D-01 -3.22234893725847100D-02  6.16755204799986100D-02  1.22538857441713600D-06
77 31 -8.69835827191287600D-02 -3.12084687962109400D-01 -6.94081240495907400D-02 -2.89239576088919000D-03  2.12601609488124700D-06
77 32 -2.03729776248432900D-02 -2.10295586074587200D-01 -3.63422719804036800D-02  6.01036662754927500D-02  1.15131000355933300D-06
78  1 -4.47458997627922500D-05 -9.11040038047368400D-05  9.66509603838573500D-05  6.91997850955320100D-06  7.22724887698858100D-07
78  2  4.26978913836093500D-02 -3.11598587408298900D-04 -1.92242110138162700D-04  2.40963586452180900D-01 -4.37801275725351000D-06
78  3 -2.83885822699234500D-05  3.27665950271773900D-05  6.22826837097150700D-06  1.47790583384336600D-01 -8.49962125343485500D-02
78  4 -5.93528726042995000D-05 -1.27092332695873800D-04  4.23489411454556200D-04  2.50615378841693400D-05  2.97830632717385100D-06
78  5  4.31566944224625300D-02 -2.14407414553374700D-04  1.55060328226577300D-05  2.41456830845127300D-01 -2.33224080659799300D-05
78  6 -6.05256262516928800D-06  2.93749706911492100D-05 -1.28981556484372000D-05 -1.47685429884461100D-01  8.52389920676176200D-02
78  7 -7.73238741996566500D-05 -1.74144625906708900D-04  5.40776355038056800D-04 -1.54974700419858700D-05  2.14397330273846700D-05
78  8  3.39796792478178900D-02  1.19113619159641700D-04 -3.33023057762231300D-04 -4.27914844438046700D-02  1.25462300760097900D-05
78  9 -2.19134941940785100D-05  9.36726411806843800D-06  2.98438237674675700D-05  1.01063986638686200D-02 -1.82291447300654200D-01
78 10  7.20108150587012200D-05  1.56904280371499500D-04 -5.58813298776962100D-04  4.09871646189669300D-05 -1.92555453593081000D-06
78 11  7.94440843987889300D-02 -2.25441038061857900D-04  8.19189338808040300D-05 -8.31052859215188300D-02 -1.18841881078282700D-05
78 12  2.86023390259177800D-05 -1.67181509180898900D-05 -3.24242426315199700D-05  1.75657621500101100D-01 -3.02796270665944700D-01
78 13  8.04335103137141600D-05  1.80114368290830900D-04 -7.61144178834013300D-04 -1.28064944575554600D-05  5.54394542220681200D-05
78 14  7.94437905789896200D-02  1.88783027680332700D-04 -4.20566248381716800D-04 -8.34077292138843100D-02  4.60659010940075800D-05
78 15 -3.42195213236527100D-05 -1.18463797703548400D-05  2.59173272608009000D-06 -3.50176448117248000D-01  4.65919604471078800D-04
78 16 -5.98536624978446500D-05 -1.37928467157075100D-04  4.98929253128338600D-04  5.99455362024637000D-06  2.84313199543018100D-05
78 17  3.38909830225240000D-02 -3.42809121954618800D-04 -4.12017540407093600D-04 -4.23266466194644300D-02 -3.67352531958537400D-05
78 18  4.08247410608807800D-05 -4.08948786502703100D-06 -2.22329495638549900D-07 -1.63209105617835200D-01 -8.23214252486790700D-02
78 19  4.82602611415505400D-06  2.11558915008689100D-05  9.05304960669835300D-05  1.16702027947127900D-04 -9.39542061374656600D-07
78 20  3.32747135885361300D-06 -9.48203978853038700D-02  5.45364807258575900D-05 -1.04839949401622400D-04  1.35040704522518700D-01
78 21  1.16489829169600000D-05  1.71039681826794100D-05 -1.59765333566160700D-01 -1.97204174956740500D-06  2.00227219292313100D-06
78 22 -3.02304433560725700D-08 -8.31906529161161300D-07  5.52616012878929700D-03 -2.81763337398136400D-03  1.18611932663555000D-05
78 23 -2.93650723669789900D-07 -1.15675425426860400D-05 -2.62493074389265000D-05 -2.03453717259997100D-01  3.99148162130749600D-01
78 24  3.46381643651580300D-06  1.91215689429819400D-05  6.69023084841101800D-05 -7.89859334655656700D-05  2.11162108359647600D-05
78 25 -1.06159655225653600D-05 -9.49565973198025600D-02 -5.24090828812336300D-05  1.04663147400281300D-05  1.35260313448183200D-01
78 26  1.11603728721895500D-04 -2.49943365228152500D-05 -1.60205372544554100D-01  2.23025638632961000D-06 -1.49491380351435200D-06
78 27 -7.35342582815346300D-07  2.62762309183100300D-06 -5.20733801882700100D-03  3.37052601438017000D-03 -3.13956533796706500D-05
78 28  2.14000864021731600D-05  9.99556697749751900D-06 -4.29200303313056900D-06  4.48619867820472500D-01  2.36017578825643600D-02
78 29 -8.90644835471033500D-05 -2.00885012997465000D-04  1.19326109411093200D-05 -7.78156309292302300D-06  3.41002297836711600D-02
78 30  1.70278584855761100D-05  7.68200045964616800D-05 -3.46044757041788500D-06  1.50109657935126800D-05  1.51164276415493200D-01
78 31  2.55783048577638000D-05  1.85304712487089900D-05  1.15340734152960600D-05  5.13865998583222000D-06  1.51310314286005600D-01
78 32 -8.28412384780259400D-05 -8.65843799984030600D-05 -1.68466873874427300D-06  3.74315949690798900D-06  3.42527854584077800D-02
79  1  1.53560995787794800D-02  3.48393956352311500D-02 -1.45834943817958200D-02  3.91592259959981700D-03 -5.67736913076770900D-03
79  2 -2.69977964591072600D-01 -1.11377980848089500D-02  6.70878871668452000D-02 -1.41584572399370800D-01  1.70290898827908500D-03
79  3  7.35483896842736800D-03 -9.05774795670646000D-03 -5.21114486450265400D-03  5.73462863109429100D-02  1.34071278060608600D-01
79  4  1.59231069639080700D-02  3.59908239885216400D-02 -1.76740748840836900D-02 -6.77747351388982500D-03  5.33052176022884000D-04
79  5  2.69899009782881900D-01  6.72182238177898600D-02  3.76287142718639300D-02  1.41127357994525200D-01  9.81482911460641900D-03
79  6 -5.45231925842242400D-04 -9.26959718876417700D-03  4.87674098023075700D-04 -8.71226292334997000D-02 -1.16875940942587800D-01
79  7  2.97040666505595300D-03  7.49953301694183100D-03 -1.61146908839894600D-02 -3.33540457114252800D-03 -6.61316483234194300D-03
79  8 -2.58508125402265300D-02 -2.10247983433616200D-02  2.98866648003406700D-02 -6.85813893296222500D-02 -5.12498639997819200D-03
79  9  3.89226539560042400D-03  1.23272100437778700D-03 -5.97999467361583400D-03 -1.34833532083934100D-01  1.23963914609425400D-01
79 10 -1.02023796586865500D-02 -2.36646481064496700D-02  2.49357768317093100D-02 -7.37581065649143600D-03 -1.04958426039074700D-02
79 11 -9.00841163716008600D-03  1.78408257170490600D-02  3.47227368349392900D-02  8.18591495202996000D-02 -2.88518110677724700D-04
79 12 -3.86831144625450200D-03  4.15682955693230400D-03  5.27277991418330800D-03  4.88127091476251100D-02  1.05947394651507800D-01
79 13 -9.31225644182406000D-03 -2.16598214315831700D-02  2.22249171976474400D-02 -5.39570981610645200D-03 -1.16969556029739800D-02
79 14  8.86489080210831600D-03  2.38256819303405000D-02  3.79763591252124000D-02 -8.17069897308344400D-02 -6.84029921136559500D-03
79 15  2.91042524899853200D-03  3.92987396236708100D-03  1.11408040269824700D-03 -6.66763341163716900D-02 -9.51752647112324200D-02
79 16  3.18521184466289900D-03  7.72707276259714000D-03 -2.96740556353612000D-02 -4.85805196686761900D-03 -6.04798373510551100D-03
79 17  2.57090193348851200D-02  3.14909908103440500D-02 -4.52937591581835600D-03  6.87235601472524400D-02  5.83802140567913700D-03
79 18 -7.23996688427697500D-03  1.40194547859785900D-03  1.41905790961927600D-03 -1.74495383274669800D-01  5.49229842006114200D-02
79 19 -7.48229850989603200D-04 -5.49451876502609900D-03 -3.42287128435180800D-02 -9.27378332960011500D-03 -7.83089035462957500D-04
79 20 -1.81215624213549200D-03  7.49807444902240300D-02  6.50692728348869300D-03  2.35156857891239000D-02 -1.31713860504055600D-01
79 21 -9.91137755682491600D-04 -1.01995505493892600D-02  2.31467272878153300D-01  4.64859374908256500D-04 -6.85580882745192400D-04
79 22  2.20721507836992900D-04  2.60740547028414400D-04  2.34526980658159000D-03  3.57188166654540400D-03 -7.87540432724803000D-03
79 23  4.94880806948098900D-03  2.92659625776707100D-03  4.29668178892523900D-03  1.92986089751867400D-01 -6.13341025376909900D-01
79 24 -7.54092113635112200D-04 -5.79462439462337300D-03 -3.79156249789110200D-02 -1.20148557653254000D-02 -1.29538532827846000D-03
79 25 -1.78021332630774700D-03 -7.48428868202076500D-02  1.92489533535411500D-02  1.71581158998095800D-02  1.31527733959598400D-01
79 26 -7.86038070376471300D-03 -6.49383332226932200D-03 -2.31199943935502900D-01 -5.89119875241093900D-04  3.38228856361659700D-04
79 27  2.50891018879439700D-04 -4.78218935791069500D-04 -1.90648988281378900D-03 -3.81149500674480600D-03 -1.78689676240419100D-03
79 28 -3.96105134978066100D-04  2.18300189738225400D-03  8.53252338645669500D-03  6.26819604050912000D-01  1.39527242637738700D-01
79 29  9.87319861345873100D-03  1.38567362537541600D-02 -5.57125439748547800D-04 -9.80014444791327000D-04 -8.63220543603833400D-02
79 30  1.36124906940671700D-02  1.27173945302138200D-02 -6.74914517445052500D-04 -9.11589341459287900D-04 -7.13725511560248700D-02
79 31  1.50301956349627900D-02  1.48561821045688200D-02 -4.50422091909473000D-04 -9.65863192751920100D-04  7.10442530012015300D-02
79 32  9.86349146907201800D-03  1.35892337532422500D-02 -3.66562461136765000D-04 -1.12854522053105500D-03  8.62451110885091700D-02
80  1 -3.17502369548081600D-01 -7.18837980827608600D-01  3.44353411743178800D-01 -7.93537148610869600D-02  1.15917528377132700D-01
80  2 -1.34244562428250800D-02  1.14185465905149300D-01 -1.45978878110415000D+00 -6.65145735100731500D-03 -3.48681757265545900D-02
80  3 -1.50439157700534700D-01  1.85307333427089400D-01  1.03474851650884000D-01  2.80346639521576100D-03  6.62231213890299500D-03
80  4 -3.17472977447684500D-01 -7.18775602414095700D-01  3.44221003210011000D-01  1.40069927501386700D-01 -1.07553233976063300D-02
80  5  1.34166741735947900D-02 -1.32115537806430600D+00 -6.30218243908411300D-01  6.54028513443710700D-03 -1.99153798806591800D-01
80  6  1.38587733978329200D-02  1.85295025408759000D-01 -6.05544123276820200D-03 -4.27543180916514800D-03 -5.77848203566105600D-03
80  7 -5.75173823931558100D-02 -1.44069272233275100D-01  4.17823077312001400D-01  6.23708208812828000D-02  1.39968845824241200D-01
80  8 -1.48011780319548400D-03  4.16708440688240800D-01 -5.51529520007289700D-01 -2.90781490250468900D-03  1.03293434262581900D-01
80  9 -7.64216674284064600D-02 -2.68717668341758000D-02  1.18872009664228700D-01 -6.71275172815863400D-03  6.21960695851978200D-03
80 10  1.95020597721277400D-01  4.53526569666489000D-01 -4.47812489344297600D-01  1.48876069570207800D-01  2.13982737866409100D-01
80 11 -4.47384832919827800D-04 -3.79308443111980300D-01 -7.53972759174535800D-01  3.85246783295998500D-03  7.37990853517537500D-03
80 12  7.46197723199798500D-02 -8.19996808551567000D-02 -1.06400714329997900D-01  2.31227613984890100D-03  5.27528117302468500D-03
80 13  1.95044006697425700D-01  4.53581472640387500D-01 -4.47841453396516400D-01  1.10854307799627800D-01  2.35972867057215800D-01
80 14  4.11687515188289700D-04 -4.62998937405106600D-01 -7.05642175162253700D-01 -3.82001158461952900D-03  1.37629147106679200D-01
80 15 -5.56273128383916900D-02 -8.20018342682879700D-02 -1.95549239065730000D-02 -3.26466019948869500D-03 -4.64657538361888100D-03
80 16 -5.75153496731186600D-02 -1.44085944647572500D-01  4.17259325224067800D-01  8.99755509162136100D-02  1.24034616135541500D-01
80 17  1.46775377016252600D-03 -6.86349231072332300D-01  8.47536635498265500D-02  2.93295625723629900D-03 -1.20665193599281300D-01
80 18  1.47530778290450100D-01 -2.68655846911692300D-02 -3.04641686806883000D-02 -8.67721375145530700D-03  2.74571127132170600D-03
80 19  1.53900249781024800D-02  1.14147959525256800D-01  7.25393363442731800D-01  2.13388849296830300D-01  1.94084695646577900D-02
80 20  3.77480883895482700D-02  3.68689366925777300D-03 -1.21061424878819900D-01 -4.88134096169819600D-01 -6.53873222940876000D-03
80 21  3.05506464451052500D-02  2.03562707669287700D-01  1.14141865786849200D-02 -9.49627226314649400D-03  1.42039105928367900D-02
80 22 -4.70763832969146700D-03 -4.96430307132070300D-03  1.16161912412615500D-04  1.77308593170731900D-04  1.54316382966718700D-01
80 23 -1.00675189798425900D-01 -5.36411931682934600D-02 -9.69855718057159300D-02  9.44668619277641000D-03 -3.03552612644780700D-02
80 24  1.53913895543769200D-02  1.14131729750895700D-01  7.25202616935937700D-01  2.13219524733827500D-01  2.29856626807701800D-02
80 25  3.56763784815166100D-02 -3.64659843790153800D-03 -3.62024150987691800D-01 -3.48964750875197800D-01  6.49409424656136700D-03
80 26  1.61039233301984700D-01  1.28216564826764100D-01 -1.13487148598304700D-02  1.20007359912712200D-02 -7.29456103397000000D-03
80 27 -4.70617495730135400D-03  9.36941887737543700D-03 -9.34663659172642400D-05 -1.90261313177491700D-04  3.58059941043056900D-02
80 28  1.78783528103252100D-02 -5.36843469146308000D-02 -1.75986080415253500D-01  3.08302110001025700D-02  6.99467624543705000D-03
80 29 -1.96540126971882400D-01 -2.72580086225567600D-01  1.28560331969152300D-02  1.94202688733823300D-02 -4.29063475967374000D-03
80 30 -2.92445803561351300D-01 -2.82026562162893500D-01  1.34354881634670100D-02  1.73119973265366500D-02 -3.54636481171733700D-03
80 31 -2.92405912393318900D-01 -2.81987176092364100D-01  8.26447560829007300D-03  2.02964505947375200D-02  3.48207445144174400D-03
80 32 -1.96533948838875600D-01 -2.72581086796829200D-01  1.03953492942562300D-02  2.08414453077574700D-02  4.27995301126877400D-03
81  1  1.68727772060336200D-01  3.49983425681302100D-01 -9.16064063857676100D-01 -4.46644921775797400D-02  1.43268977554260300D-02
81  2 -4.76310488692413300D-04  3.98508200940001000D+00  3.56048930080771600D+00  2.85369355786315300D-04 -1.68626794374903400D-02
81  3  9.26633161814484900D-02 -7.58006367439577500D-02  6.82826360311599400D-02  8.81958733849626800D-05  1.75843544396840400D-04
81  4 -1.68719973541890300D-01 -3.49974746448070600D-01  9.15912852731923200D-01 -3.47275268352466800D-02  3.15147092400228400D-02
81  5  4.67821388595323200D-04 -1.09037674024402400D+00 -5.23145893254108800D+00 -2.84524712610146400D-04 -1.40476682733658700D-02
81  6 -6.17536430046237600D-02  7.58013112779879500D-02 -8.88938523166913200D-02 -1.13162637878146500D-04 -1.51856644893221500D-04
81  7  9.51812307237853000D-02  1.26026159762374000D-01 -4.68266908153543100D+00  2.13983487123747600D-01 -1.88367083913109800D-01
81  8 -2.59365179525548600D-04  1.36956574955202400D-01 -2.08346934482101900D+00  4.36392349399438800D-04  4.81870347086484100D-02
81  9 -8.85908350852211100D-02  4.04038003765711100D-02  7.19159361558516400D-02 -2.54745404104687100D-04  2.50680933245206700D-04
81 10  3.31103703597026100D-01  7.35929075303165900D-01 -1.24330527633368200D+00  2.34631611921872800D-02  1.13341163690720400D-02
81 11 -3.27967585593419100D-06  6.48721641632852700D-01  1.64567659187467000D+00 -1.02363422727093700D-04 -2.99381679271033500D-02
81 12  1.06367053297703200D-01 -7.64288853706008600D-02  3.57290071484029800D-02 -1.67452481064366100D-06  1.39772332395251200D-04
81 13 -3.31102401852697400D-01 -7.35925630903759800D-01  1.24336389923463300D+00  1.93439893299323700D-03 -2.59769292255342200D-02
81 14 -3.81768635062463100D-06 -1.10078527661965900D+00 -1.38472822135419300D+00  1.10851764321968100D-04 -4.54834965075729500D-02
81 15 -3.09454282860242300D-02  7.64289247935984700D-02 -8.60208190500855700D-02 -1.31823947321668200D-04 -4.71174219377449100D-05
81 16 -9.51848727444740300D-02 -1.26024559485436400D-01  4.68273007814313500D+00  2.70131472998342100D-01 -9.11098829621013600D-02
81 17  2.58949617431080900D-04  1.87284227447948200D+00  9.23428846590400900D-01 -4.46896777308344200D-04  1.08328786022725500D-01
81 18 -6.79295400742307300D-02 -4.03992459484949800D-02  3.24517239868702300D-02 -3.49558616856097500D-04  7.67270102608744700D-05
81 19  2.50694928582337200D-03 -9.53413865237334300D-02 -1.33877924716411400D+00 -1.13749067235245900D+00 -4.85707410264368700D-02
81 20 -6.29362466279321000D-02  6.28059677663618000D-05 -4.52992101992416200D-01  6.41668839525550900D-01 -2.08288612207962700D-04
81 21 -2.88921799372441300D-01  1.23268456313178000D-01  2.67968284848670500D-04 -4.51643562619801500D-04 -1.28226870080179000D-02
81 22  1.32743305706384200D-02 -1.14925815156922200D-02  4.59968540848385000D-06  5.44232474153262900D-06  1.86048803910402200D-01
81 23  3.58588938794233400D-02 -2.21907697789824300D-01  2.73810955952759200D-01  1.45756871895993900D-04 -8.53313502869001600D-04
81 24 -2.51215005763869800D-03  9.53393314068800000D-02  1.33879274915140700D+00  1.13747827243582400D+00  3.02048614191206300D-02
81 25  7.35162377872868400D-02 -5.41723876421898000D-05 -7.82191191619656100D-01  7.13911457852463400D-02  2.09745467977779200D-04
81 26 -2.51231448413031500D-01  1.88550619387610000D-01 -2.64536904673470300D-04  1.10944468848867000D-03  1.21658188474831500D-02
81 27 -1.32752635359712100D-02  1.19308576742358100D-02 -2.90965062730540500D-06 -6.36389301201267500D-06  1.31953207405041000D-01
81 28 -3.53867231131921600D-01  2.21914023726880800D-01 -6.17392355354912000D-02  8.16500012592441800D-04  2.78698745275026600D-04
81 29 -4.07968576785397100D-03 -3.21077540206680400D-02 -8.49338073003733000D-02  3.72845409263694000D-02 -1.50551200316947200D-04
81 30  5.40503645101862900D-01  7.20239312337638300D-01  3.41364155443889500D-02  2.04769762052011300D-02 -9.09075045457694600D-05
81 31 -5.40520156180040600D-01 -7.20240857662520700D-01 -6.65163556787870000D-04 -3.98047928280964400D-02  8.94753715871528300D-05
81 32  4.08875129475472800D-03  3.21325995459011600D-02 -7.47633802743970600D-02  5.49019733224585300D-02  1.44709687354746700D-04
82  1  3.68282040644348400D-05  6.99801690604689700D-05 -8.24487862943522400D-04 -1.01252387616235300D-05 -9.66999847578301200D-05
82  2 -7.39674402661833200D-02  4.60359386993973800D-04  1.21648258593130000D-04 -3.76678558789989600D-02 -1.16440376219802500D-05
82  3 -1.00667087243679800D-05  2.17107463463500300D-05 -5.81639794263167000D-05  1.34298795252939800D-01  6.34643410211912800D-02
82  4  3.40724592013080600D-05  6.14558041771679000D-05 -5.49113356271872000D-04 -5.67060371066077100D-05 -5.10249273845427100D-05
82  5 -7.39814930014792800D-02 -2.84381072315835700D-04  1.02036111896008800D-03 -3.77124007683570900D-02  3.56119901254670100D-05
82  6 -4.85093439689872000D-05  1.28973538435206300D-05 -2.77682914813802900D-05 -1.21915004246338900D-02  1.48039607400906500D-01
82  7 -2.80934653656820400D-04 -5.79643890435939600D-04  3.08316045322849700D-03 -6.31225403664048300D-05  1.44011667216906100D-04
82  8  2.13315035596094700D-03  1.48955717455330500D-05 -5.67164336771347500D-04 -9.12336212637542300D-02 -8.51787692349092800D-06
82  9 -1.83670667850591900D-05  2.68849437085491800D-05  7.00838720182556300D-05 -2.31517421378083400D-01 -1.45103123488135200D-01
82 10  1.72140555064691600D-04  3.63930971634678600D-04 -1.98282893390213000D-03  3.10179301259242000D-05 -9.12184683207379800D-05
82 11 -1.22280420756554200D-01 -8.51704558840883700D-04  3.68399968864274800D-04  1.21077493328983500D-01 -6.64803692535303500D-05
82 12  5.74831428379471200D-05  8.99722641558309400D-06 -8.12773918810149400D-05  3.31336334518782600D-01  1.65489384822757000D-01
82 13  1.84776965815184700D-04  3.91748846933817900D-04 -2.16897213486316900D-03 -9.11907143452060200D-05 -4.99874044359740100D-07
82 14 -1.22310925764712300D-01  7.78966794869667100D-04 -7.17043857367164100D-04  1.21122488789126400D-01  9.18156858050843000D-05
82 15 -1.03887430092803600D-04  1.20717442877195600D-05  2.00966295937916700D-05 -2.23746491371217300D-02  3.69700950542452100D-01
82 16 -2.68907109766614400D-04 -5.57448750807884000D-04  2.85715190532305200D-03  1.24663874510912100D-04  4.69130742260891000D-05
82 17  2.13154026930387900D-03 -5.26910796931483900D-04 -5.88408432685552300D-04 -9.12468486316929300D-02 -7.18736000051609600D-05
82 18  5.15614026269452800D-05  2.03121973782158100D-05  3.05156141541199100D-05 -9.87529544169426700D-03 -2.73060009073581200D-01
82 19  4.92609532984939100D-06  2.96606537732956700D-05  1.20044455851547700D-04  1.49095504701283800D-04 -1.29560752884739800D-04
82 20 -3.21403757953197300D-06  1.67077901490132100D-02  7.55178299572489900D-05 -1.66574245914136600D-04 -3.94731376791234600D-02
82 21 -2.26131394229827300D-04  4.60341475934124700D-05  7.43729846802558800D-02  4.52634283035188800D-06 -5.28551650008650700D-06
82 22  7.59173669733693300D-07 -6.38176478915649900D-06  2.65619609987137200D-03 -3.39213987879509600D-03 -1.06079685995241500D-04
82 23  4.35522332478922700D-05  6.25274527473483900D-05  2.70766917242382000D-04 -2.65108510275484000D-01 -2.25341791154309800D-01
82 24  3.84640036949458900D-06  1.86821732805824100D-05  3.29434142350910300D-05 -2.91662087244706900D-05  7.89223645060226800D-05
82 25 -1.40758043783045900D-04  1.67460997554959800D-02 -9.88466616458230500D-05 -2.15285164480892900D-05 -3.95243499599517900D-02
82 26  2.38165572792569300D-04 -2.29812604706597900D-04  7.44332161430933400D-02  2.81326700384318200D-06 -3.58004267553575800D-06
82 27  7.66775671692174100D-07 -7.55432303389769300D-06 -4.26519473982214900D-03  6.04972975363146100D-04 -2.55621399882403400D-04
82 28  1.92533355429644300D-04  6.30880444527588100D-05  2.26723027074021000D-04 -6.26443488116581700D-02 -3.42293536216137000D-01
82 29 -2.67290517410119500D-04 -5.83859194680979600D-04  4.93791561701091200D-05 -3.84033384169866600D-05 -1.16029175885357700D-01
82 30  2.05059307241142000D-04  3.34413953743113600D-04 -1.92455353365871200D-05  4.57734798484719400D-05 -8.51367563803478200D-02
82 31  2.30915605622180900D-04  3.06932703182258900D-04  4.52574070584992100D-05  8.83523225495806800D-06 -8.51513566317819200D-02
82 32 -2.49274644988044600D-04 -4.75743944953450900D-04 -4.72333600124526400D-05  2.07581604786198800D-05 -1.16035306014026400D-01
83  1 -5.89981210920842000D-02 -9.52144166208215400D-02  1.14910588990525000D+00  2.03384393966373500D-02  1.18648246415485900D-01
83  2  1.97432715679175000D-04 -1.22866289172290400D+00 -3.10016803231375200D-01 -4.12974875877284300D-04  1.54057390406680700D-02
83  3 -2.66326620483978800D-03 -1.27424728358306500D-02  7.58353958518136100D-02  5.67180733177422900D-05 -3.75136308307040000D-05
83  4 -5.89948975776806100D-02 -9.52107013472320700D-02  1.14894985222648600D+00  9.25688666356718300D-02  7.69484680516381900D-02
83  5 -2.19822899549561700D-04  3.46192370297458600D-01 -1.21945858066986800D+00  3.64991916639445300D-04 -5.50302018774183300D-02
83  6  6.77673322914084700D-02 -1.27371304139907300D-02  2.88659438390260800D-02 -1.84041376136515100D-06  1.46387564135268800D-04
83  7  3.50955518408480100D-01  7.09610038649923800D-01 -4.08005424204566400D+00  4.77102184989375600D-02 -2.30455986358314800D-01
83  8  1.40826048708431300D-04  1.65904975673981000D-01  7.34620376727051800D-01 -5.28860029814305000D-04  3.75943855411533800D-04
83  9  2.50711185020298600D-02 -2.54470623574399900D-02 -9.47950641936067100D-02 -6.73768997537990300D-05 -2.72236401089670000D-04
83 10 -2.27904986349625100D-01 -4.79837781002803300D-01  2.66967809692001400D+00 -2.52272172815675600D-02  1.14596894733269100D-01
83 11 -1.33173761350001900D-05  1.16891441145528500D+00 -3.94405643707273400D-01  2.16278623118256800D-04  9.25715082601630000D-02
83 12 -7.53449750362603500D-02 -1.72265332239024000D-02  1.08649261549972600D-01  3.61216278714088400D-04 -3.18231060548298700D-05
83 13 -2.27900797196356700D-01 -4.79825319616840900D-01  2.66981003383608200D+00  1.11856893801693800D-01  3.54447388347063000D-02
83 14  3.84553827429867200D-07 -9.26229027231243700D-01  8.15380367408219200D-01 -1.02871201883235300D-04 -1.14850373163204800D-01
83 15  1.32080505099015600D-01 -1.72301319358113900D-02 -2.96609253612533000D-02 -7.47953393882356700D-05  2.42992799319939200D-04
83 16  3.50951086885343300D-01  7.09601526413480100D-01 -4.08013525400958400D+00 -2.23428127130415200D-01 -7.39341747770101600D-02
83 17 -2.88113982989347000D-04  5.53317323975524800D-01  5.11391617143901200D-01  3.89540095384027000D-04  9.00055544066559300D-02
83 18 -6.45640575631394300D-02 -2.54414968435167200D-02 -3.50343816224105200D-02  1.88066583660481800D-04 -2.61124740129443200D-04
83 19 -4.86567089597434600D-03 -2.90904399100454100D-02 -9.90755613174317000D-02 -8.75558844936022800D-02  2.12339830117028400D-01
83 20  8.56155409287081800D-03  1.06423006895169000D-04 -1.18982128091294800D-02  1.56872377010182000D-01 -7.77843588890871200D-05
83 21  3.83465904831326100D-01 -8.17441965473459200D-02  5.61867015107264300D-05 -7.38189763161505300D-03  8.66904345394095400D-03
83 22 -1.28714582232460200D-03  1.01452564466882800D-02 -8.97734189127429300D-08 -4.64544521437223200D-06  1.21257120718960100D-01
83 23 -3.65003691123960400D-02 -8.47567516065631900D-02 -4.78271038292406600D-01 -1.83641090237895600D-04  1.02846377014770700D-04
83 24 -4.86513337474370000D-03 -2.90879928347735500D-02 -9.90494911924553200D-02 -8.74982301334063700D-02 -9.87656745093330700D-02
83 25  1.88155807536957500D-01  7.69528789668438000D-05  1.41753573317027300D-01  6.81652086827411200D-02 -2.34030654388094400D-04
83 26 -2.62585253058384800D-01  2.91212670600313200D-01  1.65322616406505400D-04 -2.95635137382382600D-03  4.24371412802355200D-03
83 27 -1.28736275419912400D-03  1.30978934226705500D-02 -2.71809463113189000D-06  3.15310019048879600D-06  3.61724575694697300D-01
83 28 -2.76971735328331800D-01 -8.47528403663654600D-02 -3.17938504505697000D-01 -3.27473737004947300D-04 -3.83407478751407200D-04
83 29  3.27160257247958600D-01  6.90280054958635800D-01 -6.27728727457775900D-02  4.60530485400312100D-02 -3.18250192995665500D-05
83 30 -2.68325808253724000D-01 -4.07042068469817900D-01  2.19272637577089000D-02 -5.99007550140214700D-02  2.44107824827058300D-05
83 31 -2.68314975877828900D-01 -4.07000405365456200D-01 -6.28372546183702900D-02 -1.09657333952436900D-02 -2.30276796434316100D-05
83 32  3.27150787604433600D-01  6.90240922918761200D-01  7.12725867375684600D-02 -3.13305861564772800D-02 -1.77818409206980000D-04
84  1  1.68112319767767900D-02  9.05355065454556500D-02  2.43141431815498600D+00  2.15739073629146700D-01 -1.29643000257781100D-01
84  2  2.09798228259278400D-05  2.64035418569780200D+00 -1.80668403463223700D+00  1.54734480796473200D-05  1.05034379682296800D-01
84  3 -5.27885387325170400D-02 -5.22458409497796200D-02  6.87972804184829000D-02 -1.71149021110420100D-05 -9.68599010406746800D-06
84  4 -1.68205459584789800D-02 -9.05522787681115900D-02 -2.43117842895996900D+00  2.20153418154104000D-01 -1.21966492421849500D-01
84  5  3.22401755501783100D-06  2.88499010226082100D+00 -1.38310055805738100D+00 -3.30329685610384900D-05  6.49201664904044800D-02
84  6 -1.17164445906804000D-01  5.22442794164005000D-02  4.45293878035108600D-02 -9.88236673346536900D-07 -1.83357599839283000D-05
84  7 -1.68101436550486800D-03 -2.52421902378012600D-02 -1.07316810747805200D+00  1.43925297244532800D-01 -2.58633856488429200D-01
84  8 -3.45809314156383300D-05 -2.18821848823326200D+00  1.27796339588123000D+00  1.41082814660421700D-05 -3.02218107934849300D-02
84  9  1.73306403854424300D-02  1.28911704080412400D-02 -1.35489616602411400D-01 -3.33827828739098700D-05  9.09383560386194500D-06
84 10 -1.42943524720947200D-01 -3.33985389008205800D-01 -8.77486806531773900D-01 -2.51998000088180200D-02 -1.38607917526695600D-01
84 11  2.21374166302370100D-05  9.45282922527335100D-01 -5.57442316231886000D-01 -7.45698268829733600D-06  2.09636854874570500D-02
84 12 -7.23252881439514800D-02  5.13616026564959300D-02 -3.71239796446104400D-02  3.34169953711191900D-05 -2.50618998511937400D-05
84 13  1.42947033548213300D-01  3.33993944344870200D-01  8.77350027283674600D-01  1.07419904573347900D-01  9.11359833315718200D-02
84 14  3.09609573309628500D-05  9.55512511284895400D-01 -5.39899955750213200D-01 -1.61862997887599700D-05  2.11572065875627000D-02
84 15  3.02123699790699000D-02 -5.13695765666324400D-02  6.52138617065638500D-02 -4.90179849092113100D-05  3.70368810406658700D-06
84 16  1.68909003333558600D-03  2.52582724559018700D-02  1.07305445468251600D+00  2.95943162476431700D-01  4.70863875484422800D-03
84 17 -2.92206280076315200D-05 -2.20111954909945500D+00  1.25567307266332500D+00 -4.04221352663056800D-06 -1.07068133855685600D-01
84 18  1.19965541536031600D-01 -1.28974076803451900D-02  4.39342120477958400D-02  1.16814724507021000D-05 -5.19452008999815000D-06
84 19 -5.99871705789799300D-03  1.76514384783726100D-02  4.36652077590119000D-01  4.67705248785866500D-01 -2.44575183918898800D-01
84 20  1.19384986000081800D-01  4.10154284180262100D-05 -1.47512153966983300D-01 -3.07979704364774200D-01 -6.36410762540060100D-05
84 21 -4.40509112541795000D-01 -1.06488248952275900D-01  2.07315199100365800D-05 -9.29964759274341900D-04  4.34751696847093200D-03
84 22 -3.41755220919663600D-03 -2.26622020201166700D-02 -2.07134274117133700D-07 -6.85596677549298200D-07  6.98723364352927000D-03
84 23 -1.13586913322051400D-01  1.06599679678521900D-01  5.07806934760739300D-01  2.00813516894620800D-05 -5.19205672157662700D-06
84 24  6.00129395079970200D-03 -1.76482318087967100D-02 -4.36679691491160000D-01 -4.67696401736502300D-01 -2.25675892803511700D-01
84 25  1.52083630763102700D-01  5.50519225129654800D-05  1.92915661647371100D-01  2.81792280846762100D-01 -7.32454967536668100D-05
84 26 -1.28071552963592600D-01  4.34714027533923600D-01  4.44352085572451500D-05 -2.00261559052661600D-02  1.66084274763659300D-02
84 27  3.41772842889987200D-03  8.68902074835650600D-03 -1.74326580356714200D-07 -1.87339308557708500D-07  4.64313105799258400D-01
84 28 -3.57704884638188600D-01 -1.06608221161070000D-01 -1.93529506919543100D-01 -4.74985843898229900D-05 -1.04382394405825900D-05
84 29  6.64586378580773900D-01  1.18738856543994600D+00  1.19082121647107400D-02 -4.62341859338358400D-03 -2.58200211508390700D-05
84 30 -2.89077928384664500D-02 -1.80677659677697900D-01  3.73122141563853600D-02  1.64854409732464600D-02  1.59159603708378500D-05
84 31  2.89026741848743800D-02  1.80681150053341400D-01  4.38640171926104000D-03 -4.05518879472769400D-02  2.80986335372322800D-05
84 32 -6.64586601053809000D-01 -1.18737309420646500D+00  9.95928652751474000D-03 -8.00461351725298600D-03 -1.44364012635877200D-05
85  1 -4.29634778937591200D-05 -1.04707045086003900D-04  3.55005141401554100D-04  5.50014527325618100D-06  4.11772507381397200D-05
85  2 -8.04355525582289000D-02  4.38245181369679300D-04  3.00167961828630600D-04 -2.95644346517233000D-01 -3.49113280245770800D-05
85  3  4.53554920902299000D-05 -1.04441640656525300D-05  6.82167545552300500D-06  4.30997316066993300D-02 -1.63928129647536800D-02
85  4 -6.36953161934323900D-05 -1.56802578679832100D-04  5.33374194455720000D-04  6.68370644487135200D-05  4.58105324891817900D-05
85  5  8.04370679918170000D-02 -3.08229016758691900D-05 -3.18547810233268000D-04  2.95634549493801200D-01  2.29839728206825200D-06
85  6 -1.10633854003970000D-05  8.76498811832867500D-06  2.76240653821816300D-05  3.57444921613148300D-02 -2.91087477209181700D-02
85  7  1.33240537012846900D-05  3.13766901852639800D-05 -1.36325021663073000D-04  4.94515172809817300D-05  7.96005706372585000D-05
85  8  1.04116545350232300D-01 -2.67824932469767400D-04 -4.47592713431299300D-04 -1.88934455213344300D-01  5.28861828285874900D-05
85  9 -4.35384199328194000D-05 -9.34776289576839900D-06  2.70856393897311300D-05  3.32307421769841600D-01 -6.60300557194426200D-02
85 10  5.54915918124900500D-05  1.21261580633498000D-04 -5.15640402513831000D-04  7.94576195282165100D-06  4.63570627828987500D-06
85 11  1.56283600981833600D-01 -1.39852727464467700D-04  6.29297142638525900D-05 -1.33524297524041800D-01 -1.38772189670728000D-05
85 12  3.15530890604882700D-05 -1.76758700934157100D-05 -9.78113266415403900D-06 -6.15911570043790200D-02 -2.31089279357085300D-01
85 13 -7.08922689785126300D-07  5.23921382817146200D-06 -4.52619835628571700D-05  2.06604895453679600D-05 -9.16275291820371700D-06
85 14 -1.56295821928475900D-01 -1.20027050282138100D-04 -1.91151645390164000D-04  1.33537975580494000D-01  6.90762600069628500D-06
85 15  8.35946592583933900D-06 -1.52670919265354300D-05  1.11095688522143700D-05  1.69334197918953300D-01  1.68913567743014200D-01
85 16  1.38144092366162800D-06  1.81358640677349000D-05  4.93792029473740900D-04  1.01032968754789300D-04  3.42410171141260300D-05
85 17 -1.04128695256622400D-01 -7.81541452687656400D-05 -2.94101879032656800D-06  1.88940954727349800D-01 -1.77400084399102700D-05
85 18  3.02952185706563800D-05 -1.25552101307459300D-05 -2.85747321456380900D-05  2.23346383014420000D-01 -2.54736100162962900D-01
85 19  6.52345972624229100D-06  4.77760783211308300D-06 -2.10646526692431100D-04 -1.91388354071550600D-04 -3.67312225806324400D-05
85 20 -5.26019295145088900D-05  2.14915790426553600D-01 -3.72975330010495500D-05  1.97291297340784200D-04 -2.26956066077920200D-01
85 21 -1.09022000756376700D-04  4.23424406201718300D-05  2.56462545077174800D-01 -1.06505477262478000D-06 -3.11769794982683700D-06
85 22  4.18275272245142500D-06 -5.06782407760650800D-06 -1.28632570340721300D-03 -1.64965076559520800D-03  1.40695180076637600D-05
85 23  8.42656158228443600D-06 -2.24960795899482800D-05  1.90594737438720000D-04 -5.89810871227890100D-02 -3.52231675353756700D-01
85 24  3.59810903502665800D-06  5.73106510419981100D-06 -4.78317139888782700D-05  1.33813555336802100D-05 -3.95063181529743100D-05
85 25 -3.11723142419552500D-05 -2.14934012939986600D-01  1.03414683224023800D-04  7.93060245645323900D-05  2.26979737917309300D-01
85 26  2.65539700277623400D-05 -3.62521202632038000D-05 -2.56469376369664000D-01  3.76865935937894700D-06 -3.05554413144091300D-06
85 27 -7.13115227938026100D-07 -5.26795291935801600D-07  7.87113390888780600D-04  1.94280050546852600D-03 -1.02490876044360500D-04
85 28  1.39364535602966600D-04 -3.68736595586059800D-05 -5.21802803945775200D-06  2.75525139018122000D-01  2.27200242957849800D-01
85 29  8.24618497825993400D-06 -7.85000540234675500D-06 -5.77403004134928900D-06  6.77231892164375200D-06  1.97724086013983600D-01
85 30  3.80603179307383700D-05  5.57439749981637300D-05  1.60582527492894100D-05  1.24026411120127000D-05  1.67888910879224200D-01
85 31 -1.03906263181150600D-04 -7.36266273208307000D-05  3.59587644863172500D-06 -2.11256703168212400D-06 -1.67914724110391300D-01
85 32 -4.85840406405751400D-05 -1.13175847132937600D-04  4.28990910484181000D-07  1.05343672653053300D-05 -1.97710044067707900D-01
86  1 -7.73473381252286100D-04 -1.81160775645608900D-03  1.03269212362847700D-02  1.18482070873556500D-03  1.51696091233228300D-03
86  2  5.74346000851303400D-02 -1.82710234372037200D-03  2.22495750996022900D-03 -7.20372953667733500D-02 -1.22956775466853200D-04
86  3  5.21562093461888000D-04 -3.98605317995035000D-04  1.61589397767089300D-04 -2.21965347732278900D-01 -6.77111001578507000D-02
86  4 -6.95178086858574400D-04 -1.63285590559548800D-03  9.45549534117235400D-03  5.94200490016149600D-04  1.71966485139312600D-03
86  5  5.74361966382462600D-02  1.90013772608690600D-03 -4.53542525693601700D-04 -7.19885263131741400D-02  2.07273643480472600D-04
86  6  1.84545532009328100D-04 -3.91819175489802700D-04  3.89662686480725900D-04  5.23708850993175900D-02 -2.26040763501642200D-01
86  7  9.08156667198209500D-04  2.07258135819289100D-03 -4.80046000713275200D-03  3.92579209694103100D-04  9.41751145888009700D-04
86  8 -1.85101862058181200D-01 -4.36685471050900200D-03 -2.50079237524430800D-03  1.22860444719918800D-01  9.43662418256573600D-04
86  9 -4.95294127463593000D-04 -4.48368290792981400D-04 -1.49456036653100900D-04 -1.51766723557628000D-01  1.47049732339721000D-01
86 10 -1.98571769775883400D-04 -3.76025869993072100D-04 -2.02963072103658500D-04 -4.73696371400843400D-04  1.15075405990055500D-04
86 11  1.52048341822359900D-01  1.88109355826587700D-04 -2.86300443633466300D-03 -1.22280408569153500D-01  1.66737863987194600D-04
86 12  2.45543445801596700D-04 -4.12281309788791700D-04  1.64593270258128900D-04  1.72125616330732100D-01 -2.27372980346250200D-01
86 13 -2.08222153026893700D-04 -4.05261176442066900D-04 -9.63832282264022900D-04  2.02809067172622300D-04 -3.98158443353575500D-04
86 14  1.52110406780911000D-01 -2.14946299684783500D-03 -1.00249261832349500D-03 -1.22317042712989300D-01  1.46093797626060500D-04
86 15  2.55065837968572300D-04 -4.01159635594628700D-04  1.20660962677495900D-04 -2.82979122316306300D-01  3.53249794797317600D-02
86 16  8.42569560396537600D-04  1.91270267478367800D-03 -4.87467149123069600D-03  5.30547561867396200D-04  8.93389898517171300D-04
86 17 -1.85116149522427000D-01  4.65808123126574700D-04 -6.03650414971352800D-03  1.22866143373676600D-01 -3.24990437075090800D-05
86 18  4.49694754045208800D-04 -4.17195710337694800D-04 -8.52358404702875700D-04  2.03313152094107600D-01 -5.78542120416439000D-02
86 19  7.90803868888899800D-06 -2.70525041457804900D-04 -3.23878174636590200D-03 -1.81946194556587700D-03 -6.28200086579821500D-04
86 20 -5.73013454927222700D-04  3.05662095044590200D-01  7.49741744508910000D-04  3.31307178202971500D-03 -4.03901610966439000D-01
86 21 -1.50660967858520500D-03  2.53285836293175800D-04  1.77092060157222300D-01 -3.83752675974550100D-05  2.53733945465824100D-05
86 22  1.30018730508723500D-05 -3.11832633768611000D-05 -3.97469080652653100D-03 -3.11001645151701500D-03  1.18065281354754300D-03
86 23 -7.19033050746911200D-04 -4.61619762800633200D-04  3.26646912573668600D-03  2.09725655406206600D-01 -1.33865689389164700D-01
86 24  1.40775098528960600D-05 -2.19221041696973500D-04 -2.78601375815945400D-03 -1.11366112593599800D-03 -1.17222642057691600D-04
86 25 -7.80553866117467700D-04  3.05535121423343300D-01  2.17202743796598100D-03  2.00299665140442300D-03 -4.03745189969090000D-01
86 26  7.38220758583946800D-04 -1.08560197971766100D-03  1.76980379186216500D-01  3.61899500256314800D-05 -4.97300219241429500D-05
86 27  1.35400718985108900D-05  1.24238563973465300D-05 -7.07739172148603800D-04 -4.99912814610685000D-03 -2.61896715344906800D-03
86 28  2.91742549079085300D-03 -2.98458337341785100D-04  8.08967139880306900D-04 -2.20730736729457500D-01  1.14655305104335500D-01
86 29  9.17982112678622000D-04  1.00041640457010800D-03 -6.10688720567570300D-05  1.60857267570899500D-04 -1.73071773428324300D-01
86 30 -1.40969903398897100D-03 -1.35623518698965200D-03  1.19523720252304800D-04  8.53633190922299100D-05  1.66666883270043100D-01
86 31 -1.24656482574619100D-03 -1.06520466140901400D-03  1.65287499111659100D-05  1.80327856625182700D-04  1.66694467635359800D-01
86 32  1.23009682205386700D-03  1.25452369871339200D-03  1.46497309181585900D-04  1.12294864163345100D-05 -1.73085756240504700D-01
87  1 -1.54791179342355800D-01 -3.54832238239191900D-01  2.14183442134412600D+00  2.42537242985023200D-01  2.95774136972567900D-01
87  2 -1.49699020646598400D-04 -4.58554700392570500D-01  3.53316924597105800D-01 -3.68551336939016100D-05 -2.22377213673509700D-02
87  3  1.00666626234378300D-01 -7.84289048670273700D-02  3.86014920614405200D-02  1.09871419771492700D-03  3.22579655562021000D-04
87  4 -1.54749584304535400D-01 -3.54747849584574600D-01  2.14097778339920700D+00  1.34817235843637100D-01  3.57855625446326200D-01
87  5 -3.82942043958332200D-04  5.34836955686325200D-01 -2.20612053774844600D-01  7.66254535734685500D-04  4.09694696605940400D-02
87  6  3.74502256166135100D-02 -7.84196952772078900D-02  8.07432572320297600D-02 -3.21389637332370100D-04  1.23288664701111600D-03
87  7  1.89064057854238300D-01  4.22787298713682700D-01 -1.22053780282987400D+00  9.09210206051683700D-02  1.62202133371194200D-01
87  8  1.06633760483944200D-03 -9.86770229080333300D-01 -5.13811953419569300D-01 -1.09652579983565800D-03  1.90819418028481700D-01
87  9 -1.03817252848125300D-01 -8.70021651803564700D-02 -3.96694911520790200D-02  7.30053054959674000D-04 -9.46272604411860500D-04
87 10 -5.14102248160475600D-02 -1.00215822133107600D-01 -2.96575003329775200D-03 -8.77970051810943300D-02  1.41452803125184000D-02
87 11 -8.15439319099535400D-04  8.15771275137605100D-02 -5.34149476406101300D-01  8.74506701976926000D-04  3.60132766880609700D-02
87 12  4.81550711814467300D-02 -8.41683478695077100D-02  3.24993563486433500D-02 -7.13542969721008500D-04  1.22197304835634200D-03
87 13 -5.13897106445150000D-02 -1.00174713296094300D-01 -3.70576771799818400D-03  5.60695646132125600D-02 -6.89547275301999200D-02
87 14 -6.71537967191171500D-04 -5.02791037031879000D-01 -1.96633932184281500D-01  3.79705874768134100D-04  2.07929868890556000D-02
87 15  6.33678887485388700D-02 -8.41608756375938200D-02  2.23270733958665600D-02  1.40507901958845200D-03 -3.39161371435918400D-04
87 16  1.89020844540012500D-01  4.22687209723846800D-01 -1.22014390030940500D+00  9.49644583946640000D-02  1.59982380022847600D-01
87 17  7.60706235269143900D-04  4.85994849369785500D-02 -1.11244762883531000D+00 -2.14856374693860400D-04 -4.02367822187334900D-04
87 18  8.73982778641873700D-02 -8.69959100419989600D-02 -1.67205050634985500D-01 -9.16030789246738400D-04  3.88126070724926100D-04
87 19  2.35090411084446500D-03 -5.16738883082634000D-02 -6.24248977351762800D-01 -3.10713088450035000D-01 -1.12969529576641800D-01
87 20 -1.03826522647048000D-01 -1.42350993097534400D-03  1.68547063446065600D-01  6.42285118809650600D-01  1.94741127864240800D-03
87 21 -2.63506467316518000D-01  3.44554226016815600D-02 -8.23857284108004800D-04 -8.50417034311299100D-03  5.76854978034426000D-03
87 22  2.73562056276875200D-03 -6.11275199407417800D-03  2.04882674847221300D-05  1.63341072961684200D-05  2.13369655708265000D-01
87 23 -1.32416179795708400D-01 -8.09534759125566100D-02  6.08310539452292400D-01 -9.92971305962432300D-04  7.71693159823831400D-04
87 24  2.35159349510552100D-03 -5.16275227669522600D-02 -6.23900215314769600D-01 -3.10382467854855300D-01 -3.34051828176824800D-02
87 25 -1.49682038047267400D-01 -1.55530949576860600D-03  4.71722159037298400D-01  4.67000139209993100D-01  1.96256913338707500D-03
87 26  1.61481483988870000D-01 -2.10820274887455200D-01 -8.79184053995557400D-04  6.78366262311717000D-03 -9.51919655566473400D-03
87 27  2.73553393254753100D-03  4.08265093896096400D-03  2.42992507081930800D-06  2.60832564719817100D-05 -5.02095782315533200D-01
87 28  5.82894450337248600D-01 -8.07986680217157900D-02  1.31206790981449900D-01  1.05036428350639200D-03 -7.62404271810873500D-04
87 29  2.30299620721258100D-01  2.60044335332647900D-01 -1.62007035097720400D-02  3.22802371017574700D-02  8.80826197123268000D-04
87 30 -2.76373300336871900D-01 -2.61483605662740800D-01  2.87103284501871900D-02  1.58061725217430300D-02 -9.31908481027819300D-04
87 31 -2.76208117016107600D-01 -2.61260839294980300D-01 -6.76253264216723500D-04  3.27914127320091700D-02 -7.45903876711815500D-04
87 32  2.30438473287727100D-01  2.60167114641182500D-01  3.60517663957984800D-02  2.09142882983533300D-03  8.90603021372554600D-04
88  1 -9.44738407420296900D-02 -1.89867918625709200D-01  2.37469449316245400D+00  1.37613486046149100D-01  1.23499487676104600D-01
88  2 -7.82650715230860200D-05  4.23948633506967800D-01  8.41751482527586100D-01  3.56970205790937200D-04  1.29107198795223600D-02
88  3  2.00062492309380200D-02 -3.29169691104604700D-02  6.00767677653193200D-03  1.17929623959468800D-04  2.20027870597031800D-05
88  4  9.45465941594653000D-02  1.90032782171807100D-01 -2.37582080517129900D+00 -3.82098365795586600D-02 -1.81097092929849400D-01
88  5  6.30679127404432700D-05 -5.17239186109506100D-01 -7.87958969710138700D-01 -3.15806227696295000D-04 -1.37541185885917800D-02
88  6 -1.92094494556059200D-02  3.29635680441980400D-02 -6.59774326973606500D-03 -3.37838666966932200D-06  1.90068198248955300D-05
88  7  1.09031062692329200D-01  2.43191039874386900D-01 -1.14100001312392200D+00 -2.39983893358122300D-01 -1.04976893789366100D-01
88  8 -7.75934703988336100D-05  1.62256142442864900D+00  1.06607046151061800D+00  3.11054231754007900D-04 -8.31566097809947300D-02
88  9  9.98202362671662100D-02 -1.66636264861728400D-02 -3.59666328544706000D-02  3.42339513923249000D-05  1.01908306508393500D-04
88 10 -6.33371250183264000D-02 -1.27334155526364100D-01  1.49670206966628900D+00 -9.20348390055013800D-02  1.39996599496191100D-01
88 11  8.46669561451343100D-06  1.10129437100918900D+00 -8.92146031465731500D-01 -1.45051813844047600D-04  9.33225280565699700D-02
88 12 -7.25429363556567000D-02 -2.07795917009136800D-02  1.00092244831274900D-01 -1.49088136303854600D-04  8.31124842841447300D-06
88 13  6.33729221185630300D-02  1.27406581318031100D-01 -1.49686777939104100D+00 -1.67286534122276800D-01  9.72580194048565400D-03
88 14 -7.71978266095179200D-05  1.32358006597157600D+00 -5.07527860645262200D-01  2.11936517953820100D-04  1.06133143282662300D-01
88 15 -1.26956388207543500D-01  2.08232449248827700D-02  3.28982813560067600D-02  5.87501161205815300D-05  1.07725227019959000D-04
88 16 -1.09120520786614800D-01 -2.43395767913533600D-01  1.14177086185335600D+00 -2.91448328914540700D-02  2.60249147834118100D-01
88 17  1.68197027573965800D-04 -1.11786161648707000D-01 -1.93775036130417400D+00 -3.89358755452796500D-04 -8.10466116173630800D-02
88 18  6.43416875936238100D-02  1.67049240237401200D-02 -7.34402909815126100D-02 -1.86854716689963600D-04 -5.86141510049108300D-05
88 19 -3.47531879366131700D-03 -7.31423239819740100D-02 -7.44538826508723200D-01 -6.59505095345083400D-01 -1.30938889904090100D-01
88 20 -6.76680147000166100D-02 -1.49950208571087000D-04  2.42543478983919400D-02  5.41896544050911700D-01  1.27181678610759900D-04
88 21 -4.36886182592201700D-01  8.87845022993971300D-02 -9.20639198010111600D-05  9.18037888582073400D-04 -1.87292004020828000D-03
88 22  9.54882151626541200D-04 -6.82142702456379600D-03  1.78930430808320500D-06  1.31543351421583800D-07  5.51994125950728400D-01
88 23 -2.10140167492584000D-01 -3.41853958458144000D-01  3.96287842163715400D-01 -1.32459006924702200D-04 -1.88041366920299800D-05
88 24  3.47140616659365300D-03  7.31755028043991300D-02  7.44899613240111200D-01  6.59688300928427700D-01 -6.84671589814293100D-03
88 25  1.47308708239363800D-01  1.67703862652493200D-05 -4.57394838786791400D-01 -2.92244070139795800D-01  4.08497553487090200D-05
88 26 -2.95437401451660100D-01  3.34023784532651600D-01  1.98360159083363700D-05 -3.94417143608351400D-03  4.90115654138935700D-03
88 27 -9.56985105306812700D-04  4.80267360372362600D-03  6.50161940285076800D-07  1.50952707039970000D-06  3.17008754664890900D-01
88 28 -6.58910377599184200D-01  3.41901622934293200D-01  1.82988293346462500D-01  6.04823435214357200D-05  4.67132715358915100D-05
88 29 -2.29230398566869100D-01 -1.23248100154158600D-01  2.98451984590762900D-02  3.23590605450031300D-02  3.12077014931713200D-05
88 30 -3.55256188181875500D-01 -4.74983561190818400D-01 -3.83540938557871300D-02 -1.10366267780515400D-02  1.67404390353379100D-05
88 31  3.55389369880770000D-01  4.75104642335851900D-01 -9.61866219906199300D-03  3.87213013228706100D-02 -1.02600137377010100D-04
88 32  2.29115686822818800D-01  1.23117002555489200D-01 -1.31139024793458400D-02 -4.20280858186844300D-02  6.44444453480796300D-05
89  1 -4.15953307867414400D-04 -8.95193834236964300D-04  7.08101773357805100D-03 -4.07320689217771500D-04 -1.33036961602006800D-04
89  2  8.18696179412426900D-02  2.15241105304156600D-03  1.16730655808774000D-02 -6.56807112702064300D-01 -2.12357374511450000D-03
89  3  2.48731254115400500D-03 -3.63738796039494500D-04 -3.82481552905100400D-04 -1.40700422112156100D-01 -3.33290943422221100D-02
89  4 -2.99214394535141700D-04 -6.87008199356311000D-04  5.84187796517847200D-03  2.09379234507405600D-04 -6.37882579958080900D-04
89  5 -8.18729940088529600D-02  6.18480881850409500D-03  5.67144706996412500D-03  6.56796385083520200D-01  1.47341262094385500D-03
89  6 -1.21761458217329200D-03 -2.55798038770560600D-04  1.98074111190801700D-03 -4.14129646107953300D-02  1.38487901530678900D-01
89  7 -1.26104977676661100D-03 -2.60171129807218200D-03  1.10939708460069300D-02  1.54351114610739700D-04 -1.97415616316200900D-05
89  8  1.93845533819544400D-01 -2.93742294047220000D-03  3.31849205818150800D-03 -6.30572912198270400D-01 -5.12337061641116400D-05
89  9 -2.71532393601673700D-04  3.22766099765777000D-04  4.55008226388912800D-05 -2.01486253518143600D-04 -3.84106301271141400D-01
89 10  7.29641453144457000D-04  1.67635497028424600D-03 -4.40457387375470200D-03  2.11949094575573200D-04  8.82962035706522000D-04
89 11 -9.68459494287625300D-02 -1.25567484094449300D-03 -2.75970748978762400D-03  3.44830221742668000D-01 -1.15238208405333900D-04
89 12  2.07473251712423300D-05  9.44908832340895400D-05 -5.28972739893951000D-04  2.45693270992607600D-01  1.11141345306526400D-01
89 13  5.89264305418686400D-04  1.37107376312894200D-03 -5.45181180597662500D-03  4.66235314517153300D-04  5.31638550454978000D-04
89 14  9.68711962656400900D-02 -1.68675690519419200D-03 -3.86320662619036700D-03 -3.44780199430745400D-01  4.17719540545256800D-04
89 15 -5.53998145408962200D-04  1.36278604863709200D-04 -1.97492750180836300D-04  2.66783355338548000D-02 -2.68248089745154800D-01
89 16 -1.39569096884908100D-03 -2.88259610363990900D-03  1.38453457245314800D-02 -2.63525484448401900D-05  2.39428331504927700D-04
89 17 -1.93943614359807800D-01  5.34535565595061600D-03 -2.84322637652430400D-03  6.30590421408915000D-01 -2.26389528559433700D-04
89 18 -9.91999044617713700D-05  3.25589433021208100D-04 -2.47190177132902900D-04  3.32453130431702400D-01  1.92335696438284200D-01
89 19  8.77725954702576200D-06 -5.02369702620234500D-04 -7.26656490759702900D-03 -7.43482506274524900D-03 -5.99232609249278500D-05
89 20 -3.04662823157824300D-03  3.34488686532386100D-01 -4.39506911389607800D-04  8.86037383268764200D-03 -2.99334819423242100D-01
89 21  4.03210822818215100D-04  3.71415061853826600D-04  2.52310746860601600D-01  1.09638737089086800D-04 -2.18831554449959600D-04
89 22  1.09192817360873800D-04 -5.65577262410804700D-05 -1.09735657406296800D-03  3.33294464396466800D-03 -4.33531043565011000D-04
89 23  1.60295013186366900D-03 -1.16941908829866200D-03 -1.14583748482575000D-03  1.83188929701175100D-01 -3.63739182929246500D-02
89 24 -1.27614563898259300D-05 -4.43312132495386000D-04 -5.60886163537058900D-03 -5.41342795983516100D-03 -2.54035481081974800D-03
89 25 -1.30964343275380300D-03 -3.34674465849291700D-01  7.05240121345297000D-03  3.32631184755982600D-03  2.99536017492763500D-01
89 26 -5.61074656556405900D-04  1.00062473100151800D-03 -2.52383408692134400D-01 -7.36277848923881000D-05 -9.43745214451938500D-06
89 27  8.30652370369077500D-05 -1.76477882548419800D-04 -3.42296790173472100D-03 -6.96266430572199400D-04  2.31125604965028800D-03
89 28 -1.46883311332733000D-03 -8.42422936322956100D-04  1.26173216963123100D-04  1.23066299082970700D-01 -1.40469807093694200D-01
89 29 -6.39030615000361500D-04  1.53068808758311300D-03  4.04326119602126900D-04  2.34252233489398700D-04  5.53957554366573300D-02
89 30 -6.93381730289097100D-05 -8.83342069664699100D-04  7.98951969645424700D-05 -1.05110633952262700D-05 -1.57187676624930900D-01
89 31 -3.22291829662273900D-04 -9.86026977038814500D-04 -4.11143626420467800D-05  3.47515366043781900D-05  1.57089328808727800D-01
89 32 -3.02005314291764200D-04  1.74726049794998400D-03 -3.73263128940750000D-05  4.68891770049931600D-04 -5.53684318823668400D-02
90  1 -4.91348631001709600D-02 -1.05719021189765000D-01  1.04926689689777300D+00 -3.70740402423501300D-02  3.11970923976831300D-03
90  2 -5.17943685089906900D-04  1.39644260621349200D-01  1.51381865917968500D+00  4.45697555413001500D-03 -2.90191875851519400D-01
90  3  3.49568912866687500D-01 -5.93770370151664500D-02 -5.27529085483839600D-02  9.65096485230754900D-04  2.41966068739640900D-04
90  4 -4.91276986796662000D-02 -1.05711533622171000D-01  1.04901285652031600D+00  2.12509065259395500D-02 -3.05228323600427200D-02
90  5  5.13199256027708100D-04  1.24113449613810300D+00  8.77705008724860600D-01 -4.47051680819958800D-03  2.29131543297719600D-01
90  6 -1.69763120075131600D-01 -5.93684232225880600D-02  2.93546096965398200D-01  2.94959729634839700D-04 -9.93650700108959100D-04
90  7 -1.81431641141292200D-01 -3.73961314196855400D-01  1.63801609319419600D+00  3.93783221454361700D-02 -2.02454269640362900D-02
90  8 -1.29680538177699200D-03 -7.87725970753545000D-01  5.72584831293478400D-01  4.26901431266583700D-03  9.71594614144109800D-03
90  9 -4.56827399933621600D-02  3.59667938519200300D-02 -2.13100771308679900D-02  2.18389786803041900D-07  2.68882811981844100D-03
90 10  8.06076586334497500D-02  1.87813999185035100D-01 -6.45077263554371400D-01  2.08469998771962900D-02  1.14376480181881500D-01
90 11  6.72782486716442300D-04 -2.17569801863837500D-01 -5.75018708408360200D-01 -2.34944375819381800D-03 -8.15733650417944100D-03
90 12  2.76711845818973300D-04  7.88062465836036000D-03 -8.57668378617053300D-02 -1.68395779996313100D-03 -7.73028829425250300D-04
90 13  8.06181952201944200D-02  1.87847009924678800D-01 -6.45010975326200400D-01  8.86216420195715500D-02  7.52576294924421900D-02
90 14 -6.69545958590246800D-04 -3.88919080667876900D-01 -4.75921187613444800D-01  2.33755740142722100D-03  6.25142169551960200D-02
90 15 -7.03920807422656200D-02  7.87786378706997700D-03 -3.86403501513535700D-02 -1.92997917740145200D-04  1.85537267011813800D-03
90 16 -1.81457169817040700D-01 -3.74020691649457600D-01  1.63823116264954400D+00 -3.72174417635114900D-02  2.39889372423497600D-02
90 17  1.28451297111324000D-03  8.89643526304828600D-01 -3.95723163607509700D-01 -4.23825976019471600D-03 -1.58569567372243000D-02
90 18 -2.01151150962354200D-02  3.59720718334601500D-02 -3.83447132736320500D-02 -2.29945732866767500D-03 -1.34671403628724600D-03
90 19 -4.53455123013579000D-03 -8.38070687440284300D-02 -9.77892574862935800D-01 -9.55630659250043900D-01 -7.91019009817377000D-03
90 20 -4.23575461518210000D-01 -2.39421284620394800D-03 -1.92358810370287900D-02  1.24112734114085000D+00  2.19608992238390500D-03
90 21  1.07925841469114700D-01  2.48973856676367300D-02 -1.80745686316132300D-03  1.47461122490739900D-02 -2.81972354050189600D-02
90 22  1.34511231559451400D-02 -6.19627685657664400D-03  7.05948990339002300D-06 -2.40885267908326600D-05 -6.79559790060528900D-02
90 23  2.11059095968348100D-01 -1.43103116962295800D-01 -2.03361789227959900D-01 -1.25592893395771000D-03  3.13341784238767000D-04
90 24 -4.53433845084165000D-03 -8.37961395866513400D-02 -9.77846184977019600D-01 -9.55517418686059400D-01 -3.62810329348861100D-01
90 25 -2.18667427994826600D-01  2.37315794911437400D-03  1.08433657896745200D+00  6.03992935999194500D-01 -2.15707360379621800D-03
90 26 -3.24494656356697800D-02  1.05933854810294500D-01  1.79565830724722700D-03 -1.28099436343461800D-02 -6.40212794692823800D-04
90 27  1.34501564290391200D-02 -2.45708635032106100D-02  2.52221105101855300D-05  4.90540719837516200D-06  2.93816136592361600D-01
90 28 -1.50715353046022100D-01 -1.43100783546339700D-01  3.78832323554675100D-02 -9.20968387416778400D-04  9.58357374739045400D-04
90 29 -8.76589375552641400D-03  3.39665360177226600D-01  6.20138990034438100D-02  3.28755966177546100D-02 -4.05513431709661000D-04
90 30 -7.09538520238547900D-02 -1.97340588136050200D-01  1.21707898157042800D-02 -5.37679262702406500D-04  1.10070008515588500D-03
90 31 -7.08871716254771700D-02 -1.97257716796982900D-01 -6.56025341916527700D-03  1.02691258507204400D-02 -1.08840966583039000D-03
90 32 -8.82097764386631000D-03  3.39586017542641600D-01 -2.54207208312664700D-03  7.01445751169321200D-02  3.80377295488015000D-04
91  1  2.93287289625231000D-05  4.18167233053015800D-05 -5.66610756749323500D-04 -7.65014345857577500D-05 -4.53796217244959800D-05
91  2  3.08007148741869300D-02  2.76667384189954900D-04  9.41778160596774400D-05  7.14872387292437800D-02 -2.51425721190284900D-05
91  3  2.59572076734544000D-05 -8.14635554425768500D-07 -1.45279186288567000D-05  2.72252665315642600D-01 -1.08593109994194600D-01
91  4  3.21579873071140200D-05  5.77870404918662100D-05 -4.47470741619249400D-04 -1.95850557993989300D-05 -6.26609615390836700D-05
91  5  3.08390639671571000D-02 -2.63072435868888600D-04  4.36981118126888300D-04  7.13407089447326100D-02  9.18743705182810400D-06
91  6 -1.26709856462291600D-05  3.48354859440118100D-06  6.80149981760342800D-06 -2.30180000225706800D-01  1.81514762878217000D-01
91  7 -3.52523785478415900D-05 -5.89035908301524000D-05  7.35155164901627500D-04 -5.12815204658477800D-07  5.14086449876545300D-05
91  8  1.00977252785032500D-01  1.11980490798427500D-04  3.91108542014491300D-05 -1.89426301499062900D-01 -1.72897907269450900D-05
91  9  8.97960189504699400D-06  8.31018883189792300D-06  2.87896877677108900D-05  5.04279111487842500D-02 -9.34824593331290400D-02
91 10  2.42644271888098500D-05  4.89093626489416600D-05 -2.23148576727709200D-04  5.59202369762284700D-06 -6.72710458023880400D-06
91 11  8.67538251240120400D-03 -1.72300265495061800D-04  5.79763023356532500D-05  2.72273080783533900D-02 -2.28526053786217600D-05
91 12 -6.41426556616953800D-07  2.34940319352386500D-05 -1.04028275624440000D-05 -1.42407153830099400D-01 -3.39266666402661300D-03
91 13  1.68653699557551400D-05  3.33473765264990300D-05 -6.13825168155711500D-05 -1.25861370257444300D-05 -9.70813296986115800D-06
91 14  8.73166044082955900D-03  1.15424501569998000D-04  1.19394335116642400D-04  2.72442750910779600D-02 -2.08393240177465200D-06
91 15 -1.34234411305020600D-05  1.55073735322765500D-05  3.70871570465383200D-06  6.82521376154466000D-02 -1.25045450567540700D-01
91 16 -4.48171077069392800D-05 -8.55725548163215200D-05  4.86421126025424900D-04  3.15007490548412600D-05 -7.99346523061299000D-06
91 17  1.01035867868626500D-01 -5.89647888483399100D-07  2.92206017637974000D-04 -1.89593310688370900D-01 -8.68383725431134700D-06
91 18 -1.23845813944940800D-05  2.10684186488052000D-05  2.51355299898523800D-05 -1.06135794539269700D-01 -3.00705520586027500D-03
91 19 -3.51901508206700700D-06  3.61525748636466800D-06  7.14508153084235600D-05 -9.20565780296716100D-05  1.75330088955729700D-05
91 20 -3.42649713539906100D-05  5.39455625396996200D-01 -1.06970121442624900D-04  8.59142652476056500D-06 -7.05516911778861600D-01
91 21  1.01190377651512000D-05  2.40673430274114300D-05  2.48322541369530300D-01  4.61297922806153000D-06 -5.20477280766022000D-06
91 22  5.91793579598518000D-07  9.41371355190060900D-07  7.32486219813119600D-03 -9.44832685023636900D-04 -5.80327043962202500D-05
91 23  3.01940766133420600D-05  2.78386277828780900D-05 -2.94238240095095200D-05 -1.96336745157385800D-01 -5.37827484721329700D-02
91 24  1.63022228697275300D-06  9.83895510931866700D-06  5.17607236665496800D-05  1.09491232159718400D-04 -1.41621014562089100D-05
91 25  4.50703489948807500D-06  5.39284177495804000D-01  1.39309828033668000D-05 -1.61474515685413600D-04 -7.05272355145382600D-01
91 26 -4.34834949545103900D-05  8.73375895724756900D-06  2.48206354010532500D-01 -2.66833445637371200D-07  1.14688642657268100D-08
91 27  2.55364581371597100D-07 -6.30661026029358700D-06 -4.48526173023183000D-03  5.86876576638090700D-03  2.41148366026793600D-07
91 28  9.68230330919668100D-06 -9.92345167522346100D-06  3.95306073123033900D-06  5.16852287091350400D-02 -1.96946454643648200D-01
91 29 -7.76291110722319400D-05 -7.60053851387307200D-05  5.28982297827414700D-06 -4.27651700824256900D-06  1.27458505832731000D-01
91 30  6.47316703467115700D-05  4.96090846109451300D-05 -9.18182014387799800D-06  3.27083008802514600D-07 -2.14649356772420000D-02
91 31  5.66095233216693300D-05  9.25103728819583500D-05  6.68556374038207300D-06 -6.63888583222275900D-06 -2.14238290062118500D-02
91 32 -6.66695260793096700D-05 -1.03335252676418600D-04 -1.25701664986966100D-05  7.32256962588339200D-06  1.27465070053106300D-01
92  1 -1.12272621820965300D-01 -2.43790521672897500D-01 -8.04056225068913800D-01  3.42632674842520200D-01  1.67196394231600000D-01
92  2  7.08492604999272000D-06 -3.74089968012346800D+00 -2.34671008876730500D+00  3.39403972460947100D-05  4.15696100526555700D-02
92  3 -1.42493524978497800D-01  1.00923914925841900D-01  2.82811113823420200D-02  2.76408752311803200D-05  8.92856998892238000D-06
92  4  1.12269956750465200D-01  2.43780719785732800D-01  8.04145575878185700D-01  2.65697923873720600D-02 -3.80332681639989600D-01
92  5 -1.11244419321075600D-06  1.61524586421699900D-01  4.41313618416496200D+00 -2.94844158410370700D-05  1.17688870589765300D-01
92  6 -1.67641564294352300D-02 -1.00924714160329000D-01  7.79365469105114800D-02 -1.78239406013690800D-06 -1.57940820995420600D-05
92  7 -2.55736480191513600D-01 -5.45138860960202500D-01  2.33752281265934800D+00  6.49631501111437900D-02  9.12448919831604100D-02
92  8 -2.23556165397481800D-06  1.65473986857658500D+00  9.60811790280425000D-01  1.69676740935703600D-05 -1.69685808616684800D-01
92  9  7.67670511924824900D-02  9.29187574242043700D-02  5.94234259955441800D-02  9.36470750183563100D-06  4.06597228570180000D-05
92 10  5.79624398594658200D-03  5.50564616530546900D-02  1.49147816294937100D+00 -3.27397785277060100D-02  2.72164718825349000D-02
92 11  1.14555920820661400D-05  5.71673092931062800D-01  2.35465967042128900D+00 -1.77180534175771100D-05 -9.42779620760670100D-02
92 12  1.13351362141854200D-01 -1.90734000657851300D-02 -3.49545662730970900D-02 -2.53281754716914700D-05 -1.08185091515144100D-05
92 13 -5.78876190456859200D-03 -5.50392306569017200D-02 -1.49159156860473800D+00 -3.99285168520587000D-02  1.47532250219532600D-02
92 14 -1.09540816468404100D-05 -1.75325291731862300D+00 -1.67261452844995800D+00  2.39772382806444900D-05 -8.76432117672935100D-02
92 15  6.85636136893087900D-02  1.90795980779832000D-02 -8.63593896086284600D-02  1.93481880279357800D-06  2.48310729812473700D-05
92 16  2.55720873906479600D-01  5.45114271590092500D-01 -2.33736506076225000D+00 -4.65312885484945200D-02 -1.01876607595981400D-01
92 17  4.96486634321657700D-06 -4.36073455726317700D-03 -1.91352061115801300D+00 -2.80901696092749500D-05  2.94445607272744900D-02
92 18  6.34630460448556100D-02 -9.29076067721305400D-02 -1.52951117516702500D-01 -4.06879917319997200D-05 -2.86687157340398300D-05
92 19  3.52038632655039100D-03  6.56134758665104100D-02  9.82715022557770800D-01  1.21348496689265400D+00 -9.15702873575896700D-02
92 20  2.26539318579523400D-01 -5.22329310388116900D-05  4.98146090339010900D-01 -7.49733179481476800D-01  5.39275899169701300D-05
92 21  1.00287214102913600D-01 -2.32656594011911100D-01 -3.61988442175833300D-05 -3.84894410261339700D-03  2.17800710062022300D-02
92 22 -1.79311269035881100D-02  9.35027602587226200D-04  2.54139492978946200D-07 -1.09928080380056700D-06  2.28406006795346800D-02
92 23 -5.38715067642445500D-02  3.10309060847098600D-02  1.85885759600123100D-01 -2.60336827699023900D-05  1.49168571122815400D-05
92 24 -3.51742333383616100D-03 -6.56123202992942000D-02 -9.82809752139378200D-01 -1.21356948924686500D+00 -2.42009450382108400D-01
92 25 -3.39989269328386700D-02  6.01739071254741500D-05  8.98445491403839000D-01 -5.63934211754752800D-02 -6.62055407183093300D-05
92 26  2.51617151798485900D-01  2.95202451859130700D-02  4.17641462048381500D-05 -1.46712594127232800D-02 -3.26097486611401200D-03
92 27  1.79322342788374100D-02 -1.32854852112655900D-02  6.86781644760887100D-07  4.16035470406039100D-07  1.74160408635355600D-01
92 28 -1.43112277878157900D-01 -3.10481307571975300D-02 -5.45556905364922700D-02 -2.24820202360551300D-05  4.27909043275465800D-06
92 29 -4.31540887346612400D-01 -4.02428525053120900D-01  4.82810387540788500D-03  2.16150819040513900D-03 -3.00479197768621400D-06
92 30  5.54658145863648400D-01  7.89213255105401600D-01  1.62224668209111900D-02 -8.77831136331588500D-02  1.80214601704765200D-05
92 31 -5.54660517129427300D-01 -7.89222774339419200D-01  8.41277480234919700D-02  2.98469891347076100D-02 -2.19638946289402500D-05
92 32  4.31555824281337600D-01  4.02479008287139000D-01  5.41049152347880000D-04 -5.26141033633639200D-03  1.15230492645059200D-05
93  1 -5.31884348324368900D-02 -1.18249382882109300D-01 -8.46181469714198300D-01  2.65211258855951900D-01 -1.87512734606214700D-01
93  2  4.97894985686767500D-05 -3.88141065609953200D+00  2.33383084791212000D+00 -2.34235897225225600D-04 -2.06551530597779100D-01
93  3  2.77734707786705700D-01 -7.11831771889271800D-02  5.48394934372335200D-02  6.23126608617283100D-05  6.15029866128673800D-05
93  4  5.31543302254761500D-02  1.18179957010912900D-01  8.46369502639500200D-01  2.95015588691909600D-01 -1.35922330484053800D-01
93  5 -5.28259948564276400D-05 -3.96228099044527500D+00  2.19405937729476600D+00  2.27345136543705100D-04 -1.15502051958118400D-01
93  6  4.43223103069350200D-02  7.11797416511837800D-02 -2.69566651471808600D-01 -1.54440064693652200D-05 -8.29966070715353900D-05
93  7  2.65307514344859000D-02  6.38620220352381600D-02 -4.29782254500672900D-01 -4.03574868686831100D-02 -1.65133731855025600D-03
93  8  8.44350619555846400D-05  2.01528433773172600D+00  1.42997918593589000D+00 -2.33225842906064300D-04 -1.16379406290246900D-01
93  9  8.87567071054177800D-02  2.76226991848278400D-02  8.66594300390743200D-02  5.80657132555352100D-05  9.18736105316304800D-05
93 10 -5.80836192933449600D-02 -1.11775648916829700D-01  1.72763875300031500D+00 -6.05143954147235900D-02  2.32200640320746800D-02
93 11  3.50141876017188700D-05  1.43661218844293500D+00  6.13234930502029300D-01  4.90271481461608400D-05  6.82354845819084100D-03
93 12 -1.61579450359728700D-02  9.33439657778059200D-03  2.80049314918945400D-02 -3.51764917041066000D-06 -2.81728247178913100D-05
93 13  5.80555480622747600D-02  1.11717744916434000D-01 -1.72752930253988900D+00 -5.03983994914605100D-02  4.07997634189917400D-02
93 14 -3.57969353648053900D-05  1.87672385915715600D-01 -1.55061223636263900D+00 -4.20166311857257300D-05  3.14034639557074600D-02
93 15 -2.20679474892833500D-02 -9.33551646642377700D-03 -2.48037443572453900D-03  2.48041984552573100D-05  2.67451696436141600D-05
93 16 -2.64889324749006400D-02 -6.37805709041602600D-02  4.29528967365621400D-01 -1.87375682707453800D-02  3.57648465916403000D-02
93 17 -1.00329597129126500D-04 -2.30944746573518500D-01 -2.46009399700942700D+00  2.27048838680278700D-04  2.75450133273368800D-02
93 18  8.43297326836233200D-05 -2.76293430600197500D-02 -1.45875206516693700D-01 -5.87980896102317100D-05 -9.62051798313875200D-05
93 19  1.86657005243577200D-02  2.54952477741233900D-02 -7.36614205107266100D-01 -1.79144549468708400D+00 -6.34303096978154900D-02
93 20 -3.61055539336166600D-01 -2.66918011700625200D-04  5.60061551135776700D-01  8.52026398202755400D-01  3.78196926735964600D-04
93 21 -4.90192298570220000D-01  3.26107588398552800D-01 -1.51430702825025200D-04  9.16524240106916500D-03 -3.33929498320489300D-02
93 22  2.42277074309804600D-02  1.67808388045789600D-02  5.91807524688000500D-07 -4.26182823687721700D-06 -4.77269719158674300D-01
93 23  4.18814197602124200D-01  5.84555215565507200D-02  2.47577719629730100D-01 -4.93789122364725800D-05  5.36440637665926300D-05
93 24 -1.86631225237377400D-02 -2.54830501863985800D-02  7.36661998872287700D-01  1.79145689273203800D+00  2.80919687400951600D-01
93 25  2.35491394090514300D-01  2.19626912570322400D-04 -4.57698929609376300D-01 -9.11159327664242200D-01 -3.09352385338794600D-04
93 26 -5.27542030350593400D-01  2.61420468053340000D-01  1.32797206009929000D-04  3.53364660758065200D-02 -1.11090727633865900D-02
93 27 -2.42273933124208200D-02  1.28926672655953500D-02  4.74992468393238500D-06  1.78237060002484700D-06 -9.01779792069828300D-03
93 28  6.74811114375917500D-02 -5.84633135168935400D-02 -5.71815416159163300D-01 -6.81083044571008500D-05  1.84907232933483900D-05
93 29 -3.19803765363401400D-02 -2.44800066447852100D-01 -1.96997240370129300D-02 -4.82711839035174700D-02 -8.51763914896716100D-06
93 30  5.88634403339046200D-02  1.18835778354689400D-01 -5.85063635887218300D-03 -3.43830168203608600D-02  4.58481720505606800D-05
93 31 -5.88073475346312700D-02 -1.18740084774700900D-01  2.68452806319003400D-02  2.22508617180659300D-02 -5.14758646310577700D-05
93 32  3.18841435831173400D-02  2.44659241752183300D-01  3.19646068437955100D-02  4.11831653229057600D-02  1.14965775407874400D-05
94  1  1.90569564862802600D-01  4.02151181093744900D-01 -1.49267763549143700D+00  2.22117348952243900D-01 -1.87133104225964800D-03
94  2 -9.50399999775425000D-05 -6.66547789634956200D-01  8.80999207964643800D-01  5.31739818008235300D-04  8.92632222721246300D-02
94  3 -1.38062751946415000D-01  4.87995296742922600D-02 -1.63322754796106900D-01 -8.05997863959102200D-05 -1.09813944976084200D-04
94  4  1.90570455173487300D-01  4.02156313383546100D-01 -1.49241790587917500D+00 -1.12643070870781100D-01  1.91392390741238500D-01
94  5  8.23687852618261800D-05  1.09561907507509300D+00 -1.36251883226352800D-01 -5.23349127305806500D-04  4.12828289427913900D-02
94  6 -9.00948117226768500D-02  4.88119827798849100D-02 -1.95352402158416000D-01  3.96838212774076300D-05  1.29764888390166700D-04
94  7 -2.75949433856361900D-01 -5.68445129705526500D-01  2.42008978094774200D+00  1.07264082635231200D-01 -1.42205349294431800D-01
94  8 -1.65833340973684700D-04 -2.95885894884971400D+00  1.56490203241321700D+00  4.96721445969925600D-04  3.06582766038979700D-02
94  9 -6.01928175349064600D-02  2.95345409310080300D-02 -9.75103794325146000D-02 -1.05065995188727000D-04 -9.28909955086193100D-05
94 10  1.89060446793010900D-01  3.84484256314005900D-01 -1.74532286997275800D+00 -1.54593643558085000D-01  1.37002044294853200D-01
94 11 -5.46496610690500100D-05 -1.93713811974244200D-01 -1.99113878517268400D+00 -1.40050821285258100D-04  6.68077876255259600D-02
94 12 -7.15332980140477300D-02  4.72551038852119900D-03 -1.93923390681533600D-01 -4.07133506950136900D-05  3.46535795183013100D-05
94 13  1.89068041708495100D-01  3.84500452821421300D-01 -1.74567353143680100D+00  1.95939703954243300D-01 -6.53612640639113400D-02
94 14  4.47486837273542700D-05 -1.62740449068213700D+00 -1.16368711225199800D+00  1.24357268453453100D-04  1.08532303403230300D-01
94 15 -1.13257407692110700D-01  4.72510428888097400D-03 -1.66111318324999600D-01 -5.09279803893020400D-05 -2.13837850200690100D-06
94 16 -2.75955276012693900D-01 -5.68455322699395400D-01  2.42019667458266900D+00 -1.76793804076275000D-01  2.17790035388343700D-02
94 17  1.89682987211972400D-04  2.83488068017743700D+00 -1.78005887062589000D+00 -4.93595815616648000D-04  3.56740600857959200D-02
94 18 -6.52013957967913900D-02  2.95273357109965200D-02 -9.41948997874117000D-02  3.98775621694978800D-05  1.37397701647236800D-04
94 19 -1.77043412026858400D-02 -4.82556548061385300D-02  1.91370481771116300D-02  1.10018900304273500D-01 -1.57444101075229400D-01
94 20  1.32138714291735500D-01  4.19487569495431900D-04  5.03712532869830200D-01 -3.07061144997884500D-01 -6.26542112395668600D-04
94 21 -1.23218606166773500D-02 -2.93439024439348600D-02  2.14136954090047100D-04 -1.23656465481164800D-02  1.58287036899481300D-02
94 22 -3.46305714183192100D-03  1.45051448442037300D-02 -1.21403315649425300D-06  8.14528360965112200D-06  4.13964379306053900D-02
94 23 -6.79352030738191400D-02  2.65387651432137500D-02 -2.77395848797179300D-01  5.90418614232612000D-05 -5.01528382816722900D-05
94 24 -1.77075166027283000D-02 -4.82607903983298400D-02  1.92290429213059200D-02  1.10274420987835500D-01  1.93204651602094900D-01
94 25 -7.02364934917858600D-02 -3.35576980561372100D-04 -5.17867803909389000D-01  2.82512276517571300D-01  5.30837009786957700D-04
94 26 -1.93225497695635400D-02 -2.53102876326223000D-02 -1.88340536032725000D-04 -2.09662988147198300D-03  5.56350728869041600D-03
94 27 -3.46687740721839900D-03  2.13506308212719400D-02 -8.49699438648058900D-06 -2.96329611341355700D-06  1.67476665840882500D-01
94 28 -1.93998579878424200D-01  2.65219140375416600D-02 -1.93417459460391900D-01  7.66626985195726100D-05 -3.12256171392785000D-05
94 29  6.58383742095223300D-01  9.22482410894168200D-01  1.20360493113851300D-01 -5.36384886202779100D-02  2.18542047013590100D-06
94 30 -3.36164269229541300D-01 -5.77040896143973700D-01  4.14131964964288200D-02  5.95589760545646600D-02 -5.34852657920071200D-05
94 31 -3.36156210010157600D-01 -5.77043182431290000D-01  3.08662375692465400D-02  6.56519996520466700D-02  6.10723502863968100D-05
94 32  6.58389658863330600D-01  9.22518118109626300D-01 -1.06632285543999500D-01  7.74117281221140300D-02 -3.89412598349646200D-06
95  1 -4.28616369599054500D-01 -8.77542268538923800D-01  4.77437365812806900D+00 -1.88270149875828200D-01  9.13708677668754000D-02
95  2  5.07690643594300800D-06  3.86058213156635800D+00 -1.13264182514876500D+00  9.77206809312180100D-05 -8.37882801572083900D-02
95  3  6.04391756898900000D-02  2.33491044673169100D-02 -1.29567045308366000D-01 -1.88300154049560400D-06 -1.39928053112301300D-05
95  4  4.28603909525802500D-01  8.77521498225610500D-01 -4.77423691305901300D+00 -1.73322701034204500D-01  1.17353699315660300D-01
95  5  1.69911764599524300D-07  2.91151002317474300D+00 -2.77687828469949500D+00 -9.60366133647366600D-05 -1.21583324456263200D-01
95  6  1.44898177763278600D-01 -2.33148533070150300D-02 -7.38507753367015700D-03  1.05785337971939000D-05  9.87041830635086000D-06
95  7  5.76177194718958000D-02  1.14020665978201000D-01 -2.22481401719592300D+00  1.30816614239168000D-01  8.88687237966356300D-02
95  8 -2.41222357793166100D-05 -7.25073501200104300D-01 -9.71405540305937000D-01  7.35762034353281600D-05 -6.03846569024203100D-02
95  9  7.74398498212054600D-02 -1.70551929187860000D-02 -9.52910610742133000D-02 -1.00932830062218000D-05  5.53438418826455400D-06
95 10 -2.83474233777710000D-01 -5.82150416209794400D-01  2.22557393608679900D+00 -6.87843559797043000D-02 -1.86609699064812100D-01
95 11  1.34708799052276400D-06 -3.25750559430161200D-01  2.80923560893608700D+00 -2.16844511808699800D-05 -6.34534319248416100D-02
95 12  5.67017638344512800D-02  6.75166809039243500D-03 -6.30231422201155000D-02 -1.34584790418597600D-05  3.61506523466651400D-06
95 13  2.83489381488577100D-01  5.82181906343338100D-01 -2.22569761464457600D+00  1.27218085408604900D-01  1.52875555289065600D-01
95 14  2.51990737055234900D-06 -2.59563111884047400D+00 -1.12275129926211300D+00  2.78792681676866400D-05 -7.39446858119377400D-02
95 15  8.06623753726802000D-02 -6.71768956074085900D-03 -2.85857864070171600D-02 -9.26286563060772800D-06  1.35907442642147500D-05
95 16 -5.75901024328078900D-02 -1.13971911707886300D-01  2.22458797399353100D+00 -1.15340045688717500D-02 -1.57725161787331800D-01
95 17  1.96470664461111200D-05  4.78599533150339300D-01  1.11354740162789600D+00 -8.08655334037612200D-05 -1.14472851314224200D-01
95 18  9.73886285622562900D-02  1.70842227519674700D-02 -2.12976064579301800D-02 -1.58057676346442300D-05  6.19259590771251200D-06
95 19  3.38006693213648900D-02  6.81260302061666900D-02 -3.86680284920232800D-01 -3.95944252605677900D-01 -6.83756159024572300D-02
95 20 -2.77413768394015700D-01  3.60762865073908200D-05 -2.67193134475381200D-01  7.01006287463838900D-01 -6.45926986985997300D-05
95 21 -1.73481131341701500D-01  6.14887157052340000D-02  1.43549806994613800D-05  6.60330973755238300D-03 -1.25002915247074600D-02
95 22  5.89698178715602400D-03 -5.14647421555609600D-03 -2.89145469619855200D-07  1.04402396483118600D-06  3.14111106435640800D-01
95 23 -9.25382696362707100D-02 -2.21572836799369400D-01 -1.97445162836355300D-01  1.80236551333698900D-08  6.50584598869304900D-06
95 24 -3.37955237364545600D-02 -6.81085641028630300D-02  3.86709282487484100D-01  3.95985677631881800D-01  2.06046051712917400D-01
95 25  1.97915346745444400D-01 -4.58487440555359200D-05 -7.40705524633757200D-01 -1.19176389039212300D-01  7.79769611389403500D-05
95 26 -1.40003909537823500D-01  1.19464128489292600D-01 -1.70406659950052800D-05  3.86167752758420500D-03  2.03523384635703700D-03
95 27 -5.89691137394121800D-03  1.21252508790560100D-02 -9.50211830196437500D-07  2.17309463426284600D-08 -1.57270205404331800D-01
95 28 -6.42773840347075100D-02  2.21547589439039300D-01  3.02030916209828800D-01 -5.42194362080619700D-06 -3.96800707110166800D-06
95 29  1.69103951635016200D-01  1.77822808284441200D-01 -2.80320424437315900D-02 -5.36164825253613000D-03 -2.01127385282288100D-06
95 30  4.64308074539642300D-01  7.73909538378054700D-01  1.71705458914399800D-02 -7.55663844611611000D-02 -1.38883671178452200D-06
95 31 -4.64275124784314400D-01 -7.73890164225623600D-01  7.40223385256467800D-02  2.29145874861478000D-02 -1.81494183975534800D-06
95 32 -1.69035828607362000D-01 -1.77790589361850300D-01 -9.38290429038893800D-03  2.69486772131883800D-02  6.38606318985726800D-06
96  1 -2.58956523561072700D-02 -7.26891199214169400D-02  8.66525058979100600D-01  7.69982175904345700D-02 -1.93844147951614500D-01
96  2  6.43608667267265000D-07 -6.77489604825037400D-01 -2.19100707834936000D-01 -1.79500241761859800D-03 -4.36122286770546100D-02
96  3 -2.26039457817403900D-01  2.69651686494458900D-01  2.73403567854521000D-02  8.86600874483744300D-07  1.84991607272307600D-04
96  4 -2.59509462573268300D-02 -7.28046508903671000D-02  8.67039930056091900D-01 -2.06340804142565300D-01 -3.02659720537134200D-02
96  5  1.37655268633717100D-05  1.48809183541089700D-01 -6.96070001705832900D-01  1.80087900132874400D-03 -2.00908452254473000D-01
96  6 -6.87495245683432100D-02  2.69657976822816100D-01 -7.75528335006240600D-02 -1.52749245303950400D-04 -9.28837791053882600D-05
96  7  2.31017480375008000D-01  4.49565867092890300D-01 -1.13140795835449500D+00  6.23301460581631100D-03  1.47790032515441500D-01
96  8  2.83904876467196000D-04 -7.17875119392460500D-01 -8.96237167328106800D-01 -1.27701724810429500D-03 -1.32311215864400500D-01
96  9 -1.85093329182674000D-01  3.17404545047074700D-01  1.42184618299477200D-01  1.93481420393396600D-04 -2.16610010578112600D-04
96 10  2.14571902128703300D-01  4.33007723561432900D-01 -1.21201413217014700D+00 -1.27695952636889200D-02  1.01111883397695000D-01
96 11  1.22093803502453400D-05 -2.70893011125329700D-01  2.44432221756201500D-01  4.15676262094726300D-04 -6.31422058232575400D-02
96 12 -3.26723830491804600D-01  3.89866036315060800D-01  3.32979936253686400D-02  2.69137053389716600D-04 -4.30023265088615200D-05
96 13  2.14563220778560700D-01  4.32987207069070900D-01 -1.21202619942434700D+00  9.39235259782202600D-02  3.94830353325127000D-02
96 14 -9.86462722985334200D-07  3.47318376846510500D-01 -1.12196449717623900D-01 -3.94601260596269100D-04 -2.85800879587644100D-01
96 15 -1.04085039468985700D-01  3.89885919056630000D-01 -1.15161082709127000D-01  1.72905966320576600D-04 -1.96714472396231100D-04
96 16  2.31023539244057600D-01  4.49574463081547800D-01 -1.13150753058258600D+00  1.24867420192727300D-01  7.93245283442966400D-02
96 17 -3.04856899325248300D-04 -4.17137185177032200D-01 -1.06997603457203700D+00  1.25132034474906900D-03 -2.78555411329787300D-01
96 18 -3.88600156560493900D-02  3.17415426985837300D-01  4.46751565602838400D-02  2.64296787588677800D-04 -5.81499513474062500D-05
96 19  5.54218720094968600D-02  1.50485733095974800D-01  4.55092064085652300D-03  2.68729759480498100D-01  5.45845753943139200D-02
96 20 -1.63353815061374700D-01 -6.90586294563185000D-04 -2.30116708930548500D-03 -9.08886430962159000D-02  1.28585941394488000D-03
96 21 -4.67153056341813300D-02 -9.16554195643282500D-02 -1.76959526051885000D-04  2.62334400448515600D-03 -4.08408810913304800D-03
96 22  1.46074410464753000D-03  2.66718490094506300D-03  4.41602215658586100D-06 -1.46234700727829300D-05  2.08443008618336400D-01
96 23  2.12332008025870400D-02 -2.29676209420923600D-01  1.06986770166004900D-01  4.27286643307909200D-06 -2.78490710047043300D-04
96 24  5.54291210602060300D-02  1.50494747266525200D-01  4.50600083249320900D-03  2.68679503844332300D-01 -1.68763417300804200D-01
96 25 -3.44592617212628100D-02  6.52888365858513500D-04 -7.74913813127478100D-02 -4.74213628972238900D-02 -1.24771320202913800D-03
96 26 -5.59861444404002200D-02 -8.62942620173660100D-02  1.68491458273655500D-04 -4.40772717816556700D-03  2.94648212870861900D-03
96 27  1.46124504945696100D-03 -2.02219024524127900D-03  1.53020725941789200D-05  3.51833728329095800D-06 -1.21812530221125000D-02
96 28  2.41884388829725500D-01 -2.29703135807613100D-01 -4.01817248891924300D-02  2.43944919891454500D-04  1.35305093051589200D-04
96 29  4.51781539974464500D-01  6.64013639094891300D-02 -2.96235643224473400D-02 -1.02426575977164000D-01  1.01201096711939100D-04
96 30  4.67607888302199500D-01  1.22234404339885800D-01 -4.42507303292335800D-02 -5.39402636244106600D-02 -1.42220135105441700D-05
96 31  4.67676594387443900D-01  1.22303975521335000D-01 -2.45847757169072900D-02 -6.53063087167479700D-02  3.52400669059895100D-06
96 32  4.51805902303891400D-01  6.64011441648770100D-02 -7.38852009751665800D-02 -7.68710562460434100D-02 -8.74374308267654000D-05
97  1  1.88485227222357000D-04  4.23940661541669600D-04 -2.26988395630586100D-03 -3.64325069094237100D-04  2.41384568189833900D-04
97  2 -9.22538013290801800D-02  4.09309645065321500D-03  9.13741041101131900D-04 -1.57771453926281600D+00  1.44062863141638200D-04
97  3  1.58526675877257400D-04 -3.02589539018894100D-04 -4.08143540769420600D-04 -7.08423492684597000D-02  1.04619233284914500D-01
97  4  3.10317709428888100D-04  6.07577812079648300D-04 -4.04998939498558500D-03  2.67547912642681600D-04  1.42798171919561400D-05
97  5  9.24353133683743200D-02  1.04515688461607900D-03 -2.06210717115581800D-04  1.57812988874826400D+00  3.33684020928858900D-04
97  6 -8.33868055119684400D-05 -2.50297215416890900D-04  1.48600167593629500D-05 -1.25761928044325800D-01  8.82374884727895300D-03
97  7 -4.75262531111262200D-04 -9.12255750184958700D-04  3.81039895719629400D-03  1.11333476663564700D-04 -6.38648793050530400D-05
97  8  1.72056584047157700D-01 -1.71698937869239400D-03  1.03160220764594500D-03 -9.41254921204883000D-01  3.54163512173723400D-04
97  9 -4.03677977068972800D-06 -3.50126732403035100D-04 -1.25046840548481900D-04  1.04380014436381300D-01 -2.80522753733766100D-01
97 10 -2.98018345577796900D-05 -5.32209473233345000D-05 -8.36797498798837400D-04 -2.12282632645193200D-04  1.45589319713193400D-05
97 11 -3.19686254597076700D-02 -5.87642614432770200D-04 -1.60183398960297400D-03  2.69641743995917400D-01  5.58053961214263500D-05
97 12  4.19710883729267300D-04 -4.75516279850693100D-04 -5.56699232997854100D-05  2.27115392764586400D-01 -5.68576491114889200D-02
97 13 -1.32356853230413200D-04 -2.41705213047656100D-04  5.14645021248010500D-04  6.79506073873292700D-05 -2.84213592900366600D-04
97 14  3.20998598437631700D-02 -1.78269953228408100D-03  9.75725570886367400D-05 -2.69420199432862600D-01  3.19741109351094300D-04
97 15  1.61225083238422100D-04 -4.80966192589516000D-04  2.19633054886509500D-04  1.62742303480363100D-01 -1.67946749826568800D-01
97 16 -5.59919660774938000D-04 -1.09503299677238600D-03  5.00744973037835900D-03 -4.78404548586283700D-05  3.94593899272118200D-05
97 17 -1.72229150465837300D-01  2.67831184083773700D-03  1.35095499188119100D-03  9.40835749460582600D-01  1.55857127856753000D-04
97 18  1.40841365677013900D-04 -2.96698493533767400D-04 -1.77945433451975200D-04  2.94847920789261100D-01  5.00862413835285400D-02
97 19 -4.30570850450586000D-05 -1.46947234595234600D-04 -2.02500052042244200D-04  8.26449501282356100D-05  7.89336233252619300D-05
97 20  4.47651487565797800D-04 -5.38665042032782600D-01 -5.40238121751243300D-04 -2.96820649724732000D-04  1.07996621830839700D+00
97 21  1.01682614820168500D-04  5.48056569229902800D-05 -8.00114369095866300D-02 -1.39272468735437200D-05  1.51055984321445400D-05
97 22 -1.17835155860149300D-06 -1.06145466776838700D-05  4.07027620904087100D-03 -8.68005133129565000D-03 -2.40302553528069700D-05
97 23 -1.75308176581106200D-04  1.99338431933913200D-04 -2.44552540506360400D-04  3.69710583462520300D-02 -3.63192916460170500D-01
97 24 -6.52478416391883800D-05 -1.61838177453044600D-04  2.76616979747185800D-04 -3.27717076765295100D-04  1.86114611435345400D-04
97 25  2.14956258264520700D-04  5.38926189800664200D-01 -8.91086973470018400D-05 -1.56439520378503700D-04 -1.08053760928146300D+00
97 26  1.37004360030375700D-04  9.21063602647111900D-06  8.00419854872869600D-02  1.10173997570818500D-05 -3.26418752117260000D-06
97 27 -7.75321223590918400D-06  1.62396328773259300D-05  9.55882979365902900D-03  8.40180593104524400D-04 -2.44626904812893800D-05
97 28 -4.03881644275097500D-04  4.28344334756386800D-04  4.55937048021679200D-05  3.33192939436751500D-01  1.49796113560571700D-01
97 29 -2.53501929800071800D-04  4.40164814450398900D-04  1.35639275569044000D-04  1.84112210217733800D-04  9.76510307612756300D-02
97 30 -6.93289527137508700D-04 -3.89419000291311500D-04  9.18225752568913200D-05  1.91409195928230100D-04 -8.07827551580734400D-03
97 31 -9.06131893133329800D-04 -3.90537236075721600D-04  8.33012966567380400D-05  4.01764187654871400D-05  7.84225933886085000D-03
97 32 -2.38266909615211300D-04  2.09294235793149900D-04  5.62077450382485900D-05  1.73091480424950300D-04 -9.74544557396681100D-02
98  1 -4.62024906540179000D-05 -8.03201990799342900D-05  5.86710829911517700D-04  7.20406112058937800D-05 -3.03751964202268500D-05
98  2 -2.77082503318381600D-01 -4.30483417592909600D-04 -9.84228497536264500D-05 -5.91257458943053300D-01 -1.27089152010086700D-05
98  3 -1.48968385566748800D-05  2.76057537576832800D-05  3.73950350194063400D-05  3.94986318484208800D-01 -2.94115877951252600D-01
98  4 -3.99263531957146000D-05 -7.08070034900409800D-05  5.39099205363599100D-04 -5.61621323603359800D-05  4.19832235179349200D-05
98  5 -2.76811532950997800D-01  1.36359917312139100D-04 -4.94357031245787600D-04 -5.89951459276482100D-01 -4.41042445849749500D-05
98  6  1.91275414896342200D-05  2.49767030953406200D-05  1.23211477845346400D-05 -4.52311081606551200D-01  1.95232851065501700D-01
98  7  4.59555129802828100D-05  8.12072012203755900D-05 -7.46456075587993400D-04 -2.68939824471735400D-05 -3.36085800110794900D-05
98  8  1.28604898698468800D-01  2.06894069507436300D-04 -2.52645586117334800D-04  5.64913716893507800D-01 -3.87025860547691800D-05
98  9  3.80712310873180100D-05  6.31354967451347700D-07 -2.73535476529407700D-05 -2.21978215721061500D-01  2.39824519069206600D-01
98 10 -1.52000045009407900D-05 -3.09679340845313500D-05  1.87140366856114200D-04  5.82494945889069800D-05 -7.81676059373503200D-06
98 11 -7.85781215817951700D-02 -7.56511019870567300D-06  2.09985181429856200D-04 -2.60637420338360700D-01  5.72559765716803200D-06
98 12 -5.98676486663689000D-06  2.61167209468901100D-07 -1.52857400149892200D-05 -2.93163413297149000D-01 -1.04998439295207100D-01
98 13 -1.13929531729260200D-05 -2.53993107918268300D-05  1.09631275785712500D-04 -3.06751009499781400D-05  5.37691340429867900D-05
98 14 -7.84456373932419500D-02  1.66931285669199800D-04  1.94978994841863200D-05 -2.60357973100185000D-01  7.79863311207103300D-06
98 15 -1.13353192919636200D-05  3.53668617989264300D-06 -1.29912072300905800D-05  5.59580616093169000D-02 -3.06423802198534100D-01
98 16  4.81292012312286100D-05  8.75963582652653200D-05 -6.41231970287344100D-04 -1.42280405811461400D-05 -3.63455521909638600D-05
98 17  1.28604997961000100D-01 -3.16426620197734900D-04 -2.66047315308534600D-06  5.65160523686973300D-01  3.69642055811833800D-05
98 18 -3.34511214836218000D-05 -3.51308409756163900D-06  2.18582776211476500D-05  3.19014784013371200D-01 -7.19150963798002200D-02
98 19  1.14022132253794400D-05  3.07743402432545600D-05 -5.13285765228896700D-05  2.39412296670738500D-05 -9.32291196886236900D-05
98 20 -6.83414709617726400D-06 -1.59503336306783400D-01  2.13721940951213000D-04  7.67375202947672400D-06  5.80778093009620200D-01
98 21 -3.85854098243031400D-06 -8.49451029456749700D-06  3.73009565817310600D-02 -1.65981741402098500D-06 -1.08621967955570200D-06
98 22  2.74603709357688000D-06 -1.18390004887097100D-06  6.23616756297180400D-03  1.92604730717765900D-02  1.12226816754218100D-06
98 23  3.33498867341284000D-05 -3.44721549016705700D-05 -4.42247911953729900D-05 -1.07026412293267300D-01 -5.01957420291634000D-01
98 24  7.25946268225902000D-06  1.72593553528946100D-05 -1.93588729570135800D-05  5.76164322557970100D-06  4.50785825794253300D-05
98 25 -8.17343142471230700D-05 -1.59101854367920100D-01 -1.07519666929416700D-04  2.07005756661259700D-04  5.79816765683466600D-01
98 26  2.77411530894503100D-06 -4.82201872729596800D-06  3.72482936206012900D-02 -6.90700685714086300D-08 -2.09230023414121600D-06
98 27  2.16137030271268100D-06  6.90471342415555000D-07  1.35563575764757200D-02  1.50271273937633000D-02  5.77024354074733800D-05
98 28 -3.42292084807515700D-05 -2.34732269267218100D-05 -1.21830756645608200D-05 -3.80606820451632700D-01 -3.43513638464718400D-01
98 29 -9.22109363477956000D-06 -6.47855618121423500D-05 -2.15102079821755400D-05 -1.95131441065002500D-05 -2.44842825332826800D-01
98 30  3.53723266128973300D-05  5.27333962499657300D-05  2.83124862242569400D-05 -1.03647260428928900D-05  1.82702668643098200D-01
98 31  2.84164363743731400D-05  2.89594469198639400D-05 -2.33555183063588000D-05  1.82984407534036800D-05  1.82528531746859100D-01
98 32 -1.57678358337960600D-05 -5.10332003947518400D-05 -1.52206319549320800D-06 -2.74275883570322500D-05 -2.44854644714750200D-01
99  1  1.38567461343645800D-01  2.66726804169914600D-01 -1.74308754057341200D+00 -3.09049495475322200D-01  8.04497210256938000D-02
99  2  3.81466330257733600D-04  1.64144023918727200D+00  3.82836206942688400D-01  3.63418952768810900D-04  8.62788318076430600D-02
99  3  4.97629995221096400D-02 -1.36041831329751800D-01 -1.82524183289007800D-01  6.39504529714631500D-04  9.54124489322042200D-05
99  4  1.38561518187227100D-01  2.66712445847221500D-01 -1.74314288837593800D+00  2.24215511587078100D-01 -2.27400535861688300D-01
99  5 -4.88484998600617000D-04 -4.89169934359552100D-01  1.61271628808455200D+00 -6.63968522114669700D-04  1.95794951873584500D-01
99  6 -5.97574072064385600D-02 -1.36037544667145500D-01 -1.09488094483029600D-01 -2.75212142316204600D-05 -5.47914951029984200D-04
99  7 -1.91194310664632500D-01 -3.72325769577314100D-01  2.27461739099707100D+00  1.44406234587368400D-01  1.01105119878549500D-01
99  8  5.20682831321392100D-05 -9.10774230947610800D-01  7.91287835887946600D-01 -1.10241700577284700D-03  2.15600884770990400D-01
99  9 -2.45875630705680900D-01  3.02747459346898000D-02  1.46603436940124900D-01  6.90168263065911000D-04  7.13304436858335900D-04
99 10  5.86049439746297000D-02  1.30280798289190200D-01 -5.86801351583613400D-01 -2.89199205654698000D-01  4.83086108763610500D-02
99 11  3.55783667309519000D-04  2.96176956203768200D-01 -7.44835713751227500D-01  1.89572063053356900D-03 -1.05563179803648900D-03
99 12 -2.81969322801912100D-03  3.87532502605526500D-03  1.72744736240246700D-01 -2.84716551778621000D-04  7.44682343016316900D-04
99 13  5.86169235231439900D-02  1.30303899945872000D-01 -5.86991812318216300D-01  1.86450692091052400D-01 -2.26257255877638400D-01
99 14 -3.32082411742100200D-04 -7.93313397994912700D-01 -1.15996817261005200D-01 -1.92829113711665400D-03 -1.31965131253919700D-01
99 15  1.28083327088944200D-01  3.88180416497536500D-03  8.54727261278965000D-02 -7.62941823756882700D-04 -2.08054386064291700D-04
99 16 -1.91196046269826600D-01 -3.72326954376799500D-01  2.27477220159381600D+00  1.53320659941155700D-02  1.75599848271985700D-01
99 17 -9.40064250426990300D-05  1.14075939297397200D+00 -3.92882589482678100D-01  1.23991406244485600D-03 -2.40439614249956000D-01
99 18  2.10156936762821600D-01  3.02826774871348300D-02 -1.57509569351368200D-01 -1.78426730264869600D-04 -9.83194335405518800D-04
99 19 -3.66311026152541000D-02 -9.72105418929262700D-02  1.09416861644329600D-01 -5.03223095169192000D-02  4.13524639501143700D-01
99 20  4.58333653058426400D-02  1.16117929812039400D-04 -9.06580743406445700D-01  5.68305570599839100D-03 -3.82115334011511000D-04
99 21 -6.63025981540775800D-03  1.75886649591362900D-02 -1.69024818901595500D-04  6.84408069446035800D-03  2.72550077360310400D-03
99 22 -9.56958146806415900D-03  5.85250590969589400D-03  1.85036196258592200D-06 -2.05640980691223700D-05  5.50974139572865800D-03
99 23 -1.10107552950947800D-01  1.04597811555219200D-01  1.78816594449220600D-01 -2.15469594585489600D-04  4.62036341439744000D-04
99 24 -3.66298680217568800D-02 -9.72079451327342900D-02  1.09397444717874400D-01 -5.03491339102884200D-02 -1.67100542521202700D-01
99 25  3.81030682505717600D-01 -3.19027638377737900D-04  4.58267295412059700D-01 -7.82185572285226300D-01  8.27648628441292700D-04
99 26  1.85548330481792200D-02  3.06665897157121900D-03  1.79813493942571400D-04 -6.33546148037166100D-04  1.02033797421621700D-02
99 27 -9.56983359412513300D-03  8.64769555395326200D-04  2.96742019433836500D-05  1.78982327903881800D-05 -2.15299028733076600D-01
99 28  1.10703050839960900D-01  1.04595977893115700D-01  3.15573444865006300D-02 -7.53137968009519100D-04 -2.50527144130598700D-04
99 29  1.16065089463113400D-01  2.67361241487727100D-01  9.26741130854556200D-02  1.12219619910889700D-01  4.16607973206757100D-04
99 30 -1.27078799133951200D-01 -1.92220977493361100D-01 -1.81180072547326000D-01  3.80869682996722400D-02 -8.51576546278640100D-04
99 31 -1.27108329892879300D-01 -1.92259791745311300D-01  1.23592902514339600D-01 -1.37846485795849200D-01  9.01947492696166300D-04
99 32  1.16044059376565400D-01  2.67345959634723400D-01  5.08348391273424800D-02  1.36369273861062600D-01 -4.47913385727786700D-04
 0  1  2.57144394407806500D-04  4.63823417817839900D-04 -3.65821512413640300D-03 -6.27420489635509800D-04  2.15158057644476100D-04
 0  2 -1.05543590376317800D-01  2.88943059149364700D-03  5.68755393134996600D-04  2.84561211730147800D-01  2.15358057421415400D-04
 0  3  1.06190207346020500D-04 -3.21548264767434100D-04 -2.79554046352933100D-04 -1.76298130352404500D-01 -6.11489736564365900D-02
 0  4  2.11399748698247500D-04  3.96455253295900700D-04 -3.24032862119245400D-03  4.95665289472211200D-04 -5.22495736091099600D-04
 0  5  1.05747237138403300D-01 -1.41879930745414400D-03  4.09135573600093400D-03 -2.84153041405225000D-01  4.08439340905973100D-04
 0  6 -5.57624538537746800D-05 -3.52676887052197800D-04 -2.71346995670747600D-04 -3.48625661248957900D-02  1.83177096761326300D-01
 0  7 -3.94085762689993300D-04 -7.77357282930458000D-04  4.66611909172294900D-03  3.14080833884386200D-04  2.09823143538583100D-04
 0  8 -2.24189218591155300D-02 -1.62375959585190300D-03  1.89538501204949700D-03  7.49977295446750200D-01  4.21015827035733500D-04
 0  9 -5.09818637524383500D-04  8.88028104886489000D-05  3.79047318602277800D-04 -3.35208931471272100D-01 -1.82547486255843400D-01
 0 10  8.79604672768359400D-05  1.99231131443169800D-04 -9.67499308392645100D-04 -6.05108874502891600D-04  6.40997688803586000D-05
 0 11 -1.31692656898148400D-01  9.70656204584233300D-04 -1.38802417282961900D-03 -9.84944911187576400D-01  3.41615464993198900D-05
 0 12 -9.60820011938006900D-05  6.19204546944802300D-05  3.91115723251329200D-04  9.44415883155451000D-02 -3.53329529343162800D-01
 0 13  1.29719701746494400D-04  2.79267759257661700D-04 -1.26985456926817800D-03  4.00903258480415700D-04 -4.40418622897102800D-04
 0 14  1.31715799186470600D-01 -1.44215588350896700D-03 -3.77676870547878700D-04  9.85089681564984200D-01 -3.31389279426906800D-04
 0 15  2.66803416033813500D-04  6.45858633930925500D-05  9.14335814901735600D-05  3.53176018629922100D-01  9.50459545633916800D-02
 0 16 -3.62761898319505700D-04 -7.05523200640094900D-04  4.30900686307314000D-03  1.72431029162279500D-06  3.71486469949900300D-04
 0 17  2.23736181500705000D-02  2.11358680056563300D-03 -1.06740929082308700D-03 -7.50338143646532600D-01 -5.45255184289262400D-04
 0 18  4.72708805623372100D-04  7.25463786658918600D-05 -2.80266259766741100D-04 -9.74907321761357300D-03  3.81543371130971000D-01
 0 19 -1.03243460373502600D-04 -2.48392632665660700D-04  4.37266635745146400D-04 -2.24643187395652900D-04  9.40616506792821500D-04
 0 20 -1.63904202987165600D-05  4.90379706595916200D-02 -2.01231266595222400D-03  1.34872450939567600D-04 -7.74925942756104200D-02
 0 21 -3.56668459351652800D-05  6.15700476590676500D-05  6.49727295022375100D-02  2.07536838271332000D-05  4.41016197639569700D-06
 0 22 -2.51638458035303100D-05  1.66957590075743100D-05 -1.60177259736518500D-03  1.09877540232581000D-02 -2.84571928793599800D-05
 0 23 -2.46803103185728600D-04  2.75260296065088900D-04  4.98329718679216400D-04  5.39272502318741400D-02 -7.42822543976385500D-02
 0 24 -9.03766284232931200D-05 -2.29689681390060600D-04  2.14085601614667400D-04 -1.28904843912370500D-04 -4.29875897615140200D-04
 0 25  8.40416194505574200D-04 -4.89825640754097900D-02  1.13234209503993900D-03 -1.80111347221085700D-03  7.71242734505854000D-02
 0 26  3.10851867213471000D-05  3.17357905205974700D-05 -6.50165435473978500D-02 -6.37318924333624000D-06  2.65961509469111300D-05
 0 27 -2.02229617035752000D-05 -4.48174402827697400D-06 -1.03348955526062000D-02 -4.13390855486567900D-03 -5.14425960514599100D-04
 0 28  3.26205027217654000D-04  1.88220933296945200D-04  1.04866978159318900D-04  9.16091378422013700D-02 -9.29139083238170500D-03
 0 29  2.98476501831302400D-04  5.27129183770105600D-04  2.06291293647838100D-04  2.18872535806326500D-04 -2.75877511493924400D-01
 0 30 -1.65778089246785100D-04 -3.96488792410336000D-04 -4.65098558002910000D-04  2.01945621540453800D-05  4.37178194576074600D-01
 0 31 -1.04135565056513600D-04 -4.05677883314934100D-04  2.55836998441486100D-04 -3.25544381816527400D-04 -4.37239600442605000D-01
 0 32  2.73924125017415500D-04  5.73227899511018700D-04  8.89436698022232100D-05  2.91870911918492100D-04  2.76018317425604500D-01
 1  1  2.42485755600274300D-02 -3.51068877822482100D-02 -2.35207344714790500D+00  9.97539795845790900D-02  1.77461496715858200D-01
 1  2 -3.27944204684865200D-05  2.16328896693956700D+00  4.30770317805765900D-01 -2.24261407489280600D-04  8.31887383504866500D-02
 1  3 -1.97884749794029400D-02 -6.34002633710826600D-02  2.98747800682907100D-02  2.89665515173292500D-06 -6.30372469467169000D-05
 1  4  2.42466471536599700D-02 -3.51080829328167400D-02 -2.35196062576604100D+00  1.03786255347319600D-01  1.75117445686631300D-01
 1  5  6.67022872105825200D-06 -7.08732621029360200D-01  2.08858842550140900D+00  1.38591452022850700D-04 -1.64448513264069700D-02
 1  6  7.98509712165030900D-02 -6.34061198900958400D-02 -3.65518817696807900D-02 -4.64709903463919500D-05  2.99488008683211400D-06
 1  7 -8.62677342261322800D-02 -1.04890239085770400D-01  3.19058509427532100D+00 -1.08939885391776400D-01  1.80347653321118800D-02
 1  8 -3.33674782308101300D-05 -3.32061335357128000D-01  1.48694836758676200D+00 -1.45589759896712500D-04 -1.77344842446940200D-01
 1  9  2.29692876464603900D-01 -5.23480340176640500D-02  1.20677713099055500D-01  3.08404931575564900D-05 -1.33460354889304200D-05
 1 10 -5.18754142796833300D-02 -1.54047433555512400D-01 -6.03497991160137500D-01  3.30870839762955100D-02 -9.84576029575713900D-02
 1 11  1.79015782392336000D-05 -5.47226395943290600D-01 -4.65811268611998600D-01  1.59417350344465600D-04  7.53460733530890300D-02
 1 12 -6.13170058776337800D-02 -1.40290674754548900D-02 -4.05815649923099200D-01 -1.30348643621154900D-05  5.09792036428596700D-05
 1 13 -5.18544467887326500D-02 -1.54006129290854000D-01 -6.03759332904922300D-01 -1.01792201066656700D-01 -2.05877772973155900D-02
 1 14  5.79921099648170300D-06 -1.29890866697729800D-01 -7.06962564461812600D-01 -1.33630842607735000D-04  2.77256391938193800D-01
 1 15 -2.63229315203891700D-01 -1.40270767343017300D-02 -2.71188628435505700D-01 -5.00979357181403500D-05  1.45152942967931900D-06
 1 16 -8.62704822014979300D-02 -1.04895161334798500D-01  3.19093922004703900D+00  7.01016098702832700D-02 -8.53288169886161400D-02
 1 17 -1.62827251343640200D-05  1.45385181814008100D+00  4.56078111890834900D-01  1.24402544688507500D-04  3.73691135943919500D-02
 1 18  1.49734127077246200D-02 -5.23425263021170100D-02  2.63870458324760400D-01  3.64904055481414500D-05 -1.82408279351740500D-05
 1 19 -5.12455118184591500D-02 -1.22057142760075000D-01  2.94752942116529300D-01 -2.68003871359047400D-01  3.82027250361377100D-01
 1 20 -7.82238131870758700D-02 -9.15278775660110900D-05 -1.10148209542489000D+00  1.05104259077117300D-01  1.98962009286323000D-04
 1 21  3.32934745091146300D-03  8.97396978348676100D-02  2.80838022994899700D-06  1.03406203698975300D-02  2.07324314498403200D-04
 1 22 -1.05479446843964100D-02 -1.19338822324337800D-02  4.69763059538450100D-07  3.40760381924856600D-06 -3.43491288619811100D-02
 1 23 -9.41845647049574200D-02  1.28533693566938600D-01  4.84292278212583900D-01 -5.19543732105986000D-08 -1.26982501313219200D-04
 1 24 -5.12437584815068200D-02 -1.22059514390526000D-01  2.94726898615475200D-01 -2.68028259496441900D-01 -2.58783662859589300D-01
 1 25  2.91719523367009100D-01  8.86583428389406200D-06  6.41851946944430000D-01 -9.01241523955374200D-01 -3.06581465488160200D-05
 1 26  7.60536240450539700D-02  4.77721094769232600D-02  2.06250606920308600D-06  1.16929470123465800D-02 -1.14465551422613300D-03
 1 27 -1.05482914981211300D-02 -1.10326132304349000D-02  2.67769120408107800D-06  1.26437832314061900D-06 -4.42471701072326300D-01
 1 28  3.13933768979263800D-01  1.28537932093062900D-01  2.12130552927233800D-01  6.42194416928808000D-06 -9.45393001286307400D-06
 1 29  9.90676349705910100D-02  2.31275440200114600D-01  7.75478812614359800D-02 -1.46171444618571900D-01  8.09548106314758000D-05
 1 30  4.19711290348515800D-02 -1.62036992162290200D-01  2.08085887975551000D-01 -4.78420854441983700D-02 -6.31366892883756900D-05
 1 31  4.19516394208049400D-02 -1.62087259846313700D-01 -1.45498053595787400D-01  1.56278634983751100D-01  6.11523535574101800D-05
 1 32  9.90803703496575100D-02  2.31282235669666900D-01 -1.65373211621053500D-01 -5.93808971428359100D-03 -4.03371557879200100D-05
 2  1  2.35697289266852600D-01  4.99567841834787200D-01 -2.13647662107877300D+00  7.85185060356106800D-02 -6.55739132275085900D-02
 2  2  4.28857108908211700D-05  1.38370966217880900D+00  5.49473617462210200D-01  3.18782376521618400D-04 -2.92966149794438500D-01
 2  3  4.28535254503890800D-02  2.50112624344050000D-01  3.94977474588289100D-02  7.98307567552881800D-05 -4.54949456933052200D-05
 2  4  2.35676775689113100D-01  4.99517815950065300D-01 -2.13629442321970900D+00 -9.60608219187644300D-02  3.52134316837499100D-02
 2  5 -1.18622405337640900D-04 -2.16174458297965800D-01  1.47276781809813500D+00 -4.43045150942894300D-04 -7.07750468581579800D-02
 2  6 -1.79341618064509900D-01  2.50116664922667800D-01  1.87669773737626600D-01 -1.11292249885534400D-04 -1.55328894839968100D-04
 2  7  8.52968803338083200D-02  2.20090223408438500D-01  1.57867214534163700D+00 -1.16784920597530400D-01  2.32146087767287400D-02
 2  8 -1.00657678207281100D-05  8.98262206620678200D-02  1.21871945881509700D+00  1.47391873218319700D-04 -5.70616494238564400D-02
 2  9 -2.53775641662639200D-02  8.24392135901204200D-02 -2.71189635955284300D-01 -9.03812213764600800D-06  7.65473205514385000D-05
 2 10  9.78585032837069300D-02  2.04328839815711200D-01  1.44739087733867200D-01 -3.83700829560539300D-02  4.15333351783950400D-02
 2 11  1.82265740687649000D-05  7.06449630854000900D-02 -5.67398576663789700D-01 -1.91156507570893800D-04 -3.61486161745306100D-01
 2 12  2.94074857103296600D-01  6.74113046420100800D-02 -1.32758276504356100D-01  1.08191096923154200D-04 -6.38907016858085800D-05
 2 13  9.78676671323199900D-02  2.04340850278845800D-01  1.44371492135887900D-01  5.51508958016391100D-02 -1.24666134836580000D-02
 2 14  1.12749720958742200D-05 -5.26856490998348500D-01 -2.22655562490844300D-01  2.45312052323047000D-04  2.29727348862765200D-01
 2 15 -2.97116192347561200D-01  6.73888434847959800D-02  2.61456579645885300D-01  1.05177867330393900D-04  5.57009120649943900D-06
 2 16  8.52645958340755000D-02  2.20022202582727600D-01  1.57915131697989000D+00  7.85075767707419400D-02 -8.95060876706967000D-02
 2 17 -6.60346036518470800D-05  1.01067156132849300D+00  6.87181244975756400D-01 -2.14945771017421500D-04  1.70119223357942700D-01
 2 18 -2.52544771220177900D-01  8.24255478622348800D-02 -1.19714544798846300D-01 -4.73460825820804200D-05 -1.12008926793350700D-05
 2 19  4.45809689880203800D-02  9.13190634781169700D-02 -1.55200240804689600D-01  6.13730599242776300D-02  2.34259457369724200D-01
 2 20  1.10789871819715200D-01  5.54899567260710400D-05 -6.89827264451730500D-01 -1.20930610289134400D-01 -1.39770248309660600D-04
 2 21  1.96122381074796300D-02 -5.63350417233664200D-02 -1.23907928458309200D-05 -8.29051567878358000D-04  8.76180728636186600D-03
 2 22 -7.93275571848327600D-03 -8.24507429211661500D-03 -9.11678310508394100D-07  1.89402117186101300D-06  6.13355702417594900D-02
 2 23  3.94647311618267400D-02 -1.00800301403585500D-01  2.88772931682172800D-01 -3.33571546854798300D-05  6.69620217978842200D-05
 2 24  4.45828104768635500D-02  9.13321985381806300D-02 -1.55158428882208100D-01  6.13865259649742900D-02 -2.11965085418605100D-02
 2 25  2.58236236235063200D-01 -1.31698690804765900D-04  2.40233628106033300D-01 -6.57799866492431400D-01  3.79660483467057700D-04
 2 26 -5.85955785345967700D-02 -1.11962694319480300D-02  2.68889436278533800D-05  1.25481797479286000D-02 -4.61520817194968900D-03
 2 27 -7.93297157597912100D-03  6.72810279653844200D-04  8.83614262399457400D-06  5.35595233696975400D-06 -1.71657747155021800D-01
 2 28  2.72462640398099000D-01 -1.00804893243077100D-01  1.33400546767545000D-01 -2.69273934923975300D-04 -1.23510226157560900D-04
 2 29 -1.57534201326859900D-01  2.16329665597998300D-01 -1.19423499495652200D-01 -1.67118982708939400D-02 -6.62069102300580400D-05
 2 30 -3.95070486160324200D-01 -3.12318277040743200D-02  4.01203038026714400D-02  1.64935721130178600D-01  8.52609886058920300D-05
 2 31 -3.95073405734339700D-01 -3.12537812840455000D-02  1.22795558102159500D-01  1.17211186274727600D-01 -8.78780986051128500D-05
 2 32 -1.57540848091773900D-01  2.16386499194971400D-01  4.52738701576160700D-02 -1.11741385729561900D-01  1.83699495454739400D-04
 3  1  8.56414528594008900D-06  1.98052228835842500D-05 -4.11532389749782000D-04 -1.34216663922676300D-05 -2.59845813633918200D-05
 3  2  2.71112232986867800D-01  5.28821947255146000D-04  1.78736869986436500D-04  3.26706140740153800D-01 -2.41569670742549400D-05
 3  3 -2.11809402797093700D-06  2.62750611022260400D-05  1.63460364052776600D-06  8.87508018690153500D-02  6.96048341811836300D-01
 3  4  2.16174329418201100D-05  3.87793796612031700D-05 -6.24913337115896200D-04 -8.34317406781038700D-06 -1.83569987468285300D-05
 3  5  2.71220032997076200D-01 -9.59706946586443300D-06  3.77154295871023500D-04  3.27098531156904300D-01 -1.46365378427996300D-05
 3  6 -9.17453611060940100D-06  2.38110739534090400D-05  3.09041757549727100D-06  5.58377053924420300D-01  4.25086300912594000D-01
 3  7 -6.61179396913109800D-06 -3.67440597255431400D-06  5.11979074136835700D-04 -1.74492767213112300D-05 -1.00661647265082100D-05
 3  8  1.82750692284296700D-01 -1.38190496892854600D-04  3.66099138852813700D-04  2.35050005660371700D-01 -9.69857423507474800D-06
 3  9 -7.94696801058812100D-06  1.76455422456627700D-05 -2.06517896411226600D-05 -4.26286740062228400D-02 -1.30181384109953100D-01
 3 10  1.35908781716901600D-05  2.70544560086501500D-05 -5.48444518068086100D-05 -3.68499810001121800D-05  7.97574046829636100D-06
 3 11 -5.70640005531061500D-02  2.78299048357095300D-05 -1.88808806243030800D-04 -1.58185964474188500D-01 -4.73695657318962000D-05
 3 12  4.27435957770371000D-05  4.62596995485924500D-06 -3.39161531266602000D-05 -2.48382003370681900D-01 -1.24878718082037800D-01
 3 13  5.43699229180535100D-06  8.86976705145314400D-06 -5.40985473042436400D-05  1.24776674741370300D-05 -2.91418921278062200D-05
 3 14 -5.70589875344677000D-02 -1.53216429684061800D-04 -1.07561983724743600D-04 -1.58372468475110700D-01  4.38245547637306100D-05
 3 15 -5.10234979655923700D-05  7.19894320186180200D-06  3.94177544209700800D-05  1.59442442123680200D-02 -2.77489493290819300D-01
 3 16 -3.33218939002789700D-06  1.15426686673443900D-06  5.85916233211928800D-04  6.07822835848540100D-06 -6.56316607848727400D-06
 3 17  1.82793478645381600D-01  3.38102781106148100D-04  3.85976502806226600D-05  2.35205500203574800D-01  2.97666326802688100D-06
 3 18 -1.10337538074124300D-05  8.05709053938554700D-06 -2.47594771477303900D-05 -9.13719207482528700D-02 -1.01959751553377200D-01
 3 19  1.00142483684876200D-05  2.22511544860387900D-05 -5.01763900269044700D-05 -1.68397159542649100D-07  1.14165162030102000D-04
 3 20  3.51184373094758700D-06  7.28869432962803400D-02 -2.79017096996915500D-04 -2.77815712178720400D-05 -5.86395974072201800D-01
 3 21 -2.71471224975837100D-07 -6.87163648752259800D-06 -5.38014879967704500D-02  3.27479391333641700D-06 -2.07768783487576500D-06
 3 22 -1.19710607846068700D-06 -1.55897912660802200D-06  3.81545480408714700D-03 -3.58912260131179100D-02 -6.82364633593674800D-06
 3 23  3.94974830660039000D-05 -3.26738367300670500D-05  1.11206724379623600D-04 -1.17620876343359000D-02  6.56179530374640300D-01
 3 24  2.71492113933997300D-06  1.04000334198056200D-05  1.66944124754257000D-05 -3.73597037653229100D-05 -4.78350511632885400D-05
 3 25  9.51671395202743800D-05  7.29532513048696800D-02  8.74343122667270900D-05 -2.09759861829635600D-04 -5.86647849447993200D-01
 3 26  9.47565163553672600D-06  3.11681722172777100D-06 -5.38364820109744600D-02  1.43020068072773700D-06  8.13929148227905800D-07
 3 27 -2.24412982895574400D-06 -2.48962671217446400D-06 -3.29934775379080000D-02 -1.46469475807853300D-02 -5.35957084672231900D-05
 3 28  6.57011209927907500D-05 -1.21054125255675800D-05  6.70626043376961300D-05  5.74309336613239500D-01  3.18021746410924100D-01
 3 29  2.42950790702702600D-05  9.52823182745964600D-05 -8.78961333462720000D-06 -1.45578554239879000D-05 -4.21143225893829100D-01
 3 30 -7.97122467147590400D-05 -3.50206280076503600D-05  9.64280358752683300D-06  2.60939659560145300D-05 -1.28361756936736500D-02
 3 31 -7.38110392191349500D-05 -3.98282520810606300D-05  2.58733754260896600D-05  1.38820622892938400D-05 -1.27777187307170000D-02
 3 32 -2.43902736892161400D-07  9.52051606379009000D-05  1.08600984468897800D-05 -5.45896083153485800D-06 -4.21296350924044400D-01
 4  1  2.24676576626383500D-01  5.00815714855298300D-01 -1.96639920019467200D-01 -2.11800679247415200D-01  6.69577308594742100D-02
 4  2  3.64735880082203200D-05  5.60985804405862500D-01  2.51574794387333700D-01  1.46054655356228500D-04 -5.65716962425496600D-03
 4  3  1.00533115483755000D-01 -9.48759458595000700D-02 -1.02565681935748700D-01  6.15054085086800100D-05  3.39704527637261600D-05
 4  4 -1.02966118641505000D-01 -2.62127541782949700D-01  2.22062247143015400D-01 -2.80965779735959300D-02  2.26534587470298000D-01
 4  5 -5.26054420414857100D-05 -1.29740161696984000D-01 -7.44658987863494400D-01 -1.57370397789148300D-04 -1.27292170683808400D-01
 4  6  2.06590217946777400D-02  1.06633148889130100D-01  4.36742272514637000D-02 -1.16875696368691400D-05 -8.39980155931901300D-05
 4  7  2.37983276249424300D-01  4.86987893790877500D-01 -1.92893752539009900D+00 -7.24193704175314100D-02  5.12715704357558300D-02
 4  8  1.16191821737708200D-05  1.26961460558074000D+00  9.31047798430277900D-02  3.63745341199776700D-05 -3.99552471365384100D-01
 4  9  2.68756604629375500D-01  1.30795866736008200D-01  3.83458536660206300D-02  2.31155389441077400D-05  2.69093890087858200D-05
 4 10  6.65012092271147200D-02  2.13489129756169700D-01  2.58479421150567600D+00 -1.01934889934748400D-01  1.79655827845012000D-01
 4 11  5.61457276862366900D-06 -3.60653042917468700D-01  1.11154776239601600D+00 -6.44782375634815700D-05  9.11321008663295900D-02
 4 12 -1.67058373996984900D-01  7.59262731306553400D-02 -1.93763877260559200D-01  6.95974270299968300D-05 -3.30524928205137400D-05
 4 13 -5.14331155576956400D-02 -1.81308490757249200D-01 -2.55378033960630200D+00 -2.16806040026984800D-01  3.56135256339834200D-02
 4 14 -8.39782293496259000D-06 -1.02468224069693300D+00 -2.27998435109924300D-01  6.68215296885162200D-05 -6.21585955365914100D-02
 4 15  1.21298345942172000D-01 -5.91397504055792000D-02  2.03752650897214300D-01  6.41789486858231000D-05 -3.30416682263029800D-05
 4 16 -2.17715079730178800D-01 -4.45100653428055800D-01  1.79132990765004900D+00 -4.39646262193598700D-02  5.94730060332592900D-02
 4 17 -1.85640177971369900D-05  2.70690121416493300D-01 -1.01859724006441800D+00 -4.47366111074833400D-05 -7.66410211925080300D-02
 4 18  1.93980766203139000D-01 -1.17339745010631100D-01 -3.48383997760333500D-01 -7.15431053889703700D-06 -2.89826067078679500D-05
 4 19 -3.21271243137501600D-02 -9.76104492799453000D-02 -9.81463546916490600D-02  1.04101539040671400D-01  5.84813446210104800D-02
 4 20  1.12277384131754300D-01  3.73151775096259900D-05 -1.19854186219622700D-01  5.96280822352028900D-02 -1.00627963250763600D-04
 4 21  3.78391847995572300D-04 -3.63338873183420700D-02 -1.42193125630804100D-05 -1.08903941006981700D-02  1.44141550963862200D-02
 4 22 -3.52376099568725400D-03  8.97417372491455200D-03  2.23544066570335400D-07 -3.32314994431522000D-06  1.44863188695167300D-01
 4 23 -2.17527004126911900D-01  7.26638154317458000D-02 -6.33557147513896800D-02 -2.18282681154115900D-05  8.10759553312818300D-05
 4 24  7.33389346200381400D-03  2.72665671084338000D-02  1.78775143604149100D-01 -1.03547063414293400D-01 -3.77243442687881500D-02
 4 25 -1.09099635833450400D-01 -2.89399639024254300D-05 -1.31162820188904300D-02  1.76154058633279800D-01  1.13377624820640200D-04
 4 26  2.77768547596600600D-02  1.03927302629515800D-02  1.66675368965079900D-05  9.32867494856701700D-03 -8.62086742640899600D-03
 4 27 -7.07807522157985700D-04 -2.77404698983027900D-03  3.93058791570029900D-06  1.82703203472829700D-06 -1.74949611062818200D-02
 4 28  4.17276076428749000D-04  1.70776850298530400D-02  6.07793505184162900D-02 -9.55651096176698500D-05 -2.87331270290329000D-05
 4 29  1.19955236405349200D-01 -2.63914196787408900D-01 -7.92813077054654900D-02 -3.58799974374213900D-01 -5.59688373318751900D-05
 4 30  1.42765333088682500D-01  2.04508609855216100D-01  2.89448118762968000D-01 -1.74700672430033100D-01  1.95260834065118700D-05
 4 31 -9.49843926738129100D-02 -1.82374690564696300D-01  2.73128442173809900D-01 -1.59388684182055300D-01 -1.55503461810872900D-05
 4 32 -1.77407906015049800D-01  1.57669360898657200D-01  2.90656921817271000D-01  2.63962231132423700D-01  6.89487171842734800D-05
 5  1  5.47046043820364500D-01  1.06636328369792800D+00  1.39836511916214000D-01  1.53924231565913000D-02  7.24297678935219000D-01
 5  2  3.32816512581526000D-05 -1.49452334331365300D-01 -1.12092713864959200D+00  6.41359206165659100D-05 -2.56524938603087300D-01
 5  3  1.90917766082559000D-01  6.56071725205281400D-02 -2.06086396400158800D-02  3.30512577830365500D-05  4.92238712674936400D-05
 5  4  5.82351596846878600D-01  1.14857541540643200D+00  9.47989935972480800D-02  6.40209065216118000D-01  3.34954550860674900D-01
 5  5  2.93134615942797400D-07 -8.88837407889593200D-01 -5.43502777798664600D-01 -3.96558803446285400D-05  1.24450950689032300D-01
 5  6 -1.68345165953719200D-01  4.38942152646872800D-02  2.08921862659724900D-01  1.98850291125336200D-05 -5.45372157721010100D-06
 5  7  6.95185679908800300D-02  1.44230760199704500D-01 -4.37363462763071300D-01  1.27881454882299300D-02  1.96040688764771300D-01
 5  8  1.10221910863042200D-05  1.04615555450646700D+00 -8.63514945735356800D-01  2.50679567778037400D-05 -1.29069130087442900D-02
 5  9 -3.61908277503373200D-02  4.90977407590815800D-02 -6.32848154387339600D-03  4.43831545490298200D-06 -4.03022778170320200D-06
 5 10  6.35387187064402900D-02  1.27969664573998500D-01 -1.33261102210204800D-01  1.86091952790709600D-01  2.61767923044653800D-02
 5 11  3.20621223092756300D-06 -1.75569959971598400D-01  3.97139290623961900D-01 -2.92027763373104600D-05  5.44322396617480700D-02
 5 12 -1.24994363369740000D-01  7.05621237079909100D-02  1.99964557044227500D-02  6.13298630176259900D-06 -2.40832529783294000D-05
 5 13  7.62756440917574100D-02  1.70575798003877300D-01  4.20460527009796100D-01 -2.47600184688211400D-02  1.70572343297773800D-01
 5 14 -1.17238019936860000D-06  6.65338767479844900D-01  9.71185251935370900D-02  1.66781381691864100D-05 -8.37967013187887000D-02
 5 15 -1.32717597493734500D-03  8.51238772937256700D-02 -1.26053705552336700D-01  2.16322526791910800D-05 -3.52796852195021300D-05
 5 16  1.18628328657852400D-01  2.44675446805078200D-01 -8.38273058683124800D-01  1.76789352166251400D-01  9.87081329929881800D-02
 5 17 -8.49458440223748500D-08 -1.35992816396809300D+00  7.07252687465627400D-01  1.95249110632394300D-06 -9.50477781672218200D-03
 5 18 -6.63402368465460200D-02  7.58450146632677100D-02  6.08278910332429000D-02 -1.28651091956988900D-05 -2.03871736506628800D-05
 5 19 -1.12836711197639600D-01 -3.19510257785703600D-01  3.88759880170399400D-01 -8.52346456383299900D-03 -8.65686467782292000D-02
 5 20  1.05434644629038000D-01 -8.36428425087436400D-08  1.96876090827930300D-01  6.33299328671508100D-01 -5.09017642071229200D-05
 5 21 -2.12130977886536400D-02 -2.93780353268033500D-02 -1.00269614763170300D-05 -5.95594482687231400D-02  7.90346878982032800D-02
 5 22 -1.94752396294806800D-02 -7.48614767767140900D-03  4.67595764978035600D-07 -3.28755471718353000D-06  4.31207125728587900D-01
 5 23 -8.44371489888086700D-01  4.13164364159498400D-01 -1.05798580132211300D-01 -1.02652788482555700D-05  5.93063224938388400D-05
 5 24 -1.17083902768708600D-01 -3.32945311878412600D-01  3.58840952364481000D-01  1.39137000684072400D-02  1.45995148801135500D-01
 5 25  1.03429330082433300D-03 -2.30757172588949400D-05  4.63412558469743800D-01  4.60169813131425500D-01  2.05847592533866200D-05
 5 26 -2.12579386184408700D-02 -3.61111773037545000D-02  2.94520623530235400D-06  4.91293265612189100D-02 -2.93505574106925400D-02
 5 27 -1.97787691505260100D-02  6.77086265883435300D-02 -1.07270497486400600D-07  9.84672037206072800D-08 -4.52665435962202700D-01
 5 28  3.35365805676361800D-02  4.19128855394566600D-01 -7.20224012638707400D-01 -9.75626517716142300D-06  1.12654562650976400D-06
 5 29 -2.82530060593889500D-01 -4.70028468048596400D-01  2.71057938915172600D-02  1.55710570598497800D-01 -4.84724227256314600D-05
 5 30  2.08699036936277900D-01  8.18349952647530200D-02  3.84368153466937600D-02 -6.50287510588607000D-02 -1.31368302974694600D-07
 5 31  2.34308976232428100D-01  1.23493782010970700D-01 -1.36894539594557700D-01  3.55634487208820300D-02 -1.39728041285813100D-05
 5 32 -2.50487473163602800D-01 -5.15451294128054600D-01  6.07319931433658900D-02  4.61486390269416100D-02 -6.74374135484795200D-06
 6  1 -3.28057496291540500D-01 -6.66859747903470400D-01  5.18009142819554500D+00 -1.40968957430976100D-01  3.10720697684362800D-01
 6  2 -9.12414537484447400D-06  7.61388343147565200D-01 -2.11403138954486000D+00 -3.20492792840643000D-05 -2.35079059715261700D-01
 6  3  1.94956710420113900D-01  4.01223492951474300D-02  8.11046187650705200D-02 -1.28811625195749800D-05 -1.61434977449946300D-05
 6  4  3.28064212202701100D-01  6.66878078961358300D-01 -5.18019733744721000D+00 -3.39587063414564100D-01 -3.32976263911566900D-02
 6  5  5.29648143316138700D-06  2.21146108587208800D+00  3.97983994494814300D-01  3.08896954654587600D-05 -2.65741664938404300D-02
 6  6  6.66812220589607900D-02 -4.01070555651189400D-02 -2.55573079618254500D-01  1.00737610319179400D-07  8.80405734940017400D-06
 6  7 -2.21788439231673600D-01 -4.05707365696633800D-01  5.62046833636328900D+00 -4.29074449515459500D-02 -8.85490527505859700D-02
 6  8  2.48161209228534500D-07 -4.13050007509367300D+00  1.19607562489389200D+00 -1.13470353921317200D-05  3.72766377571502200D-02
 6  9 -2.50704118150392100D-01  2.13427480393241600D-01  3.22152404664280700D-01  1.20699125198357900D-07 -2.71733048872106400D-06
 6 10  4.42358667744832600D-01  8.09796496965243600D-01 -8.60567149296583300D+00 -1.40838199237645900D-01 -2.88950090642998300D-02
 6 11 -2.45719298139864300D-07  1.18306655284179800D-01 -4.57131391365506700D+00  1.81133355161860300D-05  2.35857539453917400D-02
 6 12 -1.99968831376256000D-01  1.76383077430865500D-01  8.97421091478204400D-02 -8.56546001477000800D-06  9.03214575199509600D-06
 6 13 -4.42338021164288300D-01 -8.09762898614701100D-01  8.60574194125930300D+00 -4.54093400589349500D-02  1.36432028740607400D-01
 6 14 -2.24847101370516400D-06  4.01781965779730700D+00  2.18355158482754600D+00 -1.72833200751477300D-05  2.11361228347826500D-01
 6 15 -3.50004509287549900D-02 -1.76360777419074100D-01  6.69080084474400600D-02 -1.09605090733780400D-05  9.84466774202060000D-06
 6 16  2.21788220853361100D-01  4.05703755552081200D-01 -5.62047657178339500D+00  5.52387398486178200D-02  8.14669754518294300D-02
 6 17  5.92759622225100900D-07 -3.10136470948365300D+00  2.97874103810020900D+00  8.13479847476917900D-06  4.20328289158651800D-01
 6 18 -2.06912346877316000D-01 -2.13415942281335200D-01 -1.69902503833392800D-02  5.31555830903207300D-06  2.88661454439301800D-06
 6 19  5.42496125749013200D-02  1.08469610628057700D-01 -3.25037863599297700D-01 -1.69805444060038700D-01 -7.84672930938563700D-02
 6 20  8.11189617578177700D-02 -1.25887348284785600D-06  4.72269578401846800D-02  3.93636850394508400D-01  2.37275226872514800D-05
 6 21  7.75443080928451800D-02  1.57629365652393700D-01  3.64047463292911100D-06 -9.64211817945440400D-03  8.89571698513228300D-03
 6 22  7.46401194318149500D-04 -3.45262489771095700D-03 -1.49390260443905600D-07  7.50955374766617800D-07  9.15597856362890000D-02
 6 23 -8.51320979840280700D-02 -6.42768765226518500D-03 -7.21034812718583900D-02  4.20096587275217400D-06 -2.21826907991047800D-05
 6 24 -5.42466339845280500D-02 -1.08465914182135300D-01  3.25024751744734600D-01  1.69799597525109300D-01 -1.09503403336984700D-01
 6 25  2.74098885137303200D-02  6.55710579727764600D-06 -3.17237988408051100D-01 -2.37812255472009200D-01 -2.26647703373962800D-05
 6 26 -9.77222982647217600D-02 -1.45979999515168900D-01 -2.57266231742373800D-06 -6.84800991330692900D-03  7.59518187614194900D-03
 6 27 -7.47171962835269400D-04 -7.54561991632889700D-03 -4.89389782657779800D-07 -1.90035669016713500D-07 -1.31607117100989700D-02
 6 28  6.73988509811729100D-03  6.42082661198155700D-03  1.24407220118502500D-01  1.30891627280556900D-05  4.42994338373893300D-06
 6 29  6.89865165060777700D-01  7.76602727328184700D-01  2.46721897253110500D-01 -5.45663707935597900D-02  1.25969426559842100D-05
 6 30 -7.89769593353682600D-02 -1.03070495684927100D+00  1.61070867866506800D-03  6.43682254520310100D-02 -4.59749610944311900D-06
 6 31  7.89997297273298700D-02  1.03068345957455600D+00 -5.49344350719135300D-02 -3.35887817192020800D-02  8.17589247479204700D-06
 6 32 -6.89842078508786300D-01 -7.76569814641373200D-01  1.70624065715669400D-01 -1.86375174040367000D-01 -2.75273099196364800D-06
 7  1 -4.21173236412390400D-01 -7.90919223505834300D-01  5.30897698148545800D+00 -1.61565525841692600D-02 -2.72014685920675000D-01
 7  2  9.26501244004552000D-05  3.00971102183556000D-01 -2.27278218314378800D+00  2.63802186309288900D-04  1.12149246476713200D-02
 7  3 -1.17904052436938700D-01  1.06689127789266700D-01  3.90925804880428600D-02  2.81260655107987300D-04  6.99969444473336700D-05
 7  4  4.21201025008121800D-01  7.90972911275993700D-01 -5.30909743640741500D+00  2.27539144713265400D-01  1.50033340187707800D-01
 7  5 -9.75231360104350100D-05  2.11855916318073900D+00  8.76056702966734500D-01 -2.59324767275099600D-04  1.14949031739280800D-01
 7  6 -8.22493068554180400D-03 -1.06724101053737500D-01  4.50488177675678500D-02  7.75066248692281100D-05 -2.87009758087890200D-04
 7  7 -4.53196650911559100D-01 -8.76905439442505400D-01  7.12202517534027800D+00 -2.12278292128875900D-02 -1.63415286131032500D-01
 7  8  2.61348160858549300D-05 -2.78056018434470800D+00  1.85208369912377200D+00  1.11306348998782400D-05  6.45804780855407400D-02
 7  9  6.21468547536648900D-02 -1.26727332839204500D-01 -2.89486335718289500D-01  1.68708631633548100D-04  6.80386557509759000D-06
 7 10  3.60244583374902300D-01  7.38682298442003900D-01 -4.95637651934155300D+00  5.42061857432549700D-02  1.68656574858139000D-01
 7 11  2.19790638664005000D-05 -1.89015035925347500D+00 -4.01961552067301800D+00 -9.42165378245381900D-05  3.18282191029869600D-02
 7 12  9.26850502424078900D-02 -1.24513269345394200D-01 -2.39482971693896400D-01  2.82459063750033200D-04 -1.26136435683675500D-04
 7 13 -3.60232725112850400D-01 -7.38648345032990300D-01  4.95681503705192200D+00 -1.18941463613438900D-01 -1.31247751943168400D-01
 7 14 -3.26602907223895100D-05  2.53556453268931100D+00  3.64709488736274500D+00  8.90548402736882700D-05 -2.57120570736041700D-01
 7 15  1.32609034028139100D-01  1.24511536707901200D-01  8.92727785050502800D-02  2.60887404465359900D-04 -1.63087596221035000D-04
 7 16  4.53177469127531800D-01  8.76871320230098100D-01 -7.12221122929699300D+00  1.30889836099925300D-01  1.00132739348395700D-01
 7 17 -2.48507843305397200D-05 -2.99437413443832100D+00  1.48194638090763600D+00 -1.53945320275840800D-05 -2.79873136421183700D-01
 7 18  1.53142088298544300D-01  1.26731048122639100D-01  1.45893483286130700D-01  9.00126990873158500D-05 -1.43750751416655100D-04
 7 19  1.00783202378142800D-01  2.58419607583585600D-01 -1.66414973131801700D-01  6.36609626978057600D-01  5.39360551980987200D-02
 7 20 -1.14820695919023100D-01  5.63909127250550400D-05 -1.70316753376258000D-01 -7.50838053315527300D-03 -1.81249136754404400D-04
 7 21 -4.81939258987034200D-02 -2.54857593159215900D-01 -4.60324380851632800D-05  1.14301325053651300D-02 -2.46980362597818500D-02
 7 22  1.32679037544133800D-02 -1.14884607000588100D-03  3.16958464938113000D-06 -1.10869122095857900D-05 -3.63902892645556400D-03
 7 23  2.49519167971184500D-01 -2.45880139044732200D-01  1.24809381862379700D-01 -9.50464160928094000D-05  1.62677974989993400D-04
 7 24 -1.00790748864465800D-01 -2.58456955862816500D-01  1.66430326452081300D-01 -6.36650794733022900D-01  1.26418517200013900D-01
 7 25  1.07310224860254900D-02 -4.10538619348122200D-05 -7.86078603363372000D-02  1.51236935285372200D-01  1.68760496383177000D-04
 7 26  1.96608036344939100D-01  1.69198050398913400D-01  4.75628711305497400D-05  1.48036906455590200D-02 -1.53268308774338900D-03
 7 27 -1.32710075578158900D-02  1.86442952470542600D-02  1.13521662792181800D-05  2.68261783862693700D-06 -9.26415415254064800D-02
 7 28 -1.53284611061332600D-01  2.45926152586738900D-01 -1.88997877688624900D-01 -1.91092367566992700D-04  9.25346020826582200D-07
 7 29 -1.77911857633861400D-01  8.55302865531865600D-01 -7.49310855503325800D-02 -1.56217419216689600D-01 -2.32545826745312500D-04
 7 30 -5.38165455091753600D-01 -8.78271887908765300D-01  2.33835970047582200D-01  1.29752440441251700D-01 -4.63270228140225600D-05
 7 31  5.38128262951081800D-01  8.78231816002445900D-01  4.57481809957488900D-03 -2.67397357399358200D-01  7.00472918051087100D-05
 7 32  1.77868563566201000D-01 -8.55317146446552800D-01  9.77950389192262500D-02  1.42973611285821800D-01  2.53270868665521700D-04
 8  1  8.61493661217408100D-05  1.87992415454140600D-04 -6.07196096201946100D-04 -1.35404586264537500D-04 -2.73326760054398500D-04
 8  2  4.37309284906579100D-02 -1.71683849735051000D-03  1.80875903171558900D-03  1.39404571070479700D-01  1.94771111011734300D-05
 8  3 -1.59807964250599600D-04  1.40330853149427200D-04 -4.46231857032882400D-04  4.64095029625530100D-01 -1.13922485651996400D-01
 8  4 -1.87113767789135600D-04 -3.32770952152862000D-04  5.31386673765912200D-03 -3.02137435749819000D-04 -3.26155517365180900D-04
 8  5 -4.42298135513618000D-02 -3.00362277112594800D-04 -2.85645613771966900D-03 -1.40279164569863600D-01 -3.62914469111391100D-05
 8  6 -2.98848010860335100D-04  3.35139457771473100D-04 -2.22282715612668300D-04  3.29348913554286400D-01 -3.46199027653935200D-01
 8  7  4.37887064129531500D-04  9.07905722870399800D-04 -4.43508904573123000D-03 -1.23685829394314800D-04  1.64578213013741100D-04
 8  8  4.13247467744057700D-02  2.55231568839911000D-05 -4.40613499301814000D-03  1.77946578750514100D-03  1.69476049965462300D-04
 8  9 -3.18708403862445100D-04  1.49232353896980200D-04  3.77555580085964400D-04  3.89044108467362100D-01 -9.34459427732675900D-02
 8 10 -4.13370183897201800D-04 -9.37324738903392600D-04 -5.45643701368122900D-05  1.02478252447810200D-05 -3.04362758477222900D-04
 8 11  6.34526465395750400D-02 -1.20466972282351800D-03  2.84945702744289100D-03 -4.49008341408129400D-02  1.33927116591452600D-04
 8 12  6.20832398076754200D-05 -1.96010356399127900D-04  3.35597583668942100D-05  4.07040367951319500D-01 -2.51561736679487600D-01
 8 13 -7.19721216937959700D-05 -2.04158728710514900D-04 -4.48204533486144700D-03 -1.76360254351164400D-04 -9.29919352781295800D-05
 8 14 -6.26996564691312700D-02  1.27555440100950400D-04 -2.51936312613063800D-03  4.54670341976904400D-02  3.18406373965515600D-04
 8 15  1.85475029130500600D-05 -3.36953876878566400D-04 -1.04539547777962700D-04  4.19245770221822300D-01 -2.28483917696285400D-01
 8 16 -7.85410701775510900D-05 -1.02507369512920800D-04  3.19293936358915000D-03  1.01130102071215500D-04 -1.31514988158128700D-04
 8 17 -4.09963337459385200D-02  1.51908103063078600D-04 -2.76424723114889400D-03 -1.27720956538282300D-03 -1.05089135253698000D-04
 8 18  9.76744996277881300D-05  7.41463562591186400D-06 -8.97234286205223400D-05  2.74201716230212600D-01 -2.90184806860390500D-01
 8 19  4.49645595053035200D-05  9.64202112819242400D-05 -4.88663275801170600D-04 -5.44491901115317800D-05 -2.79191625173084700D-04
 8 20  6.32799290836633900D-05  1.82277479756134000D-02  9.97473799081399200D-04 -3.34574045023081500D-04 -3.62521499529165300D-03
 8 21  1.75811979564789900D-05  4.48544185593895400D-05 -5.01559915374842600D-02 -2.80703655700644700D-08 -1.65138697612457200D-05
 8 22  1.65419401268168300D-05  1.23517040018679400D-05  6.31079638513688700D-03 -5.77723520311091500D-03  3.37289399148358400D-05
 8 23  1.65126676617834400D-04 -1.98855616532669600D-04 -6.26307260421742600D-04 -1.61911832316623000D-01 -2.22823906864483700D-04
 8 24  1.15676408857909600D-04  3.03924372754736100D-04 -1.77536912102403700D-04  7.98002315613974400D-04 -5.66232864155916500D-05
 8 25 -1.60496453431162600D-04 -1.83053918160588500D-02 -4.83516013110521900D-04  4.23859608482276800D-04  4.98700525148118800D-03
 8 26 -2.15239965342558500D-04 -2.40403901199868200D-04  5.02039661686876300D-02 -3.32786599458741600D-05  1.10680287310414700D-05
 8 27  2.22106312148326300D-05  2.84977088106460800D-08  8.27303976847069100D-03 -2.50305601295938500D-03  4.19023920273569000D-04
 8 28 -1.29472735887924100D-04 -2.89551184385647800D-04 -9.58028790378029300D-05 -8.21623283364447100D-02  1.39695395113407900D-01
 8 29  1.64081723250345000D-04 -6.94182805192323700D-04  3.04613662474945900D-04  4.53160687703052200D-04 -5.36109478892756700D-01
 8 30  6.07197348443505200D-04  7.13621333629317900D-04  5.77188591988336200D-04  6.04747050870784600D-05 -2.42003486753310300D-01
 8 31 -3.53910312864422900D-05 -1.71492227388764300D-04 -3.33591796642828700D-04  7.14818009805948900D-04  2.37666102277491000D-01
 8 32  8.17117566589224100D-05  2.57830077066776300D-04  2.57821431893134100D-05  1.96470514667536900D-04  5.34158624526113800D-01
 9  1 -1.74429271521586500D-05 -4.00456934465728200D-05  8.57591893732389600D-05 -4.24805862860155000D-06 -5.61381585135381400D-06
 9  2 -7.71898725849772400D-02 -1.54186534196531600D-04 -4.03103513107754900D-05 -1.28161026259341600D-01  5.34715933082155300D-06
 9  3  2.67635869479983400D-07 -5.61479520030157100D-06  7.27331235440542700D-07 -9.55039354342961400D-02 -3.15155554441245300D-01
 9  4 -4.27101845000768600D-06 -1.24947736638472200D-05 -3.96154686216166100D-05  4.24806042247488200D-07  7.40794865047490000D-07
 9  5 -7.71911626305976500D-02  4.40721544565445100D-06  1.08669386555320300D-04 -1.27988004608821300D-01  4.50053414179321300D-06
 9  6 -1.76672215068180100D-07 -4.32386192672500100D-06  2.18114533580792600D-06 -2.27614070074954500D-01 -2.38633080823026600D-01
 9  7 -6.54061103515203700D-06 -1.08897862631289400D-05  2.15434531443774300D-04 -4.92860962984002000D-06 -3.10037378044893200D-06
 9  8  4.56999337991821800D-02 -5.10399446937381400D-05  5.99580318513138500D-05  5.09816383774876500D-02  2.26057197383641600D-06
 9  9  6.12925838247062800D-07 -2.87349781208342900D-06 -5.93199503200026200D-06  7.39535852810628800D-02 -2.00502638459832100D-01
 9 10  1.13770727260874700D-05  2.37447224068961000D-05 -1.15184733781108800D-04  1.81854812460904000D-06  1.05176124428745800D-05
 9 11  1.11456483978534100D-01 -5.95178864812983700D-05 -1.14516402020267700D-04  9.75995344188069500D-02 -3.27984566665710900D-06
 9 12  6.96613851522618400D-07  2.58323181513448800D-06 -6.20478698364326000D-06 -7.81486364715238800D-02 -4.34937714634815400D-01
 9 13 -1.10533862052487300D-05 -2.13723871105524500D-05  1.42825646984901600D-04 -1.08248589513042800D-07 -5.54587539907347500D-06
 9 14  1.11887283735756500D-01  6.81987431368508600D-05  1.29638563330987000D-04  9.75545075062664600D-02 -5.95938623375011000D-06
 9 15  5.63209724647092100D-06  3.27288987279110500D-07  2.47855815321168000D-06 -3.40048815839620900D-01 -2.84039754550860800D-01
 9 16  6.99572091970932700D-06  1.17214673074343900D-05 -2.73756990714841000D-04 -2.89779402120428300D-06  1.29396920014175400D-06
 9 17  4.59874905438648100D-02 -7.51428030958949100D-05  2.36312938102987400D-05  5.10093249010523900D-02  2.14372263578194000D-06
 9 18  2.36740966904506500D-06 -4.51113230482701700D-06  6.91930530890991900D-06 -2.12546993590154700D-01 -3.43903877784391000D-02
 9 19  2.47556997315624900D-06  1.28154072559164600D-05  5.59524185145027000D-06 -1.35616269817326700D-06 -1.72383838425160000D-05
 9 20  7.01912882154002900D-07 -1.59834836029040800D-02  5.72198995626793900D-05 -6.10775562096623000D-06  2.29112218613656900D-01
 9 21  2.04118418573321100D-06  2.79992351526562000D-06  5.61450609638179800D-03  1.24169277207812700D-06 -1.55149098957857400D-06
 9 22  3.09798217500365400D-07 -7.26440866497796900D-08 -2.66380470038587500D-03  1.78635071351679600D-02 -9.80194236347800900D-06
 9 23  1.36874528197898400D-05 -3.88551045631192600D-06 -2.11077205886185400D-05  3.25743802790660500D-02 -2.46876951993281300D-01
 9 24  1.87852442841822400D-06  7.49928018317008900D-06 -1.85169942917170400D-05  4.38358662570102900D-06  2.25665275876966400D-06
 9 25 -4.67517975201383300D-06 -1.59948392482767200D-02 -6.71989880665922100D-06 -1.62936996046276100D-05  2.29775105802020300D-01
 9 26 -3.03799565615989000D-06  2.19648550003729300D-06  5.39119140877494000D-03 -1.20660806658400800D-06  8.96762290551579400D-07
 9 27  3.09845776032424700D-07 -1.34270879269326100D-07  1.67826707362897500D-02  6.65872216711523600D-03  4.87723217151254600D-06
 9 28  5.24716168897588800D-07 -5.40194834041012900D-06  8.34694783479233500D-06 -2.30180375946165500D-01 -9.64144820174541300D-02
 9 29 -9.59295884810045600D-06  1.65492501217915200D-05 -3.72744375982147800D-06 -1.08418831521136900D-05 -2.72078594902467400D-01
 9 30 -1.87152220200478900D-05 -2.86323263595648700D-05  7.33472178604561500D-06  1.09957319063386700D-06 -6.83638026836257400D-01
 9 31  1.52670123009755900D-05  3.06130973793886700D-05  5.69135464293439900D-06 -1.52872882924192400D-05 -6.85408146244854100D-01
 9 32  8.23671622084363200D-06 -1.79763971274881700D-05 -2.03374723905289000D-06  9.25295742823500500D-07 -2.75646758399118800D-01
10  1  6.11487437451743200D-02  1.51697513966587000D-01  1.50340677186270000D+00 -1.12937430040359200D-01 -3.06033515313393800D-01
10  2  5.62918211419925700D-04 -1.26478582632871100D+00 -7.37746188657746900D-02  1.33116120778698000D-03 -3.74410073737199200D-02
10  3 -2.22499310092545500D-01  2.59940317466266700D-01 -1.51286600081365400D-01  1.06273478632573300D-04  1.50086671509740200D-03
10  4  6.11860658841140200D-02  1.51731588099541800D-01  1.50109233645339900D+00 -2.08525825253434100D-01 -2.50799159603003000D-01
10  5 -5.67261716939948200D-04  5.70861354881370200D-01 -1.13437836310047100D+00 -1.33517884916301100D-03 -6.26996632138185900D-02
10  6 -1.97166984640928300D-01  2.59866647854746000D-01 -1.68206225677549000D-01 -1.25539778543982400D-03 -8.55797533038135200D-04
10  7  1.69255499867229300D-01  3.66408189437942800D-01 -5.86843034857493000D-01 -8.52958107845932700D-02  6.11865354626650300D-02
10  8 -2.18771492037883000D-04 -8.91026028525367600D-01 -2.25858632553324200D+00 -1.21305350833232600D-04  1.01685666221575400D-01
10  9 -2.14132428630298200D-01  1.12446762408722200D-01  1.63536814069993000D-01 -7.44440910183954300D-04  4.16142716531350300D-04
10 10 -1.97527128649215400D-01 -4.61663191938248400D-01 -1.63755789193750200D+00 -1.88943098280510500D-02 -1.85068845533981200D-01
10 11 -1.94646769990685900D-04 -1.20507365732129300D+00  7.06781989222534700D-01 -4.10894306125233300D-04  8.18379253423090900D-02
10 12  1.12201064905565400D-01 -1.94038990247874300D-01 -3.79588410838188800D-02  3.99497944506647500D-04  2.32732373615846200D-04
10 13 -1.97549779494490700D-01 -4.61721247136915600D-01 -1.63673044957974100D+00 -1.50869052669523500D-01 -1.08856799543872900D-01
10 14  1.91369791384103400D-04  1.21508361067423000D+00 -6.90475610941609100D-01  4.07789561748429400D-04  1.33053059512223200D-01
10 15  6.09169681686517200D-02 -1.93970027680873700D-01 -3.71175682419749100D-03 -2.77357298413466400D-06 -4.66454856743762200D-04
10 16  1.69381440217992700D-01  3.66677860562687900D-01 -5.86096405092081700D-01  9.57453043889235100D-02 -4.32677218991450400D-02
10 17  2.15613836622407900D-04 -1.51084208552131800D+00 -1.90034358490213900D+00  1.21528064803866300D-04 -2.57929151423594100D-01
10 18  1.45366660312050900D-01  1.12562491111543800D-01 -7.63099309186228000D-02 -7.36242522812090300D-04  4.30004971238797600D-04
10 19  3.29019030627349200D-02  8.96145254823688100D-02 -5.11982963144515900D-02  3.25738179971517100D-01 -3.71253979424395000D-02
10 20 -9.06292140769489900D-02  2.17607777220490700D-04  3.32201190871260200D-01 -1.71707303047213900D-01 -1.47799497396883900D-03
10 21 -3.36236973133998500D-02 -1.43572148126240200D-01 -1.52770365547538800D-04  2.47812766669676900D-03 -1.42468949507722600D-02
10 22  1.17687672840747800D-02  1.38655182410345800D-02  1.84433050206881500D-06 -8.31592666573648400D-05  1.02487152600730000D-01
10 23  8.82009298028566000D-02 -1.90688082403587300D-01 -1.97635674114756500D-01  2.06328368570596800D-05  1.47989143164580500D-03
10 24  3.28719740626398600D-02  8.95437082574105200D-02 -5.10423674868197100D-02  3.25268785400544200D-01 -5.97778623663565400D-02
10 25 -7.77360511873346800D-02 -2.13792243629634600D-04 -3.15269774226211300D-01  2.02568731960363800D-01  1.48907314338469800D-03
10 26 -1.07354290988493300D-01 -1.00823910107151000D-01  1.53217452319271000D-04 -2.04509007082959400D-02  8.68669807208998100D-03
10 27  1.17642026362056800D-02 -1.44914934102987300D-03  7.37005962507513800D-05  4.01602095441756700D-05  2.40274462156381700D-01
10 28 -4.96619913468198500D-02 -1.90612470809561900D-01 -1.06041204839282300D-01 -1.28256999632180700D-03 -7.62050734767139800D-04
10 29  9.47047363219257800D-02 -1.76564726251894300D-01  2.25901615790481600D-01  3.43456659651106400D-01  1.20349142210651200D-03
10 30  2.17045074140135900D-01  2.25282151146463800D-01  4.09703747182541100D-01  8.44028463323713700D-02  7.80003973390378700D-04
10 31  2.16973728294294400D-01  2.25303305233602400D-01 -1.31846149209108000D-01  3.97135048289740700D-01 -7.81838408309623400D-04
10 32  9.45036515230617500D-02 -1.76838019308201500D-01  1.84500790454921600D-01  3.67382666107865200D-01 -1.20169197691070800D-03
11  1 -3.48140566689902600D-02 -2.04685939349546100D-02  3.09266770076161800D+00 -3.27914855980291800D-02 -5.05352327412039800D-02
11  2 -1.13688027601162000D-04  5.80998303765013800D+00 -1.00794891142482800D+00 -2.52585083699450600D-04 -1.22487867415747000D-01
11  3 -5.46356977933413900D-03  1.27951437195080400D-01  3.90438524035077500D-02 -9.10998269479622900D-05 -2.78188440523958900D-04
11  4  3.47878979787257200D-02  2.04034756743472000D-02 -3.09357148977005200D+00  2.74429008521683600D-02  5.38434083564389300D-02
11  5  9.80446212192928400D-05  3.77810348512000600D+00 -4.52656597108069400D+00  2.46629788762447300D-04  6.40116999934190200D-02
11  6  6.40514285765838000D-02 -1.28063128570003300D-01 -7.79096890273131800D-02  1.75926275580000500D-04  1.86985401269950700D-04
11  7 -1.45070447776114200D-01 -3.32177148418560400D-01 -2.48318365080221600D+00  8.62431277862834900D-02 -1.47342582522331800D-01
11  8  4.52281162689238700D-05 -1.41319432955511300D+00 -6.25896778587177700D-01  2.70838646565206300D-05 -6.90810220481286900D-02
11  9  2.66129373981605400D-01 -1.97048351933477000D-01  3.65886534417771100D-02  8.94076828704274600D-05 -6.05316019921752300D-05
11 10 -6.17797293525876000D-02 -1.17328441374536800D-01 -6.30573188945642700D-01 -1.34257662466314200D-01 -1.97959253227416700D-02
11 11  2.80804322001015100D-05  7.46535242564063500D-01  5.64629928864862300D-01  7.40724448380059700D-05  1.43871370192174700D-01
11 12 -4.61034833178539200D-02 -9.77678868743191200D-02  6.91398671686558400D-03 -1.24382077587023000D-04 -1.91372148226070000D-05
11 13  6.18862302317596900D-02  1.17581851210429200D-01  6.31536476079431500D-01 -4.99331888094256800D-02  1.26244904274117500D-01
11 14 -3.00762433978082000D-05 -1.16284391834737800D-01 -9.28411725574031500D-01 -7.17871118465700500D-05  3.70943814282757400D-03
11 15 -1.01565245580660900D-01  9.78558074378345100D-02  9.15288366243211700D-02 -6.29310331500670100D-05  1.15366237377025300D-04
11 16  1.44958099248399700D-01  3.31931149949635300D-01  2.48351015965081400D+00  1.70666309789457500D-01 -9.49234714634237700D-04
11 17 -3.62773193243389100D-05 -1.63840479121091500D-01  1.53790309189692600D+00 -2.57379845702141400D-05 -1.54665488144920900D-01
11 18 -4.23039560990711000D-02  1.96969444243992100D-01 -1.85839953286709700D-01  9.30574068261165200D-05 -4.22643979385749000D-05
11 19  4.24978551867572500D-02  9.77417189091212100D-02 -2.34021977968573200D-01  7.23917343169015700D-01  5.23142225309300200D-01
11 20  3.21247812282460000D-02 -2.79348993383816800D-05 -1.59360153103813600D+00 -1.21663819195857400D-02  2.64860400674674800D-04
11 21 -1.62006112693030900D-03 -2.89354523564263100D-01  3.46919874141748900D-05 -1.63440070372439100D-02  7.23419524259333500D-03
11 22  9.10981179465082100D-03  3.11144628066596900D-02 -1.65981195050635700D-06  1.71017243257760400D-05  1.61014666156327600D-01
11 23 -4.19936687992601300D-02 -1.19020997357066900D-01  6.18833717358435000D-01  1.95379071087757100D-05 -2.76558475901282100D-04
11 24 -4.25144314356754700D-02 -9.77863021070115000D-02  2.34045407767013900D-01 -7.24108523698412200D-01  2.33826641246767700D-01
11 25 -4.69059069258875900D-01  4.95873563518017900D-05 -7.86244470074261700D-01  1.38598689356261000D+00 -2.60834678648017100D-04
11 26  2.49820763520383800D-01  1.46163833026740500D-01 -3.29957831558050100D-05  2.20143483445449400D-02 -1.28995789139246800D-02
11 27 -9.11476943062025100D-03 -2.73433742961014100D-02 -1.38261228232267600D-05 -6.95705381522391700D-06  4.55257294980207300D-01
11 28 -5.74370784500256500D-01  1.19113489520049300D-01 -2.07712035341912200D-01  2.29252980320095000D-04  1.14406905553298100D-04
11 29  3.37368327090580100D-01  3.31598365852378100D-01  7.40104012351844300D-02  2.01264150009243800D-02 -1.58582334993193800D-04
11 30  2.18509543580276900D-01  1.47664482424636100D-01 -2.68566539581935300D-01 -2.90112705397090300D-02 -1.21428970471093000D-04
11 31 -2.18612396306521700D-01 -1.47767982890348000D-01 -1.09097472436640700D-01  2.46820898880206000D-01  9.12246476578876400D-05
11 32 -3.37423144027481200D-01 -3.31490494847810200D-01  1.94955753303977400D-02 -7.43349933252834700D-02  1.57602081025977900D-04
12  1 -3.98352761054298800D-04 -8.19792646818298100D-04 -1.94492437288428100D-03  1.05600753982279000D-04  6.84798269211902600D-04
12  2  2.60151176173299000D-01  5.55159364785257100D-03  1.35166878623633200D-03  5.96428253740412800D-01  8.95745567587763200D-05
12  3  7.15132192549531500D-04 -8.04706749308310000D-04 -1.21773021705893300D-04  3.62694087904435200D-01  6.18134612244742900D-01
12  4 -3.18844715281346800D-04 -7.31773039499419500D-04 -2.08073760804617200D-03  6.39480166760358800D-04  5.78532749152120000D-04
12  5 -2.60148668574406800D-01  4.72240431259787700D-04 -1.66177870902433800D-03 -5.96441462809510800D-01  4.57711166077534300D-04
12  6  3.03705619306266600D-04 -7.61416785383800400D-04  3.45136289552299100D-04 -3.53735414228516000D-01 -6.22687384867482100D-01
12  7 -2.91099833716736600D-04 -6.41961760268368400D-04 -1.78337002912113500D-03  1.35586913851621500D-04 -1.62217461233305200D-04
12  8 -1.22368956134975300D-01  1.36797341518104700D-03  2.96524825809499100D-03 -9.75453986437359000D-02 -1.09336184689677200D-04
12  9  4.61388487209230000D-04 -3.52052302519553100D-04 -2.42914489587438900D-04 -1.22086283402782500D-01  9.79853161902101700D-02
12 10  3.83337645449101800D-04  8.90810753900738200D-04  3.37027459802240600D-03  3.19412446644117800D-06  3.77985192073953600D-04
12 11 -6.84638968178093400D-02  2.17694624623575200D-03 -4.13100078078835000D-04 -1.68716255501494300D-01 -9.07026180420680700D-05
12 12 -3.65702326938586200D-04  4.56404944980653900D-04  6.55824589354627200D-05  4.57014368158544700D-01 -3.56879279968059600D-02
12 13  5.64568670459402500D-04  1.27445229347712500D-03  2.19734733262728200D-03  2.49395670923881000D-04  2.81041363049603000D-04
12 14  6.84700566692134500D-02 -3.35836416842391800D-03  2.31390716635478600D-04  1.68616626908070400D-01 -2.50572238489403500D-04
12 15 -2.42697327158191300D-04  4.93269565647593000D-04  2.97756615363726200D-06  2.59717319336002100D-01 -3.77525579899519200D-01
12 16 -4.30430465901398800D-04 -8.73723499108310400D-04  4.68441999407108200D-03 -5.88272509496849700D-05 -1.05348773164311000D-05
12 17  1.22351277022324600D-01  4.38470325531028100D-03  4.67318103094973100D-03  9.76797679214096400D-02  5.62197603711403500D-04
12 18 -3.26872374495642600D-04 -2.35325229215761100D-04  3.89406675986913200D-06 -1.45595408616352500D-01  5.71763591368557400D-02
12 19  3.81808580523723400D-05  3.07617094419619700D-05 -1.02902816065244400D-03 -6.71179709281888800D-04  9.37215424625675500D-05
12 20  4.83097433791024000D-04  8.34279771200357000D-02 -7.70814324217846100D-04  2.12186531926175000D-04 -6.13090694312316100D-01
12 21  1.29319937815025400D-04  3.56501442299890100D-04 -9.55581919188305300D-02 -7.29210631808801600D-06  2.49204407544068000D-05
12 22 -1.76283344363163800D-05 -6.90494192256077800D-06  6.73348055705818100D-03 -4.20695172871605300D-02 -2.90122934174650000D-04
12 23  3.69262999545903500D-05  2.53196634220061000D-04  1.85051936457233900D-04 -9.51327965557708100D-02  6.31603123076640700D-01
12 24 -1.58207721890598400D-05 -6.54279371892491800D-05 -1.15140846074104200D-04 -8.71727754119854000D-04  3.87313844355147700D-04
12 25 -8.88938710164388400D-05 -8.33800278253841000D-02  1.10431560633652000D-04  7.04608556178170300D-04  6.12824937726528800D-01
12 26  3.57594221211954400D-04  2.41039757979879500D-04  9.55812429409193700D-02  4.68427937780073900D-05 -1.48427098040536000D-05
12 27 -3.20000839739529100D-05  7.56161259133734500D-06  3.97981987960649100D-02  1.52469235753422400D-02 -8.59092935194886000D-05
12 28 -4.34675695230142700D-04  5.20584988749631900D-04  2.97829769889478200D-05 -5.94283383419376500D-01 -2.33460060543857200D-01
12 29 -9.49620562798508600D-05  3.11675333350864800D-04 -5.05738895792766200D-04 -8.45170900087931700D-04  2.98790783927358700D-01
12 30 -1.00566707530198800D-04 -2.35677959364041500D-04 -6.59828431840496600D-04 -2.05442682778359100D-04  1.91385562042472500D-01
12 31 -7.00048974233769300D-04 -7.92922797262435700D-04 -4.89080114473353300D-05 -4.39341247912731100D-04 -1.90791631524912200D-01
12 32 -3.91685117730374700D-04  5.07469337436800300D-04 -6.23948527632277500D-04 -1.18010740811188400D-03 -2.98792698475405400D-01
13  1  2.74342110310934900D-01  5.06918074452259800D-01 -2.10690188790742100D+00  2.50623113993890100D-01 -1.35048057615256000D-01
13  2  1.41722541515558300D-04  9.10350904867267800D-01 -2.69983947222874900D-01  2.95629213280493200D-04 -1.86522419848051000D-02
13  3 -3.71407712289564700D-01  3.90059954274368800D-01  3.05287711974689500D-01  4.86907254509566400D-04  3.43485105187197200D-04
13  4  2.74321223987996200D-01  5.06875934255304300D-01 -2.10680798834784600D+00 -2.42304162994470800D-01  1.49496286971399700D-01
13  5 -1.52790563826424500D-04 -6.89247587829900800D-01  6.53978375370792400D-01 -2.98681391708116200D-04 -5.12180517285838200D-01
13  6  1.22104347802725800D-01  3.90076169483113600D-01 -2.37971181764552500D-02 -6.02719460895393800D-05 -6.07637160059958500D-04
13  7 -8.90132039942122500D-02 -1.99949043042839800D-01 -1.78600313457037300D-02  1.72606419502616700D-01  7.53454654801419800D-02
13  8 -1.62927773201349000D-04  5.66115987336803100D-01  9.59015345457015100D-01 -1.22685637966290400D-04 -2.53694221867980600D-01
13  9  2.92487044325848300D-01 -3.87928224578667300D-02  1.66086952105977800D-02  2.60351966113608900D-06 -3.48917281304389200D-05
13 10 -1.26933542234771800D-01 -2.33412169635540300D-01  1.40926538137948200D+00  5.30840325661153900D-02  8.40577052884325000D-03
13 11 -6.42838315806903600D-05  8.73602390029520100D-01  1.24137061574066700D-01 -6.88019309149951200D-05  1.27217557538545600D-01
13 12  1.31742437187412300D-01 -2.58959994725957300D-01  4.79210771827592500D-02  5.06148537025321200D-04 -1.01735152633632200D-04
13 13 -1.26952294694457500D-01 -2.33451122088103900D-01  1.40941661952146600D+00 -1.92733296533964300D-02  5.01885598686576400D-02
13 14  6.29761406718109700D-05 -3.29388526368626000D-01  8.19003170440579600D-01  6.81869665843587800D-05  9.46440344403376600D-02
13 15  1.64308513760965600D-01 -2.58952548201303600D-01  2.62372394569777300D-02  3.38972584520362600D-04 -3.92112232944001200D-04
13 16 -8.90080729204842900D-02 -1.99940492423255600D-01 -1.86875716150679700D-02 -2.10876197471752700D-02  1.87139082261436300D-01
13 17  1.68272385413465600D-04  5.47227188861075800D-01  9.69860651189073500D-01  1.25289111704017500D-04  1.43421978146550100D-01
13 18 -1.04628496623377900D-01 -3.87934815231734500D-02  2.81435618014852200D-01  2.88365133436302500D-05  8.83926098594945000D-06
13 19 -8.61088977779161100D-02 -1.71710288541300500D-01  9.39762815081369700D-01  9.14884850537319000D-02  3.94833156103071300D-02
13 20 -2.62131455720862800D-01  2.31198505587289000D-05 -4.27495400423312100D-01 -6.53154039435053900D-02 -2.98652829578351300D-04
13 21 -1.32942960569782000D-02 -8.81347268091146900D-02 -7.40097651494686300D-05 -1.40447839871391300D-02  9.50874593528684400D-04
13 22  1.30939093936107900D-02 -3.35421872732311800D-02  1.10495446224358500D-05 -2.88581650554395100D-05  9.70488134552400200D-02
13 23 -1.38838896862598500D-01  4.17900834073595100D-02  3.39614469999213300D-01 -1.39330348351881800D-04  3.30959523401109800D-04
13 24 -8.60965231101520600D-02 -1.71684131961334500D-01  9.39657093964771900D-01  9.15339008671815500D-02 -2.46765823165838100D-01
13 25 -9.68461882819865200D-02 -2.01914002641691100D-05  1.57283448324099300D-01 -4.03015202999801400D-01  2.98939042861304200D-04
13 26 -6.96931729713037000D-02 -5.55986392425616800D-02  7.36589868091106700D-05  2.23571163000600200D-02 -3.54527704966242400D-02
13 27  1.30956541965645000D-02 -9.26580002341368000D-03  3.13889280588483600D-05  5.05247311426035100D-06 -3.34608996121574200D-01
13 28  2.92855824832028200D-01  4.17531712895459800D-02  5.18291152269811300D-02 -3.63957698805137200D-04 -4.69527755107114700D-05
13 29  1.01839253490494800D-01 -8.18654885644286000D-02  1.41798359605686200D-01  1.91087557114012300D-01  1.54230508676278800D-04
13 30 -1.71021112796835300D-01  7.35506714334210700D-02 -4.15584287576034000D-01  2.36211951438215700D-02  1.91554205265711100D-05
13 31 -1.70990006572233100D-01  7.35944535287095500D-02  2.28306236380201100D-01 -3.48114751025507600D-01 -2.40689730164875900D-05
13 32  1.01872125276095300D-01 -8.18893669999152500D-02  9.45684439122456100D-02  2.18359282336126100D-01 -1.52098452017296000D-04
14  1  1.59348485151826000D-01  2.50510731850653200D-01 -9.02275222301450700D-01 -2.93125274536180200D-01  1.31951975477917200D-01
14  2 -5.08253087135193400D-06  1.14350671484534300D-01 -1.86853394693465300D+00 -3.97144705661920800D-06  4.31655876489672400D-01
14  3 -4.16563296831376100D-01 -1.50925796582987800D-02 -3.25101592940768000D-02  4.45035964318600200D-07  9.78050109635768700D-06
14  4  1.59350914160899700D-01  2.50517103613703100D-01 -9.02839000992526100D-01  2.60811947691627500D-01 -1.87927002397291500D-01
14  5 -2.11658900411163900D-06 -1.67463276756556100D+00 -8.35834361856116700D-01  5.36177923173480200D-07 -1.80034625466761500D-01
14  6  1.95148201929645700D-01 -1.51135764628838100D-02 -4.40423778598079600D-01 -9.11629487136346400D-06  5.07093621298523600D-05
14  7  1.65346206175310500D-01  2.93645607386927400D-01 -2.33030047844483800D+00 -8.26457610389977900D-02 -2.52310905425024700D-01
14  8  1.20004133659205200D-05  2.15847198587519900D+00  6.00738531388634600D-01  2.89062483703853200D-06 -1.12095534338299300D-01
14  9 -1.27867924093494000D-01  2.39963458431794900D-01  4.57904546219163900D-02  4.11713018120819100D-05  4.60934913837921700D-05
14 10 -1.72896832680308100D-02 -1.75596869805768400D-02  2.39561217746338700D+00  1.15365544468275800D-02  1.65340643468054200D-01
14 11  2.08810441943140000D-05  9.28270424698535800D-01  7.09250195369545700D-02  1.29024810618516400D-05 -1.88347244258592200D-01
14 12  2.30091135090125300D-01 -4.17438908315331300D-02  2.01136443201909700D-01  1.30366025472381400D-05  8.80109323036059900D-06
14 13 -1.73111267609154200D-02 -1.75871064142079600D-02  2.39637842890870500D+00  1.37476330226311700D-01  9.26429839166221500D-02
14 14  1.19530305918189300D-05 -4.02475029789570400D-01  8.39328841590446700D-01  9.94667338671825700D-06 -2.53491716448798500D-02
14 15  6.71554302620400600D-02 -4.18062586171612300D-02  3.09716414044056900D-01 -2.35245643585444300D-05  4.87424060358172100D-05
14 16  1.65349434536223400D-01  2.93661518461771700D-01 -2.33034307820607100D+00 -1.77154884937499200D-01 -1.97728829761692300D-01
14 17 -9.56130069122258800D-06 -5.59326468445044000D-01  2.16991812304583200D+00 -8.44596362907024700D-06 -1.58241405649630300D-01
14 18 -8.16925369430548800D-02  2.39933942592683000D-01  1.50378385899154900D-02  1.35017122052782000D-05  5.39177533721881900D-05
14 19 -1.55167351264172200D-01 -3.16762810476915700D-01  1.60137652338304000D+00  1.83009663200937700D-01 -1.00427576673998700D-01
14 20 -3.65521211167830500D-01 -5.44161838224021200D-07  3.09634243735612300D-01  1.26116669723719300D-01 -4.49166613461703400D-06
14 21  2.54589573719958700D-02 -9.31582778002801300D-02  2.28221109687557200D-06 -1.54160847719072400D-02  1.32164951643605800D-02
14 22  2.19958960754710700D-03  2.07199666320135700D-02  5.39826862082653800D-07  1.43169554095654200D-06  5.99523815855109000D-02
14 23 -3.80482290288115300D-01  3.20529908702605200D-01 -2.14945406412902600D-01  1.44670267065230900D-06  4.48779217088137600D-06
14 24 -1.55161572642221000D-01 -3.16745383229619600D-01  1.60132384429560400D+00  1.82953139697062100D-01 -2.66264602308401900D-01
14 25 -2.69814571224529000D-01  1.51725925295379100D-06 -4.57638751423131500D-02  3.31358770797256900D-01 -1.21935128585741600D-05
14 26 -9.33900421394027200D-02 -2.45270082577492100D-02 -8.24932485676175500D-08 -9.48765434274707500D-03  7.28987523404502200D-03
14 27  2.19777910870251800D-03  2.46674898379871900D-02 -6.10831625216645600D-07  1.71526327960061200D-06 -1.09003695105161700D-01
14 28 -2.11502961627377700D-01  3.20506656732539500D-01 -3.27675739873230500D-01  1.48565773879888100D-05 -6.26910454038379000D-06
14 29 -6.59435186610148600D-02 -4.55606026171180700D-01 -1.08138682078835700D-01 -2.76627581067577300D-01 -1.88013833081051600D-05
14 30 -3.34779509065721700D-01  6.42075136017678200D-02  1.36042827936294900D-01  1.46407888485918100D-01 -1.05860796404806500D-05
14 31 -3.34785618131949900D-01  6.42757686860231400D-02  5.87389751753125800D-02  1.91042836496148600D-01 -9.51712249987183600D-06
14 32 -6.59836381692070900D-02 -4.55663408004479600D-01 -1.85465167094614200D-01 -2.31961564623239300D-01 -2.00948612428155600D-06
15  1  8.34028437690636100D-06  1.19279831353737700D-05 -5.03456322661596400D-05 -9.71164139971253100D-06  1.14686800876589500D-05
15  2  6.95955782449284700D-02 -3.06243015224702200D-06 -1.47198145180075300D-04  3.87020596566119600D-02  3.19763321129433100D-05
15  3 -2.68447970490076600D-05 -5.13153506393583200D-06 -4.25711967422087900D-06 -3.74310898449999300D-01 -2.22312835505053700D-01
15  4  5.42236276082026500D-06  6.02283637081431100D-06 -6.25553193906564500D-05  5.49755449374992500D-06 -7.37096900095035400D-06
15  5  6.95394886764969900D-02 -1.10641587549608400D-04 -4.00387084359678900D-05  3.86607793264343900D-02 -8.22662388461481800D-06
15  6  1.32899655849489100D-05 -5.06334170033406300D-06 -3.16320769284499600D-05 -5.13951689306202800D-03 -4.35847223057159600D-01
15  7  9.87100400648454200D-06  1.66925047272510100D-05 -1.38556541724971500D-04 -3.01048430779051700D-06 -1.95656719603533500D-05
15  8  1.43735227041959800D-02  1.46337823922024300D-04  5.35940836989173900D-05  6.41205908002965400D-02 -7.39095492912564200D-06
15  9 -5.28893482515448300D-06  1.26798897542802500D-05  2.96323120752724300D-06 -5.58109915471476800D-01 -6.01806787005154200D-01
15 10 -3.13711036524874700D-08  2.26036926416492100D-07  1.65285150667761500D-04 -3.23988484203918500D-06  1.52027464967889400D-05
15 11 -2.40566640932725800D-01  5.86525141931558100D-05  6.07588977978858600D-07 -1.68127748862670800D-01 -1.27161323060678600D-05
15 12  1.51470212198928900D-05 -2.43088891382502200D-06  1.08505863936741800D-05 -4.52476949811029600D-01 -8.06937733415794800D-02
15 13 -2.05845394941279100D-07  1.94068743714334800D-06  1.84909420194197400D-04  1.22909941260184100D-05  1.46477332297387800D-05
15 14 -2.40498440484451100D-01 -2.91465990797291400D-05  7.56159282665843900D-05 -1.68133939534125000D-01 -4.87470475818897700D-06
15 15  3.82135989410567500D-06  1.05334486408321100D-06  2.34912959999242500D-05  1.56683126392109100D-01 -4.32538933639721400D-01
15 16  1.34727106881187800D-05  2.13546241279987200D-05 -2.03581277667321700D-04 -2.08719094821861700D-05 -2.40311174213042200D-05
15 17  1.45970591903282200D-02 -5.38816386541841900D-05  1.67295595283189700D-04  6.42531863181143600D-02 -1.21483900071425500D-05
15 18 -6.35058727416027200D-06  1.84989772813026600D-05 -1.23319701008238600D-06 -2.41946552040222400D-01 -7.84200864765810300D-01
15 19 -1.09485609356159900D-05 -1.95880296297635200D-05  1.18012762301105600D-04  1.39280462704649500D-05 -2.69334482347566700D-05
15 20 -2.64483115369682100D-05 -1.41175897061083900D-02  1.93594489082331800D-05  6.59623560111500900D-06  1.05433549321180500D-01
15 21  3.16370286327164100D-08 -5.85202092045871800D-06 -2.16243050957396600D-02 -9.35119094625824400D-07  8.35480012846043400D-07
15 22  9.96390817798150300D-08  1.67424091229926600D-06 -1.70714502077003600D-02 -1.15620663871870300D-02  1.74230466400143200D-06
15 23 -2.57206230878281000D-05  2.39783184238267100D-05 -1.78540851509594400D-05  8.99042222848740300D-02 -1.17871501927844300D-01
15 24 -9.49077901457396400D-06 -1.59578670719727500D-05  1.06029669619416000D-04  1.26028136982737000D-05 -4.93342471736232200D-06
15 25 -2.03121846457363300D-05 -1.40977505031981700D-02 -1.86079904315877900D-06  2.47438862100017400D-05  1.05470951902146600D-01
15 26 -5.11893117136851200D-06 -7.06083578252587000D-07 -2.15797835666072500D-02 -1.15084048845528200D-06  7.12580543662418600D-07
15 27  4.38259944792899900D-07  9.33255656850414300D-07 -1.45680936268146300D-03 -2.05734994670272000D-02 -2.57664175845508700D-06
15 28 -1.79163656901998900D-05  2.04930074486550000D-05 -2.00474007067504800D-05 -1.47178210664686200D-01  1.90074023175573300D-02
15 29 -3.12182633023731200D-06 -2.70023268993179700D-05 -8.27858864507772000D-06 -2.34091828474360700D-05  1.41134916877142200D-01
15 30 -2.58561330514484800D-05  3.11309475055235500D-06  8.59628280696308100D-06  9.66645340989741800D-06  1.36890718833303400D-01
15 31 -2.83232798731330900D-05  3.65609249320058600D-06  4.44281576878169200D-06  1.29942639528200100D-05  1.36906973356324500D-01
15 32 -4.47187672976423600D-06 -3.64829379175810900D-05 -1.61937139055343600D-05 -2.04416740229630700D-05  1.40954614090663700D-01
16  1  1.22296995950411200D-01  2.76025738209759100D-01 -1.69406613284072700D+00 -3.31412342903284100D-01 -2.76645038625062200D-01
16  2  9.71155428642090400D-06 -4.74288056442944900D+00  4.13613358607744700D-01  3.53557971638739400D-05  2.40683775890359100D-02
16  3 -1.81861929881272400D-02 -5.88218460090900300D-03  7.78281651114778200D-02 -8.86618883939194500D-05  3.47650760778882200D-05
16  4 -1.22260253577248200D-01 -2.75965577473656100D-01  1.69364338228295200D+00  7.38476334633407100D-02  4.25328964775167900D-01
16  5 -6.66545627113756300D-06 -2.73030086339332300D+00  3.90048860806405400D+00 -3.61628492092684300D-05  6.59841061319562900D-02
16  6 -7.18804896060787500D-02  5.89638347412338100D-03 -1.78111431280405400D-02 -7.32989264284353100D-05  6.74729487692509400D-05
16  7 -2.37425652798114700D-01 -4.22895211564981800D-01  2.60571365932593000D+00  2.06431142104477400D-01  1.53162989015557800D-01
16  8  3.73326071705547800D-05  5.42250020346228400D-01  1.75169653988198700D+00  1.92937333962033500D-05 -1.07793695363984200D-01
16  9  4.44338423094256000D-01 -3.36544727730271400D-01  9.44852381266741700D-02  1.44450923342461000D-05  2.10270824055186700D-05
16 10 -2.23232577145811500D-02  4.34290133911098600D-02  8.90636602305859900D-01 -4.03650776057108600D-01  1.62957172695230900D-01
16 11  1.86222973282935200D-05  4.40562188356870800D-01  2.10755854007033600D-01 -2.08076417494681300D-06  3.99010200526880000D-01
16 12  2.34113841589786000D-02 -4.22421584685859100D-01 -3.61897339268557100D-01 -6.25424559741988700D-05 -8.81057557060075000D-07
16 13  2.23240048968303600D-02 -4.34234791228387100D-02 -8.90261987756964200D-01 -3.42960608581079200D-01  2.68087373971025600D-01
16 14 -1.48954932511022000D-05  3.77212349563177000D-02 -4.86793112123137300D-01  4.21294408792038200D-06 -3.88794165946139600D-01
16 15 -3.36067026964620700D-02  4.22400868642600700D-01  3.68759136084863000D-01 -3.00093048742025400D-05  5.77584033163514700D-05
16 16  2.37436048742048000D-01  4.22910042122190400D-01 -2.60576869899971400D+00 -2.94165295652058900D-02 -2.55353523971667200D-01
16 17 -4.28867807503045700D-05 -1.24562033064837200D+00 -1.34515749688806300D+00 -2.20055250050456400D-05 -2.35377139199363000D-01
16 18 -1.01202068770098400D-01  3.36579207969460700D-01 -3.23312160503134200D-01 -1.20166182836677000D-05 -1.64274484803635100D-05
16 19 -5.50530547126964900D-04  3.65851730486939200D-03  9.41013074779545600D-02 -9.88741673693097400D-04 -3.21718085751928100D-01
16 20  1.20844858359088400D-02  3.85322368139961800D-06  1.12845653561179200D+00 -1.86030432430513300D-01 -3.34243546928989400D-05
16 21  7.74239874161841800D-02  1.05962899855720600D-03  2.06855467419095800D-06  2.29334516650880400D-02 -1.64101952659809600D-02
16 22 -6.52325639910673300D-03 -3.60667964250364600D-03 -2.74811513541530400D-06 -1.52904784059756600D-06 -1.10656795586126100D-01
16 23  1.60090141449756200D-01 -4.94333458636301600D-02 -4.33871758692367000D-01  2.62995164876820100D-05  3.16460661617385300D-05
16 24  5.35163459114482600D-04 -3.68903593234135000D-03 -9.39119628311229100D-02  9.91349514320275000D-04 -1.71376481885588200D-01
16 25  2.72543217142351300D-01 -9.61550165961138600D-06  7.25460727291576000D-01 -8.84205275510625200D-01  3.61653217476279800D-05
16 26  3.77953098248301500D-02 -6.75763199502195500D-02 -1.62468387240569600D-06  3.86649270734626100D-03 -1.03894971963513400D-02
16 27  6.52300448900511300D-03  2.14796444104847700D-02 -2.90636945567559100D-07  3.46027674701032100D-06 -4.17844965938688600D-01
16 28  3.68369809897734900D-01  4.94751560409535800D-02  8.14479627755160900D-02 -1.23665494995417800D-05 -3.87257317963611000D-05
16 29 -8.98003486376527500D-02  4.18879447642182200D-02  2.09845557101749600D-01  1.03017301188247200D-01 -4.04600327962462100D-05
16 30 -3.49953289958379000D-02  7.31358115328193700D-02 -2.09491637949883400D-01 -5.40121734040387800D-02 -5.10469360432105400D-06
16 31  3.49342061485676100D-02 -7.31244328393357700D-02 -5.79905715975274600D-02  2.08478250209718400D-01  6.41927399357450300D-06
16 32  8.97906757806945500D-02 -4.19115108552486600D-02  1.56932655992111400D-02 -2.33318665979764300D-01  3.59669202122909000D-05
17  1  4.09078742825512400D-01  7.18515394288025200D-01  3.64626668055159400D-01 -3.41066506873938900D-02  5.57778600884138200D-01
17  2 -6.00405948867978500D-05 -2.36978678735759000D-01 -2.99563575354913400D+00 -2.74215452369421900D-04 -2.74246730052127700D-01
17  3  2.79264142785143200D-02  2.46320315773613600D-01  2.98720071580938700D-01  3.42096510849842600D-04 -3.36024715240346500D-04
17  4 -4.09146577159601200D-01 -7.18640508316532000D-01 -3.63780087442524000D-01 -5.00023461512838300D-01 -2.49416549426966000D-01
17  5  6.99599601318969100D-05  2.47572090574411800D+00  1.70280104999716600D+00  2.76335613433032900D-04  2.71716758882334500D-01
17  6 -2.53098051103682500D-02 -2.46406953771964500D-01 -3.00406890280354600D-01  4.64324144771907900D-04 -1.16703734755333500D-04
17  7 -1.95425351582315600D-01 -3.04963472801139100D-01  5.62036511557279300D+00 -2.24419994516507700D-01 -8.92996556678894400D-02
17  8 -1.49347894809382900D-04 -3.01872536032271600D+00 -1.05809232135693400D+00 -9.60776851614644800D-05  3.71936636938207800D-01
17  9 -3.54733299555543000D-02 -3.36463306982651000D-01  1.55081517936359900D-01 -6.04790903137191000D-05 -4.90249307964602800D-05
17 10 -1.11823967884033400D-01 -2.41835778774591400D-01 -1.56796395058283000D+00 -4.51915336368924200D-01 -1.27678943766654300D-01
17 11 -6.10597206688870200D-05 -4.19638187899051800D+00 -7.98885942622841100D-01  2.14863500647005700D-05 -5.65296661365510800D-02
17 12  1.11035843838720700D-01 -5.45061777021691900D-02 -3.84150234830540200D-01  1.86465671927149600D-04  1.11392062195048900D-04
17 13  1.11856705869935200D-01  2.41865124596135900D-01  1.56747400239148400D+00 -1.15388255217193200D-01  4.55062496174288300D-01
17 14  6.88998259675035700D-05 -1.40670039622180200D+00  4.03322199065555100D+00 -1.73826610485672100D-05 -3.57177723745849600D-01
17 15  3.02508774163804800D-01  5.46689495820441900D-02  1.08222222877580900D-01 -4.88849466948899800D-07 -2.15924716627169400D-04
17 16  1.95489455490791900D-01  3.05105584822675300D-01 -5.62069441050295000D+00 -3.49347856208311300D-02  2.38794717116605100D-01
17 17  1.45255073097815700D-04 -5.93729615836036600D-01  3.14272482073415300D+00  9.46128925282289000D-05  4.98439203511198300D-02
17 18 -3.86246429575765000D-01  3.36402509224643400D-01  1.26193088911308600D-01  9.93466554919314000D-06  7.95559220055797300D-05
17 19 -1.17927892528067200D-01 -2.68168502776890900D-01  1.29455113254742300D+00  2.22932102242495600D-01  3.77569591312754500D-02
17 20 -1.32808209653422900D-01 -4.28455290936740300D-05 -1.23848851277191600D-01  5.01625957976628300D-01  2.93920660989126000D-04
17 21  8.77906487094313300D-02 -3.83872141476810000D-02  1.00425115851626200D-05 -5.66368650568815800D-02  5.50284450751354400D-02
17 22  1.60841998174416500D-03  8.26414375305016700D-03  1.14562682907293000D-05  2.20690152082792800D-05  2.42756909647022200D-01
17 23 -6.94696138019420200D-01  4.51939228372395600D-01  1.83880810578975900D-01 -1.01651578643841300D-04 -2.82630276025077100D-04
17 24  1.17928811996176800D-01  2.68175387832975800D-01 -1.29462000028307600D+00 -2.22906592819483200D-01  1.33911737142568100D-01
17 25  3.36919891684884900D-02  2.02045882380588000D-05 -4.96372932574992700D-01 -1.43473543225802600D-01 -2.93366987252716900D-04
17 26  7.71433343599277200D-02 -5.68277482454476100D-02 -1.12935227746009700D-05 -2.09022304091641300D-02  2.25109427300682400D-02
17 27 -1.60871232090313100D-03 -5.99721885549887000D-02 -1.36272480112709000D-05 -2.07126985832668200D-05  5.98192334607181900D-01
17 28 -1.46260508273917200D-01 -4.51931826333264700D-01  3.76831877255170100D-01  1.98715257852890700D-04  2.29262585833340200D-04
17 29 -1.03113394761202300D-01  4.82189186519069200D-01  9.32805485725655700D-02  7.26458552016381900D-02  1.62764386913268900D-04
17 30 -1.33202639817371700D-01 -1.08708789343828800D-01  3.93105425543111300D-01  2.15147364525190300D-02  1.08629241037302200D-04
17 31  1.33231504460032600D-01  1.08662238167998300D-01  1.78018176833520900D-01 -3.51217972320298100D-01 -1.05247281280385900D-04
17 32  1.03118686150437000D-01 -4.82191404477132600D-01 -1.62091185583126400D-02 -1.17005539368206600D-01 -1.67269487153399600D-04
18  1 -1.34831964950611300D-01 -2.55804338184941100D-01  2.33624866658906100D+00 -5.74524825258567500D-02  1.50977146403625100D-01
18  2 -8.16204976526901900D-04 -1.31015514808467000D+00 -5.85658672874253700D-01 -3.48467138479688500D-03  1.83943919284574400D-01
18  3  4.09714654354604100D-02 -2.24915384720034300D-01  1.19571729132418500D-01  2.83985741779169300D-03 -4.63325434996816900D-03
18  4 -1.34519686761649800D-01 -2.55223102110808900D-01  2.33958822228442600D+00  1.59919891042869000D-01  2.60287417283893200D-02
18  5  8.15701237354439500D-04  1.45969386931035900D-01 -1.43255859194489700D+00  3.48285542666962100D-03 -1.30308133860070700D-02
18  6  2.37938630729814500D-01 -2.24907817343808000D-01 -1.15917316076064800D-02  5.43441177054175200D-03 -1.39609494683965100D-04
18  7  2.28776194580099100D-01  5.00652679648349900D-01 -3.29978646234674200D-01 -5.03528786677420600D-01 -4.00923752536251800D-01
18  8 -1.15548533114203500D-03 -9.29127953638361100D-01 -1.85925772718332500D+00 -1.03301603407479800D-03  2.14720685019854600D-01
18  9 -7.08717220463812400D-02 -1.43848962973473600D-01  2.30374371319351300D-01 -5.67679822443761800D-04 -6.68646848796117900D-05
18 10  7.96681300186672100D-02  6.73944102580305200D-02 -2.09422434793405900D+00 -4.00835631523730100D-01 -7.37274100033180600D-02
18 11 -5.46082275029489900D-04 -9.29525870022410700D-01 -3.08415292464631000D-01  1.61204151773946400D-04 -4.92006949640225100D-01
18 12  1.97536226606218600D-02  4.72253326979602300D-01 -4.91585896046067100D-01  1.37393121779565300D-03  2.00903507553831400D-03
18 13  7.97416014751824900D-02  6.75116159182475200D-02 -2.09761403933066100D+00  1.36562018202462000D-01 -3.83979455186076100D-01
18 14  5.45312197297328300D-04  1.95266630870895800D-01 -9.58948972334987200D-01 -1.60707775915642600D-04  2.60490505324455400D-01
18 15 -7.32712730298970700D-01  4.72222224974515800D-01  1.02952380907751900D-02 -1.05256492158557000D-03 -2.19147351577907300D-03
18 16  2.28533856924786400D-01  5.00200885134091000D-01 -3.24674661297567800D-01 -9.52847394969018600D-02 -6.36461235482496700D-01
18 17  1.15475018002656600D-03 -1.14185694317020500D+00 -1.73400135939062400D+00  1.03254990232605500D-03 -1.72119192187933600D-01
18 18  3.16067390196712500D-01 -1.43948198008777500D-01 -2.76793305311308900D-02 -2.22764621960348900D-04  5.27866109833610500D-04
18 19  4.84509241565413600D-03  4.47438005766990700D-03 -1.44281255558719900D-01  1.01560122848564400D-01 -1.00345023384726100D-01
18 20  4.96303789500865600D-04 -2.84300758758033900D-04  3.29967535052321200D-01  1.69864905258077800D-01  3.68354192621653100D-03
18 21 -9.00408985170838800D-03 -1.80448533070613500D-02  2.18064076370300200D-04  2.42240269163472500D-03  2.29810983949021000D-03
18 22 -4.72051253112571000D-03 -5.29495818422992000D-03  9.49304809164050100D-05  3.20359155534963900D-04  9.54824972650996400D-02
18 23 -1.49264638230934100D-01  5.37821409658332800D-02 -7.47044043145312900D-02 -8.69474567187183700D-04 -3.66264849932551600D-03
18 24  4.72018992404261300D-03  4.18806821284777500D-03 -1.42921603929523800D-01  1.01930945998977100D-01  5.05101933041271100D-02
18 25 -8.67406141985632700D-02  2.90624574378659700D-04 -1.75185491248717500D-02  3.71347907289584900D-01 -3.68193888121781100D-03
18 26 -1.11956374794581400D-02 -1.68777213756308600D-02 -2.17411145431222700D-04  6.32146019969940700D-03 -1.59344316504664300D-03
18 27 -4.72801703465316900D-03 -2.65986785849881700D-03 -2.30396676455923200D-04 -2.42691333867675400D-04 -3.25431479505512300D-02
18 28 -2.17412114674677800D-02  5.42843594180189900D-02 -1.60272735236825800D-01  2.73858374067165700D-03  2.58544017114338300D-03
18 29  1.63518890630867300D-02 -6.92192047118340700D-02  2.32694275429167800D-01  3.05690334624453700D-01  1.53237271144653400D-03
18 30  1.34724185246181300D-01 -8.89504927053610400D-02 -2.54366448942573700D-01  1.26766371397501500D-01  1.87295744829106900D-03
18 31  1.34560831312505300D-01 -8.93165705555090800D-02  2.37116123099029400D-01 -1.56931845841287400D-01 -1.87195932429044300D-03
18 32  1.64517547816951300D-02 -6.84786408837494400D-02  1.48215597825352500D-01  3.54164401053460100D-01 -1.53055064836970500D-03
19  1 -1.27659228075643300D-03 -2.56589093915202200D-03  4.76496331522310700D-03  7.52478325365108500D-05  4.79571649373423100D-04
19  2  1.32263336476070700D-01  9.88340427539229800D-03  4.94459482007928600D-03  5.70819400713050900D-01  8.55902644030938100D-04
19  3  8.25386149728382500D-05 -9.38441259003769000D-04 -4.69396283325820400D-04 -4.38708055283397100D-01  7.66716442955010600D-01
19  4 -3.20203051029000100D-04 -6.97726051567461100D-04  2.08627114562062600D-02  1.82466344184167700D-03  7.21614330666941500D-04
19  5 -1.32255584194864900D-01  3.01452344026816100D-03 -2.76511852359512700D-02 -5.70872844731542200D-01  3.73875027926659000D-04
19  6  6.64183292166803900D-04 -1.03805832009347300D-03  3.65633212559508200D-05 -8.83401480553753400D-01 -3.67214708246610100D-03
19  7  2.33995205486970200D-03  5.05614791692432400D-03 -1.19729854715964000D-02 -3.71609059032510200D-03 -2.56292981886395200D-03
19  8  1.75842167566006900D-01 -7.56647949168441900D-03 -2.61418794009095200D-02  1.68014259990881100D-01  1.60701426065903300D-03
19  9 -3.70307266293865200D-04 -1.23670699436516900D-03  2.05507872938918400D-03  8.68479517534087300D-02 -8.89222739048498600D-04
19 10 -1.75896142778409700D-04 -8.59323703928367700D-04 -2.85709099469518400D-03 -3.44699766683352400D-03 -5.72055968725705500D-04
19 11  8.37826412998478000D-02 -1.96077789846308800D-02  4.19702651640043400D-03 -2.46669122530012600D-02 -3.01243406747190700D-03
19 12  1.78768843344521600D-04  2.83366522412737100D-03 -4.11423953476343800D-03 -2.09168923020252100D-01 -3.44130369870171800D-01
19 13  7.00622368084747900D-04  7.74286019860572400D-04 -1.84778817888495800D-02  4.55163239796201700D-04 -1.76669818704842000D-03
19 14 -8.38700515450566800D-02 -1.22037981778630100D-02  5.17264565003312900D-03  2.45645081120797000D-02  1.23032497685433500D-03
19 15 -3.91076433698907900D-03  2.68043936013475700D-03  7.47296121123008700D-04  1.93561567159396800D-01  3.53129675826635800D-01
19 16  8.08276382295386300D-04  2.02116721361260900D-03  7.33283737813313700D-03 -4.99301331403320600D-05 -2.99620234888155400D-03
19 17 -1.75852922880730600D-01  7.13938084185100800D-03  1.69926385399727900D-03 -1.67902975431089500D-01 -2.42861909263752600D-04
19 18  1.49354237510986900D-03 -1.25068046584611900D-03  7.89828966638674500D-04  4.40213996550522000D-02 -7.49566656830158600D-02
19 19  2.58146521494753300D-04  5.45218915763092400D-04 -3.11897176168064000D-03 -4.06083745522769100D-04 -2.72816752988522100D-04
19 20  2.35467064662109700D-04  4.49961791599394600D-02  2.32512043303219000D-04 -2.08552744176166400D-05 -6.03555244629992500D-01
19 21  7.94580281430771100D-05  1.93459763506259000D-04 -3.69941071067699800D-02  6.00211373274715100D-06 -2.14467208274388700D-05
19 22  1.54446070946902200D-05 -4.04479776757758600D-05 -1.45901899044440000D-02 -5.32836964967978700D-02  5.62866328033715600D-05
19 23  3.49515728585075500D-04 -4.05802361388448300D-04 -6.14896656421879500D-04  1.35165051121225600D-01  6.01656005701023100D-01
19 24 -5.36002317250524400D-05 -1.71933994446453500D-04  8.92152295836289400D-04  1.42174951926249400D-03  4.21403358147612400D-04
19 25 -1.08274739916692000D-03 -4.49833451697878200D-02 -6.03059312439347300D-04  5.45258995372884600D-03  6.03616637033424700D-01
19 26 -2.49354953538350500D-04 -2.73355776036606200D-04  3.69995002417315400D-02  7.27128400478578000D-05 -2.71043325683270200D-05
19 27 -4.56085074795292200D-05  7.34336193067336800D-05  3.88598037441299300D-02  3.93046667621881100D-02 -1.63637622736235000D-04
19 28 -9.17094491342327900D-04  1.08073211407856100D-03 -2.43788993319648400D-03 -4.53526006762964700D-01 -4.17971836632677600D-01
19 29 -1.57832489644353500D-04 -2.03027771202306100D-03  2.15677610695880800D-03  2.73368426829464800D-03 -2.40013937857831800D-01
19 30  1.04799381013621400D-03  6.89675232084658300D-04 -7.84114928364274400D-04  5.91173188009758300D-04 -3.19910368174967200D-01
19 31 -2.17513260334759700D-05 -1.63784173100042600D-03  2.46800506065286400D-03 -2.23383570076999200D-03  3.20085425729264600D-01
19 32  6.20546454144626100D-04  1.09798432831027900D-03 -8.36384657524751900D-05  8.55300949352101200D-04  2.39914999716068100D-01
20  1  2.71338779702251300D-01  5.15889698087317800D-01  3.41861080133762100D+00 -7.39809087900367600D-02  4.29192342463886200D-01
20  2  3.31832065908158200D-04 -6.72901001323017700D+00 -3.82316741948639200D+00  1.46671149710166300D-03 -1.20850879871551800D-01
20  3  9.99348193117222100D-02  2.09160605598273500D-02  1.64982873991712400D-01 -9.21463607211793000D-04  2.03047072590341800D-03
20  4 -2.71472174102555000D-01 -5.16098369233828600D-01 -3.41641028274174900D+00 -4.08635638973807300D-01 -1.50690373389330500D-01
20  5 -3.33466720822797400D-04 -5.43058572493062800D-02  7.73803019321632800D+00 -1.47062152479543400D-03  7.87460786472811100D-02
20  6 -5.74895702158309000D-02 -2.12565084314476900D-02 -1.92740512149440600D-01 -2.21780076478716500D-03 -2.11958560636989200D-04
20  7 -3.32486943832782700D-01 -6.41513189064190400D-01  4.81807471280589400D+00  1.78637551172825700D-01  1.70139632017000700D-01
20  8  3.44434201475960900D-04  3.89364066167351600D-01  6.22798347456920800D+00  4.23527777389597400D-04 -1.36231683280143700D-01
20  9  2.03363342745943500D-01 -6.71316594657992700D-02 -1.15800021229023200D-01  1.68742044342201100D-04 -1.00641115964125700D-04
20 10  1.37945034353703100D-01  2.39573202430820600D-01 -3.48276022314382400D+00  2.57158392789606100D-01  2.87828185869098500D-03
20 11  1.74779638948601100D-04  5.07951559278582400D+00 -2.54620972482515400D+00 -4.46182020359236500D-05 -6.26690061690958100D-02
20 12  9.10860154559552700D-02 -2.84170092868557500D-02  3.16256232248787400D-01 -4.22501137983290600D-04 -1.01171832481248300D-03
20 13 -1.37770766762209800D-01 -2.39284467778594000D-01  3.48004971971371500D+00  1.26189401731849100D-01 -2.24331791709986600D-01
20 14 -1.70930682399365300D-04  4.74549691143395800D+00 -3.12671041731838700D+00  4.72583255994211400D-05  1.84653205703842600D-01
20 15 -2.13454109744803200D-01  2.88009040409567500D-02 -2.35005379127133500D-01  6.65943226262970100D-04  8.70680752297710400D-04
20 16  3.32519623981756300D-01  6.41558173023466000D-01 -4.81762864839099500D+00 -5.82231221982158800D-02 -2.40267709761030500D-01
20 17 -3.50417046619038600D-04 -5.19966646664413100D+00 -3.45383057989663700D+00 -4.26152576217995100D-04 -2.05463168677753600D-01
20 18  1.38309479988119900D-01  6.71536886896373100D-02 -1.12190575610271600D-01  1.69738670835162800D-04 -9.62648865986300800D-05
20 19 -8.52776260675405500D-02 -2.00476627672211500D-01  1.01493028528762400D+00  4.06571004380368700D-01 -1.50783296215950000D-01
20 20 -9.61340844022389000D-02  8.87422709523498400D-05  8.74463696065696000D-01  5.69277928082296800D-01 -1.54809750357094300D-03
20 21 -1.07473481729303300D-02 -1.11822018500772200D-01 -1.04840330792522400D-04 -2.68117473409752300D-02  3.71689761341620600D-02
20 22 -1.03572287931878600D-02  8.33985991026534600D-03 -2.98893636198502900D-05 -1.42994422301151600D-04  2.77420822043285900D-01
20 23 -6.66163739847427000D-01  3.88742917804138900D-01 -1.45436855442440000D-01  2.91094844336623300D-04  1.55513531832252200D-03
20 24  8.52595648476648600D-02  2.00438099826870100D-01 -1.01500234650701900D+00 -4.06488297968776300D-01  7.88064629631022800D-03
20 25  1.78630300220939200D-01 -9.76260946646756400D-05 -5.55631656569846500D-02 -1.04197658382477600D+00  1.55147245708404300D-03
20 26  9.14657094590607000D-02  6.52042398349679000D-02  1.04848924308179200D-04 -1.49051636442966900D-02  4.55562281503881700D-03
20 27  1.03495408292564600D-02 -3.61869398018759400D-02  1.08770671412339800D-04  9.75972117978522900D-05  3.20839865485695300D-01
20 28  6.78754172656544800D-02 -3.88715282751350100D-01  5.44614253917707900D-01 -1.19878839482071500D-03 -1.02965364390015100D-03
20 29  1.41067762024241500D-01  7.23827676448298900D-01 -2.56189971414247500D-01 -4.59807058546560500D-01 -5.29730422849338800D-04
20 30 -2.12238813203243700D-01 -4.62776448487064500D-01 -3.84034295272200300D-01  1.26260649287111900D-01 -9.33157042169583500D-04
20 31  2.12465917743338200D-01  4.62648880252077100D-01 -3.01314453480210100D-01  2.69418807350178800D-01  9.34232433982338000D-04
20 32 -1.41121696301907600D-01 -7.23805930023994300D-01  2.70286084258434300D-01  4.52096311230205200D-01  5.27452379856614600D-04
21  1 -3.11169417758605700D-03  7.72226917436767700D-02  7.91285259240721800D-01 -1.26418979660821400D-01 -2.10969867830783100D-01
21  2  1.50810472525330800D-04 -2.26260286189297200D-02 -3.46972985511154700D-01  7.37121120697751600D-04  3.52534204107669100D-01
21  3 -5.91469595128768300D-02 -2.93387244594790700D-01  7.65205069064626000D-01 -3.81543023526189000D-04  1.03681557139548900D-03
21  4 -2.94868515349807400D-03  7.75169983406658700D-02  7.92139980583634800D-01 -1.19261321935823300D-01 -2.14960358026137100D-01
21  5 -1.72002138084106300D-04 -2.88097713005470400D-01 -1.97454051274367500D-01 -7.37056630466409300D-04 -5.30276486011069600D-01
21  6  8.23560785087730000D-01 -2.93284299076660800D-01  1.76786439019553900D-01 -1.09105116766075500D-03 -2.07436754966777600D-04
21  7 -2.03920706864124400D-01 -5.10110918740797300D-01  6.46043076712174400D-01  3.80869441959236900D-02 -3.26704595843369400D-01
21  8  1.35516709177528100D-04 -7.00426946976932900D-01 -1.12793986804080500D+00  2.18278680722074200D-04  1.97773740926826400D-01
21  9 -4.24914279490679900D-01  2.27140538563852700D-01 -1.97943402851798200D-01  4.88336855944045900D-05 -9.23739455154998400D-05
21 10  1.99209306308576000D-01  4.07119333308853100D-01 -1.68453067785094500D+00  1.08225806698677800D-01  6.49179362644783800D-02
21 11  5.73259983637502400D-05 -8.50023423353115300D-01 -1.41558810875408200D-01 -2.11941237331656800D-05  7.10069850714858100D-02
21 12 -1.71651254595471900D-01  1.00644269523985300D-01  8.51940579933570300D-02 -1.70000230939414700D-04 -5.75417588257878200D-04
21 13  1.99239807260951700D-01  4.07158737417311200D-01 -1.68581419772533700D+00  1.99557583187137900D-03  1.26307855780395100D-01
21 14 -7.39134421327523500D-05  2.99991435027066800D-01 -8.04851212693109000D-01  1.21931695472999800D-05 -1.74997021759752700D-01
21 15  7.43474601096290500D-02  1.00649561650124300D-01 -7.85919837394734700D-02  4.03391048076229100D-04  4.32343208448185700D-04
21 16 -2.04111707060866500D-01 -5.10474892025875700D-01  6.48215917002888900D-01 -3.01964752318803900D-01 -1.30310807069103300D-01
21 17 -1.17843937858396100D-04 -6.23849274143350200D-01 -1.16815029840140600D+00 -2.09272263496402100D-04 -1.20611539553353600D-01
21 18 -1.06449856233260300D-01  2.27061395786614200D-01 -4.10257585364489000D-01  1.19007839019597800D-04  3.40781707591785500D-07
21 19 -6.17291988811184400D-02 -1.34857844524352200D-01  2.72257036569881300D-01  7.43154310871602000D-02  3.19026801045271000D-02
21 20 -3.14302437534039400D-02  5.34370405096053200D-05 -5.01960009017267200D-01 -4.92443139089916000D-02 -7.83375408533599400D-04
21 21 -3.53053622870028200D-02 -1.24531702233594600D-02 -5.68599134567642600D-05  2.59968831774856300D-02 -1.98020945310431500D-02
21 22 -6.19478864644358800D-03 -2.07873593767662300D-02 -1.17660499051211600D-05 -7.42133105816979500D-05  4.81621828611240200D-03
21 23 -3.00084476546598200D-02  2.51922293685470600D-02  5.56168400157231300D-01  1.23539509052123800D-04  7.81624220334325800D-04
21 24 -6.17512444329999400D-02 -1.34911289472021900D-01  2.72575348059182900D-01  7.45069666354231800D-02 -4.31330002777187300D-02
21 25  1.18106116397774500D-02 -2.18253644612505600D-05  2.08296376566602100D-01 -4.58742832153025000D-01  7.70186377610090900D-04
21 26  6.81324751654849400D-03 -3.68123323612227500D-02  5.56096273653486500D-05  7.24795128373399200D-03 -1.04996532431695900D-03
21 27 -6.19798595941718700D-03 -3.32728122526477200D-02  5.85951298144049400D-05  4.67521736622224100D-05 -4.38590937206901300D-01
21 28  4.13265930675900600D-01  2.53250065310004400D-02  2.60334863559683200D-01 -6.17710737017938000D-04 -4.95480102736687000D-04
21 29 -9.57881834710359200D-02  6.07255611618332100D-02 -4.66148820657435300D-02  2.54870492468106800D-01 -2.18128236708302200D-04
21 30  2.04751206168692700D-01 -8.65601111668555800D-02  2.72078191956042300D-01 -4.39146205062273700D-02 -5.29680477670981800D-04
21 31  2.04623172397401500D-01 -8.67678441004684500D-02 -1.73926081833926200D-01  2.13518406060816600D-01  5.17910182107693100D-04
21 32 -9.57755567973446300D-02  6.09996101674740900D-02  2.43844367259421100D-01  8.67826042362403700D-02  2.32644689438648800D-04
22  1  8.94540916082230500D-02  9.35766722497753900D-02 -7.08223752955876000D+00 -3.25330257597131600D-01 -2.80070924146167300D-01
22  2 -4.82110208939314200D-06 -3.81243507066969700D+00  5.56449995354348900D+00 -1.86113028053720700D-06 -5.40531823634865000D-01
22  3  2.13686266389056500D-02  5.19163196995961300D-01  3.95706912690971600D-01  1.01652462814617400D-08 -9.73227959434664700D-06
22  4 -8.94112105065685600D-02 -9.34830796087949100D-02  7.08192211595951400D+00  7.97948272548639100D-02  4.21740601987883800D-01
22  5 -5.44931111059058800D-06 -6.72538429129982300D+00  5.18918146998588200D-01  6.61657597505667400D-07  4.15870115183678900D-01
22  6  1.03301024546900200D-01 -5.19171139730580700D-01 -4.78731920327372800D-01  8.18718574115861700D-06 -4.33071464684745800D-06
22  7  1.00782385230426100D-01  1.92549893259431700D-01 -4.37162280439779800D+00 -1.04685410950949100D-01 -2.94396238841316200D-01
22  8  1.49445997264723100D-06  4.28151242481420000D+00  3.42746464670887200D-01  1.35569995880548300D-06  2.23861549385572000D-01
22  9 -2.13793013765836600D-02 -2.02482248008990400D-01  2.63173165321788200D-01 -6.72139398766387100D-07  1.51304857528930800D-06
22 10 -3.06517685143150500D-01 -6.45001073163315100D-01  4.67603173087639600D+00  1.79032541088035100D-02 -1.72375013665186900D-01
22 11 -3.77654159148525400D-06  1.92730731477121500D+00  2.03421623348399300D+00 -2.57661753086972100D-06 -2.00877164297437300D-01
22 12  3.07065076884390200D-02  1.70170656608994400D-01  2.18760831118318300D-01  4.47832342434664400D-06  2.34076228715353300D-06
22 13  3.06545178213473000D-01  6.45071599158910900D-01 -4.67613605392659200D+00  1.58204620789246300D-01  7.07853954324941100D-02
22 14 -4.09762034515342000D-06 -7.97749577505736300D-01 -2.68628835731596900D+00 -2.26483026305268900D-06  1.91217280096767500D-01
22 15 -2.09709296684805500D-02 -1.70246350428285600D-01 -2.25159418996578800D-01 -2.20597477894978600D-06 -4.41274201992080400D-06
22 16 -1.00864305047474500D-01 -1.92739877005357500D-01  4.37199882571428000D+00  2.02548659606976800D-01  2.37994159419781400D-01
22 17  3.37445358461670400D-06  1.84443593799188200D+00 -3.87900033156528800D+00  8.16870722080881600D-07  1.57443067032020200D-01
22 18 -3.59999695917850600D-01  2.02556628885830200D-01 -8.95713824878607000D-03  1.93099285153124400D-06 -5.41978241657962800D-07
22 19  1.37970562629073800D-01  2.99755929330471200D-01 -1.43639750077335700D+00 -3.43112066106804300D-01 -1.42873556555579800D-01
22 20  2.17747606515768300D-01  1.06014186957454700D-05  5.16427972932406800D-01 -6.81193884873736400D-01  2.70012441823611000D-06
22 21  1.74566166149992800D-01  8.78559210249362500D-02  6.44724219429124300D-07  1.19583337349471200D-02 -2.52427712527434100D-02
22 22  1.32844375177992600D-02 -3.14929450586705700D-04 -1.50179011383435000D-07  4.50791970769014800D-07 -1.52972456924594600D-01
22 23  6.38962240757657300D-01 -4.85989783833059900D-01 -3.54373048615516900D-02 -3.81935088831456600D-08 -5.91596824932834100D-06
22 24 -1.37984117772276100D-01 -2.99789227123576100D-01  1.43650221322654700D+00  3.43117758563049000D-01 -2.60033311775766200D-01
22 25  1.48481647391170100D-02  9.81550035012696500D-06  8.48216433374218600D-01 -1.06682428322839000D-01 -7.11009259216216600D-06
22 26  1.12199134898157100D-02 -1.95112192757064500D-01  8.65977852479339100D-08  1.57060362396704100D-02 -2.42007880482365800D-03
22 27 -1.32859574348470000D-02  1.87548308223158600D-02 -3.81646173839324400D-07 -4.96623552920048700D-07 -4.67569723493753600D-01
22 28 -1.84279605943933700D-02  4.85997684088146900D-01 -3.78241611566500000D-01  2.89526338316185100D-06  4.18791923862344800D-06
22 29 -3.44206010363542800D-01 -9.29970935519555100D-01 -1.62408134964950100D-01 -2.70950550094659000D-01  2.97765709822382600D-06
22 30  3.56579205093571700D-02  4.04308425117242300D-01  4.86286036788009200D-02 -1.99578056756502300D-02  1.97036070183305000D-06
22 31 -3.56503307808375600D-02 -4.04300803702103700D-01  4.15295620495382900D-02 -3.20764913380958700D-02 -4.48676422365298300D-06
22 32  3.44188538431415000D-01  9.29960258015020600D-01  1.53426754412849500D-01  2.76104798399508600D-01  1.27267096689538000D-06
23  1 -1.88106676618120600D-06  8.89508736889109700D-08  1.85788153096966700D-05  3.36004564644323600D-06 -3.07700117856243600D-06
23  2 -1.97775044192163000D-02 -6.70067497193454400D-06  9.50058269554030800D-06 -1.03337875684032400D-01  1.93645137444759500D-06
23  3  3.40921540342611600D-06 -5.34566677787369700D-06  9.91547164616924900D-06 -1.48843457487659700D-01 -3.81680033194263400D-01
23  4 -6.26647032944493700D-07  1.88967675907372900D-06  3.19005245077364100D-05 -5.69297853716043600D-06  6.70844919851705100D-07
23  5 -1.97564183971405200D-02 -2.28305850647595300D-06 -1.54744076005628500D-06 -1.03197955872179200D-01 -3.40602134568126400D-06
23  6  1.01221136512118000D-05 -6.71609230553054200D-06  5.45773557895599500D-06 -2.55924818161762500D-01 -3.19595492529409100D-01
23  7 -1.41756729897743000D-07 -1.15268431669270400D-06 -1.01716999400287400D-05  3.82604458584363400D-06 -2.52128318817728200D-06
23  8 -2.51566246826004600D-02 -3.57088183357484000D-06 -9.15862716896087000D-06  4.23630827768045300D-02  3.02357802952505300D-07
23  9 -5.04474847706341900D-06  4.74239067411089700D-06 -2.03969292718792800D-06  5.78744669092101400D-01 -4.04816887071423800D-01
23 10  2.28425631702633900D-06  3.75789609356535700D-06 -1.95957978759486100D-05 -1.14035827874440600D-07  5.99218592941185800D-07
23 11  9.21377425064119300D-04  1.84268821830749900D-06 -4.08954377800294600D-06 -1.93166743682516200D-02 -4.12153559520535000D-07
23 12 -1.40889873699497900D-06  1.82105229651550900D-06  2.57374703118893400D-06  9.62091457048917100D-02  3.99300182827608900D-01
23 13  1.62732253981076500D-07  1.14815981723113100D-06  3.17196592324997400D-07  4.60361272226038900D-06  2.00164575632442500D-06
23 14  9.11767471726851100D-04  1.21121590424260400D-05 -6.65545598900703300D-06 -1.92964686832940100D-02  1.14883963705140900D-06
23 15  1.78040420350768800D-06 -2.92924384055909500D-06 -7.38019620214687100D-07  2.97489643708173000D-01  2.82855953486290700D-01
23 16 -1.95377365536418400D-07 -1.85387750440651100D-06 -5.05584981292938500D-06 -4.52669208493904900D-06  2.47076415953034200D-07
23 17 -2.52006099698465000D-02 -7.11342165871306900D-06 -1.64401537313786800D-05  4.24234415265917600D-02 -1.69313175199833400D-06
23 18 -2.87222745447803600D-06  4.56535920647638300D-06 -2.84418445209906400D-06 -6.40044912729105800D-01  2.98601034095633900D-01
23 19  7.20879107833279000D-07 -1.67478580505551900D-06 -1.49206044272859000D-05 -1.37538085153065800D-06  8.64891119125373900D-08
23 20  9.94744280849010100D-08  2.34314231238668300D-02 -3.93056528943747200D-06 -2.03929644026333400D-06  1.87910075196269100D-01
23 21 -5.45802376680551700D-07  6.36223710666922700D-07  1.08211802550620700D-02  5.59849483102115500D-07 -1.47689368325953800D-07
23 22 -4.12160114776167100D-07 -5.43748203945390000D-07  2.13343105570465500D-03  3.72275122074149300D-02 -7.93931546673365400D-07
23 23  2.01982817049916500D-06 -1.22589662382579800D-06  7.01332372620192400D-06  5.57838744707287200D-02 -2.28968221787846500D-01
23 24  7.33271922846159400D-07 -9.39742874088843000D-07 -1.16177318390225400D-05 -5.33436637369800000D-07  5.81268729952991300D-07
23 25  7.68222048309666300D-06  2.34290801786795600D-02  4.19083063674083800D-06  2.10654073338274600D-06  1.87774018246663800D-01
23 26  4.75871894078972800D-07  6.68563996988031700D-07  1.08096283559911700D-02  4.22164897727281200D-07 -1.59858481172407200D-07
23 27 -2.62306416554876700D-07 -6.08008908767039600D-07  3.11543547357367100D-02  2.04598962357534400D-02 -5.10251734171948600D-06
23 28  4.70186222701859100D-06  4.00655114700893900D-07  2.40621170556708800D-06 -2.26050002864601700D-01 -6.61364779905961200D-02
23 29  1.68064504829361100D-06  3.65211888072744900D-07  1.21178489340665000D-06  4.43126697477275400D-07 -5.68432471000183300D-01
23 30  3.69612385725341900D-07 -1.50475539552327600D-06  9.58403687309268000D-07 -2.80938595585127800D-07  3.25946855825995600D-01
23 31 -1.28244464446614100D-06  1.81595794901456500D-06  5.22486137090547000D-07  2.26999545914784800D-06  3.25730358073635400D-01
23 32  2.03858634303061900D-07 -7.10431824607116500D-07 -1.86734929872584700D-06  3.83705556435599300D-06 -5.68393840371235500D-01
24  1 -7.83988457515126200D-02 -1.44721772425403500D-01 -6.37438831248610700D-01  5.23595135359943300D-02  1.12929862370912600D-01
24  2  1.28673412223200400D-06  2.16037189610551600D+00  1.84286159031221100D+00 -3.91645199359835400D-05 -7.86994959529738900D-02
24  3  2.53586688625617100D-01 -1.74887192672643100D-01 -3.81469032894482400D-02 -1.23691715120116500D-04 -8.79231868455765700D-05
24  4  7.84237744079170600D-02  1.44748730266907100D-01  6.36627893239064900D-01 -7.16347968350078000D-02 -1.01823895054022400D-01
24  5 -1.23011333224632300D-05 -5.15652331560348700D-01 -2.79224681074844400D+00  3.84682674031023700D-05 -1.99137766818108500D-01
24  6  2.41471706112308200D-02  1.74990596206876700D-01 -1.47212715011474900D-01  1.07560804927680500D-05  1.37466127508959900D-04
24  7  2.93128240531263900D-01  5.53386843278731100D-01 -5.11155367783699300D+00  2.73323012683473100D-01 -4.10066671375141500D-02
24  8  4.38960147280049400D-05  1.90872856211852300D+00 -1.51990354954702100D+00 -4.35228950910551900D-05 -1.92897203409823500D-01
24  9 -5.06122569774285600D-02  2.43509460387250400D-01  1.31987658200013800D-02  1.37577936306621900D-04  1.13989758999340700D-04
24 10 -4.94657715903879700D-01 -9.35570473644219900D-01  6.21234570115819100D+00 -3.21498660427315500D-02  4.80108350674802000D-01
24 11  2.81725709692971800D-05 -6.18130119964258600D-01  3.26390684826417600D+00 -1.31537494899898300D-05  1.49451255894059900D-01
24 12  3.54515406099748300D-01 -5.03966661993809600D-01 -5.40973064845520400D-02  7.07480295532513700D-05  2.16742045819646800D-04
24 13  4.94674405709454600D-01  9.35605389274451000D-01 -6.21267155918228100D+00 -4.31869007461799200D-01 -2.12354973688165700D-01
24 14 -3.76620630946542000D-05 -3.13573626850383700D+00 -1.09711589475329200D+00  6.21041435009231200D-06 -3.43791082159690600D-01
24 15 -1.60211448113456900D-01  5.04002530273150500D-01 -7.54973037722950400D-02 -1.53170381970671300D-04 -1.66772509744685200D-04
24 16 -2.93204048827785600D-01 -5.53525179294673400D-01  5.11242685814075700D+00  1.72293652427837900D-01 -2.16251869259724600D-01
24 17 -3.48604649944281600D-05  2.27111779907028800D+00 -8.92800671299870200D-01  4.98395990785023600D-05  9.61529243846077600D-02
24 18  1.47487478778169900D-01 -2.43640403162778500D-01 -7.77619261616238500D-02 -3.04149677176996700D-05 -1.73603674730412600D-04
24 19  6.81317745767862200D-02  1.25250986287224500D-01 -9.70217092308985200D-01 -4.38719948341283500D-01  7.40170082001468100D-02
24 20  1.51083404491998600D-01  1.62599866112792500D-05 -3.69019013421502700D-01  1.26196391558212900D-01  3.26511798950703100D-05
24 21 -5.39722526724686300D-02  1.51661566258359800D-01  2.41150279107291600D-06  1.49848704016391300D-03  1.04395848944512900D-02
24 22 -1.19380719346127600D-02  6.68035242861262600D-04 -7.58637156172019400D-06  3.92017632759064200D-06  2.93384617309571900D-02
24 23  3.29042837512617300D-02 -6.22427454822162400D-02  8.58348768865680600D-02  2.88447098363885300D-05 -3.57443915189130500D-05
24 24 -6.81656857899929800D-02 -1.25313282712055700D-01  9.70587029714179000D-01  4.38763408385939900D-01 -9.38945287274814800D-02
24 25 -1.39670590207811200D-01  6.45420774617375100D-07 -2.93916399834004700D-01  2.56388245476929500D-01 -3.80017091229928100D-05
24 26 -1.58348062108033600D-01 -2.91087975110882200D-02 -3.19013549216837200D-06 -7.70948204013287500D-03 -4.23786288796137000D-03
24 27  1.19473449280941300D-02 -4.80485027335895600D-03 -6.69323283087451900D-06  4.48378292571519700D-06  3.24059012950719800D-02
24 28 -9.46509971699183000D-02  6.22450958748462000D-02 -4.46874274390230100D-02  4.18188019272782000D-05 -6.14508231648379400D-06
24 29 -1.76909827907544700D-02 -6.53148977793460400D-01  1.70818346130069300D-01 -1.48899853849235600D-01 -7.12501399616965100D-05
24 30  2.70264802623339000D-02  9.73435643733975500D-01  1.01732585423284200D-01  5.04208340463908100D-01  1.82752830329128100D-04
24 31 -2.70717209164323700D-02 -9.73517272088861600D-01 -3.85834047895059000D-01 -3.40259687070712000D-01 -1.83403361629819700D-04
24 32  1.76610149172988400D-02  6.53265446292913200D-01  2.14451015125120100D-01 -7.35343617231968600D-02  7.08927723443181100D-05
25  1  1.01985736848890400D-01  1.24258942849804900D-01 -3.18410340148784900D+00  1.00430364254152000D-01 -1.13036551118622900D-01
25  2  9.57173387648945400D-06  1.01956879489946800D+00  6.96748959051724200D-03 -1.02502455776200600D-05  6.01143795910055300D-02
25  3 -4.81214524652581400D-01  4.21100145061576600D-01 -3.15492008713420300D-01 -1.14995380177494200D-04 -4.17340187098550800D-05
25  4  1.01950410185133800D-01  1.24194800988282800D-01 -3.18400916294256800D+00 -1.48082101034941000D-01  3.04673462708844000D-02
25  5 -1.63647806017622400D-05 -5.03929433459583300D-01  8.87367358752628600D-01  9.23987471526221700D-06 -1.09113071030243600D-01
25  6 -3.11906243728884500D-01  4.21019314759128200D-01 -4.28329474666882900D-01 -2.64951598307203200D-05  1.08142807754803700D-04
25  7 -3.37310751709449700D-01 -6.04883679417926600D-01  3.69998036817903300D+00 -4.13951358289897500D-01  1.92229209251582200D-01
25  8  3.19704908471123500D-05 -9.55574670831784800D-01  1.20793707753247100D+00 -3.26651416244825700D-05  3.33976323998942300D-01
25  9  2.36303039171945700D-01 -5.70279363170887700D-01  2.49150778428567700D-02  1.32724038018583300D-04  9.37138288768820400D-05
25 10  1.21343355550105600D-01  2.13617536713592300D-01 -1.51411695890850700D+00 -3.03283842001703700D-01 -2.15622446384213800D-01
25 11  2.58338468052802200D-05 -5.20217869970074600D-01 -9.10816535355705400D-01 -6.36314583196244000D-06 -1.21581074883745400D-01
25 12 -1.42135240469722100D-01  2.63716315353467300D-01 -1.57668867531803500D-01  7.85691946146572500D-05  1.73744152507909400D-04
25 13  1.21199140872833700D-01  2.13344380925431800D-01 -1.51254172053355900D+00 -3.49440664864374500D-02 -3.70444303439105500D-01
25 14 -3.37840730242722800D-05 -5.27596017837304900D-01 -9.05961422041807700D-01  1.20670413662282100D-06 -1.86252466120116600D-02
25 15 -2.44952936414935300D-01  2.63578183026947300D-01 -8.90785831471402500D-02 -1.08370957027157300D-04 -1.51415323526984000D-04
25 16 -3.37226131301600500D-01 -6.04726313593160500D-01  3.69879760175508600D+00  3.73467305837346000D-01 -2.62294820207553000D-01
25 17 -2.53139346634128600D-05  1.52327492980690300D+00 -2.23456782601981100D-01  3.64863296499563900D-05  2.42018097749857800D-01
25 18  3.28206917074893600D-01 -5.70225014824751700D-01 -3.63618960280301300D-02 -2.24146340829655500D-05 -1.57596288938238200D-04
25 19 -1.18301582151977400D-01 -2.18592218832293500D-01  1.25014799778170700D+00  1.36646707877618200D-01  5.69313991800387100D-02
25 20 -2.23665582805392500D-01  1.21958170601551800D-05 -1.16152136161460000D-01 -4.42758822587824600D-01  1.16162161408281400D-05
25 21  1.88090697439409600D-02 -6.97689397067116600D-02 -3.34650917138858000D-08 -1.51968381352042100D-02 -2.22636036492033600D-02
25 22  3.74604417844068200D-02  7.59194829087089400D-03 -7.10851924118565000D-06  6.25896024033203900D-07 -8.03630403876707900D-02
25 23  9.46053381500425200D-02 -1.42422977623720400D-02 -1.39056752654936700D-01  2.74922069620079400D-05 -1.00472241570917900D-05
25 24 -1.18280546829166400D-01 -2.18556725543013900D-01  1.24986223441667200D+00  1.36493963553961800D-01 -2.22124707768983400D-01
25 25 -6.25286426789192400D-02  1.65116305906784300D-06 -3.25189711911042600D-01 -3.22094015278709200D-01 -9.81599346052304100D-06
25 26 -6.97637029090117200D-02 -1.85993972249324700D-02 -3.62787088319162800D-07 -2.61865255464116900D-02 -1.12689277809467500D-02
25 27  3.74554533273579900D-02  2.63234572745847800D-04 -3.30689254348094300D-06  6.07578178089985000D-06  1.55126015966780700D-01
25 28 -1.40880038282399300D-01 -1.42459776843813600D-02  1.79962550143074900D-02  1.72247682775785800D-05 -1.92069455101330400D-05
25 29 -1.02987510518359400D-01  5.16155533240742600D-01 -3.97671217314443500D-01  1.35936706777975700D-01 -6.91952045639219900D-05
25 30 -7.57124888742144500D-03 -3.25907644007607100D-01  9.77991733689869300D-02 -1.82748456967514600D-01  1.43007294122883400D-04
25 31 -7.56172112137668900D-03 -3.25648453508275200D-01 -2.07083344778903600D-01 -6.59807509826417600D-03 -1.40260588656691600D-04
25 32 -1.02972231409943500D-01  5.16021879854470800D-01  3.16565905431060300D-01 -2.76366198293065500D-01  6.20896999920055400D-05
26  1 -9.67045790310745900D-05 -2.25404528802601000D-04 -3.11436392863264000D-03  1.73653311940233100D-05 -2.27385689825441600D-04
26  2 -4.79337939347983700D-02  1.99561293606015000D-03  2.03260843909078100D-03 -9.62435022955552000D-02 -6.79137850942526100D-05
26  3 -1.60982899104660600D-04  2.28896684198913400D-04 -2.53741763396305300D-04  4.90852567817219400D-01 -7.78038655703969700D-02
26  4  1.12401201069897200D-04  2.11506348651191500D-04  1.29987528259277600D-03  1.27556929616441400D-04 -3.04302922547119400D-05
26  5  4.79209570641821700D-02 -9.78931684581284600D-04 -2.35728549925347000D-03  9.62670083631287900D-02  2.53790365987171900D-04
26  6 -4.31133498410299200D-04  1.77343132423126500D-04 -1.92287250566824200D-04  3.12766991926632200D-01 -3.86229083917783300D-01
26  7  2.68077323570248000D-04  5.28609628611730100D-04 -4.06572151957760400D-03  9.03536116649346000D-05  1.73055455304253100D-04
26  8 -3.46674956190496200D-02  1.71053398089475300D-03 -1.38610166679352100D-03  8.13150145241647700D-02 -8.98593163125054700D-05
26  9 -1.90473562433759900D-05  1.08906672555880900D-04 -8.46938218009754400D-05 -5.90515813455249800D-01 -3.81942192876140500D-01
26 10 -2.52568948841809800D-04 -4.38090002069757700D-04  4.78289517181115700D-03 -4.54651408687261500D-05  8.07508868806135000D-05
26 11 -1.08302548645715800D-01 -6.02616308019252000D-04  2.32499949095381800D-03  1.26635265263384100D-03  1.59544115914114700D-04
26 12  9.39437026601004500D-05 -2.53487818574216300D-04 -2.93955118897018000D-05 -4.86294657833478100D-01 -5.42036606278463400D-01
26 13  1.61176968693276700D-04  2.45418518662831600D-04 -4.25855448272297400D-03 -1.87327079590714400D-04 -9.59041087848528000D-05
26 14  1.08391614291613400D-01 -2.35481255643934600D-03 -4.50436609481566400D-04 -1.16177621270635900D-03 -2.33680268475703700D-04
26 15 -4.46638640132329400D-05  2.78344132488939000D-04  1.50904110449300600D-05  2.26185636730910300D-01  6.92389283609943000D-01
26 16 -2.33697009359619500D-04 -3.92962565879754200D-04  4.52597191492804100D-03  2.69689421434714300D-04 -6.43698787635066800D-05
26 17  3.46599189341046500D-02  2.60789313567137500D-03 -2.45326583682993000D-04 -8.14501741092587800D-02  1.01322545779249100D-04
26 18  2.05991789168096700D-04 -3.07314334947347000D-04 -2.49036500760818700D-05  3.52592886034147500D-02  7.02643522180169000D-01
26 19 -7.71402585108205700D-06  1.39141700162012400D-05 -3.68195031336843800D-05 -1.74947712555057000D-04  1.55136382263762300D-04
26 20 -3.84804768637011700D-05 -1.60774344822545200D-02 -3.12112152559891600D-04 -4.67095897315125800D-04  9.33728610224531500D-02
26 21 -4.69707477769699500D-05  5.33044669863919300D-06  1.05771759597495900D-02  2.42477095732930400D-05 -2.29986194562665900D-05
26 22 -1.24909011702439800D-06  3.20624165099343800D-05  3.20809019513683700D-02  1.96046438674729800D-02 -1.96497456722861000D-04
26 23  4.26792599133036900D-04 -2.30295142410173700D-04 -7.55363598686545600D-05 -1.18395893196808100D-01 -1.02700565183482500D-01
26 24 -8.88153843503207000D-05 -1.92406157911369900D-04  8.20344750351632500D-04  3.05863590161970400D-04 -8.50468729077953600D-05
26 25  7.61751201888424400D-06  1.60676731586758300D-02 -1.02957040221890600D-04  3.78138989212757500D-04 -9.33169396188386600D-02
26 26 -1.37802688932375900D-04  3.79011198363594300D-05 -1.05832361495883400D-02 -4.80485648891304000D-05  3.87175009885459000D-05
26 27  9.33106390058453300D-06  3.94518768401198200D-05 -9.44926497314681300D-04 -3.76339433215733400D-02  1.29155530904221500D-04
26 28 -2.15873654050655200D-04  8.67181231464340300D-05 -2.94568793816265100D-04  2.97109876298540800D-02  1.53920561086926900D-01
26 29 -1.11865998637504000D-04 -4.86957220037208300D-04  2.03348789967850600D-05 -1.66821345558493800D-05  2.62480987366238500D-01
26 30 -4.37608842089292500D-05  4.80396286418640000D-04  1.07206431456148000D-04 -1.88478609949983200D-05 -4.16337930081070600D-01
26 31  7.89983983790071300D-05 -5.42863407361709600D-04 -2.59480939112931900D-05 -3.27940624179083700D-05  4.16292843441798000D-01
26 32  4.01661917054367000D-05  7.18327512675248700D-04  1.18907115884484100D-04 -2.47030997684262700D-04 -2.62635211369135900D-01
27  1  3.29738439883963600D-01  5.02711074914193600D-01 -7.82671858726132600D+00  1.24221442744935700D-02 -2.53401296811334900D-01
27  2  2.42672343095772300D-06 -1.21179197165384800D+00  6.23353285990368500D-01 -1.31767131523990800D-05 -1.63418068434743000D-01
27  3 -7.33805760826899100D-01  8.97223829261643500D-01 -1.68956130071137200D-01 -1.12684906952608900D-04 -3.27969709627761500D-05
27  4 -3.29741205896517700D-01 -5.02716869041533100D-01  7.82699715720181200D+00  2.25689874859929200D-01  1.15956652450687300D-01
27  5 -2.89799759710168700D-07 -1.14570387670725600D+00  7.37581844403275500D-01  1.51654671600617700D-05  4.64442527645425900D-01
27  6  4.32803566752475600D-01 -8.97246094397902300D-01  3.69678538359605700D-01 -2.81447528334625200D-05  1.12698648026271900D-04
27  7  2.62120710269171700D-01  4.52148050191074500D-01 -3.32803639351933100D+00  2.94113514697254500D-01 -3.74655114190150800D-01
27  8 -1.28447742401302500D-05  1.64913253224338100D+00 -1.38167241155490600D+00 -1.12329667250177300D-05 -1.04003965683772700D-01
27  9 -2.58768176820577800D-01  3.62772142504351200D-01 -1.73735398099033700D-01  5.04262757362941800D-05  1.22756322807236300D-04
27 10  7.79454417189849800D-03  3.09952545272653500D-02  2.11978287150474700D+00  2.01634621820659800D-01  2.02215120770201000D-01
27 11  1.81983808819331500D-07  3.42591578632035300D-01  1.31834574386456800D+00  9.55709105196987700D-06  1.78900639505581600D-02
27 12 -3.97870045840734600D-02  2.18969406335145700D-02  5.33136957182197800D-02  1.47574769538318600D-04 -3.56143444861078500D-05
27 13 -7.80961333393271800D-03 -3.10172161042559400D-02 -2.11974918366159800D+00 -7.42916188845335800D-02 -2.75707850778095500D-01
27 14 -2.54955305216083000D-06 -9.70290745708570200D-01 -9.55904933085493100D-01 -1.15574283023217100D-05  6.53608106254915900D-02
27 15 -4.34377322507676600D-02 -2.19230783747247900D-02  2.19204197629426900D-03  1.04498701204727000D-04 -1.09708696293424200D-04
27 16 -2.62097213103559100D-01 -4.52101885377817200D-01  3.32781455949491900D+00  4.71534400197324300D-01 -6.73270563175089200D-02
27 17  1.50425466516376400D-05  2.02114923040668200D+00 -7.37170683563424000D-01  1.30932389716748500D-05  8.97377071418298100D-02
27 18  2.72987096517477800D-01 -3.62724803659308200D-01  1.64235148086105000D-01 -8.07598106975907800D-05 -1.04567639351179000D-04
27 19 -2.28065762926184400D-01 -4.25529843985689800D-01  2.24466596025591900D+00  9.37570470534533100D-01 -2.12660584675297000D-02
27 20 -2.58911701265717300D-01  2.64914328813761700D-07  2.42839925523723200D-01 -1.12491990148901600D+00  1.81768900212420900D-05
27 21  2.67882455548148700D-01 -3.35870483248030900D-01  3.44636983860414300D-06 -1.96238948209159800D-02 -6.09725178519781000D-02
27 22  8.05964126728962200D-02  1.62566317997278500D-03 -6.44610806009078600D-06  3.10181899149284600D-06 -1.40608321985996200D-01
27 23  2.56284677994410800D-01 -1.15676356008412700D-01 -1.53548403282855900D-01  2.75365103157034900D-05 -2.18555018902412700D-05
27 24  2.28083006468404500D-01  4.25572188546265600D-01 -2.24483059115918900D+00 -9.37599159154181100D-01  2.13584890489902100D-01
27 25  1.47901694129752500D-01  9.67472188291360900D-07  1.09561794641846800D+00  3.52309146465333600D-01 -1.86947419802211100D-05
27 26  4.24825863199677800D-01 -6.40073634647690000D-02 -4.18670792358386100D-06  5.18500002824991000D-02  2.87506071324066000D-02
27 27 -8.06006074149051400D-02  1.98665663225940600D-02 -5.63946375234518300D-06  4.07189227625294000D-06 -2.72194279795586800D-01
27 28  1.56519782721125800D-01  1.15674497074461300D-01 -1.21729671414878800D-01  3.25580706916202600D-05 -1.26131878738149900D-05
27 29 -2.40501091816173400D-01 -6.37499907926676800D-01  3.91579868711393800D-01 -6.20665124392036600D-02  2.15251584779128800D-05
27 30  1.41077138875955300D-01  3.10173969211559400D-01 -6.16714850583440800D-02  9.61340320145373500D-02 -2.53204000652562700D-05
27 31 -1.41073284364993300D-01 -3.10149297868712800D-01 -1.14085319388209000D-01  5.31556804877963600D-03  2.52549525325725400D-05
27 32  2.40528419878117800D-01  6.37496600306074400D-01  2.49594130366223100D-01 -3.08043631344856600D-01 -2.16414557056908400D-05
28  1 -9.09842996115716600D-05 -1.58871062518187100D-04  8.25265296410804900D-04 -4.26603840254107400D-06 -1.02401638144737400D-05
28  2 -7.57149257285315400D-03  6.18774008262645700D-04  2.89318950968619500D-04 -2.53430261075399000D-01  2.65288460947602000D-05
28  3  9.10299250323490000D-05 -1.17558771127109400D-04  1.24370264613244500D-05 -4.12781132463489300D-01 -4.03068886316743300D-01
28  4  7.47157205642862600D-05  1.28382015096477200D-04 -9.58075654911846500D-04 -7.67786616192612000D-06 -3.60506722224160500D-05
28  5  7.56797949273681400D-03  1.61304212018517700D-05 -7.36185041237392100D-04  2.53444625040429200D-01  1.02162248898541200D-05
28  6 -1.87087978924264000D-04  1.76871754034409700D-04 -1.09946485336449100D-04  1.42605234196955000D-01  5.58997432453564000D-01
28  7  3.37302333301526000D-05  7.37086855785556400D-05 -5.54518278140495700D-04 -1.98350067630611800D-05  1.09611460332350800D-04
28  8 -2.44582894740689200D-02  1.55831543544954700D-04 -1.22642651587800900D-04 -8.34675890206754400D-02 -1.31661869818649000D-05
28  9  2.61910637970448000D-05 -1.30248768151801500D-05 -1.12708571594234200D-05 -1.14070704109360000D-01  5.96182128511278300D-01
28 10 -5.30312694158185100D-05 -8.90770701956665800D-05  7.81941791881775000D-04 -2.68381358799972600D-05 -3.02496955884519600D-05
28 11 -4.73615458453599100D-02 -1.41038595342963000D-04  3.23582530646207000D-04  6.26787969551318200D-02  4.66753048600504100D-05
28 12  2.50611781221277000D-05 -7.17364829821781800D-05 -1.42320703763705200D-05  5.43981020984594900D-01 -5.37489996373602700D-01
28 13  2.59966193450811200D-05  3.37447858610605900D-05 -5.34507808692073400D-04 -1.67703009956818500D-05  5.56368157913727800D-05
28 14  4.73595098145105900D-02 -3.05744746060295800D-04  7.76288758949429700D-05 -6.26689458119831600D-02 -6.39973083550356600D-05
28 15  1.15200143439014800D-06  6.28453069206461400D-05  2.82076492836406100D-06  7.37477636808926500D-01 -2.02273333757206500D-01
28 16  7.72618842226199500D-06  1.52225942453742400D-05  2.59910420150170900D-04 -4.10759341177383800D-05 -2.31863131065068100D-06
28 17  2.44788604642583700D-02  1.34406954998988700D-04  5.99694524677321000D-05  8.34466102302707200D-02 -4.82189776739218000D-06
28 18 -1.71415397625978200D-05  2.19634375299898500D-05 -3.60516476353128100D-05 -5.73356404666093400D-01 -1.99345605842249000D-01
28 19  3.60365620428469400D-05  7.05086739232327700D-05 -3.94785848777963600D-04 -1.98066753011494700D-04  4.35471870500505500D-05
28 20  3.74606800781185100D-05  5.63799108184326300D-04 -1.23190757420262300D-04  9.22424505845121000D-05  2.55371090426658200D-01
28 21 -6.43500653275950600D-05  5.65573266590882700D-05  3.91090303932961500D-02  1.15979658281537300D-05  5.35421968601474700D-06
28 22 -1.69521855141683600D-05  7.40947932953490500D-06 -1.92484245727677200D-02  4.64163834704507900D-02 -2.27354015491684200D-05
28 23  5.42254627620959500D-05 -3.14900612129274000D-05  3.12112231643138100D-05  1.01475484880270900D-01 -2.78847710802122700D-01
28 24 -6.14044121943447700D-05 -1.23747980097784200D-04  5.47520398273956700D-04  2.35064864395232200D-04 -5.08811479745577200D-05
28 25 -1.83466225382426100D-05 -5.51916873805088700D-04 -2.33002426996382600D-04  5.57444938276053300D-05 -2.55364574596843100D-01
28 26 -1.09669672459303900D-04  2.96493336235658100D-05 -3.91141930795529300D-02 -2.57461558804468800D-05  1.04304468164469900D-05
28 27  1.53157090639997800D-05  7.94199013745954000D-06 -4.98267578854645800D-02 -6.55989308525781500D-03  9.79899414707598700D-05
28 28 -9.18444325928786200D-05 -6.14550887788134100D-06 -5.57702820911260600D-05  2.92222091505891500D-01  5.15881364923734000D-02
28 29  1.45231448635613900D-05 -1.20584363397402800D-05 -5.53770532054022200D-05  7.84342787097646900D-06  3.16046187878821700D-01
28 30 -4.17053534050766000D-05  4.92380935071484300D-05  2.13077874777463200D-05 -4.38871362266299400D-05 -3.65596850833457700D-01
28 31  6.30511363506399300D-05 -4.11592019506369800D-05  4.61981466567873400D-05  7.08098495523638000D-06  3.65568929782875000D-01
28 32 -2.62692320431580200D-05  2.74024676596907900D-05 -1.72809424921215700D-05  1.36403543876019400D-05 -3.16064672902339400D-01
29  1  1.96351725160924100D-01  3.84516120387506300D-01 -2.48901547339855400D+00  3.14470054624036000D-01 -7.36486337302436200D-02
29  2  4.43733903611626100D-06  1.56336537737481700D+00  6.74744083912488600D-01 -4.11259085423516900D-05 -3.58146144227159300D-01
29  3  1.95014621558445800D-01  1.63131522668715400D-01  3.09603187630553200D-01  2.12851450115797800D-05 -5.25249111227605900D-05
29  4  1.96339576593930900D-01  3.84500880979231800D-01 -2.48865723557915500D+00 -2.21016103694691300D-01  2.35501493383794300D-01
29  5 -6.89017257114987700D-07 -1.97572399689469800D-01  1.69129048198260400D+00  4.25924332544360900D-05 -1.75568486530664200D-01
29  6  1.24761787285297800D-02  1.63092307802134400D-01  4.31402788224428100D-01  5.68117238223219000D-05  1.36327938580880600D-05
29  7 -2.23859354304381500D-01 -3.16576833946177900D-01  4.39854243235213900D+00  2.11751461358939500D-01 -2.49092483518129700D-01
29  8  2.32610098753695600D-05 -9.19809680877904800D-01  9.68018751468314600D-01 -1.97608284935792300D-05  4.42634426269507100D-01
29  9  1.31551810538342700D-01 -5.74186236807850600D-01  5.20253274520326400D-01 -6.24999657381264800D-05  7.62587845539926000D-06
29 10 -2.21093116526803400D-02 -9.37796799563204200D-02 -1.75162777700123900D+00 -5.76080002368530900D-01  6.60796171077538800D-02
29 11 -1.33132285087424700D-06 -5.30101654620796600D-01 -6.81303512596791300D-01  3.28518399348897000D-06 -2.65256391637387100D-01
29 12 -4.37087772466232300D-03  2.69627269362049200D-01  1.41901315535761800D-01 -4.31064081455026500D-05 -4.65260683371886600D-05
29 13 -2.21277315516225500D-02 -9.38085452195184700D-02 -1.75167881347440500D+00  3.45300517064343700D-01 -4.65869725392922400D-01
29 14  8.47716641729154000D-06 -3.24889632435746000D-01 -7.99790837026386800D-01  1.81771977736593600D-06 -1.76049949097473200D-01
29 15 -9.35718318958202600D-02  2.69621780993293500D-01  2.01378559362965800D-01  1.89576419076034300D-05  5.93520100951168400D-05
29 16 -2.23864604461490400D-01 -3.16572404696580500D-01  4.39874534051853300D+00 -3.21581341372897500D-01  5.87830437660705800D-02
29 17 -2.46888334784174900D-05  1.29834853212710100D+00 -3.12431702982390300D-01  1.68338464950049600D-05 -1.80865320068506300D-01
29 18  7.55091142186120800D-01 -5.74225822117615900D-01  1.04467889511708800D-01 -3.73428016945113100D-05  4.95609774735498200D-05
29 19 -4.28443390114048400D-02 -9.48258201544407600D-02  9.53993168551387800D-02  1.36392848231518500D-02  3.94761444332394100D-02
29 20  7.37940295480794100D-02 -2.86079220173799200D-06 -6.07361074613027900D-01 -9.52047508827587300D-02  3.33302383089611400D-05
29 21 -1.27649342299187600D-01  5.78842076549999100D-03  3.79430547651773800D-06 -2.31175861467725900D-02  1.68243085026558100D-03
29 22  2.14351552965062700D-02 -1.13917427384635700D-01  2.55187141136416000D-06  7.41168539372361800D-06  1.23326793717524900D-02
29 23 -1.45766299451644100D-03 -1.08750163772367200D-02  4.05760585350823900D-01 -5.36814014829925200D-06 -3.24199227193318500D-05
29 24 -4.28357034344205000D-02 -9.48042351391405200D-02  9.53067513906183100D-02  1.35898088490693300D-02  4.41634696143003400D-02
29 25  7.10883201820491400D-02 -9.85897995455751400D-06  2.21350905177608000D-01 -5.73569232679413600D-01 -3.53266257160313500D-05
29 26  6.88715325589160500D-02 -1.07653677714164100D-01 -3.53584291918471700D-06  8.09358924382709400D-02 -1.02366616920741100D-01
29 27  2.14307244824694800D-02 -4.45374355782278600D-02 -5.42232076434463000D-06 -5.63588584863934200D-06 -3.02397788893343600D-01
29 28  3.13263069579781200D-01 -1.08652806864377400D-02  1.95913860904508400D-01  2.69174016058597700D-05  1.99110297648676300D-05
29 29 -3.11580128912196800D-01 -4.24666309626463700D-02  2.74800811605985000D-01 -4.29255232091782700D-01  3.04544849606996800D-05
29 30  1.18236750091013100D-01 -6.31632205558175800D-02  3.03190697687313500D-01  1.88354486798394000D-01 -2.42383646497337400D-05
29 31  1.18228960606009200D-01 -6.31658799463842000D-02  1.14719611643830700D-02  3.56731822832914700D-01  2.40935568072165900D-05
29 32 -3.11588898527812400D-01 -4.24501909085740700D-02 -5.09151553840006500D-01  2.32954546740384300D-02 -2.99640847053830100D-05
30  1  3.10756613170570000D-01  5.96232330676939900D-01 -2.10089549882806500D+00 -7.16086763132182700D-02  2.26726248615560300D-02
30  2  1.03684535880895400D-05 -3.37400287450019800D+00  8.28893719854116600D-01 -1.16444996790378500D-04 -4.95835003821851700D-01
30  3  3.56876965023098900D-01  1.38958038798754200D-01 -8.93327754071014400D-01  4.81407922037358400D-05 -1.44747866490831400D-04
30  4 -3.10770532830753200D-01 -5.96249694844129700D-01  2.10096051061335300D+00 -5.54755958288789400D-02  5.06147990774772100D-02
30  5 -1.14894570153316700D-05 -2.40521454758052000D+00  2.50704611268047600D+00  1.16628210840085200D-04 -8.13730218216143000D-01
30  6  9.52676978095764600D-01 -1.38946759879620300D-01  2.00530415952331300D-02  1.49505096416518800D-04  2.90172353715559800D-05
30  7 -2.67306163156984600D-01 -5.94901067228331400D-01  2.30252368740990800D+00 -4.31943608616054700D-01 -2.75023975254544000D-01
30  8  8.16062412743300100D-05 -4.34455686606509900D-01  5.41124490164660500D-01 -6.39712623189010600D-05 -1.42350552412465100D-01
30  9  4.19738591844389200D-02  1.00376693228026200D-01  2.19336404032046400D-01 -1.60843379840804900D-04  2.18763453637988500D-05
30 10  8.48253203436890900D-02  8.09110632284142800D-02 -2.56361964313937400D+00  6.28444625618150700D-02  2.44271793045079200D-01
30 11 -9.03324767706768400D-06 -8.98354061062780900D-02 -1.09259523690556400D+00 -8.05537863635819200D-07 -2.51659465715969800D-01
30 12 -9.25886318246775800D-02  3.44248097540646200D-01 -1.85641577346192200D-02 -1.27722788810576500D-04 -1.03867384948784100D-04
30 13 -8.47364455567111600D-02 -8.06962504461858200D-02  2.56390444999112500D+00 -1.80359962753279900D-01 -1.76712425168241100D-01
30 14  7.43892173557028100D-06  9.01106534024969300D-01  6.24071811770164200D-01 -4.37911349399248300D-07  1.18588610752951500D-01
30 15  2.25755980090733500D-01 -3.44344590843687300D-01 -7.00988281135667700D-02  2.59782107608894700D-05  1.62459319958859800D-04
30 16  2.67377892890142600D-01  5.95059838195572500D-01 -2.30270245831719400D+00  2.20208979092578000D-02  5.11621080344574900D-01
30 17 -8.06671094149459100D-05 -6.86145469002317000D-01  1.05591962718723100D-01  6.54080182274349000D-05  1.68698301532269900D-01
30 18 -6.83113575629195100D-02 -1.00386943969350800D-01 -2.01941175782344000D-01 -9.91212834634429300D-05  1.27907259273853700D-04
30 19  2.95931259651972600D-02  4.38389032804555900D-02 -4.04330310685590300D-01 -1.63267891719662300D-01 -1.23708647642026900D-01
30 20  1.09076371999958600D-01  6.67194815341661700D-06  1.15815648056952400D+00  1.86428878685057400D-01  8.36590713343474000D-05
30 21  2.17211338626909500D-01  9.33728709555493400D-02  8.48210203620153900D-06 -2.25375261862975500D-02  2.43565941595299700D-02
30 22 -1.81906797323346500D-03  1.27549288986128700D-01  5.92113063115807100D-06  2.13185224760862900D-05  8.99292728335750200D-02
30 23 -1.33983192901638200D-01  4.40539200680621400D-02 -8.03247146101558200D-01 -1.06990745297645900D-05 -8.13988043224816500D-05
30 24 -2.96202374945736300D-02 -4.38926777490058000D-02  4.04533477528133600D-01  1.63376639145723500D-01 -1.56335621251638800D-01
30 25  5.25632169590624600D-02 -7.21246046599853800D-06  4.17625704932796500D-01 -1.09617768829929600D+00 -8.60471243441450300D-05
30 26  2.77307531062121000D-02 -2.34820724383753400D-01 -8.81951572799832800D-06  8.30324623654817900D-02 -8.48520286141945200D-02
30 27  1.81956624871320500D-03 -8.72071439387911800D-02 -1.51024762851392800D-05 -1.59567289527874200D-05 -5.24477383906501400D-01
30 28  5.68556870990536400D-01 -4.40794870840353800D-02  5.13461988146919900D-01  6.46630460655858400D-05  5.05291583715633200D-05
30 29  3.81905557861426900D-01  1.89898277580300800D-01 -3.15892102360971700D-01  4.21391651192758200D-01  6.88996603045443600D-05
30 30  2.64838877238874700D-01 -5.89421275954373600D-02  1.17480256096720600D-02  3.91497984163167300D-01 -4.55720745937098300D-05
30 31 -2.65224874660418700D-01  5.87389298055827500D-02 -3.33496771464641000D-01 -2.06180446513307100D-01  4.54761896544594700D-05
30 32 -3.82098043817632600D-01 -1.90039012061136100D-01 -5.23053071432114200D-01  6.29399059171108500D-02 -6.86119892420393400D-05
31  1 -2.81404618601516700D-03 -3.29179663927325500D-02 -8.67507115033939900D-02  8.53418041368027300D-02  1.27139839437719700D-01
31  2  1.71319076074975400D-06  2.71361925168698400D-01  4.57299322177533900D-01  6.72152882488499000D-06 -4.31697820532124000D-02
31  3  6.08466135201483400D-02 -1.76768314669350700D-02 -4.88285582544939200D-02 -3.31475058704909400D-06  3.91359102457233300D-06
31  4 -2.96615440972477800D-03 -3.32205628531764200D-02 -8.58876069917517600D-02  6.73925216432088200D-02  1.37425367274796600D-01
31  5 -3.07069009224289500D-06  2.58978140232770600D-01  4.64872298652552100D-01 -5.10648698688501100D-06  7.09024942849734200D-02
31  6 -5.32123706847933900D-02 -1.76901236001797200D-02  2.76975960372804900D-02 -5.53315053177187400D-06 -2.87314203696466800D-06
31  7 -1.96312150221728700D-01 -4.29943245222691800D-01  2.31031589923994500D-01 -2.14301223592990600D-01  2.60692165875165600D-01
31  8  8.67816198094676500D-07 -3.13446457007596000D-01  4.75340057660760900D-01  5.36735864153464500D-06 -2.80820533382954800D-01
31  9  2.24998873218418800D-01  5.58216601645352300D-02  1.91679427909944100D-01  5.31380326010156400D-06 -1.31424261508737900D-07
31 10 -1.91492364058583400D-01 -4.67895691514311600D-01 -6.45441798987332100D-01  6.03518515970936700D-02  7.59596484307628200D-01
31 11 -3.26090186153672000D-07  6.35680898220240500D-02  4.35432080017176800D-01 -3.15686215360191100D-07  3.37654192069376300D-01
31 12 -5.64088010608472200D-01  2.26433818539095200D-01  6.10463551638281000D-02  4.91557656728754500D-06  2.95809340637192800D-06
31 13 -1.91477789576865800D-01 -4.67847692751732500D-01 -6.44886860335847200D-01  6.27645452147359300D-01  4.32107972132249700D-01
31 14 -3.26061402518899200D-06  3.45540613770703600D-01  2.73168891554873700D-01 -3.01283102107608100D-06 -3.84334071960303000D-01
31 15  1.57945649742516500D-01  2.26388422217787000D-01 -4.20545322477839300D-01 -6.12666539950997700D-07 -5.14578764607970800D-06
31 16 -1.96175166034917400D-01 -4.29650125761132200D-01  2.29918950194727000D-01  3.33073372275491500D-01 -5.50520444440101300D-02
31 17  5.27871876266727900D-06  5.68242729160422200D-01 -3.37788705003360400D-02 -8.67460479726546500D-07 -4.51897680631713800D-02
31 18 -1.06165199370138500D-02  5.58062880001855600D-02  3.48763553626636100D-01  3.58537559007832300D-06 -3.39990910163934000D-06
31 19  6.21121931515249600D-02  1.24746473352929100D-01 -4.01478032983403800D-01 -2.39893533563757500D-01  2.36361466427001600D-02
31 20  4.09244230721413000D-03  3.89837873627611500D-06 -9.34746502166805400D-02  1.91450687524815500D-01 -2.71416094635042700D-06
31 21  1.57203355263621300D-02  9.87392677536452500D-02 -5.63932782489017700D-07 -2.03348858282295000D-02  2.14574201910673300D-02
31 22 -1.12253436283801600D-03 -6.27324799667523600D-03 -3.57180093690556600D-07 -9.11553050533976900D-07  1.34335638110470400D-02
31 23 -6.09442300383544900D-02  4.75106662273069800D-02  3.08568173893537700D-02  7.63780424214016200D-07  2.55223309372184400D-06
31 24  6.20676682623999500D-02  1.24659726105889700D-01 -4.01075144749821400D-01 -2.39728098861649600D-01 -8.33448995248846000D-03
31 25  2.25323056551839500D-02  1.41960030818523100D-06  2.12694756944648300D-01  1.41388082016273600D-02 -2.16997749998594500D-07
31 26  7.76407175674259400D-02  6.28434201218302700D-02 -4.25796764073661100D-07  1.57622870812524700D-02 -1.46518677713906800D-02
31 27 -1.11041930986186600D-03  1.77053420498274900D-02  6.52904768542142000D-07  4.56471639729525900D-07 -6.57874656699969900D-02
31 28  1.83189847949223700D-02  4.74684808750746400D-02 -2.14423520030919100D-02 -1.92337206985382600D-06 -1.10303414391400700D-06
31 29  4.87598825642998500D-01  3.35244190904839600D-01 -4.36596443943866300D-01  2.60345567374202400D-01 -1.98751624161613800D-06
31 30  9.60427294792783100D-01  4.82986518034524200D-01  6.37095311447000900D-02  1.01214252227415500D+00  8.79598189872018600D-07
31 31  9.60468615644833900D-01  4.83066668090834000D-01  8.44638253486334100D-01  5.61259262910385000D-01 -1.41602484249917700D-06
31 32  4.87572754762568600D-01  3.35289329286521400D-01  4.43702478098697800D-01 -2.47890888572831900D-01  2.02871453090098600D-06
32  1  5.17192082132310400D-02  1.39856324311936600D-01  7.70807040006659600D-01  2.45036223317814400D-01  5.71893471326209600D-02
32  2  2.60792207737903700D-06 -1.95585551131191400D+00 -2.97218884029155900D-01 -2.46123364051153800D-05  1.02624894522760700D-01
32  3  9.09637805702197300D-02 -1.93588675092980400D-01 -1.00020031115582600D+00  7.66742436026859600D-06 -3.01059830675651700D-05
32  4 -5.17167806209876700D-02 -1.39837958323343600D-01 -7.70700624786786200D-01  7.29995981089771200D-02 -2.40832885369520200D-01
32  5 -6.06425920664418400D-06 -7.20807352360208200D-01  1.84221184326642500D+00  2.42198692787106400D-05 -8.44145708163151600D-01
32  6  6.50568963741008400D-01  1.93576744422143900D-01  5.05761065733271500D-01  2.93110986191363000D-05  5.71989932321806600D-06
32  7 -2.16302593123340200D-01 -3.94188041182931300D-01  2.73805222901258700D+00  4.83248435185449600D-01 -3.48875128976446700D-01
32  8  2.04005223474353000D-05 -8.53138985656038300D-02  3.94232416771799000D-01 -1.44980678077942500D-05  4.92788709626779300D-01
32  9 -2.79929617464581200D-01 -2.12859092162197100D-01  5.60529520606707100D-02 -3.16569250851117300D-05  5.69689989501091700D-06
32 10 -9.80448905001163300D-02 -1.56171230890821700D-01  2.25884860197393600D-01 -5.10746105005137800D-02 -4.57206528599343600D-01
32 11 -1.12316057693575200D-06 -5.78522772206849100D-01 -5.67619629662382800D-01 -4.48928982677936200D-07  2.03457643625849700D-02
32 12  2.30182044107395200D-01 -2.50527808469980200D-01  3.49792257743499300D-01 -2.62059497863742200D-05 -1.94708635413037500D-05
32 13  9.80927423554197000D-02  1.56283410151769700D-01 -2.25601864688447300D-01  3.70207252695736700D-01  2.72751453112798600D-01
32 14  2.03174533983482500D-07  2.02144306386800700D-01  7.84819225501742500D-01 -5.89133447090151600D-07  8.47767160198960000D-02
32 15 -3.35240511218051000D-01  2.50463795198155100D-01 -2.79668475936516600D-01  3.74442481753884400D-06  3.29659666797695200D-05
32 16  2.16368166513740600D-01  3.94324562479591700D-01 -2.73829520933909700D+00  5.43705623697757900D-01 -2.43995640493386300D-01
32 17 -1.72368041063965800D-05 -3.84241556183445300D-01 -1.23233460594266800D-01  1.72732098014627200D-05  1.28696990164219200D-01
32 18 -3.41567744756889700D-01  2.12870754592670200D-01  3.58293193248778600D-01 -2.07451236797095900D-05  2.48966738535324000D-05
32 19  7.45235109353827000D-02  1.44999051971311500D-01 -3.75669285383627100D-01 -1.14929175943062200D-01 -2.91211975841064200D-02
32 20 -6.55491490469898800D-03  7.16137483828692300D-07  7.88031067548043400D-01  3.21957486971939900D-01  1.51424385539114800D-05
32 21  1.79799705089478700D-01  7.32619467311271700D-02  1.44377367903974600D-06  2.45522837304641100D-02  1.69226285086617200D-02
32 22 -4.14749122391263000D-02  1.39659906882992900D-01  9.16789852021338000D-07  4.74433296193532700D-06  5.48360839743408000D-02
32 23 -1.61434002613335000D-01  1.06597918638993400D-01 -6.65449167053589100D-01 -1.46628216744775600D-06 -1.61429148816115900D-05
32 24 -7.45352126563820800D-02 -1.45025496869564000D-01  3.75751368971463700D-01  1.14988054978410400D-01 -8.88190969415107700D-03
32 25  2.84882224604746700D-02 -1.45676052041212000D-06  1.15244684928478400D-01 -8.43418928565306000D-01 -1.90958129909110300D-05
32 26  2.64556076967399900D-02 -1.92356156612259500D-01 -2.09839667516943900D-06  8.59251416300529400D-02 -1.27398647749963500D-01
32 27  4.14735061199106800D-02 -6.59946052636441700D-02 -3.10212743126311100D-06 -3.38276928247810100D-06 -3.91797236802999100D-01
32 28  4.98399797843788200D-01 -1.06602561040789500D-01  4.40755356979313700D-01  1.28839580406831500D-05  1.00565892887566300D-05
32 29 -5.14045437985437800D-01 -2.84174218191954200D-01  3.44062087019785100D-01 -3.95043780739495700D-01  1.28537844914375300D-05
32 30 -4.90655363691410200D-01 -3.24155154357316300D-01  2.27626482629044300D-01 -4.19116617693143000D-01 -7.50375920451101000D-06
32 31  4.90394500143370700D-01  3.24028289803674100D-01  4.76558289942018800D-01  1.23210601635767000D-02  7.46267466531642000D-06
32 32  5.13929400466628800D-01  2.84081715252949500D-01  5.14050508689515900D-01 -1.00346276827003300D-01 -1.28315663085904700D-05
33  1  2.32853269747780900D-01  5.10523953951118700D-01 -5.20767742762044600D-01 -1.61348902779408900D-01 -1.51503762591390600D-01
33  2 -2.96324211180434300D-06  5.77429030842626500D-01 -1.87807991358548100D-01 -1.36728400790815300D-05 -8.69107936937378000D-02
33  3  1.78400791331702800D-01 -9.14899976379667400D-02  4.08777195631131300D-01  1.86578066854146800D-06 -1.67459817454198500D-05
33  4  2.32825756773285500D-01  5.10471084139979100D-01 -5.20716451713030900D-01 -5.05316884347606400D-02 -2.15489542749216500D-01
33  5 -5.44486372215296700D-06 -4.51624194282615400D-01  4.05907667427578100D-01  1.37161243441187300D-05 -1.94589219580954600D-01
33  6  2.86089228600664900D-01 -9.15000090197100200D-02  3.36936239203950100D-01  1.48155980324407700D-05 -2.52178781386934600D-07
33  7  6.49467468931096600D-02  7.32913515400012400D-02 -1.31236885401057200D+00 -4.11920554519779000D-01 -1.94078525793802600D-02
33  8  1.46431151730637200D-05  7.11288852187325300D-01  7.31699918792983400D-01 -4.91929773481125600D-06  4.81835670566026800D-01
33  9 -7.51135124302617500D-01  2.69299453736591600D-01  5.78631756530934800D-01 -1.57623238408309200D-05  4.49221626123016500D-06
33 10 -3.79411577536823500D-01 -7.59160081600733100D-01  1.83510457050798400D+00 -8.25934116138545300D-02 -3.28862069921636800D-01
33 11 -3.81414060067786600D-06  7.05808780819671500D-01  5.70943576708576500D-02 -3.68528821062386300D-06  1.51467659218876200D-01
33 12  3.02317338289457700D-02 -1.81699393047820800D-01 -4.75781923558131900D-01 -1.33173341664875100D-05 -8.95955500084575100D-06
33 13 -3.79455885437584900D-01 -7.59241377983543100D-01  1.83531057565688800D+00 -2.43486698002725800D-01 -2.36014778858200100D-01
33 14 -2.81540590885812900D-06 -3.03444216610034200D-01  6.39711739865905500D-01 -2.36237754732312300D-06  4.17406182089112000D-01
33 15 -2.35674934994095600D-01 -1.81731247095016800D-01 -2.98435830547240000D-01  3.89105176872701100D-08  1.71327676405482000D-05
33 16  6.49359412967637100D-02  7.32710575516590000D-02 -1.31219653452691100D+00  1.89193782998607800D-01 -3.66383445204947100D-01
33 17 -5.57019954901729100D-06  2.78008864415706500D-01  9.81864985536240900D-01  1.31530697881601200D-05 -8.76822845344791900D-01
33 18  6.07542920553106100D-01  2.69279924791685100D-01 -3.27359159659289800D-01 -9.13113535585512300D-06  1.28040162285889000D-05
33 19 -8.33293650357535100D-03 -2.43810889039198200D-02  1.93321897195083700D-02 -9.38660494226341300D-03 -3.26639415631065100D-02
33 20  3.25062641841684300D-02  8.04771533535470000D-06 -2.38853315970256000D-01  1.24319407774167500D-01  7.32420407531386400D-06
33 21 -3.31372414234349000D-02  1.15150636105819900D-03 -6.46691697661793800D-08 -3.15417441855534200D-02  1.87017192151450600D-02
33 22  1.28400249704089900D-02 -1.04305250446342000D-01  7.22556675226826900D-07  2.32323494583106600D-06  3.56998901374140600D-02
33 23 -1.14199990046941200D-01  7.85000999095283300D-02  2.50247877685062600D-01 -6.02964343837005200D-07 -7.44389843488893100D-06
33 24 -8.36306819877062100D-03 -2.44421053591232000D-02  1.95554435319228100D-02 -9.28155608132541700D-03  4.44830313929810600D-02
33 25 -1.20431202774457400D-02  2.62006782237767600D-06  2.27029008058479400D-01 -1.44715326036505200D-01 -1.16006890214269500D-05
33 26  1.75369614174184100D-02 -2.81329535817067800D-02 -1.76910145005792400D-06  8.43684852697748100D-02 -9.72098072835844300D-02
33 27  1.28413220138098600D-02 -2.70172616132664400D-02 -1.49751815850765900D-06 -2.09120068250994300D-06 -2.64403355460998700D-01
33 28  1.85907899185002900D-01  7.84954562759960400D-02  5.01482363731165600D-02  5.95575408402815300D-06  5.61342091263551400D-06
33 29  4.17920182771346300D-01  9.37807828891996200D-02 -6.12025035829583900D-01 -2.76200095559447300D-01  6.53130273645759500D-06
33 30 -1.79624703749315500D-01 -1.02321356418917100D-01 -3.15587053818700200D-01 -3.51366810104181800D-02 -3.34416881444113700D-06
33 31 -1.79630354240863100D-01 -1.02313739675743700D-01  1.27367212742428500D-01 -2.90820728027450000D-01  2.46021672087436000D-06
33 32  4.17912769114955100D-01  9.38033577088498300D-02  6.68737085970294600D-02 -6.68127603843257100D-01 -5.39609915044239700D-06
34  1 -2.71929926465936300D-01 -5.26148715878791400D-01 -2.63925424040933700D+00  1.31215319231323600D-01 -3.52451021798731200D-01
34  2  5.89789564273145400D-06 -1.39018121390296900D+00 -1.66481224301259300D+00 -1.65949246313840900D-05  3.15727968585400800D-01
34  3 -4.92323383567922600D-01  1.76595414982522200D-01 -2.44038420208984500D-01  7.28969003686408200D-06 -1.93076132660245000D-05
34  4  2.71923628532314300D-01  5.26139749027251800D-01  2.63913993173871400D+00  3.70801807399826100D-01  6.25902261396454500D-02
34  5 -3.65207575200844500D-06  7.46323409487820800D-01  2.03633057386282700D+00  1.56925721348946400D-05  1.07167867916383500D-01
34  6  6.94256988875723700D-02 -1.76593566803955000D-01  5.26045519182092200D-01  2.07111391184417500D-05  6.67565829115447200D-06
34  7 -2.09142254509251100D-01 -4.92855755051885100D-01 -9.33471103586823700D-01 -1.45603265096021700D-01  2.85678294614673900D-01
34  8  1.12186628843726200D-05  6.20535235049758000D-01  5.17825730029631200D-01 -1.45982390847345300D-05  4.65095245212173700D-02
34  9 -2.75959421708096200D-01  2.29449897186880000D-01  5.66635089743088500D-01 -2.04381944786689300D-05  4.07249841536341100D-06
34 10 -3.51934903043913100D-01 -6.34580405624130100D-01  3.28911906645059000D+00 -2.90313303285713600D-01  1.34637313909882200D-01
34 11  1.52708933206099500D-06 -4.49250331518203000D-02  1.63672726470259600D+00  1.10620096873472000D-06  5.79884905630842500D-01
34 12 -2.65868895179798300D-01 -3.14016010451042000D-01  7.92155351261783200D-02 -1.88079412275329400D-05 -1.15175996678373300D-05
34 13  3.51910501972658700D-01  6.34521113261556700D-01 -3.28905364779092000D+00 -2.61754117430274700D-01  1.84086821824974700D-01
34 14  9.27727767852274700D-07 -1.43981361503448400D+00 -7.79520780111376000D-01  8.21050109716983600D-07  1.13793451892651000D-01
34 15 -4.27821367381326500D-01  3.14027915488675300D-01  3.83277587690933700D-01  6.47769070191331800D-07  2.15963854068344900D-05
34 16  2.09161321691394300D-01  4.92883038031410900D-01  9.33294822679637000D-01 -3.20172917121180000D-01 -1.68059202708450300D-02
34 17 -1.65661290290380600D-05 -1.38150390675413300D-01 -7.96221332543997300D-01  1.06230132030520800D-05  6.20302294427433900D-01
34 18 -3.90878205867448300D-01 -2.29424088559984900D-01 -1.21986571955025500D-01 -1.44388750915412100D-05  1.56568766591422000D-05
34 19 -3.76751203031850800D-01 -7.46666506004752900D-01  2.58087011384760700D+00  1.23439929366480600D+00  5.86393774487328800D-03
34 20 -1.78396421865397600D-02 -2.90645875397293900D-06  2.35002626511682500D-01 -1.38549114526411500D+00  1.23057276102407000D-05
34 21  1.03481332965520700D-01 -4.10320804038273400D-01  1.37972809227573400D-06  8.23743761008018200D-02 -1.32930714438048500D-01
34 22  5.05563383372481000D-02  4.21444629086056000D-02  1.01128852313208600D-06  3.69130878719538000D-06 -3.23436905566969600D-01
34 23  5.47756811352015400D-01 -2.24319905785044800D-01 -1.39379634168505700D-01 -1.70224406236272200D-06 -1.10026749293122600D-05
34 24  3.76707156892136200D-01  7.46579745869170800D-01 -2.58067545411579700D+00 -1.23433803114728500D+00  1.84099788838148900D-02
34 25  3.83656554803611400D-03 -2.87900033009967500D-06  1.31723152267026600D+00  4.89310849298274800D-01 -9.97941950539817500D-06
34 26  4.07057450127433200D-01  1.15573739687448200D-01 -7.72172909714290500D-07  1.10691424166306300D-01 -6.01426914939207000D-02
34 27 -5.05487326723859900D-02  8.65939923295147200D-02 -2.44096057954131700D-06 -2.61775738919659700D-06 -4.34402433385877100D-01
34 28  2.10100546925499300D-01  2.24301886460377500D-01 -3.65954308178495700D-01  8.49210814476066300D-06  6.31387915283553700D-06
34 29  5.57797459962475200D-01  2.32405132493127500D-01 -6.85143293795315700D-01 -2.44868569875169000D-02  7.42812686865101300D-06
34 30  2.53996653428300100D-01  3.81550465972017200D-01  1.76431340239212300D-01  1.78916628231148000D-01 -3.39818116353920200D-06
34 31 -2.53946405149846800D-01 -3.81517097433018500D-01 -6.66506537388352100D-02 -2.42254596400246800D-01  3.51690954254335500D-06
34 32 -5.57773157325068700D-01 -2.32423583475466900D-01 -3.21423602524853600D-01  6.05508349259281900D-01 -7.79373886843267200D-06
35  1  4.00206066507180000D-01  7.14539433578598500D-01  2.65986385227474100D+00  4.33445818030349400D-02  6.18332360250518200D-01
35  2  9.73526025997310800D-06 -3.27394499915576200D-02  1.91835493056439900D+00 -8.24563493797880400D-05 -3.17457152983215100D-02
35  3  1.79920375120013600D-01 -1.48174659821690200D-01  9.23778205395644500D-02  2.43474223401734700D-05 -9.01701441803477800D-05
35  4  4.00190713230073800D-01  7.14510046103932700D-01  2.66024008281908700D+00  5.13765480690804500D-01  3.46745357342429600D-01
35  5 -1.73814479012558600D-05  1.67733048027822500D+00  9.30680426410269700D-01  8.24374091953102300D-05  5.77048182901905200D-02
35  6  9.04877550538113600D-02 -1.48192573344002900D-01  1.52015645472648000D-01  9.01909449456839200D-05  1.68617238045460900D-05
35  7 -2.05617906752587100D-01 -4.43703090104204200D-01  7.74040231837629900D-01 -1.35622054830035200D-01 -4.56987784496914400D-02
35  8  7.39105812801879500D-05 -1.16552387085128500D+00  9.04251180876564800D-02 -5.68025115187404200D-05 -2.20917785299303300D-01
35  9  1.71351912033016400D-01  4.95658732662849700D-02  2.77420566095283300D-01 -9.34332448173507200D-05  2.23877693721223700D-05
35 10  3.60548830901280500D-02  1.02755741547021100D-01 -6.12723889561804100D-01 -1.41743283732668900D-01 -1.99392698380725400D-01
35 11 -3.67220855761635600D-06 -2.98945420315778200D-01 -1.36681581082145800D-01 -3.71613272825033600D-06 -1.94647335308782900D-01
35 12  3.10926597371872500D-01 -1.16279262063091000D-01  1.84353477626566500D-01 -8.34658242809459100D-05 -4.89906215511058200D-05
35 13  3.60813325936636200D-02  1.02795492487440000D-01 -6.13441235274478100D-01 -1.01799403706218100D-01 -2.22476430940275600D-01
35 14 -3.89616288882432800D-06  3.08081705185888400D-02 -3.27325868528371500D-01 -2.44937557849348100D-06  4.62809350209886900D-02
35 15  6.99497792468947700D-02 -1.16230714267883600D-01  3.45027389642027500D-01 -3.77902195622836300D-07  9.78591590447716600D-05
35 16 -2.05599520929009300D-01 -4.43647529934188900D-01  7.74733692423143900D-01  2.81931980576069900D-02 -1.40337564057720200D-01
35 17 -6.28783318825095600D-05  6.61455944763256300D-01 -9.64207761781286200D-01  6.62814294024888900D-05 -1.34818648577221100D-01
35 18  8.53058761258739300D-02  4.95127724513491400D-02  3.34799089267508600D-01 -6.32435720936044400D-05  7.05471263747116900D-05
35 19  6.77743137495225000D-01  1.37900790295044300D+00 -3.52256255530859700D+00 -1.05866789644902500D+00  1.18415045016472800D-02
35 20 -1.97047885246666700D-01  1.05884511787565900D-05 -1.24401769052422500D-01  1.96510132948849100D+00  4.62361572443035400D-05
35 21 -5.09996845600111500D-03  3.53943846699457700D-01  3.89452612518157500D-06 -5.30672902507384000D-02  1.70440916581755500D-01
35 22 -1.17373626331016900D-01 -4.45398778123326100D-02  4.32181610080913400D-06  1.61390797758662600D-05  3.80842828310251600D-01
35 23 -8.10240823655930900D-01  4.29397995345677800D-01  1.25654800722257900D-01 -5.79321084961944300D-06 -4.47145380655298500D-05
35 24  6.77721944781447500D-01  1.37895063079188800D+00 -3.52240724953865600D+00 -1.05858510949959200D+00 -1.76544961157780200D-01
35 25 -8.82679327372698900D-02 -8.27522739767649000D-07  1.76389082029351200D+00  8.74996482120619200D-01 -5.15096277319470400D-05
35 26  3.09030889739823400D-01  1.72590138842597800D-01 -5.97693577898546900D-06  1.47949535973656900D-01 -3.05772097049377600D-02
35 27 -1.17372326268718800D-01  8.95037680661712900D-02 -1.04670260021123600D-05 -1.24148813787063300D-05 -6.06607524666814300D-01
35 28  1.77206907706433600D-01  4.29400616960380600D-01 -5.32804119601412600D-01  3.49864394762518400D-05  2.90235415073223900D-05
35 29  4.38968211534609500D-01  4.82915340386994200D-01 -2.18596545130143500D-01  2.00216523600118700D-01  3.36401700404149200D-05
35 30 -2.89241647848948800D-01 -8.40442083343028700D-02  1.34572753763028600D-01 -2.93362818893980300D-01 -1.29789986940120800D-05
35 31 -2.89286245266983300D-01 -8.41083081399405200D-02 -3.21330476678826900D-01 -3.02229470323444100D-02  1.21584657181839500D-05
35 32  4.38901892483071000D-01  4.82946566655874000D-01  2.82633648122150000D-01 -8.91206852641258800D-02 -3.23636082457905600D-05
36  1 -4.11910882457697700D-01 -6.62087858192127600D-01  6.69113393120785000D+00 -6.23045488501330400D-03 -2.17140809846850600D-01
36  2  2.50930403025329500D-05 -1.70057800338479700D+00 -5.49266082172098400D+00 -9.06577163095250400D-05  6.76435517547583900D-01
36  3 -2.31303495266596000D-01 -4.45132022280988700D-01 -7.89832427716527400D-02  3.30208427786977500D-05 -9.38023443564615400D-05
36  4  4.11934568364015000D-01  6.62130047622503900D-01 -6.69090006973079500D+00  1.84935645007742700D-01  1.14016196581476400D-01
36  5 -1.28523318834588700D-05  3.90615227381490100D+00  4.21954102560509000D+00  9.30074176603166000D-05 -5.49502606706851500D-02
36  6 -3.90165955141287300D-01  4.45116215811975000D-01  4.93434992043153500D-01  9.77152541264583000D-05  2.74227677818315600D-05
36  7 -2.49069300073288500D-01 -2.82028369875582800D-01  1.07626881450524200D+01 -1.73416465595403700D-01 -2.36656768076135900D-01
36  8  7.27300855424668200D-05 -4.21001222099024000D+00  2.92545828164722100D+00 -7.57837599001325000D-05  4.35513619369797000D-01
36  9  2.98045802664195300D-01 -7.33559422033989500D-01  4.18979387378854100D-01 -1.00965720090051900D-04  2.18978681035600000D-05
36 10  2.80644843323679600D-01  3.25118285330795500D-01 -1.06149139920233100D+01 -2.17265954384225500D-01  9.19407803790067500D-03
36 11  6.87061624206282300D-06  1.23094787535165400D-01 -4.97367401809237400D+00  5.42616879505213400D-06 -8.14489002462977400D-01
36 12 -2.64328736009150800D-02  8.40921876063896500D-01 -2.77940491104848300D-01 -9.32219724282936700D-05 -5.14219791490980500D-05
36 13 -2.80633641362822200D-01 -3.25094995347032500D-01  1.06150842197572300D+01 -1.16618553726317100D-01  1.83575162084469500D-01
36 14  4.18067874536070300D-06  4.36863891398325100D+00  2.38062834310653800D+00  2.97083170773339200D-06  1.50317043907020400D-02
36 15  8.25909027963623300D-01 -8.40940732354330500D-01 -2.55116976375816700D-01 -6.78211154483625100D-07  1.04958678017052200D-04
36 16  2.49033613138544000D-01  2.81948533797844400D-01 -1.07629098137542300D+01  1.18246931857198900D-01  2.68537831538754200D-01
36 17 -8.25766202891954200D-05 -4.63875287320352100D+00  2.18266522309153900D+00  6.69013341264185200D-05 -1.82058597115830300D-02
36 18 -7.15393441840236800D-01  7.33599301551820000D-01 -1.40587499501145000D-01 -7.24316934025412100D-05  7.49488908438336000D-05
36 19 -2.32146647111437800D-01 -4.67556689813070500D-01  1.89672073887158900D+00  9.15561524508256600D-01 -7.13884036659819000D-03
36 20 -4.46851351087750800D-02 -6.38001711953297100D-06  2.33363098745548700D-01 -3.20849956459292500D-01  5.53118134604881100D-05
36 21  8.58280164168368100D-02 -2.35519722551372800D-01  6.01783823573592600D-06  8.91608483567365900D-02 -7.04970216269985000D-02
36 22 -1.86638267297423400D-02  3.28931382571344000D-02  5.95051498265945000D-06  1.78444410298442600D-05 -1.75428943794175300D-01
36 23  9.31034713053991600D-02  8.23254724887711200D-02 -8.74282608949533100D-02 -8.14387249200312600D-06 -4.96562097901954800D-05
36 24  2.32183210159262000D-01  4.67638331553684900D-01 -1.89695433365423700D+00 -9.15636773404402100D-01  3.51362476522001200D-02
36 25  2.85283153982700000D-02 -1.68756955128287500D-05  3.94667125567342400D-01 -4.15901864137998900D-02 -5.48398526255407200D-05
36 26  2.46897053774245000D-01  4.34658895219492700D-02 -4.60407448030013700D-06  5.52561860755005000D-02 -7.39140689066741900D-02
36 27  1.86578828311735000D-02  6.34010581234234500D-02 -1.29559674466225700D-05 -1.33947926595142400D-05 -9.15715612109791300D-02
36 28  1.73871700084492200D-01 -8.23001388735129200D-02 -9.06119856144082000D-02  3.93286145578771800D-05  2.98025262743726500D-05
36 29 -1.84681208649742100D-01  9.18315403418865600D-01  3.41854149174206500D-01 -3.27680206973040800D-01  3.45626935443179400D-05
36 30  2.16204392822871500D-01 -7.71566083379013400D-01 -1.56783105283297100D-01  4.75284634204918000D-01 -1.16867758412894500D-05
36 31 -2.16227066853701200D-01  7.71532345969779900D-01 -4.90001036935805700D-01 -1.01901436793687900D-01  1.26207480379128800D-05
36 32  1.84789505117424800D-01 -9.18247326213239500D-01  4.54789381426192600D-01 -1.32200671158026000D-01 -3.57967850599112000D-05
37  1  1.27009354161714200D-02 -3.94060227968054100D-02 -3.26149555500461900D+00  2.61740761881097200D-01  7.80314144302154800D-02
37  2 -3.41860485346700400D-06 -1.70912428211742200D+00  2.65055060675915100D+00  3.12009357314132500D-05 -2.43179493192695500D-01
37  3  7.73899680310243700D-02  1.65789525161671100D-01 -3.91581735860579800D-01 -9.00580301178304100D-06  2.62032750694488500D-05
37  4 -1.26672529386559200D-02  3.94584061842847700D-02  3.26155810878775900D+00  6.33624882199246300D-02 -2.65665831369866400D-01
37  5  1.78306965370979900D-06 -3.14990750079795000D+00  1.54639245848191600D-01 -3.00347738275667000D-05 -2.90946580940302800D-01
37  6  4.56729695651015100D-01 -1.65783114710714000D-01  3.53993068811440100D-02 -2.74316450553018300D-05 -8.76424382659016000D-06
37  7  4.07942418596899200D-01  7.44296259268660300D-01 -4.84738865932713400D+00 -3.67882645491964600D-01 -3.08947503377367000D-01
37  8 -2.05316206633061600D-05  2.91947847671765300D+00  4.02462452567554900D-01  2.66090604612966500D-05  5.69565258031499700D-01
37  9 -8.21158122615446600D-01  2.51592864583945400D-01  9.58674409911330900D-02  2.74325590646937100D-05 -7.61964875274004600D-06
37 10 -6.94242650370858500D-02 -5.31848118048928600D-02  3.89471831985752700D+00 -4.74088534352927700D-01 -8.32927488305528800D-02
37 11 -1.31368908809128500D-06  2.33866759537741900D+00  1.72111678712215600D+00 -4.53963168631247800D-07  1.93846936175929100D-03
37 12  2.18862572633521400D-01 -2.20801041995280900D-01 -1.15883339672089100D+00  2.60770399909707700D-05  1.39530134171100000D-05
37 13  6.94470338364252700D-02  5.32264904200104000D-02 -3.89507783943167800D+00 -1.64947209594690700D-01  4.52220237129613200D-01
37 14 -1.90649629463041900D-06 -3.20883011700344400D-01 -2.88604762444818600D+00 -2.44748773859909000D-06 -1.03384220799592400D+00
37 15  8.13033565898258000D-01  2.20808642097666700D-01  4.70761706256171400D-01  7.30190617297548700D-07 -2.91827526058029100D-05
37 16 -4.07972939327851600D-01 -7.44343292359321000D-01  4.84788563245679400D+00  8.35163662724589700D-02  4.73111571579100300D-01
37 17  2.68294347271797900D-05  1.11155969861382200D+00 -2.72957119990715200D+00 -2.15930523846161100D-05  5.45307641284825600D-01
37 18 -2.93669736617463700D-01 -2.51637904667362200D-01  6.47517620162130300D-01  2.15623586088820100D-05 -1.96581464992262700D-05
37 19  4.18599850728793700D-02  8.05738840577678200D-02 -6.42265384852196600D-01 -4.51356287927119400D-01 -1.73866358445234300D-02
37 20  5.64982837416085200D-02  1.33735356815298900D-06  3.78782154157650000D-01 -8.36806835088223400D-02 -1.58370011307765200D-05
37 21  3.88490214621459700D-02  1.51211530804001300D-01 -1.82917716586208200D-06  9.38085747502909900D-03  9.47784023000362000D-03
37 22 -1.88586977050300200D-02  8.22236316414071000D-02 -2.42439614329724300D-06 -5.75556912087917200D-06 -1.32287555773407600D-02
37 23  1.14777441081043300D-01 -1.01548685503700300D-01 -2.57240799690377100D-01  2.57664237146220700D-06  1.34732886532150300D-05
37 24 -4.18107675563469600D-02 -8.04730971904418200D-02  6.42050481466130500D-01  4.51290895245553700D-01 -5.76462044132726900D-02
37 25 -1.31993478735857700D-02  4.73698283942291300D-06  2.62005244509554500D-01 -2.86104951046505700D-01  1.40123089741340100D-05
37 26 -1.11496826032767600D-01 -1.09250117108431400D-01  8.59737436015602500D-07  5.22234765736303300D-02 -7.10724543940032700D-02
37 27  1.88489778203726100D-02 -4.11346316296395100D-02  4.29683411756206300D-06  4.28439060375918400D-06 -2.75749933873777400D-01
37 28  1.74169547063038300D-01  1.01580386810738800D-01  6.45237562306762700D-02 -1.07775519665481900D-05 -8.03881436696583500D-06
37 29 -8.20773869680869500D-02 -4.85345952387886900D-01 -2.18610024715707400D-01 -3.20750503214541500D-01 -8.81146867095373500D-06
37 30 -1.79372895931784500D-01  2.70936130727830700D-01 -6.67444822512823000D-01 -2.34068510371302700D-01  2.42936469493479300D-06
37 31  1.79383066372575700D-01 -2.70922657403725500D-01 -1.31076424246289600D-01  6.95034154842798700D-01 -2.59176035216995300D-06
37 32  8.20024030529791500D-02  4.85342842056641100D-01  1.68386779957755000D-01  3.49749015306681300D-01  9.31385060151733400D-06
38  1  3.92005104500031200D-01  7.31546312606686000D-01  1.20258263371216700D+00  1.33374146509358400D-01  3.23455370195955300D-01
38  2  1.31082802843136100D-06 -4.56314260343618800D-01  2.55897985743335100D+00 -4.09628898563652600D-05  4.01136046484397600D-01
38  3 -3.75598063731335600D-01 -2.55379827530623500D-02 -1.16177611481184400D-01  9.63441102610486600D-06 -3.13034649098962100D-05
38  4 -3.91712402924824100D-01 -7.30995438416919500D-01 -1.20224279046269000D+00 -2.13176276367053900D-01 -2.77363882141156800D-01
38  5 -4.86447097663197600D-06 -2.44372979825564100D+00 -8.84286034369469700D-01  3.82650623295441500D-05  9.40728305595428500D-02
38  6 -1.19669556236847000D-01  2.55967256773040700D-02  4.46248271795683500D-01  3.19724512065259000D-05  8.49090915391500700D-06
38  7 -1.49167944593882500D-02 -4.40502275644536700D-04 -2.31802423324904500D-01  5.00591529681703600D-02  1.05745667185708700D-01
38  8  2.75609508150878100D-05  4.99189456929225400D-01  1.57590401496393900D-01 -3.35223400044178600D-05  3.05267260023901400D-01
38  9 -2.02785649468859900D-01 -1.02481610555042400D-01  1.50221347491422500D-01 -3.21246555840730600D-05  9.44424154379636900D-06
38 10 -2.92446438007553500D-02 -1.17807162246940000D-01 -9.08178740220428500D-01 -1.62000568795390800D-01  3.65672441443198500D-01
38 11 -2.52653096452159700D-07  4.48501327753193800D-01 -8.21212696843983800D-02 -1.10776975062228000D-06  5.31406118564254600D-01
38 12 -8.16769254526576900D-01  2.85363135962321300D-01 -9.55553351951663300D-02 -3.22101325026787200D-05 -1.47724297874378800D-05
38 13  2.90848299386633000D-02  1.17431567736041000D-01  9.07842906377556900D-01 -3.97631699848950200D-01 -4.23479730983632900D-02
38 14  1.42301642214256700D-07  2.95551904492655200D-01 -3.47219595079978600D-01  1.69271071329153400D-06  4.07880656498547000D-01
38 15 -1.22696467984513200D-01 -2.85184188514033400D-01  7.21197453422451300D-01 -3.35641029969804200D-06  3.50945483119143500D-05
38 16  1.49628260444885800D-02  6.10335010989312200D-04  2.32829541097897800D-01 -6.69703066394078900D-02 -9.60318629277187400D-02
38 17 -3.17638579970070500D-05  1.13164678691496700D-01 -5.10932246716424300D-01  3.00916423835876100D-05  1.88854497662890600D-01
38 18 -2.90967852640493200D-01  1.02113354977602900D-01  1.77925093325881500D-01 -2.49169370034166700D-05  2.30952049564785400D-05
38 19  5.85403818960460000D-01  1.19684539141335500D+00 -2.79326244741699600D+00 -1.45146048915200900D+00 -2.51224591281927400D-02
38 20 -3.25090815695693800D-01  2.88643614531184500D-06  1.59825782879150700D-01  1.48894158522613900D+00  1.85835318922998200D-05
38 21 -1.02385980044469500D-01  4.54128310189168900D-01  2.41680080536642800D-06  1.09719525872154700D-02  1.04689728322065100D-01
38 22 -1.15661680909281100D-01  7.34922135323500700D-03  2.78988712721101200D-06  8.50174517286627500D-06  2.31386597095870900D-01
38 23 -5.28731926035769100D-01  2.97345328939898500D-01 -7.95914787222142000D-02 -2.68318111516062400D-06 -1.62636775195172400D-05
38 24 -5.85118585226207300D-01 -1.19627044794777300D+00  2.79223483728004700D+00  1.45116361770698100D+00  2.68790218127464300D-01
38 25  1.84239660453035600D-01 -3.20202052042355700D-06 -1.20890401504682000D+00 -8.82612782007636000D-01 -1.83169892983014400D-05
38 26 -4.44396585357180100D-01 -1.38377440363011300D-01 -1.47927879386990700D-06 -7.57922823021442700D-02 -3.98342766815593700D-02
38 27  1.15626558983703100D-01 -5.04644095153743400D-02 -6.28165166025602700D-06 -6.31114519729454200D-06  2.78829555456026700D-01
38 28  1.83325830016047500D-02 -2.97162138457631700D-01  4.19619131560613900D-01  1.33324643142133000D-05  1.03374596435409000D-05
38 29 -7.30986628443772700D-02 -2.15231896119801000D-01 -7.49573896052314600D-02 -1.77775695390217300D-01  9.66721880394931500D-06
38 30  7.79312003867917700D-01  1.34932041533136500D-01  1.84597416156554800D-02  5.88978222915303700D-01 -1.36030173117842000D-06
38 31 -7.78686552030158900D-01 -1.34766421324843900D-01 -5.00299372169318700D-01 -3.10475651037064300D-01  1.41431448562499400D-06
38 32  7.20311714645239200D-02  2.15033927315471900D-01  1.15708661630249700D-01  1.54068372779887400D-01 -9.87445056534911500D-06
39  1 -3.19503358860404300D-01 -5.94111429022921000D-01 -4.29564907444763300D-01  2.02462136635522500D-01 -1.67343262627939500D-01
39  2  7.31697031669676600D-08 -2.53811652415472600D-02 -6.26449642561441900D-01 -2.59289158696750400D-05 -2.01411112340549700D-01
39  3  2.61083956417730500D-01 -5.96728440771818300D-02  1.22061908402467100D-02  4.48661983955164000D-06 -2.17521494108775200D-05
39  4 -3.19919613903675800D-01 -5.94876967412168300D-01 -4.30336601975360100D-01 -2.46370999948200400D-01  9.13376360056824100D-02
39  5 -2.78155091430336000D-06 -5.32559872709374900D-01 -3.36280858096520300D-01  2.66801875121937000D-05  1.36341501873836500D-01
39  6 -7.66580259788316300D-02 -5.96834758950045900D-02  2.37802463523365600D-01  2.11176076449083100D-05  3.47963245640644000D-06
39  7 -2.38887652415663300D-02 -1.25693931449073700D-01 -1.06662981909792800D+00 -3.83159384768018300D-01  2.80679027630913200D-01
39  8  2.11064824532454500D-05 -9.66352146047980600D-02 -1.17735461637299900D-01 -1.91683779603012300D-05 -8.39889824571200600D-01
39  9  4.65207762250102800D-01  3.74682062321098600D-01  7.78258628305825800D-01 -2.11701862762800400D-05  7.60596396859309300D-06
39 10  1.55241627812051500D-01  3.60766441229738900D-01  2.94821371033073800D-01 -1.68657039109892300D-01 -1.11636230321458400D-01
39 11 -3.70143163725941900D-06 -2.88214063596367000D-02 -1.58517907147776300D-01 -3.83345219522527400D-06 -4.29791927088854300D-01
39 12  5.87642737922919500D-01 -1.57850810834065000D-01  3.77608186247430600D-01 -2.00799209333992200D-05 -9.86889589209052500D-06
39 13  1.55271846995592500D-01  3.60869338998930000D-01  2.95100557694851300D-01 -1.27288985572875700D-02 -2.01902758223954000D-01
39 14 -2.59205756395205700D-06 -1.22735896575016100D-01 -1.04853380790197300D-01 -1.04571574375783700D-06  5.03083211391767400D-02
39 15  1.07777812028943300D-01 -1.58086133168121900D-01  6.98323829947293600D-01 -2.31433502663894000D-06  2.31653049104762900D-05
39 16 -2.38948636818600500D-02 -1.25721279176428700D-01 -1.06568276318481800D+00  4.34588249472718900D-01 -1.91513233628269900D-01
39 17 -1.69537024095957600D-05 -5.32926651226786800D-02 -1.43318136119423300D-01  2.32348378103860600D-05 -4.44750066355108800D-01
39 18  7.00191950541450400D-02  3.74730871300963800D-01  1.04186882886057200D+00 -1.55981389294010100D-05  1.54136749188893300D-05
39 19 -3.13111395032189300D-01 -6.45776313908358400D-01  1.18453810790639600D+00  3.51623143382266100D-01 -3.32284164595469000D-03
39 20  2.05399891776433300D-01  6.22997209459900900D-06 -5.47893990784335400D-02 -7.57372747275442300D-01  1.13650445095089100D-05
39 21 -1.90325728411553900D-02 -1.08490265751771500D-01  5.30748989194866300D-07  9.80437989457530600D-03 -5.22726175550189700D-02
39 22  4.24682376604435900D-02 -1.03527329747569200D-01  1.88187864182712200D-06  4.40653361822540300D-06 -1.32490982987478900D-01
39 23  3.38583241798543300D-01 -2.06092258811064200D-01  1.12401688165665200D-01 -1.47175257469752200D-06 -9.54481362535610000D-06
39 24 -3.13714603936395600D-01 -6.47003284880065900D-01  1.18744778426948200D+00  3.53136551978185700D-01  1.79802528536447300D-01
39 25  1.00000516578032100D-01  4.07204141100168900D-06 -6.29677509117135300D-01 -4.27120402277214800D-01 -1.16323805934985900D-05
39 26 -8.48920723107386000D-02 -7.08858804019086900D-02 -1.49348038988468100D-06  4.08299591094104200D-02 -8.34157800534709700D-02
39 27  4.25858209440606400D-02 -8.28479692481704400D-02 -4.28328107540371100D-06 -4.69520289658431300D-06  1.36731559516332400D-01
39 28  6.96532438151817900D-02 -2.06384803331514200D-01  2.92183212417995400D-01  8.72834022336551100D-06  7.39454238671669400D-06
39 29  1.04784110793857400D+00  1.70476094584695400D-01 -5.85942152822421200D-01  5.20153631730033700D-01  6.80131154657057400D-06
39 30 -5.56524470190591600D-01 -1.43481746934966000D-01  2.08801720139602600D-01 -4.20381170993166100D-01 -1.21641674059902400D-06
39 31 -5.57287952854922200D-01 -1.43658702895420100D-01 -4.68953886999498500D-01 -2.96713559212229400D-02  6.54770012782421200D-07
39 32  1.04789281051866700D+00  1.70742432069687600D-01  7.43571098634581600D-01 -2.47094299260262000D-01 -6.08643212874816100D-06
40  1  2.94309783844147400D-07 -1.17503624114126700D-06 -1.23469010686387000D-05 -4.08227064769992500D-06  9.10843289641105400D-07
40  2 -1.20730191034860400D-02  4.88810767755362500D-06  6.85335861812758300D-06  7.12325241512141300D-02 -1.11542428793070200D-06
40  3  1.04679072511297900D-06  6.86335628177232700D-08 -7.07980856617299000D-07  1.89272322446403800D-02 -1.45565663844053800D-02
40  4  1.29470432052653600D-06  1.75200013889619600D-06 -1.95839018654040200D-06  3.59691542412866400D-06 -2.46611349162161500D-06
40  5 -1.21021659209542100D-02  1.88109435743986700D-06  3.59755928176911600D-06  7.13391428281883000D-02 -5.09951161143469400D-07
40  6  1.69620435864489000D-06 -1.18625319750142100D-06  4.55598545099687000D-07 -2.20073302608766000D-02  9.12296745291504000D-03
40  7 -6.53698110800798700D-07  2.74669317904886700D-07  4.05371502815319900D-06  6.88713931107177900D-07  2.95431061992637000D-06
40  8  1.70754776079958700D-02  1.84125075388406600D-06  5.28567887064119400D-06 -9.25388033672276500D-02  4.18314578884577800D-07
40  9 -4.88388326465252900D-07  7.00737475806730500D-08 -1.27676025004741700D-06 -1.05677912111427700D-02 -2.47716799564480400D-02
40 10 -1.85876379702111600D-07 -1.38361421161623400D-06  4.71096058330218600D-06 -4.22117820557359300D-07  1.68286420875811500D-06
40 11 -5.30696503319113000D-03  2.38596365477679200D-07  2.28243574320816000D-06  3.01502793893723100D-02  1.59653946447592200D-06
40 12 -8.64261331102332500D-07 -7.32278133373584600D-07 -4.99677682465542500D-07  4.19745879677981200D-03  5.45608883183142800D-04
40 13  9.07592820656774400D-08  4.20895882086582300D-08 -5.31531087476510600D-06  2.92785920033188600D-07  3.22506417624221100D-07
40 14 -5.31653627494601500D-03 -1.41710890225393000D-06 -6.54435233976009700D-08  3.01526833631975200D-02 -8.20316068542894900D-08
40 15 -1.84123628451851100D-07  2.66155235306142500D-07  9.66969024745787800D-07 -1.63659801504047700D-03  3.98021848659411000D-03
40 16 -1.03057541219910500D-06 -6.96815229404915500D-07  1.49364097515897800D-05  3.47471125916133500D-06  3.41887887527217200D-07
40 17  1.69956595998868300D-02  7.90437447921448400D-06  2.03706767517333100D-06 -9.24557743438499400D-02  6.17905356457379400D-07
40 18 -9.39826000988612100D-08 -5.23922756358516400D-07  1.63727942877910300D-06 -1.62219070054478700D-02 -2.14963543866681100D-02
40 19  4.64198127865819300D-07  2.60074386024584400D-06 -1.20539104688113600D-06 -6.65482557214698900D-07  1.11453559967085100D-06
40 20  1.90524333690741600D-07 -2.24081909853019900D-03  1.86293753260034700D-06 -1.16954054475705600D-07 -1.16663839990053500D-02
40 21  1.05611935523247600D-06  3.51412432239148900D-07  3.01053757519000800D-03  3.48270056214851900D-06 -1.00044842217423400D-06
40 22 -2.48225213997428700D-06 -2.55398221258409900D-06  8.12185470635598600D-01 -1.21265749935947400D-01 -1.47688871882774900D-06
40 23  3.39989880062658800D-07  1.13689883876509800D-06  6.99969861096517500D-07 -3.93063143799346000D-01  5.91999952860425800D-02
40 24  1.18489592591824800D-06  1.86623908139464700D-06 -5.91015627641772100D-06 -2.44130178104738500D-06 -1.80933449309195600D-06
40 25 -1.38206240998862400D-07 -2.24516460379781300D-03  1.23900299992259300D-06  4.50975604433511400D-06 -1.17110572589238600D-02
40 26  2.94186423997386800D-09  1.13061746380630500D-06  3.00752584412836400D-03  1.17589534951780600D-06  1.98617782129908400D-06
40 27 -3.16207317081689200D-06 -5.98571231060892200D-06 -5.11145937886966400D-01  6.42533979703434700D-01 -1.62752060421110200D-06
40 28 -9.83794392164049100D-07  2.61131499637515400D-06  1.93103155516102300D-06  2.47831327033747200D-01 -3.10680569764948300D-01
40 29 -1.18683858252626700D-06  7.64580048468668000D-07 -5.42201106336438300D-07 -4.52504270873566900D-07  1.60271703546822200D-02
40 30 -7.18900051200111100D-07  1.48044119588967400D-07 -1.66554725345234600D-07  9.83416220672818900D-08 -4.24134084933874500D-03
40 31 -6.10210544939002900D-07  7.66178024559441500D-07 -1.86646872637608400D-07  2.45155235970852300D-07 -4.24547201726537300D-03
40 32 -1.06348953522639600D-07  6.35809257431669600D-07  7.98136909202540000D-07 -2.46630827144663000D-07  1.60116064853447400D-02
41  1 -5.29716613499900100D-02 -1.05416469219160100D-01  9.72027315670887200D-01  1.77475304281090200D-03 -6.78930799298952000D-02
41  2  4.71322466843189800D-06 -6.18395995704382600D-01 -7.27071789202764900D-02 -1.56404176757807800D-05  2.48776034751602500D-02
41  3 -1.01609400876115500D-02 -1.47166633875479800D-02  7.73081656696883300D-02  7.54650786408996800D-07 -1.58542096242032200D-05
41  4 -5.29598738855585300D-02 -1.05395362881970800D-01  9.71872924324110900D-01 -5.96782160530619600D-02 -3.24116019306302500D-02
41  5 -1.26655152410030000D-05  2.46334862645418700D-01 -5.71892653098014000D-01  2.15581165183126500D-05 -5.93969472372074700D-02
41  6  7.41063371388722100D-02 -1.47093899016650200D-02  2.11219210933486200D-02  1.06978156724236800D-05 -6.13412851479663900D-07
41  7  4.56852347536284600D-02  7.48792201180442800D-02 -5.33526339126554700D-01  1.14252020673151700D-02 -3.59202987241357100D-02
41  8  1.95568104709521300D-05 -3.40980369322002100D-01 -7.47280796538606600D-01 -1.60185400520469100D-05 -8.00520065624647800D-03
41  9 -5.11652564072342500D-02  5.91704570634805200D-02  1.01316607065769800D-03 -1.22038182723754300D-05  5.18846514279871400D-06
41 10  3.49978675378623600D-02  6.93374683330079000D-02 -4.92481117326166600D-01  1.04724976594042200D-02 -1.70864029131385900D-02
41 11 -5.96889332808311100D-07 -2.62610139463096000D-01  5.35100148765273700D-02 -1.07567534003494200D-06 -2.69533174034833100D-02
41 12  2.53273020328789500D-02  1.62601537060374800D-03  5.71377892597102500D-03 -1.30427156210834500D-05 -5.19074438349826800D-06
41 13  3.49983455155270300D-02  6.93405744956638300D-02 -4.92466359189984300D-01 -2.00419056975982500D-02  5.25849297058489000D-04
41 14 -5.54669427169523400D-06  1.77702719711384800D-01 -2.00696103029453200D-01 -4.19662005476231500D-06  7.98111919567030300D-03
41 15 -9.60173184805421900D-03  1.62061265238402300D-03  2.90285758509552700D-02 -2.61532596755861200D-06  1.57979983256893200D-05
41 16  4.56886862366957500D-02  7.48859427138896100D-02 -5.33529850777906700D-01 -3.68129127919817200D-02 -8.07790362575394100D-03
41 17 -1.23154881175980500D-05 -4.76643938877254300D-01 -6.69032627837671100D-01  2.06359159770344000D-05 -4.11382028625543500D-02
41 18 -1.80399179248508800D-02  5.91781207874053400D-02 -2.10560850478066000D-02 -1.14491835259549700D-05  1.04381256959651000D-05
41 19  3.32078611874866800D-02  7.19079081989400800D-02 -1.97844710300905600D-01  9.37945311044176400D-02  7.21364976682200000D-03
41 20 -7.92126479073153000D-03  4.27940560761246300D-06  4.54050270019219300D-02  1.94431715266934900D-02  7.00139061225830800D-06
41 21  2.06619160229314200D-02 -6.05726651871049400D-02 -8.65132780779829900D-07 -7.50745756230733700D-01  1.21600457291718100D-01
41 22  6.29145298939016300D-01  1.81733626652001800D-01  1.63222339168097500D-05 -7.03796944828763100D-06  3.77637848366922000D-01
41 23 -2.26369258311992500D-02 -3.55000922535723800D-01 -8.26558298519571400D-02 -8.43505502139256600D-06 -8.72795315837285900D-07
41 24  3.32069190911410100D-02  7.19015481190783300D-02 -1.97815389942425400D-01  9.37650829147969300D-02 -1.04746204713138500D-02
41 25  2.28883464690108600D-03  8.80455496036834000D-06 -5.87442844457224000D-03  4.90414547892631700D-02 -6.94884922777418100D-06
41 26 -6.27733590131502700D-02 -1.24037300747388100D-02 -3.58979788997072400D-06 -2.32867282674347900D-01 -3.96227407338774300D-01
41 27  6.29094690013122300D-01  5.27021006551243000D-01 -1.78952375941149200D-05 -2.29285434213420600D-05  1.39452665525948600D-01
41 28  2.15512865521286800D-01 -3.54965531047235100D-01 -2.41445606586228000D-01  1.33241538645686900D-05  1.59189005595682600D-05
41 29  6.34400371466972600D-02 -5.35631522987344400D-02  3.58232127279615900D-02  4.36832628016052100D-02  3.18770620059096900D-06
41 30  1.28942436918669900D-02 -4.77762715550432600D-03  1.26482658729581200D-02 -3.32166505913266100D-02  7.31607911215988300D-07
41 31  1.28702684180313400D-02 -4.78157693882925400D-03 -3.51037121366626800D-02 -5.66568187012603800D-03 -9.60411034316434500D-07
41 32  6.34534961142483700D-02 -5.35651274641405600D-02  1.99297348015138900D-02  5.28707653056741300D-02 -3.37749492263257400D-06
42  1 -6.54836876246051600D-07 -2.45099328891173600D-06  1.56981217666782800D-05 -4.12763562250392900D-06 -3.75745732474812200D-06
42  2  1.76569093837550600D-02 -1.63184746601109700D-05 -2.30320935269580800D-06 -1.65179112550341000D-01 -3.24062075370034500D-07
42  3  7.39093921488962500D-07 -4.15031846118914300D-07  2.53227548272654900D-06  2.06056163709608800D-02  1.06536478294470300D-01
42  4 -1.74537340850573800D-06 -5.31886027128869600D-06  2.04238164914384300D-05 -3.96252676278006600D-06 -9.76178935122325000D-06
42  5  1.75695474146351500D-02  2.63894351514618700D-06 -1.31510101480842600D-05 -1.64701702783598400D-01 -1.49489831886927500D-06
42  6  2.00824353116992900D-06 -5.13345212300659000D-07  4.47853810098438200D-07  8.19759496160589000D-02  7.11327589680300200D-02
42  7  8.91221775456765000D-07  2.38608207185763600D-06 -9.80423169715276900D-06  2.42125278960599000D-06  5.88788752597730800D-06
42  8  1.26500390278109800D-02 -6.27043032009067700D-06 -1.22266793281819200D-05  3.89949126612281100D-02 -1.60641958919595200D-06
42  9  4.50273167549035300D-08  1.56139227244104300D-06  1.13773672117139200D-06 -7.09222017201632900D-02  3.29335005652257000D-02
42 10  8.63131163188221800D-07  8.05308683527595000D-07 -1.04954652578052300D-05 -2.72135898699513200D-06 -4.02483937841116100D-06
42 11 -2.04142138138233200D-02 -6.67131607760884800D-06 -1.49015649459804900D-06  2.70383983599470200D-03 -1.64786218956038400D-06
42 12  1.84054064708709100D-06 -1.92678457526721400D-07  3.94397005562842100D-07 -1.74759451577032600D-02 -1.22241695885940700D-02
42 13  6.89768131143159400D-07  1.16604095267671500D-06 -9.59193919869979300D-06 -6.54213438505660400D-07 -1.58266204537672200D-06
42 14 -2.04626025585551800D-02  3.26850003967524300D-06 -3.81225285845369900D-06  2.74710021941087500D-03 -2.49395642046587600D-07
42 15  1.29223750977900700D-07  1.20171891068685600D-07  4.84887812004291500D-07 -1.85741454329904500D-03 -2.11690168899813400D-02
42 16  7.78825439734221400D-07  2.31447621135276700D-06 -1.06958659185382200D-05  2.96700966968487400D-06  1.89403645606301800D-06
42 17  1.25251796444363700D-02 -7.96667277886878400D-06 -1.17281199453383200D-05  3.91608690563272200D-02 -1.07226856502897500D-06
42 18 -1.98557785228116100D-07  1.27082635025709200D-06  4.22579075990727900D-07  6.39151588291031300D-02 -4.49573096880545400D-02
42 19  4.90000232238819200D-07  2.65785057910428800D-06 -3.38511265367206600D-07  1.02741349134683400D-06  3.46804583258946500D-06
42 20  5.64160479050137700D-06 -1.94132141925671100D-03  4.39804657457428800D-06  3.05076236864188800D-06  1.18447272444103600D-03
42 21  7.34023475963706200D-07 -8.31821844791567600D-07  7.76559692060684600D-02 -1.21310869209921700D-05  5.56658596683625300D-07
42 22  1.15744283243085700D-05  3.17815457831128400D-06  1.22133819014711900D-01  8.34908320744004200D-01  6.25300016468696600D-06
42 23 -1.64829000813146800D-07 -6.08817116387384000D-06 -1.49884209161059100D-06 -6.85301644391917600D-02 -4.42514283343429100D-01
42 24  2.70244108747887300D-07 -9.61625513618065500D-07 -2.22101129725900800D-06  4.74450668749510300D-06  5.40440099446275800D-06
42 25  6.13171208214236600D-06 -1.92651375279022400D-03  4.86616886732441100D-07  4.20400799319570800D-06  1.04704432597815400D-03
42 26 -2.49179122261681600D-06  6.56493218371991200D-07  7.76398401142032600D-02 -6.21900379685196700D-06 -8.21888138876636100D-06
42 27  1.44378851856183200D-05  1.07631541302218100D-05  6.62381684086450300D-01  5.21499002957029400D-01  3.94425836518996700D-06
42 28  4.60678337195604400D-06 -8.55104173714601000D-06 -5.10001568672383100D-06 -3.49150584070033700D-01 -2.79648901732684600D-01
42 29  1.85882772035606900D-06 -1.18865490803947500D-06  5.86155374822800300D-08  1.54319519405230600D-06  2.54968579386336500D-02
42 30  2.21454844374699800D-06  8.58730632198391600D-07  3.07332731152581100D-07 -1.10801054902187900D-06 -6.62536561401676900D-03
42 31  1.58110720152433200D-06  6.29252604610601400D-07 -4.96010079597942000D-07  1.34252202907599700D-07 -6.65521074969420700D-03
42 32  4.64498939974231300D-07 -1.81321141857619200D-06  6.49058027451583000D-07  7.54148218651078900D-07  2.55043362441748100D-02
43  1 -1.40461062251811900D-05 -2.49521021073708800D-05  6.38536710150602200D-05  5.70109289771710600D-06  3.00555632776771000D-06
43  2  1.95111643159348400D-02  8.77530568270050100D-05 -5.23763357303513900D-05 -1.04207659415053500D-01 -1.49947923541418500D-05
43  3  1.91387455198099600D-05 -4.14395316566814000D-06 -1.03508676868222400D-05 -1.38178018107664100D-02  2.95714393710637100D-02
43  4  7.71611040876825700D-06  1.65117742650952800D-05 -1.14419030836256800D-04 -3.22223668220534200D-06 -2.41782293832741200D-06
43  5 -1.95441608808766700D-02  6.77062971352631800D-05 -1.45709662584121500D-05  1.04554807409462100D-01 -1.38841063908036500D-05
43  6  1.32783986753017500D-05  6.05707715501966800D-07 -2.86951219334366300D-05 -3.26953552004980800D-02 -2.97582745662671700D-03
43  7 -3.53705075280779600D-06 -5.91937755301404600D-06  3.69538646455957900D-05  1.99762939543214600D-05 -5.16280254297016100D-07
43  8 -9.16021871564215600D-03 -4.76271250021848700D-06  2.47282152797856600D-05  9.35799484171013900D-03  2.79563537555173400D-05
43  9 -1.89410177593773900D-05 -9.01533599613992700D-06 -5.36164796554281100D-05  4.03918629756479800D-02  1.72932860931291700D-02
43 10  5.95510485188773500D-06  9.64816947444736400D-06 -3.96268071483108200D-05  3.37115409886796900D-06  1.27982830331016100D-05
43 11  1.38679348867175800D-02  2.42223641913531600D-05 -2.42793513789417200D-06 -2.83836994009495900D-02  4.61370875791018300D-05
43 12 -4.78678336545408600D-05  1.73074607543914100D-06 -1.14910355635919100D-05  2.38613948182119100D-02  6.76042054249360300D-03
43 13 -6.31313695163193000D-07  6.34946088618121800D-07  2.01950225128352900D-05 -5.14189238769579200D-06  3.91351646736512000D-06
43 14 -1.38192655454921200D-02  8.41284250325580500D-06 -2.27855757782343100D-05  2.83718896840632100D-02  1.58730866502133300D-05
43 15 -1.54339287022518200D-05 -4.39157947961466400D-07  3.51128222659665000D-05  6.08469058396422200D-03 -2.40029840564411800D-02
43 16  2.35843367372018400D-06  2.54643553114789500D-06  2.17183848863429700D-05  5.12965355643548200D-06 -8.59307413613523100D-06
43 17  9.12433875855971800D-03 -1.05574019391892200D-05  4.48195821878225100D-06 -9.42338755601434200D-03 -7.18034258806586000D-06
43 18  2.26380266309995700D-06  4.91653992496591600D-06  3.40501544508870400D-05  5.08877816666567900D-03 -4.35267017176191900D-02
43 19 -9.68930816424848000D-06 -2.12771337299538600D-05  2.21523628430640600D-05  3.74788427672466300D-05 -7.23962801943145800D-06
43 20  1.16840475892057000D-05 -4.27961356551894800D-03 -1.60154092502852700D-05 -1.74001593671331400D-05  2.30332701247660500D-02
43 21 -3.00515024699212300D-06 -1.25878551899248700D-05 -9.75328582431303100D-03 -1.43519217325788600D-05 -5.32101282582665700D-06
43 22  1.96729345584055000D-05 -3.79584932454265800D-05  8.21226621368187500D-01  1.43949829069641000D-01  1.25870334220214300D-05
43 23  4.12600027690574200D-06 -1.67130336989271600D-05  2.54672798949270300D-05 -4.46276063515665800D-01 -7.05984706999567600D-02
43 24  5.70979660355781400D-06  1.22563390564495300D-05  7.30993756145861600D-07 -2.89884159711697600D-05 -4.06277603820305200D-06
43 25 -3.71010056941284400D-06  4.27847910026364700D-03 -5.98782757496601800D-06  1.16084990156331800D-05 -2.30334907850460600D-02
43 26  1.40140914186025900D-05 -4.90329434040041600D-07  9.58295439404765900D-03  1.36276026599442100D-05  1.29402204461299400D-05
43 27 -2.65678231060741800D-05 -3.05619512900963300D-05  2.84665317364840500D-01 -7.84418338007830200D-01 -4.23938177642299800D-06
43 28 -1.49796326933606800D-05  1.92190144697837000D-05  1.90901333605676800D-05 -1.61319992100820900D-01  4.22440901156711100D-01
43 29 -4.09939290130624600D-05  3.24936945714605500D-06  2.18350249715952600D-05 -1.67536766759407400D-05 -1.68375581391954500D-02
43 30  3.44596912849850600D-05  3.30984948227767700D-06 -6.11582123881424800D-06  1.92895803495336500D-05  1.03051612951677000D-02
43 31 -2.48747778465535300D-05  1.93669089001397300D-06 -8.21297202892138200D-06 -4.67923854345651900D-06 -1.02872122655141400D-02
43 32  2.21953893390658700D-05 -1.02585553794904300D-05  1.44535181334960700D-05  2.09073774471249200D-06  1.67788203907669300D-02
44  1 -2.80869883508241700D-01 -5.18405483359887800D-01  2.41320624431546000D+00  8.00282714543048700D-02 -8.58741995104278600D-02
44  2  2.64358224405850700D-05  5.28876855636462700D-01 -1.45747533910771400D+00 -2.69625652825843100D-04 -2.76026725520351000D-01
44  3  4.07246892583514400D-01 -1.31220167063164500D-01 -1.58377101636222700D-01  1.49401227437537500D-05  2.51667521174164800D-05
44  4  2.80871121977404200D-01  5.18406517590261100D-01 -2.41325367244619300D+00  1.14371847683754600D-01 -2.63638305315919600D-02
44  5 -2.46968260404926600D-05  1.52657833345839400D+00  2.70914814988899600D-01  2.67482574093055100D-04 -3.55163001636052300D-01
44  6  2.23935178961020500D-01  1.31227822675032900D-01 -2.62542385957920300D-01 -1.38105888272559200D-05 -2.24103125150448100D-05
44  7 -1.40326547438714100D-01 -2.24647039907692200D-01  1.92532284841458100D+00  2.35475684098864200D-01 -5.37968225335087800D-02
44  8  7.14598044542810000D-05 -5.40546263700436300D-01  7.00190893762890900D-01 -1.45738936761544700D-04  5.44056298610000300D-01
44  9 -3.10621307265118500D-01 -2.33434991344880300D-01 -6.53437817773986400D-01 -4.16951125995285400D-05 -1.08625241077947800D-05
44 10  6.27093374836267100D-02  8.29314179551423800D-02 -1.76165231495628000D+00 -5.53372716573994700D-02  2.40543434720502400D-01
44 11  1.36666678846501000D-05  2.72141288137310600D-01 -5.19361018663808200D-01  2.86828647839849200D-05  7.42739323412931000D-01
44 12 -9.31351863767182800D-01  1.88612540354254000D-01 -1.18445075639262100D-01 -6.63531680608777900D-05 -1.35293304369608100D-05
44 13 -6.27166983505768300D-02 -8.29507789620558400D-02  1.76162566044185800D+00 -2.35943564343333700D-01 -7.23757988711941500D-02
44 14 -9.17325111816285300D-06  5.85864531614829200D-01  2.40428461416620600D-02 -2.49104998195252600D-05  4.23845457704372000D-01
44 15 -2.35250947777197100D-01 -1.88594509927175400D-01  8.96332508808068600D-01 -2.10677774226270300D-05  6.35044694552657000D-05
44 16  1.40339665391350600D-01  2.24674453322708700D-01 -1.92526088467618700D+00  1.64327608206642300D-01 -1.77014613259382400D-01
44 17 -7.66425731368836600D-05 -8.76677479521128500D-01  1.17958084753310000D-01  1.41599483669202900D-04 -3.93262404725205700D-01
44 18  1.59840439001474200D-01  2.33421965723731600D-01  7.53982177191272500D-01 -1.23742864753431700D-05  4.07846108055659200D-05
44 19 -1.40605421169140400D-01 -2.93320942641241600D-01  3.07003270767928100D-01  7.00985241117457100D-01  9.23876369639030700D-03
44 20  1.70895972479413000D-01 -1.46124721380190100D-05 -4.89639416247027700D-02 -2.20961139927058800D-01  5.86331650886418400D-05
44 21  7.79354950594858000D-02 -2.36089809290053800D-01  7.26282722345783800D-05 -5.84968261687545800D-01  9.85885336316264500D-02
44 22  4.86379728055918800D-01 -9.71539251624104200D-02 -1.03286342997821000D-04  3.69875444550586100D-04  3.75728716073839900D-01
44 23  1.00331905052595600D-02 -3.85761906579100400D-01  2.26150118308609900D-02  5.90345995907823900D-05 -2.28927766580353200D-04
44 24  1.40605557039585700D-01  2.93318211238631700D-01 -3.06975730001144800D-01 -7.00990404974983500D-01 -1.43370003679572200D-01
44 25 -9.34656552895129100D-02  9.29753878089573600D-06  1.66857082957616400D-01  1.52893593022385000D-01 -5.74874018766222600D-05
44 26  2.43432725323552000D-01  5.05707549049080300D-02 -7.11540468097964500D-05 -4.56050516098071000D-04  4.86886453004496200D-01
44 27 -4.86430402488398300D-01 -2.93292519505930000D-01 -3.67682009936995700D-04 -9.56280289713947500D-05 -8.45585819914505800D-02
44 28 -3.01231663180877600D-01  3.85790245172328100D-01  1.71582410596846600D-01  2.25163574044488000D-04  6.26041482704449300D-05
44 29 -6.38085868722692400D-01  1.48571838626346800D-01  3.05146411669891400D-01 -3.03763516541010900D-01  8.28251015458046300D-06
44 30  7.17993731673104500D-01 -4.00340886668351100D-03 -1.17726064768722000D-02  4.69790360931719300D-01  7.26783468989971500D-06
44 31 -7.17956643762409000D-01  4.01142506042956000D-03 -4.12698169603350400D-01 -2.24729822484514500D-01 -6.90007485644922100D-06
44 32  6.38054399919609000D-01 -1.48576057595649700D-01  4.15643915472477800D-01 -1.12327785935049600D-01 -8.59840645537345300D-06
45  1 -1.15800502274072000D-04 -2.14610561273619100D-04  1.09061830241238200D-03  4.11620707228473100D-05 -5.89023970148613600D-05
45  2 -7.19710302648665500D-03  1.15320947562532200D-04 -6.89590571953490900D-04  4.46388370801941400D-01 -1.23483123318444900D-04
45  3  1.80033422400225300D-04 -5.65502990817810100D-05 -4.83670320604589500D-05  1.03767084856813500D-02 -2.07196305705114700D-01
45  4  1.36617575311941700D-04  2.48251672944810500D-04 -1.08205087117493400D-03  4.52261069392602600D-05 -1.08218645872477000D-05
45  5  7.20577516562010500D-03  6.41537229971885100D-04  1.14983025472737100D-04 -4.46415261908458900D-01 -1.72522599913770900D-04
45  6  1.02990707690431900D-04  6.95318922233393000D-05 -7.32163153313193200D-05  1.84636396654736700D-01  9.46433690785781100D-02
45  7 -6.86745768459102700D-05 -1.12465438045655400D-04  8.66695452747613100D-04  8.29222239062506100D-05 -2.80421365096622300D-05
45  8  1.43842762476579900D-02 -2.18359265217804400D-04  3.41285625128357300D-04  1.36022069281969200D-01  2.35797921975150600D-04
45  9 -1.29758258412268700D-04 -1.06039663562881500D-04 -2.20229493023141500D-04 -5.91449475616845600D-02  8.11080587393482000D-02
45 10  1.63435869329588500D-05  1.21781515700660100D-05 -7.68424411680518400D-04 -4.82064686750668700D-05  9.76772249964850600D-05
45 11 -9.30825914756519200D-03  1.22060944171942500D-04 -2.55567206964947500D-04 -4.96525787566210700D-02  2.98984085002717300D-04
45 12 -3.90684774951933100D-04  9.17006899492172200D-05 -4.30250046077211100D-05 -3.07135786785534200D-03 -2.68465565815404000D-02
45 13 -3.60577447433256500D-05 -5.15910368435680700D-05  9.06474064434025000D-04 -1.09543665764144800D-04 -5.26356502470618600D-05
45 14  9.30257851416929300D-03  2.71491558689650700D-04  5.97755894276224000D-05  4.96576221673878700D-02  1.92993949059315100D-04
45 15 -9.78927860346077700D-05 -9.51011630247077200D-05  4.07151982536655800D-04  2.17095810368555100D-02  1.60874788861221300D-02
45 16  6.40525555853292900D-05  1.02775471675293400D-04 -1.04032688710960700D-03  7.56647291942538200D-05 -8.74334465381168500D-05
45 17 -1.43744814685179100D-02 -4.25793973295782300D-04  9.47272715068050400D-05 -1.36023660750821500D-01 -2.08192709523365800D-04
45 18  9.97148681089232500D-05  1.08477841414442400D-04  3.41547961025657900D-04 -9.98050327292798100D-02  1.06511965872229200D-02
45 19 -6.32585007069851100D-05 -1.27805486177818400D-04  1.64993854287527200D-04  3.00017037036290700D-04  9.97979492359289900D-06
45 20  6.96212556201255200D-05  3.47094094741049300D-02  5.86817017591137500D-06 -9.77561649600803400D-05 -5.52328221819879900D-02
45 21  5.72735455796820800D-05 -9.95506218271118100D-05 -1.59042411826594800D-01 -2.54038313764390600D-04  7.00187058565189000D-05
45 22  1.84019607907872000D-04  7.94772745832405400D-05  1.46119766464964700D-01 -8.44606611429250500D-01  1.60087288376471000D-04
45 23 -7.99767870263273000D-06 -1.52089609673838800D-04 -7.18852406974066200D-05 -9.07310215895337100D-02  4.76826567507366500D-01
45 24  5.43426153221906500D-05  1.12918384165015000D-04 -1.05548298883501400D-04 -3.06493584963279900D-04 -6.00050076562847400D-05
45 25 -3.38217571999243400D-05 -3.47050087523889500D-02  8.00536916373569300D-05  6.44538169831765300D-05  5.52324141938365400D-02
45 26  9.52625771214097500D-05  3.95577245885908600D-05  1.59058211447801600D-01 -6.02392045174657600D-05  3.03094807899322900D-04
45 27 -2.42855603381857400D-04 -7.58615896285193500D-05  8.04610836090170900D-01  2.95966516000799200D-01 -1.28564096106733000D-05
45 28 -1.75467856573329700D-04  1.88324266184002900D-04  4.02275469422163600D-05 -4.58357504495328700D-01 -1.59946220158072200D-01
45 29 -2.49718328208285800D-04  6.98712124874558500D-05  1.06064982875102800D-04 -1.31761274125037000D-04  1.89003517018599800D-02
45 30  3.00856102408839400D-04 -8.93270881591806800D-06  2.68332223017654300D-06  2.04947232668761300D-04 -8.55186305823739200D-03
45 31 -3.33385597332939800D-04 -4.73658438569073800D-06 -1.98520291509695400D-04 -1.07729036122540400D-04  8.54691030573922200D-03
45 32  2.98375429696791500D-04 -5.80212318600045800D-05  1.92762938670547300D-04 -7.34457159153293500D-05 -1.88947544814816900D-02
46  1  5.72867259508090000D-02  1.09653295024045700D-01 -1.20164126578537500D-01  8.56757187782472300D-02 -8.52734173043318300D-02
46  2 -1.55607828269706300D-05 -3.67524297678036000D-01 -3.75403751342299700D-01  1.76227541175388700D-05 -9.04011506601309500D-02
46  3  6.58555966427173500D-02  2.45455540174129200D-02  2.25597523148618400D-01 -1.75262362334163600D-05  9.38613545186397500D-05
46  4  5.73135882270025300D-02  1.09714140874670600D-01 -1.20145377555410100D-01 -1.16675495145154700D-01  3.15672257504304400D-02
46  5  1.96730309481110300D-05 -1.41156517484764000D-01 -5.05703307812778200D-01 -1.70149157044983800D-05 -1.42429863229617700D-01
46  6  1.17892250499642300D-01  2.45376127299750400D-02  1.90814922416478000D-01 -9.03240191262816000D-05 -2.80807025948794200D-05
46  7 -3.10364832961074800D-02 -6.91193134708641100D-02 -5.49092896652675800D-01 -1.07493697883025300D-01 -6.27232834188408800D-02
46  8 -8.35878865560800700D-05  3.49463117879864300D-01  1.04379572663589200D-01  6.37200622509391600D-05  2.45497603313275700D-02
46  9 -1.95846434848150500D-02 -4.96511684651227600D-03  3.23833921407262500D-01  7.29454906981666300D-05 -3.77476158202599400D-05
46 10 -5.63289972544839700D-02 -1.06870148325695100D-01  4.80905074965301700D-01 -1.03323211717525300D-01 -5.04870828468315200D-02
46 11 -2.07976550674571600D-06  1.64585296234437100D-01  6.80128119139195400D-04  6.29602386838138900D-06 -8.19050646887113800D-02
46 12  9.37712181096473900D-02 -1.18661534209362400D-02  6.18778540147424600D-03  6.52434282063673500D-05  2.79135204394422400D-05
46 13 -5.63573037496831300D-02 -1.06918211092774000D-01  4.81265420642296600D-01  7.92050418287775100D-03 -1.14753549566451900D-01
46 14  7.75770245239142800D-06 -8.16460607922368700D-02  1.42967373441994400D-01 -1.75408553590769600D-06  4.52744992177623000D-02
46 15 -3.33773704282108000D-02 -1.18971287895518500D-02  9.10812426407249500D-02  8.89566994703774000D-06 -7.11563845080105600D-05
46 16 -3.10179255991905800D-02 -6.90892657633712700D-02 -5.49544775727476800D-01 -5.54646683439170600D-04 -1.24506642711112200D-01
46 17  7.86866559847690000D-05 -8.44920391666233000D-02  3.54905861051898400D-01 -6.91223444679154900D-05 -2.51539016952696600D-01
46 18  2.56481764595238900D-01 -4.94274764254204400D-03  1.39893456118717900D-01  6.77962534403972600D-05 -4.52574811802040200D-05
46 19 -6.14623588506580000D-02 -1.21813546525766200D-01  3.59180827242453300D-01  3.01752630673316900D-02 -4.90304208630503400D-02
46 20  1.31809920963781200D-02 -1.61114289837572700D-05  8.57473506022937100D-02 -9.27311103368048000D-02 -2.77750861289549600D-05
46 21  1.57278578176001800D-01 -4.79243989294158800D-03  2.02273726301202900D-05  1.15684733487002800D-01  1.05548714534184200D-01
46 22 -2.21233448021186600D-01  8.16612619442080300D-01  5.75685514666357200D-06  1.14679981712444300D-04 -6.17177366971028800D-02
46 23 -7.57486641998195600D-02  1.37466400896922400D-01 -4.92650926541381200D-01 -9.52488309120659800D-08 -4.62139832492588800D-05
46 24 -6.14222433054742000D-02 -1.21727986243165100D-01  3.58979458176627400D-01  3.00717549309911400D-02  3.59032430521224500D-02
46 25 -3.58693309860052800D-02  8.69586941817022000D-06 -1.23103238582978200D-01  2.79143796851116600D-02  2.85707226284456800D-05
46 26 -8.27663049159213500D-02  1.33780696658847200D-01 -1.90527260703124600D-05 -5.04404471135665100D-01  7.25601114203835100D-01
46 27 -2.21196643068169600D-01  4.03039587851922800D-01 -9.86596675463768000D-05 -6.01499596094738500D-05  2.97255762814410400D-01
46 28 -4.34710637515607600D-01  1.37454874701197300D-01 -2.53238430465034200D-01  4.08722247120220100D-05  2.12416375787972600D-05
46 29  1.32289789466715900D-01 -5.87434029811234900D-04 -1.59509223536357400D-01 -2.35524593015409600D-02 -1.85034509426385500D-05
46 30 -1.00058230854420600D-01 -3.08323144227800200D-02  1.59823882888597700D-03 -4.41837001197923100D-02 -2.50814980960019200D-06
46 31 -1.00175371129357200D-01 -3.08290285446898800D-02 -3.91229744175197700D-02 -2.07539785108793000D-02  2.85002002829778900D-06
46 32  1.32381946408067400D-01 -6.02396162513449100D-04  5.94260017844599700D-02 -1.49945485161145400D-01  1.82079111339623800D-05
47  1  1.12753907134601700D-01  2.78351566977695100D-01  5.66841272194772500D-01 -7.18051678594755200D-02  1.65197735938449400D-01
47  2 -1.12542450990464300D-06  7.04615320842612800D-01  2.39817449977077500D+00  5.34599723692309300D-06  4.39352091289117700D-01
47  3 -2.88278189872358600D-01 -1.51073901416757600D-01 -2.66260422203508300D-02 -2.60704441497650400D-06  5.45132045965128200D-06
47  4 -1.12741755427022400D-01 -2.78315822869052500D-01 -5.66865657802719200D-01 -1.78946716262548100D-01 -2.04076697310877200D-02
47  5  1.45437780899780400D-06 -1.72434348031704500D+00 -1.80946803543359600D+00 -3.22415406709000700D-06  8.63403146077036800D-02
47  6 -2.37400130579405100D-01  1.51059815971700100D-01  3.77221417628623600D-01 -6.46091787088636500D-06 -2.81650933980015200D-06
47  7  1.10001042055087100D-01  1.89662328624546600D-01 -2.39022774277779400D+00 -2.51723153661742200D-01  3.37803551842909400D-02
47  8 -3.12352260877228100D-06  9.68765071878299500D-01 -2.07474504676625100D-01  9.54996149657809500D-06 -4.11869397779748100D-01
47  9  3.07152711348556200D-01  1.04716686431190200D-01  7.48162848630449000D-01  5.47102449938021100D-06 -1.99388532783537400D-06
47 10 -1.05858437337240800D-01 -1.77391456481392400D-01  1.85059305576055100D+00 -3.12511210307216600D-02 -2.39062093528493400D-01
47 11 -9.93619441739355000D-07  4.06567610552020700D-01  5.48117113141708900D-01 -6.46109216099807000D-07 -7.18699739373381100D-01
47 12  8.65711689816720600D-01 -1.47011950443341200D-01  6.00174599989045200D-02  6.02903648801496100D-06  2.09541035208126700D-06
47 13  1.05861184793740200D-01  1.77397319109728000D-01 -1.85054792075232400D+00  1.91368788408628100D-01  1.46604172607300700D-01
47 14 -1.42133194662103300D-06 -2.71365020111682200D-01 -6.26167811307000900D-01 -1.88215168649509300D-06 -4.24454738784623600D-01
47 15  2.77460878761837800D-01  1.46993860022787200D-01 -8.22278178163729900D-01  9.83876628595060500D-07 -5.66842857425113100D-06
47 16 -1.10024324593196000D-01 -1.89709477431284500D-01  2.39025519692671200D+00 -1.55113239750358400D-01  2.01099614597512000D-01
47 17  8.91695296107883500D-06  6.64199941471531100D-01 -7.35118704605721600D-01 -4.74552750853660800D-06  4.33840681480068800D-01
47 18 -3.29130208904243400D-01 -1.04710472575825600D-01 -7.33470833903700800D-01  5.54248940051008000D-06 -3.27206932328362200D-06
47 19  3.45691632741344800D-01  6.85836237225296500D-01 -2.02177694805053900D+00 -6.86280277959081100D-01 -1.92588456114949600D-02
47 20 -1.15124929620270600D-01  1.74975753572892500D-07 -8.47689788936671100D-03  7.22341583744462900D-01 -4.17283246762547500D-06
47 21 -4.60376201929274200D-02  1.37373693046908700D-01  2.83144847497760800D-07 -3.47887292328554200D-01 -2.82895591558327300D-01
47 22  6.30782883886881800D-01  4.06431471668637500D-02  9.97196377849355300D-07  5.26344247509758500D-06  3.02043183924278500D-01
47 23  4.46424088378210000D-02 -3.46685592762098300D-01 -5.89554951050598700D-02 -1.27415338622325200D-07 -1.62352730529274500D-06
47 24 -3.45685231814353500D-01 -6.85834354983235500D-01  2.02171670054455200D+00  6.86265215354060900D-01  9.00757855011279900D-02
47 25  7.42527440826326700D-02  2.22397538229045100D-06 -6.29728083883317600D-01 -3.53868247571615400D-01  2.52848848429401900D-07
47 26 -1.41996248237052200D-01 -2.88163952489286500D-02 -1.24868980442488600D-06  3.29536319872611100D-01  3.01247488518895700D-01
47 27 -6.30783808391506600D-01 -5.28394699505914900D-02 -3.10505308598765400D-06 -2.11240692416442600D-06 -1.53193714985898700D-01
47 28 -1.93501580841849300D-01  3.46695295827747900D-01  1.58181996695968000D-01  9.33990045593746200D-07  6.04761706574713400D-07
47 29  5.57041072746644100D-01 -1.86605486013673600D-01 -3.42866303259375900D-01  1.84217624445873600D-01 -1.09125216351526900D-06
47 30 -6.45530111508618300D-01  3.36033489588281300D-02 -3.56981266047894500D-02 -4.11623913863901200D-01 -4.86275222717150200D-07
47 31  6.45487587194895700D-01 -3.36114166242244300D-02  3.38589860775541300D-01  2.36750180749479900D-01  2.30178099831848100D-07
47 32 -5.57001320509673000D-01  1.86623819934924700D-01 -3.30978634970420400D-01  2.04759473104602400D-01  1.38414294625336800D-06
48  1 -5.81992746402966000D-02 -1.15023357414241800D-01 -4.92496203305375100D-01 -1.35499101169171000D-01  3.38906442433148900D-02
48  2 -4.54953736040900500D-06 -5.26972743069937200D-01  3.84648777720649300D-01  1.73472390683654000D-05 -8.26885826774655500D-02
48  3  1.01665411700384100D-01 -1.89768290229191500D-02  5.76205802123242800D-01 -2.77505049500993800D-06  2.14363336263626400D-05
48  4  5.82213545697605900D-02  1.15088232482281300D-01  4.92773011712011500D-01 -9.69855164872029000D-02  1.00443845646334800D-01
48  5  1.02749181478565000D-05 -5.96394610272333000D-01  2.64122469819290500D-01 -1.76907894262646200D-05  3.76719802164785500D-01
48  6 -3.95647642126408700D-01  1.89278399616222200D-02 -3.80129370400815600D-01 -1.96213234657208200D-05 -2.98452381236190500D-06
48  7  6.10693275534021900D-02  1.38936368045807500D-01  2.03496479915518500D-01  9.82285690607054400D-02  1.88798887198829100D-01
48  8 -2.84779481876209900D-05  5.77893701111127100D-02 -1.37077444538678500D-01  1.96993862933364600D-05 -5.88682004146755500D-02
48  9  7.56102615860041000D-02 -1.67420611713283700D-02 -3.19459714250350700D-01  1.89631697107859600D-05 -9.14794514022226100D-06
48 10  6.35135277826730700D-02  1.17172098937007500D-01 -2.05738593994854400D-01  9.43016705418330100D-02  1.01373638977273700D-01
48 11  2.44964505363284600D-07 -1.20169323863141400D-01  2.90594164462525700D-02  1.44575063543565000D-06  2.10166610171027700D-01
48 12 -2.52099724365712800D-01  4.19331141946851100D-02  5.39668089872840200D-02  1.78927506382113600D-05  6.83806988400218100D-06
48 13 -6.35220187454107000D-02 -1.17185426601568000D-01  2.05691770547622300D-01 -4.06257992905874800D-02 -1.32354056585666400D-01
48 14  5.49687456033281600D-06 -8.52387522928319300D-02  8.95311889273254400D-02  3.80143238500314700D-06  1.76973778452214600D-01
48 15 -1.35035362232622600D-01 -4.19384162195919300D-02  2.04181950321730800D-01  3.61407977707488500D-06 -2.00536307471714300D-05
48 16 -6.10622839505833100D-02 -1.38922309469378800D-01 -2.03457817451698600D-01 -1.14371264572028600D-01 -1.79475356908936800D-01
48 17  1.88931525084333800D-05  1.47664977451472300D-01  1.84162240969183800D-02 -2.85182553048803600D-05 -2.81589247544236300D-01
48 18  2.64841106892080300D-01  1.67481406521556700D-02  9.24162572627865600D-02  1.54962560487673100D-05 -1.28273983505557400D-05
48 19 -6.13005569373257000D-03 -1.66588385685245100D-02 -1.55135405786509900D-01  6.60452126443909400D-02 -8.67976747398002800D-02
48 20  5.27105557289515900D-02 -4.39006198526778200D-06 -1.34638590089516800D-02 -3.96287473030748400D-02 -7.41975094944589800D-06
48 21  2.46873275170465500D-01  1.31762093699687500D-03  2.04159675345642900D-06  6.05147994751814600D-03 -8.75769424011406100D-02
48 22  8.15254624536223000D-02  8.45522233961814900D-01  3.77703342765056900D-06  7.78896436449836100D-06 -1.03117765041586500D-02
48 23  9.17035949032291000D-02 -8.13918183990704500D-02 -4.00835589706437300D-01 -1.94542102897342800D-06  3.02354587320830400D-07
48 24  6.18798826699280000D-03  1.67722094267807100D-02  1.54695643625695700D-01 -6.61219960551346600D-02 -8.90488845376491800D-02
48 25  4.88302682959048900D-02 -3.88812915179928400D-06  2.77634017253966800D-02  3.15809593973778700D-02  9.98936390353529800D-06
48 26  1.22318047697554000D-01 -2.14454325484373200D-01  1.74498422051813200D-07  6.98292602376368100D-01 -6.16901497874781500D-01
48 27 -8.13911045015869700D-02 -3.75967460970795300D-01 -3.99043816434451000D-06 -6.44950060633973200D-06 -3.66842736689938400D-01
48 28  2.85500584799926600D-01  8.13421518900119700D-02  1.49385600322708500D-01 -2.19174248374603100D-06 -4.46055508121635200D-08
48 29 -1.52075405698758800D-01 -1.22659436064642500D-01  1.36201129615291300D-01  3.13802227627017500D-02 -4.65445731915230200D-06
48 30  1.92130748978186900D-01  4.43240955267855700D-02  3.31153836138594000D-02  1.13045438796013100D-01 -1.09668986956197000D-06
48 31 -1.92116838296636500D-01 -4.43127948243230000D-02 -8.13318991747050700D-02 -8.52064928846414700D-02  1.58164841309448400D-06
48 32  1.52078627637561700D-01  1.22692752214072500D-01  4.09372983033318700D-02 -1.33630962365154400D-01  4.06665857225497900D-06
49  1 -1.27833793034148300D-01 -3.62256073089123300D-01 -1.15054653228009100D+00 -4.78228733566980500D-02 -5.05868323676235400D-01
49  2 -1.13313827164257500D-05  1.23016434668038700D-01 -1.02188779741416700D+00  6.40470424162345600D-06  2.49372615192096900D-01
49  3 -4.52623625780187300D-01  2.03251010588089300D-01 -5.58352385820662400D-02 -6.82152305501275500D-06  7.87704346106588800D-06
49  4 -1.27850291150791500D-01 -3.62277248794993000D-01 -1.15038759023470200D+00 -4.14154570635905700D-01 -2.94346342078529900D-01
49  5 -1.70482191270158800D-07 -9.46601506942344800D-01 -4.04499485362192300D-01 -6.91838797016062000D-06 -2.35011084423530100D-01
49  6  3.17737031457211300D-02  2.03237381277809300D-01 -3.78902674284331800D-01 -9.99847691214963200D-06 -7.98301522530373900D-06
49  7  2.43911254619668900D-02  5.46242886506669600D-02 -8.79026736032113100D-03  6.60601647922407900D-03 -1.27233130683697400D-03
49  8 -4.16102217299569400D-06  3.61493615423270100D-01 -8.05633898753332200D-02  1.90969959826394400D-05  4.03890667947695600D-02
49  9 -1.22236553965685200D-02 -2.81654113982006600D-02 -1.12677828177260500D-01  9.45407360552637700D-06 -2.07424668651138400D-06
49 10  3.48047242353405900D-02  6.06061601034367200D-02  4.72925271543071000D-02  2.87489338573332600D-02  2.66039956693275000D-02
49 11 -9.60045413179461000D-06  1.03026781908477600D-02 -5.04008174183421600D-02 -7.51265643377905200D-06  2.23604866601803000D-02
49 12 -6.12393732701930700D-02  3.88788866100132700D-02 -2.58691624009219000D-02  1.04129353593698700D-05  3.40376541666074500D-06
49 13  3.48105379821178500D-02  6.06146202065136000D-02  4.71321672309840300D-02  8.68378654834275900D-03  3.81945107930576600D-02
49 14 -5.25015518094674400D-06 -4.88554625008415100D-02 -1.63097459938843000D-02 -4.73795909026220000D-06 -2.09574621083453800D-02
49 15 -1.79379867615287800D-02  3.88954488698742600D-02 -5.48463492211086400D-02  9.37953898748758100D-07 -8.67795044174713200D-06
49 16  2.43602660704638900D-02  5.45683163839458700D-02 -8.62055342989083800D-03 -4.45790871338929700D-03  5.07116247540061500D-03
49 17  2.09052174256389100D-05 -2.50477931500277600D-01  2.72730644761342000D-01 -3.36237540546200700D-06  8.54802722283496100D-02
49 18 -5.72913990774577300D-02 -2.81888731508929300D-02 -8.27554190684182000D-02  1.04280549568903400D-05 -5.30857800809792900D-06
49 19 -2.23808731190404500D-01 -4.15963684862906500D-01  1.79068798648398900D+00  3.24711380403558900D-01  3.72742559571601600D-03
49 20 -1.13762436228020300D-01  1.03688750326771000D-05  2.87635682782733700D-02 -8.80867698848894400D-01 -5.63650111783221500D-06
49 21 -3.84671739733018600D-02  2.07568682934264200D-02 -1.11764831773267700D-06 -3.54992267864552000D-01  8.74628072930284800D-01
49 22 -5.19635805065733700D-01 -1.21250482016289900D-01  1.50142189568505600D-06  5.57422840679015300D-06  5.05806107468410000D-02
49 23 -2.20808630713579600D-01  1.70228019966738700D-01  4.76396119001338200D-02  3.35301847558479000D-07  4.99113505081992000D-07
49 24 -2.23832373910290500D-01 -4.16019284981748500D-01  1.79072309047936700D+00  3.24714215622131100D-01 -1.00368593268310300D-01
49 25 -5.36463734592536800D-02  1.17706661296432800D-05 -7.77186492387355200D-01 -4.15602528730961600D-01  2.83984314956088900D-06
49 26  3.72300809270754700D-02 -2.29971074200771000D-02 -2.32426962012254300D-06  6.58197789493023300D-01 -1.38543054374517600D-01
49 27 -5.19654735118506000D-01  5.54112492579706700D-01 -4.16612556686306800D-06 -1.04748659546349000D-06 -1.88741926747030200D-01
49 28  1.84976652252696700D-02  1.70244261521760600D-01 -1.11819043222710100D-01  5.12012537098959500D-07  2.17026845966610100D-07
49 29 -1.29542768534300500D-01 -1.75246327279459500D-01  6.53986867570272700D-02  2.70963413972632300D-04 -1.60169745467673300D-06
49 30  3.17153502384378000D-02 -2.10622071746854700D-02 -9.67778806743951900D-03  2.57167032855645700D-02 -1.24789857865761600D-06
49 31  3.17858585193112100D-02 -2.10727156694334000D-02  2.71530795070295900D-02  4.49518739381052700D-03  2.14468896581450200D-07
49 32 -1.29630809762473100D-01 -1.75215156010422200D-01 -3.25258522454374100D-02  5.67766030480857000D-02  2.81483236811980700D-06
50  1 -4.65372408990281200D-02 -1.96001639357213500D-01 -6.31126839561243400D-01 -2.32807026674952300D-02 -4.89639510671108600D-01
50  2 -6.19018511671572400D-06 -1.13724331626606600D-01 -1.73709009975205700D+00  2.87138394769543600D-05  6.01912400711130200D-01
50  3 -8.24324754960264100D-01  2.22412354249134400D-01  4.40877125437294900D-02 -4.36155519603342100D-06  2.88532449372163300D-05
50  4  4.65625948360855600D-02  1.96058979769427300D-01  6.31247780187480200D-01  4.12457010279593000D-01  2.65056370816941800D-01
50  5  1.26898088722891400D-05  1.44751875606913200D+00  9.67247252108526200D-01 -2.97338107309342400D-05  5.00734598494850900D-01
50  6 -2.78297470443742700D-01 -2.22437128051108700D-01  6.91212987807817300D-01 -2.68880455911055500D-05 -4.38856843026233900D-06
50  7  3.04317903445218700D-02  4.70586578682720800D-02  2.50541079206723400D-01 -1.12174695810610100D-01  8.01149527450400700D-02
50  8 -3.93394495626661400D-05 -3.62417650340413100D-01  2.27278263799447000D-01  3.14222945533507700D-05 -2.83167273170422600D-01
50  9  1.93548910539194000D-01  8.96183626312296200D-02  5.06283129289882600D-01  2.59895903013945500D-05 -1.30498584176055600D-05
50 10 -5.28003444343184400D-02 -9.34442404150562100D-02  8.02270582346682200D-02 -2.63447332049450000D-02 -1.17805576967128600D-01
50 11  1.17602645321242100D-06  7.36704729637503600D-03 -6.26043773467976100D-02  2.65829225541013300D-06 -4.24594229216971300D-01
50 12  4.89343055297147100D-01 -6.47488260801745400D-02  8.24251251229024800D-02  2.52973910101883700D-05  9.20959869199586700D-06
50 13  5.28006925505433100D-02  9.34461312661888600D-02 -8.01969394410329100D-02  8.88224631589194200D-02  8.17271087329560600D-02
50 14  7.57250670818350800D-06  5.78927461372065500D-02  2.49381988611396600D-02  4.82988858209298500D-06 -1.98955805271105400D-01
50 15  1.34217433663316600D-01  6.47383716077878900D-02 -4.98218649797250000D-01  5.45331006924946000D-06 -2.78046603402740400D-05
50 16 -3.04440995983118200D-02 -4.70803810462307500D-02 -2.50534646050010800D-01 -1.25460000229797400D-01  5.70882806918679300D-02
50 17  2.85846053985209700D-05 -3.78006053457973400D-01  2.00173561421559200D-01 -4.14210999445971700D-05  3.05437483382391500D-01
50 18 -2.15821828127874000D-01 -8.96156552545164500D-02 -4.91434218333708000D-01  2.20488182619268800D-05 -1.71383950246554900D-05
50 19 -1.23362550987891900D-01 -2.05324957633717400D-01  1.80602267414513600D+00  7.12681947208791000D-01 -8.64342863482993200D-03
50 20 -2.33407411176946600D-01 -8.00005288750840800D-06 -2.57390633198876100D-02 -8.23510477361820000D-01 -1.19719760073139100D-05
50 21  1.47783993842529000D-01 -7.87285244049353000D-02  2.05283513936969500D-06 -5.36058439789474100D-01  8.51997948939565800D-01
50 22 -3.15939509150092100D-01  1.14992530211057000D-01  1.79180722280823100D-06  7.42307114168948000D-06  1.84392696496467800D-01
50 23 -2.83810411114846100D-01  9.94177146183780800D-02 -6.51880346701435400D-02 -7.32523063451729400D-07  2.11778703097136600D-06
50 24  1.23386383987070500D-01  2.05372153718397600D-01 -1.80625569441893200D+00 -7.12731477164744400D-01  1.97810004087175500D-01
50 25  1.24225414381331500D-01 -2.97340237474653700D-06  7.00357011497316600D-01  4.34174194797615300D-01  1.55760895555007700D-05
50 26  1.42077737521452500D-01 -8.86016183129708200D-02  5.82130506976791600D-07 -4.18678032507643300D-01  1.02685883547507700D-01
50 27  3.15992148960136200D-01 -7.51663930454013300D-01 -3.36042399630373300D-06 -5.73082416756705200D-06  1.17839061619627500D-01
50 28 -1.84079815388382000D-02 -9.94310800807892300D-02  2.66729649188263600D-01 -3.92058172605092700D-06 -1.58745951851394200D-06
50 29  4.17492297908646200D-01  1.51923431503314600D-01 -2.12500705638039000D-01  8.59596406028474000D-02 -6.09598538186850300D-06
50 30 -3.43612403825071700D-01 -2.81839498654006200D-02  9.77467081007614100D-03 -2.01905561591913300D-01 -2.04645846133209800D-06
50 31  3.43598890044422100D-01  2.81841106170410600D-02  1.79729781431840300D-01  9.25010159305564200D-02  2.60749033566557000D-06
50 32 -4.17479027058533700D-01 -1.51898252902106800D-01 -1.80709990636729500D-01  1.41022826488548800D-01  5.33108351863959000D-06
51  1  0.00000000000000000D+00  0.00000000000000000D+00  0.00000000000000000D+00  0.00000000000000000D+00  0.00000000000000000D+00
51  2  0.00000000000000000D+00  0.00000000000000000D+00  0.00000000000000000D+00  0.00000000000000000D+00  0.00000000000000000D+00
51  3  0.00000000000000000D+00  0.00000000000000000D+00  0.00000000000000000D+00  0.00000000000000000D+00  0.00000000000000000D+00
51  4  0.00000000000000000D+00  0.00000000000000000D+00  0.00000000000000000D+00  0.00000000000000000D+00  0.00000000000000000D+00
51  5  0.00000000000000000D+00  0.00000000000000000D+00  0.00000000000000000D+00  0.00000000000000000D+00  0.00000000000000000D+00
51  6  0.00000000000000000D+00  0.00000000000000000D+00  0.00000000000000000D+00  0.00000000000000000D+00  0.00000000000000000D+00
51  7  0.00000000000000000D+00  0.00000000000000000D+00  0.00000000000000000D+00  0.00000000000000000D+00  0.00000000000000000D+00
51  8  0.00000000000000000D+00  0.00000000000000000D+00  0.00000000000000000D+00  0.00000000000000000D+00  0.00000000000000000D+00
51  9  0.00000000000000000D+00  0.00000000000000000D+00  0.00000000000000000D+00  0.00000000000000000D+00  0.00000000000000000D+00
51 10  0.00000000000000000D+00  0.00000000000000000D+00  0.00000000000000000D+00  0.00000000000000000D+00  0.00000000000000000D+00
51 11  0.00000000000000000D+00  0.00000000000000000D+00  0.00000000000000000D+00  0.00000000000000000D+00  0.00000000000000000D+00
51 12  0.00000000000000000D+00  0.00000000000000000D+00  0.00000000000000000D+00  0.00000000000000000D+00  0.00000000000000000D+00
51 13  0.00000000000000000D+00  0.00000000000000000D+00  0.00000000000000000D+00  0.00000000000000000D+00  0.00000000000000000D+00
51 14  0.00000000000000000D+00  0.00000000000000000D+00  0.00000000000000000D+00  0.00000000000000000D+00  0.00000000000000000D+00
51 15  0.00000000000000000D+00  0.00000000000000000D+00  0.00000000000000000D+00  0.00000000000000000D+00  0.00000000000000000D+00
51 16  0.00000000000000000D+00  0.00000000000000000D+00  0.00000000000000000D+00  0.00000000000000000D+00  0.00000000000000000D+00
51 17  0.00000000000000000D+00  0.00000000000000000D+00  0.00000000000000000D+00  0.00000000000000000D+00  0.00000000000000000D+00
51 18  0.00000000000000000D+00  0.00000000000000000D+00  0.00000000000000000D+00  0.00000000000000000D+00  0.00000000000000000D+00
51 19  0.00000000000000000D+00  0.00000000000000000D+00  0.00000000000000000D+00  0.00000000000000000D+00  0.00000000000000000D+00
51 20  0.00000000000000000D+00  0.00000000000000000D+00  0.00000000000000000D+00  0.00000000000000000D+00  0.00000000000000000D+00
51 21  0.00000000000000000D+00  0.00000000000000000D+00  0.00000000000000000D+00  0.00000000000000000D+00  0.00000000000000000D+00
51 22  0.00000000000000000D+00  0.00000000000000000D+00  0.00000000000000000D+00  0.00000000000000000D+00 -4.47213595499956600D-01
51 23 -4.47213595499956500D-01 -4.47213595499956700D-01  0.00000000000000000D+00  0.00000000000000000D+00  0.00000000000000000D+00
51 24  0.00000000000000000D+00  0.00000000000000000D+00  0.00000000000000000D+00  0.00000000000000000D+00  0.00000000000000000D+00
51 25  0.00000000000000000D+00  0.00000000000000000D+00  0.00000000000000000D+00  0.00000000000000000D+00  0.00000000000000000D+00
51 26  0.00000000000000000D+00  0.00000000000000000D+00  0.00000000000000000D+00  0.00000000000000000D+00  0.00000000000000000D+00
51 27  0.00000000000000000D+00  0.00000000000000000D+00  0.00000000000000000D+00  0.00000000000000000D+00  0.00000000000000000D+00
51 28  0.00000000000000000D+00  0.00000000000000000D+00  0.00000000000000000D+00  0.00000000000000000D+00  0.00000000000000000D+00
51 29  0.00000000000000000D+00  0.00000000000000000D+00  0.00000000000000000D+00  0.00000000000000000D+00  0.00000000000000000D+00
51 30  0.00000000000000000D+00  0.00000000000000000D+00  0.00000000000000000D+00  0.00000000000000000D+00  0.00000000000000000D+00
51 31  0.00000000000000000D+00  0.00000000000000000D+00  0.00000000000000000D+00  0.00000000000000000D+00  0.00000000000000000D+00
51 32  0.00000000000000000D+00  0.00000000000000000D+00  0.00000000000000000D+00  0.00000000000000000D+00  0.00000000000000000D+00
52  1  0.00000000000000000D+00  0.00000000000000000D+00  0.00000000000000000D+00  0.00000000000000000D+00  0.00000000000000000D+00
52  2  0.00000000000000000D+00  0.00000000000000000D+00  0.00000000000000000D+00  0.00000000000000000D+00  0.00000000000000000D+00
52  3  0.00000000000000000D+00  0.00000000000000000D+00  0.00000000000000000D+00  0.00000000000000000D+00  0.00000000000000000D+00
52  4  0.00000000000000000D+00  0.00000000000000000D+00  0.00000000000000000D+00  0.00000000000000000D+00  0.00000000000000000D+00
52  5  0.00000000000000000D+00  0.00000000000000000D+00  0.00000000000000000D+00  0.00000000000000000D+00  0.00000000000000000D+00
52  6  0.00000000000000000D+00  0.00000000000000000D+00  0.00000000000000000D+00  0.00000000000000000D+00  0.00000000000000000D+00
52  7  0.00000000000000000D+00  0.00000000000000000D+00  0.00000000000000000D+00  0.00000000000000000D+00  0.00000000000000000D+00
52  8  0.00000000000000000D+00  0.00000000000000000D+00  0.00000000000000000D+00  0.00000000000000000D+00  0.00000000000000000D+00
52  9  0.00000000000000000D+00  0.00000000000000000D+00  0.00000000000000000D+00  0.00000000000000000D+00  0.00000000000000000D+00
52 10  0.00000000000000000D+00  0.00000000000000000D+00  0.00000000000000000D+00  0.00000000000000000D+00  0.00000000000000000D+00
52 11  0.00000000000000000D+00  0.00000000000000000D+00  0.00000000000000000D+00  0.00000000000000000D+00  0.00000000000000000D+00
52 12  0.00000000000000000D+00  0.00000000000000000D+00  0.00000000000000000D+00  0.00000000000000000D+00  0.00000000000000000D+00
52 13  0.00000000000000000D+00  0.00000000000000000D+00  0.00000000000000000D+00  0.00000000000000000D+00  0.00000000000000000D+00
52 14  0.00000000000000000D+00  0.00000000000000000D+00  0.00000000000000000D+00  0.00000000000000000D+00  0.00000000000000000D+00
52 15  0.00000000000000000D+00  0.00000000000000000D+00  0.00000000000000000D+00  0.00000000000000000D+00  0.00000000000000000D+00
52 16  0.00000000000000000D+00  0.00000000000000000D+00  0.00000000000000000D+00  0.00000000000000000D+00  0.00000000000000000D+00
52 17  0.00000000000000000D+00  0.00000000000000000D+00  0.00000000000000000D+00  0.00000000000000000D+00  0.00000000000000000D+00
52 18  0.00000000000000000D+00  0.00000000000000000D+00  0.00000000000000000D+00  0.00000000000000000D+00  0.00000000000000000D+00
52 19  0.00000000000000000D+00  0.00000000000000000D+00  0.00000000000000000D+00  0.00000000000000000D+00  0.00000000000000000D+00
52 20  0.00000000000000000D+00  0.00000000000000000D+00  0.00000000000000000D+00  0.00000000000000000D+00  0.00000000000000000D+00
52 21  0.00000000000000000D+00  0.00000000000000000D+00  0.00000000000000000D+00  0.00000000000000000D+00  0.00000000000000000D+00
52 22  0.00000000000000000D+00  0.00000000000000000D+00  0.00000000000000000D+00  0.00000000000000000D+00  0.00000000000000000D+00
52 23  0.00000000000000000D+00  0.00000000000000000D+00  0.00000000000000000D+00  0.00000000000000000D+00  0.00000000000000000D+00
52 24  0.00000000000000000D+00  0.00000000000000000D+00  0.00000000000000000D+00  0.00000000000000000D+00  0.00000000000000000D+00
52 25  0.00000000000000000D+00  0.00000000000000000D+00  0.00000000000000000D+00  0.00000000000000000D+00  0.00000000000000000D+00
52 26  0.00000000000000000D+00  0.00000000000000000D+00  0.00000000000000000D+00  0.00000000000000000D+00  0.00000000000000000D+00
52 27  0.00000000000000000D+00  0.00000000000000000D+00  0.00000000000000000D+00  0.00000000000000000D+00 -4.47213595499956700D-01
52 28 -4.47213595499956700D-01 -4.47213595499956700D-01  0.00000000000000000D+00  0.00000000000000000D+00  0.00000000000000000D+00
52 29  0.00000000000000000D+00  0.00000000000000000D+00  0.00000000000000000D+00  0.00000000000000000D+00  0.00000000000000000D+00
52 30  0.00000000000000000D+00  0.00000000000000000D+00  0.00000000000000000D+00  0.00000000000000000D+00  0.00000000000000000D+00
52 31  0.00000000000000000D+00  0.00000000000000000D+00  0.00000000000000000D+00  0.00000000000000000D+00  0.00000000000000000D+00
52 32  0.00000000000000000D+00  0.00000000000000000D+00  0.00000000000000000D+00  0.00000000000000000D+00  0.00000000000000000D+00
53  1  0.00000000000000000D+00  0.00000000000000000D+00  0.00000000000000000D+00  0.00000000000000000D+00  0.00000000000000000D+00
53  2  0.00000000000000000D+00  0.00000000000000000D+00  0.00000000000000000D+00  0.00000000000000000D+00  0.00000000000000000D+00
53  3  0.00000000000000000D+00  0.00000000000000000D+00  0.00000000000000000D+00  0.00000000000000000D+00  0.00000000000000000D+00
53  4  0.00000000000000000D+00  0.00000000000000000D+00  0.00000000000000000D+00  0.00000000000000000D+00  0.00000000000000000D+00
53  5  0.00000000000000000D+00  0.00000000000000000D+00  0.00000000000000000D+00  0.00000000000000000D+00  0.00000000000000000D+00
53  6  0.00000000000000000D+00  0.00000000000000000D+00  0.00000000000000000D+00  0.00000000000000000D+00  0.00000000000000000D+00
53  7  0.00000000000000000D+00  0.00000000000000000D+00  0.00000000000000000D+00  0.00000000000000000D+00  0.00000000000000000D+00
53  8  0.00000000000000000D+00  0.00000000000000000D+00  0.00000000000000000D+00  0.00000000000000000D+00  0.00000000000000000D+00
53  9  0.00000000000000000D+00  0.00000000000000000D+00  0.00000000000000000D+00  0.00000000000000000D+00  0.00000000000000000D+00
53 10  0.00000000000000000D+00  0.00000000000000000D+00  0.00000000000000000D+00  0.00000000000000000D+00  0.00000000000000000D+00
53 11  0.00000000000000000D+00  0.00000000000000000D+00  0.00000000000000000D+00  0.00000000000000000D+00  4.47213595499956400D-01
53 12  4.47213595499956400D-01  4.47213595499956600D-01  0.00000000000000000D+00  0.00000000000000000D+00  0.00000000000000000D+00
53 13  0.00000000000000000D+00  0.00000000000000000D+00  0.00000000000000000D+00  0.00000000000000000D+00  0.00000000000000000D+00
53 14  0.00000000000000000D+00  0.00000000000000000D+00  0.00000000000000000D+00  0.00000000000000000D+00  0.00000000000000000D+00
53 15  0.00000000000000000D+00  0.00000000000000000D+00  0.00000000000000000D+00  0.00000000000000000D+00  0.00000000000000000D+00
53 16  0.00000000000000000D+00  0.00000000000000000D+00  0.00000000000000000D+00  0.00000000000000000D+00  0.00000000000000000D+00
53 17  0.00000000000000000D+00  0.00000000000000000D+00  0.00000000000000000D+00  0.00000000000000000D+00  0.00000000000000000D+00
53 18  0.00000000000000000D+00  0.00000000000000000D+00  0.00000000000000000D+00  0.00000000000000000D+00  0.00000000000000000D+00
53 19  0.00000000000000000D+00  0.00000000000000000D+00  0.00000000000000000D+00  0.00000000000000000D+00  0.00000000000000000D+00
53 20  0.00000000000000000D+00  0.00000000000000000D+00  0.00000000000000000D+00  0.00000000000000000D+00  0.00000000000000000D+00
53 21  0.00000000000000000D+00  0.00000000000000000D+00  0.00000000000000000D+00  0.00000000000000000D+00  0.00000000000000000D+00
53 22  0.00000000000000000D+00  0.00000000000000000D+00  0.00000000000000000D+00  0.00000000000000000D+00  0.00000000000000000D+00
53 23  0.00000000000000000D+00  0.00000000000000000D+00  0.00000000000000000D+00  0.00000000000000000D+00  0.00000000000000000D+00
53 24  0.00000000000000000D+00  0.00000000000000000D+00  0.00000000000000000D+00  0.00000000000000000D+00  0.00000000000000000D+00
53 25  0.00000000000000000D+00  0.00000000000000000D+00  0.00000000000000000D+00  0.00000000000000000D+00  0.00000000000000000D+00
53 26  0.00000000000000000D+00  0.00000000000000000D+00  0.00000000000000000D+00  0.00000000000000000D+00  0.00000000000000000D+00
53 27  0.00000000000000000D+00  0.00000000000000000D+00  0.00000000000000000D+00  0.00000000000000000D+00  0.00000000000000000D+00
53 28  0.00000000000000000D+00  0.00000000000000000D+00  0.00000000000000000D+00  0.00000000000000000D+00  0.00000000000000000D+00
53 29  0.00000000000000000D+00  0.00000000000000000D+00  0.00000000000000000D+00  0.00000000000000000D+00  0.00000000000000000D+00
53 30  0.00000000000000000D+00  0.00000000000000000D+00  0.00000000000000000D+00  0.00000000000000000D+00  0.00000000000000000D+00
53 31  0.00000000000000000D+00  0.00000000000000000D+00  0.00000000000000000D+00  0.00000000000000000D+00  0.00000000000000000D+00
53 32  0.00000000000000000D+00  0.00000000000000000D+00  0.00000000000000000D+00  0.00000000000000000D+00  0.00000000000000000D+00
54  1  0.00000000000000000D+00  0.00000000000000000D+00  0.00000000000000000D+00  0.00000000000000000D+00  0.00000000000000000D+00
54  2  0.00000000000000000D+00  0.00000000000000000D+00  0.00000000000000000D+00  0.00000000000000000D+00  0.00000000000000000D+00
54  3  0.00000000000000000D+00  0.00000000000000000D+00  0.00000000000000000D+00  0.00000000000000000D+00  0.00000000000000000D+00
54  4  0.00000000000000000D+00  0.00000000000000000D+00  0.00000000000000000D+00  0.00000000000000000D+00  0.00000000000000000D+00
54  5  0.00000000000000000D+00  0.00000000000000000D+00  0.00000000000000000D+00  0.00000000000000000D+00  0.00000000000000000D+00
54  6  0.00000000000000000D+00  0.00000000000000000D+00  0.00000000000000000D+00  0.00000000000000000D+00  0.00000000000000000D+00
54  7  0.00000000000000000D+00  0.00000000000000000D+00  0.00000000000000000D+00  0.00000000000000000D+00  0.00000000000000000D+00
54  8  0.00000000000000000D+00  0.00000000000000000D+00  0.00000000000000000D+00  0.00000000000000000D+00  0.00000000000000000D+00
54  9  0.00000000000000000D+00  0.00000000000000000D+00  0.00000000000000000D+00  0.00000000000000000D+00  0.00000000000000000D+00
54 10  0.00000000000000000D+00  0.00000000000000000D+00  0.00000000000000000D+00  0.00000000000000000D+00  0.00000000000000000D+00
54 11  0.00000000000000000D+00  0.00000000000000000D+00  0.00000000000000000D+00  0.00000000000000000D+00  0.00000000000000000D+00
54 12  0.00000000000000000D+00  0.00000000000000000D+00  0.00000000000000000D+00  0.00000000000000000D+00  0.00000000000000000D+00
54 13  0.00000000000000000D+00  0.00000000000000000D+00  0.00000000000000000D+00  0.00000000000000000D+00  0.00000000000000000D+00
54 14  0.00000000000000000D+00  0.00000000000000000D+00  0.00000000000000000D+00  0.00000000000000000D+00 -4.47213595499956700D-01
54 15 -4.47213595499957000D-01 -4.47213595499956600D-01  0.00000000000000000D+00  0.00000000000000000D+00  0.00000000000000000D+00
54 16  0.00000000000000000D+00  0.00000000000000000D+00  0.00000000000000000D+00  0.00000000000000000D+00  0.00000000000000000D+00
54 17  0.00000000000000000D+00  0.00000000000000000D+00  0.00000000000000000D+00  0.00000000000000000D+00  0.00000000000000000D+00
54 18  0.00000000000000000D+00  0.00000000000000000D+00  0.00000000000000000D+00  0.00000000000000000D+00  0.00000000000000000D+00
54 19  0.00000000000000000D+00  0.00000000000000000D+00  0.00000000000000000D+00  0.00000000000000000D+00  0.00000000000000000D+00
54 20  0.00000000000000000D+00  0.00000000000000000D+00  0.00000000000000000D+00  0.00000000000000000D+00  0.00000000000000000D+00
54 21  0.00000000000000000D+00  0.00000000000000000D+00  0.00000000000000000D+00  0.00000000000000000D+00  0.00000000000000000D+00
54 22  0.00000000000000000D+00  0.00000000000000000D+00  0.00000000000000000D+00  0.00000000000000000D+00  0.00000000000000000D+00
54 23  0.00000000000000000D+00  0.00000000000000000D+00  0.00000000000000000D+00  0.00000000000000000D+00  0.00000000000000000D+00
54 24  0.00000000000000000D+00  0.00000000000000000D+00  0.00000000000000000D+00  0.00000000000000000D+00  0.00000000000000000D+00
54 25  0.00000000000000000D+00  0.00000000000000000D+00  0.00000000000000000D+00  0.00000000000000000D+00  0.00000000000000000D+00
54 26  0.00000000000000000D+00  0.00000000000000000D+00  0.00000000000000000D+00  0.00000000000000000D+00  0.00000000000000000D+00
54 27  0.00000000000000000D+00  0.00000000000000000D+00  0.00000000000000000D+00  0.00000000000000000D+00  0.00000000000000000D+00
54 28  0.00000000000000000D+00  0.00000000000000000D+00  0.00000000000000000D+00  0.00000000000000000D+00  0.00000000000000000D+00
54 29  0.00000000000000000D+00  0.00000000000000000D+00  0.00000000000000000D+00  0.00000000000000000D+00  0.00000000000000000D+00
54 30  0.00000000000000000D+00  0.00000000000000000D+00  0.00000000000000000D+00  0.00000000000000000D+00  0.00000000000000000D+00
54 31  0.00000000000000000D+00  0.00000000000000000D+00  0.00000000000000000D+00  0.00000000000000000D+00  0.00000000000000000D+00
54 32  0.00000000000000000D+00  0.00000000000000000D+00  0.00000000000000000D+00  0.00000000000000000D+00  0.00000000000000000D+00
55  1  0.00000000000000000D+00  0.00000000000000000D+00  0.00000000000000000D+00  0.00000000000000000D+00  0.00000000000000000D+00
55  2  0.00000000000000000D+00  0.00000000000000000D+00  0.00000000000000000D+00  0.00000000000000000D+00  0.00000000000000000D+00
55  3  0.00000000000000000D+00  0.00000000000000000D+00  0.00000000000000000D+00  0.00000000000000000D+00  0.00000000000000000D+00
55  4  0.00000000000000000D+00  0.00000000000000000D+00  0.00000000000000000D+00  0.00000000000000000D+00  0.00000000000000000D+00
55  5  0.00000000000000000D+00  0.00000000000000000D+00  0.00000000000000000D+00  0.00000000000000000D+00  0.00000000000000000D+00
55  6  0.00000000000000000D+00  0.00000000000000000D+00  0.00000000000000000D+00  0.00000000000000000D+00  0.00000000000000000D+00
55  7  0.00000000000000000D+00  0.00000000000000000D+00  0.00000000000000000D+00  0.00000000000000000D+00  0.00000000000000000D+00
55  8  0.00000000000000000D+00  0.00000000000000000D+00  0.00000000000000000D+00  0.00000000000000000D+00 -4.47213595499956400D-01
55  9 -4.47213595499956700D-01 -4.47213595499957000D-01  0.00000000000000000D+00  0.00000000000000000D+00  0.00000000000000000D+00
55 10  0.00000000000000000D+00  0.00000000000000000D+00  0.00000000000000000D+00  0.00000000000000000D+00  0.00000000000000000D+00
55 11  0.00000000000000000D+00  0.00000000000000000D+00  0.00000000000000000D+00  0.00000000000000000D+00  0.00000000000000000D+00
55 12  0.00000000000000000D+00  0.00000000000000000D+00  0.00000000000000000D+00  0.00000000000000000D+00  0.00000000000000000D+00
55 13  0.00000000000000000D+00  0.00000000000000000D+00  0.00000000000000000D+00  0.00000000000000000D+00  0.00000000000000000D+00
55 14  0.00000000000000000D+00  0.00000000000000000D+00  0.00000000000000000D+00  0.00000000000000000D+00  0.00000000000000000D+00
55 15  0.00000000000000000D+00  0.00000000000000000D+00  0.00000000000000000D+00  0.00000000000000000D+00  0.00000000000000000D+00
55 16  0.00000000000000000D+00  0.00000000000000000D+00  0.00000000000000000D+00  0.00000000000000000D+00  0.00000000000000000D+00
55 17  0.00000000000000000D+00  0.00000000000000000D+00  0.00000000000000000D+00  0.00000000000000000D+00  0.00000000000000000D+00
55 18  0.00000000000000000D+00  0.00000000000000000D+00  0.00000000000000000D+00  0.00000000000000000D+00  0.00000000000000000D+00
55 19  0.00000000000000000D+00  0.00000000000000000D+00  0.00000000000000000D+00  0.00000000000000000D+00  0.00000000000000000D+00
55 20  0.00000000000000000D+00  0.00000000000000000D+00  0.00000000000000000D+00  0.00000000000000000D+00  0.00000000000000000D+00
55 21  0.00000000000000000D+00  0.00000000000000000D+00  0.00000000000000000D+00  0.00000000000000000D+00  0.00000000000000000D+00
55 22  0.00000000000000000D+00  0.00000000000000000D+00  0.00000000000000000D+00  0.00000000000000000D+00  0.00000000000000000D+00
55 23  0.00000000000000000D+00  0.00000000000000000D+00  0.00000000000000000D+00  0.00000000000000000D+00  0.00000000000000000D+00
55 24  0.00000000000000000D+00  0.00000000000000000D+00  0.00000000000000000D+00  0.00000000000000000D+00  0.00000000000000000D+00
55 25  0.00000000000000000D+00  0.00000000000000000D+00  0.00000000000000000D+00  0.00000000000000000D+00  0.00000000000000000D+00
55 26  0.00000000000000000D+00  0.00000000000000000D+00  0.00000000000000000D+00  0.00000000000000000D+00  0.00000000000000000D+00
55 27  0.00000000000000000D+00  0.00000000000000000D+00  0.00000000000000000D+00  0.00000000000000000D+00  0.00000000000000000D+00
55 28  0.00000000000000000D+00  0.00000000000000000D+00  0.00000000000000000D+00  0.00000000000000000D+00  0.00000000000000000D+00
55 29  0.00000000000000000D+00  0.00000000000000000D+00  0.00000000000000000D+00  0.00000000000000000D+00  0.00000000000000000D+00
55 30  0.00000000000000000D+00  0.00000000000000000D+00  0.00000000000000000D+00  0.00000000000000000D+00  0.00000000000000000D+00
55 31  0.00000000000000000D+00  0.00000000000000000D+00  0.00000000000000000D+00  0.00000000000000000D+00  0.00000000000000000D+00
55 32  0.00000000000000000D+00  0.00000000000000000D+00  0.00000000000000000D+00  0.00000000000000000D+00  0.00000000000000000D+00
56  1  0.00000000000000000D+00  0.00000000000000000D+00  0.00000000000000000D+00  0.00000000000000000D+00  0.00000000000000000D+00
56  2  0.00000000000000000D+00  0.00000000000000000D+00  0.00000000000000000D+00  0.00000000000000000D+00  0.00000000000000000D+00
56  3  0.00000000000000000D+00  0.00000000000000000D+00  0.00000000000000000D+00  0.00000000000000000D+00  0.00000000000000000D+00
56  4  0.00000000000000000D+00  0.00000000000000000D+00  0.00000000000000000D+00  0.00000000000000000D+00  0.00000000000000000D+00
56  5  0.00000000000000000D+00  0.00000000000000000D+00  0.00000000000000000D+00  0.00000000000000000D+00  0.00000000000000000D+00
56  6  0.00000000000000000D+00  0.00000000000000000D+00  0.00000000000000000D+00  0.00000000000000000D+00  0.00000000000000000D+00
56  7  0.00000000000000000D+00  0.00000000000000000D+00  0.00000000000000000D+00  0.00000000000000000D+00  0.00000000000000000D+00
56  8  0.00000000000000000D+00  0.00000000000000000D+00  0.00000000000000000D+00  0.00000000000000000D+00  0.00000000000000000D+00
56  9  0.00000000000000000D+00  0.00000000000000000D+00  0.00000000000000000D+00  0.00000000000000000D+00  0.00000000000000000D+00
56 10  0.00000000000000000D+00  0.00000000000000000D+00  0.00000000000000000D+00  0.00000000000000000D+00  0.00000000000000000D+00
56 11  0.00000000000000000D+00  0.00000000000000000D+00  0.00000000000000000D+00  0.00000000000000000D+00  0.00000000000000000D+00
56 12  0.00000000000000000D+00  0.00000000000000000D+00  0.00000000000000000D+00  0.00000000000000000D+00  0.00000000000000000D+00
56 13  0.00000000000000000D+00  0.00000000000000000D+00  0.00000000000000000D+00  0.00000000000000000D+00  0.00000000000000000D+00
56 14  0.00000000000000000D+00  0.00000000000000000D+00  0.00000000000000000D+00  0.00000000000000000D+00  0.00000000000000000D+00
56 15  0.00000000000000000D+00  0.00000000000000000D+00  0.00000000000000000D+00  0.00000000000000000D+00  0.00000000000000000D+00
56 16  0.00000000000000000D+00  0.00000000000000000D+00  0.00000000000000000D+00  0.00000000000000000D+00  0.00000000000000000D+00
56 17  0.00000000000000000D+00  0.00000000000000000D+00  0.00000000000000000D+00  0.00000000000000000D+00  4.47213595499956800D-01
56 18  4.47213595499956800D-01  4.47213595499957000D-01  0.00000000000000000D+00  0.00000000000000000D+00  0.00000000000000000D+00
56 19  0.00000000000000000D+00  0.00000000000000000D+00  0.00000000000000000D+00  0.00000000000000000D+00  0.00000000000000000D+00
56 20  0.00000000000000000D+00  0.00000000000000000D+00  0.00000000000000000D+00  0.00000000000000000D+00  0.00000000000000000D+00
56 21  0.00000000000000000D+00  0.00000000000000000D+00  0.00000000000000000D+00  0.00000000000000000D+00  0.00000000000000000D+00
56 22  0.00000000000000000D+00  0.00000000000000000D+00  0.00000000000000000D+00  0.00000000000000000D+00  0.00000000000000000D+00
56 23  0.00000000000000000D+00  0.00000000000000000D+00  0.00000000000000000D+00  0.00000000000000000D+00  0.00000000000000000D+00
56 24  0.00000000000000000D+00  0.00000000000000000D+00  0.00000000000000000D+00  0.00000000000000000D+00  0.00000000000000000D+00
56 25  0.00000000000000000D+00  0.00000000000000000D+00  0.00000000000000000D+00  0.00000000000000000D+00  0.00000000000000000D+00
56 26  0.00000000000000000D+00  0.00000000000000000D+00  0.00000000000000000D+00  0.00000000000000000D+00  0.00000000000000000D+00
56 27  0.00000000000000000D+00  0.00000000000000000D+00  0.00000000000000000D+00  0.00000000000000000D+00  0.00000000000000000D+00
56 28  0.00000000000000000D+00  0.00000000000000000D+00  0.00000000000000000D+00  0.00000000000000000D+00  0.00000000000000000D+00
56 29  0.00000000000000000D+00  0.00000000000000000D+00  0.00000000000000000D+00  0.00000000000000000D+00  0.00000000000000000D+00
56 30  0.00000000000000000D+00  0.00000000000000000D+00  0.00000000000000000D+00  0.00000000000000000D+00  0.00000000000000000D+00
56 31  0.00000000000000000D+00  0.00000000000000000D+00  0.00000000000000000D+00  0.00000000000000000D+00  0.00000000000000000D+00
56 32  0.00000000000000000D+00  0.00000000000000000D+00  0.00000000000000000D+00  0.00000000000000000D+00  0.00000000000000000D+00
57  1  0.00000000000000000D+00  0.00000000000000000D+00  0.00000000000000000D+00  0.00000000000000000D+00  0.00000000000000000D+00
57  2  0.00000000000000000D+00  0.00000000000000000D+00  0.00000000000000000D+00  0.00000000000000000D+00  0.00000000000000000D+00
57  3  0.00000000000000000D+00  0.00000000000000000D+00  0.00000000000000000D+00  0.00000000000000000D+00  0.00000000000000000D+00
57  4  0.00000000000000000D+00  0.00000000000000000D+00  0.00000000000000000D+00  0.00000000000000000D+00  0.00000000000000000D+00
57  5  0.00000000000000000D+00  0.00000000000000000D+00  0.00000000000000000D+00  0.00000000000000000D+00  0.00000000000000000D+00
57  6  0.00000000000000000D+00  0.00000000000000000D+00  0.00000000000000000D+00  0.00000000000000000D+00  0.00000000000000000D+00
57  7  0.00000000000000000D+00  0.00000000000000000D+00  0.00000000000000000D+00  0.00000000000000000D+00  0.00000000000000000D+00
57  8  0.00000000000000000D+00  0.00000000000000000D+00  0.00000000000000000D+00  0.00000000000000000D+00  0.00000000000000000D+00
57  9  0.00000000000000000D+00  0.00000000000000000D+00  0.00000000000000000D+00  0.00000000000000000D+00  0.00000000000000000D+00
57 10  0.00000000000000000D+00  0.00000000000000000D+00  0.00000000000000000D+00  0.00000000000000000D+00  0.00000000000000000D+00
57 11  0.00000000000000000D+00  0.00000000000000000D+00  0.00000000000000000D+00  0.00000000000000000D+00  0.00000000000000000D+00
57 12  0.00000000000000000D+00  0.00000000000000000D+00  0.00000000000000000D+00  0.00000000000000000D+00  0.00000000000000000D+00
57 13  0.00000000000000000D+00  0.00000000000000000D+00  0.00000000000000000D+00  0.00000000000000000D+00  0.00000000000000000D+00
57 14  0.00000000000000000D+00  0.00000000000000000D+00  0.00000000000000000D+00  0.00000000000000000D+00  0.00000000000000000D+00
57 15  0.00000000000000000D+00  0.00000000000000000D+00  0.00000000000000000D+00  0.00000000000000000D+00  0.00000000000000000D+00
57 16  0.00000000000000000D+00  0.00000000000000000D+00  0.00000000000000000D+00  0.00000000000000000D+00  0.00000000000000000D+00
57 17  0.00000000000000000D+00  0.00000000000000000D+00  0.00000000000000000D+00  0.00000000000000000D+00  0.00000000000000000D+00
57 18  0.00000000000000000D+00  0.00000000000000000D+00  0.00000000000000000D+00  0.00000000000000000D+00  0.00000000000000000D+00
57 19  0.00000000000000000D+00  0.00000000000000000D+00  0.00000000000000000D+00  0.00000000000000000D+00  0.00000000000000000D+00
57 20  0.00000000000000000D+00  0.00000000000000000D+00  0.00000000000000000D+00  0.00000000000000000D+00  0.00000000000000000D+00
57 21  0.00000000000000000D+00  0.00000000000000000D+00  0.00000000000000000D+00 -4.47213595499956700D-01 -4.47213595499956700D-01
57 22 -4.47213595499956900D-01  0.00000000000000000D+00  0.00000000000000000D+00  0.00000000000000000D+00  0.00000000000000000D+00
57 23  0.00000000000000000D+00  0.00000000000000000D+00  0.00000000000000000D+00  0.00000000000000000D+00  0.00000000000000000D+00
57 24  0.00000000000000000D+00  0.00000000000000000D+00  0.00000000000000000D+00  0.00000000000000000D+00  0.00000000000000000D+00
57 25  0.00000000000000000D+00  0.00000000000000000D+00  0.00000000000000000D+00  0.00000000000000000D+00  0.00000000000000000D+00
57 26  0.00000000000000000D+00  0.00000000000000000D+00  0.00000000000000000D+00  0.00000000000000000D+00  0.00000000000000000D+00
57 27  0.00000000000000000D+00  0.00000000000000000D+00  0.00000000000000000D+00  0.00000000000000000D+00  0.00000000000000000D+00
57 28  0.00000000000000000D+00  0.00000000000000000D+00  0.00000000000000000D+00  0.00000000000000000D+00  0.00000000000000000D+00
57 29  0.00000000000000000D+00  0.00000000000000000D+00  0.00000000000000000D+00  0.00000000000000000D+00  0.00000000000000000D+00
57 30  0.00000000000000000D+00  0.00000000000000000D+00  0.00000000000000000D+00  0.00000000000000000D+00  0.00000000000000000D+00
57 31  0.00000000000000000D+00  0.00000000000000000D+00  0.00000000000000000D+00  0.00000000000000000D+00  0.00000000000000000D+00
57 32  0.00000000000000000D+00  0.00000000000000000D+00  0.00000000000000000D+00  0.00000000000000000D+00  0.00000000000000000D+00
58  1  0.00000000000000000D+00  0.00000000000000000D+00  0.00000000000000000D+00  0.00000000000000000D+00  0.00000000000000000D+00
58  2  0.00000000000000000D+00  0.00000000000000000D+00  0.00000000000000000D+00  0.00000000000000000D+00  0.00000000000000000D+00
58  3  0.00000000000000000D+00  0.00000000000000000D+00  0.00000000000000000D+00  0.00000000000000000D+00  0.00000000000000000D+00
58  4  0.00000000000000000D+00  0.00000000000000000D+00  0.00000000000000000D+00  0.00000000000000000D+00  0.00000000000000000D+00
58  5  0.00000000000000000D+00  0.00000000000000000D+00  0.00000000000000000D+00  0.00000000000000000D+00  0.00000000000000000D+00
58  6  0.00000000000000000D+00  0.00000000000000000D+00  0.00000000000000000D+00  0.00000000000000000D+00  0.00000000000000000D+00
58  7  0.00000000000000000D+00  0.00000000000000000D+00  0.00000000000000000D+00  0.00000000000000000D+00  0.00000000000000000D+00
58  8  0.00000000000000000D+00  0.00000000000000000D+00  0.00000000000000000D+00  0.00000000000000000D+00  0.00000000000000000D+00
58  9  0.00000000000000000D+00  0.00000000000000000D+00  0.00000000000000000D+00  0.00000000000000000D+00  0.00000000000000000D+00
58 10  0.00000000000000000D+00  0.00000000000000000D+00  0.00000000000000000D+00  0.00000000000000000D+00  0.00000000000000000D+00
58 11  0.00000000000000000D+00  0.00000000000000000D+00  0.00000000000000000D+00  0.00000000000000000D+00  0.00000000000000000D+00
58 12  0.00000000000000000D+00  0.00000000000000000D+00  0.00000000000000000D+00  0.00000000000000000D+00  0.00000000000000000D+00
58 13  0.00000000000000000D+00  0.00000000000000000D+00  0.00000000000000000D+00  0.00000000000000000D+00  0.00000000000000000D+00
58 14  0.00000000000000000D+00  0.00000000000000000D+00  0.00000000000000000D+00  0.00000000000000000D+00  0.00000000000000000D+00
58 15  0.00000000000000000D+00  0.00000000000000000D+00  0.00000000000000000D+00  0.00000000000000000D+00  0.00000000000000000D+00
58 16  0.00000000000000000D+00  0.00000000000000000D+00  0.00000000000000000D+00  0.00000000000000000D+00  0.00000000000000000D+00
58 17  0.00000000000000000D+00  0.00000000000000000D+00  0.00000000000000000D+00  0.00000000000000000D+00  0.00000000000000000D+00
58 18  0.00000000000000000D+00  0.00000000000000000D+00  0.00000000000000000D+00  0.00000000000000000D+00  0.00000000000000000D+00
58 19  0.00000000000000000D+00  0.00000000000000000D+00  0.00000000000000000D+00  0.00000000000000000D+00  0.00000000000000000D+00
58 20  0.00000000000000000D+00  0.00000000000000000D+00  0.00000000000000000D+00  0.00000000000000000D+00  0.00000000000000000D+00
58 21  0.00000000000000000D+00  0.00000000000000000D+00  0.00000000000000000D+00  0.00000000000000000D+00  0.00000000000000000D+00
58 22  0.00000000000000000D+00  0.00000000000000000D+00  0.00000000000000000D+00  0.00000000000000000D+00  0.00000000000000000D+00
58 23  0.00000000000000000D+00  0.00000000000000000D+00  0.00000000000000000D+00  0.00000000000000000D+00  0.00000000000000000D+00
58 24  0.00000000000000000D+00  0.00000000000000000D+00  0.00000000000000000D+00  0.00000000000000000D+00  0.00000000000000000D+00
58 25  0.00000000000000000D+00  0.00000000000000000D+00  0.00000000000000000D+00  0.00000000000000000D+00  0.00000000000000000D+00
58 26  0.00000000000000000D+00  0.00000000000000000D+00  0.00000000000000000D+00  4.47213595499956900D-01  4.47213595499957000D-01
58 27  4.47213595499957000D-01  0.00000000000000000D+00  0.00000000000000000D+00  0.00000000000000000D+00  0.00000000000000000D+00
58 28  0.00000000000000000D+00  0.00000000000000000D+00  0.00000000000000000D+00  0.00000000000000000D+00  0.00000000000000000D+00
58 29  0.00000000000000000D+00  0.00000000000000000D+00  0.00000000000000000D+00  0.00000000000000000D+00  0.00000000000000000D+00
58 30  0.00000000000000000D+00  0.00000000000000000D+00  0.00000000000000000D+00  0.00000000000000000D+00  0.00000000000000000D+00
58 31  0.00000000000000000D+00  0.00000000000000000D+00  0.00000000000000000D+00  0.00000000000000000D+00  0.00000000000000000D+00
58 32  0.00000000000000000D+00  0.00000000000000000D+00  0.00000000000000000D+00  0.00000000000000000D+00  0.00000000000000000D+00
59  1  0.00000000000000000D+00  0.00000000000000000D+00  0.00000000000000000D+00  0.00000000000000000D+00  0.00000000000000000D+00
59  2  0.00000000000000000D+00  0.00000000000000000D+00  0.00000000000000000D+00  0.00000000000000000D+00 -4.47213595499956300D-01
59  3 -4.47213595499956900D-01 -4.47213595499956700D-01  0.00000000000000000D+00  0.00000000000000000D+00  0.00000000000000000D+00
59  4  0.00000000000000000D+00  0.00000000000000000D+00  0.00000000000000000D+00  0.00000000000000000D+00  0.00000000000000000D+00
59  5  0.00000000000000000D+00  0.00000000000000000D+00  0.00000000000000000D+00  0.00000000000000000D+00 -2.58038923561798600D-10
59  6 -2.58039131728615700D-10 -2.58039117850827900D-10  0.00000000000000000D+00  0.00000000000000000D+00  0.00000000000000000D+00
59  7  0.00000000000000000D+00  0.00000000000000000D+00  0.00000000000000000D+00  0.00000000000000000D+00  0.00000000000000000D+00
59  8  0.00000000000000000D+00  0.00000000000000000D+00  0.00000000000000000D+00  0.00000000000000000D+00  0.00000000000000000D+00
59  9  0.00000000000000000D+00  0.00000000000000000D+00  0.00000000000000000D+00  0.00000000000000000D+00  0.00000000000000000D+00
59 10  0.00000000000000000D+00  0.00000000000000000D+00  0.00000000000000000D+00  0.00000000000000000D+00  0.00000000000000000D+00
59 11  0.00000000000000000D+00  0.00000000000000000D+00  0.00000000000000000D+00  0.00000000000000000D+00  0.00000000000000000D+00
59 12  0.00000000000000000D+00  0.00000000000000000D+00  0.00000000000000000D+00  0.00000000000000000D+00  0.00000000000000000D+00
59 13  0.00000000000000000D+00  0.00000000000000000D+00  0.00000000000000000D+00  0.00000000000000000D+00  0.00000000000000000D+00
59 14  0.00000000000000000D+00  0.00000000000000000D+00  0.00000000000000000D+00  0.00000000000000000D+00  0.00000000000000000D+00
59 15  0.00000000000000000D+00  0.00000000000000000D+00  0.00000000000000000D+00  0.00000000000000000D+00  0.00000000000000000D+00
59 16  0.00000000000000000D+00  0.00000000000000000D+00  0.00000000000000000D+00  0.00000000000000000D+00  0.00000000000000000D+00
59 17  0.00000000000000000D+00  0.00000000000000000D+00  0.00000000000000000D+00  0.00000000000000000D+00  0.00000000000000000D+00
59 18  0.00000000000000000D+00  0.00000000000000000D+00  0.00000000000000000D+00  0.00000000000000000D+00  0.00000000000000000D+00
59 19  0.00000000000000000D+00  0.00000000000000000D+00  0.00000000000000000D+00  0.00000000000000000D+00  0.00000000000000000D+00
59 20  0.00000000000000000D+00  0.00000000000000000D+00  0.00000000000000000D+00  0.00000000000000000D+00  0.00000000000000000D+00
59 21  0.00000000000000000D+00  0.00000000000000000D+00  0.00000000000000000D+00  0.00000000000000000D+00  0.00000000000000000D+00
59 22  0.00000000000000000D+00  0.00000000000000000D+00  0.00000000000000000D+00  0.00000000000000000D+00  0.00000000000000000D+00
59 23  0.00000000000000000D+00  0.00000000000000000D+00  0.00000000000000000D+00  0.00000000000000000D+00  0.00000000000000000D+00
59 24  0.00000000000000000D+00  0.00000000000000000D+00  0.00000000000000000D+00  0.00000000000000000D+00  0.00000000000000000D+00
59 25  0.00000000000000000D+00  0.00000000000000000D+00  0.00000000000000000D+00  0.00000000000000000D+00  0.00000000000000000D+00
59 26  0.00000000000000000D+00  0.00000000000000000D+00  0.00000000000000000D+00  0.00000000000000000D+00  0.00000000000000000D+00
59 27  0.00000000000000000D+00  0.00000000000000000D+00  0.00000000000000000D+00  0.00000000000000000D+00  0.00000000000000000D+00
59 28  0.00000000000000000D+00  0.00000000000000000D+00  0.00000000000000000D+00  0.00000000000000000D+00  0.00000000000000000D+00
59 29  0.00000000000000000D+00  0.00000000000000000D+00  0.00000000000000000D+00  0.00000000000000000D+00  0.00000000000000000D+00
59 30  0.00000000000000000D+00  0.00000000000000000D+00  0.00000000000000000D+00  0.00000000000000000D+00  0.00000000000000000D+00
59 31  0.00000000000000000D+00  0.00000000000000000D+00  0.00000000000000000D+00  0.00000000000000000D+00  0.00000000000000000D+00
59 32  0.00000000000000000D+00  0.00000000000000000D+00  0.00000000000000000D+00  0.00000000000000000D+00  0.00000000000000000D+00
60  1  0.00000000000000000D+00  0.00000000000000000D+00  0.00000000000000000D+00  0.00000000000000000D+00  0.00000000000000000D+00
60  2  0.00000000000000000D+00  0.00000000000000000D+00  0.00000000000000000D+00  0.00000000000000000D+00  2.58038937439586400D-10
60  3  2.58039409284371900D-10  2.58039173361979100D-10  0.00000000000000000D+00  0.00000000000000000D+00  0.00000000000000000D+00
60  4  0.00000000000000000D+00  0.00000000000000000D+00  0.00000000000000000D+00  0.00000000000000000D+00  0.00000000000000000D+00
60  5  0.00000000000000000D+00  0.00000000000000000D+00  0.00000000000000000D+00  0.00000000000000000D+00 -4.47213595499956900D-01
60  6 -4.47213595499956400D-01 -4.47213595499956500D-01  0.00000000000000000D+00  0.00000000000000000D+00  0.00000000000000000D+00
60  7  0.00000000000000000D+00  0.00000000000000000D+00  0.00000000000000000D+00  0.00000000000000000D+00  0.00000000000000000D+00
60  8  0.00000000000000000D+00  0.00000000000000000D+00  0.00000000000000000D+00  0.00000000000000000D+00  0.00000000000000000D+00
60  9  0.00000000000000000D+00  0.00000000000000000D+00  0.00000000000000000D+00  0.00000000000000000D+00  0.00000000000000000D+00
60 10  0.00000000000000000D+00  0.00000000000000000D+00  0.00000000000000000D+00  0.00000000000000000D+00  0.00000000000000000D+00
60 11  0.00000000000000000D+00  0.00000000000000000D+00  0.00000000000000000D+00  0.00000000000000000D+00  0.00000000000000000D+00
60 12  0.00000000000000000D+00  0.00000000000000000D+00  0.00000000000000000D+00  0.00000000000000000D+00  0.00000000000000000D+00
60 13  0.00000000000000000D+00  0.00000000000000000D+00  0.00000000000000000D+00  0.00000000000000000D+00  0.00000000000000000D+00
60 14  0.00000000000000000D+00  0.00000000000000000D+00  0.00000000000000000D+00  0.00000000000000000D+00  0.00000000000000000D+00
60 15  0.00000000000000000D+00  0.00000000000000000D+00  0.00000000000000000D+00  0.00000000000000000D+00  0.00000000000000000D+00
60 16  0.00000000000000000D+00  0.00000000000000000D+00  0.00000000000000000D+00  0.00000000000000000D+00  0.00000000000000000D+00
60 17  0.00000000000000000D+00  0.00000000000000000D+00  0.00000000000000000D+00  0.00000000000000000D+00  0.00000000000000000D+00
60 18  0.00000000000000000D+00  0.00000000000000000D+00  0.00000000000000000D+00  0.00000000000000000D+00  0.00000000000000000D+00
60 19  0.00000000000000000D+00  0.00000000000000000D+00  0.00000000000000000D+00  0.00000000000000000D+00  0.00000000000000000D+00
60 20  0.00000000000000000D+00  0.00000000000000000D+00  0.00000000000000000D+00  0.00000000000000000D+00  0.00000000000000000D+00
60 21  0.00000000000000000D+00  0.00000000000000000D+00  0.00000000000000000D+00  0.00000000000000000D+00  0.00000000000000000D+00
60 22  0.00000000000000000D+00  0.00000000000000000D+00  0.00000000000000000D+00  0.00000000000000000D+00  0.00000000000000000D+00
60 23  0.00000000000000000D+00  0.00000000000000000D+00  0.00000000000000000D+00  0.00000000000000000D+00  0.00000000000000000D+00
60 24  0.00000000000000000D+00  0.00000000000000000D+00  0.00000000000000000D+00  0.00000000000000000D+00  0.00000000000000000D+00
60 25  0.00000000000000000D+00  0.00000000000000000D+00  0.00000000000000000D+00  0.00000000000000000D+00  0.00000000000000000D+00
60 26  0.00000000000000000D+00  0.00000000000000000D+00  0.00000000000000000D+00  0.00000000000000000D+00  0.00000000000000000D+00
60 27  0.00000000000000000D+00  0.00000000000000000D+00  0.00000000000000000D+00  0.00000000000000000D+00  0.00000000000000000D+00
60 28  0.00000000000000000D+00  0.00000000000000000D+00  0.00000000000000000D+00  0.00000000000000000D+00  0.00000000000000000D+00
60 29  0.00000000000000000D+00  0.00000000000000000D+00  0.00000000000000000D+00  0.00000000000000000D+00  0.00000000000000000D+00
60 30  0.00000000000000000D+00  0.00000000000000000D+00  0.00000000000000000D+00  0.00000000000000000D+00  0.00000000000000000D+00
60 31  0.00000000000000000D+00  0.00000000000000000D+00  0.00000000000000000D+00  0.00000000000000000D+00  0.00000000000000000D+00
60 32  0.00000000000000000D+00  0.00000000000000000D+00  0.00000000000000000D+00  0.00000000000000000D+00  0.00000000000000000D+00
 $END   
 POPULATION ANALYSIS
C            5.48060   0.51940   5.58216   0.41784
C            5.48187   0.51813   5.56881   0.43119
C            6.10800  -0.10800   6.04395  -0.04395
C            5.94186   0.05814   5.99469   0.00531
C            5.94190   0.05810   6.00368  -0.00368
C            6.10834  -0.10834   6.04327  -0.04327
O            8.57578  -0.57578   8.58923  -0.58923
O            8.57575  -0.57575   8.59207  -0.59207
H            0.94326   0.05674   0.88585   0.11415
H            0.94970   0.05030   0.90935   0.09065
H            0.94968   0.05032   0.90184   0.09816
H            0.94326   0.05674   0.88511   0.11489
 MOMENTS AT POINT    1 X,Y,Z=  0.614122  1.064402  0.000000
 DIPOLE      -4.199727 -7.276081 -0.000727
 POPULATION ANALYSIS
C            5.64454   0.35546   5.68992   0.31008
C            5.64592   0.35408   5.68412   0.31588
C            6.10255  -0.10255   6.04212  -0.04212
C            6.00744  -0.00744   6.05905  -0.05905
C            6.00746  -0.00746   6.06797  -0.06797
C            6.10288  -0.10288   6.04329  -0.04329
O            8.35623  -0.35623   8.41866  -0.41866
O            8.35602  -0.35602   8.41844  -0.41844
H            0.93968   0.06032   0.88243   0.11757
H            0.94880   0.05120   0.90991   0.09009
H            0.94878   0.05122   0.90247   0.09753
H            0.93968   0.06032   0.88164   0.11836
 MOMENTS AT POINT    1 X,Y,Z=  0.614122  1.064402  0.000000
 DIPOLE      -2.279536 -3.950889  0.000166
 POPULATION ANALYSIS
C            5.70279   0.29721   5.74401   0.25599
C            5.70397   0.29603   5.73553   0.26447
C            6.11866  -0.11866   6.06081  -0.06081
C            5.99906   0.00094   6.05122  -0.05122
C            5.99912   0.00088   6.06012  -0.06012
C            6.11897  -0.11897   6.06109  -0.06109
O            8.28656  -0.28656   8.35272  -0.35272
O            8.28671  -0.28671   8.35184  -0.35184
H            0.94330   0.05670   0.88569   0.11431
H            0.94880   0.05120   0.90976   0.09024
H            0.94878   0.05122   0.90229   0.09771
H            0.94330   0.05670   0.88493   0.11507
 MOMENTS AT POINT    1 X,Y,Z=  0.614122  1.064402  0.000000
 DIPOLE      -1.943974 -3.366399  0.000473
 POPULATION ANALYSIS
C            5.83237   0.16763   5.82315   0.17685
C            5.83363   0.16637   5.82332   0.17668
C            6.09354  -0.09354   6.03806  -0.03806
C            6.05616  -0.05616   6.10702  -0.10702
C            6.05620  -0.05620   6.11587  -0.11587
C            6.09385  -0.09385   6.04066  -0.04066
O            8.13187  -0.13187   8.24166  -0.24166
O            8.13183  -0.13183   8.23844  -0.23844
H            0.93731   0.06269   0.87991   0.12009
H            0.94799   0.05201   0.91011   0.08989
H            0.94797   0.05203   0.90272   0.09728
H            0.93731   0.06269   0.87908   0.12092
 MOMENTS AT POINT    1 X,Y,Z=  0.614122  1.064402  0.000000
 DIPOLE      -0.580586 -1.005880  0.000942
 POPULATION ANALYSIS
C            5.67858   0.32142   5.70554   0.29446
C            5.67933   0.32067   5.70078   0.29922
C            6.05181  -0.05181   5.99854   0.00146
C            6.05588  -0.05588   6.10623  -0.10623
C            6.05599  -0.05599   6.11450  -0.11450
C            6.05198  -0.05198   6.00121  -0.00121
O            8.35247  -0.35247   8.42397  -0.42397
O            8.35288  -0.35288   8.42539  -0.42539
H            0.92204   0.07796   0.86442   0.13558
H            0.93852   0.06148   0.90146   0.09854
H            0.93848   0.06152   0.89434   0.10566
H            0.92203   0.07797   0.86362   0.13638
 MOMENTS AT POINT    1 X,Y,Z=  0.614122  1.064402  0.000000
 DIPOLE      -2.153864 -3.726025  0.000071
