 $DATA
o_bq XMCQDPT2/ALDET-CASSCF(12,10) Andrew-style geometry                         
C1       0
C           6.0      0.0000000000      1.4000000000      0.0000000000
   S          8
     1      6665.0000000000  0.00069200
     2      1000.0000000000  0.00532900
     3       228.0000000000  0.02707700
     4        64.7100000000  0.10171800
     5        21.0600000000  0.27474000
     6         7.4950000000  0.44856400
     7         2.7970000000  0.28507400
     8         0.5215000000  0.01520400
   S          8
     1      6665.0000000000 -0.00014600
     2      1000.0000000000 -0.00115400
     3       228.0000000000 -0.00572500
     4        64.7100000000 -0.02331200
     5        21.0600000000 -0.06395500
     6         7.4950000000 -0.14998100
     7         2.7970000000 -0.12726200
     8         0.5215000000  0.54452900
   S          1
     1         0.1596000000  1.00000000
   P          3
     1         9.4390000000  0.03810900
     2         2.0020000000  0.20948000
     3         0.5456000000  0.50855700
   P          1
     1         0.1517000000  1.00000000
   D          1
     1         0.5500000000  1.00000000
           
C           6.0      1.2124355650      0.7000000000      0.0000000000
   S          8
     1      6665.0000000000  0.00069200
     2      1000.0000000000  0.00532900
     3       228.0000000000  0.02707700
     4        64.7100000000  0.10171800
     5        21.0600000000  0.27474000
     6         7.4950000000  0.44856400
     7         2.7970000000  0.28507400
     8         0.5215000000  0.01520400
   S          8
     1      6665.0000000000 -0.00014600
     2      1000.0000000000 -0.00115400
     3       228.0000000000 -0.00572500
     4        64.7100000000 -0.02331200
     5        21.0600000000 -0.06395500
     6         7.4950000000 -0.14998100
     7         2.7970000000 -0.12726200
     8         0.5215000000  0.54452900
   S          1
     1         0.1596000000  1.00000000
   P          3
     1         9.4390000000  0.03810900
     2         2.0020000000  0.20948000
     3         0.5456000000  0.50855700
   P          1
     1         0.1517000000  1.00000000
   D          1
     1         0.5500000000  1.00000000
           
C           6.0      1.2124355650     -0.7000000000      0.0000000000
   S          8
     1      6665.0000000000  0.00069200
     2      1000.0000000000  0.00532900
     3       228.0000000000  0.02707700
     4        64.7100000000  0.10171800
     5        21.0600000000  0.27474000
     6         7.4950000000  0.44856400
     7         2.7970000000  0.28507400
     8         0.5215000000  0.01520400
   S          8
     1      6665.0000000000 -0.00014600
     2      1000.0000000000 -0.00115400
     3       228.0000000000 -0.00572500
     4        64.7100000000 -0.02331200
     5        21.0600000000 -0.06395500
     6         7.4950000000 -0.14998100
     7         2.7970000000 -0.12726200
     8         0.5215000000  0.54452900
   S          1
     1         0.1596000000  1.00000000
   P          3
     1         9.4390000000  0.03810900
     2         2.0020000000  0.20948000
     3         0.5456000000  0.50855700
   P          1
     1         0.1517000000  1.00000000
   D          1
     1         0.5500000000  1.00000000
           
C           6.0      0.0000000000     -1.4000000000      0.0000000000
   S          8
     1      6665.0000000000  0.00069200
     2      1000.0000000000  0.00532900
     3       228.0000000000  0.02707700
     4        64.7100000000  0.10171800
     5        21.0600000000  0.27474000
     6         7.4950000000  0.44856400
     7         2.7970000000  0.28507400
     8         0.5215000000  0.01520400
   S          8
     1      6665.0000000000 -0.00014600
     2      1000.0000000000 -0.00115400
     3       228.0000000000 -0.00572500
     4        64.7100000000 -0.02331200
     5        21.0600000000 -0.06395500
     6         7.4950000000 -0.14998100
     7         2.7970000000 -0.12726200
     8         0.5215000000  0.54452900
   S          1
     1         0.1596000000  1.00000000
   P          3
     1         9.4390000000  0.03810900
     2         2.0020000000  0.20948000
     3         0.5456000000  0.50855700
   P          1
     1         0.1517000000  1.00000000
   D          1
     1         0.5500000000  1.00000000
           
C           6.0     -1.2124355650     -0.7000000000      0.0000000000
   S          8
     1      6665.0000000000  0.00069200
     2      1000.0000000000  0.00532900
     3       228.0000000000  0.02707700
     4        64.7100000000  0.10171800
     5        21.0600000000  0.27474000
     6         7.4950000000  0.44856400
     7         2.7970000000  0.28507400
     8         0.5215000000  0.01520400
   S          8
     1      6665.0000000000 -0.00014600
     2      1000.0000000000 -0.00115400
     3       228.0000000000 -0.00572500
     4        64.7100000000 -0.02331200
     5        21.0600000000 -0.06395500
     6         7.4950000000 -0.14998100
     7         2.7970000000 -0.12726200
     8         0.5215000000  0.54452900
   S          1
     1         0.1596000000  1.00000000
   P          3
     1         9.4390000000  0.03810900
     2         2.0020000000  0.20948000
     3         0.5456000000  0.50855700
   P          1
     1         0.1517000000  1.00000000
   D          1
     1         0.5500000000  1.00000000
           
C           6.0     -1.2124355650      0.7000000000      0.0000000000
   S          8
     1      6665.0000000000  0.00069200
     2      1000.0000000000  0.00532900
     3       228.0000000000  0.02707700
     4        64.7100000000  0.10171800
     5        21.0600000000  0.27474000
     6         7.4950000000  0.44856400
     7         2.7970000000  0.28507400
     8         0.5215000000  0.01520400
   S          8
     1      6665.0000000000 -0.00014600
     2      1000.0000000000 -0.00115400
     3       228.0000000000 -0.00572500
     4        64.7100000000 -0.02331200
     5        21.0600000000 -0.06395500
     6         7.4950000000 -0.14998100
     7         2.7970000000 -0.12726200
     8         0.5215000000  0.54452900
   S          1
     1         0.1596000000  1.00000000
   P          3
     1         9.4390000000  0.03810900
     2         2.0020000000  0.20948000
     3         0.5456000000  0.50855700
   P          1
     1         0.1517000000  1.00000000
   D          1
     1         0.5500000000  1.00000000
           
O           8.0      0.0000000000      2.6200000000      0.0000000000
   S          8
     1     11720.0000000000  0.00071000
     2      1759.0000000000  0.00547000
     3       400.8000000000  0.02783700
     4       113.7000000000  0.10480000
     5        37.0300000000  0.28306200
     6        13.2700000000  0.44871900
     7         5.0250000000  0.27095200
     8         1.0130000000  0.01545800
   S          8
     1     11720.0000000000 -0.00016000
     2      1759.0000000000 -0.00126300
     3       400.8000000000 -0.00626700
     4       113.7000000000 -0.02571600
     5        37.0300000000 -0.07092400
     6        13.2700000000 -0.16541100
     7         5.0250000000 -0.11695500
     8         1.0130000000  0.55736800
   S          1
     1         0.3023000000  1.00000000
   S          1
     1         0.0789600000  1.00000000
   P          3
     1        17.7000000000  0.04301800
     2         3.8540000000  0.22891300
     3         1.0460000000  0.50872800
   P          1
     1         0.2753000000  1.00000000
   P          1
     1         0.0685600000  1.00000000
   D          1
     1         1.1850000000  1.00000000
   D          1
     1         0.3320000000  1.00000000
           
O           8.0      2.2685000000      1.3100000000      0.0000000000
   S          8
     1     11720.0000000000  0.00071000
     2      1759.0000000000  0.00547000
     3       400.8000000000  0.02783700
     4       113.7000000000  0.10480000
     5        37.0300000000  0.28306200
     6        13.2700000000  0.44871900
     7         5.0250000000  0.27095200
     8         1.0130000000  0.01545800
   S          8
     1     11720.0000000000 -0.00016000
     2      1759.0000000000 -0.00126300
     3       400.8000000000 -0.00626700
     4       113.7000000000 -0.02571600
     5        37.0300000000 -0.07092400
     6        13.2700000000 -0.16541100
     7         5.0250000000 -0.11695500
     8         1.0130000000  0.55736800
   S          1
     1         0.3023000000  1.00000000
   S          1
     1         0.0789600000  1.00000000
   P          3
     1        17.7000000000  0.04301800
     2         3.8540000000  0.22891300
     3         1.0460000000  0.50872800
   P          1
     1         0.2753000000  1.00000000
   P          1
     1         0.0685600000  1.00000000
   D          1
     1         1.1850000000  1.00000000
   D          1
     1         0.3320000000  1.00000000
           
H           1.0      2.1500000000     -1.2410000000      0.0000000000
   S          3
     1        13.0100000000  0.01968500
     2         1.9620000000  0.13797700
     3         0.4446000000  0.47814800
   S          1
     1         0.1220000000  1.00000000
   P          1
     1         0.7270000000  1.00000000
           
H           1.0      0.0000000000     -2.4800000000      0.0000000000
   S          3
     1        13.0100000000  0.01968500
     2         1.9620000000  0.13797700
     3         0.4446000000  0.47814800
   S          1
     1         0.1220000000  1.00000000
   P          1
     1         0.7270000000  1.00000000
           
H           1.0     -2.1500000000     -1.2410000000      0.0000000000
   S          3
     1        13.0100000000  0.01968500
     2         1.9620000000  0.13797700
     3         0.4446000000  0.47814800
   S          1
     1         0.1220000000  1.00000000
   P          1
     1         0.7270000000  1.00000000
           
H           1.0     -2.1500000000      1.2410000000      0.0000000000
   S          3
     1        13.0100000000  0.01968500
     2         1.9620000000  0.13797700
     3         0.4446000000  0.47814800
   S          1
     1         0.1220000000  1.00000000
   P          1
     1         0.7270000000  1.00000000
           
 $END      
--- NATURAL ORBITALS OF MCSCF --- GENERATED AT  4:35:28 18-MAY-2026    
o_bq XMCQDPT2/ALDET-CASSCF(12,10) Andrew-style geometry                         
E(MCSCF)=     -379.2430087599,200 ITERS, E(NUC)=  333.9576952133
 $VEC   
 1  1  7.28592612471201200D-05  3.17788166704377100D-04 -2.61777743204374300D-03  4.91317243862558800D-04 -1.18159181777975200D-04
 1  2  6.54902849063579800D-06  1.72002066036100600D-03  3.25819654815645100D-03  4.49790023782354900D-06  2.76318715643208500D-04
 1  3 -3.58004185218521200D-04  8.16854695755095000D-05 -1.26282272477513200D-06 -2.68612718245929800D-07 -4.12774506739709100D-08
 1  4 -6.26119055450704600D-04 -9.66884910378447300D-04 -3.26315317182481500D-03 -5.65441692925395700D-04 -5.40663591349096800D-06
 1  5  4.99322839068362100D-06 -6.36480148563530600D-03 -4.50310198685429200D-03  1.58152676018651100D-06  2.95835307391623700D-04
 1  6 -2.50060642581301000D-04 -4.57746648104420900D-05  5.19950349236237300D-04 -2.20161100923043900D-08 -3.34422752815008900D-07
 1  7  1.83908691141196700D-04  3.86479544650702000D-04 -3.80372512737503200D-03  1.44483324629021400D-06  8.72563841097217800D-05
 1  8  4.51529627539152700D-06  2.50022831601745800D-03 -8.23203136124734700D-04  1.71944674586278300D-06 -2.44888547129269900D-04
 1  9  1.07081423099876700D-04  1.37807124029276300D-04  3.80061055481050200D-04 -1.58841557699889100D-07  3.02243510126336100D-07
 1 10  4.12326670720922400D-05  5.97778690735788600D-05  1.84614441878815100D-03  9.99833169064624900D-06  5.92863125921857000D-05
 1 11  3.94672486899956300D-06  4.59974910380062700D-04  3.89589213945406100D-04  2.21098262561580100D-06 -1.36701590785276300D-04
 1 12  1.17292300124696600D-04  1.94092906605590200D-05  1.45399863379879800D-05  2.14653910297484500D-07  4.30106020766872400D-07
 1 13  7.29955666427697200D-05  1.07776225778865600D-04 -5.83980569654322300D-04  6.43969953627841400D-05  6.25637793458174300D-05
 1 14  4.16982994014095700D-06 -4.70253908296752500D-04 -2.86894077976828100D-04  3.95035736651338700D-06 -4.96414193420718000D-05
 1 15  2.51452680503518600D-05  2.44961512917899000D-05 -7.55489183845143100D-05 -1.20853522257869200D-08  1.98288121903452400D-07
 1 16  1.82474176892777900D-05 -6.42745564043873400D-05  2.64218990466916400D-03 -1.00843954945705600D-04 -1.01105865375452900D-04
 1 17  5.15548340273089600D-06  8.30108858069922700D-04  1.86682077879843000D-04  1.75686950877224700D-06  7.19239669946110600D-05
 1 18 -9.86041912855820500D-05  2.66802242910435100D-05 -1.30835019451988400D-04  4.90856409149893200D-07 -1.77747179194130600D-07
 1 19  4.61179419853676800D-03  1.76428195851839400D-04 -8.18307462289441200D-04 -1.16264313224636000D-03  1.47135363821014700D-04
 1 20 -5.92766781333418000D-05  5.63234441622058800D-06 -6.42323391021376100D-06  2.97665594903297200D-05  3.35421937065059100D-06
 1 21 -2.08331991784452100D-04  3.10544547284215600D-04 -1.90551845192629900D-06 -6.21788013607827200D-06  1.51092468664789700D-05
 1 22 -8.89136673035823900D-06 -1.73848052744683500D-05  6.34557239806295600D-07 -5.52252440626066500D-07 -1.61420482937319000D-05
 1 23  1.23332275679805800D-04 -1.07190227386080800D-04  9.68135622758905500D-06  1.23288180599200400D-07  7.02713026029834500D-08
 1 24 -1.00175543919003300D+00 -2.74433104665029800D-03  9.71919539824897400D-03  2.98209388637188400D-03  1.60210550496009600D-03
 1 25  1.04103885921744200D-03  3.74841657509709500D-06 -3.15928436523071600D-03 -1.72692798926559900D-03  1.73299011836758700D-06
 1 26 -9.30578462441730200D-04 -3.45184492945113400D-04  2.58077439639380500D-07 -1.77512018704020900D-04  2.34224595615161400D-05
 1 27  1.54089559142462000D-04 -2.31892206702267100D-04 -8.64620984423531200D-08 -8.40301223074075400D-07  4.88729851940735200D-04
 1 28 -1.85663297935887900D-04 -3.03066554004843000D-04  6.52175460135490300D-04 -1.90519975827455500D-07 -2.38296622912092400D-07
 1 29  2.13009453019430400D-04 -8.96841115938357100D-04 -1.66441720389779700D-04  9.84198878930049000D-05  1.00913105225870600D-07
 1 30 -1.49331492392057600D-04 -2.22077738696213000D-05 -3.81601061847513200D-06 -5.76885103304009000D-05  3.75849117680596000D-07
 1 31 -5.16194483513695800D-05 -1.69058585441664100D-04  2.35953640073622800D-05  1.87914269187562100D-05  1.90480931961866900D-07
 1 32 -8.09483887040589000D-05  1.20973983260617500D-04 -5.34230457509275100D-05  2.41292813300001800D-05 -1.09228130964125200D-07
 2  1  1.15373895621556500D-03  8.94002267757518500D-04  3.08633892568572500D-03 -2.32494236274952200D-03  5.71825857624345200D-04
 2  2 -9.07487999186452400D-07  3.96152174384828200D-04  7.91948233617474800D-03 -2.31335449808277800D-06  4.75869830185905600D-04
 2  3 -5.26433663899756300D-04  5.05638337139017900D-05  8.87390030888459200D-05  6.80330795676676700D-07  1.74424163650796400D-06
 2  4 -3.34793438949403600D-04 -8.02122277251183100D-04  2.09627355975171700D-03  1.55763671544345500D-03 -1.22727994640301800D-03
 2  5 -9.82050630092852900D-06 -1.55690224714587700D-03 -3.31688567386486300D-03 -2.19350558069389500D-06  2.10524535307949400D-04
 2  6 -1.33409988933277000D-04 -7.71145463746964300D-05  4.34152666883592600D-04 -1.43936602817886600D-08  1.92691521016270900D-06
 2  7  3.22481921273947200D-04  2.79578340151590700D-04 -2.36979629500511800D-03 -1.77048644846969500D-04  4.39659249993293300D-04
 2  8 -2.98268764389204100D-05  6.65098928438247400D-05 -6.38694629896497900D-04 -2.30465344076681000D-05 -4.94384316276234400D-05
 2  9  8.11970010437934400D-05 -3.17585694161803800D-05  2.11993365783563300D-04  2.76325521381540000D-06  2.81078084529179300D-07
 2 10 -6.59562362030664100D-05  2.89416597828814900D-05  6.56910766076982800D-04  8.45253924203195400D-05 -4.40902004082812900D-05
 2 11 -4.18709981418125700D-05  4.79500839541819300D-05  5.61024585259173300D-04 -2.76131108705920000D-05 -5.18963733432877400D-05
 2 12  8.35337134972673200D-05 -3.16373401540678200D-05  2.58331626205451800D-05 -7.79837794805807000D-08 -2.97287706767734100D-06
 2 13 -1.21819632382627300D-04 -6.61720364392021000D-05 -1.96044528972324700D-03 -1.66244127381571300D-04 -3.51020106498094300D-04
 2 14 -3.45960149510815400D-05 -2.55084807734463100D-04 -7.40227717856718100D-04 -2.32452396615421400D-05 -2.42841042126968000D-05
 2 15  4.94802903098010700D-05 -2.51961860970658500D-05 -7.39882122000191400D-05 -2.04351972716293500D-06  7.14743430665620800D-07
 2 16 -3.28578291443771800D-04  6.03362052383727000D-05  4.40685543872343300D-03  9.14862888713615400D-04  6.19494333381594800D-04
 2 17 -1.55321256466034700D-05  2.54392528359172100D-03 -1.54976853400276900D-03 -6.69625649352795200D-06  2.86331617685823000D-04
 2 18 -1.27330332121022500D-04 -1.59001285564702700D-04 -2.65833731248790300D-04 -1.00858760629593600D-06  1.98690141853161100D-06
 2 19  1.00174790447280700D+00  2.76532004787713400D-03 -9.77676027864237200D-03 -3.03384466874086700D-03 -8.96137984395077000D-04
 2 20 -1.94463897225845500D-03  6.56698963547564600D-06 -5.87043925988598000D-04  3.57808012103134500D-03  4.55403480934065200D-06
 2 21 -1.38601274411418100D-04  9.87640163508952000D-04  3.74164868112015400D-06 -1.67250158384932900D-04  2.88888548906772600D-04
 2 22 -1.21638390521817200D-04  8.39141652503335400D-05  1.48246499977399000D-07  1.53462396303945900D-06  5.05955541977270700D-04
 2 23 -8.06651007240716700D-04  3.00695465263414900D-04  9.45169963049107000D-05  2.14431715227944000D-07 -1.20618514805102700D-06
 2 24  4.43501396599257600D-03  2.99554959094613400D-05  8.91064201210055000D-04  1.08843356902524200D-03  3.84389822902208600D-05
 2 25 -6.59788629171160200D-04  1.46997195191194600D-06 -2.91635648537470800D-05 -2.82979327821632800D-04  2.15569024045179100D-06
 2 26 -4.03268721346522900D-04  5.14379305976570800D-05  1.58792319903481500D-06 -4.25117138806848900D-05  4.18947482923123300D-05
 2 27  6.16965588373435700D-07  3.45944799920506500D-05  4.50593942455260200D-07  1.53533856199858700D-06 -1.36796064529592800D-04
 2 28  1.24518297144744200D-05  1.24344234815105300D-04 -7.07833889527458600D-05  3.05250583088406800D-07 -3.24372312295737100D-07
 2 29 -1.61951793929397200D-04 -2.37253033419066000D-04 -4.31273755085791400D-05  3.16059160730892700D-05 -9.38159363258584600D-07
 2 30  9.57127589330224600D-05  1.72518031762262700D-04  4.21443058423247000D-06 -2.16310440999978900D-05 -1.67089287907960100D-06
 2 31  4.42184220040843300D-04  1.81977343174060400D-04  5.83579330289763300D-05  3.96293455350993800D-05 -1.24028825227886200D-06
 2 32 -4.96531900046598600D-04  7.65853173679248300D-04 -1.54147185635185900D-04  1.16177236330736600D-04 -1.96764639002830400D-07
 3  1  4.50952892335791200D-01  2.80898487500747800D-03 -3.10163347531073600D-03  7.07303727846200700D-04  6.04568562963783300D-04
 3  2 -4.54355785680720400D-07  1.36776789817370500D-03  2.02925551173365900D-04 -1.83334305167344500D-06 -6.27216140422434400D-05
 3  3  1.10743231117831000D-04 -4.80216170757295600D-05  1.68344264664128800D-04  9.25698505489134100D-07 -2.08539792576863900D-06
 3  4  8.95905615511794800D-01  6.10356466993567400D-03 -4.68251027455712400D-03  9.38606678612759800D-04  1.23720306460559000D-03
 3  5  1.32107864397966900D-05  8.68295157905958100D-04  3.25648122880601500D-04  3.73346280956847600D-06  4.16178522357996700D-04
 3  6  2.26564635303386500D-04 -6.42743157661334300D-04  3.19899991636225800D-04  1.26896291166765900D-06  3.14347218563380200D-08
 3  7 -1.57914039026186300D-03 -2.33847119246871800D-04  9.03122877434392100D-05  5.67564918987000500D-05 -2.20760384929423100D-04
 3  8  1.31839925439985200D-05  3.16631245980056500D-04  2.29934599561506300D-04  1.53209073709996900D-05 -3.47950654143942700D-05
 3  9 -2.32605637128586700D-04  2.67400702543031500D-04  7.66070984782843300D-05 -2.51049355018517600D-06 -1.07528270261754200D-07
 3 10 -4.56886402030019200D-04 -2.04526083839996500D-04  9.91277177978619300D-04 -2.10283854219759700D-05 -4.39000583627691600D-05
 3 11  1.24450343443942700D-05  8.19113219131846100D-05  6.61571165328425100D-04  5.74466087623719300D-06 -6.11401742792522000D-06
 3 12  1.37303047516938400D-04 -1.31189030089142900D-04  4.09847067309347500D-05  1.64392815931300500D-06  5.66535890791737600D-07
 3 13  3.67904867704336300D-03 -6.54611934015299100D-05 -4.54962559731221700D-04 -1.52259994350179800D-08  6.41512363088916500D-05
 3 14  6.40987532309181400D-06 -2.88515443686993800D-04  7.75830517794949200D-05  5.55672864942396700D-06  2.78757288845267100D-05
 3 15  3.07750972676071900D-05 -5.86508261520427500D-05  2.11905518780150500D-05 -3.86382617925068500D-07 -4.36732892102178500D-07
 3 16  7.61062138707737700D-03 -3.00873162552505600D-04  1.45148448727714200D-03 -3.64929091632674700D-04 -2.12554062220845300D-04
 3 17 -4.43136035168403400D-07  7.09135435170663800D-04  1.97677423184023800D-04 -1.77633203808574200D-06 -4.57142910026554600D-05
 3 18  1.10123375445360800D-05  3.47019534582187600D-05 -8.70409961662119600D-05  1.90998178498223300D-06 -1.64312379687171600D-06
 3 19  3.12024264865411100D-05  3.81406998605796600D-04 -8.93142358207691500D-04  9.16306175866457300D-04  3.21167829178240200D-04
 3 20 -1.99054672356987300D-04 -8.97243906304026000D-06 -3.95496665656993900D-06  8.51521896892093700D-04 -6.91288891651049800D-06
 3 21  5.99248404604885600D-06 -7.18804179000762100D-04  7.95761938677784900D-07 -6.48204984822064300D-05  1.56466430381845000D-04
 3 22 -9.16459318995604000D-05 -3.23133693513614700D-05 -3.53237201925481200D-08 -1.63581029433421500D-07  2.49414348365674400D-04
 3 23 -5.52366393924779200D-04  3.02952045559249800D-04  2.97743163237420200D-05 -9.39436845680192500D-07  1.10674339408412100D-06
 3 24  2.16189978166027500D-04  9.48736349836021600D-04 -2.96456922447212700D-03  4.96800246146181300D-04 -3.68407982883726000D-04
 3 25  5.08618217856151000D-06  1.13125452934602200D-05  2.32408920358024400D-03  1.48954573206229200D-03  7.87344103372179700D-06
 3 26 -6.53936693059050400D-04 -4.46919485519819500D-04 -2.09245207691656600D-06  1.60127093459969500D-04 -2.59150254954894900D-05
 3 27 -1.34212067964471700D-04  1.46208533109961200D-04 -4.50957035221845400D-07 -1.01684378089156900D-06 -9.09933440979419500D-04
 3 28  3.37354151074805800D-05  8.76198025871910500D-04 -9.93175143583734700D-04 -6.18816803546744700D-07  2.56491053988709200D-07
 3 29  2.09759712063010500D-04 -1.35524292501217200D-04 -1.06562851322570400D-04  4.73866527995151400D-05  8.01917702476047900D-07
 3 30 -7.89111381810257600D-05  2.15477168092416900D-04  6.56551106437864300D-06 -5.97999856261320500D-05 -6.01596726150616800D-07
 3 31 -1.36963407762893000D-04 -5.20400713259941800D-05 -1.22244391755879300D-05 -5.49785110236019100D-06 -6.82667355635323000D-07
 3 32  1.26961427815434600D-04  8.40660084881227800D-05 -9.41063986104582600D-07 -1.97846468434852000D-05  1.19924410285617200D-07
 4  1 -7.88416286157806100D-01 -5.93898359107003300D-03  2.63320406435579900D-03 -1.11692247384942400D-02 -3.78503351123390900D-04
 4  2 -3.31134854809482800D-05  1.16881556396315300D-03  9.00354547522856900D-04 -2.36851393238491900D-05 -3.21265448601823700D-04
 4  3 -5.41130191288595900D-04  8.62395639890606200D-04  5.32845801774303300D-04  1.71479336835389200D-06  5.50993665300389300D-06
 4  4  3.99017234119311100D-01  2.49518056459997100D-04 -3.60082521704418700D-03  7.23701360954464400D-03 -5.00597064941527000D-03
 4  5 -6.33395383379994900D-05  2.78823182010859700D-03 -5.53350528758679100D-03 -9.33321796461376000D-06  6.04592737617140200D-04
 4  6 -1.28543681718404200D-04 -4.76049055898815100D-04  6.34373222416183500D-04  2.20356580411054200D-06  8.69043241522473600D-06
 4  7  4.57631940934758200D-01  3.76768919782438000D-03 -6.94078517976350100D-03 -9.94329937710414300D-04  2.41545031341489800D-03
 4  8 -1.41691822217900700D-04  8.27373712442091100D-04 -1.14153811235668000D-03 -1.05503756871631800D-04 -6.13321428448071100D-05
 4  9  6.70841729334891000D-05 -5.75203008864330000D-06  4.03252448720447300D-04  1.23037598701936000D-05  1.54885251846313800D-06
 4 10  1.12211867230975700D-02  5.50478566929890000D-04  3.54979110557269800D-03  3.63619941649014400D-04  5.15776063732405200D-05
 4 11 -1.83905651331312700D-04  3.21133946173395600D-04  1.90434435416814600D-03 -1.22118514350601000D-04 -5.58750079755106600D-05
 4 12  5.79049121121737000D-05 -2.02990413672731100D-06  1.27861184532956900D-04 -3.66862668039650900D-08 -1.10501105536689300D-05
 4 13 -1.04657588076618900D-01 -1.98089660248311700D-04 -2.16107185659926400D-03 -5.60630357802117000D-04 -1.42674023234650500D-03
 4 14 -1.54704315301043600D-04 -2.10866499055596500D-03 -1.36360035834806600D-03 -1.11474210554264300D-04  1.72332680790165300D-05
 4 15 -1.26624407727444900D-04  1.09391139648313000D-04  1.92532124022523500D-04 -1.13278735945774000D-05 -5.83687622986790000D-07
 4 16 -6.45529628030816800D-02  2.00587943122545500D-03  6.45358643364970400D-03  5.10390838675442600D-03  3.26274457213942800D-03
 4 17 -7.37074504803177300D-05  4.39401529326574100D-03  1.01088585684866500D-03 -2.84131614867889500D-05  3.89909773847413400D-04
 4 18  9.55690670550188400D-05 -4.85478840902441800D-04  5.21661604040411400D-04 -3.92531767047305500D-06  1.06691263657293200D-05
 4 19 -6.99042321623414100D-06 -7.34551518439078000D-04  2.27820925581923100D-03 -1.13062445458755500D-03 -4.15710785553608400D-03
 4 20 -1.14646710183393100D-04  1.12912938885759500D-05 -2.82716755305057200D-03 -2.61121775425119600D-03  1.12287010952999000D-05
 4 21  2.12837733290279800D-05  7.54467041642220900D-04  1.24163614658410400D-05  6.33753633278582300D-05 -1.77365707577917000D-04
 4 22  1.13990344250073100D-04  3.48262752565345000D-04  1.69999316582165000D-07  5.56757545774780000D-07 -3.91054883124083100D-04
 4 23  1.25835043173963700D-03 -8.67295548615696700D-04  4.92811875639044800D-04 -1.84151460878853400D-06 -2.05752042669828400D-06
 4 24  1.30486984691735600D-04  1.32588080317154600D-03 -2.37354792779750400D-04  7.11030537997505000D-04 -1.65275108275005400D-04
 4 25 -3.39799087528401000D-03 -1.18833472986837100D-05  8.82172567999621800D-04 -6.11222635084172600D-04 -8.22133519870854200D-06
 4 26 -7.83592973626233100D-04 -6.95538211003283800D-05 -4.58678413798828400D-07 -1.11639230483419600D-04  1.96348437902526200D-04
 4 27 -8.47092074191573800D-05  2.67216440068324500D-04  1.82851003932762800D-06  1.76812119840968000D-06 -6.29894745346066500D-04
 4 28  6.09967419712660100D-05  5.68898003374835800D-04 -5.15351181181668500D-04  4.92516812138327700D-06  2.91537612577646900D-06
 4 29 -1.45450319723845800D-03 -9.73582189612185700D-04  1.26443501744485100D-04 -2.77864661882900400D-05 -5.46443882235392700D-06
 4 30  4.89849835630054200D-04  6.37985459211878800D-04  5.05574557441500200D-05  1.48232827504536500D-05 -5.02123095276387600D-06
 4 31  1.49324325529089600D-03  2.50438757091409700D-04  1.66553891550949200D-04  8.66032518835962100D-05 -5.24715220792276200D-06
 4 32 -1.69384086720200600D-03 -4.13331453666928000D-04 -5.97650504225599800D-05  1.72051767680266100D-04 -2.21942718986317500D-06
 5  1  1.15235622175445400D-02  1.50211258677236200D-04  8.30724713369722000D-04  3.30462454885652600D-04  2.75711209430130900D-05
 5  2 -4.58901167496749700D-07  1.44219946752652600D-04 -5.97635210273954100D-05  3.98942049418096400D-07 -2.54362735684265000D-05
 5  3 -2.79804642614185200D-05  5.34167378297231500D-05 -8.21272816964776500D-05 -2.15971579100910200D-07  1.71983550988133000D-07
 5  4 -1.68461392535893600D-03  1.88358517934247300D-04 -1.37630883605281400D-03 -2.02144160952227600D-04  1.35742704028379600D-04
 5  5 -3.84202362804955000D-07  5.73558436347883000D-04  1.62918743136605900D-03 -2.56601884468231500D-06 -1.06158298637922200D-05
 5  6  4.10740432374526900D-05 -3.04582133736928100D-05  3.20679089710822300D-05 -4.27506435322055800D-07 -7.35192380397567600D-07
 5  7 -2.06150257212941700D-01 -1.02776090691802300D-03  3.52905655020692200D-03  1.01238211140231400D-05 -1.05910171354278000D-04
 5  8  3.83180918342866800D-06 -6.15371576578673500D-04  1.34644437757062000D-03  3.83573561246887300D-06 -1.59038601962469900D-04
 5  9 -1.80587158841855000D-05  1.77097317846699000D-04  2.08600928726879900D-05 -8.24356894933154800D-07  4.16179521620771300D-08
 5 10 -4.77266501372087300D-02  1.69169134241890200D-04 -3.14331236293242800D-03 -6.28353880140617600D-05  3.17617313288511400D-05
 5 11  6.78981813869978900D-06  9.76428252074656600D-04 -1.90184952833773600D-03  4.22475948664231100D-06  1.85326738644015300D-04
 5 12  1.60981287355194200D-04 -3.46308025999246800D-04 -6.88444431788591800D-05 -2.76768069217227800D-07  3.88326787460078300D-07
 5 13 -9.78916032005060900D-01 -4.29526370882816000D-03  1.02920212286282400D-02  7.74825643917617600D-05  4.59825489412263800D-05
 5 14  5.10469161598258100D-06  1.84060604881876300D-03  1.17376943696894900D-03  4.26130427320513500D-06 -3.71114303197618400D-04
 5 15 -2.06434529504348300D-04  5.77548832701926200D-04 -1.47426362669114100D-04  2.03199158901414500D-07  2.53879896476357800D-09
 5 16 -3.22803088931837100D-02  8.61804125611088000D-05 -2.79579183780158900D-03 -1.62160450231138900D-04 -1.72175555729168000D-04
 5 17  2.45571337596428500D-06 -6.32367011378320400D-04  1.67228984032204800D-03  6.91675056156645400D-07  8.33082927370856800D-05
 5 18  1.99838819778742600D-04 -2.83147112515788800D-04 -3.64982836317788200D-05  3.39396887889856500D-08 -6.31244621967620600D-07
 5 19  5.44852588747770500D-05  1.12176541802672200D-04 -3.30945000114451100D-04 -4.31129221282447500D-04  1.31331784672397500D-04
 5 20 -1.54287138224866000D-05 -2.31689524888642500D-06  7.80871878871817800D-05  3.00207740950771300D-04 -1.69754644561666700D-06
 5 21  6.35919568304765100D-05  2.61402496340157400D-04 -3.90163055518844400D-07  1.62122558423730900D-05  4.51375512500129300D-06
 5 22 -2.07260109673461800D-05 -1.63835461702215400D-05  7.99705215867001900D-08  1.04086115406867000D-07 -3.16286514712504700D-05
 5 23 -7.42644426963401000D-05  1.05893094167516600D-04 -2.92758695009209000D-05 -1.43779718695204100D-07  2.93553498340814200D-07
 5 24  4.92546068571655900D-05  6.39873680365067300D-05 -4.79057424919468800D-04 -6.09961194644834000D-04 -1.06024449974453300D-05
 5 25  1.16885970927377800D-04 -2.52601959005227400D-06  2.41584589426214000D-04 -1.00522199488872600D-05 -7.72195533001283800D-07
 5 26  2.63505990779220600D-04  1.32528229506574800D-04 -2.71298765718351000D-08  6.29393662130079500D-06 -8.49494676003831000D-06
 5 27  2.20101013873571200D-06 -2.41658178663525600D-05  1.05468718741841300D-07 -5.54033838138849500D-08 -5.90036187674896600D-05
 5 28  2.08271922803519300D-05  3.81764264871360000D-05  5.41660497052786100D-05 -4.43589870568588400D-07 -3.81105062167626500D-07
 5 29  1.80460471470726100D-04  1.14377421492882200D-04 -1.00732913504584000D-04  4.21663325556670100D-05  2.27663640465817200D-07
 5 30 -1.81248761370213000D-04 -6.28637448580737100D-04 -1.23181652613272600D-05 -1.12861478501148600D-04 -2.43791686863285700D-07
 5 31  4.39805224516803600D-04 -7.14423169427572400D-04  4.41716966463732900D-04  2.55974238139481700D-04  2.05878158948064700D-07
 5 32 -7.62981843760902500D-05 -2.92188995823202400D-04 -9.27682720911887600D-05  2.32681922068978400D-05  2.33990920919507100D-07
 6  1  1.95188964633972600D-01  1.69998970865451900D-03  2.14444637178868300D-03  9.02064962675162100D-03 -3.93698448283798600D-04
 6  2  4.17770850299537100D-05 -1.17108997469975300D-03 -3.26911249419033600D-03  2.13839086436536400D-05  8.94507776490385400D-05
 6  3 -1.02893250524928800D-04  1.34424728758093800D-05 -5.56157272419204300D-04 -1.48385569663848200D-06 -3.87902553980983600D-06
 6  4 -1.04083408552973500D-01  1.15087979113188000D-03  3.08181855085294700D-03 -5.62581384388186600D-03  4.38122746681719200D-03
 6  5  5.04471941156495600D-05 -2.38632954849128600D-03  4.17085627381635900D-04  1.33870519335765200D-05 -1.74743146056140900D-04
 6  6 -1.04921593784290800D-04  2.79664739840460300D-04 -6.00689641883322600D-04 -1.89218206303904900D-06 -5.93484765183866400D-06
 6  7  4.98799738127583900D-01  1.03395732870443800D-03 -4.86811006772127300D-03  8.32447458143931600D-04 -1.81955199894388600D-03
 6  8  1.08665595767833800D-04  8.50917929303677700D-04 -1.71158090258967200D-03  7.59875505918446900D-05  2.29520748908679700D-04
 6  9  3.79796859465290200D-05 -2.67500434855363400D-04 -3.84439572884397900D-04 -1.04493061214758200D-05 -3.58196645105858400D-07
 6 10  2.68415783767472000D-01  5.64815432862716200D-04 -3.28212889991059100D-03 -3.00397165724623400D-04 -4.45790258265041200D-05
 6 11  1.44011974491009800D-04  3.56030848387207100D-04 -5.78288252981646300D-04  9.47867096642783100D-05 -2.04057807242236900D-05
 6 12  7.11829809629310800D-05 -5.07772002387608200D-05 -2.09522347324507400D-04 -3.59955408459156000D-07  9.08355148809881700D-06
 6 13 -1.42122970659526800D-01 -1.08642344322562600D-03  5.28609711668857300D-03  4.30177359050137700D-04  1.13094465128386900D-03
 6 14  1.26898742063872800D-04  2.55347968068923900D-03  1.82771041940962500D-03  8.95115025858137600D-05 -1.62070486399801100D-04
 6 15 -2.19327627010660800D-04  3.81398113410701200D-04 -2.25827017095448500D-04  8.58176326479241000D-06  7.44673995569707700D-07
 6 16  7.83875982810391900D-01  1.96386531487709400D-03 -1.32464755599286500D-02 -3.99307233482777200D-03 -2.59870266672665700D-03
 6 17  7.13623943521958600D-05 -5.56009169258602300D-03 -1.09574273501244400D-04  3.53333518084084000D-05  1.32136497799258800D-04
 6 18  2.00114553732438900D-04 -3.32251051531803100D-04 -5.23150225637555600D-04  5.51521698239269100D-06 -8.64851867522452300D-06
 6 19 -2.21144617190400700D-04 -1.29596129889497000D-04  6.00922384424859800D-04  1.96018779919306500D-03  3.30588046381330400D-03
 6 20  3.05065582801744300D-04  1.07565039525809600D-05  2.55508189848316700D-03  1.99091277779435900D-04  1.34194947051640600D-06
 6 21 -7.02289905833428600D-05 -9.53292107124277000D-04 -7.99492406062404300D-06 -2.15042072924876300D-05  6.94512848517788500D-05
 6 22 -4.79470775593060400D-05 -2.43925040571923200D-04 -3.26461819553962000D-07 -1.71127751893251800D-06  1.35833235281216500D-04
 6 23 -2.32201490505159500D-04  9.63682552239248400D-05 -5.89036173345682700D-04  1.45442744783794800D-06  5.82910074117117000D-07
 6 24 -1.70552111074744600D-04 -1.03854867941079100D-03  5.40810971524060100D-04  1.04119612472699400D-03  1.06900767619219600D-04
 6 25  2.60922659213676200D-03  6.90335961195404600D-06 -8.79243791194538700D-04  1.11576780623220600D-03  8.83855735391625200D-07
 6 26 -1.75720655118418000D-04 -4.06076277048322900D-04 -8.44018507887622900D-07  9.67413144338540200D-05 -1.27773217737620100D-04
 6 27  3.10319033037864700D-05 -1.35889097766063400D-04 -1.51267278068888200D-06 -9.99621995287210900D-07  5.32990455626373000D-04
 6 28 -2.09922147191153400D-04 -3.23068308435226300D-04  3.10993570504893900D-05 -2.27690574434246500D-06 -2.42384449201579000D-07
 6 29  8.79592422279233100D-04  8.73675141089563000D-04  2.34214761689469100D-04 -1.20402488928605900D-04  4.55417955096109300D-06
 6 30 -4.54908751438546000D-04  1.43857581328853500D-04 -5.10128542682010000D-05 -1.29645977260101300D-04  4.59276394242682300D-06
 6 31 -9.64575083476589000D-04 -8.67166694854554600D-05  1.03849418813964900D-04  4.06144397267464500D-05  3.81559952985818500D-06
 6 32  8.84475356030189000D-04  5.04357881020901200D-04 -3.66542671549569200D-04  1.34282344938977500D-04  2.25580807344319600D-06
 7  1 -3.79839649565077400D-02 -4.04932375262456800D-04  5.24304904491515900D-04 -1.81466586862406200D-03  1.07007137250409300D-04
 7  2 -8.65299436702865300D-06  1.88737570611433700D-04  5.31026568230981600D-04 -6.18519097088971000D-06  3.04134730315429900D-05
 7  3  4.13577113834574500D-05 -7.17711844148974300D-05  1.15080931104349400D-04  4.39240054503874600D-07  1.03421824510138200D-06
 7  4  2.13943722004282900D-02 -2.53893076754137200D-04 -1.68582069141789400D-03  1.11100445875516100D-03 -9.06523879577315100D-04
 7  5 -8.48998571830055000D-06  4.76009083134628700D-04 -4.16853937646080500D-04 -8.50030365030764000D-07 -9.01056706495874000D-07
 7  6  1.26558298450695400D-04 -1.25657241744164900D-04  1.71145022566870000D-04  2.40904624739942200D-07  1.30674330470146600D-06
 7  7 -1.43127160910308500D-01 -6.98289732968843400D-04  4.15180671462096400D-03 -1.05548429955664900D-04  4.06932995883568000D-04
 7  8 -2.12014164901188500D-05 -2.02302793483107400D-03  1.21994103702499500D-05 -1.54763340960432400D-05 -2.96662496009705900D-04
 7  9 -1.30268936329136700D-04  4.26931432338838300D-04  3.18276047812506100D-05  2.66735241192581800D-06 -2.49811337860984400D-07
 7 10  9.64187858760355700D-01  4.50937617227129500D-03 -1.00675600643347900D-02  6.47888480982254100D-05  3.65949431026775700D-05
 7 11 -2.78081074471249700D-05 -1.06795775240281400D-04 -2.16993485805899200D-03 -1.96080554281748100D-05  1.69070890174285400D-04
 7 12  4.04052459084907600D-04 -5.73123349259175300D-04  4.07264332694808200D-05  5.30167177672905500D-07 -1.77219830845798600D-06
 7 13 -1.04058280755822700D-02 -2.73412984309964100D-04  2.05192569879088300D-03 -1.44366467951445100D-04 -1.90703746006013000D-04
 7 14 -2.62703470295617100D-05  1.39972444453955100D-03 -6.12646543933814000D-04 -1.83820735662945900D-05 -2.19712303605494500D-04
 7 15 -4.25201198095608400D-05  2.62232423415004000D-04  1.03639898030431900D-04 -1.47620854329559100D-06  3.94884483875676100D-07
 7 16 -2.28911978886119500D-01 -7.45797019207718100D-04  2.62580763951757000D-03  7.80796811985154800D-04  5.27823658787143300D-04
 7 17 -1.48382243222339500D-05  6.31398116453736200D-04 -1.57787011931456000D-04 -7.55573828752264700D-06 -2.86598913110809700D-05
 7 18  1.93815755942814700D-05  9.27831571681857200D-06  4.44992124143872000D-05 -9.86645297653826500D-07  1.70925381658883000D-06
 7 19  4.38125235019984600D-05  2.47846825618719000D-05 -1.90006873508915700D-04 -6.02070755634986000D-04 -6.63423734607400400D-04
 7 20 -6.01527556393858600D-05 -3.81086338686698100D-06 -4.91865537554132500D-04  3.76243513841572600D-05 -8.59486867832417700D-07
 7 21 -3.40044765710343300D-05  2.72905799326269500D-04  1.68224276693857200D-06 -2.05639951915965400D-06 -1.54436923311415800D-05
 7 22  1.75000918503212500D-05  4.73919591333015200D-05 -8.49149256205895100D-08  4.17053247570346100D-07  4.11471012367441300D-06
 7 23  2.09822082801410100D-05 -2.50969184038122600D-05  1.07025262808999500D-04 -7.40800782307603700D-07  2.34132371199890600D-08
 7 24 -1.50479039656884700D-05  1.20311608076838800D-04  2.19831656138569200D-04  4.09578053526145000D-04 -4.95459870808005000D-06
 7 25 -5.08303300287709600D-04  4.72674107882810100D-07 -1.43668684779837000D-05 -3.79514216081029900D-04  1.36574197440587000D-06
 7 26 -2.27435436078316100D-04 -6.59698061856800700D-05 -1.88141697575780000D-07 -2.41659271328485700D-05  1.38048426145647400D-05
 7 27  1.03610845183167900D-05  3.22127588487363600D-05  1.90599262150639700D-07  3.28890109722312400D-07 -1.09531592595638300D-04
 7 28  1.07292555557795200D-04  2.23903703784681500D-06  3.26816224688437800D-05  4.15266675464383600D-07 -8.99911258011205200D-07
 7 29  5.03203944333102300D-06  9.90478497781331000D-05 -1.61637205138192000D-04  1.16742006393026100D-04 -9.40948959367591900D-07
 7 30 -4.06604697642649200D-04  6.48786127511090400D-04  1.20758056693297900D-05 -5.05364597903948700D-04 -7.94377157342044700D-07
 7 31  3.61073436929227700D-04  4.22029366278109500D-04  8.74429942030922800D-05  7.47507744456369700D-05 -5.47243774000843300D-07
 7 32 -2.10752195120490200D-04 -2.03384560428794300D-04  9.06095974806060500D-05 -3.56465416669318700D-05 -6.07054439594050600D-07
 8  1  3.73807958378757600D-01  3.82379966302700600D-03 -1.16374070641809100D-03  1.82411100266516500D-02 -7.95882649731093900D-04
 8  2  5.39639055771418700D-05  5.86259634252820100D-03  3.73808271079355300D-03  2.54315096069063200D-05  5.00282917358060100D-04
 8  3  2.95496604463821400D-04 -7.95779521821680200D-04 -6.52113828206677000D-04 -1.46527620495508500D-06 -8.39740617110938800D-06
 8  4 -1.82164556997480500D-01  2.71640187590711900D-03  7.09606567522095100D-03 -1.13725317210098300D-02  8.95260785851989400D-03
 8  5  1.02978437227956200D-04 -6.31126391068922600D-03 -2.94794869881387300D-03  3.15007492852261500D-05 -4.46593515954415400D-04
 8  6 -1.99785054012587400D-04  6.46378569967098800D-04 -1.17384961202756600D-03 -3.68545913245554200D-06 -1.35721475265238400D-05
 8  7  6.94857307548064300D-01  1.11735321787939700D-03 -1.33962070499998000D-02  1.61888221954240900D-03 -3.77003120531563200D-03
 8  8  2.34541893035698300D-04  3.38725018029672100D-03 -4.40734487742720300D-03  1.66583647201613000D-04  4.19675904528357500D-04
 8  9  8.31545183965139000D-06 -4.27991356368104800D-04 -6.85992366201759700D-04 -2.07817802924819600D-05 -3.28742856261578200D-06
 8 10 -1.64576377986102500D-02 -1.39412775813703300D-03  2.33864274916954700D-03 -6.16032165649616500D-04 -5.19676968941556200D-05
 8 11  3.07009199852172600D-04  4.04229434019036900D-04  1.78127120916425900D-03  2.05056215735026300D-04 -9.14426548958752000D-05
 8 12 -2.15261142840828900D-04  3.06703797736553100D-04 -2.81010095296987100D-04 -2.42621544065756500D-07  1.74975612238506700D-05
 8 13 -1.21286628490086800D-01 -5.45783609506732100D-04 -9.33939513242416300D-04  9.32845805374658200D-04  2.35683499978145300D-03
 8 14  2.53620576636386600D-04  2.91744472041194800D-04  1.35361170732198800D-04  1.77341743123197400D-04 -3.35721347819617700D-05
 8 15  1.91176789071450900D-04 -1.57604654289462600D-04 -4.18996837300620400D-04  1.87161072380399700D-05 -1.11397138743467800D-07
 8 16 -5.76789058583184600D-01 -6.95782182884290500D-03  4.28443091009460100D-03 -8.53194391853161700D-03 -5.34474348374484700D-03
 8 17  1.29072590313771200D-04 -2.04771985467876400D-03 -1.91278995356064200D-03  5.95213789358969100D-05 -3.95822093044885300D-04
 8 18 -1.66636067094108200D-04  5.62458160138922300D-04 -8.01526664154533400D-04  6.93223074088550000D-06 -1.61499577250257400D-05
 8 19 -7.62076909860510100D-05  3.97650434652684100D-04 -2.87741023878319500D-03 -2.40118341481816400D-03  6.98725412657564600D-03
 8 20  6.56106892730156300D-04 -1.31865775460078600D-05  4.00527819399070200D-03  2.23973808094604800D-03 -1.88061741176890200D-05
 8 21 -6.51128407427491200D-04  8.87643428597699600D-04 -8.45620803602226200D-06 -7.06870897115474000D-06  1.28464481923420600D-05
 8 22 -5.77773922112961800D-06 -6.04425973586762500D-04 -5.46471526717801800D-09 -1.58200538447956600D-06  2.14412124115885600D-04
 8 23 -5.99925307304559900D-04  3.85513183188804500D-04 -6.64601291612072400D-04  1.84822345234564000D-06  1.99875664495830300D-06
 8 24 -2.77033919073176800D-04 -1.96762959553333900D-03  1.44111726679207700D-03  3.74777537640803000D-03  1.56085065193493000D-04
 8 25  5.33461637609387400D-03  1.94607496460566800D-05 -1.51646656524311800D-03  2.31182588203805800D-03  6.98563316342256500D-06
 8 26 -9.49184551120562500D-04 -4.66077025604305200D-04 -1.00904484350160100D-05  2.44699793265999200D-04 -2.63113283258448600D-04
 8 27  1.84134899924397000D-05 -3.02835955938441800D-04 -2.88500299301021800D-06 -2.34849303808609800D-06  7.83984885160218600D-04
 8 28 -4.29398047740451500D-04 -3.54586837419786100D-04  1.12063952726464700D-04 -4.08946926165142100D-06 -1.91662534200894500D-06
 8 29  1.95254751973420500D-03  1.09682889480646500D-03  3.16916552578773100D-04 -1.79181173961321900D-04  7.84207257870007800D-06
 8 30 -5.61433941064412700D-04  1.56961743096204100D-04 -7.14138901719389300D-05  6.60355392823598600D-06  8.73463676177973100D-06
 8 31 -2.49044512572328000D-03 -1.65028573637933300D-03 -1.00375090329545000D-04 -7.96808654565366600D-05  8.54032429470400500D-06
 8 32  2.79648945798650200D-03  1.33405585013551900D-03  1.44576491838745300D-04 -3.57072603732816800D-04  3.69112939237014700D-06
 9  1  9.57641144361123300D-03 -1.44072222953571500D-01 -3.37768615079926300D-02 -1.61982422325014000D-02 -7.77783328675611000D-02
 9  2  5.04912694185779700D-05 -5.50517371621384000D-03  1.45247296126771500D-03  7.63334933160572800D-05  2.34984854615686600D-03
 9  3 -1.41662800167094600D-02  1.18164314705525600D-02  1.69663767469417000D-03 -7.01080548380353800D-06 -1.17843864873622300D-05
 9  4  1.43569997693175800D-02 -1.88056729802004100D-01 -7.20277722716821900D-02 -1.06641370641196500D-01 -7.33106011459381300D-02
 9  5  1.41236720238937400D-04  2.98051674957194500D-02  1.62809129218860300D-02  3.94293535960572200D-05 -1.87383065388920200D-02
 9  6  2.17636504439879300D-03  1.65619414944933100D-02 -1.90688206658357000D-02  1.27931193638412400D-05 -9.65247457049410200D-06
 9  7  1.97641522299552800D-04 -4.16020863583333900D-02  9.44986845340262300D-03 -2.33363647192667100D-03 -3.07080862224680700D-02
 9  8  1.00521719447223700D-04 -2.32393312345659100D-02  5.24506607555513800D-04  1.05032702059516500D-04  5.83219142295900100D-03
 9  9 -6.62625174372149000D-03  7.94060320762534300D-04 -5.50860184370264900D-03 -1.35745176077818600D-05  1.26697005441268500D-05
 9 10 -3.23391392026271600D-04 -1.09713282198973100D-02 -2.09552355058052000D-02 -2.54340431910498600D-03 -6.26057648659288400D-03
 9 11  1.00280491481903300D-04 -5.16071078041958900D-03 -1.45352974444614300D-03  4.54655541901717500D-05  1.11209669619457400D-03
 9 12 -1.33030634675446000D-03  2.18209650559820500D-04 -1.52487879929406800D-03 -3.97559405657013000D-06  1.16053917553912600D-05
 9 13 -6.59408962346419100D-04 -1.01554271888011000D-02 -8.41164802240833800D-03 -4.01074967896167100D-03 -3.11930796512236800D-03
 9 14  1.26479110921139800D-04  4.94845330786896600D-03  2.15509422258393200D-04  8.07075636877068700D-05  4.88695130310890600D-04
 9 15 -7.30736436419306000D-04  2.42041306108576800D-04 -8.47235033241772800D-04  2.54614595283652200D-05  1.25007830600492800D-05
 9 16  4.00803393319492800D-04 -3.24015420468333300D-02 -1.32583515966154400D-02 -2.23106038032998900D-02 -1.37775752204331400D-02
 9 17  1.22004289448329300D-04  1.63138023600073300D-04 -1.25322343177297000D-02  1.71325495138150000D-05 -9.78807014152132300D-04
 9 18  4.35791162401624800D-04  5.43015851750520500D-04 -5.31641076344228700D-03  1.52268696180337900D-05 -7.75780436703858000D-06
 9 19  4.94918507042569400D-03 -2.17690418818349000D-01 -2.10250764799293600D-01 -1.78080389519462500D-05 -1.59457340983805800D-03
 9 20  7.80945471165910400D-02 -3.33315324573939500D-05 -2.38350849845044200D-04  2.62616230812016700D-02 -6.19340372163576500D-05
 9 21  6.18313631425340000D-04 -3.98056440831856800D-03 -5.48851192685278400D-05  4.79494202553872600D-03 -1.00771101643408500D-02
 9 22  5.28216813880212600D-03  3.21349471095656300D-04 -4.97097971516103500D-06 -3.38773687958738100D-06 -1.17545270257145500D-05
 9 23  8.38474505086227600D-04 -8.26719978060554400D-04  1.60882398617098400D-04 -1.87286884062073100D-05  2.19422221721208100D-05
 9 24  7.48785547994876500D-03 -3.31681497386721800D-01 -3.29599409359958100D-01 -8.82640180739863900D-03  1.00299015490668900D-01
 9 25  5.64966797633499700D-02  1.31603066471884600D-04  3.30737464423665700D-02  1.89190444222363800D-02  8.96329344063682000D-05
 9 26 -2.67023600424510400D-03 -1.58879132602899000D-03 -1.78230725696065600D-06 -9.61622175614361400D-03  1.78830438324336300D-03
 9 27  7.82791737290029100D-03 -1.08992517492530000D-02 -1.64846354536684300D-05 -1.10732654475840600D-06  1.98660255940186800D-03
 9 28  4.63748980082213700D-05 -2.03297745741011200D-03  1.94316381777267300D-03  1.52868835976419000D-06 -1.50676956755872800D-05
 9 29 -9.27825857615754600D-03  9.04307965387721700D-03  2.68663278172544700D-03 -2.26166403824459000D-03 -6.30358601794780300D-06
 9 30 -1.35845625170851000D-04  1.27224642209080200D-03 -2.94188616740714700D-04  2.40303182165701500D-04  6.02459418087159800D-08
 9 31 -1.27452859716485000D-03  1.93835165457372700D-03 -9.91281659083062200D-06 -2.28015002696977200D-04  8.08843099934669000D-06
 9 32 -5.52454273645723700D-03  4.98170188772031500D-03 -2.00752853271100000D-03  3.79604979264877900D-04  1.77998034434955000D-06
10  1  1.46735476570466500D-02 -1.59800602793661500D-01 -1.22882585465636200D-01  2.28288397776552300D-02 -1.49609335848692600D-01
10  2 -4.01147282514245300D-04  6.08697144795000700D-03  7.97198761933927700D-02 -2.08847513452367600D-04  2.27847881575957200D-02
10  3 -3.81157500696824600D-02  1.53309619120868100D-02 -2.69674820646466500D-03 -2.39525561213554100D-06 -2.03609302178761000D-05
10  4 -1.01668870015284100D-02  9.27959680020597300D-02  9.83510998263690300D-02  1.10863150455995500D-01  3.10317054496770200D-02
10  5 -1.27058310621210100D-04 -6.09888755498512800D-02 -4.44870948139794400D-02 -6.44280083699680900D-05  1.51192057614149100D-02
10  6 -5.38626770702632600D-03 -9.73293805438857500D-03  2.72976755624242700D-02  6.69657522333180600D-06 -3.22041236748811300D-05
10  7 -3.63332581841808200D-05  2.26326545446337900D-02 -4.83415663914506000D-02  6.91816944753679500D-03  1.64639977530607800D-02
10  8  8.15195586622621000D-05  2.73295190633103600D-02 -1.08126060313006900D-02  1.39518964386866800D-04 -4.17175358622029200D-03
10  9  4.92568690502201400D-03 -7.53933318801719500D-04  8.07694944573719400D-03 -9.61548829458564300D-06  9.85692484124530600D-07
10 10 -8.43472605306931900D-04 -8.16395946933703500D-04  2.51928131643611700D-02  2.29332959297598300D-03  8.03306596538027100D-06
10 11  1.42395172643426900D-04  7.28250412192376300D-03  1.21527343023676200D-02  1.15234749047712300D-04 -2.58200249477335800D-03
10 12  2.55895496973652700D-03  2.30475250368217900D-05  1.17577383187966500D-03 -7.62389573893255100D-06 -2.62534506863794600D-06
10 13  7.93585486943397700D-04 -4.47722337863339800D-03 -3.09603064732202800D-02 -8.13692270028501600D-04 -4.08113421992337200D-03
10 14  4.82543480380155200D-05 -5.89531909746829700D-03 -1.33046060613401300D-02 -1.23754837696248900D-05 -2.15654683994678200D-04
10 15  6.39729916740354900D-05  1.51681692320679400D-04 -3.62410796950965300D-03  7.06492733750885800D-06 -1.88396618604769700D-07
10 16  4.29816655551705000D-04 -3.80571499089699800D-02  4.59704765700483800D-02 -2.05447396951630000D-02 -1.97626772419329500D-02
10 17 -1.73718040819356300D-04  2.46261829824112900D-02 -2.34430281249607100D-02 -5.81952826864669500D-05  3.07578368411017000D-03
10 18 -4.28292214841847700D-03  1.20713846430836600D-03 -1.12345473650723400D-02 -1.29047247745531300D-05 -9.78271328366717600D-06
10 19  9.35503168553670000D-03 -3.42578399360691100D-01 -3.55412965629300400D-01 -2.25888394699048100D-02  5.93852668246532200D-03
10 20  1.10229000984849600D-01 -4.42325126347820300D-04  3.79099848547617200D-03  3.41913342024804400D-02 -2.85171551856964700D-04
10 21 -9.86938203722423200D-04  1.62996769905400400D-04  2.20204179525084700D-06  7.10103917985378700D-03 -1.44541993978895200D-02
10 22  7.35316021803572900D-03 -4.91748142688880200D-04 -5.41001414593394800D-06  2.94313270151125800D-05 -2.26909034970233900D-03
10 23  6.17890142791395400D-03 -3.90981107821163100D-03 -8.43690000067004900D-04 -1.17409412646485500D-05  3.99712179845602500D-05
10 24 -6.44901882470477900D-03  2.42479712816190200D-01  2.57128237113425800D-01  2.10362334666825300D-02 -6.24836439743535300D-02
10 25 -4.09132997880015800D-02 -6.78086240983662600D-05 -1.83527098742548600D-02 -1.33669010986968900D-02 -9.37052721537362800D-06
10 26 -2.36311021520983200D-03  3.10468550294955700D-04 -7.66667766233793100D-05  5.79588468041960100D-03 -7.40906740195991400D-04
10 27 -5.05497794022350400D-03  7.66957978410780900D-03 -9.98150903848913900D-07  9.77815351256673700D-06 -4.11810594951461500D-03
10 28  9.10778453931600300D-04  3.20732749558301800D-03 -3.24539936157445700D-03  5.42413869828010800D-06 -4.16723002273237000D-06
10 29  9.51643935176286900D-03 -8.22457947651176300D-03 -3.17263491205313500D-03  1.81223614685273100D-03  9.41511537013798400D-06
10 30 -1.00476572385039500D-03  2.56637609477142900D-03  1.30039670705992600D-04 -9.56542856954604800D-04  3.72707326621790100D-06
10 31  4.90307078969788200D-04 -2.02964070909164300D-03  8.68270297333575800D-04  2.78812785724163600D-04  1.24954448507118600D-06
10 32 -1.26057039955350100D-02  1.05035825260193700D-02 -4.16419969324156600D-03  2.11804317758171400D-03 -1.97147915507665500D-05
11  1 -5.27030273173559200D-03  1.06871066267992400D-01  8.05189356697402800D-02  1.95961731626034900D-02 -1.14167609381723100D-01
11  2 -5.10868696520645000D-05  9.33486279833241200D-04 -4.61243095463948300D-03  9.41338817878144900D-05  9.28585540280581600D-03
11  3 -3.57361200420002400D-03 -5.71224339860579500D-03  2.32158000003220300D-05 -1.06149489968875300D-05 -2.71025323368007200D-05
11  4 -6.22076139079757000D-03  1.19730617944213400D-01  8.78028528155081800D-02 -1.06764666016020100D-01 -5.57902912099262300D-02
11  5  1.47198467117649100D-05 -2.70911315025295300D-03 -3.37977085330475700D-04 -9.49981270824944000D-05 -1.81801866579154200D-03
11  6  7.59646667045863000D-03 -5.77844800466713200D-03 -7.42673730737927400D-03 -4.62705524383268200D-06 -3.33102093449826700D-05
11  7 -1.25728775349652700D-02  1.79888190166050300D-01  1.13252310908024800D-01 -6.79848514321587400D-02  1.24577982480993100D-02
11  8  2.89144994599843400D-04 -2.98672773690547100D-02  1.47607671857046200D-03  2.58954043726151400D-04  5.51454063567970300D-03
11  9  4.08463688965200700D-03 -9.59917752533172100D-03  3.17989897348764000D-03 -1.50627543246715300D-05  1.55479788660706300D-05
11 10 -1.44807439604622000D-02  2.05702904472836700D-01  1.04050443256832300D-01 -4.22704853103396000D-03  7.12085035765220600D-02
11 11  4.00116683536842900D-04 -4.79512313549565000D-03  1.56370326798817900D-02  2.70938026214226900D-04  1.12051812484959800D-02
11 12 -6.80400204462675800D-04 -1.05247810440333900D-02 -1.19302244225608700D-03 -2.16932493444207500D-05  1.85093003551308700D-05
11 13 -1.34275877619037200D-02  2.07681165412145200D-01  1.09011352242641300D-01  6.47211736519001800D-02  3.23004293774849400D-02
11 14  3.30349181962436800D-04  1.89618691976016900D-02  4.41654045735754500D-03  2.84139092075319400D-04  3.57317664379414100D-03
11 15  7.18768070134256900D-03 -1.07608573451367200D-02 -7.13781304091686100D-03  3.44438216743920800D-05 -8.62758650202195900D-06
11 16 -1.19058517428403500D-02  1.62467187351545500D-01  9.65364985126398500D-02  3.54020374987330200D-02 -6.15280810870922600D-02
11 17  8.38264811099362700D-05  9.06061652743356800D-03 -2.71537325519910600D-02 -6.30731628783867600D-05  1.03080232517847200D-03
11 18  7.68823389433779800D-03 -8.71903621951630000D-03 -1.29906502627422300D-04 -3.71198532225406200D-06 -2.96046684463303800D-05
11 19  1.49577372078436500D-03 -8.31838707664497900D-02 -1.01914609163840200D-01 -1.49247934537052900D-02  1.17675718231955400D-02
11 20 -4.58030069204115500D-04 -9.77668772722764800D-05  6.81403776192550600D-03  5.37626163940459900D-04 -1.07469182566735200D-04
11 21  1.56485381943482500D-04  6.98667856199564800D-03 -6.98683796059660200D-05  6.31358698687439400D-04 -1.30710647923645300D-03
11 22  6.75747780548976300D-04 -8.39798798576796700D-04 -9.25107721442899500D-07  9.15543293967102200D-07 -1.85864167117441800D-03
11 23  1.97992558511126000D-03 -1.21283913936832900D-04 -1.91581395296007500D-04 -7.90242778144344400D-06  3.67708784888200800D-05
11 24  1.28130184217518100D-03 -8.77900734199044000D-02 -1.08960135991703900D-01 -1.65415400183237000D-02 -4.10967430606206400D-03
11 25  2.12738065134023500D-03 -8.10605777855692500D-05 -1.33887647664965300D-03  1.35607775865956200D-03 -3.19982107090949300D-05
11 26  6.99596798344662200D-03  3.67226230341840100D-03 -7.04383062127361600D-06 -4.58847450431938400D-04 -1.49423758611723200D-04
11 27  6.08271209043636700D-04 -1.01315130394005400D-03  2.00955284609587400D-06 -2.44837027837087400D-07  1.01202312685323400D-03
11 28 -5.49799811053736900D-04 -4.62223315799520200D-04  2.59038479104120200D-03  2.17593934102037900D-06  4.64802866098599400D-06
11 29  5.01273777305973100D-02  1.00951130070911500D-02 -7.08546059283227900D-03  3.79651484141882100D-03  1.54664154199131300D-05
11 30  5.69016459998146800D-02  1.99348568763704700D-03 -1.69313491779248100D-04  9.98471379947475800D-03  1.50675950244163800D-05
11 31  5.56969454941614000D-02  1.19742075492416400D-03  8.70430580514034400D-03  4.83652793331766300D-03  2.15594676736547600D-05
11 32  4.43039785300930200D-02  8.84574510266295500D-03  5.87272891411551800D-03 -4.10609161839703000D-03  9.61552819160453200D-06
12  1 -5.24980548280479600D-03  9.84747910211126300D-02  5.01182520430855200D-02 -6.34118558150138000D-02 -7.65451814284795100D-02
12  2  1.98605547523882600D-04  2.98965252318536100D-03  8.53239163507001800D-03  1.77259338363314000D-04  1.30003407858023400D-02
12  3 -8.78917523413409000D-03 -4.21116555166824500D-03  1.48063904164564600D-02 -2.74915914165821200D-06 -6.94608924829299100D-06
12  4  3.92779400489146700D-03 -6.48793012403333400D-02 -2.20491456348267200D-02 -2.26725195674386200D-02  1.33007186032303700D-01
12  5  1.79632575676889500D-04 -2.23537170096529200D-02 -1.17777906603006300D-03 -1.00984021021921700D-05  1.60943410975699300D-02
12  6 -1.91869629104615100D-02  3.09262181289167200D-03 -5.56703937140826500D-04 -1.45814765078283900D-05 -2.90087608366736700D-06
12  7  1.81812888190322500D-02 -2.54845508341934000D-01 -2.08182555064592200D-01  3.24471066954297200D-02 -6.31495681780113500D-03
12  8  1.47868017554685400D-04  3.83983535315467300D-02 -2.63356463502811000D-02  1.17786163229432400D-04 -3.01428893795371700D-03
12  9 -7.12186764314196500D-03  1.01361565810956700D-02 -7.25692141950259600D-03 -6.34450455995257300D-06  5.87078250055847700D-06
12 10  9.24875071069025000D-03 -1.34136250612210700D-01 -6.09224334510735700D-02 -1.07271837385417600D-01 -1.38064918411683300D-02
12 11  1.80991956206068600D-04 -3.65270491113546400D-02 -2.22754268150748600D-04  1.01701266987698500D-04 -7.65335936973420500D-03
12 12  2.63853482908963300D-03  5.01482454064457800D-03 -1.72959805369287500D-02 -1.49609681003994100D-05  6.79463388461354400D-06
12 13 -8.35647918899704000D-03  1.38760431527727300D-01  6.28897582806847200D-02 -3.99642805943832500D-02  1.04883049138383700D-01
12 14  2.76029431148815200D-04 -1.71959620750143300D-02  3.37279545493904100D-02  1.58273803593091300D-04 -1.28323285047784900D-02
12 15  1.83240862743326100D-02 -5.49175776955417700D-03  3.07573839133550900D-03  1.80556010619798600D-05  2.56381888110665100D-05
12 16 -1.86122888506288700D-02  2.42073224767118000D-01  1.90912034726196900D-01  1.79316257368741800D-02 -3.82458037674531900D-02
12 17  3.03627402167895400D-04  3.44363231415956400D-02 -2.40112771358490200D-02  1.70748793970913000D-04  2.07254076009415800D-03
12 18  7.83548689205933500D-03 -9.90802765215353100D-03  4.39209183402804400D-03 -4.56550618149457200D-06 -1.88182605686597300D-05
12 19  5.40663881105881900D-04 -7.65599928889441900D-02 -9.70180249054378900D-02 -2.13148548950635200D-02 -7.46730216306103500D-03
12 20 -2.06792597885651800D-02  1.31390610576697100D-04 -6.67596269369997000D-03 -1.25695972183047100D-02  8.19446021483618400D-05
12 21 -2.41537966929439800D-03  6.97844189580919800D-03 -1.13552152584690700D-04 -1.40590642081435400D-04  2.91543558786765000D-04
12 22 -1.50952916705333000D-04  1.69243802217809800D-03 -5.79329096372305300D-07 -1.13361447548962100D-05 -1.80124196739010200D-03
12 23  3.80474147913804000D-03 -2.00349951174780300D-03  3.66101128913332700D-03 -1.38664383383935900D-05  6.12349073898654300D-06
12 24 -4.79095010744304800D-04  5.59465552239829400D-02  7.48459968203205700D-02  2.06779756414176100D-02  3.56228707233301700D-03
12 25  3.19543765217203700D-02  1.24820324435766900D-04  1.12793586581250100D-03  1.95635873010740400D-02  8.05991306516166700D-05
12 26 -6.00413450492147200D-03 -2.36239345113818900D-03  6.06957976849531100D-05  2.45888266267012700D-03 -2.60969382326924500D-03
12 27  1.50811160599162800D-04 -2.08866693554642600D-03 -5.89889095611336200D-06 -4.03579820343506700D-06  2.42877558386165700D-03
12 28 -4.29490933929145000D-03  1.86613375542979600D-03 -4.92839185497093200D-03 -3.16777306776072500D-05 -2.80085436022022500D-05
12 29 -1.08875125434462700D-01 -1.96010727547352200D-02  1.34210959624195500D-02 -7.78504250054664600D-03  1.05452630676304800D-05
12 30 -5.98872079483616600D-02 -5.09835652992781300D-03 -2.87324467331757800D-03 -9.02799184262459200D-03  4.29064066855068700D-06
12 31  5.79630323177037100D-02  3.43902493207061800D-03  6.39176514573791200D-03  6.96822516714409900D-03  7.01985155291006600D-06
12 32  1.03165824623886900D-01  2.04799577954498400D-02  1.23248479094899300D-02 -7.29422013025686300D-03  1.37839868248226800D-05
13  1  9.36468149602229600D-03 -1.77026447639575800D-01 -1.05080651576683800D-01  2.41619913387415100D-02  1.22220574038988200D-01
13  2  1.79847284395834100D-04  4.85257412638278500D-03  2.98541217132097300D-02  1.90414537206954700D-04 -1.36322430591820300D-02
13  3  6.43521902224168100D-03  7.19702403694027400D-03  6.74745373781180300D-03 -1.04306052969849600D-05 -3.20174763857098300D-05
13  4  9.59680061933410400D-03 -1.75229148331105800D-01 -1.06814633182087500D-01  8.98867251455816300D-02  7.19673737689445200D-02
13  5  3.10218698428775700D-04  2.14056843762746600D-02  1.69697727149869500D-02  9.31852056125622200D-05 -4.05204019892426600D-03
13  6 -3.14689430300171300D-03  7.19893450192604100D-03  1.23811660954875400D-02  3.20470417733507500D-07 -2.31724902281058400D-05
13  7  4.22853257174135100D-03 -7.80339941511619700D-02 -6.00659311959835000D-02 -4.41970121234697100D-02 -1.20450146539942800D-01
13  8  4.63072654352583700D-04 -1.07967965391656400D-03 -4.62967618361740700D-02  2.94770701478710000D-04  1.37731534880820500D-02
13  9 -1.66559202893043200D-02  2.88276680122229000D-03  9.47621374942042100D-03 -2.95231372305491800D-05  9.58872474670918700D-06
13 10 -1.42199356388739100D-02  1.95277828986902600D-01  1.34246719626560600D-01 -9.13328208158763900D-02  5.83977589278785000D-03
13 11  4.43070650936750100D-04 -2.74576150071756300D-02  1.84394850301623200D-02  3.21375381904135400D-04  1.03716680081334600D-02
13 12 -3.24731813067850100D-03 -7.12434987745497400D-03 -1.31333207457756600D-02 -1.06504765921636100D-06  4.28135468250750100D-05
13 13 -1.41374343095491300D-02  2.15541096990957500D-01  1.48922253548766300D-01  4.53574489312980500D-02 -6.46978613664807300D-02
13 14  4.43474558957113200D-04  2.96471976101125600D-02 -9.93032919055321400D-03  3.86841910395262200D-04  8.97749387471970400D-03
13 15 -1.12315966630645700D-03 -7.85433420841315800D-03 -1.35515128950949500D-02  1.43819642456841900D-05  3.22596381237586400D-06
13 16  3.65260794663918500D-03 -6.61691910397288800D-02 -5.63537482595803700D-02 -9.17845618013332400D-02 -1.13140562534648900D-01
13 17  3.00082665101080800D-04 -4.44560539628972200D-02 -2.87778312684293200D-02  1.00213820718820500D-04 -1.73898966374085100D-02
13 18  1.52158020746274400D-02  2.17409456278106300D-03 -1.05937895788544700D-02  3.61814385996412700D-05 -3.44222565834803000D-05
13 19  2.35011510548469100D-04  1.09457662318178900D-01  1.29654442321186000D-01  1.55352683300821900D-02  1.61684057898621500D-02
13 20  4.71490895800905600D-02 -1.01883594059747300D-04  8.41386768425274300D-03  2.82078906737237500D-02 -1.41836706783262600D-04
13 21 -2.05634135181364700D-03 -4.31343431314201100D-03 -8.66801789154821200D-05  8.71527446089712200D-04 -1.63684338413487800D-03
13 22  7.65315938045141200D-04 -7.40443884325695100D-04 -6.44832190362338000D-07 -1.39687289998284300D-06  3.66515674772676500D-03
13 23 -4.71718395252306200D-03  1.05202720479613200D-03 -8.86324549476085100D-04  1.92510388644805500D-06  2.64014750257652200D-05
13 24  4.30068754231394000D-04  1.09661006739835200D-01  1.32031608462070200D-01  1.68369288496151600D-02  4.12531752202904800D-02
13 25  3.91373612671240000D-02  2.06955381057477300D-04  2.45039171969410500D-02  2.12991969133256300D-02  1.14022796849067800D-04
13 26 -3.03292538604902200D-03 -3.72411511589414800D-03  8.39486148864879100D-05 -8.98443632029327300D-04 -7.12248064535809400D-05
13 27  9.69668438482879600D-04 -1.86852022677818700D-03 -1.11344144781557900D-05 -9.03450756284044300D-06 -2.05152616707817700D-03
13 28  1.13380452445052900D-03  9.17721642627653100D-04 -4.46826753034441000D-03 -2.56209838759486800D-05 -8.80911294786319300D-07
13 29 -2.49654259317495200D-02 -7.39751571282125200D-03  1.59647259875414800D-03 -5.07027706475579900D-03  2.77418011684432600D-05
13 30  9.68609486288310700D-02  1.34143768440036600D-02 -2.34741773428140400D-03  1.33911391167922700D-02  2.61861872567099000D-05
13 31  1.04321649349692500D-01  1.23633959516816900D-02  1.37088682782455900D-02  5.58759018581719700D-03  1.59141183219750900D-05
13 32 -1.83238958186753500D-02 -7.30335494659074700D-03 -4.63040230953894100D-03 -1.99467451072812000D-03 -1.12873513022338100D-06
14  1 -5.24580459891289600D-03  1.88462210925559300D-01  1.44802785447656200D-01 -4.17282347827592700D-02 -3.68196202248653000D-02
14  2  3.95671499154054400D-04  2.36572993718915200D-02 -2.55206768059390100D-02  2.50378200693092100D-04  1.10037114480351700D-02
14  3 -5.07873033940659700D-03 -5.92498110862859200D-03  1.69088981419345600D-03  7.41415210670989900D-06  4.74750180775591900D-05
14  4  2.24339659391760700D-03 -6.59333018375065800D-02 -4.66890912858014300D-02 -9.08538913017731700D-02  1.52734372711953600D-01
14  5 -1.69043345841623000D-04 -5.96622846279474500D-03 -8.38136970479354100D-03  1.47062705004966100D-05  1.25787713694112400D-02
14  6 -1.47016502345594300D-02  2.12287886514824000D-03  1.09601646365214600D-03 -2.98257899649535900D-05  3.72997294941397300D-05
14  7  6.97671334162317600D-03 -1.14804756965199500D-01 -1.58995647027597400D-01 -1.27744591189612100D-01 -1.19641487284037300D-01
14  8 -5.37898632314215800D-04 -1.25011865462149700D-02 -6.63141472457813200D-02 -3.23951653268618400D-04  7.51930212350691000D-03
14  9 -9.62124625385513300D-03  2.10194413034826300D-03  8.44335321811340600D-03  4.64108715402866300D-05  4.30608970726896700D-06
14 10 -1.03177001222848900D-02  1.84012076014865500D-01  1.85185479034444500D-01  4.63008177776709600D-04 -5.72856509462465100D-02
14 11 -7.38712051800007100D-04 -4.16620066411700500D-04  2.64186317730101200D-02 -5.89034366702139400D-04  6.45226688681186300D-04
14 12  2.72965679547690400D-03 -3.37488348415806300D-03  2.91696613589823100D-04 -5.67435507525312100D-06 -2.20280106329611200D-05
14 13  6.91038214291369200D-03 -1.20182312077263800D-01 -1.29767390562575100D-01  1.31422413832012600D-01 -1.24375483105732000D-01
14 14 -4.35775058240226300D-04  1.18718237820115600D-02 -5.22601869105666300D-02 -1.28373139673515700D-04  7.24059361904969800D-03
14 15 -9.44749022958480400D-03  2.20689661053511200D-03 -4.84237271945643300D-03 -3.24516036419158900D-05  1.48084626370799300D-05
14 16  3.26803314639531100D-03 -6.21936946700566400D-02 -1.31826664182434900D-02  1.56206410113231700D-01  1.55570368855664400D-01
14 17 -1.64759169196312900D-04  5.95106247720667500D-02  5.05943706681446600D-02 -1.62170879381013700D-04  1.48735882552373800D-02
14 18 -1.60760564876436500D-02  1.20246823240623200D-03  5.15259296463255300D-03  4.31768123019456600D-06  3.24379192010428300D-05
14 19 -1.30826853093653800D-03 -1.19556302719631200D-01 -1.64360076611496200D-01 -2.55178638293885000D-02 -1.44411431184435000D-02
14 20 -1.41080760151396200D-01  7.73536139024135600D-04 -1.14537770414027400D-02 -7.83703512007350300D-02  5.30086755747875100D-04
14 21  2.45516475422382600D-03  2.43928938180846800D-03  5.55750085555327700D-05 -3.62025819658571100D-03  7.03871773913058600D-03
14 22 -3.41845954254486100D-03  1.35024394364529500D-03 -1.66223619691213300D-06 -3.28263367453031800D-05 -3.61605344514504700D-03
14 23  6.54457912883192000D-03 -2.92852568368683800D-03  1.86931756736594500D-03  2.69438022939635600D-05 -4.36377138883105700D-05
14 24  3.23254127212406700D-04  5.56809455447749100D-02  8.53108860525198500D-02  1.60233103497082100D-02  3.60224486250206700D-02
14 25  6.71073023262111100D-02  9.08617806881808900D-05  1.84061415768147600D-02  3.78339377453142900D-02  8.13323017390070300D-05
14 26  1.05113773992986400D-04 -5.23807071129316400D-03 -1.62754291397724300D-04  1.60587306321816500D-03 -3.12631145007317800D-03
14 27  1.52043838685497700D-03 -4.85701311959472600D-03  7.24467681766893400D-07  6.38414145088206100D-07  2.54421165977165000D-03
14 28 -5.63933827562789500D-03  3.09512661585626200D-03 -5.42439143537963700D-03  3.69920382288708300D-05  3.37641332937630400D-05
14 29 -1.04007711455799300D-01 -3.35987508281647600D-02  7.68679683840450600D-03 -8.34960524649743300D-03 -1.75385222524647400D-05
14 30  1.48320674891317400D-01  3.77286254928355100D-02 -4.51494147518889100D-06  1.59036873916035300D-02 -3.73027483151706800D-05
14 31 -1.03975265748624700D-01 -2.38748171497446200D-02 -8.19801047270681300D-03 -8.19830934737197400D-03 -2.32310884205458900D-05
14 32 -7.71439439076012600D-02 -8.50006011362960900D-03 -5.00963770438849600D-03  8.30985734301798100D-03 -8.35616302986810600D-06
15  1 -4.95933055520884600D-04  3.00716975655488200D-02  1.44936081336345700D-02  5.41868684663816500D-02 -9.50043526889617400D-03
15  2 -3.28270466649031600D-04 -1.83626575003284700D-02 -1.65249010735089500D-02 -1.40586221515948800D-05 -3.65602901780492600D-03
15  3  4.08509964962655700D-03 -4.29070631821653900D-04 -1.03849438354846600D-02  9.67292727900371400D-06  8.86401696528961900D-05
15  4 -4.30871073295028500D-03  1.76064185483426600D-01  1.28578231524767800D-01  3.57602531750747400D-02 -2.90317449651702600D-02
15  5 -9.03881130663144600D-04 -1.62994156213200700D-02 -1.05064805565731700D-02 -3.48646462492115100D-04  6.44673775321886400D-03
15  6  2.75618554697512800D-04 -6.72235630791644200D-03  8.11775672376477700D-04  1.21101722058663200D-05  7.72440605705504800D-05
15  7  6.88882988918907500D-03 -1.24802456696854700D-01 -9.50518189042545600D-02  7.40847377605728400D-04  2.17773655718877700D-01
15  8 -1.46374615666317700D-03  6.91669275197245800D-03  6.73651097065537000D-02 -1.03992609658048800D-03 -1.19804451691239600D-02
15  9  9.70799164314642200D-03  2.27245352597736300D-03 -5.70408605203731800D-03  8.91463107475166400D-05 -2.64091825574006200D-05
15 10  2.60342679782379000D-03 -2.31776345037659200D-02 -3.42286012869770300D-02 -2.14069987054326900D-01  2.09139398332811400D-02
15 11 -1.87663852521534300D-03 -6.31612075657823500D-02 -3.99313764025386800D-03 -1.25976956604357600D-03 -1.04111641450722600D-03
15 12  6.70869736961213600D-04  3.70246677545966700D-04 -1.10135631565997600D-02  5.29262232897983200D-05 -1.15533898615810600D-04
15 13 -5.29563864876550300D-03  1.20911689825444100D-01  1.19463316028668700D-01  2.49486637987518900D-02 -1.63869803950351700D-01
15 14 -1.74907694947900200D-03  2.75711090791878300D-02 -3.91615687804770700D-02 -1.05769155769647600D-03  9.27478334563021000D-03
15 15 -7.32713592878262900D-03 -1.94764741684749600D-03  1.06184241622847300D-03 -1.36818734549205500D-04 -6.23334618274873000D-06
15 16  1.08590994688564000D-02 -1.66492075633218300D-01 -1.73645723329419200D-01  1.06289594446163200D-01 -2.50674649911650200D-02
15 17 -1.04882055698377000D-03  9.71899972636537500D-03  6.14278638693874000D-03 -6.78005570307194700D-04 -2.09275067733321900D-03
15 18 -7.28061500784978400D-04  2.82081217811823000D-03  3.45991693412700700D-03 -5.51690590478044900D-06  8.29493386961939200D-05
15 19 -4.58499322974738300D-04 -5.44583651476080200D-03 -1.08812609252926400D-03  1.34914513156404700D-03 -1.62274002112351400D-03
15 20 -1.92386775233980200D-02  3.04054596587725200D-04 -3.53235716502378800D-04 -1.13850579048068200D-02  2.14483260738146100D-04
15 21  1.50595571051219400D-05 -1.57120486617033300D-03  1.44780141003523300D-05 -5.46377467318410400D-04  1.13064930833805500D-03
15 22 -5.84271841019639800D-04 -8.44334083639520300D-04  2.35278993095500900D-07  9.03077482924738500D-08 -1.74277278987357000D-03
15 23  1.89289534252368000D-04  1.55348325562134200D-03 -2.31225672706184900D-03 -2.13841433288949800D-05  2.55628788384925600D-05
15 24 -1.67903483626639100D-03 -1.18650596968019100D-01 -1.71258262951563700D-01 -3.00497551922015800D-02 -1.61972968764626300D-01
15 25 -1.19719421146072400D-01 -2.88654241450948900D-04 -8.68572247401075800D-02 -6.58063347372659000D-02 -1.39493582336984800D-04
15 26 -2.28851085651333600D-03  2.73855997596870400D-03  6.99877912597982200D-06  4.92790729673093800D-03 -6.89829692462442600D-05
15 27 -4.85892432748465500D-03  8.57046748628112300D-03  2.72530515573456800D-05  1.84104933089836800D-05  1.91626038486478200D-03
15 28 -4.04101481250594800D-04 -1.51215890361421300D-03  5.27620652741528900D-03  1.72393459557086300D-05 -1.09857828589945800D-05
15 29 -1.57149524764310800D-01 -3.38849875493746300D-02  1.54262363948837800D-02 -4.32055865755337800D-03 -5.19912853686169000D-05
15 30 -2.74150302798455600D-02 -6.69526154852317400D-03 -3.26115138280259900D-03 -2.84728848316726000D-03 -7.40405149958723400D-05
15 31  1.20992776383618700D-01  3.52462152462589800D-02  1.12717060552028800D-02  3.54989768689547300D-03 -5.02532036278499100D-05
15 32 -1.80075760764116600D-01 -4.88879120872559800D-02 -1.50369422315113300D-02  9.98921311254612400D-03 -4.89599200931202900D-05
16  1  1.23405296871562400D-03  4.57868849347180300D-02  5.37328593667222800D-02  7.37446497719874900D-03  1.50011968930361500D-01
16  2  2.67281443855699400D-04 -1.58445308163482800D-02  3.41400270869757100D-02 -1.54876827415374000D-05  3.59462939898607100D-03
16  3 -4.01255014931105200D-04 -3.19337438405496900D-03  3.78401058854683700D-04  2.87924597523941200D-05  3.97415070656227400D-05
16  4  1.43238824781496900D-03  5.16533641326999800D-02  6.65352458655643800D-02  1.55729720398639200D-01  1.26518820001968500D-01
16  5  2.36208661980383200D-04  3.96528446913178100D-02  4.57386553579258200D-03  1.61494345310193000D-04  6.84712767623672300D-03
16  6 -1.89511168787534200D-03 -4.95201598836131600D-03  5.43772104738433600D-03  7.03783618111082200D-07  1.44914148534949000D-05
16  7 -2.68186339290727700D-04  5.77625859883974200D-03 -8.56864216440717500D-03  1.31736002877877300D-01 -9.36354251862110300D-02
16  8  1.98559251945737400D-04  3.93101809655954400D-02 -6.54899667393356000D-02  1.03755484197101900D-04 -3.45730403989002900D-03
16  9  2.94156865311055800D-04  3.16314717457898000D-03  5.60596944415005000D-03  8.66160787521284000D-06 -5.71036008991441100D-06
16 10 -2.65344739278109700D-03  2.38427331397824400D-02  2.37329801115489500D-02  1.25604512227213700D-02 -1.79658801673435500D-01
16 11  1.04236823427657700D-04 -6.46068488643772400D-03 -5.60516990459091500D-02  4.27740991172773800D-05  1.62454627249189000D-03
16 12 -3.35635995172847100D-03  1.73181367923671800D-03  6.50979340019748100D-04  9.41215101389677700D-06  2.90236883551533700D-06
16 13 -1.10732415393513500D-03 -5.34044248947637400D-03 -1.52428231580080800D-02 -1.40048374625588400D-01 -7.76038421491264100D-02
16 14  4.44716620969530600D-06 -4.74675868514027700D-02 -3.82453551120999800D-02  5.47140960011174200D-05 -3.46631233076598000D-03
16 15  1.70545354689038000D-03  1.76085878387576800D-03 -3.95241097626982800D-03  2.65709949503223800D-05  1.18831228415905700D-05
16 16 -1.68359554992749800D-03  2.74925964681407600D-02  2.86403893656319500D-02 -1.28513864081411500D-01  9.39034131574906000D-02
16 17  8.54062189630444200D-05 -6.04573640682713800D-02  6.98341490972154100D-03  6.51900267370938900D-05 -1.29476059049469200D-03
16 18 -1.53724782555429300D-03  2.83200841604895100D-03  3.56503320223235500D-03  5.61731524514852900D-06 -1.37335061006288600D-06
16 19  5.03238851277150800D-04 -9.10547082609580700D-02 -1.66732498252991200D-01 -2.76363282843231400D-02 -2.00385252841350900D-03
16 20 -2.13893884034087300D-01  5.61126005020823300D-04  1.03296277336586600D-03 -1.11126340969304400D-01  4.57427256500880700D-04
16 21 -4.13785123183401500D-04 -8.07663794755498500D-03  8.03832290067311900D-05 -5.45641401814665300D-03  1.06087866942809400D-02
16 22 -5.15237267613429300D-03 -1.94713954120609100D-04 -1.18833666878583600D-06 -2.75975023625229900D-05 -8.33076071947981800D-04
16 23  3.72430853997654600D-03 -2.89123246802849100D-03  6.45801421256465100D-04 -2.11156200143199100D-06 -4.13859939907778000D-05
16 24  4.36841577770482100D-05 -1.06427365659165400D-01 -1.98594237033236800D-01 -3.45836411234696600D-02 -2.51264359702930700D-01
16 25 -1.36477639057713800D-01  2.02838817831182800D-04 -1.31152072065882400D-01 -6.68114657608779900D-02  1.95883945998316700D-04
16 26 -7.83378419630656100D-03 -5.49282141789548100D-03 -9.22472005848199000D-05  9.54145647538815300D-03 -2.68585775838288800D-03
16 27 -6.85559871700536200D-03  1.03055621923449700D-02 -9.34382816369644600D-06 -5.66256239476016800D-06  2.58810839690947700D-03
16 28  8.65988393191000500D-05 -2.67470723622855600D-03  1.63848968507091800D-03  1.44598081592265900D-05 -3.54484560671122800D-06
16 29  1.22382315240868600D-01  2.11849226946562600D-02 -9.46734608838463100D-03  6.18110213138565200D-03  1.64971414360499000D-05
16 30  1.50598014490452900D-01  3.56524332705988000D-02  5.24461522881686200D-04  1.29312200102981700D-02 -6.23699488872856800D-06
16 31  1.16650527546010700D-01  2.40312979354190300D-02  8.45180910175365000D-03  5.34914834363066400D-03 -1.30788893456650800D-05
16 32  1.34459008643244800D-01  2.76166871706202600D-02  1.12052584215866600D-02 -4.94529559521106900D-03  1.22105178556087900D-05
17  1 -1.00827832186019200D-03  1.15388134392406100D-01  1.66198114788509600D-01  1.39807418828169500D-02  1.59031515554782700D-01
17  2 -9.14764896471882000D-05  1.74805425621137200D-02 -1.70535407042988900D-02 -1.58045874547230300D-04 -2.25437989125954100D-02
17  3  2.99114509272805500D-02 -7.36765201468499400D-03 -3.32761585893619600D-03  3.58563814818993400D-05  5.98664947325733800D-05
17  4  4.62485647981157700D-05 -8.58557655970245700D-02 -1.31398131837031200D-01 -1.24895122486811600D-01 -1.12265917168539400D-01
17  5 -2.14246127368980600D-04  2.68292805332346000D-02 -1.80925279123105400D-02 -1.17825285081246000D-04 -1.88376256981787200D-02
17  6  1.18384123996895700D-02  6.99921329848917100D-03 -2.94868799352338100D-02 -1.67132473518055800D-05  1.45829258480147600D-05
17  7 -5.36338407523263100D-03  7.80294008432835400D-02  1.22879468941021600D-01  1.15018986135939800D-01  1.29088380522735700D-02
17  8 -3.69148690780646300D-05  7.68237469826959100D-03  1.99621404059384800D-02  4.60056827568865100D-05  3.58941596683779600D-03
17  9 -3.19479557693535400D-03 -3.94620389902429900D-04 -1.76103548557158200D-02  1.48597752670512700D-05 -2.87580794910609900D-05
17 10  4.97385287753821200D-03 -9.13848107511205400D-02 -1.29693031725749000D-01 -3.77750961569249700D-02  4.53668714338136300D-02
17 11 -1.93674071120599100D-05 -1.21980774197555100D-02 -1.52936661569319000D-02 -1.12294177268202100D-04  1.33883085026722900D-02
17 12 -1.33233511358660900D-02 -6.49573668061691500D-05 -6.89494277527807900D-04  6.63521200931098500D-06 -1.44550875429940400D-05
17 13 -5.15811885875580000D-03  9.14875050926424500D-02  1.30344202080113700D-01 -1.10571259794019900D-01 -8.16482418056508800D-02
17 14 -1.22843498920128500D-04 -1.10475362420374800D-02 -1.61634397430355000D-02 -3.15724970202052700D-05  6.72566393919553400D-03
17 15 -7.45001217241254000D-03  7.24348233216825800D-04  1.33986954581850300D-02  1.75920972979666900D-05 -8.54982709062258100D-06
17 16  5.84451646852687200D-03 -9.03447575857538600D-02 -1.32532605301640900D-01  4.64564421003657400D-02 -2.75762591169016300D-02
17 17 -2.85472721924630100D-04 -1.89116220519854600D-02  4.53734225130026000D-03 -1.17200432214977500D-04 -7.66532438819854700D-03
17 18  6.75889559805321100D-03  9.06428790145331000D-04  1.58687674172304700D-02 -3.07418277577389600D-05 -5.34199442283229800D-07
17 19 -1.66267550504547300D-03 -1.08282071239937500D-01 -1.93117358482736600D-01 -4.10855474894729100D-02  1.88157574167818900D-03
17 20 -3.13154804875069000D-01  3.98271256737157700D-04  4.97262642694942100D-04 -1.60157204139739200D-01  4.22516466409285800D-04
17 21 -1.97952330446426900D-03 -8.36505500037875600D-03  4.41808634721007900D-05 -8.07480237702381900D-03  1.52462052214579400D-02
17 22 -7.17140284443412800D-03 -3.79717163872471500D-04 -4.28126893659791800D-06 -1.23650324793453200D-05  4.14857889451345200D-04
17 23 -3.45589134941945000D-04 -6.92687545093743600D-05 -8.38557514564024800D-04  8.85857870924912200D-06 -5.03886382353937100D-05
17 24  1.81927737521085300D-03  8.94161752150134400D-02  1.63111773584161200D-01  3.63527690931780800D-02  2.66915091205544000D-01
17 25  1.36879614054457200D-01 -2.15999140816936200D-04  1.35683725120591200D-01  7.08396007993860300D-02 -1.20624418276197100D-04
17 26  5.39205855919043400D-03  5.78458483551584600D-03 -1.26240421252354800D-04 -9.88784446721581400D-03  2.94487428309006500D-03
17 27  6.94297018412581600D-03 -1.06454822889589600D-02  9.97501097615244500D-06  4.78056870154196900D-06 -5.83804591761064300D-05
17 28  8.18638450768143200D-04 -7.60257991592045500D-04  1.58627457983743100D-03  1.66477598373324000D-05 -5.30735020966760300D-06
17 29  1.28014709474806700D-01  4.69983189639174400D-02 -6.84478651030034800D-03  6.11296124966075400D-03  1.11658642105726100D-05
17 30 -9.81123347436767700D-02 -3.80208700482566600D-02 -6.32057922527230200D-04 -7.33887073429828900D-03 -1.88148200762332900D-06
17 31  1.69716319645705100D-01  5.60312184775411600D-02  1.13744027001859800D-02  6.48502921999408900D-03 -1.60974289575380900D-05
17 32 -1.06329491621084200D-01 -4.23820442962662000D-02 -6.23924755561009900D-03  3.99148605878841900D-03 -5.39242092324363000D-06
18  1  4.78415720633823300D-03 -4.05592957211985300D-03 -3.98821849314686700D-02 -6.57916155214220900D-03  2.14711081159956300D-01
18  2  2.06079127126700500D-04  2.71104111745015800D-02  4.43997332077612800D-02  1.55516611642987200D-04 -1.67131878824022900D-02
18  3  2.13423442771058100D-02 -4.62915639470352700D-03  1.13220450603776400D-02  2.34740506576543700D-05  4.94480175059671900D-05
18  4  5.27617040387648500D-03 -3.74359112919965000D-02 -1.00454168608697900D-01  1.70633560494931700D-01  1.04607064423946800D-01
18  5 -3.72894288488407400D-05  4.50045314032674500D-02  3.84054454384441200D-02 -9.61886654247747700D-05  2.02248841781501300D-03
18  6  1.88390235780465200D-03 -3.90639077561965200D-03  1.87723828993376800D-02 -1.22035890860357900D-05  2.95486048483323600D-05
18  7  6.19766227443350800D-04  2.30749404094886900D-02  2.57607821656072500D-02 -1.02707248597597300D-01 -1.09075134427014700D-01
18  8 -1.52646940968250100D-04 -3.02092726306091600D-02 -1.67692106746184100D-02 -2.41411554864724400D-04  1.47590220372159100D-02
18  9 -1.54163205281885800D-02  6.57298490972634000D-04  8.83646624419293400D-03  2.34747796810541900D-05 -1.28282928851058800D-05
18 10  2.21570146605350900D-03  7.12507762314708300D-03  1.70057599929620500D-03  6.77783344486293800D-02  2.40750451342975800D-01
18 11 -1.80885069638212600D-04  3.35299009505747700D-02  8.46867033144094700D-02 -1.98900588856233100D-04  4.57345627405543600D-03
18 12 -3.08594271204059000D-03 -1.48751356201479600D-03 -3.49113349409896700D-03 -4.05052188378312700D-06  7.20538728621079300D-06
18 13  8.02614665692359200D-04  3.89843177466217700D-02  5.15375720747059000D-02  1.57624223106355000D-01  1.79132696836091800D-01
18 14 -1.43459296231488400D-04  6.03079642432738200D-02  7.88354683781712500D-02 -1.25326339799610400D-05  2.20521414649100000D-03
18 15 -8.68753930116551200D-04 -1.33646021637443000D-03  1.52046294454435600D-04  1.32359654366227800D-06  9.99888014811134100D-06
18 16  2.20050392681168900D-03 -5.92975417777400100D-04 -9.87135895988343900D-03  1.67417705032207300D-02 -1.71812481560392900D-01
18 17 -7.92644678525776900D-06  1.55618617275525100D-02 -3.25392140455332600D-02 -8.17707372049071000D-05 -1.69292709221614100D-02
18 18  1.67090082119633100D-02  2.20262710198023400D-04 -4.48987765462062000D-03  3.34228723975383300D-06  5.91579629843946100D-06
18 19 -6.57735473198786800D-04 -5.85749689567561900D-02 -1.18124494485245400D-01 -3.63473168254446900D-02  4.40476491185442500D-03
18 20 -2.59470354132665700D-01  3.72102607592015200D-04 -4.97889389794651200D-03 -1.38415735297300500D-01  3.59546561053389800D-04
18 21 -9.91591382866402600D-04 -6.90639467045060800D-03 -1.64352063792082400D-04 -6.42564421725133400D-03  1.27180227696879600D-02
18 22 -6.29237855243665500D-03  2.29760001907754100D-04 -3.35887705291676300D-06 -2.41251040892184500D-05 -1.43567727486747800D-03
18 23  2.51020515925950900D-05  1.41057522327483500D-03  2.29020345427516100D-03  5.80676137903169600D-06 -1.91650355251095100D-05
18 24 -2.64423595579671900D-04 -3.96278488194875500D-02 -8.55211178780245400D-02 -2.91764834094222800D-02 -1.89692341401959300D-01
18 25 -9.74861797774173900D-02  1.16297620746139600D-04 -1.00408496056161800D-01 -5.62206175716351800D-02  1.64497552356913600D-04
18 26 -4.31024407345536000D-03 -2.76107573148174400D-03 -1.46768604060912600D-04  6.70799407167881900D-03 -1.45562544398074300D-03
18 27 -5.25236862769806300D-03  7.74640044898334400D-03  3.30966586360156800D-06  4.73276401779147500D-07 -1.27644901987585300D-03
18 28  1.10114907033443800D-04  1.16633411284238500D-03  1.63230345027460300D-03 -1.20720603789000900D-05  2.68404638050220100D-06
18 29 -1.34738014334530700D-02 -3.23026285602912800D-03 -2.16554916572428600D-03 -5.01862174823797200D-03  1.65207123225981300D-05
18 30 -1.95534686660084700D-01 -6.15989442273291200D-02  2.51150902948711400D-04 -1.45357036000083700D-02 -1.98156620625827000D-05
18 31 -1.60243544121700700D-01 -4.54560604256066900D-02 -1.07381312866622200D-02 -5.45120526622682300D-03 -1.48330614411824100D-05
18 32 -8.56994455157369900D-02 -2.93042940791524900D-02 -7.53744357648534100D-03 -1.65023590427175900D-03  1.99349955142216000D-05
19  1 -3.37225361686300000D-03  4.89584526379400500D-02  1.18988959029206500D-01 -6.07909526930419500D-02 -1.76076773839597500D-01
19  2 -1.40114482405285200D-03  8.02627486044645300D-02 -6.86039495796204900D-02 -5.91347118625198400D-04  5.09736853191694300D-03
19  3 -9.19625057118210100D-03  4.09888203926509700D-03  1.56056285131607400D-02  9.93862141300629500D-05 -7.33932706183779600D-05
19  4  2.24700464647089800D-03 -4.62130958208203300D-02 -1.04494429788584600D-01  3.36515394286291700D-02  1.69059119100644200D-01
19  5  4.43727151788453800D-04  7.62467193677289600D-02 -3.19798155640210500D-02  4.46054083654168400D-04  1.78373761387077500D-02
19  6 -1.45374183807395300D-02 -3.29995775796810500D-03 -5.58016776426488500D-03  8.25416259772973900D-05 -7.49115960277351600D-05
19  7 -1.81240508301377500D-03  2.09161240095706300D-03 -3.00448225990339000D-02  2.28711036036678000D-01 -2.06061666620393200D-01
19  8  4.25091625524856400D-04  6.72155494425261800D-02 -1.09491688500709900D-01  5.13024480408174300D-04  8.38832419758231400D-03
19  9 -1.08883194330808300D-02  2.49999523549855400D-03 -1.05065197222934800D-02  5.06058590621881600D-05  6.51209804873105500D-05
19 10  2.06503421633602300D-03 -5.22723171778401600D-02 -7.72652549883994900D-02 -1.47981223795953700D-02 -7.42993506166665900D-02
19 11 -6.36118480483158800D-04 -3.00413220501508200D-03 -3.75676571848677200D-02 -4.77921381658245000D-04  7.72248080080544500D-03
19 12 -7.90858176897324200D-03  1.86100968167729300D-04 -1.17175694742291200D-02  9.51963886431691200D-05 -5.37233067994789200D-05
19 13 -2.08719861040178900D-03  4.56646231883517700D-02  7.49245611890032000D-02 -7.24957207281269400D-03  7.16438283702074000D-02
19 14 -1.42982290041837400D-03  8.32532257909939500D-03  2.88291944557951600D-02 -1.08250066303113100D-03 -6.96849214366568000D-03
19 15  6.99997076717792400D-03 -3.14786235121623500D-05  1.64191936055134400D-02 -7.96201435945758100D-05 -7.29685961264498800D-05
19 16  1.71867787559634400D-03 -8.54674646550610300D-03  1.77697647204070100D-02  2.73640682715781200D-01 -1.20680720482677500D-01
19 17 -1.38065281734537900D-03  1.19483320992450100D-01 -1.17009576586254800D-02 -8.34468216416896700D-04 -4.66090197371956000D-05
19 18  2.90893694525140500D-03 -2.86232792551418000D-03  1.45399440575020100D-02 -9.32588437702109100D-05  4.62184689956156800D-05
19 19 -1.47934551488225000D-04  3.55418388636099800D-02  8.07021611378659200D-02  3.48995740383521400D-02 -5.81601343250472500D-03
19 20  1.67521513523500500D-01 -1.34617889959768100D-03 -1.80106222400397100D-02  9.02423057210828400D-02 -1.02033494121779800D-03
19 21  7.16366784681017500D-04  2.65998866500713200D-03 -3.59912954968976900D-04  4.04078333780332100D-03 -7.92667807996460600D-03
19 22  3.88589474216119900D-03  1.69599866966042200D-03 -1.15706755752722400D-06  8.89737743209003300D-05 -1.36495599904524200D-04
19 23 -4.51413354854256600D-04  5.87908954758707700D-04  4.74133256955359000D-03  2.27442543916751700D-06  8.96523280182866600D-05
19 24  1.78868850975650700D-04 -1.85188134396070800D-02 -4.42711247108926500D-02 -2.30164393582324600D-02 -9.79316865981270100D-02
19 25 -2.63464969019068300D-02  7.76582087334783000D-05 -6.04121460466922600D-02 -1.70331547946423000D-03  1.60157688598884700D-05
19 26  1.82130633104723700D-03 -2.26219299704130400D-03  1.10194990689941100D-04  5.63075882914162800D-03 -3.40366040110716500D-03
19 27 -2.22709842803443300D-03  1.52911137460364500D-03 -1.19329226408669600D-05 -8.39853475957192400D-06  5.31734820815409900D-03
19 28 -4.95476863857442000D-03 -3.62579569579680600D-04 -3.86363011124036600D-03 -3.58138302609279100D-05 -5.96144045477006100D-06
19 29  2.58107708299407300D-01  8.21352823879001700D-02 -1.63217400639679000D-02  7.99811282519164600D-03  1.02652944228615200D-06
19 30  2.43317110903737800D-02  1.56856079395994700D-03 -1.98979700471045500D-03  1.95632742329243500D-03 -1.25991212053604700D-05
19 31  1.01084635354620500D-02  1.02474879874374000D-02 -1.28289711633110800D-03  2.94589294821607100D-03 -4.87073684223931300D-05
19 32 -2.58942155114004600D-01 -8.41972183406355100D-02 -1.53771177520550900D-02  1.03296714134020800D-02 -4.75414227137971100D-05
20  1 -4.66954228953252000D-04  2.28755971428517000D-02  1.73426780805170900D-02  2.82287815894507500D-03 -5.91564330028060500D-02
20  2 -5.38938312601761200D-03 -1.90601431340916300D-02 -1.40170498639324100D-02 -2.46544850713246900D-03  2.24448999581853500D-03
20  3 -4.02741005793804300D-03  1.78292006211957900D-03 -9.89642603076819800D-04  4.03554572658842400D-05  1.50266780590451200D-05
20  4  6.05592593946225900D-04  4.81834541122924500D-03  1.08244676701917600D-02 -1.82417782564866700D-02  9.62255158430093100D-02
20  5 -4.42012508254174600D-03 -1.69146493408317900D-02  2.75508584222343200D-02 -1.82305785238155000D-03  7.77121988132597000D-03
20  6 -4.59942325193661100D-03 -3.17179662938928100D-03  1.96044526739260400D-02  2.45025598955811900D-04  1.99076052980931800D-04
20  7  1.03282483094165600D-03  2.98949624066982400D-02  2.85476689297167400D-02 -2.89030182532252100D-01 -1.19034269549094800D-01
20  8 -5.61470014244966300D-03 -1.15289048205281600D-01 -4.50871369176101400D-02 -3.40594327573733600D-03  7.55148065443939600D-04
20  9 -1.03189352866223000D-03  2.76745463218225100D-04  1.77635635631123800D-02  4.62034317008504500D-04 -8.81829106705704200D-05
20 10  1.16186229948691500D-03 -2.11943902261651100D-02 -2.09762395041499700D-02  3.48693824919499200D-01  3.21023188367422900D-02
20 11 -6.93714395684834600D-03  1.19283997696883400D-01  1.15750624700087200D-02 -4.65196308403020800D-03  6.65627926757496200D-03
20 12 -6.33676298993485900D-03 -3.19516277640114100D-04  2.83497307935253000D-02  4.48618697886820800D-05 -4.54606915669146900D-04
20 13 -2.55496777642207700D-03 -8.14387553317525900D-03 -4.17593874104141700D-03 -3.36031919635234500D-01  2.16568224680775800D-02
20 14 -6.06663303844510500D-03 -1.35718094971995000D-01  7.46192526792166200D-03 -3.79234027093014400D-03  6.92027015758457700D-03
20 15 -7.99271998247882500D-03  1.07244982489426000D-03  2.95475800825643400D-02 -4.73340174854784700D-04 -1.15641610047144900D-04
20 16  3.03668912794324800D-03 -3.86886643592864400D-02 -4.79434985248019700D-02  6.16146313537830100D-02 -3.16684477881484000D-02
20 17 -4.89696907982071400D-03  2.65111595502543300D-02 -1.20307079589688200D-02 -2.69674656025725700D-03  4.04207613960111200D-04
20 18 -1.28692122005835100D-04 -2.75515491954351900D-04  2.18131568511247800D-02 -3.29305525163563700D-04  2.82108292122943900D-04
20 19 -1.76658328652705800D-05  8.19177577216258100D-03  2.16773248039469600D-02  7.19954237501245600D-03 -9.45962995690815200D-03
20 20  5.26926688882510000D-02 -4.72917144030975600D-03 -7.19774204644170400D-03  2.80599954446361800D-02 -2.73786614309451700D-03
20 21  1.59439005820598900D-04  3.26229369273825800D-03  1.93713843824247700D-04  1.29900702782761200D-03 -2.48209473979791700D-03
20 22  1.18308771197041900D-03  6.83463791299027600D-04 -2.02956345351069000D-06  2.76432873576865800D-04 -6.75245328943879000D-04
20 23  5.47049481994227100D-04  1.28195846949735500D-04  3.15195763809399900D-04 -9.55890349393409400D-06  2.05704207770343400D-04
20 24 -9.32635947800000000D-05  2.30837840342680800D-03 -2.35675705254669600D-03 -5.57076566448093900D-03 -7.22970518117222300D-02
20 25 -5.56960151296371400D-03 -1.45379135455950900D-03 -3.46069569116765000D-02 -7.34121515867870500D-03 -6.18231926166582700D-04
20 26 -1.26260315807320400D-03 -6.12425823268819600D-03  2.26462522852144100D-04  3.71731559884675700D-03 -2.52162359016794900D-03
20 27 -1.19569200867876800D-03  1.22935169041929600D-03  1.48305876066622200D-04  8.71436961156582400D-05 -5.90187549549054200D-04
20 28 -2.14671600586670000D-03  2.73690355541573700D-03 -3.07572282269151300D-03  1.30723570207222100D-04  5.12143096758901500D-05
20 29 -1.58835370986079100D-01 -6.83834007354104800D-02  5.01657535734772700D-03 -9.43496496474617600D-03 -2.06475076202015400D-04
20 30 -4.54285953722633200D-02 -1.95670246676762700D-02  1.01796922456592500D-02 -2.94073579818699500D-03 -2.41510612542784100D-04
20 31  2.59437251981619000D-01  1.09053786591230900D-01  1.10369634288629400D-02  1.09627060224904300D-02 -1.98709731938823300D-04
20 32 -1.00299216293753400D-01 -4.70524370136849300D-02 -3.70783958832394100D-03  5.19445945481297100D-03 -1.88548299322709200D-04
21  1  1.77542868146915000D-03 -1.44639166673408900D-02 -1.84110931353006200D-02  3.35408718545375900D-02  1.00875262199973400D-01
21  2 -3.20862896570947200D-04  1.50852429479387400D-02  2.12446435528324500D-02  1.91820290984857400D-04 -2.25334697318433000D-02
21  3  2.70003801875217300D-02 -4.46691045567853900D-03  3.80411643333376500D-03  2.38511197625338400D-05  1.49315905658299500D-04
21  4 -6.48165564550170700D-04  3.35051412635136200D-02  2.46636582438635200D-02  8.16512147397274400D-04 -1.46873144403561100D-01
21  5 -1.01217407789346200D-03  1.04408198092277200D-02 -4.45678845861264100D-02 -5.08681745469139000D-04 -8.35056536151079600D-03
21  6  5.42988052636948200D-03  2.92068483514123700D-03 -5.65064449405386000D-03  1.24266402120646600D-05  1.06736786862804900D-04
21  7  2.30113405380343500D-03 -3.61690046575799200D-02 -3.13221365977009400D-02 -3.91613389486989800D-03  1.59063123824813400D-01
21  8 -1.96286440701371600D-03 -9.63809653361767700D-03  6.53266560571428400D-02 -1.44404782687724200D-03 -2.19946531336134500D-02
21  9  2.30606952222735800D-02 -1.06604208866026300D-03  8.97931698542857300D-03  1.48860896213788000D-04 -4.79851134196956700D-06
21 10 -2.70215646101769400D-03 -2.24019658934735500D-03 -3.23898620763003800D-03  7.58049001835164000D-02 -2.92602595213839300D-01
21 11 -2.61621467020843200D-03  3.25482358276802300D-02 -1.24913328328908900D-01 -1.73002873800650000D-03 -3.09048518898035300D-02
21 12  2.95501785229356900D-02  1.35467336686785100D-03  1.87959669472083400D-03  3.55332047868456600D-05 -1.68498124370061900D-04
21 13  1.42618483941516000D-03 -1.32800622454904500D-02 -1.46403358825575600D-02 -7.01645490842554100D-02  3.02017485983722300D-01
21 14 -2.35228608377036900D-03 -2.04747243391206300D-02  1.08416941297551400D-01 -1.50849694036993000D-03 -2.55144009006458700D-02
21 15  2.63331630233790100D-02 -8.18762122733164700D-04 -2.66000915443457000D-04 -1.54395034338823500D-04 -2.71209910716668500D-05
21 16  9.53326371149123900D-04  3.13068581989933600D-02  3.17109419059266700D-02  3.42653011906879600D-02 -2.85775946188645800D-01
21 17 -1.31415059773264800D-03  1.76606847279070200D-02 -1.12989503607372300D-01 -8.46843578818751200D-04 -1.64346864420649100D-02
21 18  1.59353455857255600D-02  4.99340856339392100D-04  4.82521149507848000D-03 -2.97662695403306700D-05  1.62302717343039600D-04
21 19 -1.20792975276916000D-04 -3.45076354464894000D-03 -2.46436617918984100D-02 -1.81499053861340700D-02  1.20825757150592900D-02
21 20 -1.30691621157770700D-01  3.64832236219252300D-04  2.59053027646980200D-03 -6.76480225541883800D-02  3.55787443559962200D-04
21 21 -3.62513291155694600D-03 -6.11710394168424800D-03 -2.92110396352791100D-04 -3.57307238255854200D-03  6.22213971615057500D-03
21 22 -2.64906733359204000D-03 -7.81163962203766600D-04  6.35894984719811900D-06 -1.24673707208732800D-05  1.04120680798066700D-03
21 23 -4.07541500088133100D-03  3.03420819290082300D-03 -5.82989980546023000D-04 -5.35150785008450300D-05  3.47279984369205600D-05
21 24 -1.37866294817973300D-06  4.13568003585910700D-03  1.64708928733033400D-02  6.96103243931585000D-03  8.10382840370360200D-02
21 25 -9.36382518195234000D-03 -4.69350814043612200D-04  4.41315530716578400D-02 -6.81887099194822700D-03 -1.79078405013778500D-04
21 26  1.05127552475446000D-03  6.56440585129101000D-03  1.68648557834791000D-04 -5.31005021098349800D-03  3.90319342565645100D-03
21 27  1.40685678532706400D-03  3.18876942257785200D-07  3.54239162838422400D-05  1.96719451739096700D-05 -2.54506938423444200D-03
21 28  3.25071510923079600D-03 -7.05645724996341400D-04  3.92566390641127100D-03  5.58029574990658900D-05 -4.31376068217270100D-05
21 29 -1.11529915454285100D-01 -4.65811608745208000D-02  8.35279758194888900D-03  1.70357763754575100D-03 -6.95273126392159100D-05
21 30  2.80872288807926300D-01  1.22937913819799700D-01  1.49979890975544100D-03  1.59512070159767600D-02 -8.75414672624314600D-05
21 31 -9.70598377566562100D-02 -4.27884711239412500D-02 -9.42146838345918900D-03  5.34012082397675900D-03 -8.44445273581745800D-05
21 32 -1.43248098068442900D-01 -6.28677056025582400D-02 -9.80701876275794800D-03 -1.24887318149233500D-03 -4.15744418824443200D-05
22  1  7.28642792216753300D-06  3.62909789414324800D-04 -1.27984171735368100D-03 -9.18635992016468400D-03 -2.06570867307813800D-04
22  2  6.57049072389580000D-02 -2.64415660603243300D-03 -2.33239391724169400D-04  2.12083131207897700D-02 -3.50539285237088500D-04
22  3  2.96468060188507900D-04  5.40712250485836600D-05  1.84820908770283000D-04 -2.07439729116090400D-03 -1.02287142848291700D-02
22  4  4.24722294499342500D-05 -5.33456257194960000D-04 -5.77588891830279500D-04  5.39845486563319500D-03 -3.22444093570911600D-03
22  5  1.15600802487681500D-01  8.11491295008294600D-04 -1.34359199962219100D-05  4.42726860969744800D-02  8.49068080929114500D-05
22  6 -2.41807403661214500D-05 -6.07260677267894600D-05  1.01842230309598600D-03 -4.00682951879156600D-03 -1.37857931485344200D-02
22  7  6.74881369883514200D-05  1.05842753120734900D-03  1.75477648685274800D-03 -7.51176092173311100D-03  1.42244511128963700D-03
22  8  2.45239590625163200D-01 -2.94829717036499900D-03  8.53764246926503500D-04  1.58715947950183100D-01 -3.68370700907066900D-04
22  9  3.56839491597986200D-04  1.15312093090768400D-05  7.54677525231140800D-04 -2.19644941553073600D-02 -1.55514223604828900D-03
22 10  5.79211589556076000D-06 -4.93768350084751000D-04 -3.55250253215598700D-04  8.33719632100181700D-03 -1.80882946387879700D-03
22 11  3.29234821520278500D-01  2.94783444114618800D-03 -5.05412649521968900D-04  2.26362280227025000D-01 -8.26013290421268700D-05
22 12  1.18620510974857500D-04 -3.60191819327312400D-05  7.93710038478966000D-04 -1.27861300151971800D-03  2.07494872690525500D-02
22 13 -7.20138739646400400D-05 -2.03214360193671700D-04  8.36663979336126100D-05 -9.06673627254354600D-03  8.44278172962710500D-04
22 14  2.72839186559913400D-01 -4.02865813852336000D-03  8.32847654921695600D-04  1.78405470750568000D-01 -8.74301822052392700D-08
22 15 -9.72204881010324800D-06  9.80947899230967000D-06  1.02745461215627000D-03  2.12336593369488600D-02  7.22601988505898500D-04
22 16  1.30866734979930100D-04 -1.41937307253539300D-04 -7.02150124986679000D-04  7.97169445602390800D-03 -7.06459284888458500D-04
22 17  1.47626396337020900D-01  3.63276304785672900D-03  2.10313970867886500D-04  7.91471669145618100D-02 -3.54694872909047300D-05
22 18  8.57574212827298500D-05 -5.02879339918270600D-05  1.08466856851141900D-03  6.10437810954502600D-03 -1.64957371906134500D-02
22 19 -7.79110505834202800D-06  2.05555330345130700D-04  4.71599339239726500D-04  1.06698434975587600D-04 -4.98919006525754300D-03
22 20 -4.86390608890017200D-04  2.14090233946315200D-04 -3.28422935731287400D-03 -2.47872745267059900D-04 -6.05867815602018200D-03
22 21  1.83133275381689100D-04 -3.11673769528616100D-04 -5.89201798933520800D-03 -1.07772267910620700D-05  2.19180808475443500D-05
22 22 -1.11408540564788900D-05  3.54196782601759900D-04 -6.55542794973741000D-05 -2.08665383857827800D-03 -7.95345719850988000D-05
22 23 -3.24272524917559800D-06  8.27772972342773400D-05  4.85313859185572900D-04 -2.08362013109259000D-05 -1.98970964912538400D-04
22 24 -2.89121185324148400D-06  1.96779578312586000D-04 -4.29422442557352100D-04 -6.22714090705398600D-04 -3.03628337471383600D-03
22 25 -2.39069135281431800D-03  2.25914100549460200D-02 -1.49507824344752500D-03 -1.38123213796005600D-03  4.89492144430348500D-03
22 26 -1.29772377004688900D-06  2.60903105547253200D-04 -5.84654176615009100D-03  7.92294383082425600D-06  7.48533536888169500D-05
22 27 -8.27762975196389400D-05  2.35901924316476100D-04 -3.42051091234209500D-03 -2.35610720524409400D-03 -2.58541280880156200D-04
22 28  1.21016694339967900D-04  1.37524586540187100D-04 -2.77377784084453000D-05 -2.61946122632955900D-03 -1.25149517191944600D-03
22 29 -6.40143132730313200D-03 -2.96900652534127200D-03  2.52696996190648200D-04 -2.32483137506666600D-04  8.44904831381909800D-03
22 30  1.49122372924745400D-03  6.81105185762818600D-04  2.74823484363334800D-04  6.51817801399166000D-05  1.17778314765350300D-02
22 31  7.04004422157188500D-03  3.20545293694144900D-03  2.65395246351909000D-04  3.48360268728273900D-04  9.50804891129843800D-03
22 32 -7.30964067774615700D-03 -3.28707074130653300D-03 -2.80718943223852500D-04  3.30117477771175700D-04  4.92149666009578400D-03
23  1 -4.40833142806953800D-02  2.76824966922272300D-02  5.45785705809470400D-02  4.24121292385150700D-01 -3.21035377688752000D-02
23  2  1.47080425752866800D-03  7.70184271784570800D-02 -3.03902727453989800D-02  9.20061858465261300D-04  6.97658203722037300D-03
23  3 -5.44330502704934100D-03 -1.53327701017114300D-03 -1.56332314253883500D-02 -5.62779830848677200D-05 -2.31700829242364200D-04
23  4  1.36890886136665400D-02  9.44684382302227200D-02  1.06611695451140700D-01 -2.58871511680537600D-01  2.13218511962154900D-01
23  5  2.38477488867194000D-03 -7.47443004058783000D-02  4.39844377019731800D-02  3.76159653671856300D-04 -1.41300512153393200D-03
23  6  2.14421687184835600D-03 -7.31211750314458500D-04 -2.48075628380518700D-02 -8.62169743334337200D-05 -3.34551514323144500D-04
23  7 -2.76939740973443900D-02 -5.40889736418804700D-02 -6.66540814296524600D-02  3.88101860322341800D-02 -9.29619371488460300D-02
23  8  5.49882449471393100D-03  3.30472811447098100D-02 -5.06149085722682200D-02  4.06850772826016600D-03  4.02351062140132100D-03
23  9 -5.30134963050764100D-03  1.27783900910631500D-03 -1.36840093066650900D-02 -5.03210298264744600D-04 -6.47916117682509400D-05
23 10  1.32490478588704300D-03 -2.54552618706688200D-02 -1.23772011065179500D-02 -1.47076357681522700D-02 -5.20105661465229500D-04
23 11  7.20940778189035900D-03 -6.08240076524240800D-03  4.50998777717348800D-03  4.73483809628112400D-03  5.17291921083666800D-05
23 12 -1.42686251122101200D-03  1.37513331911263900D-03 -5.47885873543516500D-03  2.45979832464735100D-05  4.71841599658531600D-04
23 13  7.62996377287560200D-03 -2.86575467124205700D-03  1.66150366717731500D-02  2.35712272100641900D-02  5.55538003056594900D-02
23 14  6.19060799429104200D-03  2.90802093974785100D-02  2.65833927765643000D-02  4.41557792621923500D-03 -2.77204225384767200D-03
23 15  1.62038369677258100D-03  1.15165855707500700D-03 -1.12744347706926500D-02  4.44848157480681100D-04  3.79061232612342100D-05
23 16  1.01941501077317200D-02 -8.98687926033072300D-02 -1.13840606637562100D-01 -1.98167849010644800D-01 -1.23662136753099300D-01
23 17  3.20626336783520000D-03 -1.13828222539383300D-01 -3.83152302378199000D-02  1.29694899676786100D-03 -2.70639304655250700D-03
23 18 -1.21053196101231500D-03  3.91692500756489600D-03 -1.97797343564774600D-02  1.88071213363587100D-04 -4.37035134970783900D-04
23 19  4.86092613986278300D-03 -6.17104471741442200D-03  1.25713381550274900D-03  1.17958310639591400D-02  1.61886399144072200D-01
23 20  1.99679882661941600D-02 -1.76263068066008100D-04  9.79401851204338400D-02  9.04249403730400900D-03 -2.78656222057448600D-04
23 21 -5.85451425536275900D-03 -9.43035239466320700D-04 -5.24355800354124400D-04  7.14035883305076700D-04 -8.78602981371980200D-04
23 22  1.64567098066879700D-04 -1.37205772265162100D-02 -1.65107751647056600D-06 -3.76388103334211700D-05 -4.53212154735517500D-04
23 23  7.39037653663377400D-04 -2.85825498927815900D-04 -1.65474913392435000D-02 -9.53082424562227400D-08  6.54267176917357300D-05
23 24  1.63378927582284500D-04 -3.41244218416514600D-02 -2.62547361801736600D-02  1.16045206260726800D-02  4.10390157510480200D-03
23 25  1.25263554716171100D-01  3.79625768097012200D-04 -1.00218193271998700D-03  6.72735502034120500D-02  1.18155999587198400D-04
23 26  7.37868535780029800D-03 -4.79180890183333900D-03  3.13533828056895100D-06  5.59186367236768000D-03 -6.75331195891996700D-03
23 27  1.16144828655223400D-03 -7.51807520773641300D-03 -6.61469060030185800D-05 -6.31673666384545000D-05  1.11245556532885700D-02
23 28 -8.81416031429938500D-03 -2.31039533898913100D-03 -2.90669866706797100D-03 -1.76030205626770100D-04 -1.47991294058381300D-04
23 29  5.51338710657685300D-02  2.87238024719788300D-02 -7.99344196707648200D-04 -2.59123031952401700D-04  1.88262826886356900D-04
23 30 -1.63544979681858400D-02 -5.46160770602535500D-03 -1.73253394708075000D-03 -1.64838421556868400D-03  2.30859412079480800D-04
23 31 -5.72881598989491800D-02 -2.92181674761580400D-02 -2.02900015435908600D-03 -1.64517096419211800D-03  2.21921958835936500D-04
23 32  6.21622937126687900D-02  2.96023295805965400D-02 -2.32010850119634800D-03 -4.21798588665095800D-03  9.06425006634694400D-05
24  1 -1.92391676373838700D-05  7.17180327491930500D-05 -2.63055795078708500D-05 -1.38204464959339900D-04  1.73342081062654700D-03
24  2 -3.57438771695667600D-01  4.07428384819106300D-04  6.32685407745556700D-04 -1.79362206010635700D-01 -5.64727365436682400D-05
24  3  1.12593887594433500D-04 -5.61211510507660400D-05  1.51167452498299200D-05 -1.29155789023094800D-03 -1.78466926786906300D-02
24  4 -7.35945368312643000D-06 -2.62566276444749500D-04 -2.26156956867108500D-05  2.83057113747272400D-04 -1.24317651304622000D-03
24  5 -1.48817388796857900D-01  2.74798779910916500D-04 -3.81124380227621900D-04 -7.35969881675278700D-02 -1.34346806248983400D-04
24  6  1.00243022883681900D-04  3.41037833653009800D-05 -2.10742342635782800D-04  1.21754233225185100D-02 -1.69825590962712700D-02
24  7  4.02427187349531200D-05 -7.21458721226987400D-04 -1.38850848424326100D-03  2.37880343118761000D-03  1.71458900479436800D-03
24  8  6.33523015636457700D-02  1.41011338631911900D-03  8.38933761441277000D-04  5.99485158031008300D-02 -3.60329828885391400D-05
24  9  7.96594230272881600D-06  2.80670405858109700D-05 -1.27367401593526400D-04 -7.49467615664617700D-03 -1.08218122447646500D-02
24 10 -6.33135942161288900D-05  5.26276553003927200D-04  1.25793402994160200D-03 -3.68938798064901400D-03 -4.02829605196047100D-04
24 11  1.23696546559420000D-01 -8.61682198090008200D-04  5.41093632765718700D-04  1.00711030425611000D-01 -1.34984268301860300D-04
24 12  1.26651410994372100D-04  8.33285730748912100D-06 -2.79229944575942700D-04  1.39325464625602500D-03  4.74913413526000800D-03
24 13  3.85379522983431300D-07 -2.66656774107084000D-04 -7.72303310417623300D-05  3.71823291112706100D-03 -4.90770628058880200D-04
24 14  4.01304185208570500D-02  1.34246473938825900D-03 -1.54830302891100000D-04  4.03670925458321200D-02 -4.19751534378599400D-05
24 15  6.14299818406514200D-05 -1.94548284027917600D-05 -3.58779209202958300D-04  7.43497304900811600D-03 -1.05960914818331000D-02
24 16 -2.53861185366196900D-05  4.56717285332867200D-04  9.79360261564343200D-04 -1.24793294624239100D-03  9.10156796576337300D-04
24 17 -1.29498140582050500D-01 -6.60347836011504100D-04  5.27430817230587600D-04 -8.20835064508399400D-02 -1.40051426819117600D-05
24 18 -7.72577321927566400D-06  2.17309159011879800D-05 -2.74186150575573600D-04 -1.80467157107515000D-02 -1.07403532170668400D-02
24 19  1.15585420926535000D-05 -1.71264769553436700D-04 -8.71246414992671500D-04 -2.35912219923110100D-04  8.55231058647276800D-06
24 20 -1.89564064952970300D-03 -3.91213412491137200D-01 -1.36027164942991500D-05 -8.43615682328430300D-04 -2.45124682899285400D-01
24 21 -7.76068135618671000D-05 -2.07993669771750600D-04 -1.47731020272962000D-02 -4.54874337408581400D-05  9.97287328417513600D-05
24 22 -5.42412991008940600D-05 -1.60761273401197500D-05 -9.04466803661192300D-05  2.09255942679276800D-02 -1.88807794156296700D-05
24 23  2.99595662426617200D-05 -1.10787868270317300D-05  6.21955360461370300D-05  6.91244449784778200D-05  2.08880879298091400D-02
24 24 -4.48371202566389000D-06 -2.24446697568539100D-04 -1.88693970080442100D-04 -1.70111032957347800D-04  8.96617377964777600D-04
24 25  1.06291835325372900D-04 -1.05007317719438500D-01  4.42383490443227800D-04  1.15152640336103000D-04 -6.16264250188578200D-02
24 26  3.70495135955590800D-05  4.60317248486875100D-05  4.66851477993539900D-03 -5.38780981223807700D-05  3.28361839009956600D-05
24 27  2.10419142213844300D-05 -2.37243878163440100D-05  6.81679927633108400D-03  3.07129118982887900D-03  6.59973973320745800D-06
24 28 -9.06682066620049400D-06  2.46708093299347700D-06  1.31987073566795700D-05  5.83324343941664700D-03  3.49171503646281300D-03
24 29  6.88339659090865500D-04  4.50792296643187700D-04  6.43806670531350600D-06  7.10799788319595100D-05  2.30762837400603700D-03
24 30  7.18274098122612700D-04  6.53652434120522700D-04 -9.19520288705109200D-05  5.12505930431844400D-05  4.73973143742900300D-03
24 31 -2.96060903246307300D-03 -1.26273617768397200D-03 -1.17018610519907500D-04 -1.32135603844400900D-04  1.57298552130245400D-03
24 32  1.71884169793938600D-03  2.18821895058765400D-04  9.27736372121283700D-05 -8.17812527434003700D-05 -4.86803555236893500D-03
25  1  5.08582465234761200D-05 -5.68509459618680300D-05 -6.37501450811939300D-04 -2.30761415010016000D-04 -6.46692432079364500D-04
25  2  4.84843953979493100D-02 -6.92040185165764300D-04  1.87025281492674600D-05  2.00262779937251400D-02  2.74980300677558300D-05
25  3 -1.08042950701455500D-05 -1.66937349976101800D-05  5.28776988971886500D-05 -2.25008009726661100D-02  1.69467945714103900D-02
25  4  1.30618640450758600D-05 -2.43219762057486800D-04  6.64334011568401300D-04  1.95296380434741700D-04  7.52177122432475800D-04
25  5 -3.26984196349635400D-01 -8.98480996130347300D-04  4.32112779836090700D-04 -1.69840909857751400D-01  4.09087028129180900D-05
25  6 -8.20704033021151800D-06 -3.27016624827061500D-05 -2.37199668654658000D-05 -2.50015892092717600D-02 -3.42407879513438400D-03
25  7  3.51712047973303700D-05  1.36191659739569800D-04 -9.58558152049042400D-05  5.70207899233378900D-04 -8.10432090718154100D-04
25  8 -1.44775406191088300D-01  7.64450176090284100D-04 -6.21497401543215000D-04 -1.05352267586396000D-01  4.72033582851005600D-05
25  9 -3.01352311465501100D-05 -1.70681271385507400D-05 -2.42651918732561200D-05 -8.36579306884490000D-04 -2.06350727156177700D-02
25 10 -2.42788071553995400D-05 -2.27855030822514200D-04  4.68015265149955100D-06  5.61764780682738900D-05 -1.53741850614000900D-04
25 11  4.08601092890944300D-02 -5.96966836756105000D-06  2.47845064240029200D-04  4.24199377055346600D-02  3.12563680232350700D-05
25 12  1.35590945306064400D-06 -3.26122774762959500D-05 -2.00322085066177700D-05 -1.49033859020486400D-02  1.83031246460868400D-03
25 13 -1.90097595450543400D-05  1.49258038159078800D-04  5.49460659879555900D-04 -1.37205738841585800D-04  1.29327483178164200D-04
25 14  1.53791601909578700D-01 -1.43725113742157000D-04 -7.08455521899172900D-05  1.14123706178214200D-01 -4.66595243145056000D-05
25 15  4.49121572592162500D-05  1.74736705528986800D-06  7.02092358967124600D-05  3.39325769086975900D-03  7.47953726923746100D-03
25 16  1.33548972585669500D-06  1.01985385581016400D-04 -1.30300018587242500D-05  6.09018624067117200D-04 -2.61929592778602700D-04
25 17  1.41532870473330100D-01 -1.36585818192762700D-04  1.23352231413624500D-04  9.99521892027969600D-02  1.20380477704387900D-05
25 18  7.00860773495914200D-06 -1.90466555053976000D-05  1.65894590956842300D-05  4.42584985630557300D-03 -8.72517169521476300D-03
25 19  6.88523681373188200D-06  1.91212858803395100D-04  5.39664706211929500D-04 -3.51453098708182700D-04 -1.08070082829085800D-04
25 20  7.57063776559725000D-04  1.62452523178209300D-01 -1.46998331944535800D-04  4.77221904134226700D-04  1.11641428685863400D-01
25 21 -7.95081768570153500D-06  1.69827343506024400D-04  1.81807226840306700D-02  1.97528086764128100D-05 -3.64121357345921500D-05
25 22  1.66593270581794500D-05  1.53696124933914100D-05 -8.19228592929682500D-04 -5.36356397197318700D-03 -7.19283937219074200D-05
25 23  4.35116796646131300D-05  2.84167140572946600D-05  4.79921860119152900D-05  6.53441169227927300D-04 -6.30486473655782100D-03
25 24 -1.06542546624752100D-05 -1.03252749089075700D-04 -8.94919654285677800D-05  4.74565006881404800D-04 -3.44129668261028800D-04
25 25 -1.67146926323678600D-04 -4.01993421002644200D-01 -1.79991318027728200D-04 -2.50568445712464100D-04 -2.54671805838806000D-01
25 26 -6.73863706019948300D-05 -2.26105752691786400D-04 -1.59827137067765800D-02  3.37978743974713800D-05 -1.35783700542142400D-05
25 27 -2.02195043432573500D-05  1.46540913563676700D-05  1.75396911266386800D-02  1.04637300355989400D-02 -1.07073577051747100D-05
25 28  4.90180225214582800D-05 -3.83106648162836000D-05 -3.82138581401262200D-05  1.67330270683537300D-02  1.12004014267195600D-02
25 29  7.33689102710400300D-04 -1.72020094370374700D-04 -5.85602960463054500D-05  1.20424456521226500D-05 -5.53931947455719400D-03
25 30  7.36459684177763500D-05  2.56927944418489900D-04 -8.70001540683093000D-06 -1.10107218770960900D-05  1.47631976467975700D-03
25 31  1.01097235214928000D-04 -4.43447106463096100D-04 -2.22946785316772800D-06  1.15347207388351000D-05  5.69357170874140400D-03
25 32 -6.96727145839479100D-04 -5.19047674071147700D-04 -8.32228712245023100D-06  2.61550442019009400D-05  5.26407038491903700D-03
26  1  2.57660691026200900D-03 -4.30609050491478000D-02  3.59206863172880800D-03 -3.27395089289322600D-02  3.72370178620820200D-02
26  2  4.13911215591239000D-04  1.06759941937644700D-01  2.29489046409589400D-02 -3.75416177149775700D-04 -5.17703502295116500D-03
26  3  7.83645817874422500D-03 -2.65942315579298200D-03 -4.97476957953931500D-02 -2.80014053682147800D-04 -6.82345867978771400D-04
26  4 -2.44136732810648900D-03  4.75019336248725900D-02  3.72462396123391200D-02 -6.03134301354611400D-02  1.29213391904200300D-02
26  5  7.86584176676509300D-05  3.67492552053197800D-02 -1.34590991056983800D-01  1.24560232138508100D-03 -4.13910557005474200D-02
26  6  3.84084187261621700D-02  2.98263697438513800D-03  1.87827893970960500D-02  1.96818956797925400D-04  2.74958869374518500D-04
26  7 -2.58392564747423400D-03  2.98326662782018000D-02 -1.44724649310938000D-02  3.07565264322719000D-02  6.06235891625710000D-02
26  8 -4.56982716544349800D-03 -3.17052945879808000D-02 -3.77334704615438500D-02 -4.73098944185803800D-03 -2.78242039661531800D-03
26  9  1.42836080017087500D-03  1.35405959644438100D-03 -2.57765474839401400D-03  2.11788393717281200D-04  2.01359554707424200D-04
26 10 -1.20054752442294300D-04 -1.68175820263908900D-02 -4.66241207771120700D-02 -3.06614236025924700D-02 -2.29881655674537000D-02
26 11 -3.29051512860422000D-03 -5.84586658959727300D-02 -1.94412183054866800D-02 -3.02048801743232500D-03 -5.37309155372641500D-03
26 12  5.22817131176010600D-03  1.44920241966309700D-04 -1.40802844345950300D-03 -3.93915937382736700D-04 -9.80847928966544900D-05
26 13  1.45391089746113200D-04  1.85039651731056200D-02  5.42374375140455200D-02  5.60030661220119000D-03  3.84713117362811000D-02
26 14  2.05022009298901700D-03 -7.74723534565303000D-03  6.59029685497357900D-02  1.35208001021607300D-03 -3.54560329421622500D-03
26 15  3.77253744656711100D-03 -2.26934152350910500D-04 -4.88376529232230500D-03 -2.31387798834277300D-04  3.54149886282511400D-04
26 16  3.33115333912349900D-03 -3.18486594850495600D-02 -3.56520913340134100D-02 -4.31455217350483900D-02 -5.75333639004204600D-02
26 17  5.51369302286854900D-03 -5.68057189400809300D-03  4.28848944178381000D-02  5.37138096515656600D-03 -2.95438176869125900D-03
26 18  4.48120839074457800D-03 -1.52682662205303700D-03 -4.94152229391453600D-04 -3.24055365066053100D-07 -5.13567688220403300D-05
26 19  1.89799555361771200D-04 -2.29272198422037600D-03 -1.43593250053776500D-02 -1.74892139205054200D-02 -4.39010219965163700D-01
26 20 -1.10179689784924400D-02 -5.88964717590133700D-03 -3.14381074131076500D-01  1.02600762556923500D-03 -3.77953886285729000D-03
26 21 -5.74719970344757800D-02 -7.88822610550468600D-04 -8.92484487240845600D-04  9.94969191142296900D-04 -7.68667999089147400D-04
26 22 -2.26301192053132400D-04  9.78102266275372400D-03  1.38531315369576800D-05  1.04038328870392700D-04  5.58131038672569200D-03
26 23 -5.79764799729034500D-03  2.16337610564621300D-04  1.40649907603913100D-02  2.38309094033025200D-05 -3.12596046599826300D-05
26 24  9.03240213896501400D-05  3.10234223103857400D-03  1.66560146747358100D-02  1.82061658303880000D-02 -2.28041655186952500D-01
26 25  4.28837360233181600D-01  3.24973440730842500D-03 -1.72494432280294300D-01  3.07014536836913000D-01  2.01650091737850900D-03
26 26 -2.39465697544618000D-02  4.14803556196258500D-02  3.11766657150883000D-04  9.02930589758173400D-03 -9.42740627492654300D-03
26 27  3.98100377344801400D-04 -5.07591328433214900D-03 -1.13111329461338100D-04 -3.86043734358018900D-05  1.40900027219108200D-02
26 28 -1.51857557547251400D-02  1.09575303281428800D-03 -1.34146872271938500D-03  1.29195324830261600D-04  2.18171375642036700D-04
26 29  2.27289242508554500D-02  1.86540448239877800D-02 -2.31472940699201200D-03  1.44832642232727300D-03 -3.23578745930270800D-04
26 30  1.81941253194568400D-02  1.60302651701349500D-02 -5.79269827607549600D-05 -3.54433975309490500D-04  7.86195574952586600D-06
26 31 -1.90105306683756900D-02 -1.45159322483456600D-02  1.83393390973907700D-04  1.12488489971449300D-04  1.32403547702102900D-04
26 32 -1.88735182235061500D-02 -1.84702187481944000D-02 -2.03736057007538700D-03  7.71274530833780500D-04  2.68838095919404100D-04
27  1 -1.46558964697213200D-03  3.56091098979490700D-02 -2.03302809758849200D-03  1.46150232098114800D-01 -3.32412129378038300D-02
27  2  3.04280160264278700D-04  6.96883748009260700D-02 -1.82138738301968000D-02 -1.10883318458911100D-03  3.85747338288147800D-03
27  3 -5.24017964215497400D-03  1.38270625927341300D-03 -5.21670054159443600D-02  1.52853340483611000D-05 -1.69013086038959100D-04
27  4 -1.95346818219821500D-03  4.92570409505546900D-02  6.63510993127441500D-02 -1.18077883142345800D-01  1.14617364978757600D-01
27  5  7.36728860313505500D-04 -1.06872684502373100D-01  8.96581279981962400D-02  1.83938183086412400D-03  3.01162018936317400D-02
27  6 -3.26280531129901800D-02  2.51185121935832300D-03 -2.64992699277341800D-02 -5.03462935956142200D-05 -1.15903897820839800D-04
27  7  1.33942466896944400D-03 -6.03270132770920600D-02 -7.70990502591544200D-02 -1.08717772489302000D-02 -1.16048736506568000D-01
27  8  3.63503427269788400D-04  2.64442279159316100D-02 -4.18183710945001200D-02 -1.21343998078174700D-03  5.74796943897427300D-03
27  9 -4.62576363811891200D-03 -1.12220580085538100D-03 -1.07240256450596000D-02 -3.89176708938110700D-05  1.56926406266953000D-04
27 10  9.49252674539948700D-05  1.42273377157763000D-02  3.73464268623449500D-02  1.39207912320430100D-02  1.97909176413064500D-02
27 11  1.71829516629762500D-04  1.99810293633145800D-02  1.44878176699406000D-02  8.03519141624382300D-05  4.50858270282060600D-03
27 12 -4.50377805781184300D-03 -4.80464500876850000D-06 -4.33319232635192200D-03 -3.46480579537379200D-05  1.21411628990467000D-05
27 13  1.57708946725446800D-04  1.92055194185922700D-02  5.18379596839837500D-02  1.12390507566234500D-02  3.26972255410520200D-02
27 14 -3.50343176593432800D-04  8.74028080386150800D-03  2.81622249569502700D-02 -6.91059275588436800D-04  4.11709310238232700D-04
27 15 -1.29187578984854200D-04 -2.82521731253446000D-04 -8.04657804803367300D-03 -1.01123282413422800D-04 -1.62141880602375100D-04
27 16  2.11813358140139500D-03 -6.44071538080006900D-02 -1.03376507629221300D-01 -1.05086789646268000D-01 -7.68986120322818900D-02
27 17  6.69721539474677500D-04 -6.11734483702086100D-02 -8.49935046041803600D-03  1.44195406402711000D-03  4.43061749791507000D-03
27 18 -2.35719936401929900D-03 -2.07341813389559300D-03 -9.67046972104385900D-03 -1.74018792276621400D-05  1.31042437342535100D-04
27 19  1.49060034561992800D-04  3.32658749962529500D-03  1.18216923797562600D-02  9.77410088982141000D-03 -4.41649785193155200D-01
27 20  9.47831038700012500D-03 -9.78315135228464300D-04 -3.25303624194694200D-01  3.81833196531806400D-03 -3.48540498335368300D-04
27 21 -6.17965941638662200D-02  3.94020221327119200D-03  2.15049154455375700D-04 -9.87993082133221200D-04  6.60400919204755800D-04
27 22  3.27592162928448000D-04  7.37346180544572500D-03  4.58343267158731300D-06 -2.17825638144023700D-05 -2.53932939151992900D-03
27 23  2.27815456606411500D-03  2.61174825455825500D-04  1.17665331855128800D-02 -5.37161399576972200D-05 -1.03590589092364700D-04
27 24 -3.36418472473810500D-05  2.98072865741469000D-03  1.49535853474342400D-02  2.35427101292131800D-02  2.18357551345121500D-01
27 25 -3.56072933108635700D-01 -2.45846766338523300D-04  1.61936557376893700D-01 -2.71206909884556400D-01 -6.47537208082212600D-04
27 26  2.29627091812371600D-02 -4.05121952802588600D-02 -4.52102497927726800D-04 -4.88610504423824100D-03  4.56840050752252800D-03
27 27  3.17704536715701200D-04  4.24423340391101400D-03 -6.77740404077665300D-05 -1.73143778683609900D-05 -7.87768405065598700D-03
27 28  7.88324384268771300D-03 -5.55979203170089100D-06  8.51575375138248300D-03  2.24265393005089400D-04  2.82034493221419700D-04
27 29  1.93225190225967400D-02  2.03766928563475800D-02  2.54054603493361300D-03 -1.40014693208015400D-03 -1.08592633584409700D-04
27 30 -1.53129546597950300D-02 -1.21309080681711100D-02 -6.41058618161833800D-04  4.18208306089881900D-04  7.37886364203206100D-05
27 31 -2.05033129983409100D-02 -1.72395614720298600D-02  4.65902967881512400D-04 -2.29163443857762300D-04  1.03092737871083900D-04
27 32  1.60560120987620000D-02  1.36464554263490700D-02 -2.68251790311931800D-03  1.46843804758979000D-03  1.52867093257506600D-04
28  1 -5.32684834074183300D-05  8.82549064828623400D-04 -2.00128283259716000D-04  4.99072513913982000D-04 -5.01251329794274700D-04
28  2  4.25007126728364400D-02 -1.30878311156481900D-03 -1.49584606635413000D-03  3.30141049358425600D-02  9.40573220631808800D-05
28  3 -1.53931827613296700D-04  5.98745055501134800D-05  9.03679249483072400D-04 -1.76783542297695100D-02 -3.81923948146073400D-02
28  4  1.04404704455816200D-04 -6.68713522973764400D-04 -1.41081154113816000D-03  1.13829329545919400D-03 -4.21985955371424900D-04
28  5  2.72256537414533900D-02  5.70694133702746900D-04  1.52666891042874800D-03  3.17464954881759000D-02  7.17736794376629200D-04
28  6 -6.22055585310450500D-04 -9.56812090661766900D-05 -3.15351236778615000D-04  7.34885579576453300D-03  2.14680308756322900D-02
28  7  3.25607059700455000D-05 -3.76592754039999500D-04  8.37509817990565200D-04  9.67459083622308100D-05 -8.56331543200654300D-04
28  8 -2.21743887271084400D-01  2.83084334663016600D-04  3.75150324961410500D-04 -1.88136954556537600D-01  2.61590311793098800D-05
28  9 -1.84600093248577900D-05 -7.69902185445118700D-06 -2.23447341358875100D-05  1.07963183325002400D-02  6.08948018974994200D-03
28 10 -1.83393017090314000D-05  2.17974773597394100D-04  1.03342716207959700D-03  1.18543025282329800D-04 -1.71249378881249000D-04
28 11 -1.61505242971712400D-01 -2.03684301824072800D-04  1.42766117802097100D-04 -1.54007455517405000D-01  9.29165046744444000D-05
28 12 -9.65745018448068700D-05  3.65799717036261100D-06  3.04497176618348600D-06 -2.05110536375238000D-02 -4.10920518101224400D-03
28 13 -1.06781506549340100D-04 -5.64608552146800800D-04 -1.29325226717439500D-03  7.56687614139492600D-05 -6.11443068571043000D-04
28 14  1.60373116064611200D-01  6.57571780665966000D-05 -2.83774094613334700D-04  1.26194670897261100D-01  1.65680290754829200D-05
28 15 -6.58210271376732300D-05  4.92529980621906200D-05  7.13246560294521100D-05 -6.95727302612127700D-03  2.83143273887659200D-02
28 16 -8.49921268456282400D-05  4.41575813633591700D-04  2.61156242785803300D-04  1.19629065464048400D-03  9.27263036835598200D-04
28 17  3.44834334893742400D-01  1.89927084715758300D-04 -2.12288483696722200D-04  2.89574642355985100D-01  2.41445442182376800D-05
28 18 -5.60024349880595100D-05  3.18578907698158000D-05  5.11482268813278900D-05  7.27228247093051000D-03 -1.19821378953066600D-02
28 19 -2.34414320453366900D-05 -9.97761284350570900D-05  3.56641756416484600D-04  1.66285060315912600D-03  8.31300655604559800D-03
28 20 -1.58197658175715800D-04 -3.46132836127803900D-01  5.79367385858237300D-03 -4.44151532976505000D-04 -2.51953213156835600D-01
28 21  1.08602555056459800D-03 -1.11521980945186100D-03 -3.40363465156905900D-02 -1.45556106532465800D-05  1.22132287986852600D-05
28 22  2.34238185456063200D-06 -1.70359872756911900D-04 -6.73278493855920400D-04  7.49751051175835700D-03 -9.71397798302501900D-05
28 23  2.35340947284072400D-04 -1.38201167453823300D-04 -2.38506971062406100D-04  1.41693205319142200D-03  7.63828988818047700D-03
28 24  1.45426468576843700D-05 -3.59801187370336200D-05 -3.44217548341682000D-04 -1.31630353347901500D-03  3.62403207272164300D-03
28 25 -7.19763607750805600D-03  1.72244170336820600D-01  2.74351077069454100D-03 -5.08880044005792400D-03  1.17352612447757300D-01
28 26  6.44358143483706100D-04  5.61247616335344500D-04  9.21036899190483400D-03 -1.69783187890907400D-04  1.72636465829619200D-04
28 27 -2.85327793871136100D-06  8.36293214411268800D-05 -5.18891584448280000D-03 -2.40411232186195400D-03 -1.26101746684231400D-04
28 28  1.12950279625027900D-04  1.31514670592025500D-05  2.00132264620725000D-05 -9.26241179888982100D-04 -2.81480000490153500D-03
28 29  4.41175483686352100D-05  3.51432778420452900D-04  2.85820016655024200D-05  1.71709321824648400D-05 -8.01905045281363700D-03
28 30 -1.33111046994207200D-04 -6.79505331650111300D-04  5.16687814353375700D-06  7.07430447157900000D-05 -6.20084243287721400D-03
28 31  8.16189279301067700D-05  9.86614395758297300D-04 -1.28155598749952100D-05  2.36916006724954400D-05  5.71073803530757400D-03
28 32 -1.57393486062511200D-04 -4.98798572112120600D-04  2.00667631742852200D-05 -2.66846567551127700D-07  1.19778718991972100D-02
29  1 -3.07354910583066700D-05 -1.80121281073750800D-04 -9.67405826979668900D-04 -3.56880126903916400D-04  3.45895911871409200D-04
29  2  1.92564076676651100D-01  9.45227649657780200D-04  2.77946052990198800D-03  1.56610979233334200D-01 -1.29073658306488300D-04
29  3  1.03106522147958700D-04  2.59671361585294400D-05  7.82582132417047800D-05  8.33731579539327900D-03 -3.05704174151565300D-02
29  4 -1.28976073743143800D-04 -3.05175144828216800D-04  3.93067839097553100D-04  2.42585121085629800D-04 -3.33049164422169200D-04
29  5  2.29439326981941100D-01 -2.07182920363518300D-03 -2.16570705016645200D-03  2.23512624647378900D-01 -5.15718411143196600D-05
29  6 -4.57405801452678500D-05  9.73124212595873300D-05  6.99838797702765100D-07 -3.72997793830274800D-02 -2.14217477579134300D-02
29  7 -3.81271218378993300D-05  3.61820171836647800D-05 -9.03808281164491100D-04 -5.65589818182520100D-05  6.25611589142141300D-05
29  8  1.77350554049943100D-01  7.44406835851516300D-04 -3.96964848423858600D-04  1.53233340258542000D-01 -5.46612109287985500D-05
29  9  5.62866089356317500D-05 -1.62539800683373400D-06  6.10627730937379600D-05  3.77888345207425800D-03  2.15492673224670300D-02
29 10  6.26679960611424000D-05  1.66335205652959900D-04  7.95753761311780100D-04 -1.01798725126860600D-04 -7.94161387092090400D-06
29 11 -1.24403111887523400D-01 -2.92284103099787400D-04  3.17353768661597100D-04 -1.30126468408819900D-01  2.97108668620414100D-05
29 12  5.91517037763482500D-05 -8.88625706383889100D-05  3.35107901831722000D-05  1.94867857148156600D-02  9.70315564651179100D-06
29 13  6.27744739786981500D-05 -6.14411498396785200D-05 -1.77792967103976700D-03  1.46516862000032700D-04 -2.39864590293659400D-04
29 14 -1.74168160027567900D-01 -2.21776295242440800D-04  5.51627905402380000D-04 -1.66206568442722600D-01 -1.29443279829181700D-05
29 15  6.89966253778154700D-05 -5.60522973948975200D-05  2.42153363922555900D-05 -7.78452892316549700D-03  9.77006797674791600D-03
29 16 -3.30880571254538200D-05 -1.15169058094045900D-04  7.54384407726861300D-04 -1.66838105063878900D-05  9.26779383369511800D-05
29 17  7.78167088130986800D-02  2.01596833129596100D-03 -2.93217388190276200D-04  7.98012013041571900D-02  1.72552386021354900D-05
29 18 -2.99427645587424600D-05  1.26875259566083400D-05 -1.13349017791136900D-05  1.34933123298708500D-02  1.41967005973273100D-02
29 19  4.87222068557128700D-05 -4.05467576511268400D-05 -1.06928028846016300D-03 -2.20718019946701000D-03  3.70240963658448200D-04
29 20 -5.96126956681414900D-04 -2.59992300428411200D-01  1.31601475006434600D-04  2.01428852969402100D-04 -2.08097089345230900D-01
29 21 -2.58420692852852700D-04  6.36089049974042400D-04 -3.82715015503052500D-02  6.64816342088983200D-06  1.52407409427226600D-05
29 22 -2.18889043636117800D-05 -1.09876155980401700D-05  2.16427859448779100D-04  3.89628381306818000D-04  4.68206041417288600D-05
29 23 -3.77795338204275500D-05 -9.04107032129929100D-06  4.49441752169061900D-05 -3.22844489505785200D-03  4.92866346236986000D-03
29 24 -2.59834834813552400D-05 -2.61197206076490500D-05  8.64994738882325300D-04  2.08636705791525500D-03 -4.87564413453014000D-04
29 25  7.75309276927213000D-04 -4.44958197509739100D-01 -8.18221025349782700D-04  4.29051012085916700D-04 -3.42111609210545800D-01
29 26 -7.53767884157377500D-04  4.33523157139664300D-04 -4.45322411901589200D-02  1.35407675535554300D-05  1.02861102085459200D-05
29 27 -2.38268777621009600D-05 -2.07531690575710000D-05  3.67579860290395100D-03  2.07277179807799100D-03 -3.81736053729559100D-05
29 28 -6.84946685378482900D-05  1.06668273910804700D-04 -5.73758693281020400D-06  8.59739993048728100D-03  1.39793006191580100D-03
29 29 -2.52760811002810600D-04 -1.11412237854336600D-03 -3.34475474149125300D-05 -3.38194306230759600D-06  5.89772525886250200D-03
29 30  4.08943287375295500D-05  4.83370040842285800D-05 -1.27736484704583800D-05 -2.94257411100637500D-06 -5.14810439177123700D-03
29 31  1.51405986974207500D-04  1.07137781492430900D-03  6.19823933271390900D-06  2.75460095182986800D-05 -6.92496122339591300D-03
29 32  2.61928935247778900D-04  2.30240711122830800D-03  4.99504109345651700D-05 -2.68586210532185800D-05  2.28539069550519800D-03
30  1  4.57965451415463700D-04  1.53504863397836200D-03 -1.70808611973127800D-02  7.27941980371806500D-04 -7.12368016262744300D-04
30  2 -1.17679083446711200D-01 -9.09692909601510900D-03 -4.26994891840184600D-03 -5.47695190528203300D-02  5.19240811991416200D-04
30  3 -5.79533023894318700D-04  6.02922119029036300D-05  3.54378021530437800D-04 -4.53934772280633700D-02 -8.07384235811883400D-03
30  4  6.87773074613408700D-04  9.54428596334181900D-04 -1.17349913735749200D-02  5.83458854240843200D-05 -1.87820228870505900D-04
30  5 -3.97693792215285200D-01 -1.17389281533600000D-02  1.58712577500142600D-02 -2.61195150186336800D-01  2.99855367565753100D-04
30  6 -6.19222086711251500D-05 -2.37933158894624700D-04 -4.20262300899975600D-04  1.24633611973562100D-02 -3.83378456213353400D-02
30  7 -1.19389636015422100D-04  9.76917508481773700D-05  1.05611200208136900D-02  1.22394810564025700D-04  4.99671514799425000D-04
30  8  3.64854937044016000D-01  9.59020606768829800D-03  8.07422926480276900D-03  3.78923569357252800D-01  2.05010700606140400D-04
30  9 -7.65846961671781400D-05 -1.28426004438953300D-04  1.67728861692605500D-05 -8.88685519483259900D-03 -5.09924142055034300D-03
30 10 -4.89208530373915400D-04 -1.23960658156629800D-03  7.16693268275942200D-03  1.50426773607447700D-03  5.48592065938199700D-04
30 11 -7.63377691084561300D-02  5.25407222402018300D-03  3.73623792934090100D-03 -9.89682261630524500D-02 -2.64995068726083300D-04
30 12  4.97169254618993000D-04 -2.32174185892916500D-04 -7.05736443072155600D-04  3.61913069451042500D-02  1.15277718102018000D-03
30 13 -1.58361871273450600D-05 -2.01770360160118400D-04 -9.66328765431077700D-03  1.13324123470131200D-03  1.76440811178612300D-03
30 14 -2.68665768493132000D-01 -7.01638730826865800D-03 -1.71330047461320000D-02 -2.80445499890069100D-01  1.59500326578573200D-04
30 15 -9.71364351140566700D-04  8.11864024561987500D-04  1.87242033514569500D-04 -1.19463066295770500D-02  2.29751958236861400D-02
30 16  5.27556363570039600D-04  1.11176990507775000D-03  5.88608177329276100D-03  2.78022023151027700D-04  6.68056043701177600D-04
30 17  3.98553935830517700D-01  7.44792334777004400D-03 -1.38235798895442100D-02  3.19099385100998300D-01 -3.53688756463492800D-04
30 18  1.02735247199022100D-03 -6.73663715526721200D-04  2.48513526923800200D-04  9.91545503861660300D-03  4.12736864514254000D-03
30 19 -1.85683364161967300D-04  5.15381586670946500D-04  8.13990281838127200D-03 -2.70052330281059300D-03 -9.49428286297590200D-04
30 20  6.41524821832749700D-04  1.32138886873368700D-01  1.19686905646980400D-03 -4.85785988190943600D-03  4.63388784627931000D-03
30 21  6.36781249421526300D-04  6.38239949168605500D-03 -3.61014582584824500D-02 -1.21987875633881400D-04  1.91747372111660200D-04
30 22 -6.97594964777706600D-05 -1.37847029639904100D-04 -1.15221162900073600D-03 -4.79760760489164000D-04 -5.90329366676567300D-04
30 23  1.13177024517627600D-03 -5.41440878499714700D-04  3.69169117111455000D-05  6.39038490872493700D-03  1.19900943865539700D-02
30 24 -1.73877992499776000D-04 -3.11629170796824600D-04  1.57138531748595300D-03  1.05778235425031500D-02 -1.14595174244567600D-03
30 25  1.44041169001290400D-03  2.45280346520414900D-01 -9.67069235596116100D-04 -1.08999889319363100D-03  9.50137550894285800D-02
30 26 -1.96960774570646600D-03 -1.18974093579278500D-02 -1.27893227338899300D-02  1.36547289081065600D-04 -2.14162151845599500D-04
30 27  7.76148627645384600D-05 -8.06943395061957800D-05  2.54708081012077700D-03 -3.11515482389980600D-04  6.07131115939464100D-04
30 28  9.04330965510927800D-04 -1.51146208145039300D-03  7.35506242721851200D-04  9.67820922348351800D-03  6.94946811932923800D-03
30 29 -1.28235850718186300D-03 -1.05876555119403400D-02  1.06706919623630500D-04  1.96957378200128400D-04  9.39397805686043600D-03
30 30 -3.66585685004649000D-04  1.89912777066417600D-03 -6.20992675099868500D-05 -2.54483939418721600D-04 -3.49745652639297600D-03
30 31 -1.32413650923565300D-03 -7.13725828758250700D-03 -2.41360541657482400D-05 -1.58625638232963400D-04 -8.10156581177318300D-03
30 32  7.31994697894071300D-04  1.36202272875810800D-02  1.71872189537315400D-04 -8.59951668444520500D-05  7.60344238226351200D-03
31  1  2.10786192680996300D-04  6.92755736560118600D-04 -3.37916469265854600D-03 -9.41410497751100900D-04  1.25140831526703200D-03
31  2 -5.24142390081211000D-01  8.38248650671111900D-03  2.66849725286131700D-03 -4.75661486524213500D-01 -5.37402712520694500D-05
31  3 -2.04264052895279700D-04  2.58004324147349600D-04 -1.68398524091768400D-04  9.20295725595040300D-03 -2.75534113481147700D-02
31  4 -6.00683676098609900D-04 -1.41892117054130300D-03 -1.35463807312009900D-03  5.40685195020578600D-04  3.71802760966237100D-04
31  5  3.69618341358372300D-01  2.26908061186823300D-03  7.05809838558461600D-03  3.94880304017277400D-01 -3.33274923339618900D-04
31  6 -1.81942317868006300D-04  5.15217241207625200D-04  4.37649766802514700D-04  2.19159394201997600D-02 -2.23122748092541900D-02
31  7 -3.93387121527729500D-04 -2.76682841195865600D-04  9.18552586178163400D-03 -2.83475579730417400D-04 -6.10358277742204300D-04
31  8  1.13603782554391700D-02 -3.48061129576660400D-04  5.10911291019929200D-03 -4.24547637404922100D-02 -2.18174033002484200D-04
31  9  1.83931816907269300D-06  2.16334714833417400D-04 -8.35135158080537500D-04  1.58408054082939800D-02  2.85624346875711800D-02
31 10  2.21606893283928900D-04  4.97903763810069100D-04  1.92229352295873400D-04 -1.08140100390520800D-03 -1.05906836852262400D-03
31 11 -1.82129077633532200D-01  1.71227345313713900D-03 -1.84500411901453000D-03 -1.86093003973708500D-01  3.98349429981524700D-04
31 12 -4.20852582207545400D-06 -3.94140904159453500D-04 -4.68468177197705000D-05 -7.66801357380292100D-03 -2.93796959099133100D-03
31 13  3.60696756107836000D-04  4.35952217683121400D-04  2.19823540468688100D-04  5.84115353733284900D-04 -1.17217511948088300D-03
31 14  1.10138812728881800D-01  1.25086769765789900D-03  4.35659080536971800D-03  9.28785670935225700D-02  2.47507081197920000D-05
31 15 -8.59508313530723200D-05  6.12001232332803200D-05 -6.69987800361949800D-04 -7.89457938127822000D-03  2.13791520539067400D-02
31 16 -3.13069317988508600D-04 -6.70934312710667900D-04  4.04446847891574900D-03  1.79766830072927500D-04 -1.35242880913503600D-03
31 17  1.82171662057836300D-01  6.03417609778723500D-03  4.29063881316749400D-03  2.31830551196766800D-01 -1.95598236177953900D-04
31 18 -5.55327645357828600D-04  7.50925881535785600D-04  5.82708164398540900D-04 -1.53487416143737600D-02 -3.74513701659981700D-02
31 19 -6.38714903212038400D-05 -3.69419591718297400D-04 -7.28384988498025100D-04 -1.83845540612176200D-03  3.99489052661593200D-04
31 20  1.67840094884611100D-03  4.56789826175053500D-01 -1.92899082480450100D-03  2.89824675774938800D-04  1.06898205880408200D-01
31 21  2.12760693359278000D-03  9.60398652545708600D-04 -6.32126120225415500D-02  1.38444997297517100D-04 -2.08768522004626800D-04
31 22  7.03235247071124600D-05 -6.17069234760747100D-05  4.74393189406682100D-04  5.16880186208103700D-03 -4.41695158117769100D-04
31 23 -9.93087769088411100D-04  1.43478292720617500D-03 -2.29589354768214500D-04  7.87761117179330600D-04  2.34669708909441400D-02
31 24  1.14852364039301100D-05 -2.68972748391901600D-04 -2.23293750245745000D-03 -6.14211958539279500D-03 -5.01415996391808800D-04
31 25 -1.82887545383708300D-04 -2.14400899974909500D-01  2.79592317171239200D-03  2.01714046743006100D-04 -1.26320442968566500D-01
31 26  4.26174522685420400D-03 -1.53163296109493000D-03  3.81314106256566300D-03 -6.29910725578940300D-05  1.07152326025598500D-04
31 27 -4.41612534677012800D-05 -1.25576839739542500D-04 -4.54179016503704400D-03 -3.31681092721674500D-03 -2.02991189775326900D-03
31 28  1.62584971967827000D-03  4.04062178074998900D-04  1.21370287932646000D-03  3.07001486790800300D-03 -1.23031340963968200D-03
31 29  4.10215396575529600D-04 -3.45975141006669300D-03 -2.18830649864906300D-04 -2.15029957943376000D-04  9.93303315939600500D-04
31 30 -6.11898050563350900D-04 -1.89171992895609600D-04  4.12437693603321100D-04  3.15653126178386300D-05 -6.83100440820488300D-03
31 31  1.33317098187612700D-03  3.26026329216279800D-03  1.42043487680238500D-04 -5.40879533487389000D-05  2.58821845675576800D-03
31 32 -7.38418497542584400D-04  5.90620693576640400D-03 -3.39682238540186100D-04 -2.30053025681625300D-04  2.80228944123051200D-03
32  1  3.09018552321657900D-02  4.17519913474976700D-02 -1.05001736354070300D+00 -3.54827790297679000D-01  9.76490859853640400D-02
32  2 -1.83204450191174300D-02 -6.18659846892527300D-02 -2.59710783412032600D-03  2.46721582473357600D-01 -5.26862555207318300D-02
32  3 -5.12644383017728100D-02  1.03950693822504300D-01 -1.90869997760132800D-01 -3.03798090706534500D-02 -4.11645016658787700D-02
32  4  8.82736247992257000D-03  1.42500466367428800D-01  8.32543412676393600D-01 -2.09392155577909400D-01  1.45647053625548800D-01
32  5 -6.22560342010232800D-03 -3.86808582243548100D-01 -1.16916763782195700D-01 -2.73113531664107500D-01  3.08424538370402100D-02
32  6 -7.59639262795325900D-02  4.51214724424922600D-02 -3.31483919776170100D-02  1.77601111047767800D-03  1.46537798867633200D-02
32  7  8.72191474427946300D-03 -1.75698800044121400D-02 -1.36446065017831000D-01  7.18620972751635900D-02 -8.23982018897444500D-02
32  8 -6.98957741269601400D-02  7.78878807880695100D-02 -2.25382152737314700D-01  1.53515651088232300D-01 -5.78272557165670800D-02
32  9  7.57927994079888200D-02 -1.79655436914224600D-02  2.05007782350902300D-02  3.88943349801610700D-02  3.15524242671006400D-03
32 10  1.98268686143131400D-02  6.16034530180212000D-02  3.67095252666970400D-02  2.10002213232214200D-02  2.93844768018853100D-02
32 11 -6.06006853270580200D-02 -9.78100563666455400D-02 -1.85427825069588900D-01  3.47791576458857100D-02  1.33768756942939600D-02
32 12 -1.88585128481653300D-02  5.48163715387176100D-03 -1.56613752887440400D-02 -2.68936678844740700D-02  2.61612062807235900D-02
32 13 -2.24134554980038500D-02  3.22394525454144000D-03  2.80081608409466000D-01 -2.93111434925896800D-02  1.25205655677520200D-01
32 14 -7.54610766552285500D-03 -7.23573387522869800D-02  3.95191606486767300D-02  1.23571579949731900D-02  1.47901193298492400D-02
32 15 -3.88038917674895400D-02  2.40137724376403900D-02 -1.37734375333097200D-02  3.39161479620205900D-02  6.97825703028082800D-02
32 16  2.01633208375538200D-04 -1.14343699255143200D-01  1.98612186351650000D-02 -1.12043760193394500D-01 -5.58997091290812700D-02
32 17 -7.41487758607205100D-03  1.43227937208812100D-01  1.31400606899536000D-01 -1.16367304727617600D-01 -1.05055444152243100D-03
32 18  3.00889718058073500D-03 -1.95834273905850100D-03  3.32240688706612800D-02 -2.99857400707150300D-02 -3.61893108487259600D-02
32 19 -1.84040319471052600D-02 -4.08201290313963500D-02  2.09326618423928800D-01  9.91093545592269100D-02  7.10106247982487100D-01
32 20  1.57737707845913700D-02  1.24625067805654800D-02 -4.05473623130219300D-01 -1.29282943293189500D-01 -2.81521067691053700D-02
32 21 -4.05734397967697200D-01  1.70206792168995100D-03 -8.48088481496645100D-02 -1.24866371847415700D-02  1.99995774181127100D-02
32 22 -7.51294023337118900D-03  1.02127322751773900D-02  1.06529799117186300D-02 -9.31640595996881300D-03  3.47307632263633100D-03
32 23  4.17626678362144600D-02 -4.52357441588508300D-02  8.66835806142633600D-02 -4.28404783549630600D-02  2.32918783704833200D-02
32 24  1.79415228994737200D-03  1.13191138735917400D-02  3.85062712258829400D-02  2.11237862538775700D-01 -6.85638990010274500D-02
32 25  7.90196452924713800D-02 -4.43438358554101200D-02  8.76550497143165100D-02 -4.25834311847662100D-02  1.06991482042907500D-01
32 26 -8.04606930085732800D-02  1.11453100005315500D-01  6.16870709085942600D-02 -1.52642878245485400D-02 -8.92111573780156000D-03
32 27  2.41854035623499000D-02  7.85245955655514500D-03  4.97472867991237300D-03 -2.19344414909119600D-02  8.69194175273779600D-03
32 28 -6.01007770616270100D-02  5.14088353088892000D-02 -8.51846296855586100D-02 -7.23675504052223700D-02 -5.14816999723516600D-02
32 29  5.21571260229807800D-02 -1.54386681799108300D-01  9.18192391020587400D-03  3.83792899886158000D-03  2.73670879790602700D-02
32 30 -3.81306015861295800D-02 -1.96382767106553100D-01 -2.07405959338164500D-02  9.60755564073806900D-03  1.64550591025134400D-02
32 31 -1.02684866501241400D-01 -7.17936050278923100D-02 -1.04464495795946700D-02  6.02409011429933200D-02  2.02943703314225500D-04
32 32  7.86407094163344000D-03 -1.27523368113351600D-01 -3.48042663165937700D-02  6.43617582023166400D-02 -1.25013468925056800D-02
 $END   
--- OPTIMIZED MCSCF MO-S --- GENERATED AT  4:35:28 18-MAY-2026    
o_bq XMCQDPT2/ALDET-CASSCF(12,10) Andrew-style geometry                         
E(MCSCF)=     -379.2430087599,200 ITERS, E(NUC)=  333.9576952133
 $VEC   
 1  1  7.28592612471201200D-05  3.17788166704377100D-04 -2.61777743204374300D-03  4.91317243862558800D-04 -1.18159181777975200D-04
 1  2  6.54902849063579800D-06  1.72002066036100600D-03  3.25819654815645100D-03  4.49790023782354900D-06  2.76318715643208500D-04
 1  3 -3.58004185218521200D-04  8.16854695755095000D-05 -1.26282272477513200D-06 -2.68612718245929800D-07 -4.12774506739709100D-08
 1  4 -6.26119055450704600D-04 -9.66884910378447300D-04 -3.26315317182481500D-03 -5.65441692925395700D-04 -5.40663591349096800D-06
 1  5  4.99322839068362100D-06 -6.36480148563530600D-03 -4.50310198685429200D-03  1.58152676018651100D-06  2.95835307391623700D-04
 1  6 -2.50060642581301000D-04 -4.57746648104420900D-05  5.19950349236237300D-04 -2.20161100923043900D-08 -3.34422752815008900D-07
 1  7  1.83908691141196700D-04  3.86479544650702000D-04 -3.80372512737503200D-03  1.44483324629021400D-06  8.72563841097217800D-05
 1  8  4.51529627539152700D-06  2.50022831601745800D-03 -8.23203136124734700D-04  1.71944674586278300D-06 -2.44888547129269900D-04
 1  9  1.07081423099876700D-04  1.37807124029276300D-04  3.80061055481050200D-04 -1.58841557699889100D-07  3.02243510126336100D-07
 1 10  4.12326670720922400D-05  5.97778690735788600D-05  1.84614441878815100D-03  9.99833169064624900D-06  5.92863125921857000D-05
 1 11  3.94672486899956300D-06  4.59974910380062700D-04  3.89589213945406100D-04  2.21098262561580100D-06 -1.36701590785276300D-04
 1 12  1.17292300124696600D-04  1.94092906605590200D-05  1.45399863379879800D-05  2.14653910297484500D-07  4.30106020766872400D-07
 1 13  7.29955666427697200D-05  1.07776225778865600D-04 -5.83980569654322300D-04  6.43969953627841400D-05  6.25637793458174300D-05
 1 14  4.16982994014095700D-06 -4.70253908296752500D-04 -2.86894077976828100D-04  3.95035736651338700D-06 -4.96414193420718000D-05
 1 15  2.51452680503518600D-05  2.44961512917899000D-05 -7.55489183845143100D-05 -1.20853522257869200D-08  1.98288121903452400D-07
 1 16  1.82474176892777900D-05 -6.42745564043873400D-05  2.64218990466916400D-03 -1.00843954945705600D-04 -1.01105865375452900D-04
 1 17  5.15548340273089600D-06  8.30108858069922700D-04  1.86682077879843000D-04  1.75686950877224700D-06  7.19239669946110600D-05
 1 18 -9.86041912855820500D-05  2.66802242910435100D-05 -1.30835019451988400D-04  4.90856409149893200D-07 -1.77747179194130600D-07
 1 19  4.61179419853676800D-03  1.76428195851839400D-04 -8.18307462289441200D-04 -1.16264313224636000D-03  1.47135363821014700D-04
 1 20 -5.92766781333418000D-05  5.63234441622058800D-06 -6.42323391021376100D-06  2.97665594903297200D-05  3.35421937065059100D-06
 1 21 -2.08331991784452100D-04  3.10544547284215600D-04 -1.90551845192629900D-06 -6.21788013607827200D-06  1.51092468664789700D-05
 1 22 -8.89136673035823900D-06 -1.73848052744683500D-05  6.34557239806295600D-07 -5.52252440626066500D-07 -1.61420482937319000D-05
 1 23  1.23332275679805800D-04 -1.07190227386080800D-04  9.68135622758905500D-06  1.23288180599200400D-07  7.02713026029834500D-08
 1 24 -1.00175543919003300D+00 -2.74433104665029800D-03  9.71919539824897400D-03  2.98209388637188400D-03  1.60210550496009600D-03
 1 25  1.04103885921744200D-03  3.74841657509709500D-06 -3.15928436523071600D-03 -1.72692798926559900D-03  1.73299011836758700D-06
 1 26 -9.30578462441730200D-04 -3.45184492945113400D-04  2.58077439639380500D-07 -1.77512018704020900D-04  2.34224595615161400D-05
 1 27  1.54089559142462000D-04 -2.31892206702267100D-04 -8.64620984423531200D-08 -8.40301223074075400D-07  4.88729851940735200D-04
 1 28 -1.85663297935887900D-04 -3.03066554004843000D-04  6.52175460135490300D-04 -1.90519975827455500D-07 -2.38296622912092400D-07
 1 29  2.13009453019430400D-04 -8.96841115938357100D-04 -1.66441720389779700D-04  9.84198878930049000D-05  1.00913105225870600D-07
 1 30 -1.49331492392057600D-04 -2.22077738696213000D-05 -3.81601061847513200D-06 -5.76885103304009000D-05  3.75849117680596000D-07
 1 31 -5.16194483513695800D-05 -1.69058585441664100D-04  2.35953640073622800D-05  1.87914269187562100D-05  1.90480931961866900D-07
 1 32 -8.09483887040589000D-05  1.20973983260617500D-04 -5.34230457509275100D-05  2.41292813300001800D-05 -1.09228130964125200D-07
 2  1  1.15373895621556500D-03  8.94002267757518500D-04  3.08633892568572500D-03 -2.32494236274952200D-03  5.71825857624345200D-04
 2  2 -9.07487999186452400D-07  3.96152174384828200D-04  7.91948233617474800D-03 -2.31335449808277800D-06  4.75869830185905600D-04
 2  3 -5.26433663899756300D-04  5.05638337139017900D-05  8.87390030888459200D-05  6.80330795676676700D-07  1.74424163650796400D-06
 2  4 -3.34793438949403600D-04 -8.02122277251183100D-04  2.09627355975171700D-03  1.55763671544345500D-03 -1.22727994640301800D-03
 2  5 -9.82050630092852900D-06 -1.55690224714587700D-03 -3.31688567386486300D-03 -2.19350558069389500D-06  2.10524535307949400D-04
 2  6 -1.33409988933277000D-04 -7.71145463746964300D-05  4.34152666883592600D-04 -1.43936602817886600D-08  1.92691521016270900D-06
 2  7  3.22481921273947200D-04  2.79578340151590700D-04 -2.36979629500511800D-03 -1.77048644846969500D-04  4.39659249993293300D-04
 2  8 -2.98268764389204100D-05  6.65098928438247400D-05 -6.38694629896497900D-04 -2.30465344076681000D-05 -4.94384316276234400D-05
 2  9  8.11970010437934400D-05 -3.17585694161803800D-05  2.11993365783563300D-04  2.76325521381540000D-06  2.81078084529179300D-07
 2 10 -6.59562362030664100D-05  2.89416597828814900D-05  6.56910766076982800D-04  8.45253924203195400D-05 -4.40902004082812900D-05
 2 11 -4.18709981418125700D-05  4.79500839541819300D-05  5.61024585259173300D-04 -2.76131108705920000D-05 -5.18963733432877400D-05
 2 12  8.35337134972673200D-05 -3.16373401540678200D-05  2.58331626205451800D-05 -7.79837794805807000D-08 -2.97287706767734100D-06
 2 13 -1.21819632382627300D-04 -6.61720364392021000D-05 -1.96044528972324700D-03 -1.66244127381571300D-04 -3.51020106498094300D-04
 2 14 -3.45960149510815400D-05 -2.55084807734463100D-04 -7.40227717856718100D-04 -2.32452396615421400D-05 -2.42841042126968000D-05
 2 15  4.94802903098010700D-05 -2.51961860970658500D-05 -7.39882122000191400D-05 -2.04351972716293500D-06  7.14743430665620800D-07
 2 16 -3.28578291443771800D-04  6.03362052383727000D-05  4.40685543872343300D-03  9.14862888713615400D-04  6.19494333381594800D-04
 2 17 -1.55321256466034700D-05  2.54392528359172100D-03 -1.54976853400276900D-03 -6.69625649352795200D-06  2.86331617685823000D-04
 2 18 -1.27330332121022500D-04 -1.59001285564702700D-04 -2.65833731248790300D-04 -1.00858760629593600D-06  1.98690141853161100D-06
 2 19  1.00174790447280700D+00  2.76532004787713400D-03 -9.77676027864237200D-03 -3.03384466874086700D-03 -8.96137984395077000D-04
 2 20 -1.94463897225845500D-03  6.56698963547564600D-06 -5.87043925988598000D-04  3.57808012103134500D-03  4.55403480934065200D-06
 2 21 -1.38601274411418100D-04  9.87640163508952000D-04  3.74164868112015400D-06 -1.67250158384932900D-04  2.88888548906772600D-04
 2 22 -1.21638390521817200D-04  8.39141652503335400D-05  1.48246499977399000D-07  1.53462396303945900D-06  5.05955541977270700D-04
 2 23 -8.06651007240716700D-04  3.00695465263414900D-04  9.45169963049107000D-05  2.14431715227944000D-07 -1.20618514805102700D-06
 2 24  4.43501396599257600D-03  2.99554959094613400D-05  8.91064201210055000D-04  1.08843356902524200D-03  3.84389822902208600D-05
 2 25 -6.59788629171160200D-04  1.46997195191194600D-06 -2.91635648537470800D-05 -2.82979327821632800D-04  2.15569024045179100D-06
 2 26 -4.03268721346522900D-04  5.14379305976570800D-05  1.58792319903481500D-06 -4.25117138806848900D-05  4.18947482923123300D-05
 2 27  6.16965588373435700D-07  3.45944799920506500D-05  4.50593942455260200D-07  1.53533856199858700D-06 -1.36796064529592800D-04
 2 28  1.24518297144744200D-05  1.24344234815105300D-04 -7.07833889527458600D-05  3.05250583088406800D-07 -3.24372312295737100D-07
 2 29 -1.61951793929397200D-04 -2.37253033419066000D-04 -4.31273755085791400D-05  3.16059160730892700D-05 -9.38159363258584600D-07
 2 30  9.57127589330224600D-05  1.72518031762262700D-04  4.21443058423247000D-06 -2.16310440999978900D-05 -1.67089287907960100D-06
 2 31  4.42184220040843300D-04  1.81977343174060400D-04  5.83579330289763300D-05  3.96293455350993800D-05 -1.24028825227886200D-06
 2 32 -4.96531900046598600D-04  7.65853173679248300D-04 -1.54147185635185900D-04  1.16177236330736600D-04 -1.96764639002830400D-07
 3  1  4.50952892335791200D-01  2.80898487500747800D-03 -3.10163347531073600D-03  7.07303727846200700D-04  6.04568562963783300D-04
 3  2 -4.54355785680720400D-07  1.36776789817370500D-03  2.02925551173365900D-04 -1.83334305167344500D-06 -6.27216140422434400D-05
 3  3  1.10743231117831000D-04 -4.80216170757295600D-05  1.68344264664128800D-04  9.25698505489134100D-07 -2.08539792576863900D-06
 3  4  8.95905615511794800D-01  6.10356466993567400D-03 -4.68251027455712400D-03  9.38606678612759800D-04  1.23720306460559000D-03
 3  5  1.32107864397966900D-05  8.68295157905958100D-04  3.25648122880601500D-04  3.73346280956847600D-06  4.16178522357996700D-04
 3  6  2.26564635303386500D-04 -6.42743157661334300D-04  3.19899991636225800D-04  1.26896291166765900D-06  3.14347218563380200D-08
 3  7 -1.57914039026186300D-03 -2.33847119246871800D-04  9.03122877434392100D-05  5.67564918987000500D-05 -2.20760384929423100D-04
 3  8  1.31839925439985200D-05  3.16631245980056500D-04  2.29934599561506300D-04  1.53209073709996900D-05 -3.47950654143942700D-05
 3  9 -2.32605637128586700D-04  2.67400702543031500D-04  7.66070984782843300D-05 -2.51049355018517600D-06 -1.07528270261754200D-07
 3 10 -4.56886402030019200D-04 -2.04526083839996500D-04  9.91277177978619300D-04 -2.10283854219759700D-05 -4.39000583627691600D-05
 3 11  1.24450343443942700D-05  8.19113219131846100D-05  6.61571165328425100D-04  5.74466087623719300D-06 -6.11401742792522000D-06
 3 12  1.37303047516938400D-04 -1.31189030089142900D-04  4.09847067309347500D-05  1.64392815931300500D-06  5.66535890791737600D-07
 3 13  3.67904867704336300D-03 -6.54611934015299100D-05 -4.54962559731221700D-04 -1.52259994350179800D-08  6.41512363088916500D-05
 3 14  6.40987532309181400D-06 -2.88515443686993800D-04  7.75830517794949200D-05  5.55672864942396700D-06  2.78757288845267100D-05
 3 15  3.07750972676071900D-05 -5.86508261520427500D-05  2.11905518780150500D-05 -3.86382617925068500D-07 -4.36732892102178500D-07
 3 16  7.61062138707737700D-03 -3.00873162552505600D-04  1.45148448727714200D-03 -3.64929091632674700D-04 -2.12554062220845300D-04
 3 17 -4.43136035168403400D-07  7.09135435170663800D-04  1.97677423184023800D-04 -1.77633203808574200D-06 -4.57142910026554600D-05
 3 18  1.10123375445360800D-05  3.47019534582187600D-05 -8.70409961662119600D-05  1.90998178498223300D-06 -1.64312379687171600D-06
 3 19  3.12024264865411100D-05  3.81406998605796600D-04 -8.93142358207691500D-04  9.16306175866457300D-04  3.21167829178240200D-04
 3 20 -1.99054672356987300D-04 -8.97243906304026000D-06 -3.95496665656993900D-06  8.51521896892093700D-04 -6.91288891651049800D-06
 3 21  5.99248404604885600D-06 -7.18804179000762100D-04  7.95761938677784900D-07 -6.48204984822064300D-05  1.56466430381845000D-04
 3 22 -9.16459318995604000D-05 -3.23133693513614700D-05 -3.53237201925481200D-08 -1.63581029433421500D-07  2.49414348365674400D-04
 3 23 -5.52366393924779200D-04  3.02952045559249800D-04  2.97743163237420200D-05 -9.39436845680192500D-07  1.10674339408412100D-06
 3 24  2.16189978166027500D-04  9.48736349836021600D-04 -2.96456922447212700D-03  4.96800246146181300D-04 -3.68407982883726000D-04
 3 25  5.08618217856151000D-06  1.13125452934602200D-05  2.32408920358024400D-03  1.48954573206229200D-03  7.87344103372179700D-06
 3 26 -6.53936693059050400D-04 -4.46919485519819500D-04 -2.09245207691656600D-06  1.60127093459969500D-04 -2.59150254954894900D-05
 3 27 -1.34212067964471700D-04  1.46208533109961200D-04 -4.50957035221845400D-07 -1.01684378089156900D-06 -9.09933440979419500D-04
 3 28  3.37354151074805800D-05  8.76198025871910500D-04 -9.93175143583734700D-04 -6.18816803546744700D-07  2.56491053988709200D-07
 3 29  2.09759712063010500D-04 -1.35524292501217200D-04 -1.06562851322570400D-04  4.73866527995151400D-05  8.01917702476047900D-07
 3 30 -7.89111381810257600D-05  2.15477168092416900D-04  6.56551106437864300D-06 -5.97999856261320500D-05 -6.01596726150616800D-07
 3 31 -1.36963407762893000D-04 -5.20400713259941800D-05 -1.22244391755879300D-05 -5.49785110236019100D-06 -6.82667355635323000D-07
 3 32  1.26961427815434600D-04  8.40660084881227800D-05 -9.41063986104582600D-07 -1.97846468434852000D-05  1.19924410285617200D-07
 4  1 -7.88416286157806100D-01 -5.93898359107003300D-03  2.63320406435579900D-03 -1.11692247384942400D-02 -3.78503351123390900D-04
 4  2 -3.31134854809482800D-05  1.16881556396315300D-03  9.00354547522856900D-04 -2.36851393238491900D-05 -3.21265448601823700D-04
 4  3 -5.41130191288595900D-04  8.62395639890606200D-04  5.32845801774303300D-04  1.71479336835389200D-06  5.50993665300389300D-06
 4  4  3.99017234119311100D-01  2.49518056459997100D-04 -3.60082521704418700D-03  7.23701360954464400D-03 -5.00597064941527000D-03
 4  5 -6.33395383379994900D-05  2.78823182010859700D-03 -5.53350528758679100D-03 -9.33321796461376000D-06  6.04592737617140200D-04
 4  6 -1.28543681718404200D-04 -4.76049055898815100D-04  6.34373222416183500D-04  2.20356580411054200D-06  8.69043241522473600D-06
 4  7  4.57631940934758200D-01  3.76768919782438000D-03 -6.94078517976350100D-03 -9.94329937710414300D-04  2.41545031341489800D-03
 4  8 -1.41691822217900700D-04  8.27373712442091100D-04 -1.14153811235668000D-03 -1.05503756871631800D-04 -6.13321428448071100D-05
 4  9  6.70841729334891000D-05 -5.75203008864330000D-06  4.03252448720447300D-04  1.23037598701936000D-05  1.54885251846313800D-06
 4 10  1.12211867230975700D-02  5.50478566929890000D-04  3.54979110557269800D-03  3.63619941649014400D-04  5.15776063732405200D-05
 4 11 -1.83905651331312700D-04  3.21133946173395600D-04  1.90434435416814600D-03 -1.22118514350601000D-04 -5.58750079755106600D-05
 4 12  5.79049121121737000D-05 -2.02990413672731100D-06  1.27861184532956900D-04 -3.66862668039650900D-08 -1.10501105536689300D-05
 4 13 -1.04657588076618900D-01 -1.98089660248311700D-04 -2.16107185659926400D-03 -5.60630357802117000D-04 -1.42674023234650500D-03
 4 14 -1.54704315301043600D-04 -2.10866499055596500D-03 -1.36360035834806600D-03 -1.11474210554264300D-04  1.72332680790165300D-05
 4 15 -1.26624407727444900D-04  1.09391139648313000D-04  1.92532124022523500D-04 -1.13278735945774000D-05 -5.83687622986790000D-07
 4 16 -6.45529628030816800D-02  2.00587943122545500D-03  6.45358643364970400D-03  5.10390838675442600D-03  3.26274457213942800D-03
 4 17 -7.37074504803177300D-05  4.39401529326574100D-03  1.01088585684866500D-03 -2.84131614867889500D-05  3.89909773847413400D-04
 4 18  9.55690670550188400D-05 -4.85478840902441800D-04  5.21661604040411400D-04 -3.92531767047305500D-06  1.06691263657293200D-05
 4 19 -6.99042321623414100D-06 -7.34551518439078000D-04  2.27820925581923100D-03 -1.13062445458755500D-03 -4.15710785553608400D-03
 4 20 -1.14646710183393100D-04  1.12912938885759500D-05 -2.82716755305057200D-03 -2.61121775425119600D-03  1.12287010952999000D-05
 4 21  2.12837733290279800D-05  7.54467041642220900D-04  1.24163614658410400D-05  6.33753633278582300D-05 -1.77365707577917000D-04
 4 22  1.13990344250073100D-04  3.48262752565345000D-04  1.69999316582165000D-07  5.56757545774780000D-07 -3.91054883124083100D-04
 4 23  1.25835043173963700D-03 -8.67295548615696700D-04  4.92811875639044800D-04 -1.84151460878853400D-06 -2.05752042669828400D-06
 4 24  1.30486984691735600D-04  1.32588080317154600D-03 -2.37354792779750400D-04  7.11030537997505000D-04 -1.65275108275005400D-04
 4 25 -3.39799087528401000D-03 -1.18833472986837100D-05  8.82172567999621800D-04 -6.11222635084172600D-04 -8.22133519870854200D-06
 4 26 -7.83592973626233100D-04 -6.95538211003283800D-05 -4.58678413798828400D-07 -1.11639230483419600D-04  1.96348437902526200D-04
 4 27 -8.47092074191573800D-05  2.67216440068324500D-04  1.82851003932762800D-06  1.76812119840968000D-06 -6.29894745346066500D-04
 4 28  6.09967419712660100D-05  5.68898003374835800D-04 -5.15351181181668500D-04  4.92516812138327700D-06  2.91537612577646900D-06
 4 29 -1.45450319723845800D-03 -9.73582189612185700D-04  1.26443501744485100D-04 -2.77864661882900400D-05 -5.46443882235392700D-06
 4 30  4.89849835630054200D-04  6.37985459211878800D-04  5.05574557441500200D-05  1.48232827504536500D-05 -5.02123095276387600D-06
 4 31  1.49324325529089600D-03  2.50438757091409700D-04  1.66553891550949200D-04  8.66032518835962100D-05 -5.24715220792276200D-06
 4 32 -1.69384086720200600D-03 -4.13331453666928000D-04 -5.97650504225599800D-05  1.72051767680266100D-04 -2.21942718986317500D-06
 5  1  1.15235622175445400D-02  1.50211258677236200D-04  8.30724713369722000D-04  3.30462454885652600D-04  2.75711209430130900D-05
 5  2 -4.58901167496749700D-07  1.44219946752652600D-04 -5.97635210273954100D-05  3.98942049418096400D-07 -2.54362735684265000D-05
 5  3 -2.79804642614185200D-05  5.34167378297231500D-05 -8.21272816964776500D-05 -2.15971579100910200D-07  1.71983550988133000D-07
 5  4 -1.68461392535893600D-03  1.88358517934247300D-04 -1.37630883605281400D-03 -2.02144160952227600D-04  1.35742704028379600D-04
 5  5 -3.84202362804955000D-07  5.73558436347883000D-04  1.62918743136605900D-03 -2.56601884468231500D-06 -1.06158298637922200D-05
 5  6  4.10740432374526900D-05 -3.04582133736928100D-05  3.20679089710822300D-05 -4.27506435322055800D-07 -7.35192380397567600D-07
 5  7 -2.06150257212941700D-01 -1.02776090691802300D-03  3.52905655020692200D-03  1.01238211140231400D-05 -1.05910171354278000D-04
 5  8  3.83180918342866800D-06 -6.15371576578673500D-04  1.34644437757062000D-03  3.83573561246887300D-06 -1.59038601962469900D-04
 5  9 -1.80587158841855000D-05  1.77097317846699000D-04  2.08600928726879900D-05 -8.24356894933154800D-07  4.16179521620771300D-08
 5 10 -4.77266501372087300D-02  1.69169134241890200D-04 -3.14331236293242800D-03 -6.28353880140617600D-05  3.17617313288511400D-05
 5 11  6.78981813869978900D-06  9.76428252074656600D-04 -1.90184952833773600D-03  4.22475948664231100D-06  1.85326738644015300D-04
 5 12  1.60981287355194200D-04 -3.46308025999246800D-04 -6.88444431788591800D-05 -2.76768069217227800D-07  3.88326787460078300D-07
 5 13 -9.78916032005060900D-01 -4.29526370882816000D-03  1.02920212286282400D-02  7.74825643917617600D-05  4.59825489412263800D-05
 5 14  5.10469161598258100D-06  1.84060604881876300D-03  1.17376943696894900D-03  4.26130427320513500D-06 -3.71114303197618400D-04
 5 15 -2.06434529504348300D-04  5.77548832701926200D-04 -1.47426362669114100D-04  2.03199158901414500D-07  2.53879896476357800D-09
 5 16 -3.22803088931837100D-02  8.61804125611088000D-05 -2.79579183780158900D-03 -1.62160450231138900D-04 -1.72175555729168000D-04
 5 17  2.45571337596428500D-06 -6.32367011378320400D-04  1.67228984032204800D-03  6.91675056156645400D-07  8.33082927370856800D-05
 5 18  1.99838819778742600D-04 -2.83147112515788800D-04 -3.64982836317788200D-05  3.39396887889856500D-08 -6.31244621967620600D-07
 5 19  5.44852588747770500D-05  1.12176541802672200D-04 -3.30945000114451100D-04 -4.31129221282447500D-04  1.31331784672397500D-04
 5 20 -1.54287138224866000D-05 -2.31689524888642500D-06  7.80871878871817800D-05  3.00207740950771300D-04 -1.69754644561666700D-06
 5 21  6.35919568304765100D-05  2.61402496340157400D-04 -3.90163055518844400D-07  1.62122558423730900D-05  4.51375512500129300D-06
 5 22 -2.07260109673461800D-05 -1.63835461702215400D-05  7.99705215867001900D-08  1.04086115406867000D-07 -3.16286514712504700D-05
 5 23 -7.42644426963401000D-05  1.05893094167516600D-04 -2.92758695009209000D-05 -1.43779718695204100D-07  2.93553498340814200D-07
 5 24  4.92546068571655900D-05  6.39873680365067300D-05 -4.79057424919468800D-04 -6.09961194644834000D-04 -1.06024449974453300D-05
 5 25  1.16885970927377800D-04 -2.52601959005227400D-06  2.41584589426214000D-04 -1.00522199488872600D-05 -7.72195533001283800D-07
 5 26  2.63505990779220600D-04  1.32528229506574800D-04 -2.71298765718351000D-08  6.29393662130079500D-06 -8.49494676003831000D-06
 5 27  2.20101013873571200D-06 -2.41658178663525600D-05  1.05468718741841300D-07 -5.54033838138849500D-08 -5.90036187674896600D-05
 5 28  2.08271922803519300D-05  3.81764264871360000D-05  5.41660497052786100D-05 -4.43589870568588400D-07 -3.81105062167626500D-07
 5 29  1.80460471470726100D-04  1.14377421492882200D-04 -1.00732913504584000D-04  4.21663325556670100D-05  2.27663640465817200D-07
 5 30 -1.81248761370213000D-04 -6.28637448580737100D-04 -1.23181652613272600D-05 -1.12861478501148600D-04 -2.43791686863285700D-07
 5 31  4.39805224516803600D-04 -7.14423169427572400D-04  4.41716966463732900D-04  2.55974238139481700D-04  2.05878158948064700D-07
 5 32 -7.62981843760902500D-05 -2.92188995823202400D-04 -9.27682720911887600D-05  2.32681922068978400D-05  2.33990920919507100D-07
 6  1  1.95188964633972600D-01  1.69998970865451900D-03  2.14444637178868300D-03  9.02064962675162100D-03 -3.93698448283798600D-04
 6  2  4.17770850299537100D-05 -1.17108997469975300D-03 -3.26911249419033600D-03  2.13839086436536400D-05  8.94507776490385400D-05
 6  3 -1.02893250524928800D-04  1.34424728758093800D-05 -5.56157272419204300D-04 -1.48385569663848200D-06 -3.87902553980983600D-06
 6  4 -1.04083408552973500D-01  1.15087979113188000D-03  3.08181855085294700D-03 -5.62581384388186600D-03  4.38122746681719200D-03
 6  5  5.04471941156495600D-05 -2.38632954849128600D-03  4.17085627381635900D-04  1.33870519335765200D-05 -1.74743146056140900D-04
 6  6 -1.04921593784290800D-04  2.79664739840460300D-04 -6.00689641883322600D-04 -1.89218206303904900D-06 -5.93484765183866400D-06
 6  7  4.98799738127583900D-01  1.03395732870443800D-03 -4.86811006772127300D-03  8.32447458143931600D-04 -1.81955199894388600D-03
 6  8  1.08665595767833800D-04  8.50917929303677700D-04 -1.71158090258967200D-03  7.59875505918446900D-05  2.29520748908679700D-04
 6  9  3.79796859465290200D-05 -2.67500434855363400D-04 -3.84439572884397900D-04 -1.04493061214758200D-05 -3.58196645105858400D-07
 6 10  2.68415783767472000D-01  5.64815432862716200D-04 -3.28212889991059100D-03 -3.00397165724623400D-04 -4.45790258265041200D-05
 6 11  1.44011974491009800D-04  3.56030848387207100D-04 -5.78288252981646300D-04  9.47867096642783100D-05 -2.04057807242236900D-05
 6 12  7.11829809629310800D-05 -5.07772002387608200D-05 -2.09522347324507400D-04 -3.59955408459156000D-07  9.08355148809881700D-06
 6 13 -1.42122970659526800D-01 -1.08642344322562600D-03  5.28609711668857300D-03  4.30177359050137700D-04  1.13094465128386900D-03
 6 14  1.26898742063872800D-04  2.55347968068923900D-03  1.82771041940962500D-03  8.95115025858137600D-05 -1.62070486399801100D-04
 6 15 -2.19327627010660800D-04  3.81398113410701200D-04 -2.25827017095448500D-04  8.58176326479241000D-06  7.44673995569707700D-07
 6 16  7.83875982810391900D-01  1.96386531487709400D-03 -1.32464755599286500D-02 -3.99307233482777200D-03 -2.59870266672665700D-03
 6 17  7.13623943521958600D-05 -5.56009169258602300D-03 -1.09574273501244400D-04  3.53333518084084000D-05  1.32136497799258800D-04
 6 18  2.00114553732438900D-04 -3.32251051531803100D-04 -5.23150225637555600D-04  5.51521698239269100D-06 -8.64851867522452300D-06
 6 19 -2.21144617190400700D-04 -1.29596129889497000D-04  6.00922384424859800D-04  1.96018779919306500D-03  3.30588046381330400D-03
 6 20  3.05065582801744300D-04  1.07565039525809600D-05  2.55508189848316700D-03  1.99091277779435900D-04  1.34194947051640600D-06
 6 21 -7.02289905833428600D-05 -9.53292107124277000D-04 -7.99492406062404300D-06 -2.15042072924876300D-05  6.94512848517788500D-05
 6 22 -4.79470775593060400D-05 -2.43925040571923200D-04 -3.26461819553962000D-07 -1.71127751893251800D-06  1.35833235281216500D-04
 6 23 -2.32201490505159500D-04  9.63682552239248400D-05 -5.89036173345682700D-04  1.45442744783794800D-06  5.82910074117117000D-07
 6 24 -1.70552111074744600D-04 -1.03854867941079100D-03  5.40810971524060100D-04  1.04119612472699400D-03  1.06900767619219600D-04
 6 25  2.60922659213676200D-03  6.90335961195404600D-06 -8.79243791194538700D-04  1.11576780623220600D-03  8.83855735391625200D-07
 6 26 -1.75720655118418000D-04 -4.06076277048322900D-04 -8.44018507887622900D-07  9.67413144338540200D-05 -1.27773217737620100D-04
 6 27  3.10319033037864700D-05 -1.35889097766063400D-04 -1.51267278068888200D-06 -9.99621995287210900D-07  5.32990455626373000D-04
 6 28 -2.09922147191153400D-04 -3.23068308435226300D-04  3.10993570504893900D-05 -2.27690574434246500D-06 -2.42384449201579000D-07
 6 29  8.79592422279233100D-04  8.73675141089563000D-04  2.34214761689469100D-04 -1.20402488928605900D-04  4.55417955096109300D-06
 6 30 -4.54908751438546000D-04  1.43857581328853500D-04 -5.10128542682010000D-05 -1.29645977260101300D-04  4.59276394242682300D-06
 6 31 -9.64575083476589000D-04 -8.67166694854554600D-05  1.03849418813964900D-04  4.06144397267464500D-05  3.81559952985818500D-06
 6 32  8.84475356030189000D-04  5.04357881020901200D-04 -3.66542671549569200D-04  1.34282344938977500D-04  2.25580807344319600D-06
 7  1 -3.79839649565077400D-02 -4.04932375262456800D-04  5.24304904491515900D-04 -1.81466586862406200D-03  1.07007137250409300D-04
 7  2 -8.65299436702865300D-06  1.88737570611433700D-04  5.31026568230981600D-04 -6.18519097088971000D-06  3.04134730315429900D-05
 7  3  4.13577113834574500D-05 -7.17711844148974300D-05  1.15080931104349400D-04  4.39240054503874600D-07  1.03421824510138200D-06
 7  4  2.13943722004282900D-02 -2.53893076754137200D-04 -1.68582069141789400D-03  1.11100445875516100D-03 -9.06523879577315100D-04
 7  5 -8.48998571830055000D-06  4.76009083134628700D-04 -4.16853937646080500D-04 -8.50030365030764000D-07 -9.01056706495874000D-07
 7  6  1.26558298450695400D-04 -1.25657241744164900D-04  1.71145022566870000D-04  2.40904624739942200D-07  1.30674330470146600D-06
 7  7 -1.43127160910308500D-01 -6.98289732968843400D-04  4.15180671462096400D-03 -1.05548429955664900D-04  4.06932995883568000D-04
 7  8 -2.12014164901188500D-05 -2.02302793483107400D-03  1.21994103702499500D-05 -1.54763340960432400D-05 -2.96662496009705900D-04
 7  9 -1.30268936329136700D-04  4.26931432338838300D-04  3.18276047812506100D-05  2.66735241192581800D-06 -2.49811337860984400D-07
 7 10  9.64187858760355700D-01  4.50937617227129500D-03 -1.00675600643347900D-02  6.47888480982254100D-05  3.65949431026775700D-05
 7 11 -2.78081074471249700D-05 -1.06795775240281400D-04 -2.16993485805899200D-03 -1.96080554281748100D-05  1.69070890174285400D-04
 7 12  4.04052459084907600D-04 -5.73123349259175300D-04  4.07264332694808200D-05  5.30167177672905500D-07 -1.77219830845798600D-06
 7 13 -1.04058280755822700D-02 -2.73412984309964100D-04  2.05192569879088300D-03 -1.44366467951445100D-04 -1.90703746006013000D-04
 7 14 -2.62703470295617100D-05  1.39972444453955100D-03 -6.12646543933814000D-04 -1.83820735662945900D-05 -2.19712303605494500D-04
 7 15 -4.25201198095608400D-05  2.62232423415004000D-04  1.03639898030431900D-04 -1.47620854329559100D-06  3.94884483875676100D-07
 7 16 -2.28911978886119500D-01 -7.45797019207718100D-04  2.62580763951757000D-03  7.80796811985154800D-04  5.27823658787143300D-04
 7 17 -1.48382243222339500D-05  6.31398116453736200D-04 -1.57787011931456000D-04 -7.55573828752264700D-06 -2.86598913110809700D-05
 7 18  1.93815755942814700D-05  9.27831571681857200D-06  4.44992124143872000D-05 -9.86645297653826500D-07  1.70925381658883000D-06
 7 19  4.38125235019984600D-05  2.47846825618719000D-05 -1.90006873508915700D-04 -6.02070755634986000D-04 -6.63423734607400400D-04
 7 20 -6.01527556393858600D-05 -3.81086338686698100D-06 -4.91865537554132500D-04  3.76243513841572600D-05 -8.59486867832417700D-07
 7 21 -3.40044765710343300D-05  2.72905799326269500D-04  1.68224276693857200D-06 -2.05639951915965400D-06 -1.54436923311415800D-05
 7 22  1.75000918503212500D-05  4.73919591333015200D-05 -8.49149256205895100D-08  4.17053247570346100D-07  4.11471012367441300D-06
 7 23  2.09822082801410100D-05 -2.50969184038122600D-05  1.07025262808999500D-04 -7.40800782307603700D-07  2.34132371199890600D-08
 7 24 -1.50479039656884700D-05  1.20311608076838800D-04  2.19831656138569200D-04  4.09578053526145000D-04 -4.95459870808005000D-06
 7 25 -5.08303300287709600D-04  4.72674107882810100D-07 -1.43668684779837000D-05 -3.79514216081029900D-04  1.36574197440587000D-06
 7 26 -2.27435436078316100D-04 -6.59698061856800700D-05 -1.88141697575780000D-07 -2.41659271328485700D-05  1.38048426145647400D-05
 7 27  1.03610845183167900D-05  3.22127588487363600D-05  1.90599262150639700D-07  3.28890109722312400D-07 -1.09531592595638300D-04
 7 28  1.07292555557795200D-04  2.23903703784681500D-06  3.26816224688437800D-05  4.15266675464383600D-07 -8.99911258011205200D-07
 7 29  5.03203944333102300D-06  9.90478497781331000D-05 -1.61637205138192000D-04  1.16742006393026100D-04 -9.40948959367591900D-07
 7 30 -4.06604697642649200D-04  6.48786127511090400D-04  1.20758056693297900D-05 -5.05364597903948700D-04 -7.94377157342044700D-07
 7 31  3.61073436929227700D-04  4.22029366278109500D-04  8.74429942030922800D-05  7.47507744456369700D-05 -5.47243774000843300D-07
 7 32 -2.10752195120490200D-04 -2.03384560428794300D-04  9.06095974806060500D-05 -3.56465416669318700D-05 -6.07054439594050600D-07
 8  1  3.73807958378757600D-01  3.82379966302700600D-03 -1.16374070641809100D-03  1.82411100266516500D-02 -7.95882649731093900D-04
 8  2  5.39639055771418700D-05  5.86259634252820100D-03  3.73808271079355300D-03  2.54315096069063200D-05  5.00282917358060100D-04
 8  3  2.95496604463821400D-04 -7.95779521821680200D-04 -6.52113828206677000D-04 -1.46527620495508500D-06 -8.39740617110938800D-06
 8  4 -1.82164556997480500D-01  2.71640187590711900D-03  7.09606567522095100D-03 -1.13725317210098300D-02  8.95260785851989400D-03
 8  5  1.02978437227956200D-04 -6.31126391068922600D-03 -2.94794869881387300D-03  3.15007492852261500D-05 -4.46593515954415400D-04
 8  6 -1.99785054012587400D-04  6.46378569967098800D-04 -1.17384961202756600D-03 -3.68545913245554200D-06 -1.35721475265238400D-05
 8  7  6.94857307548064300D-01  1.11735321787939700D-03 -1.33962070499998000D-02  1.61888221954240900D-03 -3.77003120531563200D-03
 8  8  2.34541893035698300D-04  3.38725018029672100D-03 -4.40734487742720300D-03  1.66583647201613000D-04  4.19675904528357500D-04
 8  9  8.31545183965139000D-06 -4.27991356368104800D-04 -6.85992366201759700D-04 -2.07817802924819600D-05 -3.28742856261578200D-06
 8 10 -1.64576377986102500D-02 -1.39412775813703300D-03  2.33864274916954700D-03 -6.16032165649616500D-04 -5.19676968941556200D-05
 8 11  3.07009199852172600D-04  4.04229434019036900D-04  1.78127120916425900D-03  2.05056215735026300D-04 -9.14426548958752000D-05
 8 12 -2.15261142840828900D-04  3.06703797736553100D-04 -2.81010095296987100D-04 -2.42621544065756500D-07  1.74975612238506700D-05
 8 13 -1.21286628490086800D-01 -5.45783609506732100D-04 -9.33939513242416300D-04  9.32845805374658200D-04  2.35683499978145300D-03
 8 14  2.53620576636386600D-04  2.91744472041194800D-04  1.35361170732198800D-04  1.77341743123197400D-04 -3.35721347819617700D-05
 8 15  1.91176789071450900D-04 -1.57604654289462600D-04 -4.18996837300620400D-04  1.87161072380399700D-05 -1.11397138743467800D-07
 8 16 -5.76789058583184600D-01 -6.95782182884290500D-03  4.28443091009460100D-03 -8.53194391853161700D-03 -5.34474348374484700D-03
 8 17  1.29072590313771200D-04 -2.04771985467876400D-03 -1.91278995356064200D-03  5.95213789358969100D-05 -3.95822093044885300D-04
 8 18 -1.66636067094108200D-04  5.62458160138922300D-04 -8.01526664154533400D-04  6.93223074088550000D-06 -1.61499577250257400D-05
 8 19 -7.62076909860510100D-05  3.97650434652684100D-04 -2.87741023878319500D-03 -2.40118341481816400D-03  6.98725412657564600D-03
 8 20  6.56106892730156300D-04 -1.31865775460078600D-05  4.00527819399070200D-03  2.23973808094604800D-03 -1.88061741176890200D-05
 8 21 -6.51128407427491200D-04  8.87643428597699600D-04 -8.45620803602226200D-06 -7.06870897115474000D-06  1.28464481923420600D-05
 8 22 -5.77773922112961800D-06 -6.04425973586762500D-04 -5.46471526717801800D-09 -1.58200538447956600D-06  2.14412124115885600D-04
 8 23 -5.99925307304559900D-04  3.85513183188804500D-04 -6.64601291612072400D-04  1.84822345234564000D-06  1.99875664495830300D-06
 8 24 -2.77033919073176800D-04 -1.96762959553333900D-03  1.44111726679207700D-03  3.74777537640803000D-03  1.56085065193493000D-04
 8 25  5.33461637609387400D-03  1.94607496460566800D-05 -1.51646656524311800D-03  2.31182588203805800D-03  6.98563316342256500D-06
 8 26 -9.49184551120562500D-04 -4.66077025604305200D-04 -1.00904484350160100D-05  2.44699793265999200D-04 -2.63113283258448600D-04
 8 27  1.84134899924397000D-05 -3.02835955938441800D-04 -2.88500299301021800D-06 -2.34849303808609800D-06  7.83984885160218600D-04
 8 28 -4.29398047740451500D-04 -3.54586837419786100D-04  1.12063952726464700D-04 -4.08946926165142100D-06 -1.91662534200894500D-06
 8 29  1.95254751973420500D-03  1.09682889480646500D-03  3.16916552578773100D-04 -1.79181173961321900D-04  7.84207257870007800D-06
 8 30 -5.61433941064412700D-04  1.56961743096204100D-04 -7.14138901719389300D-05  6.60355392823598600D-06  8.73463676177973100D-06
 8 31 -2.49044512572328000D-03 -1.65028573637933300D-03 -1.00375090329545000D-04 -7.96808654565366600D-05  8.54032429470400500D-06
 8 32  2.79648945798650200D-03  1.33405585013551900D-03  1.44576491838745300D-04 -3.57072603732816800D-04  3.69112939237014700D-06
 9  1  9.57641144361123300D-03 -1.44072222953571500D-01 -3.37768615079926300D-02 -1.61982422325014000D-02 -7.77783328675611000D-02
 9  2  5.04912694185779700D-05 -5.50517371621384000D-03  1.45247296126771500D-03  7.63334933160572800D-05  2.34984854615686600D-03
 9  3 -1.41662800167094600D-02  1.18164314705525600D-02  1.69663767469417000D-03 -7.01080548380353800D-06 -1.17843864873622300D-05
 9  4  1.43569997693175800D-02 -1.88056729802004100D-01 -7.20277722716821900D-02 -1.06641370641196500D-01 -7.33106011459381300D-02
 9  5  1.41236720238937400D-04  2.98051674957194500D-02  1.62809129218860300D-02  3.94293535960572200D-05 -1.87383065388920200D-02
 9  6  2.17636504439879300D-03  1.65619414944933100D-02 -1.90688206658357000D-02  1.27931193638412400D-05 -9.65247457049410200D-06
 9  7  1.97641522299552800D-04 -4.16020863583333900D-02  9.44986845340262300D-03 -2.33363647192667100D-03 -3.07080862224680700D-02
 9  8  1.00521719447223700D-04 -2.32393312345659100D-02  5.24506607555513800D-04  1.05032702059516500D-04  5.83219142295900100D-03
 9  9 -6.62625174372149000D-03  7.94060320762534300D-04 -5.50860184370264900D-03 -1.35745176077818600D-05  1.26697005441268500D-05
 9 10 -3.23391392026271600D-04 -1.09713282198973100D-02 -2.09552355058052000D-02 -2.54340431910498600D-03 -6.26057648659288400D-03
 9 11  1.00280491481903300D-04 -5.16071078041958900D-03 -1.45352974444614300D-03  4.54655541901717500D-05  1.11209669619457400D-03
 9 12 -1.33030634675446000D-03  2.18209650559820500D-04 -1.52487879929406800D-03 -3.97559405657013000D-06  1.16053917553912600D-05
 9 13 -6.59408962346419100D-04 -1.01554271888011000D-02 -8.41164802240833800D-03 -4.01074967896167100D-03 -3.11930796512236800D-03
 9 14  1.26479110921139800D-04  4.94845330786896600D-03  2.15509422258393200D-04  8.07075636877068700D-05  4.88695130310890600D-04
 9 15 -7.30736436419306000D-04  2.42041306108576800D-04 -8.47235033241772800D-04  2.54614595283652200D-05  1.25007830600492800D-05
 9 16  4.00803393319492800D-04 -3.24015420468333300D-02 -1.32583515966154400D-02 -2.23106038032998900D-02 -1.37775752204331400D-02
 9 17  1.22004289448329300D-04  1.63138023600073300D-04 -1.25322343177297000D-02  1.71325495138150000D-05 -9.78807014152132300D-04
 9 18  4.35791162401624800D-04  5.43015851750520500D-04 -5.31641076344228700D-03  1.52268696180337900D-05 -7.75780436703858000D-06
 9 19  4.94918507042569400D-03 -2.17690418818349000D-01 -2.10250764799293600D-01 -1.78080389519462500D-05 -1.59457340983805800D-03
 9 20  7.80945471165910400D-02 -3.33315324573939500D-05 -2.38350849845044200D-04  2.62616230812016700D-02 -6.19340372163576500D-05
 9 21  6.18313631425340000D-04 -3.98056440831856800D-03 -5.48851192685278400D-05  4.79494202553872600D-03 -1.00771101643408500D-02
 9 22  5.28216813880212600D-03  3.21349471095656300D-04 -4.97097971516103500D-06 -3.38773687958738100D-06 -1.17545270257145500D-05
 9 23  8.38474505086227600D-04 -8.26719978060554400D-04  1.60882398617098400D-04 -1.87286884062073100D-05  2.19422221721208100D-05
 9 24  7.48785547994876500D-03 -3.31681497386721800D-01 -3.29599409359958100D-01 -8.82640180739863900D-03  1.00299015490668900D-01
 9 25  5.64966797633499700D-02  1.31603066471884600D-04  3.30737464423665700D-02  1.89190444222363800D-02  8.96329344063682000D-05
 9 26 -2.67023600424510400D-03 -1.58879132602899000D-03 -1.78230725696065600D-06 -9.61622175614361400D-03  1.78830438324336300D-03
 9 27  7.82791737290029100D-03 -1.08992517492530000D-02 -1.64846354536684300D-05 -1.10732654475840600D-06  1.98660255940186800D-03
 9 28  4.63748980082213700D-05 -2.03297745741011200D-03  1.94316381777267300D-03  1.52868835976419000D-06 -1.50676956755872800D-05
 9 29 -9.27825857615754600D-03  9.04307965387721700D-03  2.68663278172544700D-03 -2.26166403824459000D-03 -6.30358601794780300D-06
 9 30 -1.35845625170851000D-04  1.27224642209080200D-03 -2.94188616740714700D-04  2.40303182165701500D-04  6.02459418087159800D-08
 9 31 -1.27452859716485000D-03  1.93835165457372700D-03 -9.91281659083062200D-06 -2.28015002696977200D-04  8.08843099934669000D-06
 9 32 -5.52454273645723700D-03  4.98170188772031500D-03 -2.00752853271100000D-03  3.79604979264877900D-04  1.77998034434955000D-06
10  1  1.46735476570466500D-02 -1.59800602793661500D-01 -1.22882585465636200D-01  2.28288397776552300D-02 -1.49609335848692600D-01
10  2 -4.01147282514245300D-04  6.08697144795000700D-03  7.97198761933927700D-02 -2.08847513452367600D-04  2.27847881575957200D-02
10  3 -3.81157500696824600D-02  1.53309619120868100D-02 -2.69674820646466500D-03 -2.39525561213554100D-06 -2.03609302178761000D-05
10  4 -1.01668870015284100D-02  9.27959680020597300D-02  9.83510998263690300D-02  1.10863150455995500D-01  3.10317054496770200D-02
10  5 -1.27058310621210100D-04 -6.09888755498512800D-02 -4.44870948139794400D-02 -6.44280083699680900D-05  1.51192057614149100D-02
10  6 -5.38626770702632600D-03 -9.73293805438857500D-03  2.72976755624242700D-02  6.69657522333180600D-06 -3.22041236748811300D-05
10  7 -3.63332581841808200D-05  2.26326545446337900D-02 -4.83415663914506000D-02  6.91816944753679500D-03  1.64639977530607800D-02
10  8  8.15195586622621000D-05  2.73295190633103600D-02 -1.08126060313006900D-02  1.39518964386866800D-04 -4.17175358622029200D-03
10  9  4.92568690502201400D-03 -7.53933318801719500D-04  8.07694944573719400D-03 -9.61548829458564300D-06  9.85692484124530600D-07
10 10 -8.43472605306931900D-04 -8.16395946933703500D-04  2.51928131643611700D-02  2.29332959297598300D-03  8.03306596538027100D-06
10 11  1.42395172643426900D-04  7.28250412192376300D-03  1.21527343023676200D-02  1.15234749047712300D-04 -2.58200249477335800D-03
10 12  2.55895496973652700D-03  2.30475250368217900D-05  1.17577383187966500D-03 -7.62389573893255100D-06 -2.62534506863794600D-06
10 13  7.93585486943397700D-04 -4.47722337863339800D-03 -3.09603064732202800D-02 -8.13692270028501600D-04 -4.08113421992337200D-03
10 14  4.82543480380155200D-05 -5.89531909746829700D-03 -1.33046060613401300D-02 -1.23754837696248900D-05 -2.15654683994678200D-04
10 15  6.39729916740354900D-05  1.51681692320679400D-04 -3.62410796950965300D-03  7.06492733750885800D-06 -1.88396618604769700D-07
10 16  4.29816655551705000D-04 -3.80571499089699800D-02  4.59704765700483800D-02 -2.05447396951630000D-02 -1.97626772419329500D-02
10 17 -1.73718040819356300D-04  2.46261829824112900D-02 -2.34430281249607100D-02 -5.81952826864669500D-05  3.07578368411017000D-03
10 18 -4.28292214841847700D-03  1.20713846430836600D-03 -1.12345473650723400D-02 -1.29047247745531300D-05 -9.78271328366717600D-06
10 19  9.35503168553670000D-03 -3.42578399360691100D-01 -3.55412965629300400D-01 -2.25888394699048100D-02  5.93852668246532200D-03
10 20  1.10229000984849600D-01 -4.42325126347820300D-04  3.79099848547617200D-03  3.41913342024804400D-02 -2.85171551856964700D-04
10 21 -9.86938203722423200D-04  1.62996769905400400D-04  2.20204179525084700D-06  7.10103917985378700D-03 -1.44541993978895200D-02
10 22  7.35316021803572900D-03 -4.91748142688880200D-04 -5.41001414593394800D-06  2.94313270151125800D-05 -2.26909034970233900D-03
10 23  6.17890142791395400D-03 -3.90981107821163100D-03 -8.43690000067004900D-04 -1.17409412646485500D-05  3.99712179845602500D-05
10 24 -6.44901882470477900D-03  2.42479712816190200D-01  2.57128237113425800D-01  2.10362334666825300D-02 -6.24836439743535300D-02
10 25 -4.09132997880015800D-02 -6.78086240983662600D-05 -1.83527098742548600D-02 -1.33669010986968900D-02 -9.37052721537362800D-06
10 26 -2.36311021520983200D-03  3.10468550294955700D-04 -7.66667766233793100D-05  5.79588468041960100D-03 -7.40906740195991400D-04
10 27 -5.05497794022350400D-03  7.66957978410780900D-03 -9.98150903848913900D-07  9.77815351256673700D-06 -4.11810594951461500D-03
10 28  9.10778453931600300D-04  3.20732749558301800D-03 -3.24539936157445700D-03  5.42413869828010800D-06 -4.16723002273237000D-06
10 29  9.51643935176286900D-03 -8.22457947651176300D-03 -3.17263491205313500D-03  1.81223614685273100D-03  9.41511537013798400D-06
10 30 -1.00476572385039500D-03  2.56637609477142900D-03  1.30039670705992600D-04 -9.56542856954604800D-04  3.72707326621790100D-06
10 31  4.90307078969788200D-04 -2.02964070909164300D-03  8.68270297333575800D-04  2.78812785724163600D-04  1.24954448507118600D-06
10 32 -1.26057039955350100D-02  1.05035825260193700D-02 -4.16419969324156600D-03  2.11804317758171400D-03 -1.97147915507665500D-05
11  1 -5.27030273173559200D-03  1.06871066267992400D-01  8.05189356697402800D-02  1.95961731626034900D-02 -1.14167609381723100D-01
11  2 -5.10868696520645000D-05  9.33486279833241200D-04 -4.61243095463948300D-03  9.41338817878144900D-05  9.28585540280581600D-03
11  3 -3.57361200420002400D-03 -5.71224339860579500D-03  2.32158000003220300D-05 -1.06149489968875300D-05 -2.71025323368007200D-05
11  4 -6.22076139079757000D-03  1.19730617944213400D-01  8.78028528155081800D-02 -1.06764666016020100D-01 -5.57902912099262300D-02
11  5  1.47198467117649100D-05 -2.70911315025295300D-03 -3.37977085330475700D-04 -9.49981270824944000D-05 -1.81801866579154200D-03
11  6  7.59646667045863000D-03 -5.77844800466713200D-03 -7.42673730737927400D-03 -4.62705524383268200D-06 -3.33102093449826700D-05
11  7 -1.25728775349652700D-02  1.79888190166050300D-01  1.13252310908024800D-01 -6.79848514321587400D-02  1.24577982480993100D-02
11  8  2.89144994599843400D-04 -2.98672773690547100D-02  1.47607671857046200D-03  2.58954043726151400D-04  5.51454063567970300D-03
11  9  4.08463688965200700D-03 -9.59917752533172100D-03  3.17989897348764000D-03 -1.50627543246715300D-05  1.55479788660706300D-05
11 10 -1.44807439604622000D-02  2.05702904472836700D-01  1.04050443256832300D-01 -4.22704853103396000D-03  7.12085035765220600D-02
11 11  4.00116683536842900D-04 -4.79512313549565000D-03  1.56370326798817900D-02  2.70938026214226900D-04  1.12051812484959800D-02
11 12 -6.80400204462675800D-04 -1.05247810440333900D-02 -1.19302244225608700D-03 -2.16932493444207500D-05  1.85093003551308700D-05
11 13 -1.34275877619037200D-02  2.07681165412145200D-01  1.09011352242641300D-01  6.47211736519001800D-02  3.23004293774849400D-02
11 14  3.30349181962436800D-04  1.89618691976016900D-02  4.41654045735754500D-03  2.84139092075319400D-04  3.57317664379414100D-03
11 15  7.18768070134256900D-03 -1.07608573451367200D-02 -7.13781304091686100D-03  3.44438216743920800D-05 -8.62758650202195900D-06
11 16 -1.19058517428403500D-02  1.62467187351545500D-01  9.65364985126398500D-02  3.54020374987330200D-02 -6.15280810870922600D-02
11 17  8.38264811099362700D-05  9.06061652743356800D-03 -2.71537325519910600D-02 -6.30731628783867600D-05  1.03080232517847200D-03
11 18  7.68823389433779800D-03 -8.71903621951630000D-03 -1.29906502627422300D-04 -3.71198532225406200D-06 -2.96046684463303800D-05
11 19  1.49577372078436500D-03 -8.31838707664497900D-02 -1.01914609163840200D-01 -1.49247934537052900D-02  1.17675718231955400D-02
11 20 -4.58030069204115500D-04 -9.77668772722764800D-05  6.81403776192550600D-03  5.37626163940459900D-04 -1.07469182566735200D-04
11 21  1.56485381943482500D-04  6.98667856199564800D-03 -6.98683796059660200D-05  6.31358698687439400D-04 -1.30710647923645300D-03
11 22  6.75747780548976300D-04 -8.39798798576796700D-04 -9.25107721442899500D-07  9.15543293967102200D-07 -1.85864167117441800D-03
11 23  1.97992558511126000D-03 -1.21283913936832900D-04 -1.91581395296007500D-04 -7.90242778144344400D-06  3.67708784888200800D-05
11 24  1.28130184217518100D-03 -8.77900734199044000D-02 -1.08960135991703900D-01 -1.65415400183237000D-02 -4.10967430606206400D-03
11 25  2.12738065134023500D-03 -8.10605777855692500D-05 -1.33887647664965300D-03  1.35607775865956200D-03 -3.19982107090949300D-05
11 26  6.99596798344662200D-03  3.67226230341840100D-03 -7.04383062127361600D-06 -4.58847450431938400D-04 -1.49423758611723200D-04
11 27  6.08271209043636700D-04 -1.01315130394005400D-03  2.00955284609587400D-06 -2.44837027837087400D-07  1.01202312685323400D-03
11 28 -5.49799811053736900D-04 -4.62223315799520200D-04  2.59038479104120200D-03  2.17593934102037900D-06  4.64802866098599400D-06
11 29  5.01273777305973100D-02  1.00951130070911500D-02 -7.08546059283227900D-03  3.79651484141882100D-03  1.54664154199131300D-05
11 30  5.69016459998146800D-02  1.99348568763704700D-03 -1.69313491779248100D-04  9.98471379947475800D-03  1.50675950244163800D-05
11 31  5.56969454941614000D-02  1.19742075492416400D-03  8.70430580514034400D-03  4.83652793331766300D-03  2.15594676736547600D-05
11 32  4.43039785300930200D-02  8.84574510266295500D-03  5.87272891411551800D-03 -4.10609161839703000D-03  9.61552819160453200D-06
12  1 -5.24980548280479600D-03  9.84747910211126300D-02  5.01182520430855200D-02 -6.34118558150138000D-02 -7.65451814284795100D-02
12  2  1.98605547523882600D-04  2.98965252318536100D-03  8.53239163507001800D-03  1.77259338363314000D-04  1.30003407858023400D-02
12  3 -8.78917523413409000D-03 -4.21116555166824500D-03  1.48063904164564600D-02 -2.74915914165821200D-06 -6.94608924829299100D-06
12  4  3.92779400489146700D-03 -6.48793012403333400D-02 -2.20491456348267200D-02 -2.26725195674386200D-02  1.33007186032303700D-01
12  5  1.79632575676889500D-04 -2.23537170096529200D-02 -1.17777906603006300D-03 -1.00984021021921700D-05  1.60943410975699300D-02
12  6 -1.91869629104615100D-02  3.09262181289167200D-03 -5.56703937140826500D-04 -1.45814765078283900D-05 -2.90087608366736700D-06
12  7  1.81812888190322500D-02 -2.54845508341934000D-01 -2.08182555064592200D-01  3.24471066954297200D-02 -6.31495681780113500D-03
12  8  1.47868017554685400D-04  3.83983535315467300D-02 -2.63356463502811000D-02  1.17786163229432400D-04 -3.01428893795371700D-03
12  9 -7.12186764314196500D-03  1.01361565810956700D-02 -7.25692141950259600D-03 -6.34450455995257300D-06  5.87078250055847700D-06
12 10  9.24875071069025000D-03 -1.34136250612210700D-01 -6.09224334510735700D-02 -1.07271837385417600D-01 -1.38064918411683300D-02
12 11  1.80991956206068600D-04 -3.65270491113546400D-02 -2.22754268150748600D-04  1.01701266987698500D-04 -7.65335936973420500D-03
12 12  2.63853482908963300D-03  5.01482454064457800D-03 -1.72959805369287500D-02 -1.49609681003994100D-05  6.79463388461354400D-06
12 13 -8.35647918899704000D-03  1.38760431527727300D-01  6.28897582806847200D-02 -3.99642805943832500D-02  1.04883049138383700D-01
12 14  2.76029431148815200D-04 -1.71959620750143300D-02  3.37279545493904100D-02  1.58273803593091300D-04 -1.28323285047784900D-02
12 15  1.83240862743326100D-02 -5.49175776955417700D-03  3.07573839133550900D-03  1.80556010619798600D-05  2.56381888110665100D-05
12 16 -1.86122888506288700D-02  2.42073224767118000D-01  1.90912034726196900D-01  1.79316257368741800D-02 -3.82458037674531900D-02
12 17  3.03627402167895400D-04  3.44363231415956400D-02 -2.40112771358490200D-02  1.70748793970913000D-04  2.07254076009415800D-03
12 18  7.83548689205933500D-03 -9.90802765215353100D-03  4.39209183402804400D-03 -4.56550618149457200D-06 -1.88182605686597300D-05
12 19  5.40663881105881900D-04 -7.65599928889441900D-02 -9.70180249054378900D-02 -2.13148548950635200D-02 -7.46730216306103500D-03
12 20 -2.06792597885651800D-02  1.31390610576697100D-04 -6.67596269369997000D-03 -1.25695972183047100D-02  8.19446021483618400D-05
12 21 -2.41537966929439800D-03  6.97844189580919800D-03 -1.13552152584690700D-04 -1.40590642081435400D-04  2.91543558786765000D-04
12 22 -1.50952916705333000D-04  1.69243802217809800D-03 -5.79329096372305300D-07 -1.13361447548962100D-05 -1.80124196739010200D-03
12 23  3.80474147913804000D-03 -2.00349951174780300D-03  3.66101128913332700D-03 -1.38664383383935900D-05  6.12349073898654300D-06
12 24 -4.79095010744304800D-04  5.59465552239829400D-02  7.48459968203205700D-02  2.06779756414176100D-02  3.56228707233301700D-03
12 25  3.19543765217203700D-02  1.24820324435766900D-04  1.12793586581250100D-03  1.95635873010740400D-02  8.05991306516166700D-05
12 26 -6.00413450492147200D-03 -2.36239345113818900D-03  6.06957976849531100D-05  2.45888266267012700D-03 -2.60969382326924500D-03
12 27  1.50811160599162800D-04 -2.08866693554642600D-03 -5.89889095611336200D-06 -4.03579820343506700D-06  2.42877558386165700D-03
12 28 -4.29490933929145000D-03  1.86613375542979600D-03 -4.92839185497093200D-03 -3.16777306776072500D-05 -2.80085436022022500D-05
12 29 -1.08875125434462700D-01 -1.96010727547352200D-02  1.34210959624195500D-02 -7.78504250054664600D-03  1.05452630676304800D-05
12 30 -5.98872079483616600D-02 -5.09835652992781300D-03 -2.87324467331757800D-03 -9.02799184262459200D-03  4.29064066855068700D-06
12 31  5.79630323177037100D-02  3.43902493207061800D-03  6.39176514573791200D-03  6.96822516714409900D-03  7.01985155291006600D-06
12 32  1.03165824623886900D-01  2.04799577954498400D-02  1.23248479094899300D-02 -7.29422013025686300D-03  1.37839868248226800D-05
13  1  9.36468149602229600D-03 -1.77026447639575800D-01 -1.05080651576683800D-01  2.41619913387415100D-02  1.22220574038988200D-01
13  2  1.79847284395834100D-04  4.85257412638278500D-03  2.98541217132097300D-02  1.90414537206954700D-04 -1.36322430591820300D-02
13  3  6.43521902224168100D-03  7.19702403694027400D-03  6.74745373781180300D-03 -1.04306052969849600D-05 -3.20174763857098300D-05
13  4  9.59680061933410400D-03 -1.75229148331105800D-01 -1.06814633182087500D-01  8.98867251455816300D-02  7.19673737689445200D-02
13  5  3.10218698428775700D-04  2.14056843762746600D-02  1.69697727149869500D-02  9.31852056125622200D-05 -4.05204019892426600D-03
13  6 -3.14689430300171300D-03  7.19893450192604100D-03  1.23811660954875400D-02  3.20470417733507500D-07 -2.31724902281058400D-05
13  7  4.22853257174135100D-03 -7.80339941511619700D-02 -6.00659311959835000D-02 -4.41970121234697100D-02 -1.20450146539942800D-01
13  8  4.63072654352583700D-04 -1.07967965391656400D-03 -4.62967618361740700D-02  2.94770701478710000D-04  1.37731534880820500D-02
13  9 -1.66559202893043200D-02  2.88276680122229000D-03  9.47621374942042100D-03 -2.95231372305491800D-05  9.58872474670918700D-06
13 10 -1.42199356388739100D-02  1.95277828986902600D-01  1.34246719626560600D-01 -9.13328208158763900D-02  5.83977589278785000D-03
13 11  4.43070650936750100D-04 -2.74576150071756300D-02  1.84394850301623200D-02  3.21375381904135400D-04  1.03716680081334600D-02
13 12 -3.24731813067850100D-03 -7.12434987745497400D-03 -1.31333207457756600D-02 -1.06504765921636100D-06  4.28135468250750100D-05
13 13 -1.41374343095491300D-02  2.15541096990957500D-01  1.48922253548766300D-01  4.53574489312980500D-02 -6.46978613664807300D-02
13 14  4.43474558957113200D-04  2.96471976101125600D-02 -9.93032919055321400D-03  3.86841910395262200D-04  8.97749387471970400D-03
13 15 -1.12315966630645700D-03 -7.85433420841315800D-03 -1.35515128950949500D-02  1.43819642456841900D-05  3.22596381237586400D-06
13 16  3.65260794663918500D-03 -6.61691910397288800D-02 -5.63537482595803700D-02 -9.17845618013332400D-02 -1.13140562534648900D-01
13 17  3.00082665101080800D-04 -4.44560539628972200D-02 -2.87778312684293200D-02  1.00213820718820500D-04 -1.73898966374085100D-02
13 18  1.52158020746274400D-02  2.17409456278106300D-03 -1.05937895788544700D-02  3.61814385996412700D-05 -3.44222565834803000D-05
13 19  2.35011510548469100D-04  1.09457662318178900D-01  1.29654442321186000D-01  1.55352683300821900D-02  1.61684057898621500D-02
13 20  4.71490895800905600D-02 -1.01883594059747300D-04  8.41386768425274300D-03  2.82078906737237500D-02 -1.41836706783262600D-04
13 21 -2.05634135181364700D-03 -4.31343431314201100D-03 -8.66801789154821200D-05  8.71527446089712200D-04 -1.63684338413487800D-03
13 22  7.65315938045141200D-04 -7.40443884325695100D-04 -6.44832190362338000D-07 -1.39687289998284300D-06  3.66515674772676500D-03
13 23 -4.71718395252306200D-03  1.05202720479613200D-03 -8.86324549476085100D-04  1.92510388644805500D-06  2.64014750257652200D-05
13 24  4.30068754231394000D-04  1.09661006739835200D-01  1.32031608462070200D-01  1.68369288496151600D-02  4.12531752202904800D-02
13 25  3.91373612671240000D-02  2.06955381057477300D-04  2.45039171969410500D-02  2.12991969133256300D-02  1.14022796849067800D-04
13 26 -3.03292538604902200D-03 -3.72411511589414800D-03  8.39486148864879100D-05 -8.98443632029327300D-04 -7.12248064535809400D-05
13 27  9.69668438482879600D-04 -1.86852022677818700D-03 -1.11344144781557900D-05 -9.03450756284044300D-06 -2.05152616707817700D-03
13 28  1.13380452445052900D-03  9.17721642627653100D-04 -4.46826753034441000D-03 -2.56209838759486800D-05 -8.80911294786319300D-07
13 29 -2.49654259317495200D-02 -7.39751571282125200D-03  1.59647259875414800D-03 -5.07027706475579900D-03  2.77418011684432600D-05
13 30  9.68609486288310700D-02  1.34143768440036600D-02 -2.34741773428140400D-03  1.33911391167922700D-02  2.61861872567099000D-05
13 31  1.04321649349692500D-01  1.23633959516816900D-02  1.37088682782455900D-02  5.58759018581719700D-03  1.59141183219750900D-05
13 32 -1.83238958186753500D-02 -7.30335494659074700D-03 -4.63040230953894100D-03 -1.99467451072812000D-03 -1.12873513022338100D-06
14  1 -5.24580459891289600D-03  1.88462210925559300D-01  1.44802785447656200D-01 -4.17282347827592700D-02 -3.68196202248653000D-02
14  2  3.95671499154054400D-04  2.36572993718915200D-02 -2.55206768059390100D-02  2.50378200693092100D-04  1.10037114480351700D-02
14  3 -5.07873033940659700D-03 -5.92498110862859200D-03  1.69088981419345600D-03  7.41415210670989900D-06  4.74750180775591900D-05
14  4  2.24339659391760700D-03 -6.59333018375065800D-02 -4.66890912858014300D-02 -9.08538913017731700D-02  1.52734372711953600D-01
14  5 -1.69043345841623000D-04 -5.96622846279474500D-03 -8.38136970479354100D-03  1.47062705004966100D-05  1.25787713694112400D-02
14  6 -1.47016502345594300D-02  2.12287886514824000D-03  1.09601646365214600D-03 -2.98257899649535900D-05  3.72997294941397300D-05
14  7  6.97671334162317600D-03 -1.14804756965199500D-01 -1.58995647027597400D-01 -1.27744591189612100D-01 -1.19641487284037300D-01
14  8 -5.37898632314215800D-04 -1.25011865462149700D-02 -6.63141472457813200D-02 -3.23951653268618400D-04  7.51930212350691000D-03
14  9 -9.62124625385513300D-03  2.10194413034826300D-03  8.44335321811340600D-03  4.64108715402866300D-05  4.30608970726896700D-06
14 10 -1.03177001222848900D-02  1.84012076014865500D-01  1.85185479034444500D-01  4.63008177776709600D-04 -5.72856509462465100D-02
14 11 -7.38712051800007100D-04 -4.16620066411700500D-04  2.64186317730101200D-02 -5.89034366702139400D-04  6.45226688681186300D-04
14 12  2.72965679547690400D-03 -3.37488348415806300D-03  2.91696613589823100D-04 -5.67435507525312100D-06 -2.20280106329611200D-05
14 13  6.91038214291369200D-03 -1.20182312077263800D-01 -1.29767390562575100D-01  1.31422413832012600D-01 -1.24375483105732000D-01
14 14 -4.35775058240226300D-04  1.18718237820115600D-02 -5.22601869105666300D-02 -1.28373139673515700D-04  7.24059361904969800D-03
14 15 -9.44749022958480400D-03  2.20689661053511200D-03 -4.84237271945643300D-03 -3.24516036419158900D-05  1.48084626370799300D-05
14 16  3.26803314639531100D-03 -6.21936946700566400D-02 -1.31826664182434900D-02  1.56206410113231700D-01  1.55570368855664400D-01
14 17 -1.64759169196312900D-04  5.95106247720667500D-02  5.05943706681446600D-02 -1.62170879381013700D-04  1.48735882552373800D-02
14 18 -1.60760564876436500D-02  1.20246823240623200D-03  5.15259296463255300D-03  4.31768123019456600D-06  3.24379192010428300D-05
14 19 -1.30826853093653800D-03 -1.19556302719631200D-01 -1.64360076611496200D-01 -2.55178638293885000D-02 -1.44411431184435000D-02
14 20 -1.41080760151396200D-01  7.73536139024135600D-04 -1.14537770414027400D-02 -7.83703512007350300D-02  5.30086755747875100D-04
14 21  2.45516475422382600D-03  2.43928938180846800D-03  5.55750085555327700D-05 -3.62025819658571100D-03  7.03871773913058600D-03
14 22 -3.41845954254486100D-03  1.35024394364529500D-03 -1.66223619691213300D-06 -3.28263367453031800D-05 -3.61605344514504700D-03
14 23  6.54457912883192000D-03 -2.92852568368683800D-03  1.86931756736594500D-03  2.69438022939635600D-05 -4.36377138883105700D-05
14 24  3.23254127212406700D-04  5.56809455447749100D-02  8.53108860525198500D-02  1.60233103497082100D-02  3.60224486250206700D-02
14 25  6.71073023262111100D-02  9.08617806881808900D-05  1.84061415768147600D-02  3.78339377453142900D-02  8.13323017390070300D-05
14 26  1.05113773992986400D-04 -5.23807071129316400D-03 -1.62754291397724300D-04  1.60587306321816500D-03 -3.12631145007317800D-03
14 27  1.52043838685497700D-03 -4.85701311959472600D-03  7.24467681766893400D-07  6.38414145088206100D-07  2.54421165977165000D-03
14 28 -5.63933827562789500D-03  3.09512661585626200D-03 -5.42439143537963700D-03  3.69920382288708300D-05  3.37641332937630400D-05
14 29 -1.04007711455799300D-01 -3.35987508281647600D-02  7.68679683840450600D-03 -8.34960524649743300D-03 -1.75385222524647400D-05
14 30  1.48320674891317400D-01  3.77286254928355100D-02 -4.51494147518889100D-06  1.59036873916035300D-02 -3.73027483151706800D-05
14 31 -1.03975265748624700D-01 -2.38748171497446200D-02 -8.19801047270681300D-03 -8.19830934737197400D-03 -2.32310884205458900D-05
14 32 -7.71439439076012600D-02 -8.50006011362960900D-03 -5.00963770438849600D-03  8.30985734301798100D-03 -8.35616302986810600D-06
15  1 -4.95933055520884600D-04  3.00716975655488200D-02  1.44936081336345700D-02  5.41868684663816500D-02 -9.50043526889617400D-03
15  2 -3.28270466649031600D-04 -1.83626575003284700D-02 -1.65249010735089500D-02 -1.40586221515948800D-05 -3.65602901780492600D-03
15  3  4.08509964962655700D-03 -4.29070631821653900D-04 -1.03849438354846600D-02  9.67292727900371400D-06  8.86401696528961900D-05
15  4 -4.30871073295028500D-03  1.76064185483426600D-01  1.28578231524767800D-01  3.57602531750747400D-02 -2.90317449651702600D-02
15  5 -9.03881130663144600D-04 -1.62994156213200700D-02 -1.05064805565731700D-02 -3.48646462492115100D-04  6.44673775321886400D-03
15  6  2.75618554697512800D-04 -6.72235630791644200D-03  8.11775672376477700D-04  1.21101722058663200D-05  7.72440605705504800D-05
15  7  6.88882988918907500D-03 -1.24802456696854700D-01 -9.50518189042545600D-02  7.40847377605728400D-04  2.17773655718877700D-01
15  8 -1.46374615666317700D-03  6.91669275197245800D-03  6.73651097065537000D-02 -1.03992609658048800D-03 -1.19804451691239600D-02
15  9  9.70799164314642200D-03  2.27245352597736300D-03 -5.70408605203731800D-03  8.91463107475166400D-05 -2.64091825574006200D-05
15 10  2.60342679782379000D-03 -2.31776345037659200D-02 -3.42286012869770300D-02 -2.14069987054326900D-01  2.09139398332811400D-02
15 11 -1.87663852521534300D-03 -6.31612075657823500D-02 -3.99313764025386800D-03 -1.25976956604357600D-03 -1.04111641450722600D-03
15 12  6.70869736961213600D-04  3.70246677545966700D-04 -1.10135631565997600D-02  5.29262232897983200D-05 -1.15533898615810600D-04
15 13 -5.29563864876550300D-03  1.20911689825444100D-01  1.19463316028668700D-01  2.49486637987518900D-02 -1.63869803950351700D-01
15 14 -1.74907694947900200D-03  2.75711090791878300D-02 -3.91615687804770700D-02 -1.05769155769647600D-03  9.27478334563021000D-03
15 15 -7.32713592878262900D-03 -1.94764741684749600D-03  1.06184241622847300D-03 -1.36818734549205500D-04 -6.23334618274873000D-06
15 16  1.08590994688564000D-02 -1.66492075633218300D-01 -1.73645723329419200D-01  1.06289594446163200D-01 -2.50674649911650200D-02
15 17 -1.04882055698377000D-03  9.71899972636537500D-03  6.14278638693874000D-03 -6.78005570307194700D-04 -2.09275067733321900D-03
15 18 -7.28061500784978400D-04  2.82081217811823000D-03  3.45991693412700700D-03 -5.51690590478044900D-06  8.29493386961939200D-05
15 19 -4.58499322974738300D-04 -5.44583651476080200D-03 -1.08812609252926400D-03  1.34914513156404700D-03 -1.62274002112351400D-03
15 20 -1.92386775233980200D-02  3.04054596587725200D-04 -3.53235716502378800D-04 -1.13850579048068200D-02  2.14483260738146100D-04
15 21  1.50595571051219400D-05 -1.57120486617033300D-03  1.44780141003523300D-05 -5.46377467318410400D-04  1.13064930833805500D-03
15 22 -5.84271841019639800D-04 -8.44334083639520300D-04  2.35278993095500900D-07  9.03077482924738500D-08 -1.74277278987357000D-03
15 23  1.89289534252368000D-04  1.55348325562134200D-03 -2.31225672706184900D-03 -2.13841433288949800D-05  2.55628788384925600D-05
15 24 -1.67903483626639100D-03 -1.18650596968019100D-01 -1.71258262951563700D-01 -3.00497551922015800D-02 -1.61972968764626300D-01
15 25 -1.19719421146072400D-01 -2.88654241450948900D-04 -8.68572247401075800D-02 -6.58063347372659000D-02 -1.39493582336984800D-04
15 26 -2.28851085651333600D-03  2.73855997596870400D-03  6.99877912597982200D-06  4.92790729673093800D-03 -6.89829692462442600D-05
15 27 -4.85892432748465500D-03  8.57046748628112300D-03  2.72530515573456800D-05  1.84104933089836800D-05  1.91626038486478200D-03
15 28 -4.04101481250594800D-04 -1.51215890361421300D-03  5.27620652741528900D-03  1.72393459557086300D-05 -1.09857828589945800D-05
15 29 -1.57149524764310800D-01 -3.38849875493746300D-02  1.54262363948837800D-02 -4.32055865755337800D-03 -5.19912853686169000D-05
15 30 -2.74150302798455600D-02 -6.69526154852317400D-03 -3.26115138280259900D-03 -2.84728848316726000D-03 -7.40405149958723400D-05
15 31  1.20992776383618700D-01  3.52462152462589800D-02  1.12717060552028800D-02  3.54989768689547300D-03 -5.02532036278499100D-05
15 32 -1.80075760764116600D-01 -4.88879120872559800D-02 -1.50369422315113300D-02  9.98921311254612400D-03 -4.89599200931202900D-05
16  1  1.23405296871562400D-03  4.57868849347180300D-02  5.37328593667222800D-02  7.37446497719874900D-03  1.50011968930361500D-01
16  2  2.67281443855699400D-04 -1.58445308163482800D-02  3.41400270869757100D-02 -1.54876827415374000D-05  3.59462939898607100D-03
16  3 -4.01255014931105200D-04 -3.19337438405496900D-03  3.78401058854683700D-04  2.87924597523941200D-05  3.97415070656227400D-05
16  4  1.43238824781496900D-03  5.16533641326999800D-02  6.65352458655643800D-02  1.55729720398639200D-01  1.26518820001968500D-01
16  5  2.36208661980383200D-04  3.96528446913178100D-02  4.57386553579258200D-03  1.61494345310193000D-04  6.84712767623672300D-03
16  6 -1.89511168787534200D-03 -4.95201598836131600D-03  5.43772104738433600D-03  7.03783618111082200D-07  1.44914148534949000D-05
16  7 -2.68186339290727700D-04  5.77625859883974200D-03 -8.56864216440717500D-03  1.31736002877877300D-01 -9.36354251862110300D-02
16  8  1.98559251945737400D-04  3.93101809655954400D-02 -6.54899667393356000D-02  1.03755484197101900D-04 -3.45730403989002900D-03
16  9  2.94156865311055800D-04  3.16314717457898000D-03  5.60596944415005000D-03  8.66160787521284000D-06 -5.71036008991441100D-06
16 10 -2.65344739278109700D-03  2.38427331397824400D-02  2.37329801115489500D-02  1.25604512227213700D-02 -1.79658801673435500D-01
16 11  1.04236823427657700D-04 -6.46068488643772400D-03 -5.60516990459091500D-02  4.27740991172773800D-05  1.62454627249189000D-03
16 12 -3.35635995172847100D-03  1.73181367923671800D-03  6.50979340019748100D-04  9.41215101389677700D-06  2.90236883551533700D-06
16 13 -1.10732415393513500D-03 -5.34044248947637400D-03 -1.52428231580080800D-02 -1.40048374625588400D-01 -7.76038421491264100D-02
16 14  4.44716620969530600D-06 -4.74675868514027700D-02 -3.82453551120999800D-02  5.47140960011174200D-05 -3.46631233076598000D-03
16 15  1.70545354689038000D-03  1.76085878387576800D-03 -3.95241097626982800D-03  2.65709949503223800D-05  1.18831228415905700D-05
16 16 -1.68359554992749800D-03  2.74925964681407600D-02  2.86403893656319500D-02 -1.28513864081411500D-01  9.39034131574906000D-02
16 17  8.54062189630444200D-05 -6.04573640682713800D-02  6.98341490972154100D-03  6.51900267370938900D-05 -1.29476059049469200D-03
16 18 -1.53724782555429300D-03  2.83200841604895100D-03  3.56503320223235500D-03  5.61731524514852900D-06 -1.37335061006288600D-06
16 19  5.03238851277150800D-04 -9.10547082609580700D-02 -1.66732498252991200D-01 -2.76363282843231400D-02 -2.00385252841350900D-03
16 20 -2.13893884034087300D-01  5.61126005020823300D-04  1.03296277336586600D-03 -1.11126340969304400D-01  4.57427256500880700D-04
16 21 -4.13785123183401500D-04 -8.07663794755498500D-03  8.03832290067311900D-05 -5.45641401814665300D-03  1.06087866942809400D-02
16 22 -5.15237267613429300D-03 -1.94713954120609100D-04 -1.18833666878583600D-06 -2.75975023625229900D-05 -8.33076071947981800D-04
16 23  3.72430853997654600D-03 -2.89123246802849100D-03  6.45801421256465100D-04 -2.11156200143199100D-06 -4.13859939907778000D-05
16 24  4.36841577770482100D-05 -1.06427365659165400D-01 -1.98594237033236800D-01 -3.45836411234696600D-02 -2.51264359702930700D-01
16 25 -1.36477639057713800D-01  2.02838817831182800D-04 -1.31152072065882400D-01 -6.68114657608779900D-02  1.95883945998316700D-04
16 26 -7.83378419630656100D-03 -5.49282141789548100D-03 -9.22472005848199000D-05  9.54145647538815300D-03 -2.68585775838288800D-03
16 27 -6.85559871700536200D-03  1.03055621923449700D-02 -9.34382816369644600D-06 -5.66256239476016800D-06  2.58810839690947700D-03
16 28  8.65988393191000500D-05 -2.67470723622855600D-03  1.63848968507091800D-03  1.44598081592265900D-05 -3.54484560671122800D-06
16 29  1.22382315240868600D-01  2.11849226946562600D-02 -9.46734608838463100D-03  6.18110213138565200D-03  1.64971414360499000D-05
16 30  1.50598014490452900D-01  3.56524332705988000D-02  5.24461522881686200D-04  1.29312200102981700D-02 -6.23699488872856800D-06
16 31  1.16650527546010700D-01  2.40312979354190300D-02  8.45180910175365000D-03  5.34914834363066400D-03 -1.30788893456650800D-05
16 32  1.34459008643244800D-01  2.76166871706202600D-02  1.12052584215866600D-02 -4.94529559521106900D-03  1.22105178556087900D-05
17  1 -1.00827832186019200D-03  1.15388134392406100D-01  1.66198114788509600D-01  1.39807418828169500D-02  1.59031515554782700D-01
17  2 -9.14764896471882000D-05  1.74805425621137200D-02 -1.70535407042988900D-02 -1.58045874547230300D-04 -2.25437989125954100D-02
17  3  2.99114509272805500D-02 -7.36765201468499400D-03 -3.32761585893619600D-03  3.58563814818993400D-05  5.98664947325733800D-05
17  4  4.62485647981157700D-05 -8.58557655970245700D-02 -1.31398131837031200D-01 -1.24895122486811600D-01 -1.12265917168539400D-01
17  5 -2.14246127368980600D-04  2.68292805332346000D-02 -1.80925279123105400D-02 -1.17825285081246000D-04 -1.88376256981787200D-02
17  6  1.18384123996895700D-02  6.99921329848917100D-03 -2.94868799352338100D-02 -1.67132473518055800D-05  1.45829258480147600D-05
17  7 -5.36338407523263100D-03  7.80294008432835400D-02  1.22879468941021600D-01  1.15018986135939800D-01  1.29088380522735700D-02
17  8 -3.69148690780646300D-05  7.68237469826959100D-03  1.99621404059384800D-02  4.60056827568865100D-05  3.58941596683779600D-03
17  9 -3.19479557693535400D-03 -3.94620389902429900D-04 -1.76103548557158200D-02  1.48597752670512700D-05 -2.87580794910609900D-05
17 10  4.97385287753821200D-03 -9.13848107511205400D-02 -1.29693031725749000D-01 -3.77750961569249700D-02  4.53668714338136300D-02
17 11 -1.93674071120599100D-05 -1.21980774197555100D-02 -1.52936661569319000D-02 -1.12294177268202100D-04  1.33883085026722900D-02
17 12 -1.33233511358660900D-02 -6.49573668061691500D-05 -6.89494277527807900D-04  6.63521200931098500D-06 -1.44550875429940400D-05
17 13 -5.15811885875580000D-03  9.14875050926424500D-02  1.30344202080113700D-01 -1.10571259794019900D-01 -8.16482418056508800D-02
17 14 -1.22843498920128500D-04 -1.10475362420374800D-02 -1.61634397430355000D-02 -3.15724970202052700D-05  6.72566393919553400D-03
17 15 -7.45001217241254000D-03  7.24348233216825800D-04  1.33986954581850300D-02  1.75920972979666900D-05 -8.54982709062258100D-06
17 16  5.84451646852687200D-03 -9.03447575857538600D-02 -1.32532605301640900D-01  4.64564421003657400D-02 -2.75762591169016300D-02
17 17 -2.85472721924630100D-04 -1.89116220519854600D-02  4.53734225130026000D-03 -1.17200432214977500D-04 -7.66532438819854700D-03
17 18  6.75889559805321100D-03  9.06428790145331000D-04  1.58687674172304700D-02 -3.07418277577389600D-05 -5.34199442283229800D-07
17 19 -1.66267550504547300D-03 -1.08282071239937500D-01 -1.93117358482736600D-01 -4.10855474894729100D-02  1.88157574167818900D-03
17 20 -3.13154804875069000D-01  3.98271256737157700D-04  4.97262642694942100D-04 -1.60157204139739200D-01  4.22516466409285800D-04
17 21 -1.97952330446426900D-03 -8.36505500037875600D-03  4.41808634721007900D-05 -8.07480237702381900D-03  1.52462052214579400D-02
17 22 -7.17140284443412800D-03 -3.79717163872471500D-04 -4.28126893659791800D-06 -1.23650324793453200D-05  4.14857889451345200D-04
17 23 -3.45589134941945000D-04 -6.92687545093743600D-05 -8.38557514564024800D-04  8.85857870924912200D-06 -5.03886382353937100D-05
17 24  1.81927737521085300D-03  8.94161752150134400D-02  1.63111773584161200D-01  3.63527690931780800D-02  2.66915091205544000D-01
17 25  1.36879614054457200D-01 -2.15999140816936200D-04  1.35683725120591200D-01  7.08396007993860300D-02 -1.20624418276197100D-04
17 26  5.39205855919043400D-03  5.78458483551584600D-03 -1.26240421252354800D-04 -9.88784446721581400D-03  2.94487428309006500D-03
17 27  6.94297018412581600D-03 -1.06454822889589600D-02  9.97501097615244500D-06  4.78056870154196900D-06 -5.83804591761064300D-05
17 28  8.18638450768143200D-04 -7.60257991592045500D-04  1.58627457983743100D-03  1.66477598373324000D-05 -5.30735020966760300D-06
17 29  1.28014709474806700D-01  4.69983189639174400D-02 -6.84478651030034800D-03  6.11296124966075400D-03  1.11658642105726100D-05
17 30 -9.81123347436767700D-02 -3.80208700482566600D-02 -6.32057922527230200D-04 -7.33887073429828900D-03 -1.88148200762332900D-06
17 31  1.69716319645705100D-01  5.60312184775411600D-02  1.13744027001859800D-02  6.48502921999408900D-03 -1.60974289575380900D-05
17 32 -1.06329491621084200D-01 -4.23820442962662000D-02 -6.23924755561009900D-03  3.99148605878841900D-03 -5.39242092324363000D-06
18  1  4.78415720633823300D-03 -4.05592957211985300D-03 -3.98821849314686700D-02 -6.57916155214220900D-03  2.14711081159956300D-01
18  2  2.06079127126700500D-04  2.71104111745015800D-02  4.43997332077612800D-02  1.55516611642987200D-04 -1.67131878824022900D-02
18  3  2.13423442771058100D-02 -4.62915639470352700D-03  1.13220450603776400D-02  2.34740506576543700D-05  4.94480175059671900D-05
18  4  5.27617040387648500D-03 -3.74359112919965000D-02 -1.00454168608697900D-01  1.70633560494931700D-01  1.04607064423946800D-01
18  5 -3.72894288488407400D-05  4.50045314032674500D-02  3.84054454384441200D-02 -9.61886654247747700D-05  2.02248841781501300D-03
18  6  1.88390235780465200D-03 -3.90639077561965200D-03  1.87723828993376800D-02 -1.22035890860357900D-05  2.95486048483323600D-05
18  7  6.19766227443350800D-04  2.30749404094886900D-02  2.57607821656072500D-02 -1.02707248597597300D-01 -1.09075134427014700D-01
18  8 -1.52646940968250100D-04 -3.02092726306091600D-02 -1.67692106746184100D-02 -2.41411554864724400D-04  1.47590220372159100D-02
18  9 -1.54163205281885800D-02  6.57298490972634000D-04  8.83646624419293400D-03  2.34747796810541900D-05 -1.28282928851058800D-05
18 10  2.21570146605350900D-03  7.12507762314708300D-03  1.70057599929620500D-03  6.77783344486293800D-02  2.40750451342975800D-01
18 11 -1.80885069638212600D-04  3.35299009505747700D-02  8.46867033144094700D-02 -1.98900588856233100D-04  4.57345627405543600D-03
18 12 -3.08594271204059000D-03 -1.48751356201479600D-03 -3.49113349409896700D-03 -4.05052188378312700D-06  7.20538728621079300D-06
18 13  8.02614665692359200D-04  3.89843177466217700D-02  5.15375720747059000D-02  1.57624223106355000D-01  1.79132696836091800D-01
18 14 -1.43459296231488400D-04  6.03079642432738200D-02  7.88354683781712500D-02 -1.25326339799610400D-05  2.20521414649100000D-03
18 15 -8.68753930116551200D-04 -1.33646021637443000D-03  1.52046294454435600D-04  1.32359654366227800D-06  9.99888014811134100D-06
18 16  2.20050392681168900D-03 -5.92975417777400100D-04 -9.87135895988343900D-03  1.67417705032207300D-02 -1.71812481560392900D-01
18 17 -7.92644678525776900D-06  1.55618617275525100D-02 -3.25392140455332600D-02 -8.17707372049071000D-05 -1.69292709221614100D-02
18 18  1.67090082119633100D-02  2.20262710198023400D-04 -4.48987765462062000D-03  3.34228723975383300D-06  5.91579629843946100D-06
18 19 -6.57735473198786800D-04 -5.85749689567561900D-02 -1.18124494485245400D-01 -3.63473168254446900D-02  4.40476491185442500D-03
18 20 -2.59470354132665700D-01  3.72102607592015200D-04 -4.97889389794651200D-03 -1.38415735297300500D-01  3.59546561053389800D-04
18 21 -9.91591382866402600D-04 -6.90639467045060800D-03 -1.64352063792082400D-04 -6.42564421725133400D-03  1.27180227696879600D-02
18 22 -6.29237855243665500D-03  2.29760001907754100D-04 -3.35887705291676300D-06 -2.41251040892184500D-05 -1.43567727486747800D-03
18 23  2.51020515925950900D-05  1.41057522327483500D-03  2.29020345427516100D-03  5.80676137903169600D-06 -1.91650355251095100D-05
18 24 -2.64423595579671900D-04 -3.96278488194875500D-02 -8.55211178780245400D-02 -2.91764834094222800D-02 -1.89692341401959300D-01
18 25 -9.74861797774173900D-02  1.16297620746139600D-04 -1.00408496056161800D-01 -5.62206175716351800D-02  1.64497552356913600D-04
18 26 -4.31024407345536000D-03 -2.76107573148174400D-03 -1.46768604060912600D-04  6.70799407167881900D-03 -1.45562544398074300D-03
18 27 -5.25236862769806300D-03  7.74640044898334400D-03  3.30966586360156800D-06  4.73276401779147500D-07 -1.27644901987585300D-03
18 28  1.10114907033443800D-04  1.16633411284238500D-03  1.63230345027460300D-03 -1.20720603789000900D-05  2.68404638050220100D-06
18 29 -1.34738014334530700D-02 -3.23026285602912800D-03 -2.16554916572428600D-03 -5.01862174823797200D-03  1.65207123225981300D-05
18 30 -1.95534686660084700D-01 -6.15989442273291200D-02  2.51150902948711400D-04 -1.45357036000083700D-02 -1.98156620625827000D-05
18 31 -1.60243544121700700D-01 -4.54560604256066900D-02 -1.07381312866622200D-02 -5.45120526622682300D-03 -1.48330614411824100D-05
18 32 -8.56994455157369900D-02 -2.93042940791524900D-02 -7.53744357648534100D-03 -1.65023590427175900D-03  1.99349955142216000D-05
19  1 -3.37225361686300000D-03  4.89584526379400500D-02  1.18988959029206500D-01 -6.07909526930419500D-02 -1.76076773839597500D-01
19  2 -1.40114482405285200D-03  8.02627486044645300D-02 -6.86039495796204900D-02 -5.91347118625198400D-04  5.09736853191694300D-03
19  3 -9.19625057118210100D-03  4.09888203926509700D-03  1.56056285131607400D-02  9.93862141300629500D-05 -7.33932706183779600D-05
19  4  2.24700464647089800D-03 -4.62130958208203300D-02 -1.04494429788584600D-01  3.36515394286291700D-02  1.69059119100644200D-01
19  5  4.43727151788453800D-04  7.62467193677289600D-02 -3.19798155640210500D-02  4.46054083654168400D-04  1.78373761387077500D-02
19  6 -1.45374183807395300D-02 -3.29995775796810500D-03 -5.58016776426488500D-03  8.25416259772973900D-05 -7.49115960277351600D-05
19  7 -1.81240508301377500D-03  2.09161240095706300D-03 -3.00448225990339000D-02  2.28711036036678000D-01 -2.06061666620393200D-01
19  8  4.25091625524856400D-04  6.72155494425261800D-02 -1.09491688500709900D-01  5.13024480408174300D-04  8.38832419758231400D-03
19  9 -1.08883194330808300D-02  2.49999523549855400D-03 -1.05065197222934800D-02  5.06058590621881600D-05  6.51209804873105500D-05
19 10  2.06503421633602300D-03 -5.22723171778401600D-02 -7.72652549883994900D-02 -1.47981223795953700D-02 -7.42993506166665900D-02
19 11 -6.36118480483158800D-04 -3.00413220501508200D-03 -3.75676571848677200D-02 -4.77921381658245000D-04  7.72248080080544500D-03
19 12 -7.90858176897324200D-03  1.86100968167729300D-04 -1.17175694742291200D-02  9.51963886431691200D-05 -5.37233067994789200D-05
19 13 -2.08719861040178900D-03  4.56646231883517700D-02  7.49245611890032000D-02 -7.24957207281269400D-03  7.16438283702074000D-02
19 14 -1.42982290041837400D-03  8.32532257909939500D-03  2.88291944557951600D-02 -1.08250066303113100D-03 -6.96849214366568000D-03
19 15  6.99997076717792400D-03 -3.14786235121623500D-05  1.64191936055134400D-02 -7.96201435945758100D-05 -7.29685961264498800D-05
19 16  1.71867787559634400D-03 -8.54674646550610300D-03  1.77697647204070100D-02  2.73640682715781200D-01 -1.20680720482677500D-01
19 17 -1.38065281734537900D-03  1.19483320992450100D-01 -1.17009576586254800D-02 -8.34468216416896700D-04 -4.66090197371956000D-05
19 18  2.90893694525140500D-03 -2.86232792551418000D-03  1.45399440575020100D-02 -9.32588437702109100D-05  4.62184689956156800D-05
19 19 -1.47934551488225000D-04  3.55418388636099800D-02  8.07021611378659200D-02  3.48995740383521400D-02 -5.81601343250472500D-03
19 20  1.67521513523500500D-01 -1.34617889959768100D-03 -1.80106222400397100D-02  9.02423057210828400D-02 -1.02033494121779800D-03
19 21  7.16366784681017500D-04  2.65998866500713200D-03 -3.59912954968976900D-04  4.04078333780332100D-03 -7.92667807996460600D-03
19 22  3.88589474216119900D-03  1.69599866966042200D-03 -1.15706755752722400D-06  8.89737743209003300D-05 -1.36495599904524200D-04
19 23 -4.51413354854256600D-04  5.87908954758707700D-04  4.74133256955359000D-03  2.27442543916751700D-06  8.96523280182866600D-05
19 24  1.78868850975650700D-04 -1.85188134396070800D-02 -4.42711247108926500D-02 -2.30164393582324600D-02 -9.79316865981270100D-02
19 25 -2.63464969019068300D-02  7.76582087334783000D-05 -6.04121460466922600D-02 -1.70331547946423000D-03  1.60157688598884700D-05
19 26  1.82130633104723700D-03 -2.26219299704130400D-03  1.10194990689941100D-04  5.63075882914162800D-03 -3.40366040110716500D-03
19 27 -2.22709842803443300D-03  1.52911137460364500D-03 -1.19329226408669600D-05 -8.39853475957192400D-06  5.31734820815409900D-03
19 28 -4.95476863857442000D-03 -3.62579569579680600D-04 -3.86363011124036600D-03 -3.58138302609279100D-05 -5.96144045477006100D-06
19 29  2.58107708299407300D-01  8.21352823879001700D-02 -1.63217400639679000D-02  7.99811282519164600D-03  1.02652944228615200D-06
19 30  2.43317110903737800D-02  1.56856079395994700D-03 -1.98979700471045500D-03  1.95632742329243500D-03 -1.25991212053604700D-05
19 31  1.01084635354620500D-02  1.02474879874374000D-02 -1.28289711633110800D-03  2.94589294821607100D-03 -4.87073684223931300D-05
19 32 -2.58942155114004600D-01 -8.41972183406355100D-02 -1.53771177520550900D-02  1.03296714134020800D-02 -4.75414227137971100D-05
20  1 -4.66954228953252000D-04  2.28755971428517000D-02  1.73426780805170900D-02  2.82287815894507500D-03 -5.91564330028060500D-02
20  2 -5.38938312601761200D-03 -1.90601431340916300D-02 -1.40170498639324100D-02 -2.46544850713246900D-03  2.24448999581853500D-03
20  3 -4.02741005793804300D-03  1.78292006211957900D-03 -9.89642603076819800D-04  4.03554572658842400D-05  1.50266780590451200D-05
20  4  6.05592593946225900D-04  4.81834541122924500D-03  1.08244676701917600D-02 -1.82417782564866700D-02  9.62255158430093100D-02
20  5 -4.42012508254174600D-03 -1.69146493408317900D-02  2.75508584222343200D-02 -1.82305785238155000D-03  7.77121988132597000D-03
20  6 -4.59942325193661100D-03 -3.17179662938928100D-03  1.96044526739260400D-02  2.45025598955811900D-04  1.99076052980931800D-04
20  7  1.03282483094165600D-03  2.98949624066982400D-02  2.85476689297167400D-02 -2.89030182532252100D-01 -1.19034269549094800D-01
20  8 -5.61470014244966300D-03 -1.15289048205281600D-01 -4.50871369176101400D-02 -3.40594327573733600D-03  7.55148065443939600D-04
20  9 -1.03189352866223000D-03  2.76745463218225100D-04  1.77635635631123800D-02  4.62034317008504500D-04 -8.81829106705704200D-05
20 10  1.16186229948691500D-03 -2.11943902261651100D-02 -2.09762395041499700D-02  3.48693824919499200D-01  3.21023188367422900D-02
20 11 -6.93714395684834600D-03  1.19283997696883400D-01  1.15750624700087200D-02 -4.65196308403020800D-03  6.65627926757496200D-03
20 12 -6.33676298993485900D-03 -3.19516277640114100D-04  2.83497307935253000D-02  4.48618697886820800D-05 -4.54606915669146900D-04
20 13 -2.55496777642207700D-03 -8.14387553317525900D-03 -4.17593874104141700D-03 -3.36031919635234500D-01  2.16568224680775800D-02
20 14 -6.06663303844510500D-03 -1.35718094971995000D-01  7.46192526792166200D-03 -3.79234027093014400D-03  6.92027015758457700D-03
20 15 -7.99271998247882500D-03  1.07244982489426000D-03  2.95475800825643400D-02 -4.73340174854784700D-04 -1.15641610047144900D-04
20 16  3.03668912794324800D-03 -3.86886643592864400D-02 -4.79434985248019700D-02  6.16146313537830100D-02 -3.16684477881484000D-02
20 17 -4.89696907982071400D-03  2.65111595502543300D-02 -1.20307079589688200D-02 -2.69674656025725700D-03  4.04207613960111200D-04
20 18 -1.28692122005835100D-04 -2.75515491954351900D-04  2.18131568511247800D-02 -3.29305525163563700D-04  2.82108292122943900D-04
20 19 -1.76658328652705800D-05  8.19177577216258100D-03  2.16773248039469600D-02  7.19954237501245600D-03 -9.45962995690815200D-03
20 20  5.26926688882510000D-02 -4.72917144030975600D-03 -7.19774204644170400D-03  2.80599954446361800D-02 -2.73786614309451700D-03
20 21  1.59439005820598900D-04  3.26229369273825800D-03  1.93713843824247700D-04  1.29900702782761200D-03 -2.48209473979791700D-03
20 22  1.18308771197041900D-03  6.83463791299027600D-04 -2.02956345351069000D-06  2.76432873576865800D-04 -6.75245328943879000D-04
20 23  5.47049481994227100D-04  1.28195846949735500D-04  3.15195763809399900D-04 -9.55890349393409400D-06  2.05704207770343400D-04
20 24 -9.32635947800000000D-05  2.30837840342680800D-03 -2.35675705254669600D-03 -5.57076566448093900D-03 -7.22970518117222300D-02
20 25 -5.56960151296371400D-03 -1.45379135455950900D-03 -3.46069569116765000D-02 -7.34121515867870500D-03 -6.18231926166582700D-04
20 26 -1.26260315807320400D-03 -6.12425823268819600D-03  2.26462522852144100D-04  3.71731559884675700D-03 -2.52162359016794900D-03
20 27 -1.19569200867876800D-03  1.22935169041929600D-03  1.48305876066622200D-04  8.71436961156582400D-05 -5.90187549549054200D-04
20 28 -2.14671600586670000D-03  2.73690355541573700D-03 -3.07572282269151300D-03  1.30723570207222100D-04  5.12143096758901500D-05
20 29 -1.58835370986079100D-01 -6.83834007354104800D-02  5.01657535734772700D-03 -9.43496496474617600D-03 -2.06475076202015400D-04
20 30 -4.54285953722633200D-02 -1.95670246676762700D-02  1.01796922456592500D-02 -2.94073579818699500D-03 -2.41510612542784100D-04
20 31  2.59437251981619000D-01  1.09053786591230900D-01  1.10369634288629400D-02  1.09627060224904300D-02 -1.98709731938823300D-04
20 32 -1.00299216293753400D-01 -4.70524370136849300D-02 -3.70783958832394100D-03  5.19445945481297100D-03 -1.88548299322709200D-04
21  1  1.77542868146915000D-03 -1.44639166673408900D-02 -1.84110931353006200D-02  3.35408718545375900D-02  1.00875262199973400D-01
21  2 -3.20862896570947200D-04  1.50852429479387400D-02  2.12446435528324500D-02  1.91820290984857400D-04 -2.25334697318433000D-02
21  3  2.70003801875217300D-02 -4.46691045567853900D-03  3.80411643333376500D-03  2.38511197625338400D-05  1.49315905658299500D-04
21  4 -6.48165564550170700D-04  3.35051412635136200D-02  2.46636582438635200D-02  8.16512147397274400D-04 -1.46873144403561100D-01
21  5 -1.01217407789346200D-03  1.04408198092277200D-02 -4.45678845861264100D-02 -5.08681745469139000D-04 -8.35056536151079600D-03
21  6  5.42988052636948200D-03  2.92068483514123700D-03 -5.65064449405386000D-03  1.24266402120646600D-05  1.06736786862804900D-04
21  7  2.30113405380343500D-03 -3.61690046575799200D-02 -3.13221365977009400D-02 -3.91613389486989800D-03  1.59063123824813400D-01
21  8 -1.96286440701371600D-03 -9.63809653361767700D-03  6.53266560571428400D-02 -1.44404782687724200D-03 -2.19946531336134500D-02
21  9  2.30606952222735800D-02 -1.06604208866026300D-03  8.97931698542857300D-03  1.48860896213788000D-04 -4.79851134196956700D-06
21 10 -2.70215646101769400D-03 -2.24019658934735500D-03 -3.23898620763003800D-03  7.58049001835164000D-02 -2.92602595213839300D-01
21 11 -2.61621467020843200D-03  3.25482358276802300D-02 -1.24913328328908900D-01 -1.73002873800650000D-03 -3.09048518898035300D-02
21 12  2.95501785229356900D-02  1.35467336686785100D-03  1.87959669472083400D-03  3.55332047868456600D-05 -1.68498124370061900D-04
21 13  1.42618483941516000D-03 -1.32800622454904500D-02 -1.46403358825575600D-02 -7.01645490842554100D-02  3.02017485983722300D-01
21 14 -2.35228608377036900D-03 -2.04747243391206300D-02  1.08416941297551400D-01 -1.50849694036993000D-03 -2.55144009006458700D-02
21 15  2.63331630233790100D-02 -8.18762122733164700D-04 -2.66000915443457000D-04 -1.54395034338823500D-04 -2.71209910716668500D-05
21 16  9.53326371149123900D-04  3.13068581989933600D-02  3.17109419059266700D-02  3.42653011906879600D-02 -2.85775946188645800D-01
21 17 -1.31415059773264800D-03  1.76606847279070200D-02 -1.12989503607372300D-01 -8.46843578818751200D-04 -1.64346864420649100D-02
21 18  1.59353455857255600D-02  4.99340856339392100D-04  4.82521149507848000D-03 -2.97662695403306700D-05  1.62302717343039600D-04
21 19 -1.20792975276916000D-04 -3.45076354464894000D-03 -2.46436617918984100D-02 -1.81499053861340700D-02  1.20825757150592900D-02
21 20 -1.30691621157770700D-01  3.64832236219252300D-04  2.59053027646980200D-03 -6.76480225541883800D-02  3.55787443559962200D-04
21 21 -3.62513291155694600D-03 -6.11710394168424800D-03 -2.92110396352791100D-04 -3.57307238255854200D-03  6.22213971615057500D-03
21 22 -2.64906733359204000D-03 -7.81163962203766600D-04  6.35894984719811900D-06 -1.24673707208732800D-05  1.04120680798066700D-03
21 23 -4.07541500088133100D-03  3.03420819290082300D-03 -5.82989980546023000D-04 -5.35150785008450300D-05  3.47279984369205600D-05
21 24 -1.37866294817973300D-06  4.13568003585910700D-03  1.64708928733033400D-02  6.96103243931585000D-03  8.10382840370360200D-02
21 25 -9.36382518195234000D-03 -4.69350814043612200D-04  4.41315530716578400D-02 -6.81887099194822700D-03 -1.79078405013778500D-04
21 26  1.05127552475446000D-03  6.56440585129101000D-03  1.68648557834791000D-04 -5.31005021098349800D-03  3.90319342565645100D-03
21 27  1.40685678532706400D-03  3.18876942257785200D-07  3.54239162838422400D-05  1.96719451739096700D-05 -2.54506938423444200D-03
21 28  3.25071510923079600D-03 -7.05645724996341400D-04  3.92566390641127100D-03  5.58029574990658900D-05 -4.31376068217270100D-05
21 29 -1.11529915454285100D-01 -4.65811608745208000D-02  8.35279758194888900D-03  1.70357763754575100D-03 -6.95273126392159100D-05
21 30  2.80872288807926300D-01  1.22937913819799700D-01  1.49979890975544100D-03  1.59512070159767600D-02 -8.75414672624314600D-05
21 31 -9.70598377566562100D-02 -4.27884711239412500D-02 -9.42146838345918900D-03  5.34012082397675900D-03 -8.44445273581745800D-05
21 32 -1.43248098068442900D-01 -6.28677056025582400D-02 -9.80701876275794800D-03 -1.24887318149233500D-03 -4.15744418824443200D-05
22  1  7.28642792216753300D-06  3.62909789414324800D-04 -1.27984171735368100D-03 -9.18635992016468400D-03 -2.06570867307813800D-04
22  2  6.57049072389580000D-02 -2.64415660603243300D-03 -2.33239391724169400D-04  2.12083131207897700D-02 -3.50539285237088500D-04
22  3  2.96468060188507900D-04  5.40712250485836600D-05  1.84820908770283000D-04 -2.07439729116090400D-03 -1.02287142848291700D-02
22  4  4.24722294499342500D-05 -5.33456257194960000D-04 -5.77588891830279500D-04  5.39845486563319500D-03 -3.22444093570911600D-03
22  5  1.15600802487681500D-01  8.11491295008294600D-04 -1.34359199962219100D-05  4.42726860969744800D-02  8.49068080929114500D-05
22  6 -2.41807403661214500D-05 -6.07260677267894600D-05  1.01842230309598600D-03 -4.00682951879156600D-03 -1.37857931485344200D-02
22  7  6.74881369883514200D-05  1.05842753120734900D-03  1.75477648685274800D-03 -7.51176092173311100D-03  1.42244511128963700D-03
22  8  2.45239590625163200D-01 -2.94829717036499900D-03  8.53764246926503500D-04  1.58715947950183100D-01 -3.68370700907066900D-04
22  9  3.56839491597986200D-04  1.15312093090768400D-05  7.54677525231140800D-04 -2.19644941553073600D-02 -1.55514223604828900D-03
22 10  5.79211589556076000D-06 -4.93768350084751000D-04 -3.55250253215598700D-04  8.33719632100181700D-03 -1.80882946387879700D-03
22 11  3.29234821520278500D-01  2.94783444114618800D-03 -5.05412649521968900D-04  2.26362280227025000D-01 -8.26013290421268700D-05
22 12  1.18620510974857500D-04 -3.60191819327312400D-05  7.93710038478966000D-04 -1.27861300151971800D-03  2.07494872690525500D-02
22 13 -7.20138739646400400D-05 -2.03214360193671700D-04  8.36663979336126100D-05 -9.06673627254354600D-03  8.44278172962710500D-04
22 14  2.72839186559913400D-01 -4.02865813852336000D-03  8.32847654921695600D-04  1.78405470750568000D-01 -8.74301822052392700D-08
22 15 -9.72204881010324800D-06  9.80947899230967000D-06  1.02745461215627000D-03  2.12336593369488600D-02  7.22601988505898500D-04
22 16  1.30866734979930100D-04 -1.41937307253539300D-04 -7.02150124986679000D-04  7.97169445602390800D-03 -7.06459284888458500D-04
22 17  1.47626396337020900D-01  3.63276304785672900D-03  2.10313970867886500D-04  7.91471669145618100D-02 -3.54694872909047300D-05
22 18  8.57574212827298500D-05 -5.02879339918270600D-05  1.08466856851141900D-03  6.10437810954502600D-03 -1.64957371906134500D-02
22 19 -7.79110505834202800D-06  2.05555330345130700D-04  4.71599339239726500D-04  1.06698434975587600D-04 -4.98919006525754300D-03
22 20 -4.86390608890017200D-04  2.14090233946315200D-04 -3.28422935731287400D-03 -2.47872745267059900D-04 -6.05867815602018200D-03
22 21  1.83133275381689100D-04 -3.11673769528616100D-04 -5.89201798933520800D-03 -1.07772267910620700D-05  2.19180808475443500D-05
22 22 -1.11408540564788900D-05  3.54196782601759900D-04 -6.55542794973741000D-05 -2.08665383857827800D-03 -7.95345719850988000D-05
22 23 -3.24272524917559800D-06  8.27772972342773400D-05  4.85313859185572900D-04 -2.08362013109259000D-05 -1.98970964912538400D-04
22 24 -2.89121185324148400D-06  1.96779578312586000D-04 -4.29422442557352100D-04 -6.22714090705398600D-04 -3.03628337471383600D-03
22 25 -2.39069135281431800D-03  2.25914100549460200D-02 -1.49507824344752500D-03 -1.38123213796005600D-03  4.89492144430348500D-03
22 26 -1.29772377004688900D-06  2.60903105547253200D-04 -5.84654176615009100D-03  7.92294383082425600D-06  7.48533536888169500D-05
22 27 -8.27762975196389400D-05  2.35901924316476100D-04 -3.42051091234209500D-03 -2.35610720524409400D-03 -2.58541280880156200D-04
22 28  1.21016694339967900D-04  1.37524586540187100D-04 -2.77377784084453000D-05 -2.61946122632955900D-03 -1.25149517191944600D-03
22 29 -6.40143132730313200D-03 -2.96900652534127200D-03  2.52696996190648200D-04 -2.32483137506666600D-04  8.44904831381909800D-03
22 30  1.49122372924745400D-03  6.81105185762818600D-04  2.74823484363334800D-04  6.51817801399166000D-05  1.17778314765350300D-02
22 31  7.04004422157188500D-03  3.20545293694144900D-03  2.65395246351909000D-04  3.48360268728273900D-04  9.50804891129843800D-03
22 32 -7.30964067774615700D-03 -3.28707074130653300D-03 -2.80718943223852500D-04  3.30117477771175700D-04  4.92149666009578400D-03
23  1 -4.34805144523565300D-02  2.22927282223209300D-02  5.40354716623838400D-02  4.01397623771971300D-01 -2.70283006933694500D-02
23  2  4.84495764157594600D-03  6.91065404976420700D-02 -2.74869485346650100D-02  2.81324294357956500D-03  6.33059916043132700D-03
23  3 -4.63488645986685900D-03 -1.69571270056456800D-03 -9.69685020862486900D-03  1.90655597088484100D-05 -1.14102280580329700D-04
23  4  1.37905469581260200D-02  8.81991606971136200D-02  9.81712243922255600D-02 -2.42709421985049400D-01  1.97141807409029100D-01
23  5  5.11505320996831100D-03 -6.01318532990558900D-02  3.01530964396195500D-02  1.45105310070534200D-03 -5.84084615868373200D-03
23  6  6.82317055075897000D-03 -9.82324392075259100D-04 -2.09603355348849100D-02 -6.76099483736644000D-05 -9.46784774646845200D-05
23  7 -2.76707900026041700D-02 -4.55213664372849000D-02 -5.65531049405772800D-02  4.03343171885070700D-02 -7.65713643135973700D-02
23  8  5.07264377599414900D-03  2.89453249789918100D-02 -4.55400911342221200D-02  3.83176128754186600D-03  3.19544039051022600D-03
23  9 -4.61863829108501200D-03  1.42319790057478100D-03 -1.22370425364281200D-02 -3.88827443180249900D-04  1.14715736504798500D-04
23 10  1.30838553245719400D-03 -2.72875352750969500D-02 -1.77243453420322100D-02 -1.67704872638871600D-02 -3.36239394704820700D-03
23 11  5.54060303498774400D-03 -9.48175270514864200D-03  2.25920189857629800D-03  3.38289767458331500D-03 -5.96399358103191400D-04
23 12 -7.72266042143588600D-04  1.36866540024677600D-03 -4.90690886409520000D-03  4.16071344687311600D-05  4.14344525161410800D-04
23 13  7.54023667072871500D-03 -5.00065412427716100D-03  1.08126306685162600D-02  2.19811546873312600D-02  5.15702897692736300D-02
23 14  5.30328348340198700D-03  2.75690269747113200D-02  2.37934074791658500D-02  3.72548607366070500D-03 -2.84852650953140500D-03
23 15  1.66433331561605200D-03  1.18419319391527900D-03 -1.02336192124800700D-02  3.69613837630829300D-04  1.82735074699778800D-04
23 16  9.89097480933199200D-03 -8.14661158284917100D-02 -1.00295840564513400D-01 -1.83849140289484800D-01 -1.13759933025596900D-01
23 17  4.11980674238818900D-03 -1.05130608992250900D-01 -3.62259629993501700D-02  1.72662930760825300D-03 -3.29211187591332600D-03
23 18 -8.31978269374563500D-04  4.12409014528794400D-03 -1.83780689756157400D-02  3.44551974234617400D-04 -3.32277641124668300D-04
23 19  4.79721417939557800D-03 -6.59203166850307500D-03 -3.83480042264159000D-04  1.02353643674627900D-02  2.10334107166839200D-01
23 20  1.84550778732251900D-02  3.49255269214473300D-03  1.33580017165655700D-01  8.45408331066485800D-03  1.91338215513485600D-03
23 21  1.02740514564304900D-03 -1.44589220408449500D-03 -5.12506790289342700D-04  8.44314304953089600D-04 -9.60095649442487100D-04
23 22  1.15781344489376400D-04 -1.43924545428103900D-02  6.05331174062119600D-06 -2.34869418085541700D-04 -4.07702138560725000D-05
23 23  3.71475333578053300D-04 -3.30705119721939400D-04 -1.76612823062690900D-02 -9.36348139521316000D-06 -1.06429951285659100D-04
23 24  1.68454846018891500D-04 -3.41663172925200000D-02 -2.76700397754846200D-02  8.86986733903307100D-03 -2.71618784042687400D-02
23 25  1.75986721512503100D-01  3.62956195287343700D-03 -2.41504714248711200D-02  1.05805369854285800D-01  2.27885051590889500D-03
23 26  4.00720437262246800D-03  1.06564124355249900D-03  1.39698428570235300D-04  6.29736059071105000D-03 -7.42398963851307600D-03
23 27  1.12662904780197700D-03 -8.06860662220110600D-03 -2.08949996844808500D-04 -1.49498402475591800D-04  1.22494062642885400D-02
23 28 -9.99518884809689200D-03 -2.25421741619159900D-03 -4.01783770486494000D-03 -3.66993275513755000D-04 -2.85443650146746300D-04
23 29  5.25732032795934900D-02  2.61126920304052800D-02 -1.14686882043053800D-03 -5.64689066347713200D-05  1.98683567093955900D-04
23 30 -1.40206121079059200D-02 -3.71617092683627300D-03 -1.64444949798844400D-03 -1.69001729457391100D-03  1.68595597130990100D-04
23 31 -5.45019088346183600D-02 -2.70163557472220600D-02 -2.07137564091981400D-03 -1.57616437317537200D-03  1.74687187201719500D-04
23 32  5.93081141127184400D-02  2.72945693565394900D-02 -2.00505040085375800D-03 -4.33249188812778900D-03  1.04144378958603100D-04
24  1 -5.05811893024530100D-04  2.45116237838787100D-04  4.99245243486506300D-04  4.25324188345985200D-03  1.15396405205622500D-03
24  2 -2.82923934008197200D-01  1.01155209214873900D-03  5.52101158388238300D-04 -1.32408846433264200D-01  1.68503877659095800D-05
24  3  7.70791493724955500D-05 -9.39295371384069400D-05  3.71128689467798300D-06 -8.93871030893223100D-03 -1.81321424351373800D-02
24  4  1.46011072380549300D-04  6.02243199241786500D-04  1.14760856869885100D-03 -2.26949165836944300D-03  1.14934627653081600D-03
24  5 -2.15422206646176800D-01 -7.36231373614025800D-04 -3.83613540623453500D-04 -9.51006236359616700D-02 -2.09378635413341000D-04
24  6  2.04349938447136600D-04  5.02869696620384600D-06 -4.19333525122639400D-04 -1.29826642905909700D-03 -1.75840196140427000D-02
24  7 -2.68533017389168700D-04 -1.07864937187320500D-03 -2.07639242001512900D-03  2.90572883899030800D-03  5.93835276207684200D-04
24  8  1.50348624030992900D-02  1.91266262223884600D-03 -1.70178141311364500D-05  2.48946463579772400D-02  1.63942239000508400D-05
24  9 -5.63064772062583000D-05  3.99122533062079500D-05 -2.50769401281787400D-04 -5.97811784389634600D-03 -1.37289201229013400D-02
24 10 -5.01241442934758600D-05  1.00387084102766400D-04  1.04421436401955100D-03 -3.66741930308635100D-03 -5.24083389438026000D-04
24 11  1.00440984503989800D-01 -1.08531382068167900D-03  6.65906536451977400D-04  7.94725398512668300D-02 -1.27425676328759300D-04
24 12  1.22291498555844400D-04  5.13417777291570200D-06 -3.11959643726337000D-04 -2.78186553275755700D-03  4.69645208647324500D-03
24 13  7.88882729618495400D-05 -3.03011218884437600D-04 -9.46356887526658800D-05  3.69369540885942000D-03  1.05813297676433600D-04
24 14  7.81580014604838200D-02  1.49327192155463100D-03  2.23561545910791100D-04  6.37314769809869300D-02 -9.57133040630907800D-05
24 15  1.09905432973014900D-04 -1.41921289099251000D-05 -4.11409902032099700D-04  6.52192255636425600D-03 -3.99587417185312500D-03
24 16  8.24199878578682900D-05 -4.20501184163314500D-04 -1.46604276493504400D-04 -2.92137445476178600D-03 -4.45060727743210700D-04
24 17 -3.74076449695513300D-02 -1.63963322289059500D-03  1.05728130884586000D-04 -1.15646557417445800D-02 -4.65810148659762900D-05
24 18 -1.21877255375008300D-05  5.87687404034782800D-05 -4.61562917942544900D-04 -1.28481894100619800D-02 -1.16613182943587000D-02
24 19  7.61330739316748400D-05 -1.82384224107211700D-04 -8.29563670262958600D-04 -3.89334269620302900D-04  2.63423756577354500D-03
24 20 -1.44842129227005700D-03 -3.80784038753353400D-01  1.80141959190866600D-03 -5.17005317475856900D-04 -2.42341397907579300D-01
24 21 -1.62856533410965000D-06 -1.98034819322277100D-04 -1.50839022359644800D-02 -2.35509766176088300D-05  6.98713440377658800D-05
24 22 -4.63203674201579700D-05 -1.80043064503205600D-04 -3.84509853291840000D-04  1.84117525328236700D-02 -2.81457766003890300D-05
24 23  5.12422615799140300D-05 -2.30964849795239700D-05 -1.40364098170822200D-04 -4.04797730800709100D-05  1.84582129926327400D-02
24 24 -7.71463171371026800D-06 -6.31946267890526400D-04 -4.07700404852035600D-04  2.66312727158412900D-04  1.86885505412770500D-04
24 25  2.40071806705398900D-03 -2.70683406720567300D-01 -2.05212160670773200D-04  1.50331245270206500D-03 -1.74069679235210900D-01
24 26 -6.15990311932851400D-05  2.04441503699943700D-04 -5.91010556335160800D-03  3.91922730835063500D-05 -5.80994819063531700D-05
24 27  1.89072088228454700D-05 -1.14723050218935300D-04  1.21362334292350800D-02  6.37084551634126800D-03  1.69695526847450400D-04
24 28 -1.41772943087170600D-04 -2.79225837602792500D-05 -5.20352994828797900D-05  1.18878461809229200D-02  6.84304590256236600D-03
24 29  1.45791745444014700D-03  6.46459370187862200D-04 -3.28949137902471000D-05  7.47757329823833100D-05  3.91280171273421300D-04
24 30  5.80757846629451800D-04  6.62170688759476700D-04 -1.08484989463203800D-04  2.86535167247318500D-05  3.76487977243185800D-03
24 31 -3.32469734416246300D-03 -1.41425000560528800D-03 -1.33190776966666500D-04 -1.40664655454245100D-04  2.90271817947573700D-03
24 32  2.03212414347890700D-03  4.93264932273010100D-04  7.70672147690357800D-05 -1.28656090962198600D-04 -1.53284040728698600D-03
25  1 -1.00026572294111900D-05  1.76086157136678900D-04  3.53990571261329000D-05 -1.98313351117921800D-04  1.16138949701716200D-03
25  2 -1.62770706440930500D-01  6.39588748954603400D-04 -3.94718772246097400D-04 -7.96534796203017100D-02 -6.65195970628870200D-05
25  3 -6.89799884450971900D-06  7.34175959073959600D-05 -1.71306150444729000D-04  1.54223155662254100D-02 -2.59686965555520100D-02
25  4  1.36132894883562200D-05  2.59628906089633900D-04 -1.72179649876207300D-04 -1.28535819433234900D-04 -1.04572397293005300D-03
25  5  2.31341150860293200D-01  1.16211962649422100D-03 -6.01939119365442000D-04  1.11464533592910100D-01  2.19170730774581700D-06
25  6 -5.06597377593840500D-05  4.84680304516376300D-05 -8.40801342066491700D-05  3.23353263266223300D-02  5.72445526164666900D-03
25  7  1.36088945984715300D-05 -3.64116983607597500D-04 -3.91762665515617700D-04  3.75428979606338300D-04  1.19206018823709500D-03
25  8  7.79847647426567000D-02 -4.00481466174092700D-04  5.62856022080993300D-04  5.19309755920255600D-02 -9.07623379857499100D-05
25  9  7.92655020282655400D-05  1.14968359574843200D-05 -1.38728352507297400D-05  3.76399533626279900D-04  1.41162753088706500D-02
25 10  5.75992146683731000D-06  4.25421840929464400D-04  3.84330482533635800D-04 -1.23741272124719200D-03 -5.63600906432261400D-05
25 11 -1.85400734431568000D-02 -5.79595046523350200D-04 -2.61124601652198100D-04 -2.45175805507674500D-02 -5.96666226089313200D-05
25 12  6.60505504698875000D-06  5.30615675619432900D-05 -8.16842493168609800D-05  6.89215310282679300D-03 -1.08092960451990800D-03
25 13 -3.80641234736742900D-05 -2.67969405771796900D-04 -1.37623268945956800D-04  1.26856815776339300D-03 -1.84950558865140400D-04
25 14 -7.02082354233001000D-02  5.49463979730822100D-04  2.26788368674253700D-04 -4.23022605657454900D-02  3.44605766678131200D-05
25 15 -5.28027547369900500D-05  1.83421780691764900D-05 -1.82180178092640600D-04 -1.25217933727929900D-03 -5.19074673663343600D-03
25 16 -1.99427416107846600D-05 -1.10668866099094500D-05  1.01117651189945000D-04 -8.46331838586764700D-04  5.33722336851714500D-04
25 17 -1.05501246385284700D-01 -2.81948391145604300D-04  3.58287627691892800D-04 -6.53707872434101700D-02 -1.24302610739813700D-05
25 18 -5.19250642945592300D-06  1.76227675034363600D-05 -6.83883554028646700D-05 -9.55801398430553000D-03  5.56029369262118400D-04
25 19 -2.70353492597863800D-05 -2.77737866940199300D-04 -5.09627148503985500D-04  9.37308897427642800D-04  6.53650669215256300D-04
25 20 -1.30755266546168800D-03 -3.26241934182341900D-01 -1.41649711936797300D-04 -8.81802150856674500D-04 -2.13739871162841800D-01
25 21 -2.82876641703596000D-04 -6.09011874498379000D-04 -2.37257893990971600D-02 -4.38000109185156200D-05  7.91800377626753400D-05
25 22 -3.53800268441603500D-05 -2.46829473868659000D-06  5.54149504936054300D-04  1.30881146995667300D-02  6.06286206362260800D-05
25 23  4.12535394194335900D-05 -1.01882160055660400D-04  4.42739891671298200D-05  2.87470321730843300D-05  1.31761489834638700D-02
25 24  1.74192216407630100D-05  6.55517895993367000D-05 -3.76628847014151500D-05 -8.32272009498859400D-04  8.61375891888865200D-04
25 25 -4.47022753417629900D-04  4.25333087764231500D-01  6.25268449377476300D-04 -2.13628791803269300D-04  2.80321305231381400D-01
25 26  1.55856418172247800D-04  6.01472756707327600D-04  2.34299496312184900D-02 -7.74952023322524500D-05  3.22825677694471300D-05
25 27  4.52126345628052000D-05 -4.03504234462750500D-07 -1.54716169400914100D-02 -9.36750806284280200D-03  4.25806653260246100D-05
25 28 -1.19342981987973400D-04  7.67623166619486500D-05 -3.22669408958129500D-05 -1.48304158594892600D-02 -1.00262796777871400D-02
25 29 -3.19362335835972000D-04  5.75475657216247700D-04  6.87687320960567700D-05  2.28438024928506600D-05  3.20883293159714600D-03
25 30  1.63161796797167500D-04 -2.98881084510392700D-04 -3.65316539598901900D-05  5.15287695730451500D-05 -5.70342136600737000D-04
25 31 -1.13780098651469600D-03  4.31804741884645600D-05 -4.49852253750831900D-05 -3.32386300641659900D-06 -2.56758964618513000D-03
25 32  1.02972870889128300D-03 -1.69813261578882800D-04  5.63426218082376900D-06  9.03644047555571800D-06 -3.97129477869088100D-03
26  1  4.53750244514169500D-03 -4.93936239294201800D-02 -2.06758143861838400D-03 -7.44199403967274000D-02  4.39344533568799500D-02
26  2 -4.53712151865504300D-04  9.00215470135003100D-02  2.68632217180596700D-02  2.16836137367735900D-04 -6.21672572372458500D-03
26  3  8.62681239498886700D-03 -2.41008667126418800D-03 -4.01375567894787500D-02 -6.81844564808635200D-05 -1.61567857463781600D-04
26  4 -2.54235143900134000D-03  3.53232395483123900D-02  2.44358891020450400D-02 -3.02591129202090700D-02 -1.43514832952275600D-02
26  5 -3.25911938305880400D-04  5.58698827127250600D-02 -1.49992570440692900D-01 -5.05151149409586800D-04 -4.57653065755806600D-02
26  6  4.30641495422417600D-02  2.70115703333880100D-03  2.38466646100881100D-02  9.67211722537432200D-05 -1.10712205195404300D-05
26  7 -1.71586377102765500D-03  4.16874654253022500D-02  9.65339664055555300D-04  3.09724887064119700D-02  8.27879799781055700D-02
26  8 -1.05442310617543200D-03 -3.66930216633450000D-02 -2.89184110168528700D-02 -6.60188620055215400D-04 -4.09392642041067400D-03
26  9  2.68263782266953800D-03  1.41128859774107500D-03 -1.07378055277802300D-04  1.94848527077850200D-04  1.02317280331909100D-04
26 10 -1.08945001926416600D-04 -1.78305707893460700D-02 -5.17369120194505300D-02 -3.19524491034153100D-02 -2.58989116035169700D-02
26 11 -1.05430361585569800D-03 -6.11134409601638700D-02 -2.24920323711726100D-02 -4.56916901745381200D-04 -6.01768353946510300D-03
26 12  5.90462378430538800D-03  1.13059755159718900D-04 -4.95970204911224800D-04 -1.13188472303345500D-04  5.11570984420623100D-05
26 13 -2.48815542166487600D-04  1.50346967621997000D-02  4.49165182081731100D-02  2.59427426993982100D-03  3.06598843560273600D-02
26 14 -1.11467951039514400D-03 -1.04785327320195200D-02  5.91851269740240700D-02 -9.81058043994529300D-04 -3.40269315661113700D-03
26 15  3.53093741286705600D-03 -1.28244256255928100D-04 -3.05730960496352000D-03  1.48409682577692200D-05  1.47568636577173000D-04
26 16  2.53879680628009500D-03 -1.73703128580083400D-02 -1.30137520475058400D-02 -1.74824990253741000D-02 -3.90374747842795100D-02
26 17 -8.37931549285329600D-04  9.68566832275804400D-03  4.55855164235734700D-02 -4.71730778050452000D-04 -3.57435519946952000D-03
26 18  4.87331635605872000D-03 -1.29896115658895600D-03  2.03391773726839800D-03 -2.40229800754234700D-04  2.70293829542919000D-05
26 19 -8.74357000264710000D-05 -2.75192454522707600D-03 -1.54360750678703800D-02 -1.89893854686507800D-02 -3.59559663669114300D-01
26 20 -1.31543152300700300D-02 -4.54250622980076600D-06 -2.58687351809784000D-01 -4.59698412752011100D-04  3.29476413209896800D-04
26 21 -4.72537788887368800D-02 -1.39414990518338500D-03 -6.57355841601254300D-04  1.07626720866697700D-03 -7.62830477139238200D-04
26 22 -3.13436731527718000D-04  8.90720353183430800D-03  6.50132140404930600D-05 -4.84110819347153300D-05  5.96186024156249900D-03
26 23 -5.97303529420930400D-03  1.11750526467689800D-05  1.27600935913810000D-02 -1.53568535032020300D-04 -5.12167149532237700D-05
26 24  9.51116673322720100D-05  3.84742183333328200D-03  1.49431697122770700D-02  1.42530264932969500D-02 -2.62492744613153000D-01
26 25  4.79130735246769000D-01  3.65789853617095500D-04 -1.97323169739640800D-01  3.46280488779153800D-01  6.25021560138030900D-04
26 26 -2.81070712648693500D-02  4.83838865315547200D-02  4.59125795222918700D-04  9.46631893939630000D-03 -9.85116369527919500D-03
26 27  3.84844755882892300D-04 -5.41981540642999500D-03 -3.45023530784329500D-06 -8.19438254118686400D-05  1.48464289373772600D-02
26 28 -1.62038730236117000D-02  1.35744408623440700D-03 -2.99782733293643200D-03 -1.72226528827920400D-04  1.76992838882264400D-05
26 29  1.71973600713416600D-02  1.32049583155294800D-02 -2.65182571800787900D-03  1.69014920184138700D-03 -6.05832478469107600D-05
26 30  2.10075525733197800D-02  1.73428038226123500D-02  3.95949878726364000D-05 -3.24953722716126900D-04  1.52070105354293800D-04
26 31 -1.34474031813550400D-02 -1.05239232045512300D-02  1.36510911664230000D-04  4.36440009829938100D-04  3.66921380649388300D-07
26 32 -2.36080430101741100D-02 -2.20924320981953000D-02 -1.58837916505312000D-03  9.03834953974674900D-04 -2.05887251916516700D-05
27  1  5.95222160619093700D-03 -3.12030164060990000D-02  9.25428829509109700D-03 -1.84056035185610800D-01  2.85179142165076300D-02
27  2  3.88607310838847700D-05 -9.53583032243359000D-02  1.75263988623044900D-02 -2.20340549768044200D-03 -2.98352947327579000D-03
27  3  5.12333714539695900D-03 -2.13980767212108300D-03  6.42435998895718700D-02  4.42787270455678100D-04  7.29382984658619200D-04
27  4  5.35866144068585000D-04 -6.99960131032355800D-02 -9.59643819262168800D-02  1.60538145853019800D-01 -1.42369109921119600D-01
27  5 -1.44526525921758600D-04  1.12483616264078500D-01 -6.77485894262142100D-02  2.34140873631565200D-03 -2.24140116239407300D-02
27  6  2.59273345528901100D-02 -3.51332292894925300D-03  2.60905646097800800D-02  1.52795521409609000D-05 -1.78205442908531500D-05
27  7  2.41698067914983100D-03  6.05665284633804300D-02  8.79083260953579100D-02 -5.27233971915234300D-04  1.15257043463992700D-01
27  8  3.77025679784434900D-05 -2.54067223819229200D-02  5.67921110989300800D-02 -1.26709936694822900D-03 -4.81671650680062600D-03
27  9  3.86495311218210200D-03  9.51763394618564500D-04  1.23184902734558500D-02 -4.25936057758328700D-04 -1.59678160481583000D-04
27 10 -5.09103068002051600D-04 -8.68388665577556100D-03 -2.72983223689080800D-02 -6.71058902931787200D-03 -1.56465728233334600D-02
27 11 -3.86499963190911800D-04 -7.16793090714443700D-03 -8.72256364906929200D-03 -1.32453022741728000D-03 -3.65349586303802200D-03
27 12  3.91888590226447200D-03 -2.65390039226448700D-04  5.36857214479797500D-03  4.10467941268941200D-04 -4.35134203769741400D-04
27 13 -8.03419537931823700D-04 -2.16978844605600200D-02 -6.60679123879576400D-02 -1.44427198861200100D-02 -4.72296663129388200D-02
27 14 -2.40341603561946300D-04 -9.73554552064089000D-03 -4.28588739227212700D-02  7.16362180889638000D-05  3.53680911650388500D-04
27 15 -1.94689989516435600D-04 -1.58990922133873600D-04  1.02885610134691700D-02 -4.19560205027014100D-04 -7.75933101514192400D-04
27 16 -3.90531100628171600D-03  8.10932762645963100D-02  1.20896586842333000D-01  1.36049958301665900D-01  1.01127489156495200D-01
27 17 -7.98008722087324000D-04  7.27078223232740500D-02  3.65971852494958700D-03  7.52346162643533300D-05 -3.46340790852741700D-03
27 18  1.62276554404744900D-03  1.84064236447973800D-03  1.14950543734666500D-02  4.43307382241017000D-04  4.05664648017882700D-04
27 19 -5.18937359432781400D-04 -1.52502317431752800D-03 -1.20933221985989300D-02 -9.29801139812151300D-03  4.78666167460115800D-01
27 20 -9.99268532697150100D-03  6.94088821181524900D-04  3.66496851165804900D-01 -3.22155008036749400D-03  5.35065686649407200D-04
27 21  7.67899853150301200D-02 -3.62378731310142100D-03  1.03957050647381700D-03  8.76586726481338400D-04 -6.80502177016438400D-04
27 22 -1.96084549464882500D-04 -7.37764292080583900D-03 -1.55639486225755100D-04  1.55886804845029800D-04  1.50914885458362000D-03
27 23 -1.87944263387647500D-03  3.70293779292845600D-04 -1.31354552613325700D-02  6.43603110413744100D-04 -2.01227450532929000D-04
27 24 -2.78006266129791200D-05  5.69147062683059100D-04 -1.48447565838451200D-02 -3.05510296171841800D-02 -1.72849408348501100D-01
27 25  2.56158112992578900D-01  7.60067914152895900D-04 -1.29022185717787600D-01  2.03420573692915600D-01 -8.79777592950182900D-04
27 26 -1.80147402918392400D-02  3.13452138277154300D-02 -4.51771678690093000D-04  2.71600903778600200D-03 -1.85766007455259500D-03
27 27 -8.58348963233385500D-04 -2.44341403028965800D-03 -9.10065926489260000D-06  3.18994646929010100D-04  3.73976998694330300D-03
27 28 -3.12308574295329000D-03 -6.16684243990037500D-04 -6.54336935373318800D-03  7.69069475774548500D-04  3.97803546498978800D-04
27 29 -3.03379723264255500D-02 -2.45454394788699800D-02 -2.10531214796104900D-03  1.09206986493000700D-03 -2.64468278936991900D-04
27 30  1.43005300292508100D-02  1.24320230073198400D-02  1.13684616680479000D-03 -2.77484191320248900D-04 -3.59103812599852900D-04
27 31  3.18077234611480700D-02  2.39690035172148000D-02 -9.34431726934247400D-05 -4.30658797546288100D-04 -1.40142120238174000D-04
27 32 -2.01023257212257000D-02 -1.19512990480987300D-02  3.74481002576318700D-03 -1.94647112809527000D-03  5.59869301938048500D-06
28  1  6.34876611665125400D-05  7.79118855702135600D-05 -1.73204124450025500D-05 -5.91558079797589400D-04 -2.30449606404804900D-04
28  2  8.22837575370767000D-02  3.18544639767756200D-04 -1.32257321061883000D-03  4.44849769649773700D-02  1.78185181600002400D-05
28  3 -3.15567149237650400D-05  1.37381967637637100D-05  3.46829361975568300D-05 -2.16797553452097500D-02 -2.77240351734360800D-02
28  4  4.50031750810688900D-05  4.28669120580848400D-05 -6.62977640582614700D-04  3.73948436527007400D-04 -7.30590542935907700D-05
28  5 -3.50143911071968300D-02  1.37813321697148900D-03 -6.07498894038284400D-04 -1.05336280619769700D-02  3.16373940726664900D-05
28  6  2.60568837255057700D-05 -5.76942777981691300D-05  7.22641663926959100D-05  3.93839653053602800D-03  2.49213327558477800D-02
28  7  3.04847999985415400D-05  3.20818239357714800D-04  8.33058180483489100D-04  3.23120451980976200D-04 -1.42420715387076900D-04
28  8 -2.74022200072498600D-01 -5.37150567813710500D-04 -4.86105829834400500D-04 -2.31199135720098000D-01 -5.81183486487421600D-06
28  9 -3.40157113170669700D-06  9.21340599658100100D-06 -4.81476295493914300D-05  1.11256895256555400D-02  1.30570826293838700D-03
28 10 -1.76523267504606000D-05 -1.59660651138330900D-04 -1.05191305965411700D-04  1.58707041499013000D-04 -5.29579536405078700D-04
28 11 -1.52960381524139800D-01 -1.06007210845470500D-03 -2.95891703371174300D-04 -1.41256275588778500D-01  2.78553506861958700D-05
28 12 -3.33185056979720000D-05  5.46315501177543800D-06  2.67555805526502200D-05 -2.53805452796953000D-02 -4.31129397855019200D-03
28 13 -1.18030768447073300D-04 -1.39659306630128400D-04  6.72085964838948500D-05 -4.54853618843576700D-04  8.80975579069298900D-05
28 14  2.00823092385846600D-01 -2.19150540965612100D-04  9.81102295382695900D-04  1.59065916878349300D-01 -4.43288941458367800D-05
28 15  3.46334923036822000D-06  4.08655449154686900D-05  5.78481455146908500D-05 -6.22878240188124700D-03  2.92037170887659500D-02
28 16 -3.90611277119567500D-05 -5.93236312663783800D-05 -5.00966849279876700D-04  9.66121526812745900D-04 -1.45951999195009000D-04
28 17  3.68409385090390100D-01  2.88606890575797800D-05  7.19375574763699300D-04  3.00796636232213900D-01 -1.54796281756827700D-05
28 18  1.35989309852326800D-05  1.88069719044859800D-06  1.07867047996157200D-04  8.99407899693797100D-03 -1.34001574170338200D-02
28 19 -2.86525925198490300D-05 -6.30617137702419100D-05  3.43238825615330500D-04  1.49367259941132500D-03  1.10460808043620900D-04
28 20  1.28611223880674200D-04 -2.16301463435222300D-01 -4.40012183965741600D-05 -1.59810172082577900D-04 -1.62823873612157700D-01
28 21  1.15384890378840400D-04 -1.14988851381241400D-03 -2.30209187637499900D-02  1.40487115591945500D-05 -2.73474138984321500D-05
28 22  1.32987023392372400D-05  3.04848693718009200D-05 -8.07784005429603200D-04  3.06873252360937400D-03 -1.18813995496553500D-05
28 23  1.17024611781549000D-04 -1.05143212231895600D-04  2.63438574098320900D-05  1.74484406560819900D-03  2.51495812796208500D-03
28 24  1.83207856198289200D-05  8.22009012492842100D-05 -1.15960772527706800D-04 -1.21421013328992100D-03 -4.25577106805259300D-04
28 25 -1.39404337434414300D-04  1.40380864125318500D-01 -2.07955980412183000D-04 -3.17177711083065600D-06  1.02900318675194700D-01
28 26  3.18418900902169400D-04  1.25728515270980000D-03  9.57094182562029200D-03 -8.28913601963692800D-06  1.27223453927317300D-05
28 27 -4.43320937309441300D-06  1.51870005458319900D-05 -2.85495903981425100D-03 -8.60991676632647800D-04  8.12998384044374400D-05
28 28 -1.13702234684118600D-04  3.24023962796788100D-05 -3.49530411292088700D-06  7.03076987387849500D-04 -1.16554044308274500D-03
28 29  4.45844419960423500D-04  7.40284120219087600D-04 -2.17236504990361800D-05  2.97386301218880800D-05 -9.88028571515561600D-03
28 30  1.04590378778408300D-04 -4.42426103095570800D-04  2.28220174461301600D-05  5.77417974923665700D-05 -5.84414623084302800D-03
28 31  2.92577710895390300D-04  8.25538674766825800D-04  1.12255113768319700D-05  4.46850443498060400D-05  7.22427497979963000D-03
28 32 -9.81439484074126700D-04 -1.31291443165983300D-03 -3.53853073498312800D-05  3.61234729509905400D-05  1.30169155188808200D-02
29  1 -3.28348027680219800D-05  4.38687217046610600D-05  2.05169119659684600D-03  5.11500999613953900D-04 -1.89607537861015800D-04
29  2 -2.20923837457196600D-01 -2.99546535365048300D-04 -2.21409404539018900D-03 -1.73878959618708200D-01  9.02711327116712200D-05
29  3 -4.90612646136267600D-05 -4.12098680980446800D-05 -7.50893421846292400D-05 -6.05773128944505100D-03  3.48794940074173800D-02
29  4  8.16070307948728400D-05  1.97645618310175200D-04  5.95707338085294100D-04 -3.38815219184626500D-04  4.29662596588385100D-04
29  5 -2.54750761150074400D-01  2.65358201739700600D-03  1.15595869373505000D-03 -2.30136809584773700D-01 -2.43490094222413400D-05
29  6  9.67219433185645600D-05 -7.23729338963218400D-05  1.39473365332743300D-05  3.29862380709785200D-02  1.86184493968308600D-02
29  7  2.28093653861509100D-05 -1.01576295634925400D-04  5.89923356710775300D-05  3.45375135187809900D-04 -1.14447004337220300D-05
29  8 -1.84583902623208000D-01 -1.10214457082894900D-03 -7.79686368553951200D-05 -1.61576281126034100D-01  4.07093579137284300D-05
29  9 -5.49235880811014600D-05  1.42142301673727300D-05 -8.18136409891512800D-05 -5.04662164840392800D-03 -2.49154680908895200D-02
29 10 -3.26568724366089400D-05 -8.53618240986045700D-05 -1.21292038226041100D-03 -3.72390759460501700D-04 -6.27061558745418900D-05
29 11  1.61264672393811100D-01 -3.84082332090353900D-05 -4.82021093725777300D-04  1.65315889811390800D-01 -2.28988673874527400D-05
29 12 -7.25121725336874000D-05  9.54110399211398400D-05 -1.60503472336815200D-05 -2.09948857534947500D-02  1.07863898610809900D-03
29 13 -3.95782103975124100D-05  8.24434981769598000D-05  2.46833174472641800D-03  1.44040482735144800D-04  9.53366567975129800D-05
29 14  1.95128821743850900D-01  8.43663491494314600D-04  5.46194082781413300D-04  1.86717609992747300D-01 -7.28020334102940300D-06
29 15  1.21625720013844100D-05 -4.88236866035407400D-06 -7.34944603294672600D-05  1.03243184543070500D-02 -1.42121543642712800D-02
29 16  3.08411538918478800D-06  7.25237686013620400D-05 -9.68902705682739200D-04 -1.98664294160155000D-04 -1.42119328142976000D-04
29 17 -1.35072508079623100D-01 -2.55402464948557700D-03  1.24788680995817900D-03 -1.25420982887487500D-01  3.26171037844354000D-07
29 18 -4.52383174309831500D-05  4.49121463931372700D-05 -4.03702549492317000D-05 -1.61116345737446200D-02 -1.54065631020713100D-02
29 19 -2.66878497747114800D-05  1.55098053630824900D-05  4.44341000209356800D-04  2.08781281167755200D-03  4.97501060379612800D-05
29 20  5.08073472061009800D-04  2.70727222763778900D-01  2.87771142724710600D-05  1.62788201618350400D-04  2.22445009285391100D-01
29 21  2.55203685184518600D-04 -9.13275974642990500D-04  4.39071036419588400D-02  2.80653697680569200D-06 -2.62731745064067900D-05
29 22  2.34666375295998300D-05  2.42156801090574200D-06 -1.68709365257454600D-04  2.91155787100857200D-04 -1.85606649341360900D-05
29 23 -5.96106615383680100D-05  7.81713264725027700D-05 -6.07848076417708800D-05  2.66616269360958000D-03 -4.92980819701282200D-03
29 24  3.36355953903943400D-05 -2.94151561529265000D-05 -1.03316883905267800D-03 -2.66043943828109300D-03  3.61310287090923800D-04
29 25 -3.09280883794606000D-04  3.33214321681996900D-01  7.35659019716243900D-04  2.23523905954119500D-05  2.73638386899200900D-01
29 26  8.60668649756654900D-04  2.29730097927060700D-04  4.17472452472171400D-02 -9.77067550631394000D-06 -7.49341458245902500D-06
29 27  1.72640900887727500D-05  1.15509169804181800D-05 -2.28843838858367100D-04 -8.39003125934077900D-05 -1.66512105198629700D-05
29 28  2.65589538061173500D-05 -9.90774328625413200D-06 -4.42968425718176400D-05 -6.12902524441945200D-03  2.97431927699796900D-04
29 29  4.92896656806202100D-04  1.72255102916839500D-03  1.36030365658523100D-05 -6.63571830270629600D-06 -5.94877540263824400D-03
29 30  4.55102860698523400D-05 -1.59299955100255700D-05  9.15238565991884600D-06  1.44461104596516900D-05  6.58082440791813700D-03
29 31 -3.46072328404252400D-04 -8.21252131313256700D-04 -1.63066366072552000D-05 -3.39788379402420900D-05  7.58573830859683700D-03
29 32 -1.34009414807016700D-04 -3.03928996578189700D-03 -5.34404280078501100D-05  1.70575880028518200D-05 -3.89576373110129400D-03
30  1  8.99164301918976800D-04  2.12906563160647300D-03 -3.16570146099014600D-02 -4.32695840031204300D-03  6.94621242478799900D-04
30  2 -1.50514073960136500D-01 -9.78229404796653700D-03 -4.38355632939834400D-03 -7.84446985954831100D-02 -2.09228345171985300D-04
30  3 -1.29942521576616300D-03  1.50865356093814400D-03 -2.26863767981137300D-03 -4.61445486520949100D-02 -7.77442750472498600D-03
30  4  7.98135851116294600D-04  2.85849825186395800D-03 -2.68225054761650500D-04 -2.74328771062734400D-03  1.77081387455496700D-03
30  5 -4.02947274419697400D-01 -1.67959388120889000D-02  1.45301460571577700D-02 -2.67897003671953100D-01  7.08014909054186000D-04
30  6 -1.10524416022317600D-03  3.97229251168991700D-04 -8.53046297397932000D-04  1.57098973176709700D-02 -3.73808103589652100D-02
30  7 -5.04014031179722100D-06 -1.29484061825744900D-04  9.02860781178089200D-03  1.14277160272294400D-03 -5.88399646037253500D-04
30  8  3.50238702643372200D-01  1.05855661663361300D-02  5.14984772354208600D-03  3.67567585193650800D-01 -6.05039169693316800D-04
30  9  9.74851816095024100D-04 -3.69812646401708100D-04  2.76472760432936900D-04 -8.09519442071698700D-03 -5.73826740171872000D-03
30 10 -2.10750892687774300D-04 -3.74848457308892700D-04  7.61011434712409800D-03  1.72095022871177700D-03  9.06164522501793200D-04
30 11 -7.38111227072822100D-02  3.93745384082825000D-03  1.07151230183310600D-03 -9.49918134651763800D-02 -7.08841405948757000D-05
30 12  2.33067777943941300D-04 -1.62183637349067300D-04 -9.24794023636379600D-04  3.40116607382536300D-02  1.45430765324710600D-03
30 13 -3.21105850626635000D-04 -1.54852854217359600D-04 -5.65986642398135800D-03  7.62130812272960900D-04  3.44244930950476600D-03
30 14 -2.50942963343218900D-01 -7.93899861156641000D-03 -1.64574944927550500D-02 -2.63831099518223400D-01  3.65664733929267900D-04
30 15 -1.51428720213836800D-03  1.14862246820909600D-03 -2.47497123938730800D-05 -1.11155888189794300D-02  2.39709736379706200D-02
30 16  5.17987827909617200D-04 -4.38535848804159700D-04  6.30487213478856300D-03 -1.19549291925078400D-03 -8.78853553163182500D-05
30 17  3.98896022226341000D-01  9.51052682981326500D-03 -1.17916946070329300D-02  3.19652177919784800D-01 -3.76618966351913200D-04
30 18  1.05128733032940500D-03 -6.74668363977488600D-04  7.33058872163543600D-04  7.94456871802915600D-03  1.25933954282370800D-03
30 19 -4.46442889676780100D-04 -6.44360070966639300D-05  1.10589021682783500D-02 -1.22878399967931300D-03  9.19064984442660700D-03
30 20  9.27437589265985200D-04  1.58571823663588000D-01 -4.28988733467548300D-03 -6.65478635265385100D-03  1.80937249145730400D-02
30 21 -4.86939366036709600D-03  6.36601956737567300D-03 -3.68873247110262000D-02 -2.91040285147328100D-04  4.61854828565809500D-04
30 22 -1.70814543418474000D-04 -1.09797928518997400D-06 -1.00815273849380800D-03 -2.30559446587385400D-04 -5.57424197950393400D-04
30 23  1.67973562487257000D-03 -1.12231142692218400D-03  1.22376375547186400D-03  6.02890370319203600D-03  1.29311478722831800D-02
30 24 -1.46379476006257800D-04 -1.61768104055305500D-04  1.96171627193737700D-03  1.31220214366221500D-02 -2.16016537285719600D-03
30 25  2.60063616847958900D-03  2.65045117527960200D-01  3.33834432274730200D-04 -1.59900566230094900D-03  1.14012039918662400D-01
30 26 -2.90329254242206700D-03 -1.03701027664689600D-02 -8.76292870524089700D-03 -7.82762441922017300D-05 -3.34816361398198400D-04
30 27  4.13092605590402000D-04  2.48399691772342100D-05  2.33411584968433000D-03 -7.97072156275651500D-04  6.65811669152672000D-04
30 28  1.21803783920725800D-04 -7.87615453073398900D-04 -4.14264462176189400D-04  8.29262758092323700D-03  6.14924083228732300D-03
30 29 -5.31558671749811900D-04 -1.27444975525142300D-02  2.27886954986141400D-04  2.44649299958746300D-04  9.34353151107676600D-03
30 30 -9.00626957387570000D-04 -8.30729630471342300D-04 -3.36267010047925300D-04 -1.18361177677747900D-04 -3.10859644104765500D-03
30 31 -2.72564751167866200D-03 -8.07754260900365000D-03 -1.66332650296910500D-04  6.73505344402744400D-04 -7.45999093742545400D-03
30 32  7.98311301802806800D-04  1.18324414948677600D-02 -3.23017980645555800D-04  8.00912094448526900D-04  7.37670544260883000D-03
31  1 -3.49455965469690800D-04 -8.36756382714446600D-05  1.56200535055150100D-02  5.35106880197337700D-03 -4.22651685174297100D-04
31  2 -5.21989403326504900D-01  9.83278980383175400D-03  2.88426598718266500D-03 -4.78234099458088400D-01  8.55427710212341400D-04
31  3  7.17877456710421200D-04 -1.57330516692275600D-03  3.14014206535826900D-03  1.14342370652640000D-02 -2.72874333115090700D-02
31  4 -7.79950088989742200D-04 -3.92001090247089500D-03 -1.55942180776737200D-02  4.14584211693887000D-03 -2.14473405967764100D-03
31  5  3.85738796616261600D-01  9.37305858204109900D-03  8.59414818654124000D-03  4.10907009676763200D-01 -8.83353757048256900D-04
31  6  1.15110051758134900D-03 -2.67746760533091500D-04  1.02220788870624100D-03  2.13568772172446900D-02 -2.18348593564606100D-02
31  7 -5.43836323247921500D-04 -3.59012926667737000D-06  1.11804028952462500D-02 -1.52554455677480300D-03  8.08131165187171400D-04
31  8  5.80209194724723800D-03 -1.98854934558481000D-03  8.79945416150926300D-03 -5.30580923012013000D-02  7.93852704727084700D-04
31  9 -1.33035136349681200D-03  5.36498658769745900D-04 -1.20254406937805500D-03  1.53764512447710800D-02  2.89668627640172600D-02
31 10 -1.11987356263782900D-04 -5.35525010253755500D-04 -6.43786376247415500D-04 -1.54356595544930600D-03 -1.59142443161118300D-03
31 11 -1.78925980042862400D-01  3.25091018380362100D-03  1.31455236514433200D-03 -1.84234610542328100D-01  1.70189396575317800D-04
31 12  3.13606783980337000D-04 -4.83796180555665600D-04  2.45145620979485500D-04 -7.89125531588827400D-03 -3.38743265093516900D-03
31 13  7.56616122228685800D-04  3.94428983114048600D-04 -4.39773310604723100D-03  1.11954806271226300D-03 -3.41090773610542800D-03
31 14  1.15235198079196000D-01  2.75719977745839800D-03  4.22418077345345000D-03  9.84808011558101200D-02 -2.41447877648913200D-04
31 15  6.29069978252908500D-04 -3.87622100603996700D-04 -4.43065970681906200D-04 -8.15246925375969100D-03  1.93376468645117300D-02
31 16 -3.31183171543509600D-04  1.26735553305432400D-03  3.46766781464614700D-03  2.05257631787914700D-03 -4.30770510608767100D-04
31 17  1.67810968400076500D-01  3.26345351786942500D-03  2.40912603017283300D-03  2.22797839176126200D-01 -1.64676721892825500D-04
31 18 -6.40129852914878600D-04  8.04806574807710800D-04 -1.91012941702713600D-05 -1.51998000684577100D-02 -3.67703320489606000D-02
31 19  2.66700678611858500D-04  3.29962636770643200D-04 -4.68912754452487100D-03 -3.52613566275708700D-03 -1.23937346380175200D-02
31 20  1.34523136952822100D-03  4.42889679616192200D-01  4.92874220403165600D-03  2.70537912256027700D-03  1.00737086171587200D-01
31 21  9.19441701466535600D-03  7.39417493741129600D-04 -6.13605405508311200D-02  3.60947611488960200D-04 -5.64587311970237000D-04
31 22  2.03639700481280300D-04 -2.31620091681971200D-04  3.31540985244736100D-04  5.64021740143060400D-03 -4.83015907224971100D-04
31 23 -1.76299832333280200D-03  2.24601423055776800D-03 -1.74561380218222800D-03  1.29569678932284500D-03  2.30309210901270200D-02
31 24 -1.50209271595294200D-05 -4.58948201426958600D-04 -2.93609845799813900D-03 -1.01418761198344100D-02  7.98240044226583700D-04
31 25 -1.66794050725597700D-03 -2.24657880901927300D-01  1.31360291750317400D-03  9.39579359358903200D-04 -1.34067434235349200D-01
31 26  5.73124377786461200D-03 -3.12630553199608700D-03  2.73064120075328900D-03  2.00719273193120200D-04  2.70930233626751900D-04
31 27 -4.71649506819865800D-04 -2.61209963265306900D-04 -4.72456893204105200D-03 -2.94462360365656700D-03 -2.20030397442870300D-03
31 28  2.65247461990103400D-03 -4.52170645472330500D-04  2.69306712481477100D-03  4.07771411329116300D-03 -5.73851929772715200D-04
31 29 -4.52951297986668400D-04 -4.05720187735345500D-04 -3.82687516827050200D-04 -2.88120674174742700D-04  3.79249601251147700D-04
31 30  7.58688715322497800D-05  3.21214280096041000D-03  7.77367817848285800D-04 -1.28944828479708500D-04 -7.02518474305419100D-03
31 31  3.12878682463911600D-03  4.73009003276276000D-03  3.25413094096717700D-04 -1.11054226047113100D-03  2.70776475195460100D-03
31 32 -8.63717007079899100D-04  7.76481662179120600D-03  2.67567087112722700D-04 -1.36036931390753300D-03  2.70171984380627300D-03
32  1  3.09765449178907500D-02  4.14788210826168500D-02 -1.04956015360664900D+00 -3.57231242598734900D-01  9.79078898934437300D-02
32  2 -2.53536054096654400D-02 -6.32681993906523500D-02 -2.33275455257731500D-03  2.39483324516743100D-01 -5.27075292588790000D-02
32  3 -5.12113324591880300D-02  1.03918861718066700D-01 -1.89804181940096700D-01 -2.95558375583467800D-02 -4.15256944355771700D-02
32  4  8.81736803840517900D-03  1.41303494798728600D-01  8.31106017869732500D-01 -2.06918559329501300D-01  1.43637433457175900D-01
32  5  5.94614137688936500D-03 -3.85172275357892100D-01 -1.17398852917002800D-01 -2.62324275984905700D-01  3.06904454278338900D-02
32  6 -7.57591187507228500D-02  4.50686733228888500D-02 -3.28492094943659800D-02  1.91138234082536500D-03  1.47878127894363600D-02
32  7  8.76612653402615200D-03 -1.68716480409836400D-02 -1.35183722120826300D-01  7.17061467199857900D-02 -8.10855560540063000D-02
32  8 -7.47472143758773400D-02  7.75075884349275700D-02 -2.24464318362857000D-01  1.47470392886737600D-01 -5.78781451196309600D-02
32  9  7.58281090534520700D-02 -1.79499639338218300D-02  2.06592652025745800D-02  3.92838357688749900D-02  3.73048557130536500D-03
32 10  1.98276827575380900D-02  6.15775342224222400D-02  3.64270031552624600D-02  2.09899271316944300D-02  2.92352782115081700D-02
32 11 -6.27243772932316200D-02 -9.77088528462670600D-02 -1.85522852011840800D-01  3.28769289827198100D-02  1.33576645633489700D-02
32 12 -1.88303111529613900D-02  5.47264658961280600D-03 -1.55714423663724300D-02 -2.75150836223950700D-02  2.60856764814671100D-02
32 13 -2.24167369293506300D-02  2.87844857527851200D-03  2.79091982160687100D-01 -2.95315794047482300D-02  1.24351500829242100D-01
32 14 -1.96227685082441100D-03 -7.23309946881381900D-02  3.90095226428996400D-02  1.78121167992389200D-02  1.48047695280891800D-02
32 15 -3.88020999065958500D-02  2.39973303785067600D-02 -1.36273843333628300D-02  3.39348831011477300D-02  6.98076023023418800D-02
32 16  1.21127822651707300D-04 -1.13132903998832800D-01  2.16085698847373200D-02 -1.10004263905530300D-01 -5.43313281090562300D-02
32 17 -9.92838632216330000D-03  1.44218331441669200D-01  1.31547099587431700D-01 -1.16867062256644100D-01 -1.08204105275886700D-03
32 18  2.98869612438697400D-03 -1.90665507162830800D-03  3.33844736672039200D-02 -3.03623976944777400D-02 -3.68643214597259800D-02
32 19 -1.84083729349214800D-02 -4.08360839814081800D-02  2.09055129863064700D-01  9.90369826170481300D-02  7.17929362450181700D-01
32 20  1.56942738263213900D-02  1.82347619834720800D-02 -3.99461053684756200D-01 -1.29234574129081000D-01 -2.65251304314573100D-02
32 21 -4.04405275999938800D-01  1.58307781708167900D-03 -8.53754777623370900D-02 -1.24728314689750900D-02  1.99840583681363600D-02
32 22 -7.51122689916132800D-03  1.00819287467806800D-02  1.06736878578664300D-02 -9.22102595374349800D-03  3.47212785623163800D-03
32 23  4.17192682443599500D-02 -4.51913961005916100D-02  8.64430746493207000D-02 -4.29069943835400000D-02  2.35170257262958100D-02
32 24  1.79573727537723700D-03  1.13237957720631700D-02  3.81893763334773500D-02  2.10471445086382000D-01 -6.99514592158698400D-02
32 25  8.06773951511273000D-02 -5.23274120151226300D-02  8.66608864136463500D-02 -4.10724852889955100D-02  1.02848280202679200D-01
32 26 -8.04946019164578300D-02  1.11834944505720900D-01  6.18537766166618000D-02 -1.52652123013127800D-02 -8.90091171245779000D-03
32 27  2.41661240137703700D-02  7.83977134699884200D-03  4.87394816054498700D-03 -2.19704168141788200D-02  8.63862924654801600D-03
32 28 -6.00558512848997200D-02  5.14172220383516800D-02 -8.52398271014358200D-02 -7.24125303684339900D-02 -5.15815723675345400D-02
32 29  5.16693673020219500D-02 -1.54672492490005900D-01  9.15636535550562800D-03  3.83967710021478300D-03  2.72474636726049500D-02
32 30 -3.80050116347363200D-02 -1.96275008043388300D-01 -2.07133218398340100D-02  9.60832613143743100D-03  1.63756707704791100D-02
32 31 -1.02114851339579900D-01 -7.12410838710945000D-02 -1.04431235526043300D-02  6.02263632027130100D-02  3.54996354933523800D-04
32 32  7.62652841197846100D-03 -1.27689890973399300D-01 -3.47486734453776300D-02  6.43207623058885100D-02 -1.25574323192262000D-02
33  1  1.25323551256260200D-03 -1.96752018611822900D-02  5.67135092938599200D-02  3.07211548185518000D-03  4.21044096444318500D-03
33  2  6.56500949856525600D-04  1.25332491137826700D-01  2.05936659435014600D-01  3.86471706958104400D-03 -1.51997388222629700D-02
33  3  1.89153633008631600D-02 -3.71562447860042500D-03  4.21568429123437000D-03  4.85221241886422300D-06 -2.45169156358194400D-05
33  4  9.57715438457603500D-03 -1.77632962442310200D-02 -1.33362633036974500D-01  4.46390114861169100D-03 -1.15236755191027600D-02
33  5  3.22287836959884800D-04  1.19831402406334000D-01 -1.09090901396803100D-01 -1.11243648645666300D-03  9.59513739588182700D-03
33  6 -7.27092786629102000D-03 -2.32420952959091000D-03  1.77142136522012700D-02 -1.46676425051636600D-05  9.97920384947886100D-05
33  7  1.68777424451911100D-02 -1.97619640145747700D-02 -4.59476004902015500D-01 -4.78439872947655200D-02  4.56977473756564500D-02
33  8 -1.16672023745976800D-03 -2.73466828712922100D-01 -5.34459742503823000D-02 -1.96480798321745600D-04  2.69808530833444400D-03
33  9 -4.93595240466827600D-03  2.23786709633365000D-03 -8.16725070263134300D-03  1.31820114718769600D-04  1.22663268683536500D-05
33 10  2.47519457966745100D-02 -4.23553157829206700D-02 -8.56117554105393300D-01 -1.69273341554637100D-03  1.22389471346119400D-01
33 11 -6.32800219834713400D-05 -1.04205296604046500D-01  4.70938853601355100D-01  5.35178564975869700D-04 -8.70447166742944000D-03
33 12  2.29638996058248200D-03  6.40808170684722100D-03 -2.20207826273339700D-03 -1.83849219158166900D-04  3.02931059412391200D-05
33 13  3.03458386499113000D-02 -3.32909601049964700D-02 -1.06611043942858500D+00  1.25172488370451700D-01  7.32583837503642100D-02
33 14  7.69320322274100300D-04  4.04335818473069500D-01  1.65319420153041700D-01  1.23992379063780200D-03 -1.09832478134322900D-03
33 15 -9.67235169932967100D-03  1.07706764806722800D-02  4.39296236443420100D-03  1.18118849251776600D-04  1.43732687437710200D-04
33 16  1.22560483382878400D-02 -5.04373319286851400D-02 -3.67020800821024600D-01  9.50433051303316700D-02 -4.59088546401426000D-02
33 17 -4.22245563776466000D-04  3.72400485867501900D-01 -3.32337917788699400D-01 -2.17943408876028600D-03 -1.51719590395530400D-03
33 18 -3.49239552733279400D-05  1.55211985922867300D-03 -7.22508313281551500D-03  2.41135458276493900D-05 -1.82487971281566500D-04
33 19  5.81924488301355000D-03  1.17136527295928000D-02 -8.96755813407118100D-02 -2.33551773562888800D-01  3.71011621742121700D-02
33 20 -4.30444981225696100D-02  3.54131143047206400D-04  5.45054501311793100D-02 -1.31646735453895700D-02  5.64259926159148500D-04
33 21 -3.66672463372253300D-01  1.74238621050355100D-01 -6.00412151950534400D-03  5.38183652727072700D-04 -7.09431984132746200D-04
33 22  1.71248331405692100D-04 -5.68755706706987800D-03  1.22305280209403100D-05 -1.09971564299568200D-04  8.64311713611576900D-04
33 23 -2.95901373542370100D-04 -5.68410340069423600D-04  1.98105196310441500D-02 -1.19674468139465200D-04  3.73275260675541400D-04
33 24  3.69758542862822600D-03  3.08175844247816300D-02  1.46869797104617300D-02  2.32816726461051300D-01 -2.37777358358764100D-02
33 25 -2.39374319576594700D-03 -5.74879839019173900D-05 -1.18787983948519000D-02  2.37906086670913200D-02  3.58037141682384300D-04
33 26 -3.08921444421002700D-01 -2.28568838933934100D-02  8.74966072950950600D-04 -2.04130629606577000D-03 -9.25019508319498400D-04
33 27  2.96632580438508700D-03 -1.99473079109899400D-03  8.17303591276745900D-06 -2.56477822588068500D-05  8.50875030562087800D-03
33 28  2.04891738032371800D-03 -1.05576676859446300D-02 -7.15661967329244000D-05 -2.91384815601705000D-04 -2.33312428765099500D-04
33 29  3.55858323939652400D-02  5.37130530457000700D-01 -2.18182110554266200D-03  3.75273704651775800D-03  3.86961622461741200D-05
33 30  3.41476023655003200D-02  1.06896775580540400D+00  1.74551997057930900D-03  1.22300153950537100D-02  3.57784200026680000D-05
33 31  3.41126923499234200D-02  1.15343075905658300D+00  1.26027086285864000D-02  8.81983366597199400D-03 -3.79687438465368700D-06
33 32  3.34053996401633800D-02  8.44008761309288300D-01  6.31633045533251900D-03 -3.90584650771635000D-04 -1.00022959975844000D-04
34  1 -1.21409658696950800D-02  1.57562172065360700D-02  8.43363593111908600D-01  6.98504711455246500D-02 -1.36960443938119600D-02
34  2 -4.65703078583802300D-03  3.39106653684927100D-01  3.86280243586142500D-01 -4.28503335345592600D-02 -2.54764648933521700D-03
34  3  2.22882972398818500D-02 -1.97406507505467400D-02  1.25234307189962500D-02  6.97438294990176200D-04  3.14063665849547100D-04
34  4  1.52409288686599000D-02 -2.82873404484335600D-04  7.62918764047949800D-02  1.38531593291099800D-02 -2.13028757637868200D-02
34  5  2.57298818837713200D-03  1.93403962689133300D-01 -5.77607882646413700D-01  3.40559959239700600D-02  1.88442402554210200D-02
34  6 -5.07371827575590300D-04 -1.83368684278451300D-02  2.34697511884547200D-03  7.18075504660152100D-06 -4.55252599338839100D-04
34  7  2.55681512939425500D-03  8.84600447877912800D-02 -1.74325254436838800D-02  1.08187082434520900D-01 -4.98658636858339300D-02
34  8  6.65882419916577500D-03  5.77452185139843800D-01 -5.09609113348535400D-01 -1.78462818303262100D-02 -9.33797289658872600D-05
34  9 -8.11261240204074700D-04  9.04640969170195400D-04 -1.89706586034445900D-02 -2.44436493393559900D-03 -3.14721803971621100D-05
34 10 -1.70037622017113400D-02 -3.26633979804919600D-02  3.94410958252006200D-01 -1.78098926666072700D-02 -3.85324656468631400D-02
34 11  7.38486076978705200D-03 -6.43080322788453900D-02  2.49766313803093300D-01  3.23193595991860600D-03  1.14494214454272800D-02
34 12  2.84884082486819100D-03 -1.42982622702953900D-02  5.37671009729353200D-03  1.45986574859859700D-03 -3.97730449837207500D-04
34 13  7.81661213228740900D-03  9.59728473189252500D-03 -4.43829075954448100D-01  2.44975919916045900D-02 -1.93371147945698600D-02
34 14 -3.60932885551355900D-03 -6.06677564773997500D-02 -6.56354359256589200D-02 -7.11322974323185000D-03 -7.76428807901849400D-03
34 15  7.03183724683806500D-03  7.32450832181062300D-04 -4.38340297180889200D-04 -1.17488126739157900D-03 -2.77459541288497800D-03
34 16 -1.35370484068916100D-02 -1.45769558712935700D-02  3.78865041963212500D-01  1.86321449693090300D-02 -2.71487691313210300D-02
34 17 -6.23111863907248600D-04  2.54915816208550600D-01 -1.67285248865455700D-01  1.48343449546323700D-02  6.92564439198409600D-03
34 18 -4.45567373466343100D-03 -2.46997065732014000D-03 -1.01935096938742000D-02 -1.56465752804773400D-04  2.02331388403151400D-03
34 19  6.16510428274725400D-03  1.03196056289513000D-02 -1.21172702601547800D-01 -1.29875283899469900D+00 -3.29119636622833000D-02
34 20 -1.48794560740585300D-02 -3.87504616067809600D-03 -1.79014486955177600D-02  1.43045112417143200D-01 -6.03483950121462300D-03
34 21 -4.41707218742261900D-01  6.79993577052929500D-01  6.74729637159568700D-02  1.11449044624773200D-04  2.58266437986550700D-03
34 22 -2.69411342449003100D-03 -4.76409831654353200D-03 -2.01542150069410300D-04  1.16190689187905800D-03  1.19796223467049500D-02
34 23 -3.92035941748559800D-02  2.72239718281514900D-02  1.04608523876667600D-02  2.14403951969145500D-03 -4.47135337106228200D-03
34 24 -2.93814673420320400D-03  6.47448740804175800D-02  2.37862873730203800D-01  1.44869689896130100D-01  8.15698301283470500D-02
34 25 -3.08756128574943200D-02  2.11192769722192200D-03  1.93520367144640200D-01  2.72661946739934800D-02 -2.69809215618959400D-03
34 26 -1.17841706711477500D+00  4.62409700160414200D-01 -3.69825661502052000D-02 -1.31779719519859000D-02  7.96314365831698800D-03
34 27  5.21482829366866200D-03  3.66430180025070300D-03 -6.06303424646160900D-04  3.56111905774142800D-05  3.52369915390947900D-02
34 28 -2.26657350061988800D-02 -1.25712565328959600D-02 -4.06906666030733300D-02  4.53609866350890800D-03  4.18908736973873900D-03
34 29  2.28724552790733200D-03 -9.24833966849308200D-01  4.73863353832100100D-03 -5.06952849180856500D-03 -1.20678423232918700D-03
34 30 -3.06651637996184400D-04 -7.95949739599194700D-03 -2.94202251319534400D-04 -5.58112646616844200D-03 -1.73550035130619800D-04
34 31 -8.29980913758359400D-04  7.79240979880955600D-02  6.22198021766691000D-03 -1.12959282344086800D-03  3.62852334062105900D-04
34 32  1.82126283134165900D-02  2.85135742658103800D-01 -9.21932367598936800D-04 -1.62838852908686700D-03  8.78553460641182400D-04
35  1  1.90321080903594300D-02  1.14583996698790200D-02  2.49145604958326400D-02 -1.42457231746222500D-02 -1.86073552694337600D-02
35  2  5.35026831707715700D-02 -2.64867348920543700D-01  2.84048761749209800D-02  1.74227921433259200D-01 -1.13880048623897600D-02
35  3  2.01052221336946100D-02 -8.71721727130464800D-03 -6.86377024782935300D-03 -3.63477208959718600D-03  1.48412705079652900D-03
35  4  9.91583646484667400D-03  2.03691712438411500D-02  3.03465455018158500D-01 -3.73572659605770600D-02  4.57755874557418600D-03
35  5  4.33701130155299700D-02  1.76754601777951400D-01  1.65585403380600100D-01  1.52761586420506400D-01  1.32010068480595300D-02
35  6 -3.65778464213151100D-03 -9.54322220592834400D-03  1.98721623531993200D-02  3.50664348004592100D-03  8.09191302706786100D-04
35  7 -2.46370358698896200D-03 -1.40091690516257400D-02  5.85423546494495500D-02 -1.14196120401988500D-02  2.25761370318528100D-03
35  8 -3.18921162943721200D-04 -2.66944343140505500D-01 -7.24080371061238500D-02 -4.02040060920787400D-02  2.27060092442165800D-03
35  9 -9.38690976280234800D-04 -1.33190994814145900D-03 -6.63076417784039600D-03 -3.16748747337267100D-03 -1.74798941486517000D-03
35 10  4.92325191623553900D-03 -9.04157690449311000D-03 -4.07030178723572300D-01 -1.69013426117603100D-02  5.13190916024758400D-03
35 11  2.91737997145615000D-02 -8.91230874251927000D-02 -6.29890343473077700D-03  5.36586385375251500D-02 -1.24353893705841600D-03
35 12 -3.92400754964707200D-03  5.16754648670547000D-03  2.66139909313976700D-04  4.94972807158363800D-04  1.44991869260501700D-03
35 13 -5.98232785479392400D-03 -2.17305113013597100D-02 -3.08714993418800200D-02 -9.75150938788197300D-03 -1.88210197795184600D-02
35 14 -4.78998076290842100D-03  1.26605966759442000D-01 -3.83876650813741400D-02 -2.92463823643194300D-02 -2.64061899772504400D-05
35 15  6.81812278304047200D-04 -6.55406088326865500D-04 -1.45898008706975100D-03  3.56369604784250200D-03  2.29334520477761800D-03
35 16  1.46246972554639100D-03  2.16932991436418800D-02 -4.68396791735915000D-02 -4.01097583872382800D-02  2.90527222671150800D-02
35 17  1.91819066939314600D-02 -3.06224822955909600D-01 -7.04746671151537400D-02 -1.19302316166553500D-02  6.32143845481948600D-03
35 18 -5.97084574835965800D-03 -3.50592706460064600D-04 -4.67777542554746200D-03  1.96903175614413800D-03 -1.73273250359652900D-03
35 19 -1.17809029612926100D-03  6.65292620855621600D-02  1.88520052569054800D-01 -1.15917992179056800D-01  2.47092908980533400D-02
35 20  4.09146519790047000D-02  4.87143163423007400D-02  3.49290590157805100D-02  1.77960625376118200D-01  1.06846905502240700D-01
35 21  1.68723299763485700D-01 -6.90793600906715600D-01 -4.95883313608611500D-01  2.05598433144718400D-04 -6.82769706232382900D-03
35 22  6.62209862917892200D-03  1.59665886255699800D-03 -1.31009013459217700D-03 -7.90939033253393300D-03  1.24641308923332900D-02
35 23 -7.74923261702651600D-04 -1.16892076306309000D-02 -1.14963776820290900D-02  2.36535553751854900D-03  1.58837658440615100D-02
35 24  2.73652390879614600D-03  5.23335948640808900D-02  6.50731757034158800D-02 -6.55348196947283900D-01  8.68038769004875800D-04
35 25  3.46240145747340900D-02  5.72639299308008100D-02  1.28052483481793300D-01  1.30954366717340400D-01  1.22325063125101100D-01
35 26 -2.50124446203695100D-02 -3.78900993501332100D-01 -5.04162924494019400D-01 -1.83018942714160000D-04 -4.18938743777051300D-03
35 27  4.37240638048447100D-03 -4.81585789309404600D-03 -6.09526691026833500D-03 -5.12009798557846100D-03 -1.17117348601867800D-02
35 28  1.00298509333864800D-02  1.68188392680034500D-03 -5.90517463775936800D-03  1.02632851717201800D-02  9.63881375835924000D-03
35 29  2.29193539528903500D-02  1.32363223351417200D-01  2.08571461172525800D-03 -3.46405143537914500D-04 -1.41779427090526100D-03
35 30 -9.39278146790631600D-04  1.30337222183924400D-01 -6.55307499736296300D-05  4.68928985455034500D-03  1.78303783716373500D-03
35 31 -1.74998017179128000D-03  3.69358324625365000D-02 -5.83950917524513000D-04  1.12789296967527200D-03 -7.84492811028817300D-04
35 32  1.38051486157459200D-02 -3.75260692584965700D-01 -4.05458790732490200D-03  3.56114878719774400D-03 -1.17182288989183100D-03
36  1 -1.61971431063671000D-02 -8.61143315091855900D-03  9.58530130659831200D-03  1.39504296127242100D-02  1.50095632102910000D-02
36  2  5.91952860705919100D-02  2.21200991065706300D-01 -1.00541361052946400D-02  1.64523236017707800D-01  9.35932460811068700D-03
36  3 -1.57361162397418400D-02  6.37679163163098700D-03  6.10659738592257100D-03 -3.79874948669008300D-03  1.98597786408752400D-03
36  4 -8.20935323144065200D-03 -1.72967192281977400D-02 -2.39391017335610100D-01  3.20729177783072400D-02 -3.78832111072389100D-03
36  5  5.61421883307110200D-02 -1.45132235380657500D-01 -1.42061662573017000D-01  2.24081169314651700D-01 -1.03692623296819900D-02
36  6  3.25263628810818100D-03  7.11662604157408300D-03 -1.64989473242842500D-02  4.39381273305387000D-03  6.17588235302877100D-04
36  7  1.75147770280893500D-03  1.38880694394691300D-02 -3.78513926146720800D-02  1.23602559196866700D-02 -3.23537293944334200D-03
36  8  6.11546404620691300D-03  2.41383555223482000D-01  5.40317908329288400D-02 -6.77832780086239200D-02 -1.71592417275762300D-03
36  9  7.63460779233244300D-04  9.52463393524413000D-04  5.06486707198496300D-03 -6.29654033344481400D-03 -2.19675847922857700D-03
36 10 -4.60007420633994500D-03  7.13497790352584400D-03  3.52792055361166300D-01  1.37295056837576400D-02 -5.12119178056521200D-03
36 11  4.32873417175308800D-02  7.46998660528529200D-02  1.01962763893117700D-02  7.01641614361371600D-02  1.39694262295272900D-03
36 12  3.41154763268742000D-03 -4.80849025564013200D-03  3.86818985473332000D-06  2.07322024376892500D-03  1.39201612868827300D-03
36 13  5.23287843495067900D-03  1.78373563604994000D-02  1.18702381134072900D-02  9.21659734467528300D-03  1.50653638486274500D-02
36 14 -1.00861653569620200D-02 -1.01835862817464200D-01  3.20067976191961600D-02 -4.44005585095313300D-02 -1.58855584666734600D-04
36 15 -1.56141696503891300D-04  3.14997281170697700D-04  1.19405319090274000D-03  3.24292341617470300D-03  1.00442866082742800D-04
36 16 -1.49838326752660900D-03 -1.72987100054300500D-02  4.83199261304580100D-02  3.36551205125489900D-02 -2.46027517344898000D-02
36 17  2.28175003998616500D-02  2.58893796987031000D-01  5.38133660366174100D-02  1.87921380142858400D-03 -4.70121685265843000D-03
36 18  4.56903960797791900D-03  1.32177244680729500D-04  3.54934247353533400D-03  2.18275584329607200D-03 -7.46621302008168100D-05
36 19  1.25984775423667900D-03 -5.45539143290176600D-02 -1.60504340240781600D-01  5.68082726583879200D-02 -2.32504043169042300D-02
36 20 -3.44193451880697800D-02  5.50107830719901300D-02 -3.12976362227595200D-02 -1.42781875271648300D-01  1.22963877793198300D-01
36 21 -1.35458273474309300D-01  6.00736034965754900D-01 -5.25640921945581100D-01 -2.11933017698550200D-04  5.85554147716953700D-03
36 22 -5.64360845947080600D-03 -1.29606633099748700D-03 -1.81011119024574800D-03 -8.30734884291023600D-03 -9.62180735908165800D-03
36 23 -1.16991475516939100D-03  1.07917221142513000D-02  9.02050971079421300D-03  4.90792316775127700D-03  1.44677305585876900D-02
36 24 -2.29928647334609100D-03 -4.24813942697185900D-02 -5.06531047584047800D-02  5.36195205686450200D-01  7.50323179534571700D-04
36 25 -3.00067114493999800D-02  7.23090907346373700D-02 -1.01435719719728500D-01 -1.09085572519621000D-01  1.47515166437974700D-01
36 26  9.15315769505483500D-03  3.29873806264629600D-01 -6.60837345158327000D-01 -1.35013201874233900D-05  3.67823125068425900D-03
36 27 -3.66472993049666700D-03  4.17786427215228800D-03 -8.16274667634628000D-03 -6.26331240952549800D-03  9.69372183590089600D-03
36 28 -8.38892198173423300D-03 -1.30479985416668800D-03  3.59978800976320900D-03  1.72774424420380400D-02  1.60315247094819500D-02
36 29 -1.92810060979614000D-02 -1.37037768296345100D-01 -1.56635148809859400D-03  1.33227310192598400D-04 -2.92702443508367100D-03
36 30  7.19939353479639600D-04 -1.11076696525207500D-01 -3.40295057013873800D-06 -4.08171414901103500D-03  2.03771926010400000D-03
36 31  1.78674128272321500D-03 -2.12517503637987100D-02  6.87848433394923900D-04 -9.96702684284232300D-04 -6.44229610499681700D-04
36 32 -1.04752974190803800D-02  3.21783299923924300D-01  3.36260645613346100D-03 -3.13074701210503800D-03 -5.24040074401091100D-04
37  1 -5.23881781358887600D-04 -3.85578054336138300D-02 -1.13599964573780100D+00  1.84355847778902300D-02 -5.74879556398923200D-03
37  2 -5.65057583365390400D-03 -6.81618615447351500D-02 -4.71004923533712600D-01 -4.53486369971538500D-02  2.06796948821371800D-02
37  3 -6.32639960086270200D-02  4.25843011264894500D-02  1.19004152053383300D-02  3.02964506648670400D-04 -1.27547740490417200D-04
37  4  6.53462531999922200D-03 -5.62486247813054100D-02 -1.53860696959650700D+00  1.55318812295684700D-02 -1.37445726352221800D-02
37  5  6.42499864144286500D-03 -5.58464491752663100D-01 -4.50091780900723900D-01  4.69879131957538100D-02 -5.10625628143887600D-02
37  6  4.38518870897297900D-03  4.66773741054156000D-02 -4.85993635536265000D-02  4.20436307078868400D-04 -9.97327712485317800D-05
37  7  1.19060022087347100D-02 -5.90468968683400800D-04 -2.73490451887833700D-01  1.52046549206916900D-02 -6.60512592356616700D-03
37  8  5.31862793839590100D-03  2.55110353678248500D-01 -2.63970997715123300D-01 -1.95461628529388200D-02 -4.58413219902125500D-03
37  9 -1.76317999332828700D-02  2.22159321323043900D-02  2.16531438580920600D-02 -2.18929669952257800D-03 -1.52999362453328100D-04
37 10 -3.59596562678042800D-03  4.19079135490684300D-03  2.35284142009747400D-01  1.42034727028094900D-02 -3.33392588312376600D-02
37 11  8.24451430564965800D-03 -1.59216033128736800D-02 -1.62513004510642900D-01  9.04618346782189500D-03 -9.45137409291182800D-03
37 12 -5.96863350825536800D-03  1.54200076011671700D-02 -2.56286240777588400D-03  1.30317275671544800D-03 -2.30143952230243200D-04
37 13  4.43767002171005500D-03 -1.21073232923044600D-03 -7.16427339844968300D-02 -1.52334604638248900D-02 -1.41860544960531000D-03
37 14 -5.14330149399728300D-03 -7.98608780397636900D-02 -8.56879292062649700D-02 -1.19263415864703400D-02 -7.12937971554001100D-03
37 15 -9.17818360495637300D-03  1.63075633204965000D-02 -5.96320831452027900D-04 -6.83881600543872700D-04 -2.08691884069797100D-03
37 16  1.13331287251920400D-02 -1.14702519017470900D-02 -2.65226125417626800D-01  1.62727502672156600D-02 -1.72441377337020400D-02
37 17  2.91053835763967000D-04 -1.77009982140295500D-01 -9.60905524148102500D-02  1.68543706050892400D-02 -2.55293206009828200D-02
37 18  2.82563170926511000D-03  2.27036888917166900D-02  2.49611441162551100D-03 -1.82728763907654300D-04  1.74670641421059700D-03
37 19 -1.06960371558712800D-02 -7.21778573861803800D-02  1.30367767794332500D-03  1.17670128591773900D+00 -3.03049369425852300D-02
37 20  2.38279035397755800D-02 -3.24045308312482800D-03  2.30379898555275500D-03 -2.54318658076556300D-01 -5.31911085831085600D-03
37 21 -1.94157811872469200D-01 -7.36619722643400000D-01  7.45718108236164800D-02  4.59149298996987500D-03 -9.80599641993251300D-03
37 22  5.21450342996199800D-03 -3.38620651685826100D-04 -2.56813522316460400D-04  1.22778545621772700D-03 -6.13003808136134500D-02
37 23  9.38600737061266900D-02 -3.25596928925132500D-02 -1.17475777832788700D-02  1.59218163991437300D-03 -4.57822920910323600D-03
37 24 -1.63817114648333600D-02 -6.88191029059147300D-02  1.19293476704342100D-01  1.83830864144092400D+00  4.51525620605901800D-02
37 25  1.46966110843667600D-02  4.97181511737079200D-03 -2.46987439087107000D-01 -1.42394802154180700D-01  5.34222696924938600D-03
37 26 -1.17678643401833300D+00 -6.80572416612050600D-01 -7.90264602589063600D-02 -1.03266975544615900D-02  2.59907416344460700D-03
37 27  7.72762339101740700D-03 -8.04611049340510200D-03 -1.14122945216664500D-03 -3.45110433539853500D-04  7.76247969539000200D-02
37 28 -2.61807492519488200D-02 -5.14440477019511600D-02  8.38343564360202700D-02  4.99345266444760400D-03  4.25611550232258900D-03
37 29 -6.04027752026513700D-02 -5.61092800219817600D-01  3.18380549112145200D-03  3.28121021443570800D-03 -1.06690737242713800D-03
37 30 -1.00662792919423300D-02 -3.25816878500002000D-01  7.49299569368528900D-04 -3.77437165050030200D-03  1.45694663626677000D-05
37 31 -3.42240102260300800D-03 -1.15429554185618900D-01  2.25936473704281100D-04 -5.30488874194818000D-04  1.39990381032454300D-04
37 32 -4.42519221778808500D-02 -1.73131352410913000D-01  3.16028136433215000D-03  1.05986302261698600D-03  7.94621072621403400D-04
38  1 -8.43333798522158600D-03 -1.92519211934149700D-02  2.34037546198684800D-01 -3.01891176610763100D-03  4.62855080549916500D-02
38  2 -3.31917768003978600D-03  3.00384361292836600D-01  7.15915535779397400D-02 -1.90290756664279800D-02  5.33649990825843000D-03
38  3 -5.79240996584546800D-03  4.55910057587349500D-04 -1.77191873795315400D-03  4.39908278074111600D-05 -1.34322410870774400D-04
38  4  5.83313188481386100D-03  1.23105337449503900D-02 -2.76092175875693600D-01 -3.85193537491019700D-02 -2.16062508202775100D-02
38  5  3.14544837625526600D-03  7.39758848799639300D-02 -3.42678064066652200D-01  1.86773633113995800D-02 -2.29815899224926000D-03
38  6  1.33363297007927200D-03  9.64526022170554700D-04  3.59744470464527800D-03  2.74992759703873300D-04 -1.04853850179709000D-04
38  7  2.96452442428819400D-02  5.38501816285300300D-03 -1.02907748310574700D+00 -1.07881838678481000D-01  5.11755402371280300D-02
38  8  2.86619927739489200D-03 -4.68989563815698200D-01 -7.73981030506993400D-02 -4.31564126811214800D-03 -1.01019421477544700D-02
38  9 -5.37691040582823400D-05  1.01557112518125900D-02 -1.80030395961842700D-06 -5.79770412828215100D-04  3.10686525350912900D-05
38 10  1.82217040420125200D-02 -4.97069585642550900D-02 -7.61846217806847600D-01 -1.79962377435192000D-03  9.53872300066941500D-02
38 11  1.29719644202429600D-03  6.86400004742309700D-02  7.15494772783696000D-01  5.58424098558609000D-04  4.31191275967388800D-03
38 12 -9.18660215001548100D-03  4.87468939034160700D-03 -7.96602460938382500D-04  4.44355141532455000D-04  2.20954519785518000D-05
38 13 -1.73442709485458400D-02  5.13379373893458200D-02  7.81368876271514600D-01 -8.49659886313935400D-02 -4.79509956643546400D-02
38 14 -1.15839589350474000D-03 -6.00662500711067100D-01 -4.13596112560812700D-01 -2.84329521274860100D-03  5.04586243141734800D-03
38 15  2.90337516305677500D-04 -5.33619994772288600D-03  7.96333179820004800D-03 -2.68808464571977500D-04 -5.09281940280904600D-04
38 16 -2.72373815617688100D-02 -4.87103503493027600D-03  9.47924654879554800D-01 -8.91217527732634800D-02  6.30139862858932200D-02
38 17  3.41039993153479300D-04 -1.47709476972706400D-01  4.38598632511069500D-01  6.57065253450291200D-03  1.82573435039475300D-03
38 18  6.03280203712291600D-03 -7.85853638751745000D-03 -5.55180224497790700D-03 -1.51529857351609900D-04  4.60146330526220200D-04
38 19  1.57309691988156900D-03 -2.96508595086608500D-02 -1.00410542041260500D-01 -4.63746176441837500D-01  9.44568263207123900D-03
38 20 -1.92453069314116800D-02 -1.01781751490805300D-03 -1.19037744943873500D-02 -3.93244314945528800D-02 -1.90495803574145000D-03
38 21 -2.13874410856932900D-01  7.41601160352507300D-01  3.19221329465760500D-02 -1.92479674333705500D-03  6.85557554775176700D-03
38 22 -4.93077880441469700D-03 -1.28421131039176200D-04 -9.67270720572925300D-05  5.28755741955469400D-04  4.93582897837639600D-03
38 23 -2.29579421484666700D-02  1.80221131700903000D-02  8.30109627158547400D-03  4.01413754791650700D-04 -1.77059128277999100D-03
38 24 -1.91139503521227600D-03  1.97779777674856300D-02  8.22756952943684300D-02  5.35258527230052000D-01  2.60339469803004900D-02
38 25 -1.56080715284251500D-02  1.80577166354910200D-03  1.08750384580941900D-02 -2.63550159707502200D-03  2.78032448731031100D-03
38 26 -7.92735316243473400D-01 -9.15790174392400600D-02 -3.49416891761445500D-02 -5.96562847790133200D-03  1.44089124881430500D-03
38 27  4.52473722908713000D-03 -3.78538593893985600D-03 -4.87638470257642300D-04 -1.80259521328593400D-04  2.91776672503052800D-02
38 28 -1.05455659825076700D-02 -1.86321012677975600D-02  1.10597955664279700D-02  1.82363789001395900D-03  1.38621481999163600D-03
38 29  7.39585646046073100D-03  8.85150560091801800D-01 -1.32485985972000900D-02  5.36941890521664700D-03 -2.65035952023309300D-04
38 30  5.92469966217461000D-03  1.19419881975945600D+00  1.73792999424913400D-03  1.50881787042908700D-02 -6.37621280772299800D-05
38 31 -5.39201557433332400D-03 -1.21473465148109000D+00 -1.24516234185236600D-02 -9.56154702641187500D-03  6.82802689331448300D-05
38 32 -7.86564286928127300D-03 -7.88245221054377200D-01 -1.02803167260147300D-02  7.51033371610963800D-03  2.76109135381046000D-04
39  1 -4.38023823026246300D-03 -1.34499946503468600D-02 -1.82867966145361900D-02  5.81412185066038400D-03  7.22832879758806200D-03
39  2  1.08531727388371400D-01 -8.86993054370424400D-02 -1.52673979210032300D-01  5.35453857926052200D-01  6.85743143675558500D-03
39  3 -1.27159914224120700D-02  5.85855998565615600D-03 -7.33537843666944100D-04  2.28168066614753400D-03  1.08788631321332000D-02
39  4 -5.81271083109413000D-03 -1.07456719662151800D-02  7.25640379975928100D-02  3.01154154112910600D-04  1.18441250096830000D-02
39  5 -9.31204602428441500D-02 -5.05759455649360300D-02 -2.05348590050036900D-01 -4.95478525869783500D-01 -6.65712159072654800D-03
39  6  1.96157056686154200D-03  4.69555102386487100D-03 -8.32036552145654300D-03 -9.02893573821894400D-03 -6.39185100771325100D-03
39  7  2.33727493880363900D-03  1.63399947069892500D-02 -9.22084049979879600D-02  1.61981211107600600D-02 -2.39435909184281900D-02
39  8 -9.09239544527218700D-03  2.36275496890125100D-01 -2.42052381942442600D-01  1.45453093070022700D-01 -7.83257394873265300D-04
39  9 -4.88527581123742300D-03  5.66853320611072300D-03 -2.32793389510087700D-03  8.40595354915047100D-03  2.28309211359822300D-03
39 10  3.94151521326059000D-03 -1.27602458680664600D-02 -1.56605061640224600D-01 -1.59467348982166400D-03  3.20190209817255900D-02
39 11 -5.58337790329944400D-02 -1.53820851183272900D-02  2.44809846476791100D-01 -1.47337001807594900D-01  3.77156174391875400D-03
39 12 -5.48532099024342600D-03  1.71375924632479000D-03  2.16592664926618300D-03 -5.64713144461392100D-03 -9.42675868133518800D-05
39 13  2.80301751085030400D-03 -4.80312956016853700D-03 -1.07538476482202600D-01  2.16013581947928600D-02  1.00473069442358400D-02
39 14  6.28234612520021200D-02  1.32489733716083200D-01  4.95399031164748900D-02  1.59129744807641700D-01 -4.52465260070889300D-03
39 15  2.00110602691959600D-03  2.52354657378960700D-03 -2.26661446176773700D-03 -1.92290097965212900D-03  4.20744498051336800D-03
39 16  2.49149882641518500D-04  1.30155001491423500D-02  4.09052395220741100D-03 -3.17146969506388900D-02  7.38668332844502900D-03
39 17 -4.45177051952827400D-05 -2.96885611579028400D-01  1.07407603025718100D-01 -1.68990911245715500D-01 -3.01218189852887600D-03
39 18 -1.19927289918796200D-03  4.21145479771654800D-03 -2.95962714552627600D-03  3.02624648574181400D-03 -8.82455180692877400D-03
39 19 -2.23942663075654500D-03 -1.42683160560446900D-02  5.33235722712585300D-03  2.18007849207225900D-01 -2.30081800470670300D-02
39 20  6.66001293254031000D-03  5.44818739042071000D-02 -3.16404104188229400D-02 -3.79952763591663400D-02  1.19688700253968600D-01
39 21  1.19752560893170400D-01 -1.34931732073244700D-01 -1.13670639919070900D+00  4.40601885785550500D-04 -8.85945802682403600D-04
39 22  4.45343916896758000D-04  3.22945251284982600D-03  2.04060540893678100D-03 -1.74084692566638800D-02 -8.71644948155451800D-03
39 23  1.28199138811400600D-02 -4.10346439958540300D-03 -1.23475401521551200D-02  1.65897848394818400D-03  4.96328646204400000D-02
39 24 -1.42832220843164200D-03 -1.44955937416177500D-02 -9.42913415677696000D-03  1.48172288302944200D-01  1.60840332047733100D-02
39 25 -2.07416207281090100D-02 -4.96543486974200200D-02 -1.42959305579298800D-02 -4.05281153504665100D-02 -1.04259881684910600D-01
39 26 -1.06923674325608000D-01  9.82133527662898000D-02  1.05134022459150500D+00 -2.57103805280691500D-03  2.60975220127651400D-03
39 27 -3.87141484697002200D-05  1.46491101334870200D-03  1.46915417206636300D-02  6.12603923347637700D-03  1.61905350677135100D-02
39 28 -1.60995027044217800D-02 -9.10323632917184500D-05  4.00599021034189300D-04 -3.88877340857058500D-02 -2.50237318780114300D-02
39 29 -8.33763887024688800D-03 -3.33126426317162900D-01  1.52402917449578500D-03 -8.40049761217355900D-04  4.08348659300516200D-03
39 30 -3.61959899511408100D-03  3.57933023162353900D-01 -1.00669279693574500D-03  4.79007944740795100D-03 -2.39132515512311800D-03
39 31 -5.35652814434252000D-03  2.17162595135168700D-01  3.56573509312512700D-03  7.58059784945289400D-04  2.82782386948464300D-03
39 32 -9.43629530426879200D-03 -3.73952723356770900D-01 -2.23111316920069500D-03  1.98904189599127900D-03 -4.79819697197245800D-03
40  1  1.76441154864171200D-03 -2.48953094302168400D-02 -7.76674151296630600D-01  8.83258577078506800D-03 -1.13779277572589500D-02
40  2 -2.46225782397045800D-02  5.20806776283942100D-01 -3.46022754008628000D-01 -1.06849481131354000D-01  1.27237942881665800D-02
40  3 -3.86100397242942300D-02  2.58862454361265000D-02 -1.34104383571913800D-03 -1.07640531593738200D-03 -2.78489756056418100D-03
40  4 -1.86232325017038400D-02 -1.05119926097493700D-02  9.78255674500277100D-01  2.17122593549422300D-02  3.36224267831867800D-02
40  5  1.91785016927902100D-02  3.17019579387164100D-01 -8.77833140080381400D-01  9.44580693241317000D-02  4.68161182958624000D-03
40  6  2.26139058926151400D-03 -6.94300241884790200D-03 -3.31581851233178600D-03  2.20813367516130200D-03  1.77566226660136900D-03
40  7  1.47589101131880000D-02  8.34824458049249500D-02 -7.18013945674552900D-01  4.79167346441418000D-02 -7.79098447094667600D-02
40  8 -1.21693040860173500D-03  8.66813939265939700D-01 -8.90464341309181400D-01 -2.16627449374759800D-02 -1.20212822076224300D-02
40  9 -7.29092048450689100D-03  1.93122026921287100D-02 -2.05961068963729200D-02 -4.62931692363485000D-04 -6.22970740836450200D-04
40 10  3.01484848414034400D-03 -9.57211015434148300D-02 -2.10132763815997800D-01  1.21113951106576700D-02  1.07511881544522600D-01
40 11  8.64675073992687700D-03  3.48595069183486000D-02  1.41065369015011100D+00  3.34250384165443400D-02  2.56030373278659900D-02
40 12 -1.44533892304719300D-02 -1.11496480973937400D-02  3.58137511671907000D-03  6.05202100362308200D-04  1.81043597795075400D-04
40 13  1.19382762997890000D-02  6.29766943251622900D-02 -3.79667198956762700D-01  1.34337924776344700D-02 -8.73607574332205600D-03
40 14 -1.40597022502719700D-02 -4.86219888071187800D-01 -4.30336713760255000D-01 -3.62512282532192300D-02 -1.01978678904154700D-02
40 15 -1.10044032184870800D-02  2.12022711089036600D-02  5.78264471013052600D-03  1.10628679092481800D-03  6.93283065528512200D-04
40 16 -1.31344042113297800D-02 -3.32224915037629800D-02  6.53201849854734200D-01 -3.02031672373405800D-02  1.77934808618147000D-02
40 17  1.15507231320571200D-03  1.58497318612926500D-02  5.32129537008352700D-02  3.44215565692173300D-02 -1.51243808329742400D-02
40 18  2.02986864210074300D-02 -5.17430558803357600D-03 -1.21858245255347800D-03 -6.57458153556444100D-04  1.03545938079892200D-03
40 19 -1.08346250975917100D-02 -2.39948420273259400D-02  1.09897547049925900D-01  1.21641676160095200D+00  1.00117345644628400D-02
40 20  3.77579250650205400D-02 -1.12984840917472900D-02 -5.61299612642100100D-02 -1.27675240652198200D-01 -2.65554284402062600D-02
40 21 -7.56943521538855600D-02 -1.18802829639927900D+00  2.41884470424277600D-01  2.86522865280531900D-03 -8.92073040317671600D-03
40 22  6.05550175037129600D-03  2.13845464709308400D-04 -3.58240402582648700D-04  3.64145214322769200D-03 -2.66601207979676600D-02
40 23  6.88592132096065000D-02 -4.21990924116386200D-02  1.89032556980017200D-02 -1.84306556852775200D-03 -9.56540745864786600D-03
40 24  5.20612461699138600D-03 -1.84823665695390400D-02 -1.07397764992139900D-01 -6.20403040410428400D-01  1.43946319141198100D-02
40 25 -6.29028934211573300D-02  1.05354091881962400D-02  2.96520892039601900D-02 -9.71028205814560000D-04  2.59437476771066600D-02
40 26  6.09260034008413300D-01  7.95455564026533500D-01 -2.23691027250219200D-01 -1.43565768562134500D-03  6.85281208664607200D-03
40 27 -5.41715440102483100D-03  1.00707771116757900D-02 -3.05982362146359100D-03 -1.39633899577762100D-03  1.73497996165015200D-02
40 28 -5.42767804309506500D-02  3.69269808144492100D-02 -4.96436264149709400D-02  6.48304177347711200D-03  3.25042230929392200D-03
40 29 -1.39817892923489800D-02 -9.67003019479164200D-01 -7.46756325964124900D-04 -3.42480200432010100D-03 -1.79556713160007700D-04
40 30  9.60512979844805500D-03  1.69381009994645300D+00 -3.22559169902404000D-04  1.43598450768180400D-02  6.60954191700330500D-04
40 31 -3.09043806927833400D-02 -5.02111173496674700D-01  4.95312097612407800D-03 -7.23358575338393300D-04 -9.66054660286674600D-04
40 32 -1.53922840879170700D-02 -4.56015803251942700D-01 -5.79834686036801100D-03  9.70628296877652400D-03  7.09241332915641600D-04
41  1  1.16011279263663500D-02  3.31201799302815800D-02 -6.20015859549552700D-01  1.61129133278360300D-02 -7.06002568530529900D-02
41  2  2.38087576087347600D-02  6.46911071253254300D-01  4.51616033386650900D-01  7.96654524155038100D-02 -1.75548068121781400D-02
41  3  1.51078962738907800D-02  2.44691053828774600D-03  1.60078558506190500D-02  1.62301410837231500D-03  3.35602971785265900D-03
41  4  4.51485276135743600D-03 -1.81902530404461500D-02  2.16139627130407800D-01  5.47493289766703600D-02 -5.55598709251439000D-02
41  5 -1.77158229908580900D-02  3.10674582332122800D-01 -3.67895133027652300D-01 -6.64964074007666400D-02  2.44506708722905600D-02
41  6  7.34156386555943400D-04 -2.51848272588456100D-02  1.09324464577222400D-02 -2.29393237129841800D-03 -2.41617861550392900D-03
41  7  2.32516667595745700D-02  2.24133262858145100D-02 -1.01779663705083400D+00 -3.34533787878743500D-02  4.21888431935807500D-02
41  8  8.10027087628892100D-03 -2.58799902069052300D-02  1.14419480858614800D-01  3.36540363711389100D-03 -1.12788976624789500D-02
41  9  1.58436968156097500D-03  9.69452798091739200D-03 -7.57677669946405500D-03 -2.11643811521107300D-03  5.27431225305177300D-04
41 10 -2.48592692942211000D-02 -5.46055683625780100D-02  8.75159802937036000D-01  1.88930402716968700D-02 -4.41046766424356400D-02
41 11  1.45987698341111700D-04  2.26433683563618500D-01  4.83957222713814100D-01 -2.92887808133333000D-02  9.97549389848384700D-03
41 12  1.31823548322387700D-02 -2.31578487307229500D-02 -4.57191570978261000D-03  9.36310887453418200D-04 -5.50037767415801800D-04
41 13  3.89668789126097300D-03  9.27536975070445800D-02 -4.66653938182331300D-02 -9.63910250615467700D-02 -9.56287271731537200D-02
41 14  9.80991564660337400D-03 -1.39405323682631200D+00 -8.87594833609235300D-01  2.76696380238079300D-02  8.81146752745795000D-03
41 15 -1.74507488586277700D-02  8.63928133116953800D-03  2.29229080880183300D-02 -2.16223969919902500D-03 -3.32148463728835600D-03
41 16 -4.81188790378403800D-03 -1.02874710254968200D-01  3.53251952539912200D-01  1.51564042074353300D-01 -4.17997862790044400D-02
41 17  2.14711772293636300D-04  1.57404313846342800D+00 -8.10449888219669100D-01 -1.99207722662406300D-02  3.73420168974417500D-03
41 18  1.05719447055824600D-02 -1.43061463953257000D-02  2.14687401268712300D-03  5.18215318881727600D-04  9.17726864102252000D-04
41 19  1.81177673708317800D-03  2.19566003341284900D-02 -3.27850521934467600D-02 -1.78399995127526700D-02 -1.53172294992663700D-02
41 20 -9.19369251557888800D-03  1.04019646092713000D-02 -2.46711029943520200D-02  8.37195165609769900D-03  2.72760691902378700D-02
41 21 -7.18848263286765700D-02 -3.89584730556746600D-01 -2.17661365150042100D-01  2.86277220949714100D-03 -7.12430198240796200D-03
41 22  4.26152977291128400D-03 -6.40935222611192400D-03  1.64793373641281700D-04 -3.11441637682840800D-03 -5.80587056124523900D-03
41 23  2.28587850305405700D-02 -1.70529144692957100D-02  2.78816728651490100D-02  4.20267281057649800D-03  6.59742000710734000D-03
41 24  3.03231382537893200D-03  2.50463454092290600D-02  3.52432044942786500D-02 -5.91171167676848500D-01 -1.92880124179212400D-02
41 25 -1.44394681568888000D-02 -7.70490280147301900D-03  5.01223857775964100D-02  6.61276974192337900D-02 -2.75278088232913600D-02
41 26  1.73442437268598500D-01  3.74185392328997800D-01  1.97881019292053200D-01 -1.68427960681337300D-03  3.86554543301477900D-03
41 27 -2.18126582620093100D-03  2.48815853243341600D-03  2.62707117167821100D-03  1.40999493198994900D-03 -9.97152104108740300D-03
41 28 -2.00091539558455100D-03  1.19724364366719600D-02 -2.97625139776338000D-02 -2.48272688987652600D-03  8.66323092638489300D-04
41 29  8.20051951422809500D-05  6.22206626584649400D-01 -1.34118999075637300D-02  3.16180169877499400D-03 -1.04124203128581400D-03
41 30  3.11138366386039700D-02  8.22018204994209900D-02  5.57865126895878700D-03 -1.21177527125451700D-02 -7.29953875619800100D-04
41 31  7.86534707352324000D-03 -1.89256063833627300D+00 -1.50606787787111000D-02 -8.61612672007813400D-03  1.28748622546359900D-03
41 32  5.26899005927535100D-02  2.00153822657626500D+00  8.46649633968402300D-03 -7.60028966209708000D-03  1.63513110107916100D-04
42  1 -2.74945745687949400D-02 -7.00010062952331500D-02  1.12922534334179700D+00 -6.63913470214844700D-02  3.98381598045032200D-03
42  2 -8.94541657478666900D-03 -3.65032017647770300D-01 -1.33640390944606100D+00 -1.39474996097354400D-02  1.38420161371597700D-02
42  3 -1.32329366552321900D-02 -6.09079481927371800D-04 -2.05245138306376900D-02 -1.32269404357680700D-03 -1.45554215396685900D-03
42  4  2.24972188640190400D-04  6.12137102773524200D-02  1.21044326892004500D-01 -3.35511591259547200D-02 -8.64435305936084600D-02
42  5  3.30915240050737300D-03  1.29967999980002400D+00 -2.90733946966292200D-01  3.13043753395189200D-03  1.86808898863519200D-02
42  6 -2.21983435395949700D-02  3.51745365324279000D-03  2.57793362078066400D-02  1.12247195141962300D-03  1.12396435687316300D-03
42  7  1.44287161190133700D-02 -8.73194884911419900D-02 -5.59350125689376400D-01 -6.19123143603788900D-02  2.31494510443365400D-02
42  8 -4.36423338334132600D-03 -1.26656429528864700D+00  1.61052096628634400D-01  1.72574366731758600D-02 -5.43090470526028900D-03
42  9  1.40493954913844800D-02 -8.61849078612489900D-03 -1.81404458915445300D-02  2.54931778666817100D-03 -3.66622056880027200D-04
42 10  1.47387438022615600D-02  7.02255364755784600D-02 -6.74037114093248300D-01 -2.71070330720793900D-02 -4.41600354952455500D-02
42 11 -6.67609454400593500D-03  3.33334016409113000D-02 -1.13470223116594200D+00  5.58998149138136900D-03 -1.22036224536285800D-02
42 12  1.41524119939782700D-03  1.07883812542311800D-02 -6.88707510628353900D-05 -9.92499056573705600D-04  4.59149357830846000D-04
42 13 -2.79082820922973600D-02 -7.02015803374601600D-02  1.01345637456407300D+00  3.07068130677788800D-02  2.82699358015638500D-02
42 14 -2.14917108786182900D-03  9.14227801357942900D-01  7.38786159876140600D-01 -7.28681156653205800D-03  7.73085933441094600D-03
42 15  7.36575718524505000D-03 -1.50966165196561900D-02 -1.45997736041142200D-02  1.35648041085187500D-03  3.07016718347257700D-03
42 16  3.54080853017815600D-02  1.53642530801212500D-02 -1.83064444977581900D+00 -6.78469851155267500D-02 -4.94004731257835500D-03
42 17  8.80865260113408900D-04 -1.15169673662527700D+00  4.70669745595608500D-01  2.27160090098965700D-03 -1.54885465963740600D-02
42 18 -1.12999603946584000D-02  2.67885069910312300D-02 -3.50875218059104100D-04 -1.50426753495482000D-04 -1.43120789905194300D-03
42 19 -1.16941689127128800D-02 -2.47343961734424100D-02  2.13895301619701400D-01  9.77119529781474900D-01  1.17385462055816800D-02
42 20 -1.48359676401187600D-02 -2.46009167466931400D-03 -2.52703750350081800D-02 -1.14088510051729600D-01 -9.15024112897222300D-03
42 21  3.11094179555938700D-01 -7.89233879465011700D-01  6.61331492118302900D-02  1.04894939949935100D-03 -2.07204169622557000D-03
42 22  1.02309229672531400D-03  1.10236914544580500D-02  3.25404629985245900D-05  8.43893813162204400D-04 -1.57136793686080900D-02
42 23  1.14074724692274900D-02  4.30620689937972000D-03 -2.21442697126215300D-02 -3.24877803875220400D-03 -7.64571466837335100D-04
42 24  1.34510914342280000D-02  4.07268495053401300D-02 -2.11356412681944600D-01 -1.24334517183596300D+00  2.02556186007644000D-02
42 25 -7.44911228116158000D-02  2.96144394607091500D-03  1.63784530588064200D-01 -1.26114230413209600D-02  1.47350237428275200D-02
42 26 -4.99003013078326600D-02  1.11636395049944200D+00 -6.33452683879724600D-02 -1.46052151171985600D-02  1.28808249526421400D-02
42 27  1.72439016455589100D-03  7.61044187885572900D-03 -6.91367296525720000D-04 -5.25120881886343900D-04  5.31877465501887900D-02
42 28 -5.89711268568716300D-02  5.78338030668283300D-03 -3.13918037298271300D-02 -1.42145628538979000D-03 -3.03487492373490000D-03
42 29  9.30072163882591200D-02  1.94015788113828200D+00 -1.08639607998546800D-02 -2.11450033329871000D-03  1.34330102368686900D-03
42 30 -2.38687664856520800D-02 -1.06574154058329700D+00  4.35287556462726900D-03 -1.43647250722873200D-03  2.33401881739818600D-04
42 31 -2.46411412499064600D-03  8.42098246446861200D-01 -3.21149084631907800D-03  4.33860874186859100D-03 -7.34891793939949900D-04
42 32 -3.26641929307140200D-02 -6.55298807869435600D-01  5.06542482118322700D-03 -5.30748471703564000D-03 -5.01829001218768900D-04
43  1  9.46592337675197200D-04  2.93975071875132500D-03 -1.90604970314929600D-02 -5.51464699681395500D-03 -1.50608839770621800D-03
43  2  1.41419311868637000D-01 -5.39190278976421400D-02  8.02022383579076200D-02  3.24750003656151400D-01 -1.32504466453488200D-03
43  3  1.96786349221413900D-03 -6.42818827679267400D-04 -8.36079707812759100D-04 -2.05578170984488200D-04  1.31073711572534300D-02
43  4 -1.62020245052741100D-03 -2.50733499906293800D-03  6.35001089061037500D-02 -1.72628712426228600D-03  1.29929209825994500D-03
43  5 -1.68525905632891300D-01 -8.93428363001817600D-02 -3.58314164437297500D-02 -3.70226220257925100D-01 -6.11172499994487400D-04
43  6 -1.27620465064786500D-05  6.23934546501010900D-04 -1.24217895247266800D-03 -3.77402767785438100D-03 -1.12778577272518500D-02
43  7  8.01816292240255500D-04  3.73959658760061800D-04 -5.80904097409344400D-02  1.99714310582387600D-03 -3.70396422394492700D-03
43  8  2.64480454281933600D-01  5.42105208493654200D-02 -4.16541216627782200D-02  6.97767807637363600D-01 -2.33677261091962100D-04
43  9 -8.69439457035025100D-04  1.10311671812695800D-03  2.95568412545822900D-04  2.24367642692362100D-02 -1.35765348178839400D-03
43 10 -1.17648535352968800D-03 -3.03336165608268300D-03  4.52079176864236000D-02 -1.84563728752661900D-04  1.47493373198761500D-03
43 11 -3.20010188006432600D-01 -3.72397377570446400D-03  4.59666873388757800D-02 -8.73155715896812600D-01  5.73928730150714000D-04
43 12 -1.32014289377393900D-04 -4.41914440773299200D-04 -3.17693482408685000D-04 -1.20019592596062600D-03  2.04323227446154300D-02
43 13  7.32903476892834100D-04  2.56163311208921000D-03 -4.02617994514190800D-02 -5.33495453114309100D-04  3.40367832001631700D-04
43 14  3.00563812085089400D-01 -3.64586468860747700D-02 -1.13099407727683800D-02  8.19243356361826800D-01 -1.83759609152881600D-04
43 15 -3.65609400427898200D-04  5.49369009580786900D-04  1.91966309903810400D-04 -2.15632943809959400D-02 -3.17095034276443800D-03
43 16  5.72305231232155600D-04 -2.40754226225033200D-03 -1.07520719254607700D-02  2.02645722610270800D-03 -5.71400964742255700D-04
43 17 -2.05195007036480100D-01  3.86435819883936300D-02 -3.82460893213048800D-02 -5.75787951314774600D-01  1.15428664192218700D-03
43 18 -3.05932903745387100D-04 -8.48353738176746900D-04  1.62221614142580600D-04  8.20263196953214200D-03 -1.50459645605124800D-02
43 19  8.65748000914368900D-04  3.53024495607071400D-03 -1.06982700084222400D-02 -1.01773419033858600D-01 -1.75464044804518900D-03
43 20 -4.64490454763795700D-04 -5.30633466945847600D-02 -1.84174681917338500D-03  1.26298745854308600D-02 -9.35438012084884300D-02
43 21  3.48890230643021900D-02  4.30810251581285900D-02  2.23651719390399800D-01  2.28998262035867700D-05 -5.37738478901089600D-05
43 22  3.08740216865633400D-05  8.40577856505539400D-04 -8.05686430858800300D-04 -3.52600414777333700D-03  7.83311756548067700D-04
43 23 -4.40336141982802800D-04 -3.42975614565137600D-04 -2.83977633060192000D-03  3.82722113747574600D-03 -1.30210753865108900D-02
43 24 -8.34817830366086300D-04 -2.78247086475722600D-03  1.25044767020738900D-02  9.62318278310130600D-02 -9.94953691844884400D-04
43 25  2.21857595857949100D-04  7.77516993600824700D-02 -1.06342614253149000D-02 -6.49301185349005500D-03  1.66586008941775100D-01
43 26 -4.07712538041329600D-02 -2.65227811419871500D-02 -3.33540474050868700D-01  2.40419545543796900D-05 -5.90566894530529000D-05
43 27  3.50147348986700500D-05  4.42816660040555700D-05  2.71800066945914700D-03  1.79774837401374400D-03  1.97771851017765800D-04
43 28 -7.44171505514264100D-04  5.46399654496542500D-04  9.26897625557256000D-04  1.24557501825711400D-02 -1.02601796930203300D-03
43 29 -2.04793375360915800D-03 -5.76133736706110200D-02 -3.50135946438292400D-05  2.54871875170362100D-05  1.98914522823368600D-02
43 30  1.24125791600107500D-04  3.25183815495973700D-02 -1.21425988114614900D-05 -8.99538095885494900D-05 -2.41641179452457800D-02
43 31 -1.65879039656916300D-03 -2.72083349223369500D-02  7.16806597525715400D-05  3.74014782452913200D-04  2.36173056811477100D-02
43 32  3.74463864165217500D-03  7.66339563115040800D-02  9.86587779106740200D-05 -2.23926898823092900D-04 -1.57988874737880000D-02
44  1 -1.53178768711852100D-02 -5.18980574251496800D-02  8.59135489355663800D-02  1.86999324906705700D-01  1.15804719604573200D-02
44  2  2.00786250146269100D-02  1.52650687094187900D+00 -1.78562508862407100D+00  1.95292751163416500D-02  2.86940592173995000D-02
44  3 -4.43023174792137700D-02  1.56082582618144200D-02  3.25382990540698700D-02  2.01351857417908900D-03  3.55685855086103100D-03
44  4  4.67936158749079000D-02  4.10884552891201100D-02 -1.80853804564695600D+00  7.31342732204689200D-02 -2.08661724955827300D-02
44  5 -1.61335765712889600D-02  2.06994543075769300D+00  1.01042681458109800D+00 -1.29364825271017000D-02  1.62025971540744200D-02
44  6  9.38713872233228400D-03 -2.55897358764075300D-02  2.21675227317117100D-02 -1.84052117612893700D-03 -3.23194893189955400D-03
44  7 -2.26329810396633400D-02  1.99587768062810500D-02  1.61725572100934200D+00 -2.91683928599934800D-02  1.02183545579047100D-01
44  8  3.04553387087792700D-02 -1.02864269878231600D+00  1.13608126635380600D+00  6.82060799223035000D-03  9.39093058713953500D-03
44  9  1.75208446682710900D-02 -2.69117752554096900D-02 -1.21294577880937300D-03 -4.33954601926658000D-03  2.84624787096078700D-04
44 10  1.87630972909221400D-02  5.06376571719944800D-02 -7.77488611880281100D-01  2.57754103689726000D-02 -3.89609457546423700D-02
44 11 -2.37639624043612900D-03  1.28671375759759600D-01 -8.80071752003249400D-01 -5.84439194839838600D-02 -1.34769394017914100D-02
44 12  8.00775363854818600D-03  5.46918576324274900D-03  8.42696967692672400D-03  2.94681065288398900D-03  3.32059099487572300D-04
44 13 -1.02940585304991200D-02 -4.86616148251075000D-02  6.38907606954377900D-01 -2.88254462544756900D-03 -2.55245342559743000D-02
44 14  1.55847454125806900D-02  5.49562789026326600D-01 -7.74606154096556500D-02  4.77148811805995100D-02  3.34372312543269400D-03
44 15  5.10343886200600300D-03 -8.44716198743870000D-03  5.56413247510280600D-03 -4.11348798664080000D-03 -6.35893062531933000D-03
44 16 -2.11271021245240800D-02  4.94147719199533900D-02  7.15130543013653600D-01  1.62497936938224400D-03 -1.42124005801153600D-03
44 17 -8.98554763132350000D-03 -4.71620725564974200D-01  6.35761732431666600D-01 -1.90883942554251100D-02 -2.35824967306846800D-02
44 18  1.05782941405116400D-02  1.30042025901715300D-02 -9.08524802229006500D-03  3.26533323546451100D-04  2.77762575354113800D-03
44 19 -2.03782871665640500D-02 -8.21497368786146800D-02  2.44984515130648700D-01  2.55303821796071700D+00 -9.29519598897030800D-03
44 20  7.50815943212036600D-03  2.39220748429637700D-03  1.09474980860393900D-02 -3.26552451942478800D-01  1.32422906457701800D-02
44 21 -8.31401161571595400D-01 -1.06480019316990600D+00 -8.11507878017755400D-02 -2.81546795065660900D-04  1.37381229479825000D-04
44 22  1.44165565584803500D-04 -2.41591399952849500D-02 -2.25573307498920300D-04 -1.20980615978346100D-03 -1.92274230483690400D-02
44 23  1.91493386469897400D-02  7.80844013773506200D-05  7.40294407903823700D-02  6.68351852480843000D-03 -1.58445097241236800D-03
44 24  1.78392836546900900D-02  6.41373144052329200D-02 -2.54738474597515500D-01 -2.37575963687592300D+00  2.15615004680471400D-02
44 25  2.05329287792781000D-03  2.11503730960432500D-03  2.42498763472751900D-01  1.60461132833855700D-01 -1.30818648559531300D-02
44 26  1.09868647870051600D+00  4.77046809976020400D-01  6.66533391207784300D-02  1.69165833579361600D-03  1.06816369986252800D-04
44 27 -1.79847470577931000D-03 -2.52939470735847100D-03  1.08389402080409400D-03  9.51148224635893300D-04 -1.22586344456715700D-02
44 28  3.26472283639931900D-02 -2.03885939183216300D-02 -2.16422413092711900D-02  5.37702577334023300D-03  7.17777400230700500D-03
44 29  2.51450808140224300D-02  1.04476562523306300D+00  3.49863057756407100D-03  1.57803147601473900D-03 -1.54353372808528300D-03
44 30  9.23490701585301700D-03 -6.60513403296410700D-01 -1.62670967491160300D-03 -1.68672509439279900D-03 -1.79438865694983800D-03
44 31  4.75408365530537700D-02  2.88578441077386800D-01 -2.64115802897991400D-03 -1.31853529521923300D-02  2.59560948115129700D-03
44 32 -7.06496749118496900D-02 -1.38188867410420200D+00 -1.09922065747875000D-03  5.07662157536575600D-03  7.03810365494313700D-04
45  1 -9.47282417713862600D-03  3.49286174687525900D-02 -7.61433214448286900D-01 -7.64969122355009100D-02 -1.85977631049508800D-02
45  2 -5.56035706485095900D-03 -2.04416863480511600D+00 -1.85771891230697900D+00  6.83724728190915500D-03  4.77110805530958600D-03
45  3 -5.97053920895954900D-02  5.49342840342853200D-02 -3.28128293674843600D-02 -1.03647168743848200D-03 -1.32502856117145600D-03
45  4 -4.23329530855752000D-03 -2.44906669922870400D-02  1.47584903608515700D+00 -1.40974760899227400D-02  6.48974821238416100D-03
45  5  3.16295671222716500D-03  5.89900380498825800D-01  2.08458228480648900D+00 -1.05394118733824000D-02  3.02283972249409600D-02
45  6  1.51412783623992900D-02 -4.53696755873410800D-02  4.34930530268974300D-02  7.27227076428006600D-04  1.35968037129191800D-03
45  7 -1.12912738496808200D-02  3.14134199976419000D-02  1.57589088567360600D+00  3.02026795718064100D-02  4.19592391832572300D-03
45  8 -1.11736736363927000D-02  2.58031305092739500D-01  4.38477805215424200D-01  1.41681440213509200D-02  1.29169458486593700D-02
45  9 -2.87473627649012800D-03 -1.00422095721692400D-02 -1.51108665467914200D-02  2.89865110886204600D-03 -1.63354731367282800D-04
45 10 -7.75779072104276200D-03 -3.52036384078908100D-04  3.75747512236301700D-01 -4.03478375983038000D-02  4.88872805203753800D-02
45 11 -6.47207684324314700D-03 -3.38680487102574600D-01  3.68333817690337100D-01  1.10355981907213000D-02  1.54724579910783100D-03
45 12  6.91052233030180500D-03 -8.45776812941005500D-03 -6.14302582022452200D-04 -1.64605505165456200D-03  1.01520284478467100D-04
45 13  2.35819402300813500D-03  2.79287954386033700D-03 -2.44653121704330800D-01 -3.66299563447242500D-02  2.66572096352064800D-02
45 14 -1.29750165317569300D-03 -3.31081859349380600D-01  3.68418889029553700D-01 -6.67935682327533600D-03 -6.07089910149289500D-03
45 15 -7.06886217066667800D-03  1.31397612721591800D-02 -1.55235217479487100D-02  1.61539583758180000D-03  3.27970151715554000D-03
45 16  2.86565759474112300D-02 -6.42527569738303000D-02 -2.55853979981439600D+00 -5.03178383956521800D-02 -2.04085771104379500D-02
45 17  1.05226480057531900D-03 -8.43490102922749800D-01 -4.55430959430647000D-01 -4.00615279415751700D-03 -1.16059738633970400D-02
45 18 -3.21888168209780400D-03  1.48248555454937600D-02  2.19138854037805100D-02  1.43019126299148800D-04 -1.84014654679957100D-03
45 19 -1.90907633015752400D-02 -9.97950793148902200D-02  1.85258669868423700D-01  3.74948169512558600D+00  1.02870035616999800D-02
45 20  4.73942902090625300D-03 -1.17822014405770700D-03  8.91028767575376100D-02 -4.96201915060426200D-01 -6.33627275800448600D-03
45 21  1.85088119982695200D+00 -1.00657366520644700D+00  2.43188845705723600D-02 -6.02634666284341400D-03  6.68397174605576000D-03
45 22 -6.57625083211785200D-04  1.74735282710580900D-02  1.30668971460751600D-04  2.19231666199118000D-04 -5.54615007877043200D-02
45 23  6.41004159801711700D-02 -8.63891519246897400D-03 -8.48299667024658000D-02 -3.42217072050614400D-03  1.60712771141627200D-03
45 24  1.97297829844207900D-02  1.02971444945988500D-01 -1.67025183007875100D-01 -3.67250494675550400D+00 -2.55684221800810500D-02
45 25  2.15130494528203100D-02 -3.33930274023489400D-04  4.45048556942086200D-01  1.99412768772141600D-01  8.26011915263531900D-03
45 26  1.66668605179270800D+00 -9.50115342791665100D-01 -2.19102572857887600D-02  3.87477681128071500D-03 -5.21385626319339700D-03
45 27  1.33907945191261200D-03 -9.20454657922540800D-03 -2.30623826881837900D-04 -3.16149507217303800D-04 -7.87980821509642600D-02
45 28  6.46469453447988300D-02  1.41511368061653600D-02 -2.58813527853708400D-02 -3.18819174852387300D-03 -4.28618393583756900D-03
45 29  4.99119138596598400D-02 -5.52017198847658900D-01  1.13759553241012000D-02 -5.45004971420638500D-03  1.23956347594678500D-03
45 30  2.55967810839943500D-02  4.40957880262214900D-01 -2.52609546192302000D-03 -2.71054477997363300D-04  3.83138424732969100D-04
45 31 -5.98056401373102600D-02 -2.04323959626765400D-01  1.67712580582451900D-03  1.20481840519905800D-02 -8.60333766050852400D-04
45 32 -4.18688105574311400D-02  3.86501535174939400D-01  9.61926712956754000D-03 -9.10593726319214800D-03 -7.54176129229299000D-04
46  1 -1.56416474513272700D-02  8.04182794666022000D-02  1.47724817815703800D+00 -8.92157682439494200D-03 -1.67176715160910500D-02
46  2  1.08392374345999900D-03 -5.51641553517612400D-02  4.71364643117139800D-02 -2.15466865672552700D-03  3.87208123664992700D-02
46  3 -2.23831386025104500D-02 -1.63376737639898600D-02  7.75644595944519900D-03  1.53587504624537300D-04  2.30352236712645500D-04
46  4  2.47010857660148600D-02 -2.01273568741315900D-02 -1.26699998544452600D+00  5.31065574683465500D-02  9.25294367988328000D-02
46  5 -7.33546216137988200D-04  1.44541392743478900D-01  4.76324033552722200D-01  2.19183059798965500D-03 -9.23442448116053500D-03
46  6  6.42645902380609000D-03  2.80796545735627500D-03 -2.47692906253674900D-02 -1.33293518558027000D-04 -2.79006121408132800D-04
46  7  2.85412010632486100D-02  4.26367983348682900D-03 -9.21865354379344800D-01  7.24384870622198100D-02  1.56128152584561100D-01
46  8  2.68720596446718400D-03  1.25890901002548300D+00  1.32606110369907000D+00 -2.48134614645529900D-03  2.12417700917969600D-02
46  9 -2.23712271863137100D-02  1.12945709451757800D-03  2.77993032060780200D-03 -5.81462439978380600D-04 -8.79609381896294200D-06
46 10 -4.99397585572013300D-02  9.44335912112941500D-02  3.25878887592130800D+00 -2.11422874078898300D-02  1.88624498704335700D-01
46 11  1.45483100303815800D-03  1.43198576468217800D-01  1.38830311402696800D+00 -2.25270236205919500D-03 -3.94734970501063900D-03
46 12  2.94784728853154400D-02 -2.55311231803048700D-02 -2.12458334747172000D-03  3.73834838349154200D-04  2.46330467067467800D-05
46 13  1.70860221269923700D-02  4.37306882806182600D-03 -5.34576118036814900D-01 -6.86792190296985900D-02  8.70546721158453600D-02
46 14  3.86824956910719000D-06 -1.31695133926958900D+00  1.28978677422994500D+00  6.77749567796656800D-04  2.55065725625849000D-02
46 15 -2.75460596863623700D-02  2.03948712377742500D-03 -5.56746752529855800D-03 -2.78763890533543700D-04 -6.01483145850353400D-04
46 16  2.70735670012906800D-02 -2.19383993378502300D-02 -1.30154022143179200D+00 -3.38418832706440700D-02  1.55751807598323000D-01
46 17 -3.95682749320869000D-05 -2.69785386717688800D-01  4.65847868323656500D-01  1.55231586654673300D-03 -1.01864568716622800D-02
46 18 -3.30702758941708700D-03  1.34934844610798600D-02  1.90777190402417100D-02 -4.60585259973503100D-05  3.73080481098998700D-04
46 19  1.84614211559639400D-03 -2.82570574092520600D-02 -1.56652985103554500D-01 -1.11186715808490100D+00  7.15728567656473600D-03
46 20  1.15710764667848700D-01  1.30510793482862800D-04  6.71135870269115700D-02  3.40678871148080500D-01  1.01944346039247500D-03
46 21 -6.45247595376463400D-01  1.57248159135491400D-01 -2.65373335427908100D-03  3.20240375159452700D-03 -2.03370839807665800D-03
46 22 -1.16869535351719300D-03 -3.79253406809373000D-03 -2.75813099681522500D-05 -1.81613477491158800D-05  1.67271014780100100D-02
46 23 -3.63634071143006700D-02  1.96363056362913000D-02  4.39332028583289600D-03  6.32545223436900900D-04 -4.56843545356807300D-04
46 24 -2.09330349266343500D-03 -3.83634729492783000D-02 -1.08169155163506300D-01  4.17514775053905100D-01  3.23628299034023800D-02
46 25  2.47206329270003600D-02  2.36124050851874200D-04  2.21584455755339700D-02 -3.41711208527788100D-02 -1.08521807942137700D-03
46 26 -4.20615814962247300D-01  6.31184247208390700D-01  2.35021511875323000D-03 -4.11902205517355900D-03  5.04658771462878300D-03
46 27 -9.27565659455096100D-04  4.57031434231020200D-04  2.92227917477667200D-05  4.90961882520621200D-05  2.12263893125936700D-02
46 28 -2.60099761637874000D-03 -1.86253916962149700D-02 -1.99520771286058200D-02  6.58939415916576900D-04  8.71806379068029100D-04
46 29  4.21729034794961600D-02  2.12257382198128200D-01  1.05499993488812500D-02  1.45977497257137700D-02 -2.11107827985703400D-04
46 30  1.00370315989334500D-01  6.72786752455779300D-01  3.75317696996729700D-03 -1.53472636162901100D-02 -6.59906047526832400D-05
46 31  3.47256813094892800D-02 -2.15389250976980100D-01 -1.65637610224660200D-02  2.13450738704168200D-02  1.53711862077506600D-04
46 32 -9.24551514916595300D-02 -4.07256661287659500D-01  7.53786586628469600D-03 -1.24251871271418800D-02  1.69869990695979400D-04
47  1  2.03489970825416700D-02 -1.36997272755040600D-02 -9.37373536639561500D-01  7.61241846744721300D-02  7.93844618397262100D-02
47  2  1.51798354457722600D-03  5.52290969285794900D-01  2.99196932891478000D-01 -3.00070545527339300D-03  2.08246069433183100D-02
47  3 -2.34270146432197700D-02  2.60240769990215300D-03  1.68243799703513200D-03  2.54576177283368400D-04  2.89597745651030800D-04
47  4 -1.20377609859324700D-02  7.80554687862255000D-02  1.20716698103828600D+00  2.21904798551119900D-02 -2.73671509386515100D-02
47  5 -7.40518952469368800D-04  2.83740154006607900D-01 -1.44063354846635800D-01  3.98033203580624000D-03 -1.20064350825566200D-02
47  6  2.70610396983068900D-02 -1.50546046157509000D-02 -3.42351422096486400D-02 -1.95029500194606900D-04 -3.61636736850194900D-04
47  7  3.07671162424420900D-02 -2.31393314985104500D-02 -1.51813215097953300D+00  1.60032044633692000D-01  5.73698635126712100D-02
47  8  3.35241447331224300D-03  5.60695641524244200D-01  8.93750438693379200D-02 -4.47270213539924600D-03 -2.16131131297470300D-02
47  9  7.43217559192483600D-03  1.41809375378213300D-02  2.04592563109460300D-02 -8.30576535365141400D-04  2.37392692255365500D-05
47 10  1.65812930103449400D-02  1.48681635712430700D-02 -4.51698036569624800D-01  1.23253860833859800D-01 -6.32145197416374700D-03
47 11  2.06766989947365700D-03  1.91902628288066000D+00 -4.23736213011752400D-01 -2.91559714118720200D-03 -8.56601828916373800D-03
47 12  5.81596473539807000D-03  2.75005355376507000D-03 -2.86919790120905500D-02  4.79703316424878600D-04  2.83582995811298300D-05
47 13 -4.58405361874162400D-02  9.58976598097498600D-02  3.21593340747777300D+00  1.79065557153934600D-01  6.38026826303714200D-02
47 14  1.49525004848089300D-04  1.11966328540104000D+00  6.95423315280916600D-01  1.55068745525140100D-03  2.50461806151858100D-02
47 15  1.18046333913858900D-03 -2.62266439543235900D-02  1.82182058505268700D-02 -4.02635172785804500D-04 -8.68717251072433100D-04
47 16  2.81272748098399400D-02  1.02773338069357700D-02 -7.62576977677207600D-01  9.90687277949251300D-02  1.39046467912240700D-01
47 17 -2.44393534772642200D-04  4.89452296552394300D-01  1.69463610179059800D+00  1.51058053459715800D-03 -1.08287212994557000D-02
47 18  8.82614841074899600D-03  2.00257288870776000D-03 -2.26457233423899000D-02 -6.73003080721723400D-05  5.02287099005289600D-04
47 19 -1.02497120885001100D-03 -3.64846812716044200D-02 -1.18971755034633400D-01  3.50975722242917600D-01 -8.32056701559556900D-03
47 20  4.43373994987282900D-02  2.36898041731341400D-05 -5.98501773218583900D-02  2.58096353767329900D-02  1.18497595596561000D-03
47 21  6.41480724439656100D-01 -5.44436181750642300D-02 -3.47314696650135000D-03  2.28352021745058800D-03 -1.63097714777321500D-03
47 22 -6.52543069677189900D-04  2.63021933495302800D-03 -3.83978401505478900D-05 -2.01259208293135100D-05  1.83863557184641000D-02
47 23 -4.53044289852756100D-03 -1.38559128199359400D-02 -1.84298138110240200D-02  9.41194475925595100D-04 -6.16935209842950200D-04
47 24  1.82647644413481800D-03 -3.44352420375058200D-02 -1.87207794284377600D-01 -1.09353964612741100D+00  9.89019866396614300D-02
47 25  7.71743132536017700D-02  2.20257108232413800D-04  2.52666574691469200D-01  2.46520993336236000D-01 -1.84715882875035200D-03
47 26  4.13213245693039700D-01 -3.65506473472196900D-01  3.28960983323286900D-03  6.97347091560324100D-04  8.34334672200421900D-04
47 27 -1.53168176376065100D-03 -3.53255351793714000D-03  2.81448655692281400D-05  6.03243914076650500D-05 -1.89987915655504400D-02
47 28  5.28570373070713600D-03  1.37130878348433200D-02 -2.43470680202725500D-02  9.36398822806999700D-04  1.26759674855810800D-03
47 29 -1.08613854151970800D-01 -3.02355264675125600D-01 -1.71001580681495400D-02  3.08091973364183400D-03 -3.20815231318428600D-04
47 30  2.66783606784300200D-02 -1.77068021338819500D-01  2.71170138641635900D-02 -2.13737047304431400D-03 -8.71256361633975900D-05
47 31  1.13742903254537200D-01  6.27312479643324000D-01 -1.73435075157630500D-02 -5.54215099414228800D-03  2.28313579463819100D-04
47 32  4.98533303146266200D-02  1.62701612698743000D-01  5.79317368667075800D-03  1.49007151830082400D-02  2.14458467932067400D-04
48  1 -2.27907885583794800D-02  9.30684523561880200D-02  2.78385879310880200D+00 -5.29719101856806100D-02  2.32064303776873200D-02
48  2  2.28437835611612800D-03 -6.74024907926803000D-01  6.62196687615620800D-01 -5.13346642975990500D-03  3.07861894961028200D-02
48  3 -4.12100548192827000D-02  1.04238653231797500D-02  1.93419507740509100D-02  3.76416789637592300D-04  3.71908278447381400D-04
48  4 -1.03391732576120800D-02  7.28961094566449300D-02  1.86561492719910900D+00  1.39193885069691500D-01 -7.87955180567149200D-02
48  5 -1.08920168452999800D-03  1.53171215375784200D+00 -3.36345910472146700D-01  6.93963752417292100D-03 -2.76894739301965800D-02
48  6  2.04396407644720800D-02  7.24983316572422800D-03 -4.65916163676106200D-02 -3.19180516395783700D-04 -5.68316568512616800D-04
48  7  3.10996206883540700D-02  7.12636343393049900D-02 -5.15799116851127600D-01 -4.33603113995495400D-03  2.14092230622770100D-02
48  8  5.78915727737866300D-03 -1.05604187715316500D+00 -9.81446621230853800D-01 -7.89267657028270900D-03 -5.77203747775621300D-02
48  9  1.56003531896734700D-02  4.21200215878880000D-02  8.35398230328722000D-02 -1.35341825700157100D-03  1.20607516671464100D-06
48 10  3.14553592279372800D-02  8.83204450372830900D-02 -1.25855855637758600D+00 -3.42900884746609000D-02  2.64709127419967200D-02
48 11  3.93909147180682400D-03 -2.31161023739606600D-01 -4.35277174955436300D-02 -4.31220622880274100D-03  5.79419616143892300D-02
48 12 -1.07704333050253000D-01  4.97623714358645900D-02 -1.24544637164059400D-02  7.74110148790559800D-04  1.81646913034451400D-04
48 13  3.23966902379476000D-02  6.63489058391695100D-02 -1.30193349021780300D+00  5.41721199498457500D-02 -7.91736112277445400D-02
48 14  1.21193220345765900D-04  2.90975588324066400D-01 -8.70708047511633600D-01  2.11244095167205800D-03 -5.30204997386606900D-02
48 15  8.59369926981077600D-03  4.44268004688500000D-02 -8.27358367142944900D-02 -4.85008441094386900D-04 -1.26936115353467600D-03
48 16  2.31586064944299700D-02  7.65352466181502000D-02 -5.90466306662858100D-02  2.11856927566764200D-02 -3.68675411058022900D-02
48 17 -5.49580979601458300D-04 -6.39841681215340700D-01 -1.77103558454993900D+00  2.06019838484247400D-03 -5.00697174549031400D-02
48 18  7.25161205716788600D-03  4.28181053977357400D-02  5.99654082621060400D-02 -1.15632343533531800D-04  7.54100128383045900D-04
48 19  2.91547528219998300D-02 -1.77897714991328700D-02 -7.53922645884026600D-01 -4.04188817269606600D-01 -2.30014148552732900D-02
48 20  1.29215021796780300D-01 -2.13199106713440300D-04  9.40951962401887100D-02  4.09048232044657400D-01  1.23377461782659300D-03
48 21 -1.16046212334986500D-01  8.29921758091339300D-02 -2.90423793432204100D-03 -1.88071484062397100D-03 -1.80109456859718600D-03
48 22  3.68180940922090600D-03 -1.78270152751544100D-03 -5.78730778006892600D-05 -2.83896758007057100D-06  3.06159480197205600D-03
48 23  4.52373668601493100D-03 -7.58533148798667400D-03 -1.52070450307648800D-02  1.46883283163346100D-03 -1.07900198656406100D-03
48 24  2.91827778034611200D-02 -2.52093182640015100D-02 -8.16128901770377300D-01 -6.08702809242321600D-01  1.10158817448754200D-01
48 25  9.01373527355458200D-02  2.76108964560137100D-04  2.84953079355392200D-01  3.51955781426462400D-01 -2.55667897607077300D-03
48 26  1.41170344273459400D-01  1.17020089623641400D-01  3.19062523549728500D-03 -4.59511659638796100D-03  1.64484810197659300D-03
48 27  2.95026849441032200D-03  5.23154076629382200D-04  2.24554611107885200D-05  6.36969683264294500D-05  2.36619022549364000D-02
48 28 -1.09725000420374400D-04 -2.35521772545159900D-02 -1.33240196042071000D-03  1.41660853669199800D-03  2.07412473058999400D-03
48 29 -2.59278497534401000D-01  6.63145236005073400D-01 -4.35997471495691200D-02  2.72265854117054400D-02 -4.49153716634049200D-04
48 30 -3.04852156893610200D-01  2.64258232161895500D-01  9.51427468390305000D-03  5.67081581886093400D-02 -9.95767881571467400D-05
48 31 -2.72060696553921100D-01  1.68715539503420600D-01  3.95730664580876300D-02  3.15939385899617400D-02  3.42175542996262500D-04
48 32 -2.07326268208554200D-01  4.63274769316652000D-01  3.43391339015013400D-02 -2.28171596089618200D-02  3.30006853153318700D-04
49  1 -5.43591286816194300D-02 -1.03980489893823500D-02  2.36291982048052500D+00 -8.24169024465084100D-03 -1.57465052852935300D-01
49  2  4.94499658627566800D-03 -2.75687972097176400D-01 -1.71686891135361800D+00 -1.73326014114189100D-02 -3.78517997663326300D-02
49  3  4.02335522938912100D-02 -2.38175252755957600D-03  2.52804071973005900D-02  1.03776673939934800D-03  1.00804688662559000D-03
49  4 -1.61340949425909500D-02 -7.51647671623516700D-02 -3.31197502268087000D-01  1.30618553233257000D-01 -2.45325350391838700D-01
49  5 -2.01144940764574200D-03  3.04040149530203300D-01 -1.50214184751135400D+00  2.06199398525760900D-02  3.01044953432956900D-02
49  6 -1.44344911058269900D-02 -1.56700042374684100D-02 -1.08204220564828500D-02 -7.76526228577623400D-04 -1.57090315686102700D-03
49  7  2.74725500257225200D-02 -7.79302460740151500D-02 -2.56157091519670300D+00  1.74420766536307100D-01  1.33490780690581400D-02
49  8  1.54262618940020500D-02  9.95493760140443600D-01 -6.95504098433574900D-01 -2.28028975037601300D-02 -2.44179098606671200D-02
49  9  3.98946809806827200D-03  2.04284417625987200D-02 -1.37579015142907200D-02 -3.63779224889903000D-03  9.51570561668777500D-05
49 10 -3.08232480291801800D-02 -2.28993985494235200D-02  4.18936482479283900D-01 -5.50808889818894000D-02 -7.21343311297235600D-03
49 11  1.10473129955511300D-02  1.58894301382083600D+00  6.52773071639325700D-01 -1.09731638870416100D-02  1.19398127437009000D-02
49 12 -1.38967673040007000D-02  1.95695456030043400D-03 -1.42855253318000600D-02  2.06243825522815500D-03  4.80922979851936900D-04
49 13 -2.96259301329179900D-02 -8.93593951782828500D-02  3.92621663367250700D-01  8.46311940974382900D-02 -2.39066007380939100D-01
49 14  2.06177700709178100D-04  5.87970867350330700D-01 -5.18990508077340200D-01  4.72273047735609300D-03  2.00740136435083600D-02
49 15 -1.64946547084334100D-03 -1.84245481726636200D-02  3.55940230722173000D-03 -1.30880641227776700D-03 -3.37056721510203900D-03
49 16  9.93667108446510600D-04 -5.88345834348782300D-02 -8.81827951822098600D-01 -8.66655015298241500D-02  6.65488886617093200D-03
49 17 -1.04399162905337100D-03 -1.97836093368475600D+00 -6.98907179299083400D-01  7.49402469307437200D-03  5.27156928041655900D-02
49 18 -7.39825312074235500D-02  2.12668384032577400D-02 -4.78054947684841200D-02 -4.82172199767274700D-04  1.99518453797448300D-03
49 19 -7.53105474295672400D-03  4.40138306170129700D-02  3.99424123566258600D-01  9.53992310645111800D-01 -1.14585755304944200D-02
49 20 -1.04942984123643800D-01  1.95318398779025300D-04  1.75821550310293400D-01 -2.40038958777792700D-01  4.88583200464802000D-03
49 21 -4.65786262148269900D-01 -2.21988420588699700D-01 -7.73890592055192400D-03 -9.52947149233169400D-03  8.24467594610285900D-03
49 22  1.28479554622837200D-03 -2.34565741777937300D-03 -1.53472306096769300D-04  4.31455783743902500D-05 -1.93302085318485000D-02
49 23 -1.06142224652212200D-02  2.99444309970715000D-02 -4.62764441279090600D-02  3.91038641989754800D-03 -3.01878153801597100D-03
49 24 -8.03628503783239200D-03  2.71194845006691300D-02  3.06409326466645700D-01  4.59722147567813400D-01 -1.32004602219781100D-01
49 25  6.92544077544562000D-02  5.01048700297836600D-04 -3.92880186744526700D-01  2.21685089504122200D-01 -7.25071511259141500D-03
49 26  4.98992694430966900D-02 -3.63020797622542400D-02  8.67660004485086200D-03 -7.29730168045467500D-03  7.95251897611158100D-03
49 27 -6.55217295657287400D-04  1.13202755633228900D-02  4.21230871956973100D-05  1.44451698187063800D-04  3.86564700832056100D-02
49 28 -2.36136473392893800D-02 -1.50428227439161500D-02 -6.11103630551135300D-03  3.64813211928196300D-03  5.48363880852725500D-03
49 29 -4.97259904693900700D-02 -7.19538143936482400D-01 -1.15706571952075200D-02 -6.61701335866918300D-03 -1.23277673632241700D-03
49 30 -4.78052124005839500D-02  3.18382074924483200D-01  2.31108492046050300D-02  1.01133646524328000D-02 -2.10342148745266600D-04
49 31  7.48873385540881300D-02  3.60673712412939400D-02 -2.10516816062593300D-02  7.69970217765072600D-03  8.89534299970305200D-04
49 32  1.17180796156807800D-01 -1.24635519575533000D+00 -3.45114293304442400D-02 -9.71917607466372400D-03  9.39992085909933000D-04
50  1  1.07916609492031300D-02  1.05244645509276300D-01  4.86888915255791800D-01 -1.21529351593526800D-02 -9.21161803869081900D-02
50  2 -2.56165884426511300D-02 -1.49331812191000100D-01 -7.13164671755658500D-01  9.77173735771982200D-02 -7.03331737047519600D-02
50  3  2.69728919310012600D-02  4.33602817737505000D-02 -5.03500192468264800D-02 -4.33806679502599800D-03 -2.59540501520690500D-03
50  4  3.74744193031294200D-02  6.12970415427814300D-02 -1.46145182227677800D+00  2.76773619564765800D-02 -1.65525489803810500D-02
50  5  1.84656038294860100D-03  6.72011836911677200D-01  1.40170072304204200D+00 -9.76150908896189500D-02  4.35036081822548100D-02
50  6 -8.00547551856349300D-02  3.65511470033805100D-02 -6.55098007199506500D-03  4.13494229868594700D-03  9.37463751705271000D-03
50  7  1.05640193128926200D-02 -8.39648294856653200D-02 -2.94023212374443200D-01  4.56083722749994800D-02 -1.08217396426804700D-01
50  8 -1.02465160663292900D-01  9.57814050874874400D-01  2.33223233106061200D+00  1.36346278059807900D-01  2.19323611808279600D-02
50  9  5.33367972709309300D-02 -7.52691584517575800D-02  9.24054256986085200D-02  1.96579675580789600D-02  2.86003780469625900D-04
50 10  1.72584671574539800D-02  1.38788553332020100D-01  2.55387078717344100D-01  4.24173298339149500D-01  7.12640161953667100D-02
50 11 -8.24940282378215700D-02  1.75345890523318700D+00  3.77936340386367800D-01  7.35083804334885600D-02 -9.75319195023393600D-03
50 12 -2.93951827723935300D-02  3.91483747226266400D-02 -6.18922568471310600D-03 -1.05956247654921100D-02 -7.82114676185056100D-03
50 13  2.31966822112178900D-02  2.13577529691267400D-02 -2.70779836830056500D-01 -7.61925709539083400D-02  1.83686912543436600D-01
50 14 -1.19817670484940700D-02  8.23188627698818300D-01 -2.38674277624574600D+00 -9.57692617814498800D-03  1.55837206247428100D-02
50 15 -2.00905449915940600D-02  4.50682436685158900D-03  1.98335196458426800D-02  1.33424092656803300D-03  1.31243523049463300D-02
50 16 -1.41959015980663400D-02 -5.04769880855893800D-02  1.39027149532443000D+00 -1.22734119698833700D-01 -2.87387042893164400D-01
50 17 -3.13374498131094200D-03 -3.70950298087624300D-01 -1.01833101367453700D+00 -3.59725231489399300D-02  3.41153266390485900D-02
50 18  5.26436798202821000D-02 -8.67590064593305500D-02  8.83822908606324700D-04  3.61724883902313200D-03 -6.84684234833888400D-03
50 19 -3.56924853805941200D-03  2.26156029719500100D-04  1.46970369930125300D-01  4.83877680765378600D-01  5.37342189891779500D-02
50 20  1.84388705810786000D-03  1.32743965887938100D-03 -2.06675890713014100D-01 -3.06469952395715300D-02 -2.23660450438338100D-02
50 21  2.02804771845083000D-01 -2.62945710890782200D-01  1.06892743347513200D-02 -7.72042840656818200D-04  1.13314862121955100D-03
50 22 -3.61105780562538500D-04  1.57612293099853400D-03  6.98010331146759700D-04 -6.08632002292054600D-04 -3.24151803621659500D-02
50 23 -3.77117337262729300D-03  3.61863537347924500D-02  7.53040693924799900D-02 -1.87905786888987000D-02  1.88155876690189600D-02
50 24  7.48455747874831700D-03 -1.76299311433641200D-02 -2.97206143160266500D-01 -1.09051324059925700D+00 -2.04526210975042800D-02
50 25  1.40301893832658800D-01  1.08219498813573300D-03  2.15866835652070400D-01  3.33203654227010600D-02  2.62078147355535700D-02
50 26  2.18565798457487100D-01  3.10000700940680200D-01 -3.00803880896648400D-02 -7.12912152030347900D-03  6.37375523230430800D-03
50 27  7.55366287999524900D-04 -5.09402865381958500D-03 -8.45377637017716700D-05 -3.55404610042867900D-05 -9.34632921813523700D-02
50 28  6.99877979116040300D-02  2.34754942697483000D-02  3.51515584657451900D-02 -1.13949254323996900D-02 -2.66114262481828000D-02
50 29  2.35487720341400800D-02  4.90028372527842000D-01  1.33893466934387300D-02  2.79272074682780100D-02  3.74296862236440100D-03
50 30 -1.50995494761743000D-01  3.45932200702761500D-01 -2.04182014024818000D-02  3.45997209803463800D-02 -1.70195513508205200D-04
50 31  3.41830306441745600D-02 -2.15181129893903600D-01 -1.59047087165510000D-03 -1.88949866955451700D-02 -3.94056773163000500D-03
50 32  2.28028455567674200D-01 -3.74944776684398900D-02 -4.04761918321910200D-02  3.23344197774472300D-02 -4.77890686574589300D-03
51  1  2.81513386764142300D-02 -1.96293529280606700D-01 -4.20237151108035900D+00 -1.20675084516289600D-02  9.36018983949286300D-02
51  2  3.39829092425482200D-03 -6.48649030319267100D-01  3.37994551206055600D-01 -1.01476745246639200D-02  2.91457634624756600D-02
51  3 -9.02966255809439800D-03 -2.01161009043833800D-02  6.94023267425669800D-03  2.93576356892218000D-04 -5.95806688057205900D-05
51  4 -4.33897110268899500D-02  1.60943573252304900D-01  4.34561459526265500D+00 -5.11112861377409600D-02 -9.79147250958115100D-03
51  5  1.50772839348572100D-03 -5.96177635595351900D-01  3.37942815022712600D-01  6.50624687475042500D-03 -1.42136194211393200D-02
51  6 -4.03312831555606400D-03  1.82467477366955500D-02  1.13179101074959200D-02 -5.01011973330583100D-04 -1.08441134250200100D-03
51  7  5.54556608218590700D-02 -8.54513615922370800D-02 -2.68184621382980700D+00  2.64580166914621000D-02 -7.94676382553467800D-02
51  8  1.25999235531241500D-02  1.90471761255029200D+00 -8.76041905676640300D-01 -1.46826839139126200D-02  1.28983782121586700D-02
51  9  1.48109613440008500D-02 -2.77093395561601500D-02 -3.95871879778098800D-02 -2.08141417987053700D-03 -1.27051653821044200D-04
51 10 -3.99050595984881800D-02  1.10828394306012800D-01  3.60280994292183800D+00  2.20866360260317100D-02  3.90158967094777100D-02
51 11  1.20008534891061200D-02 -1.41101586223678900D-01  2.66681497153757800D+00 -1.02167783540558300D-02  4.11001788324114300D-02
51 12 -2.12777256714137700D-02 -1.98224531609963400D-02 -1.49105255090168100D-02  8.44321712758268800D-04  1.37002349236362400D-03
51 13  4.37040256378111000D-02 -1.22671274358592600D-01 -3.69183297422517400D+00  2.98888823964044800D-02 -1.14585621718494200D-01
51 14  5.23674221871073600D-03 -2.45830608998771000D+00 -1.20333685866104500D+00 -2.75195383547784500D-03  6.69597175204972200D-03
51 15 -6.65098168620932200D-03 -4.49900658392068500D-05  4.88239353240496100D-02  5.37820007205415600D-04 -8.68221101726291400D-04
51 16 -5.76585247564859700D-02  1.07284225549174500D-01  2.68205297912237200D+00  1.11395496233324200D-01  3.23304514454517900D-02
51 17  3.01165973977146000D-03  1.65997410562401800D+00 -1.40293640945974100D+00  1.58429538733107400D-03 -4.47622349431017300D-02
51 18 -1.83142799044114000D-03  4.65936629335439900D-02  6.05743294288126000D-03 -2.96721435637831200D-04  1.68099542851979900D-04
51 19 -1.28419462967250000D-02  4.51656797654912400D-02  5.39267919275487500D-01  1.10269552539343100D+00 -2.42298846591294100D-02
51 20 -1.41624343751202900D-01 -4.63362522967020300D-04  4.19069644068242300D-02 -5.43292057123008100D-01  2.31555787183922800D-03
51 21  3.40110538686049800D-01 -2.81945368137311900D-01  6.28383237901676200D-04  2.31618469321046500D-03 -4.76689811998551800D-04
51 22 -1.83949488121120400D-03 -4.08387195413719100D-04 -7.05651936882381100D-05  8.39432955525859100D-05 -1.93917207348235300D-02
51 23  7.10785224870647000D-02 -5.16868017522400900D-02 -8.34809007986951300D-03  1.83836393056916600D-03 -2.31900817868123700D-03
51 24  1.20088437457338000D-02 -4.98359285533953500D-02 -5.52250684540126300D-01 -1.08412483586204900D+00  1.29015893915071000D-01
51 25  7.57657432915965400D-02 -5.76784602956091800D-04  4.90274758559264200D-01  2.47225764654721200D-01 -1.56898269774566100D-03
51 26  4.32086187444174900D-01 -1.72001277429290700D-01  3.70445235796369300D-03  1.38982618550670600D-03 -2.12259345262401100D-03
51 27  7.32767267116742100D-04  2.74765715055796100D-03  2.61299819266080200D-05 -2.56259734352351400D-05 -3.19171731714137700D-02
51 28 -1.81220508643583600D-02  5.00392240357721800D-02 -4.12554295010539900D-02  1.35050139233732600D-05  2.19892891548542300D-03
51 29  1.98569187204408600D-01 -9.35152710467170600D-01  3.60764757852102300D-02 -2.46800833324396900D-02 -1.13196842623758200D-04
51 30 -1.08531692275570300D-01  1.16689993804191900D+00  4.68277384829291300D-03  3.13407545882102600D-02  1.57932287111907500D-04
51 31  1.68984444118351100D-01 -1.25318080846410600D+00 -3.91671816769002600D-02 -2.54071731087672200D-02  4.07841156541724900D-04
51 32 -2.16336461028979600D-01  9.46636334474420400D-01  3.92176130040003100D-02 -2.68616760812258100D-02  5.38670969297177700D-04
52  1  2.54147350222328800D-03  1.92444161034803200D-02  4.46418706061661900D-02 -3.62180635540913600D-02 -1.91525816027608200D-02
52  2  1.66364232255799200D-01  5.89975388848959800D-02  3.28969721206064200D-02 -2.04509740101415600D-01 -1.63366339001112800D-02
52  3  9.25073089142469700D-03  7.08590300868658100D-03 -9.34542521119642200D-03 -1.07816919572884800D-02 -3.01850422621059000D-02
52  4  2.80293283685119300D-03  1.81167342372547500D-02  9.78411611318374100D-03  2.84520343824883200D-03 -4.21028737942772300D-02
52  5  1.75037386905699500D-01  1.53016643808043200D-02  7.24858293225393400D-02 -1.98672236364162100D-01  1.02757421343614000D-02
52  6 -1.74254822242213600D-02  7.14974008985992800D-03  8.07234914944822800D-03 -2.05579476980401600D-02 -2.64128763650896300D-02
52  7  6.21516730306555900D-03 -8.37370578752843700D-03  4.01825763293613300D-02 -1.31337022703136400D-02 -3.79775570213875800D-02
52  8  3.80605958673395500D-01  3.86379835612827700D-02  4.11160088039727200D-02 -2.61504650238406500D-01  8.31910710760782800D-03
52  9  1.49368639188290200D-02 -2.32559710264368100D-02  6.18790359932029400D-03 -4.61888546980361900D-02 -1.26653943669743500D-02
52 10  1.04215606574245000D-02  3.20717813886360800D-02 -3.53490104147928800D-02  5.24164015777619800D-02  1.31405301290547500D-02
52 11  5.28389133130716600D-01 -6.03848982895791900D-02  3.71874621120951400D-03 -4.22990661301506400D-01 -1.27944103676156200D-03
52 12  6.89429423995589900D-04  5.90011612765979500D-04 -3.78177351348650300D-03 -1.33348395037890000D-02  6.74007452299769400D-02
52 13  9.96342930002453600D-03  3.36740699450947500D-02  2.18044911468193000D-03 -1.55211966876479600D-02  5.24418041152561300D-02
52 14  5.43540947893012400D-01  5.56199314064449900D-02 -2.80163786155828400D-02 -4.55047021957669100D-01  2.72265074742746400D-03
52 15 -3.90943692149561000D-03  1.18678617406814100D-03 -1.43761303639295800D-03  6.38749223147302000D-02  2.15543628489993700D-02
52 16  6.69428318144368400D-03 -9.23658529494637700D-03  2.06619121133192000D-03 -2.60756824700684800D-02 -2.68567362272060100D-02
52 17  3.67861809286627500D-01 -1.04239526871234900D-03  7.18554994185634600D-02 -2.34519611525909100D-01  8.27411110032148800D-03
52 18  1.45761947412194400D-02 -2.28503058415409500D-02  6.43381397799467200D-03  1.08656637991992900D-02 -4.73166978414546700D-02
52 19  1.60417494763789200D-03 -3.23768079006371700D-04 -3.78510754715922100D-02 -3.08970817780267900D-02  1.66974119309430600D-02
52 20  3.45947712802620600D-03 -4.10992384839178700D-02 -5.21199574714286100D-03  2.67716359958800200D-02  5.14986700667439300D-02
52 21 -1.61826698446487100D-02  7.20512152342897500D-03  1.43306284998780900D-01  6.52512285800251500D-04 -9.11080023214581900D-04
52 22  2.58567737414326600D-04 -8.56763160607450200D-05 -1.92731880410637300D-03  2.49527584110770300D-03 -3.44860550751072400D-03
52 23 -9.56856571185147500D-03  1.30171712193621900D-02  2.57832185909095700D-02  4.21793774163454900D-02 -7.84600856181683100D-02
52 24  1.64625744488011200D-03 -1.32068666424432200D-05 -3.90336423852585600D-02 -2.93527810835393500D-02 -5.64306173770805900D-03
52 25  1.52680049082270900D-02 -4.34458045541656800D-02  2.43800871415956500D-02  6.86587932089334500D-03  4.65491772292603900D-02
52 26  1.31475287319475200D-02 -9.07850406971186800D-03  1.52805624681013500D-01 -5.94013183186959600D-04  3.05835730536535900D-04
52 27  2.88177452650405800D-04 -7.99017718455500600D-04  2.95993722141467100D-03 -5.80258302781866300D-04 -2.78440636977112100D-02
52 28  1.49059842525996900D-02  1.29380794451115400D-02  1.04752573607852000D-02 -9.13485464539136700D-02 -8.91367693622074800D-04
52 29  3.96216935752335900D-02 -3.07681789515042300D-02  7.72351519171527100D-03 -3.18754913262875100D-03  1.62353676636880100D-02
52 30 -1.03564716507770800D-02  2.35833095064832400D-02 -1.65935982298274700D-03  2.00640912165878400D-03  1.37906921419699300D-02
52 31 -1.35095574589257400D-02  3.80953082998200700D-02  3.35666983719246400D-03 -3.26051160042716500D-05  1.35233570410051300D-02
52 32  3.98558022466349900D-02 -3.90231478043634800D-02 -6.44821337529313000D-03  5.10516330418555300D-03  1.63950866889172800D-02
53  1 -4.45480233310330700D-02 -2.01960547359916600D-02  8.22243624761818300D-01 -2.13765662742973500D-01  4.42348114909269200D-02
53  2 -6.82780260664308200D-03  4.03691833578908300D-01  4.60610962171507500D-01 -3.26480218350330200D-03 -5.40919940592232800D-02
53  3  1.60077614925394000D-02  3.80842325666839500D-02  1.83681829588773400D-02  1.74523175336545900D-03  2.55720258885099400D-03
53  4 -4.31435765035720700D-02 -3.06621531155568200D-02  5.81189400318444700D-01  1.68474808826436800D-01 -1.85080774014070100D-01
53  5 -1.21795376216263100D-02  3.38531664496712200D-01  4.17320590086235200D-01  3.00274860350899400D-02 -1.10893636642181300D-02
53  6 -2.52132763032695800D-02  3.63026399674874700D-02  4.01766106720320500D-02  5.91477576503460400D-04 -4.38638617860828500D-04
53  7  8.34122786060749600D-02  1.95652770660489600D-01  5.99833623403477300D-01 -1.70979226144226300D-01 -1.48552239379919400D-01
53  8 -1.05290911971374200D-03 -6.93213531203215600D-01 -2.64004606516414600D-01 -1.32589002839535100D-02  4.09888586692987700D-02
53  9  4.51328759096002900D-02 -8.61217345788992100D-02 -3.40957717233611900D-02 -1.05299722314964300D-03  7.20416739643740400D-04
53 10  1.99984823220804900D-01  3.70182042590714400D-01 -9.96042950019483600D-01 -1.57679779918112400D-01  2.23199490386063900D-01
53 11 -1.67122716371904300D-02 -4.11142034434397400D-01 -5.10540302219172200D-01  1.10336508330134200D-02  2.19374257044578000D-02
53 12  1.41632062683792800D-01 -1.63569488388250600D-01 -1.33337909288997600D-02  3.54656174216967400D-03 -2.30542411353982200D-03
53 13  1.96097656368574600D-01  3.84581436387864600D-01 -7.23636009344642700D-01  2.74991722696540400D-01 -1.13809809435747300D-02
53 14 -3.77863332178281300D-02 -2.68515805590578000D-01 -8.72097326752115800D-02  3.61508812874089900D-02  1.17260187066945600D-01
53 15  4.36382681513649200D-02 -1.60898455218310800D-01  5.32707012352847700D-02 -4.06160026407664200D-03 -3.98204518199259000D-03
53 16  8.54722926809612600D-02  1.80100946077713700D-01  2.09087023876254400D-01 -4.04380086085397400D-02 -1.94111078755976700D-01
53 17 -2.79375738303922600D-02  1.28395692355865300D-01 -3.13158290479595900D-01  2.63512341373019000D-02  6.82572954061108600D-02
53 18  1.52118253420818800D-02 -8.34691207481929700D-02 -1.67674832482072500D-02 -1.82767182995102000D-03  4.66404051112035200D-03
53 19  1.69436811063948400D-02 -1.67795631641471700D-02 -4.70406457969039600D-01 -2.59808913613516800D-01  2.03199561653705500D-03
53 20  6.36245746044157200D-02  2.19435014932657000D-03 -9.18336103324355200D-02  2.88596843347166200D-01 -2.83359491457600600D-04
53 21 -1.71656580336285700D-01  5.61738609034293400D-02 -1.11574436320324300D-02  4.40021139145809200D-03 -2.06995636271825300D-03
53 22 -2.33025502874024600D-03 -4.56534420050872800D-03  2.36784225072795600D-05 -3.12525782857920700D-05 -8.51308160628887900D-02
53 23 -3.66725427575567500D-02  1.21803358820445200D-01  8.40427819648041100D-02  7.72360220287664600D-05  1.41570241872757200D-03
53 24  1.63246430506925200D-02 -1.39325922835361000D-02 -4.52451029759080200D-01 -1.45332834924011500D-01  4.57939460519608300D-02
53 25  3.06578413520106200D-02  2.62776560762470300D-03  2.62311564812665200D-01  5.17558877775341000D-02 -6.27469307952541200D-03
53 26  8.43528894747737900D-02 -1.27009130958597100D-01 -4.62219328665051300D-03  2.45936457144500400D-03 -4.32645199171109900D-05
53 27 -2.41610005152801700D-03 -4.72917744290292100D-03 -1.91909863353565400D-04 -4.64122807850560600D-05 -1.10559607883216800D-01
53 28 -9.19283722608796800D-03  1.19752445109304800D-01  7.69843664755783800D-02  7.74569267604669900D-03  5.34477130207849100D-03
53 29  1.83323793954478400D-01  6.96091724501327900D-02  1.15602783631524500D-02 -5.03286164440088800D-02 -1.45484239608413100D-03
53 30  3.39416727660746200D-01 -3.42848498424348600D-01 -7.40359982941608600D-03 -9.25084269773609600D-02 -8.24445216417022300D-04
53 31  3.21111210571371200D-01 -2.46580074133644200D-01 -7.20654489916354700D-02 -5.05170940118597300D-02 -3.39168254917109500D-04
53 32  1.82707370547476800D-01 -2.79168054620123900D-05 -4.84881882385310000D-02 -1.35803780117966500D-02 -3.51753278035361800D-04
54  1  2.98391710408193000D-02  1.06512696445590700D-01 -1.16187785677208500D+00  1.30968191362205900D-02 -4.83579110152596200D-02
54  2  7.42013260587559200D-04  3.20023764102255700D+00  2.46445962970339000D+00 -1.91686943644555400D-03 -6.86975518492476000D-02
54  3  2.64027325890958900D-02  4.22948192601511500D-02  5.24797682941698800D-03  8.50768835942958000D-05  2.33403754481646900D-05
54  4 -3.18004855707071500D-02 -1.02121519083340900D-01  1.20339453649417200D+00  5.95928767941091100D-02  7.35403886341671300D-03
54  5  6.69513056601617900D-04 -5.24990029087456100D-01 -4.01776859562621500D+00 -2.83214707555986200D-03 -1.50029792704407200D-03
54  6  3.96157508998006900D-02 -3.81154529727567400D-02 -5.40460485789524500D-02 -5.94551722489995300D-05  2.59172333780942600D-05
54  7 -4.36011120091179400D-02 -1.29441507125823700D-01 -2.91144798871922600D+00  1.95849604216840300D-01  1.79975814908663600D-01
54  8 -3.17666309875042900D-04  1.08210149753797200D-01 -2.92460655443705400D+00  2.30836508250499800D-03 -1.92709877086623200D-02
54  9 -8.14928977074765200D-02  1.00763885416138400D-01  1.27507878308142300D-02  1.33109776817830400D-04  7.39933087683163300D-06
54 10 -9.16272914453565000D-02 -1.38076641126050900D-02  1.88740039317348500D+00 -3.56560531353610700D-01 -5.42113547439350400D-02
54 11  2.98398684376034400D-04 -1.40227045150232700D+00  1.67696553730066600D+00 -7.67579432998778200D-04 -7.22670468069862000D-02
54 12 -4.78307747029563300D-02  1.20097821509944000D-01  2.65326645603372600D-02 -4.56133813595741800D-05 -9.11956736359846900D-05
54 13  9.08544891002745500D-02  1.35328745708329100D-02 -1.96788421770523300D+00 -1.29983719210807800D-01  3.61358182719748600D-01
54 14  9.91827869030499200D-05 -2.14600549083588500D+00  2.88306329589767900D-01 -1.17267497273722900D-03  8.04093943047473800D-02
54 15  3.76631502747078300D-02 -1.18072544579454400D-01 -2.28041369906873500D-02 -4.69717978021949900D-05 -1.70025489044895000D-04
54 16  4.25100134877810600D-02  1.21066633501962700D-01  2.95771710340538700D+00 -6.42460519692380200D-02 -2.50368319599178500D-01
54 17 -8.99032556208452000D-04  2.57080019436724300D+00  1.27481069245234400D+00  2.95207273233551000D-03  7.23264815897649700D-02
54 18  3.34413061213362000D-02 -1.05767787711100300D-01  2.62805427821074800D-02 -7.51115991841123300D-05  1.82797724308396800D-04
54 19  2.47946832393008100D-02 -6.36516929945060900D-03 -8.72901101950149500D-01 -7.38481321472931700D-01  1.76759310714528000D-02
54 20  4.48006257385444000D-02  3.03738022714260100D-06 -2.87599950777671300D-01  2.43433205401654500D-01  5.66038454936790000D-04
54 21  8.64099866056165000D-02  1.65984999504368400D-01  1.30417166048375100D-04  1.25615877143526100D-03 -1.02298035660021300D-02
54 22  8.97364479456669800D-03 -8.88621799774181500D-04  1.50456460803695800D-05  1.28296950412307800D-05  8.88126097711534000D-03
54 23  8.94726171028633000D-03 -1.78285226873990800D-02  7.57408569619089000D-02 -5.27047197517569700D-04 -5.06159163728441300D-04
54 24 -2.43759933939919500D-02  4.90664073158877600D-03  8.64360726189026800D-01  7.49158426427833800D-01 -2.45115755056766100D-02
54 25 -3.21013303578266400D-02  7.08423358581925600D-05 -3.50703190208034900D-01  1.28841703301011600D-01  7.75346295640911900D-04
54 26 -1.03739803738253400D-01 -1.65281811939407500D-01  5.37884754838254800D-04  6.96604852624566000D-03  2.11282932506312700D-03
54 27 -9.07887785130833500D-03  6.59900392250893600D-03  1.43409356846920900D-05  2.35215128875725500D-05  5.09030853964172600D-02
54 28 -6.63114817484632800D-02  1.54083963520460800D-02 -2.55474054614609200D-02 -2.09624722408837300D-04 -6.29570076154342500D-04
54 29 -1.12270145965293800D-01 -6.23749612157649300D-01 -2.34293622506548000D-02  2.06561242838126300D-02  6.40386467399515600D-05
54 30 -3.01971837661200700D-01  7.36469928574667900D-01 -1.75139435825014000D-02  7.38488020771736100D-02  2.49674232990008200D-05
54 31  3.07925774636262800D-01 -7.74121426470049700D-01 -7.55612342702078700D-02 -2.34487129222907300D-02  9.55438763291574100D-06
54 32  1.22919377219266700D-01  6.38076123846326800D-01 -3.04175484443267300D-02  9.84214347092768200D-03  4.69928724363952400D-05
55  1 -5.06100568811119800D-02 -7.83865786197680100D-02  5.73614534163761500D-01  1.09330938627261000D-02  1.87943017868385000D-01
55  2  3.95066255309065400D-02 -1.00565336657304700D+00 -5.01525739923839300D-01  2.51109834145492800D-01  6.14503041414833500D-02
55  3 -8.20527268199011000D-02  2.06024226784179400D-02  1.05358620616712700D-02 -3.48973734865745500D-02 -3.10454644692317200D-02
55  4 -4.60000182666352700D-02 -1.02401837267410700D-01 -3.46055608244167300D-01  5.32361231459643700D-02  2.89749825813772000D-01
55  5  6.02622653123277600D-02 -2.13141275001481100D-02  4.71442515269930000D-01 -4.76092119147746600D-01 -7.41561365093873200D-02
55  6  4.08697564158280000D-02  3.32863800935595400D-02 -4.28066108972451200D-02  3.50230681315279900D-03  4.90104034241426200D-02
55  7 -4.18234808303733000D-02 -1.31212953042784000D-02  1.09159660801083300D-01  7.98579130544107800D-02  7.96440692231923100D-02
55  8 -4.45361938982339500D-01 -1.11035659452686600D-01  9.37060342697496700D-01  6.86949320905227400D-01 -1.88864489282355500D-02
55  9 -6.74185068656983900D-02  8.63049557939340500D-02  6.46858538110453600D-03  7.84488589176750700D-02 -7.24365002848397800D-03
55 10 -9.93269528786684200D-03 -7.22939161599548300D-02 -4.53555500736643400D-01 -1.01269776559425300D-01  2.79390816575661200D-02
55 11 -2.33176334651290800D-01  1.15452185515001300D+00 -3.54042958044566500D-01  2.62424917985638400D-01 -3.04503190287071200D-02
55 12  4.30301110084057000D-02 -1.25797919796989600D-02  9.60123577391771600D-03 -7.52848106980662700D-02 -3.42087463266457400D-02
55 13 -4.89672362006512900D-03 -7.17616254251429300D-02 -7.00969627195711800D-02  1.06017809211611200D-01 -9.71276732851846800D-02
55 14  3.68402241480587300D-01  4.67855650861487300D-01 -1.26729201953200300D+00 -4.39614444282531500D-01  4.17702657176080600D-02
55 15 -8.16302895565439000D-03 -3.36072367619535600D-02  3.54703391415739900D-02  1.12854795015234300D-02  6.81371187282971100D-02
55 16 -2.34828610800723700D-02  7.57634982746653500D-04  1.41458736171282000D-01 -5.36895441822370900D-04 -3.13474500505090000D-02
55 17  3.59656182001997400D-01 -6.00197165428483200D-01 -1.30645176316919000D+00 -4.58284654441529700D-01 -3.70989679047560000D-02
55 18 -1.37265834007483400D-02  5.08255513055043700D-02 -2.53123789251338100D-02  4.17978858763968900D-02 -5.74563438808847500D-02
55 19 -9.20498540143926300D-03 -2.25578729609318000D-02  1.59501088794619700D-01  2.57024015210083500D-01  1.35262571523830800D-02
55 20  5.73498695758084100D-02 -1.65014355068477000D-02  1.55570410150241200D-02 -3.98007502309105600D-02 -5.14101651454000200D-02
55 21  9.60869535748357100D-02 -1.27500980023506400D-01  1.36820669147522600D-01 -6.06409573742930200D-03  1.17772157972820200D-02
55 22 -5.71312005985273200D-03  5.80955158667298300D-03  2.15352247081378900D-04 -2.48104756256581300D-03 -8.78500966597245100D-02
55 23  1.22819202171392200D-01 -3.49691055116681600D-02 -5.75118185403823700D-02 -1.49484043070620900D-02  4.20310293990138500D-02
55 24 -4.86246291845420100D-03 -1.59314040249196100D-02  5.79602574943784700D-02 -2.65606378948550500D-01  5.35049143988278400D-02
55 25  1.09888478489833600D-02  6.51570258819200300D-03  2.47895655552206200D-02 -5.22711575232105400D-02  9.26618601649607500D-02
55 26  2.66840745078366300D-02  2.07579219708235100D-01 -7.69307680673830300D-02  5.81207033997714800D-03 -1.13679336514793300D-03
55 27 -4.67527697482921600D-03  5.87570783362219900D-03  2.30572406446787400D-03  3.65324631432616100D-03  1.31213620109093100D-01
55 28 -9.97141067028563500D-02 -3.14995134062368000D-02  4.59963219452516500D-02 -6.43067412498826000D-02 -1.07562114812352500D-01
55 29 -1.24480147043991600D-01  4.97078564626432600D-01 -3.50593419391319200D-02  1.94180979400080600D-02  9.45065916490646700D-03
55 30  1.31915997729790600D-01 -3.22550724165843600D-01 -6.01582489749144000D-03 -3.62552644627026400D-02  3.05489952135749100D-03
55 31  1.74319107814565800D-01 -3.09840865965316800D-01 -4.19923978817234700D-02 -2.55659859374144800D-02 -3.30398219920668700D-04
55 32 -3.12257953962417800D-02  1.45068446455998400D-01  2.43826972356083600D-03 -1.52205177397332500D-02 -3.71079377072609200D-03
56  1  5.16765500450546400D-02  6.39293565139649100D-02 -6.44540485398006300D-01  2.17196473432234200D-02 -1.58702658408614900D-01
56  2 -3.21595684940131100D-01  1.54138363295001700D-01  6.81460421737092200D-01  8.65865835670850100D-01 -3.40609777710493800D-02
56  3  6.77440819110407100D-02 -3.36831041399915100D-02 -1.83694561401720700D-02 -4.76764008646499000D-02  1.46802588575827900D-03
56  4  5.58402485366757100D-02  6.63213237862279900D-02  1.11850924782672300D-01 -1.56909942732719400D-01 -1.37818887168133000D-01
56  5 -3.63782057923577900D-01 -4.42013298005457900D-01 -5.15556648112379900D-02  6.67046803976378300D-01  5.98559669113355900D-02
56  6 -4.06634972664814200D-03 -5.57896171846873100D-02  4.30039824444664900D-02  3.14077935677590900D-02  1.28352830918578400D-02
56  7  4.79707914165842000D-02  9.16441798752692900D-02 -5.86223343599227200D-01 -9.84399346522825300D-02  6.46188322257107700D-03
56  8 -8.79126134515025700D-03  7.26269001180805500D-01 -2.66962274740716500D-04 -3.00311751138057600D-01 -4.39608593344717500D-03
56  9  3.16690701116283100D-02 -2.72729841781811300D-02 -3.56401622419586400D-02 -2.26917826206012700D-02 -2.61736018373250500D-02
56 10  3.19903186738318300D-02  9.16181413041469200D-02  5.78985984442524700D-01 -4.56229221627971700D-02 -9.88374659041994600D-03
56 11 -2.02011656421009700D-01  3.29078062529291300D-01  3.62870613609663700D-01  3.12549782767032300D-01  5.44370290771243700D-02
56 12 -2.56213966411839700D-02 -2.88156324359405500D-02  2.21938678558085700D-02 -1.76885600928682500D-03  2.96624797151344400D-02
56 13  3.94798196853946200D-02  9.71849486203824500D-02 -2.31874004832715400D-02  1.01876264503398400D-02 -4.98641605659180800D-02
56 14  9.19566512882323000D-02 -1.45216449952894600D-01  1.94174712501977600D-01  4.00761975002806700D-02 -2.68897161820952000D-02
56 15  4.58162831075597500D-02 -1.89265669254644500D-02 -4.38307920383812900D-02  2.74300430428889100D-02  8.83272625615472300D-02
56 16  2.37450282026186600D-02  7.64162440283397000D-02  2.74134028293959100D-01 -1.54013937234944500D-02 -5.22611342704451700D-02
56 17  4.25377702329853400D-01  3.97880213391147900D-01  3.07882682150956700D-01 -9.18106662768970000D-01  2.47936631450684300D-02
56 18 -1.62661541539317300D-02 -8.52750899113636700D-03  2.57548655162107900D-02  3.50357400790575700D-02 -8.90905970346210100D-02
56 19  1.07200756752808000D-02  2.34837209388779400D-02 -2.11462105552660800D-01 -2.84847684517589700D-01 -1.21770989198584600D-02
56 20 -5.47856261479170400D-02  1.26541909743361200D-02  1.94412493320028700D-02  3.79677690990296400D-02 -1.89761978920209700D-01
56 21 -2.86062917141416000D-02  7.87846092541259800D-02 -9.22237201834521200D-02  5.48180804122866000D-03 -1.13996532178965000D-02
56 22  5.91784517666804400D-03 -1.38940184146772500D-03 -6.18344476731940900D-03 -6.59157744695552800D-03  9.25677593760577300D-02
56 23 -1.09719735486739000D-01  1.71519761106819400D-02  4.63112146237694100D-03  1.84571796297341100D-01  2.18602559737902900D-01
56 24  2.28131600954182900D-03  2.81540531259480800D-02  9.16998479197673600D-02  2.97739355238286400D-01 -7.27667858243084100D-02
56 25 -4.70423011362566300D-02  2.17906289201072600D-02 -6.42282623686983900D-02 -3.84544683531678800D-02 -1.35810331188713900D-01
56 26 -9.30960385152883000D-02 -8.77773829251613900D-02 -2.63000981446496200D-01 -5.80442054437186300D-03  1.09775621725547000D-03
56 27  4.70666432711650100D-03 -7.76187233022009600D-03 -7.37141903416187400D-04 -5.90579873057294900D-03 -9.20409036176102500D-02
56 28  6.60155206467919600D-02  2.60253829708183200D-02 -1.11677535976186400D-01  7.05647870312612100D-02  2.19380760623237400D-01
56 29 -1.16258945996508200D-02 -3.86053474149813200D-01  1.50935087896073300D-02 -9.98072157505688200D-03 -1.42773758305281800D-02
56 30 -6.94234508565100300D-02  2.72743205231470800D-01  3.57359840527986000D-03  1.83070337817375900D-02 -1.33824357730950600D-02
56 31 -7.71042113817302200D-02  1.78913495888719000D-01  2.18849059907863900D-02  1.16333356161999200D-02 -1.19261062987342400D-02
56 32 -8.62077950477345300D-02  1.12066327908638600D-01  1.42125902289927500D-02 -3.67719869159653200D-03 -1.67555128443621600D-02
57  1  7.62114748404600200D-02  9.31310940194397500D-02 -1.12820180744737600D+00  3.57414851905209400D-02 -2.15826964624848600D-01
57  2  2.41135326272013200D-01 -2.89128890580971400D-01  1.36905365802928000D+00 -4.51235527602794100D-01 -4.53507128999689800D-02
57  3  9.44153859885910700D-02 -4.90646730886223400D-02 -3.77282439045433300D-02  1.09622490281951700D-02 -1.89466295300152200D-02
57  4  8.89445910323693900D-02  8.91857722021869600D-02  2.41699771152127800D-01 -2.87123727310244900D-01 -1.58558835261518800D-01
57  5  2.58817692408981800D-01 -1.18250084778911200D+00  1.13052513298445400D-01 -6.67853983016286200D-01  8.48672114086508300D-02
57  6  9.52985323376459800D-03 -9.43970646424153500D-02  6.84620759978757100D-02 -1.93635129301607600D-02  2.27646751662873300D-02
57  7  7.86246379494914000D-02  1.62265861239731600D-01 -1.29122987362839100D+00 -1.66150339679545000D-01  5.53985243163573500D-02
57  8 -2.73148340780011400D-01  1.61834739500038100D+00  4.29906061366910800D-01  5.97454037435894100D-01 -8.60733986539221300D-03
57  9  3.40993708118018600D-02 -2.54920309464096600D-02 -7.07707418000192700D-02  6.26544649065805100D-02  1.36409128071060900D-02
57 10  5.22535609433479400D-02  1.40562616848552100D-01  1.04571980393230100D+00 -1.00263892004493100D-01 -8.23673332528336400D-03
57 11 -4.54388329523876700D-02  1.31467935027520800D+00  6.40126715610087800D-01 -7.82418749241712600D-03  8.69753884470585900D-02
57 12 -2.96326589463168700D-02 -5.73427295007420900D-02  4.87639981549868800D-02 -4.08976473642331000D-02 -4.68899221852430400D-02
57 13  7.21200395207732800D-02  1.58167878552576700D-01 -1.82346069895198300D-01  4.92959843755474600D-02 -1.23386371426762600D-01
57 14  1.28110364521514300D-01 -2.71759534386202600D-03 -3.94376370321345100D-01 -2.57739669987851500D-01 -3.67156735971332400D-02
57 15  7.80015087978366000D-02 -4.12858352007031600D-02 -7.58641667666529300D-02 -2.02714772452952200D-02 -1.98977883436580600D-02
57 16  2.94044798779274600D-02  1.31118020790498900D-01  7.81037479100181700D-01 -5.86642798133274700D-02 -1.11298111061884100D-01
57 17 -6.13318212929920600D-02  5.83332865950013200D-01 -1.72557252240205500D-01  3.23514245674751500D-01  2.62085727700621700D-02
57 18 -2.92138963989148300D-02  3.00532362885358600D-03  4.87170067091225200D-02  2.05361384917829600D-03  2.89632540184845300D-02
57 19  1.92085378325819200D-02  3.42370428666747300D-02 -4.24954545524236400D-01 -5.95955798536013900D-01 -1.13889268901541900D-02
57 20 -7.13574521220573200D-02 -1.59322594609229800D-02  6.67170823222978400D-02  9.43027152480975500D-02  9.92849777093565000D-02
57 21 -3.00882267588385000D-02  1.53457356091075400D-01  1.43239793192956200D-01  8.02905510776835900D-03 -1.72932789018271700D-02
57 22  9.26422379405927000D-03  7.94595897196305000D-05  3.84459285167736500D-03  2.82423594921343700D-03  1.34438294241853200D-01
57 23 -1.52395224449512000D-01  1.79569302076602100D-02 -1.07453541284537400D-02 -1.19335909026210200D-01 -1.20130755738845900D-01
57 24  1.17581488860017700D-04  4.81800859257710500D-02  2.78633938151378100D-01  6.05663754211458000D-01 -1.25232853046204800D-01
57 25 -8.51547784660439700D-02 -6.55959941157230000D-03 -1.29276253737079000D-01 -1.22667992729304300D-01  1.30980264145802900D-01
57 26 -2.06666357972588800D-01 -1.05647300590430200D-01  1.15085942049103500D-01 -8.17207848413334200D-03  1.38604657133337200D-03
57 27  6.78603191280013500D-03 -1.22949642282347800D-02  1.79089029132528700D-03  6.17252262514453900D-03 -1.33370177116190800D-01
57 28  9.31737141798959400D-02  4.01964629362949300D-02 -1.94122805940903600D-01 -7.43716574001285900D-02 -1.97500926488578600D-01
57 29 -4.39042736928135200D-02 -6.75989372738644100D-01  2.36551079351099400D-02 -1.59657316900596100D-02  1.19212162260165400D-02
57 30 -8.52643283177294000D-02  4.14696771627929600D-01  5.47344442647275000D-03  2.06462607770426700D-02  9.77177014420934300D-03
57 31 -9.28557333524451700D-02  2.24279271498023800D-01  3.06811141248368200D-02  1.35050375582379200D-02  8.58798833272446700D-03
57 32 -1.83996557317130100D-01  3.78974374828245800D-01  3.42852035981534700D-02 -1.44597896144952600D-02  1.00605447346825600D-02
58  1 -5.04621425625852900D-02 -1.97701277048811400D-02 -1.61554341697250700D+00 -3.73192958307141400D-03  2.58229020329208400D-01
58  2 -4.72205257837722100D-02 -2.32876574315804200D+00  3.51785734768769200D+00  3.89171005153629700D-02 -1.40618377667205600D-02
58  3 -7.60722922969941100D-02  9.01341300637149800D-02 -5.01628388167476600D-02  4.52503617654680700D-03  8.49374979403665600D-03
58  4 -2.97855740461695300D-03 -4.27595596917204500D-02  1.92805909609584400D+00 -6.71067489556221900D-02 -2.35430377237042600D-02
58  5 -4.47520895391290100D-02 -4.24543943376453100D+00  1.82137508529651700D-02  1.66637128565449100D-01 -4.17303021910000300D-02
58  6  8.81022607374498100D-02 -4.63719585464498200D-02  1.05866514010984600D-02  2.74779172668466200D-03 -1.32196582826865900D-02
58  7  5.72019236626954100D-02  1.95591025113833000D-02 -2.99868229761533300D+00 -1.22677304936545200D-01  3.01065944487935600D-01
58  8  1.27994463873753200D-01  3.27608536668960400D+00  6.35508000876896000D-01 -2.12031811098954200D-01  7.66473111081127400D-02
58  9 -4.46555770254367900D-02 -3.19917340826758000D-02 -9.64215646851187800D-02 -2.44034734483734400D-02 -1.14144585501082400D-03
58 10 -3.92234326761826900D-02 -7.08698643924536700D-02  1.45889428783365300D+00  8.88603564016780700D-02  3.14015372051101700D-02
58 11  6.59141073684485900D-02  3.30491312810071100D+00  1.00621322124180200D+00 -6.42952306927865200D-02 -6.04194075270818500D-02
58 12  7.93356082448396500D-02 -1.89162007177581000D-02  4.45058707452479200D-02  1.87974072489378700D-02  1.63929586638490000D-02
58 13  1.13908505658546200D-02 -8.81683553742166300D-03 -1.76806167743634600D+00  1.97930225283558300D-02 -5.08775951869764800D-02
58 14 -7.42722183757809500D-02  7.71403440784838500D-01 -3.70225514643673100D+00  1.07202304718473500D-01  1.67660912012180900D-02
58 15 -5.30988579103883100D-02  3.63327667091710200D-02 -5.34170638473943700D-02  4.86395428254829800D-03 -8.52555091653888100D-03
58 16 -8.83435309176814300D-02 -8.95025420247144400D-02  3.13285387602920500D+00 -3.17485265953715600D-01  1.82092222208507900D-02
58 17 -5.94063282212668000D-02  1.00568302289500400D+00 -3.65277250966194300D+00  3.75664605977954500D-02 -9.47841592298223100D-02
58 18  4.49162638715558300D-02  4.98678953582694500D-02  9.29259921834491600D-02 -7.97354345395226300D-03  4.14537960275545100D-03
58 19  2.89146632077805800D-02 -3.51776689991355600D-02 -1.11432170679259300D+00 -1.90984735682077500D+00  1.44044188711116700D-02
58 20  1.68566930948386100D-01  4.48795687124527300D-03  2.18598457115154600D-01  4.64570739192976400D-01 -8.86882276630768100D-03
58 21 -9.43630475396814700D-02  6.08211464658989600D-01 -4.79749911038864300D-02 -2.53360004983543700D-03  1.07230803425002400D-03
58 22  1.46129201558647700D-03  4.88796272246218100D-03 -4.72028826026497000D-04  1.10518317650166100D-05 -1.23239685201855500D-01
58 23  1.59734337945500500D-01 -3.64946527436413600D-02 -5.14549819408223200D-02  1.61626955616170600D-02  1.17040421051497600D-02
58 24 -3.46967327156861900D-02  8.19021814791615600D-03  1.16539601748310100D+00  1.92292794270134600D+00 -7.67280251094727600D-02
58 25 -5.19703610024900600D-02 -1.58626454910444100D-03 -2.64850420709650900D-01 -4.21110207611294300D-01 -3.13631255771846700D-02
58 26 -5.83738800800991300D-01 -1.90656107709900000D-01  1.00479354755556000D-03  9.39601873279235500D-03 -2.59800977553956000D-03
58 27 -6.79800895725304200D-03  4.16709344077797900D-03 -6.74229921222286900D-04 -1.64709589214530800D-03 -4.21885238255630000D-02
58 28  2.86113133830571700D-02  1.35772104425058700D-02 -9.26158849780393500D-03  1.92465601168098200D-02  4.54100122843396800D-02
58 29  2.33058392093717900D-01 -1.50926166258325000D+00  8.22968088300534800D-02 -5.88316647042859100D-02 -2.31469029536233200D-03
58 30  7.05815079972211300D-02  7.62769664635949100D-02  1.42715866763411500D-02 -3.82160027954472500D-02 -1.75454594287935600D-03
58 31  1.14664593690976700D-02 -3.12257051352358800D-01  1.90827928960787800D-02 -7.33587728506368400D-03 -1.67397978764305200D-03
58 32 -1.82316034499275100D-01  1.61732925688140100D+00  8.96779930995030800D-02 -4.27763895413881100D-02 -1.46526731187774600D-03
59  1 -2.72812467050470300D-02 -5.73525184612344400D-03 -5.95707969415695800D-01  1.01359607697568000D-01  4.21822450190994300D-02
59  2  1.86613950141615700D-01  1.36287277252573200D+00  1.42706529580792000D+00 -2.13158970378549500D-01 -6.63074585346926400D-02
59  3  9.97610043771118000D-03  5.63313580969814100D-02  4.02978498440654900D-02 -7.99835560045246900D-03 -3.68797089573193300D-02
59  4 -1.37002052575573100D-02  1.00474359601382500D-02  1.30090533480471000D+00  2.60415435329686500D-01 -4.16214056880296500D-01
59  5  1.41863005414089600D-01 -6.77281539858906800D-01 -1.24046955565690100D+00 -3.27781256911245700D-01  1.21761919336124000D-02
59  6  1.01048404787065400D-02 -2.22810324123194300D-02 -1.31638639468235500D-02 -2.38625725064729300D-02  2.29062481203244400D-02
59  7  4.37019794092364000D-02 -3.86519618650490900D-02 -1.35643379435661700D-01 -4.02372161356135300D-02  4.61385978924657600D-02
59  8 -1.40685254845448500D-01 -3.52895318527560300D-01 -2.41743609248436800D+00  2.09426905979610900D-01  8.17150222862956000D-02
59  9  5.32888350538523900D-02 -1.35003857340148300D-01  6.73981211594161300D-03  5.96421816942420000D-02  1.03791949229491200D-02
59 10 -4.06871459591636000D-02 -4.66119796069247700D-02  3.23585254045381000D-01  2.10960704391476100D-01 -1.90645074356412200D-02
59 11 -2.90415176925965000D-01 -2.37944445898091100D+00  3.76352684628769900D-01  3.48609300275775100D-01 -5.70588514906059900D-02
59 12  1.20470083822052900D-02  4.50118431084017700D-02 -5.03804118331868600D-02 -9.48811562045513900D-03 -6.12245937512453500D-02
59 13 -6.77895667807336400D-02 -9.05311872462655100D-02 -7.01418870574172500D-01 -1.62186973090191200D-01  1.22039759343626000D-01
59 14  5.27271950104140200D-03 -9.08864255336062100D-01  1.45295331003536900D+00  4.34969004331798800D-03 -2.58484378044044500D-02
59 15 -7.32351768085706800D-02  9.90836146129750200D-02  1.11358543549009500D-02 -5.04727587827222400D-02  2.86585044263821500D-02
59 16 -4.66786830721354400D-02 -1.44344653244014800D-01  5.95355134248818300D-01 -4.56549506597690500D-03  2.34237785634709800D-01
59 17  2.81868771676094700D-01  1.33995363272149900D+00  9.41842634731404400D-01 -3.21118105529289800D-01 -2.48832674829866600D-03
59 18  2.23158323267212800D-02 -1.98275055784221000D-02  4.69619133031907600D-03  1.97650242745412000D-02  7.92018097422231100D-03
59 19  1.26653639071527100D-02 -1.57776863121033300D-02 -4.78806795490845800D-01 -9.86955857522681000D-01 -8.09094654350804600D-02
59 20  5.92265519860934000D-02 -1.34746481253145700D-02 -8.70976643231643200D-02  2.56187116171823900D-01  4.28814229707037600D-02
59 21 -1.13276676260486200D-01  4.72863402595045600D-01  1.67887197920986900D-01  1.45445953542724400D-03 -2.61187833432565200D-03
59 22  1.15741879889833000D-03 -1.19967302846616400D-02 -1.55577305829534100D-03  3.34262131967435900D-04 -2.93805740287466600D-02
59 23  1.91969477451663500D-04  2.91886045512963100D-02 -3.55587598145625500D-05  3.52938627836516000D-02 -5.27503445493305700D-02
59 24 -9.50813302827136500D-03 -2.06085837610228100D-02  1.73698371110122800D-01  9.79758358886299600D-01  4.31161593956773700D-03
59 25  6.72492899613002200D-03 -2.43291954011594900D-04 -7.06077812624547900D-02  4.04125473442947600D-03  6.03216942122116900D-02
59 26 -1.82195676813431600D-01 -4.62574672914179800D-01  3.16634774033806200D-02  2.73155510880569700D-03 -2.51066111592813000D-04
59 27 -2.48048899721310400D-03  3.86732128897985600D-03  2.53403731204523800D-03  1.90404023924229700D-03 -1.13542674205624200D-01
59 28  9.77793953525083900D-02  1.57632788531158400D-02  1.06313987259740100D-01 -7.20654796139653500D-02 -4.55152448395061800D-02
59 29  3.51022292005882300D-01 -8.97913090619936300D-01  6.88263173545838600D-02 -5.52352476163266200D-02  5.07218923498769600D-03
59 30 -4.68221410870632300D-02  1.15008386708565200D-01  1.71775408821818000D-02  8.99124313181025000D-03  5.89178448405283300D-03
59 31 -1.30000433355649100D-01  4.39369551580650000D-02  3.60225904862274100D-02  2.31415053851142800D-02  8.67775025471123600D-03
59 32  1.25720664258657000D-01  2.66361782520574600D-01  5.82889452493545000D-03  1.34197023173002300D-02  9.63284179386948400D-03
60  1 -8.38918570982085200D-03 -1.09321264203931400D-03 -2.34774711091359400D-01  5.29124184140944700D-02  7.31355784611144900D-03
60  2 -2.79015205733479400D-01  5.74777295364553900D-01  5.48260320654228100D-01  3.49602123612603200D-01 -2.74545903267962200D-02
60  3  8.02332387914741900D-03  1.94312664476487700D-02  1.77921006931168400D-02 -1.30793098454072700D-02  5.99691883128499200D-02
60  4 -2.56820759328687000D-03  3.74153664606262000D-03  4.80248054389981400D-01  9.96465465021903100D-02 -1.69972035391324700D-01
60  5 -3.00205805917789600D-01 -2.20048055935874300D-01 -4.91211515127011800D-01  3.83337407595018300D-01  7.61977680184106600D-03
60  6  5.56685654363101500D-03 -1.31866333454722800D-02 -5.26102952164053200D-03  5.76901397759604800D-02  2.62209147602428200D-02
60  7  1.99630768485485300D-02 -4.65780356706705300D-03 -2.50305577642916000D-02 -1.86331239430510700D-02  1.96590806488916900D-02
60  8 -4.39894287160399200D-01 -1.72896288421592500D-01 -9.71406800244079500D-01  5.97996274854166200D-01  3.04888797656820900D-02
60  9  2.22066392629088000D-02 -5.26955190285909700D-02  2.63252901095087800D-03 -3.41604275338707300D-02 -2.87814682994984700D-02
60 10 -1.26955041682659900D-02 -1.20083990064668300D-02  1.25665486347026300D-01  7.33703967820588000D-02 -7.70838021700976500D-03
60 11  3.27399039648160600D-01 -9.82045761123954700D-01  1.43535000531350700D-01 -4.81047556247075700D-01 -1.80207986146090300D-02
60 12  3.13272863621199300D-03  1.48880699783974600D-02 -1.93600897436329900D-02 -8.39713944193546900D-02  6.55258071630163800D-02
60 13 -2.55748860832324500D-02 -3.49441131254550100D-02 -2.53668079912457900D-01 -5.87041787708688100D-02  3.57942623654184700D-02
60 14  3.98954681372387000D-01 -3.93262210938587300D-01  6.54848426408789600D-01 -6.10488059450514400D-01 -1.17453535489271900D-02
60 15 -2.39761202947961600D-02  3.57214738437232900D-02  4.57283679170268800D-03  9.73903628145574300D-02 -2.89933574630493500D-02
60 16 -1.74537627167353600D-02 -5.04182288259210700D-02  2.02445580352818200D-01  6.63792980853838400D-03  8.90391493356356600D-02
60 17 -3.72075352034997200D-01  5.44197865445855000D-01  4.41080750084682300D-01  5.53938928719574400D-01  1.63616690401574900D-03
60 18  3.33325246476883700D-03 -4.96941936878440900D-03 -7.78177053106718500D-04 -1.68880991613806000D-03 -5.14649575013516500D-02
60 19  5.06851787475971700D-03 -4.78320764702992200D-03 -1.84047621679946600D-01 -3.86043592156062400D-01 -3.53635600853149700D-02
60 20  1.85559704532143800D-02  2.28771746435390600D-02 -4.18112919325593100D-02  9.86260242798252100D-02 -7.80573835625537800D-02
60 21 -3.43911126017983600D-02  1.86849318553897700D-01 -1.95568271078111800D-01  8.39217820158690900D-04 -1.50689638693387300D-03
60 22  6.67678566775147100D-04 -4.88830228077137600D-03  5.09108346011726100D-03 -2.11854962495628600D-03 -4.46628502443552000D-03
60 23 -8.17262191739973900D-03  1.26389069418357600D-02 -6.29022629806006000D-03 -1.24071344255124000D-01  1.07948656387959600D-01
60 24 -3.14911291792417100D-03 -6.83094394326156600D-03  5.54900221203587900D-02  3.78428683137306800D-01 -9.46409369804387300D-04
60 25 -3.88492278963532700D-04  2.75107330282050000D-02 -2.88524166696065700D-02  3.93739051907517800D-03 -8.45665448604179900D-02
60 26 -7.19258152402384900D-02 -1.87246474966563500D-01 -2.19191510709083500D-01  6.12448464801108100D-04  4.49355572628063600D-05
60 27 -6.57384022063982800D-04  1.04823270157783100D-03 -4.06719003875928900D-03  4.04579531065301800D-03 -4.81024306744398500D-02
60 28  4.11257750461041200D-02  6.97665562833572400D-03  3.57285534169970200D-02  1.66385681516442100D-01 -6.06536271719387400D-02
60 29  1.29100217022211700D-01 -3.40345353434254600D-01  2.54452351233633800D-02 -2.12199854279489100D-02 -1.84630009292217300D-02
60 30 -1.92620984822553000D-02  5.37358420177722000D-02  6.78439228212988400D-03  4.16775239284614100D-03 -1.19524067247190300D-02
60 31 -4.90640610069166100D-02  2.19484590143918000D-02  1.37309584436244700D-02  9.20492355620429800D-03 -1.25221378303558500D-02
60 32  4.49015255452900300D-02  9.59027829833759600D-02  1.75739548659267400D-03  5.38397298057377700D-03 -1.54037800096817400D-02
61  1  1.31761903509762100D-02 -4.50109631016257000D-02  1.13021396720836800D+00 -5.58252753186598400D-01 -4.33099210993216600D-02
61  2  1.28334144732317300D-02 -1.13553034382722400D-01 -4.10039915410346500D-01 -4.19048736137208300D-02  5.61267942508658500D-02
61  3  4.52768783323768000D-02 -1.01403672583242600D-01  3.18435460756733200D-02 -1.29702012572335800D-03 -6.23760425226110500D-04
61  4 -1.70583278696935100D-02 -2.71786814390331100D-02 -8.71120545752296600D-02 -9.61417025654697900D-02  1.24883709357183000D-01
61  5 -1.11196574351407100D-02  6.23378024450525000D-01  1.68072966331267600D+00  3.09716899186155000D-02 -3.79114930891264000D-02
61  6  2.47276500684052300D-02  1.31838430207206200D-02  1.20357600690027600D-01  2.36141336525450100D-04  4.23848415808663000D-03
61  7 -3.92017495780245000D-02 -7.76694971966576400D-02  4.33425881365156900D-01  8.98286545772340300D-02  2.89706855141010900D-01
61  8 -3.45343072167909600D-02  2.28915213562013100D-01  1.17032759416474500D+00  3.74886568088603800D-02  3.04917335719256900D-02
61  9 -2.01301214846087900D-02 -1.03616120873162600D-02 -8.50997778564305400D-02  2.51676432772420000D-03 -7.81773281008278300D-04
61 10 -9.14595030863115500D-02 -1.70903212145936800D-01 -6.26931384539542100D-01  1.00281935282816700D-02 -1.13127687322292400D-01
61 11 -9.38190516496283600D-03  1.86220577728285600D+00  2.71454035228243100D-02  6.71427643153358900D-03 -6.82342502908730400D-02
61 12 -3.50664237060112800D-03  7.17408926614738600D-02  1.61903387810362500D-02 -3.98497681709505500D-03 -3.44251153603322700D-03
61 13 -3.00130765197179300D-02 -1.85855706540309200D-02  8.73024418130768900D-02 -1.31371457874306000D-01  7.88099188411875300D-02
61 14  1.22220488525532200D-02  1.52010779148421600D+00 -1.76618899933129800D+00 -1.99102768799633400D-02  3.00472517174286700D-02
61 15 -6.78701669716801600D-02  3.78229152542522000D-02 -1.36522078007364400D-02 -1.79806257628657400D-03 -1.40726946221411200D-04
61 16  9.22878760802696400D-02  1.28513979664084300D-01  4.24623990814696200D-01  2.26962281893057000D-01  1.25612932654208000D-01
61 17  9.95914024808169600D-03 -1.61703230895816400D+00 -1.71498997914963500D+00  3.49323338884721600D-03  7.50011061208679100D-02
61 18  7.53749892922696300D-02 -1.50376095413137400D-01 -1.17696244183577800D-02  1.35507973973732200D-03 -8.72825858050429900D-05
61 19  2.98999204364172600D-03 -5.57169241184530100D-03 -1.65477143215911800D-01  7.67158666967027200D-01 -7.50078621517690500D-02
61 20 -5.18462382776086100D-02  6.24691470089794400D-04 -5.94425468262260600D-02  1.43764677746790100D-02  6.63218216950875200D-03
61 21 -4.17528869284404300D-01 -3.58380197787864600D-01  1.27347893389105500D-02  4.06995310858581000D-03 -6.84195822974406600D-03
61 22  2.77200512115813100D-03 -5.98225013619823800D-03 -2.82141231585482400D-05  6.02888603894331000D-05  5.27013368686007600D-02
61 23 -1.13843652231218400D-01  6.11423153626177500D-02  1.51211455523113900D-01  2.61858273730891700D-03 -4.67936089248943400D-03
61 24  1.49651234795022200D-02 -1.80797839290614500D-02 -6.06265386075212400D-01 -9.84393982084861800D-01  9.06522883241751300D-02
61 25 -1.13225130628562100D-01  1.34888842080042800D-03  4.02178527811063700D-01 -1.35870197562895500D-02 -6.63428781264719000D-03
61 26  4.28343742783930100D-01  2.21117837910237300D-01 -1.57591395091805800D-02  6.33939465125746800D-03 -9.50674291315378400D-03
61 27  3.16734826189596800D-03 -1.40145474752270500D-02 -3.32546268942540700D-05  3.37646079771594300D-04  1.15103232429087900D-02
61 28 -7.68208749904016700D-02  6.53105517474929400D-02 -1.58103823203651800D-01  7.47475521777765800D-03 -2.76081067637884300D-03
61 29  2.19180714205247700D-01 -6.42468848816621800D-02  4.91407736227359300D-02 -2.13916844084020000D-02 -1.68134147023463700D-03
61 30 -7.58801488865229300D-02  3.51335150336669300D-03  1.70871694343064200D-02  2.88676366995133100D-02 -5.40386646895623200D-05
61 31 -9.38709828589950800D-02  2.82663370582162000D-01  1.61989866278295100D-02  3.65588168873824600D-02  6.50538889417944800D-04
61 32  3.28069992750145900D-01 -7.56183357543223100D-01 -8.06213987766364700D-02  2.47153697418260700D-02  1.20889891710993300D-03
62  1 -1.66173719960980600D-03 -4.20774389002646700D-03  4.08537209479010200D-02  1.48985589713940100D-02  2.96983388452747300D-03
62  2 -3.35268447839279700D-01 -5.70544721986889600D-02  4.07567681335309400D-02  9.20978052026406600D-01 -3.73395487533338100D-03
62  3  4.35138709406381000D-03 -6.17432218730435800D-04  7.46653589357644300D-03  6.56145510310435500D-02  4.79645631013496500D-02
62  4  5.61165776636060700D-04 -7.29502737381347700D-03  1.00498975906430500D-01  1.01933564392000500D-02 -2.23980111436679700D-02
62  5  2.96661767805380600D-01 -1.08429777503733500D-02  7.06482105074491000D-02 -9.25926765926002200D-01  3.19490049662775600D-04
62  6  9.30972850564629500D-03 -9.62921855530912200D-03  4.47945297349220200D-04 -1.74683139956282400D-02 -5.82619423637237300D-02
62  7  7.50619748806466900D-03  1.62875079456123100D-02  5.55417015231062200D-02  2.05555512544572400D-04  2.77418216549186600D-02
62  8  3.92638017607272500D-01 -4.09513411967968800D-02 -9.14154189454309400D-02 -4.87265377500959400D-01  5.53075424814919800D-03
62  9  1.98559217642336100D-03 -7.51634642457255400D-03 -1.26116091983194300D-03  2.48012843061692500D-02  3.33628135969454500D-02
62 10 -1.22071134305837500D-03 -1.34919513063176000D-04 -1.99551406838889100D-02  5.77696084265028600D-03 -8.16501568775357600D-03
62 11 -5.24641163153229200D-01 -9.45241428136587600D-02  2.45593710917745200D-02  1.04414434147900100D+00 -9.61507211731438800D-04
62 12 -1.05241293341813600D-03  2.01392014514960300D-03 -2.34077102241260600D-03  1.45754132972196800D-03  3.01251488573829000D-02
62 13 -7.29611224246792600D-03 -1.64445620538089500D-02 -1.24337138361602500D-02 -2.48065912828241800D-03 -9.96003427070896500D-03
62 14  4.89654969363194600D-01 -2.06922422372486900D-02  7.34855487604208900D-02 -1.05373717082307600D+00 -2.34575433992196300D-03
62 15  7.98640489295899800D-04  1.54711385062602200D-03  5.41948253020029200D-03 -3.13917019849002100D-02  8.22303188819321800D-05
62 16 -3.11431905479207600D-03 -4.89441974006700000D-03 -4.42022913570001400D-02  2.55986534211091100D-02  3.31012005195882400D-03
62 17 -3.66187256659694500D-01 -3.30358989914022200D-02  1.22330974943294500D-02  5.45739774267787300D-01  4.86436495744998200D-03
62 18 -6.68353434889654700D-03  1.81916939144658200D-03 -9.70956791080614100D-03 -3.15217454546636100D-02 -5.37398376912290200D-02
62 19  3.30954869803861800D-04 -2.42175424164384100D-03 -2.76681455620995100D-02 -5.03166405148221200D-02 -5.64167803640213900D-03
62 20  1.94173729892157600D-03 -1.21958287552961700D-02 -9.74467998405674100D-03  2.21589082459636000D-02 -1.41519826881307300D-01
62 21  1.34851008717429300D-02  2.58162898169238400D-02 -3.72897758087825700D-01  3.04520057454151000D-04 -2.81826554552336900D-04
62 22 -2.26935029018036000D-05 -2.50855780017277800D-04 -1.17807460970387200D-05 -6.49115396737069700D-04  5.04234038418000800D-03
62 23 -9.53880877418563700D-03  4.49646839000568400D-03 -1.86597340118719800D-02 -6.84244284126662000D-02  8.95967062493969500D-02
62 24  1.08132410881702200D-03  6.79264567177109300D-04 -3.39164247804878700D-02  2.52891866335058200D-02 -1.43850574204107600D-03
62 25 -7.41459459145238100D-03  1.75389145836989200D-02  1.39200004271060700D-02 -8.27160867265549200D-03  1.56270483796646000D-01
62 26 -5.65227112625385200D-03 -2.63834317108495600D-02  3.51700198450646800D-01 -1.23765712629655100D-04 -2.57915820175030100D-04
62 27  3.81681532804652400D-04 -8.45746849801075500D-04  3.16912243758837700D-03 -2.93305301162176200D-03 -1.10253277760304900D-02
62 28  2.58533992432974800D-03  8.43998785170073000D-03 -5.69002885052808700D-03 -1.59895675876555000D-01  1.13105095384771400D-01
62 29  1.82558374581200300D-02 -3.00841483553067300D-02  3.73387807464838500D-03 -3.13544840466140600D-03  1.39703885852410500D-02
62 30 -7.21604973297201300D-03  2.40866947268812600D-02  1.52530591559800500D-03  3.36396329715026500D-03 -1.30723090443632000D-03
62 31  1.58520765111116400D-03 -2.48593100613034300D-03 -8.60592212834358500D-04  1.18068487803626500D-03 -4.34359795296385200D-03
62 32  1.54071250548400200D-02 -3.54910645085302200D-02 -6.58674075331519800D-03  3.99551827665395900D-03 -8.14143805735727100D-03
63  1  6.07374457572341400D-02  1.67900692612352200D-01  2.65696527244492100D-01  1.62807447160579200D-01  5.00156638444781000D-02
63  2 -7.01077156488710300D-03 -1.06590198818841700D+00 -1.36894334771925400D+00  4.16874522314999200D-02  1.03960842073914400D-01
63  3 -4.41293567856335700D-02 -5.98314852882823000D-02  8.18607161148244400D-02 -3.01114798090851200D-03 -1.21916397107979200D-03
63  4  6.34333075217185900D-02  1.76219177457804800D-01  2.89455808545376500D-01  1.66306978292297400D-02  1.42000826136039500D-01
63  5  6.21276058357563400D-03 -7.77434886767099900D-01 -1.61959124607308200D+00 -2.99513434739980100D-02 -6.71111496725304800D-02
63  6  1.33214302918048200D-01 -6.61031532455182400D-02 -5.12805051081891600D-02  1.20898906976703600D-03 -2.12582454849431400D-03
63  7  9.79447340712556500D-02  1.62517742720035000D-01 -1.86527172938624300D+00 -4.34818775764246300D-01  2.93324439015062100D-01
63  8  1.16734136753139600D-03  1.84092880739414000D+00 -1.45932968432054500D+00  1.28839872732218700D-02  6.29772989293066700D-02
63  9 -5.30728968069539400D-02 -9.90440212235351800D-03 -7.58732088412658000D-02 -1.28932962654090400D-03  5.37494204855421900D-04
63 10  8.99612930284400400D-02  2.27138907022748400D-01  4.59999866077879000D-01  3.80837543605366300D-02 -7.54534667190881900D-02
63 11  1.96664740977579200D-02  8.88149307806575900D-02  7.82861991868187100D-01 -4.01588262032892800D-02  7.14168653864979000D-02
63 12 -2.77540243775693800D-02 -4.36628410089277900D-02  8.82237803121882900D-02  1.15946645485957900D-03  4.69436966633452300D-04
63 13  8.57166134963293900D-02  2.15397906498681100D-01  5.25899327309015200D-01 -1.01507979661395300D-01 -3.30339801919437000D-02
63 14 -2.06737385699818200D-02  5.93041170849204300D-01  7.86403152607342400D-01  4.87585888646330200D-02 -7.29356133697614500D-02
63 15  1.21584228230116800D-01 -4.86486148603544400D-02 -2.94496651644187200D-03  2.93118251204669500D-03  2.18955334206378800D-04
63 16  9.36964488420288800D-02  1.56338324403886700D-01 -2.04970258952799100D+00  4.71629804840107500D-01 -2.44386317319173100D-01
63 17  1.03819636197577400D-02 -2.11163750305548200D+00  1.06639529337539200D+00 -4.02994629807304400D-02  4.26916581967475100D-02
63 18 -4.37151397481496700D-02  1.02348155140110000D-03 -1.04876814389270100D-01  1.62127177004888700D-03  1.80210765909159400D-03
63 19 -2.17250605883420900D-02 -2.06920215830057600D-02  5.09053064166403800D-01  8.50903049020128300D-01  6.36279347460281300D-02
63 20  2.79749666386868600D-02 -5.94174613857204400D-04  1.44752577227190800D-01 -2.43241682856615400D-01 -6.49067026705286900D-03
63 21  1.43658434942449100D-01 -4.15333511378813700D-01 -3.32548223265671300D-03 -3.96364644923988600D-03  7.94497218214342200D-03
63 22 -3.98132573290400000D-03  1.23963757361999500D-02  2.27137809988254200D-04 -2.53600091935331000D-04 -1.18937369638227600D-01
63 23  1.84454270920824000D-01 -6.55169012825945200D-02 -1.87212045317970100D-01 -6.63106203082983300D-03  7.86912349354443700D-03
63 24 -2.47417827653103400D-02 -2.88694798675017500D-02  5.44575822339239100D-01  9.95832801616052500D-01  7.16596908374115200D-04
63 25  7.38422601004537600D-02 -9.71425163645269800D-05 -3.01217738337796900D-01  2.51843846705547400D-04  4.10611735562872600D-03
63 26 -4.80379143104343000D-01 -1.73721765971532300D-01  5.12759418967845300D-03 -2.60646973796871400D-03  7.39711716829942300D-03
63 27 -4.79064743033115600D-03  1.36664516039099800D-02 -1.22015652063424900D-04  1.69318358414465700D-04  2.50517710483331100D-01
63 28 -1.66432146034101100D-01 -8.40855644492299000D-02  9.52527984400270700D-02 -1.20192685770581300D-03 -8.93836789647573300D-03
63 29  1.18646856142509500D-01 -1.40594864336753700D+00  1.26918169640806200D-01 -6.20805355678303700D-02  8.17987897022160300D-04
63 30 -8.40519272685507600D-02  5.39626816861999400D-01  8.80153462757769100D-03  4.92138869077468100D-02 -1.59318879634965100D-04
63 31 -7.93087046019622700D-02  5.87817981815174000D-01  4.17026711397693200D-02  3.40814341758880600D-02 -1.59517824479959800D-05
63 32  1.20871460274995000D-01 -1.39777532652345100D+00 -1.18936354902421800D-01  8.10677363628676300D-02 -1.61465948257388400D-03
64  1  7.98798831990626800D-04  1.45928643563524100D-03  1.74121506116745800D-03  1.04890728574079700D-02  1.40387813626409700D-03
64  2 -1.19242232348818400D-02 -1.68078371916316100D-01  5.68345792687369200D-02  2.76010545122015100D-01 -5.92789012883426900D-04
64  3  2.61426100553601400D-03 -2.02147199265259800D-03  1.24301081557843200D-03 -1.76701924628448900D-01 -2.94294148632165200D-02
64  4  4.49755350705580500D-03  2.55081261388357100D-03  5.59617417093485000D-02 -8.77297076277652400D-03 -1.76076324531680700D-02
64  5 -3.23510399228615800D-02 -6.34927218011995500D-02  1.35131779582020300D-01  4.29927263565546300D-01  2.90626780154984400D-03
64  6  5.16102029283232200D-03 -8.06728809438215500D-03 -4.64768549295943900D-04  6.22154575230012300D-02 -1.80909007937692100D-01
64  7  6.23637400360423300D-03  1.68641594963754600D-02  7.91375016024930500D-02  1.60815098062124200D-02  1.33359390987793900D-02
64  8  2.51651878929318200D-01 -5.21689080646382500D-02  5.93406878243498600D-03 -7.29151906595771400D-01 -2.12039151316713800D-04
64  9  5.52869573060801700D-03 -5.31665657929127900D-03  4.61776383129077400D-03  8.23047585929884100D-03  1.27732212216665900D-01
64 10 -2.92778035049629000D-03 -5.70648532538383700D-03  1.96177308786398400D-02  1.14677742644139900D-02 -8.22778224587993200D-03
64 11 -1.32797809817514800D-01 -6.24577620772209400D-02  3.91130031467681500D-02  3.88677855966057500D-01 -5.55621430385819900D-04
64 12  7.86872776776344900D-04 -2.31251346390527300D-04 -9.61904652078354700D-03 -3.72295603205358300D-02  2.32904462694348500D-02
64 13 -6.98774863907661600D-03 -1.80872733118918200D-02 -9.63711198895459400D-02  2.78172319168868900D-02  7.82934386113666300D-03
64 14  8.81019814123692400D-04 -9.87554450225494900D-02 -6.51479277425581800D-02  8.32967736070655700D-02  2.99776197078021100D-03
64 15 -5.75566500842212500D-03  2.75790303764184300D-03  1.24583967114756500D-02  2.94887496291281300D-02 -2.12180434971545000D-02
64 16 -5.33027195555354400D-03 -1.08088868952448600D-02  1.38805462644592400D-02  9.87652090188945300D-03  9.31294606615360400D-03
64 17  1.55932805977183400D-01 -2.65266862750618700D-02 -1.23516212987664800D-01 -4.90791880762399000D-01  1.10296604706382900D-04
64 18  1.02463125134312000D-03 -1.13492785604949200D-03 -9.68612262001144000D-03  1.01317992200311700D-01  5.57739749389124900D-02
64 19  1.97052244644434200D-04 -2.24507616450883100D-03 -2.55438767061992700D-02 -4.78591860528364000D-02 -3.97923353945125500D-04
64 20  2.49551946228035100D-03  1.87160058546248100D-02  6.59554046315093000D-03  1.59034737544423800D-02 -9.19599351319573800D-02
64 21  1.69114573502665900D-03  1.76453845585307800D-02  2.09365182757890600D-02  1.58951418504768100D-04 -2.70601350306798600D-04
64 22  1.11649931802080000D-04  1.50297758130790900D-04  1.97265921773526700D-02 -7.33088596396964500D-03  5.26261053180942400D-03
64 23 -5.74257216052556700D-03  4.79961628716140000D-04 -1.37238109297891400D-02 -5.10753751386455800D-01  1.33874511785449800D-01
64 24  9.74732332929898700D-04  3.61447542988673600D-03 -1.38563885281275100D-02  4.68569823014107800D-02 -4.69728938666576700D-03
64 25 -9.05112900960643900D-03  1.20736647389022700D-02  1.25320890515113000D-03 -2.10254487399248200D-02 -9.99290051010128000D-02
64 26 -1.75720209830792400D-02 -1.45759897479380700D-02  9.81078902245346500D-03 -2.13342530194203500D-04 -5.03493589717402100D-04
64 27  7.16836119911573000D-04 -1.06537052505376200D-03 -1.65771588285969600D-02  1.25647112212285500D-02 -1.03122873433425600D-02
64 28  6.57719477381044300D-03  3.73509256953206900D-03 -4.69687494749784000D-03  4.10493987533222700D-01 -3.71015795721065900D-01
64 29  6.04225283590098100D-04  3.02212003521531200D-02 -3.27991571732768700D-03  1.57353694966253300D-03 -4.08282996871011400D-02
64 30 -4.51078819191924800D-03  1.99887302708133900D-02  2.81383161105566000D-04  1.77244223919626400D-03  7.56955223195613500D-03
64 31  8.79472099309206100D-03 -9.28579679274710600D-02 -9.27724818619604300D-03 -4.43642618345092800D-03  4.92958352817503100D-03
64 32  5.79688700284750700D-03 -2.43481634971471700D-03 -3.45691980883972100D-03  1.80786015123479700D-03 -3.71823751244503400D-02
65  1  7.53939495292708700D-02  1.50796879753802700D-01 -6.29378896105685900D-01  8.44937941103124600D-02 -4.90472268056950700D-02
65  2 -7.10843354190945600D-02 -2.83332638517060800D+00  1.13234645898379100D+00  3.23392878218409300D-01  7.92714294719709700D-02
65  3  1.17799717655042000D-02 -9.10514012374756500D-02 -7.02147636590852100D-03  7.43437591405483800D-03  5.87488781220406100D-04
65  4  1.39723133467632300D-01  2.89280755589372600D-01 -9.20441595754689100D-02 -2.28406017601307200D-01 -1.09540777835709400D-01
65  5  7.16706089985027600D-02 -2.37562338138725500D+00  8.80666361885040300D-01 -3.45326822732842400D-01  2.04853410606207200D-02
65  6  5.87199008475817100D-02 -7.92052419082020200D-02 -4.63310820212130600D-02 -1.89024030591973000D-03  5.97608277622761600D-03
65  7  8.74758698826572200D-02  2.18988113215958900D-01 -1.03021475613307000D-02  1.31527772986374900D-01  1.12903615453206900D-01
65  8 -2.76171965028238700D-02  4.51271126450848500D-01  2.17368876698284700D-01  1.81687346757228000D-01 -4.26941300703108600D-02
65  9  9.58752811210530600D-02 -5.31811510507421300D-02  8.61958311553993300D-02 -4.80806115172261000D-03 -8.53552592740241200D-03
65 10 -2.74389549097079500D-02 -5.92980329945156600D-02  1.26355454137369700D+00  2.36924011599525600D-01 -1.39213835762931100D-01
65 11  7.62318181888240500D-02 -4.68809814459696300D-01  1.16910032014276700D+00 -1.93869413482905700D-01  2.95770852757115600D-02
65 12  1.86368853522774700D-02 -4.82139706279893300D-02 -1.58376093086674900D-01  7.48575305673626000D-03 -2.65402311392457200D-03
65 13 -2.25176353424229500D-02 -7.47461612339532800D-02 -2.26653312362739600D+00  5.80760003050747200D-01  2.75850279631121100D-01
65 14 -6.76512267264608200D-02 -1.93846485642852500D+00 -1.91056334700264200D+00  1.77774594734095800D-01  5.19624889172003800D-02
65 15 -1.05465444279752900D-01  5.35029553625513700D-02  2.07387331777678200D-01  8.10806755257964500D-03  6.91958255832171300D-04
65 16 -1.32837484469648100D-02 -5.24938819224346500D-02  6.31148550624619300D-01  1.57642342718704000D-01  1.73102414400188000D-01
65 17  2.12851405111884600D-02 -6.36436163491664900D-01 -2.55412055528277700D+00 -1.53861282395758000D-01 -2.02112838643728200D-02
65 18  9.69361942865288900D-02 -7.67249104221559300D-02 -1.46027877075720200D-01 -3.14344207471718300D-03  1.23023179511020500D-03
65 19  6.21837487154290000D-03 -8.31485255155739600D-03 -3.65078722832147100D-01 -5.22488647075868200D-01  3.14217082762712600D-02
65 20  1.55029295284359000D-02 -7.12830665134320200D-03  2.58111783953140400D-01  7.83670898951059800D-02 -4.47343209746938100D-02
65 21 -2.08972946459329200D-01  6.14346977974687600D-02 -5.68469076453216900D-02  1.00729407817841900D-03 -6.47976695311451300D-03
65 22  5.47247287493661900D-03  6.72414306346987200D-03 -9.12717059145026600D-04 -9.41461002862987300D-04  2.33079978970549000D-02
65 23  2.57826435783461000D-03 -2.58862622548887600D-02 -1.29966330796712500D-01  1.24956257600707700D-02  4.46205594352816000D-02
65 24 -2.17891648382255900D-02  2.54256194865962800D-02  7.15483926442847800D-01  1.79144946248955000D+00 -4.79740502848722800D-02
65 25 -8.94996675017359900D-02  4.89026717794489200D-03 -3.85454978949062600D-01 -4.31533903369998000D-01  5.03703049403493200D-02
65 26 -7.12412693805571000D-01 -2.32745842131703400D-01  5.89669851909476600D-02  9.73730979321269400D-04 -6.72708342845151500D-03
65 27  5.75335244913026700D-03 -4.47348681828304900D-03  1.54585215675403800D-03 -1.96802702295467600D-05  5.56404396743156000D-02
65 28  9.09048322245035000D-02 -1.46545271898819200D-01  5.89858748173547100D-02 -6.60417335851978500D-02 -4.99175731406135200D-03
65 29 -1.03314324933282000D-01  7.88672926394203600D-02 -4.54287956976779500D-02  3.05209474857747700D-02  9.05852004853904800D-03
65 30 -4.12967007643635200D-02  4.68747081760920000D-01 -3.01388984415515000D-03  1.98197219402784100D-02 -2.53450080126673500D-03
65 31  7.72331546837079600D-02 -1.75909799363246400D+00 -1.60156471604933800D-01 -8.33951366473731100D-02  1.15393119232446400D-03
65 32  6.73600702250273500D-02 -9.36119658849384800D-02 -4.84546894441165900D-02  2.70263968516286100D-02 -5.47326535338302900D-03
66  1 -1.62240225510391000D-01 -3.56949130898503300D-01  6.33438413193448800D-01 -4.44279011978941800D-02  2.54424020516836400D-01
66  2 -1.55373269882635400D-01 -1.13254834751924100D+00  1.65406875770982300D+00  7.36569538300059000D-01 -9.96534411907781800D-02
66  3  2.06497791662442200D-02  7.90036620245335200D-02  2.53460964928283800D-02 -2.23550246184176400D-03 -7.26334948534826300D-04
66  4 -1.15583512855437800D-01 -2.62633429389654000D-01  1.03891277925957400D+00  1.34308018320457800D-01 -4.05019581884504000D-02
66  5  1.49155339614072600D-01 -1.57743074837390500D+00  1.60777308074447200D+00 -7.12194462767873200D-01 -3.80627684821520700D-02
66  6 -5.02858292335036400D-02  8.83485977156567600D-02  6.66603009358413800D-02  1.60924509234906600D-03 -5.46377353921162300D-03
66  7 -1.22977154815731200D-02 -5.56901580238487700D-04 -5.82576556968214900D-01 -1.03433948922598500D-01 -1.55665240107066600D-01
66  8 -4.48334086790259500D-02  1.60403237542975500D+00  1.46624735396008000D+00  3.32819366224227600D-01 -1.50032064079168200D-01
66  9  6.52032271754948200D-02  8.48288369036743800D-02 -2.87725151736408400D-02 -8.32686320172904000D-03 -4.58538626596687900D-03
66 10 -1.07260625168285500D-02  1.33820759170624400D-03  1.94888118356524200D+00 -1.60833938028727100D-02 -6.02568552462172700D-01
66 11  1.26497497900209500D-01  6.57830946949725500D-01  2.34088054379797600D+00 -3.42539872921964300D-01  1.90115133764151500D-01
66 12 -1.58346103470180200D-01 -3.17690302939717900D-02  1.16630394989244300D-02  1.04151715716115600D-02 -6.07377298181418100D-03
66 13  1.53128040733596100D-03  5.40492712242826600D-03 -8.57037368861012400D-01  9.88905698579710400D-02 -1.99717788754156100D-01
66 14 -1.26516005246077000D-01 -8.22565212027673500D-01  2.15038789073599800D-01  3.51038641864586300D-01 -1.45792720260930200D-01
66 15  1.01505907873880700D-01  4.42868123870492600D-02  5.16782671511843100D-02  1.65395288112851100D-02 -2.69901282206935900D-03
66 16 -8.10496170336127700D-02 -1.86303377617800000D-01  7.58117516258470500D-02  5.66717878105173600D-03 -1.56693648274737600D-01
66 17  6.27121702155196400D-02  2.03917684408384500D-01 -1.25644916318672000D-01 -3.73010904687060100D-01  2.00674209199851100D-02
66 18 -8.02540731286449900D-02  6.01866522086614800D-02 -9.92786897817222700D-02  4.38008834316860100D-03  8.72071462313815100D-03
66 19  2.67903359917568200D-02 -2.33938929354878000D-02 -8.37515831952578300D-01 -1.79273027977204100D+00  2.82748669084314100D-02
66 20  7.24799306616594100D-02 -1.37326918695124600D-02  4.70768518202384800D-02  6.23990073411467500D-01 -1.09190516548504600D-01
66 21 -9.59737844761964900D-02  7.56569240916175100D-01 -1.24108851678732100D-01  2.95436230404546100D-03  2.40331422956122200D-03
66 22 -5.35767653360524900D-03  2.68977721250165900D-03  2.49296611847764800D-05 -2.88655744209144700D-03 -1.26867650355001000D-02
66 23 -1.73496870156580800D-01  1.86183635192081900D-01 -5.02434959985157800D-02 -2.57188389256424300D-02  1.11702474770102900D-01
66 24  3.67610569419692600D-03  3.07540430316280200D-03  4.37327322531025300D-02 -3.07583770092433100D-02  9.15193312525497600D-03
66 25 -3.18854493041042000D-02  1.62299464420021300D-02  2.37003494876176900D-01 -1.55868518518661500D-01  1.00341952640307700D-01
66 26  5.53752159968077500D-02  2.39536831544675500D-01  1.26785838900748500D-01  8.04082498603761800D-03 -2.41613046761542500D-03
66 27 -5.62469451842238400D-03 -1.75560327536904500D-03  1.70748539654103000D-03  1.59439692747974400D-03 -1.34939355479429500D-01
66 28  3.42290408111567800D-02  1.00710314668272800D-01 -1.15743404486389700D-02 -9.46110410473888600D-02 -4.52553399021165600D-02
66 29  5.53475044206904500D-04  1.38794760495364100D-02 -2.04963896729749500D-02  1.08661343998101600D-02  1.36272690976562400D-02
66 30 -6.80362142440316300D-02  1.57637577677610700D+00 -2.59278381558312400D-03  1.67723717701381800D-01 -5.08590552609446900D-03
66 31  2.33113520432221900D-02 -1.19752402448287000D-01  1.06066538961969000D-02  1.38924144797738500D-02  4.37253410366767000D-03
66 32  1.38157494077649400D-01 -5.04684318739925900D-02 -5.15278443297498800D-02  2.43423522556341500D-02 -1.47806113078499500D-02
67  1  3.14358636839986900D-02  9.29430863462694100D-02  2.86689706587517800D-01  6.42710618378705300D-02 -2.78715013780829200D-02
67  2 -4.32921622678072500D-01  6.99857859078940000D-01 -1.31102470834897500D+00  2.02719051787599800D+00  3.43288507580230600D-03
67  3 -9.17158394715153100D-03  5.73869887134956200D-03  1.46320020421425100D-03 -6.50982015624995500D-03 -5.23646932166220700D-04
67  4  6.18220623478170400D-04 -5.04482908872750100D-02  1.54361311529563100D-01 -3.29885748643348500D-02 -4.09462891025880700D-02
67  5  4.19874451372779000D-01  1.84356263091063700D+00 -2.00813893080658000D-01 -1.95832178161400300D+00  2.66410192646537700D-02
67  6  3.51199009445720000D-02 -6.17609202092264000D-02  2.38275288114435900D-03  4.55397225233948900D-03 -1.82296083907811800D-02
67  7  1.09310230932582500D-02  2.25884426899728100D-02  7.18940011080828600D-01  6.62920546511391900D-02  1.13998550926572400D-01
67  8 -1.27427603047970800D-01 -1.29094020180240000D+00 -7.76621679427114700D-01  9.01439248065006200D-01  8.64936781678512000D-02
67  9 -4.66827826019872800D-02 -3.98108955658644900D-02 -1.19002201338101600D-02 -2.07709420751237400D-02 -8.37920008837886700D-03
67 10  3.54728594626652800D-03  5.06489910660970200D-03 -1.38827152338526000D+00 -3.87300068011898100D-02  2.43035955467417900D-01
67 11  3.16972092535453300D-01 -4.77932068994976000D-01 -1.23767945339558900D+00 -8.85212837075296400D-01 -9.19464115688029000D-02
67 12  5.72675407314368300D-02  3.46788708373663500D-02  1.74407008404280000D-02  2.51002630231493100D-02 -1.82626540646501200D-02
67 13 -3.98833162105625600D-02 -9.59079981272729100D-02  9.81036480908345900D-01 -1.44085074194729800D-01  4.40255381811861300D-03
67 14 -3.16604655227747400D-01  6.88749761494825400D-01  4.94802828600795500D-01  9.08306081950284100D-01  5.14236808245105800D-02
67 15 -1.92621890066007500D-02 -3.21614918179096600D-02 -3.67175426390312200D-02  4.17859290398188100D-02 -9.94203292068488200D-03
67 16 -4.15078647005509600D-03  6.49110760902624200D-03 -5.04871930434256500D-01  6.71831230725312700D-03  6.49406915658737700D-03
67 17  1.63692314573502400D-01 -1.60219494095686500D-01  6.56066451493662500D-01 -1.00182812307436000D+00 -1.37601073035529600D-03
67 18 -1.13821812869705300D-02  1.27581920173250700D-02  4.15796689992105000D-02  1.23873278959060300D-02  2.39098739180631400D-02
67 19 -2.06319173639045800D-02 -1.54712761996881400D-02  5.03258083580776200D-01  9.09232356881801700D-01 -2.00863452720953900D-02
67 20 -4.03594577156088100D-03 -3.73994437684832900D-02 -9.44252508227012400D-02 -2.23169614549126900D-01 -2.98738702736672100D-01
67 21  1.96156143955222400D-01 -3.13906646811897700D-01 -3.49049145630298000D-01 -2.46849361887411800D-03  4.42756275260842700D-03
67 22 -1.95906913373500800D-03 -2.43253114521889100D-03  4.16159494783391000D-04 -7.92208201052218900D-03  1.24991196462307300D-02
67 23  7.29518376586931900D-02 -8.54509573049249500D-02 -1.85868602657838300D-02 -8.05189038346028300D-02  3.08900769465768900D-01
67 24  2.48677652571761400D-02  2.52279171580147800D-02 -6.38423735340323000D-01 -8.18440746467881800D-01 -2.94421841732561600D-02
67 25  1.08867964841517300D-03  4.61050454421996700D-02  1.42215476160357700D-01  1.90719959480661100D-01  2.69517534686861900D-01
67 26  2.99119882224614400D-01 -3.13661266912796000D-02  3.55486246326851500D-01 -8.37199169003010300D-03  2.55731699208859400D-03
67 27  5.81467469794138800D-03 -5.85879782025549700D-03  4.41716044837430100D-03  4.73198510127965100D-03 -5.88509689609343400D-02
67 28 -4.66823302247199100D-02  1.05533299185654200D-01 -8.86818560101114200D-02 -2.53978271767834600D-01 -1.27876976494484700D-01
67 29  6.01340627989774800D-02  1.59852423342795300D-01  1.51979273819397100D-02 -9.87283633783941600D-03  3.52595155676641200D-02
67 30  6.10487972863990200D-03 -6.96296729188658800D-01  4.08354123941084200D-03 -5.85549843222121300D-02 -1.38294294447942400D-02
67 31  2.41418673810251300D-02  3.12466965623148400D-01  9.29378537869761400D-03  4.04279909154598600D-03  1.32451901377426900D-02
67 32 -5.29284557600343700D-02 -8.17892232469774700D-02  1.26640941636639900D-02 -5.87841044390725600D-03 -4.00671098944321800D-02
68  1 -6.60723796673541800D-03  1.28746743480159300D-01  1.19144912832346500D+00  4.05399157660846500D-02  3.01900642482403600D-01
68  2  9.30920004043427500D-02  3.31846183102003200D+00 -2.95646335284921500D+00 -4.33899837403473100D-01  6.34667682206248600D-02
68  3 -1.08805410348567300D-01  4.53386421279412800D-02 -2.51786304703480200D-02  3.45270475014265900D-03 -2.67263833459789900D-04
68  4 -3.59114136389783000D-02 -2.34152881373374000D-01  7.54566834980993900D-02 -2.54182304490660000D-01 -1.22827570358558300D-01
68  5 -8.98210291711677400D-02  4.69776456349223800D+00 -1.78061010646478700D+00  4.11678841682923500D-01  4.21527336819096200D-02
68  6  2.08049084645537200D-02 -6.29576421464632700D-02  1.18811725055345700D-01 -1.38878373265009300D-03  6.36459358952615500D-03
68  7  4.01214186909453100D-02  9.69128024847036300D-02 -8.07711006991442400D-01 -1.14442783413853700D-01  3.33244649417156900D-02
68  8  3.03403900199933200D-02 -1.13386119832558100D+00 -1.87452461432556700D+00 -1.86595235934757500D-01 -1.69898570636195300D-03
68  9 -2.21627423403882000D-02  2.38617280467495400D-02 -8.81174463482623500D-02  3.53836986924200700D-03 -8.32110434488645600D-04
68 10 -2.33739120442747100D-03  5.84624931022653300D-03 -5.75626034309985000D-03 -6.12917997408745400D-02 -2.05226352211578600D-01
68 11 -5.04174113286573700D-02 -1.43974246307021500D+00  8.63929917220617300D-01  1.58800626131221200D-01  3.92920310107212600D-02
68 12 -1.00759962206381000D-02 -2.92160347900820600D-02  7.43828034063887400D-03 -3.38716545938124000D-03  5.15950369624504000D-03
68 13 -3.57880978363991400D-02 -9.07490446849638200D-02 -3.78760655473549300D-02  1.32995352044637600D-01  1.54566517829744700D-01
68 14  5.32496402229847500D-02 -1.32166546921992800D+00  7.65791814942287900D-01 -1.66526712188591300D-01  1.43747140747990100D-03
68 15 -2.97996994700888000D-02  2.83622280626102300D-02  4.75065102778509900D-02 -6.67572587656774200D-03  3.85883921477949200D-03
68 16 -6.06761995475506400D-02 -1.39659689250280300D-01  4.62822172438821100D-01  1.66860777021998300D-03  6.74905818130865900D-02
68 17 -3.53396566679802100D-02  6.07863641184970600D-01  1.61976618215413300D+00  2.08889696163441300D-01 -4.97372511061500500D-02
68 18  5.48520144839533700D-02 -5.11476337780439300D-03  1.85568164737212900D-03 -4.00237004699169700D-03 -5.98110546387274900D-03
68 19 -5.78457898513916600D-02 -1.10108070503504700D-01  1.00633796720980200D+00  2.03885643827936700D+00 -4.77681716166921700D-02
68 20  1.22769610848572600D-01  7.63200709746633200D-03 -3.07473820313157300D-01 -3.08837193377534300D-01  6.42537072905232700D-02
68 21  8.92670079587126500D-02 -8.71564272715716600D-01  7.64323961137363100D-02 -1.67122008368767800D-02  2.99717181947931800D-02
68 22 -1.32595173579174900D-02 -9.92345395898763100D-03 -3.62268989267683700D-04  1.77982696530394900D-03 -1.05906073726609500D-01
68 23  3.40635653608972500D-01 -2.34729579882364600D-01  9.05764013443155900D-02  2.45669178970741900D-02 -6.78270513714099300D-02
68 24  6.84898331471276800D-02  1.16608014687365100D-01 -1.28327883719903200D+00 -2.31680723290872100D+00 -1.48724479854588300D-01
68 25  2.71453178388123200D-03 -1.19004065902609900D-02  2.34111299593835600D-01  5.36838781089717100D-01 -5.44354961107164700D-02
68 26  8.70067798099453700D-01  4.88672523179392700D-01 -7.58970094441799300D-02 -2.94022318252350800D-02  1.56790500390980000D-02
68 27  1.37231817861370300D-02 -1.88049191482456500D-02 -7.13255353390201200D-04 -1.35002063942099300D-03 -1.74787679833623400D-01
68 28 -1.63578247286559400D-01  3.38365927120183000D-01 -3.49524304529601200D-01  4.54541572933591200D-02  3.04368365550004300D-02
68 29 -1.46831352231385300D-02  1.64609484098487500D-01  2.42482277911767600D-02  7.72688533378222400D-04 -5.74558476517928500D-03
68 30 -4.76891487784526700D-02  4.92552732637322200D-01 -5.20705471674362700D-03  5.60769551768443600D-02  2.96193451254727400D-03
68 31  6.52350726863838400D-02 -5.20538762107450900D-01 -5.92513337088453800D-02 -2.56757357165892100D-02 -3.77551481092953000D-03
68 32  4.08873837558363500D-02 -2.91996321953804400D-01 -1.33033364582598200D-02 -4.04117544914373900D-03  8.32265956576012900D-03
69  1  5.25459607428992600D-02  1.30531129319437900D-01 -7.42066770182428200D-01 -2.01622968543949500D-01 -2.56870697874804000D-02
69  2 -1.08598240730215000D-01  6.28471287840054500D+00  5.02660887106759400D-01  5.04215608783718800D-01  1.22041455046148000D-01
69  3 -7.38571283087186400D-02 -4.81843267374306400D-02 -4.05461575266050200D-02 -4.67710528213340900D-03  1.87623610899479600D-03
69  4  4.98742480599440500D-02  1.75765736738070800D-01 -2.46531971047487600D+00 -2.30426763623508000D-03  7.65379251648175600D-02
69  5  1.09597539785324400D-01  1.10440091176386800D+00 -5.29959549628198200D+00 -4.79997450443369000D-01 -2.81147802799074600D-02
69  6 -8.70270879315378600D-02  1.15141868211445900D-01  3.31197987426946600D-02  5.61198812732809300D-04 -8.88297103439722100D-03
69  7 -5.57721429804547400D-02 -1.78468004144279400D-01 -3.12313293840413800D+00 -3.47129948182836000D-01 -2.40635341780428300D-01
69  8 -5.72205914779223800D-02  1.20328157127003000D+00 -2.07184125732922600D+00  2.32623509568202200D-01 -9.22699179197520900D-02
69  9  2.32989354068106200D-02  6.89709825129418800D-02 -4.68929803635797100D-02 -2.94700575474629000D-03  4.74366525328057000D-03
69 10 -7.13829299833094600D-03 -3.95166558120538600D-02  2.21512181398813400D+00 -5.22205911276138200D-02 -1.70091765209702900D-01
69 11  2.25972517435082800D-02 -1.08136122959707400D+00  1.70641125135277400D+00 -1.28273372691153200D-01  9.67030877520155700D-02
69 12  5.25724590332687700D-04 -9.72288123423474100D-02  1.38696526107771000D-02 -5.10150649159168400D-04 -1.11894605314382900D-02
69 13  1.23708039696404700D-01  3.07965582863440200D-01 -1.83382683546466600D+00  1.28107548274961800D-01  1.56945591822929400D-01
69 14 -2.67366495729724500D-02 -2.24075688388947400D+00  3.85276715137995700D-01  1.30160549538498000D-01 -3.41381965790196200D-02
69 15 -6.06267610961049900D-02  9.47649576751263400D-02 -3.44180865197914500D-02  1.85956712693369000D-04 -1.05490284655520600D-02
69 16  1.03323890088185300D-01  2.38884971755060800D-01  3.39572197500784200D+00 -1.56328845646638900D-01  3.45122792995054300D-01
69 17  3.87651683794558200D-02  2.94347840446593900D+00  1.20585272952235800D+00 -2.24262920476159200D-01 -3.35329674605332200D-02
69 18  1.38751352958523900D-01 -1.05218385497991000D-01  9.26363602861148100D-02  5.41687915640960300D-03  9.43187373580873900D-03
69 19  4.22436947375941500D-03  2.36111356513372600D-02 -6.38780968441401000D-02  7.68933043784676000D-01 -1.19867763796073700D-01
69 20 -2.36626818760609700D-02 -8.59905771393882300D-03 -4.92073425475304200D-01 -2.29678839990930300D-01 -7.44956509334404000D-02
69 21 -4.59084091517450700D-01 -5.32531246893895300D-01 -9.39747864286801100D-02 -8.64507467365619400D-03  3.26162044399462400D-03
69 22  5.38345422966074700D-03 -1.86389008294522000D-02  6.41676064456769200D-04 -2.13688199086046900D-03 -9.59562621133698000D-02
69 23  1.73623303449053600D-01 -7.76670413356830400D-02  3.41771182739518300D-01 -3.44007468552354800D-02  8.07948012422276100D-02
69 24 -4.39996081716410900D-02 -5.62901392160640000D-02  1.06167781482335300D+00  2.17075003914244800D-01  2.94103206776754900D-02
69 25  9.92513025692250000D-02  1.96891653477187000D-02 -5.11656442923820000D-01  2.97755501812996300D-01  5.58569161312171000D-02
69 26 -3.09225838069692900D-02  2.79135531148166600D-01  8.91183389416882900D-02 -4.14254498862253800D-03  1.34789384155888600D-02
69 27 -9.33639342696519800D-03  1.22298921827076200D-02  6.36555793753772500D-04  2.25987477411013400D-03  2.48142550450297200D-01
69 28 -3.73163606090316500D-03 -2.44410914389393800D-01 -1.93199225037262200D-02 -3.99261849501078900D-02 -3.48904122642068700D-02
69 29 -1.69492884329417200D-01 -8.08660709541884400D-01  3.40395797351309600D-02 -1.42095199703962300D-02  2.49131477813502900D-03
69 30  1.05520836032772100D-01  5.93000475512609300D-01 -1.19513032790825500D-02  7.87299331879460500D-03 -3.72587020678123800D-03
69 31 -1.70728079203361800D-01 -3.96162709810753200D-01  1.91123526111694300D-02  1.55987657756496000D-02  7.78781746798828900D-03
69 32  9.63742855466575400D-02  7.30064673918844600D-01  7.00305439157436600D-02 -5.23932339357275400D-02 -7.81238470541144300D-03
70  1  1.30548677607252700D-01  3.32400773195407900D-01 -4.34269941112636500D+00 -1.93870270739745700D-01  1.12963034173929500D-01
70  2 -8.51324149003075500D-03 -7.48537214260050000D-01 -1.94210330161472900D+00  3.98853596516391400D-02  8.81790370293324700D-03
70  3 -9.41922461868056200D-02  8.53743424838726800D-02 -2.33430747829967700D-02 -2.78864399827989300D-04  2.72852833449032000D-04
70  4  1.22055487777276800D-01  2.67511453028071600D-01 -3.72977454574888400D+00  4.85871943961301500D-02 -2.07422651198774000D-01
70  5  9.43322057102564800D-03 -2.07685838588843300D+00  4.20442254687333300D+00 -3.87557787692029100D-02 -2.57201851897832800D-02
70  6  8.28181881469989900D-03  1.74383663750829400D-02 -7.24956368838295000D-02 -1.74118537993915600D-04 -6.90111698813511300D-04
70  7  1.54585697885018300D-01  3.74365673870180000D-01  2.29652832350801400D+00  2.81942192463357500D-01 -1.49890840035722500D-02
70  8 -7.17102230211755800D-03 -1.67256337094565300D-03  3.13740021621258300D+00  2.12569908518969300D-02 -7.02069278374666400D-02
70  9  1.45116876731383900D-01 -7.49099488939159600D-02  9.35289735787857600D-02 -3.24976060873662900D-04  6.34405174404254900D-04
70 10  1.62050791933893500D-01  3.79567721251718000D-01 -7.68097985702588400D-01 -5.65911154431022600D-02 -8.47463396648972100D-02
70 11 -4.19510008358359900D-04  1.38975094521535100D+00 -5.38413297517809200D-01 -7.13311115365514300D-03  7.15384120257428500D-02
70 12 -1.27023218821053700D-01  5.54848067953090000D-02 -2.56224169403388800D-02 -3.83111167594056800D-04 -1.49034303920179700D-03
70 13  1.18501399772665500D-01  2.56774259373057800D-01  1.03994960640159200D+00 -6.43489111931764000D-02 -9.77578874324470400D-02
70 14  4.87437318660101700D-04  7.61184066763224500D-01  2.86836975466847200D-03  6.16497289816932700D-03 -2.16676456295247800D-02
70 15  5.22409114084995100D-02 -3.05732657789771700D-02 -9.53436061036267600D-02 -8.06017138048710100D-04 -1.61837368744881300D-03
70 16  7.75303247249039500D-02  1.45983355757592700D-01 -7.52056124648162400D-01 -6.36721361784614700D-02 -1.02843875962487900D-01
70 17  2.85420315104586400D-03 -3.59043765704230000D-01  7.09903555299126600D-01 -1.66239909669856900D-02  1.68716573757267100D-02
70 18  9.62715160311262600D-03 -2.64988089788405600D-02  1.31965443236752100D-01  3.62595727320038600D-04  1.15083040906921100D-03
70 19 -6.19381264869924600D-02 -7.98309605809741200D-02  1.39810957743676400D+00  1.18420281650463000D+00 -6.18882501297859000D-02
70 20  8.10864871447648000D-02 -6.79501956187648900D-04 -9.37533455776627800D-03 -5.87216505492844700D-01 -5.84695420123773500D-03
70 21 -9.05790723689629700D-02 -4.66462284882815800D-01 -7.81356863083705300D-03 -5.33040250563070000D-03  1.49885998131627600D-02
70 22 -9.65819730753196200D-03 -4.56090426601818400D-03  5.38317727910187200D-05 -1.68314828245690300D-04  1.36604821121095800D-02
70 23  3.85067995597773500D-01 -3.98728477709885600D-01  1.10746353384539100D-01 -2.71763947746602500D-03  6.48041915925628500D-03
70 24 -1.34223725551834700D-02  7.36300445871557900D-03  4.26681880057202600D-01  6.34603289711353000D-01  6.24275422805439400D-02
70 25 -1.32987700136835100D-01  2.19128321109906000D-03 -8.83129142232210900D-02 -6.68961174894143800D-01  3.62451852240275000D-03
70 26 -1.92890715705773800D-01 -4.40522304666461700D-01  7.16720221465536200D-03  1.39528371427973500D-02 -1.66931655513510300D-02
70 27  2.74032840855486800D-03 -6.23404422354568400D-03  4.45934778750543000D-05  2.39409957278770800D-04 -7.36539104029653300D-03
70 28  2.26960911331395500D-01 -2.19595520291099100D-01  2.67630872268447900D-01 -2.17097214434238300D-03 -2.34052592718745300D-03
70 29  1.07871760292354500D-01  7.24789941540367000D-01 -8.91726299558579100D-02  3.97641909561949400D-02 -2.22259379080209500D-04
70 30 -1.51838485676499200D-01  3.13964207982065100D-01  6.86769683604010600D-03  9.65068737110485700D-02 -3.27489440072522900D-04
70 31  5.40383897419018500D-03  5.11697722820849800D-01  4.34903601186713700D-02  2.61976900793019800D-02  1.05629799542527300D-03
70 32 -3.27216339937970900D-02 -2.81648528571205900D-01  1.99461754863668100D-02 -2.27088446040127400D-02 -3.68100340827136500D-04
71  1  4.87749027487413600D-02  4.86682353085808200D-02 -7.20661112096988400D-01  1.42140073256146900D-01 -1.50258437195737000D-01
71  2 -2.69864980915905600D-03  5.84201946320772400D-01  6.44417099697293800D-01  1.20922737722629900D-02  2.01960397693067900D-03
71  3  4.27467116370726700D-02 -4.47663156140030600D-02  3.64864652382211700D-03 -1.41963839821157500D-04  1.20945682117172800D-04
71  4  4.80406547855348100D-02  5.53352639176664900D-02 -7.66272436816614700D-01 -1.94317289543000600D-01  6.71414869610264000D-02
71  5  2.96644168548768300D-03  3.63537797153277500D-01 -3.22043251938464000D-02 -1.13878276035018200D-02  2.66088210957694000D-02
71  6  5.54208021529653700D-03 -3.21509013110660800D-02  2.80314220114886300D-02 -1.03919609726592500D-04 -2.82444024532364800D-04
71  7  1.73937579849572500D-01  4.19079002975055700D-01 -5.81564468002000800D-01  2.38187679648254000D-01  8.44733055170466700D-02
71  8 -2.64323315110512800D-03 -6.86575586991177000D-01  4.24711712473142600D-01  6.99788217107515000D-03 -1.68110056798030800D-02
71  9 -6.00761148903358300D-03  2.28186171688363200D-02  5.87421838166232200D-02 -2.12486246149894700D-04  2.99870405231525500D-04
71 10  1.48999559979643300D-01  3.60947232268819600D-01 -5.12329538027684100D-01  6.84276582708627900D-02 -1.19026940281555900D-01
71 11 -6.62489325913027500D-04 -8.75171072324837100D-02  3.06617728524278100D-01 -1.56596244610512000D-03  4.46967574435978100D-02
71 12 -7.42633488021559600D-02  2.95665913585581600D-02 -2.85465317708148100D-02 -1.63479381053907400D-04 -6.31618256660499200D-04
71 13  1.61483338112515800D-01  3.89250109862266300D-01 -9.49492514848394300D-01 -1.10568518160132000D-01  9.69728140096011100D-03
71 14  6.21475745606572700D-04 -8.97189498493231700D-02  7.70169154363178800D-02  1.08716818527967400D-03 -2.98153803493356800D-02
71 15 -1.61509614510324500D-02  4.59663418003671400D-02 -6.90757078110381000D-02 -5.36737865241894500D-04 -7.59518912082033600D-04
71 16  1.84418356950909100D-01  4.51280451849638200D-01  5.06202111288426800D-03 -5.76393053828853800D-02  3.01477724665175400D-01
71 17  1.22242313195233900D-03  1.17258060971072400D+00 -3.66070686460956200D-01 -5.07854138086130900D-03 -5.43661268136967600D-02
71 18  4.39924213855334100D-02  1.03737054281631800D-02  3.63516438863809200D-02  7.34164855440128900D-05  5.38382789298879700D-04
71 19  4.42661942938495200D-02  1.29292274585858200D-01 -2.29410387404964100D-01 -1.66308735819812100D-03  3.28770197243610000D-02
71 20 -9.15961443096064800D-02 -1.86236617625475100D-04 -1.72161500477107700D-01 -6.45798457514744800D-02 -1.60727533604172300D-03
71 21  5.28589389908504300D-02 -4.85610726705375900D-02 -2.56743821868483300D-03  1.59150743617533400D-02 -1.59784594608546300D-02
71 22  6.33850991010102000D-05 -9.06480972020644100D-03  1.78386555381249400D-05 -5.31902007522625700D-05 -4.73406705800707700D-01
71 23  9.10562809635829400D-02  3.82350424837124700D-01  2.55419291318662600D-02 -8.16731805130262200D-04  2.20457575258573600D-03
71 24  3.85892965927601200D-02  1.21108048242503600D-01 -8.28906483419621800D-02  3.61262699076943500D-02 -9.20773948215256500D-02
71 25  2.49964771735573600D-04  8.50036802758060400D-04 -2.26167525051638700D-02 -1.31279535851758200D-01  7.74622761117384300D-04
71 26 -7.96663946827432000D-02  7.07295346132834200D-02  2.08638586655927600D-03 -1.64482847544609700D-03  2.99155030101075100D-03
71 27 -1.34672182556413100D-03 -1.82921203630306400D-02  6.70127878447472200D-06  8.45745191572716000D-05 -3.43738095892163000D-02
71 28 -3.39592283685390600D-01  3.73966093274606900D-01  2.88662381815872500D-01 -1.45442783917465100D-04 -4.82122657232156500D-04
71 29  2.34408950370392000D-02  8.01966488788487300D-01 -6.04138271271505900D-02  6.59829182563716600D-02 -2.26302953711574700D-04
71 30 -1.49961697836264100D-02  4.42405706697269600D-01  1.26827655823948900D-02  8.10679804636414000D-02 -1.12893940448068400D-04
71 31 -3.88440741890415500D-02  3.34983542477749600D-01  6.40514666674577600D-02  5.19491953477262700D-02  4.93250128728574700D-04
71 32  4.28380516254094600D-02  9.51532388639090300D-01  9.55135890989167500D-02 -2.59945120998877100D-02 -7.25824503246885700D-06
72  1 -1.08722242946362500D-02  8.92723960601860700D-03  1.36831629482004500D-01 -1.71309294748399900D-01 -2.71418733696026100D-01
72  2  2.23943494364139400D-03  5.90759122699006900D+00 -6.87683894514979400D-01 -1.98740267122756700D-02 -7.29612536198602800D-02
72  3 -2.43358830162818000D-02  9.72971366361414200D-02 -8.03022260644887500D-02 -1.41154345987197300D-04  1.07804001211319500D-03
72  4  1.70919608561476200D-02 -1.00023594985202800D-03 -2.40847403408852100D-01  1.69630559346382700D-01  2.74829931635123500D-01
72  5 -8.35174722654356300D-03  3.55466402867478200D+00 -4.70900674966602200D+00  2.17188042110093500D-02 -2.32286810035341100D-02
72  6  1.21961729108486300D-01 -9.87330481049524700D-02  1.65325386951090000D-02  2.31781715881452800D-03  8.72762571016507000D-04
72  7  1.55205548148970500D-01  3.48044369633148300D-01 -1.47085152075047100D+00  2.27219564174701100D-02  4.38063889255000200D-01
72  8  8.78319927217021900D-03 -2.03569070510036700D+00 -4.43743928988368900D+00 -1.91759452010982900D-02  1.35270036622835000D-01
72  9 -9.01707186887143900D-02 -4.50993179341215800D-02  7.16015561932155500D-02  2.88677608690080900D-03 -1.49021292513793300D-03
72 10  1.26472428777249800D-01  2.63452871890260900D-01 -6.61915810669742700D-01  3.03201955205907400D-01 -1.36035873153757900D-01
72 11  2.30941905775062700D-03 -3.90924992884999400D+00  6.65950281991418300D-01  3.14345218459021800D-03  1.72131277827102100D-02
72 12  2.91773590290646600D-02 -4.63904868117728300D-02 -1.03086644632519300D-01  2.09116013844706300D-04  1.05168224411806900D-03
72 13 -1.18875695599656300D-01 -2.49090821996567800D-01  5.89235264645019900D-01  2.56635639154817200D-01 -2.14612870727454000D-01
72 14 -2.66911181712665000D-03 -2.52518643495601200D+00  3.07191952220667800D+00  6.57470717090250500D-04 -1.07343408462785400D-01
72 15  6.17344273952813800D-02  4.56089810675047600D-02  3.87139922077709800D-02  2.00953678854834100D-03  2.53964766466730600D-03
72 16 -1.34338793392510000D-01 -2.97531559768699900D-01  1.42835727155461800D+00 -3.86756646349182700D-01 -2.24330307145155100D-01
72 17 -2.41838892795851900D-03  2.95706177723317800D+00  3.92548097941969400D+00  7.98575128409760200D-03  9.16675631319264200D-02
72 18 -1.28987241459008100D-01  3.73196783270808200D-02  8.72769878090177000D-02 -6.93877420305232000D-04 -1.60541741124248800D-03
72 19 -6.09515654107519200D-03  4.32438800593604000D-02  4.82496898501452300D-01  1.02515975127184500D-01 -5.43653660863158800D-02
72 20 -1.49273667429112700D-02 -1.13568475645709500D-05 -4.03249983474468700D-01 -3.43467127976944100D-01  2.68933838348347600D-03
72 21 -6.04291403083004600D-02  1.10348120392327600D-01  4.39982184067850200D-03  2.36105868487574200D-03 -4.31633839889541400D-03
72 22  1.95527971401830500D-03  8.15613160721117600D-04 -3.09478262716445300D-05  1.87684745539053000D-04  8.50148979412586600D-02
72 23 -7.64599883973030600D-02 -8.55490954395621100D-03  3.49946274321201100D-01  1.20722479745828400D-03 -7.05678294710116200D-03
72 24  2.63211382639341800D-03 -5.37646527142581100D-02 -4.85576827674316200D-01 -1.01453718174030100D-01 -2.22201842255756600D-02
72 25  6.11789911842987900D-02 -3.05221841262067400D-03  1.33195082959420100D-01  4.78872905088667700D-01 -9.81482977832849100D-04
72 26 -1.63133192543549700D-01  1.31870165539329600D-02 -2.88857269985868200D-03  4.05628826696770800D-03 -2.28906582271483300D-03
72 27 -1.76722244425247400D-03  3.26942449131337200D-03  8.34341225145931800D-05 -1.54369845003009500D-04  3.34630397576409700D-01
72 28 -3.05281394728114400D-01 -2.93490028482955100D-02 -1.31179230301629200D-01 -5.46721917669021200D-03 -3.94196904961949900D-03
72 29  4.37097244635315200D-02 -1.40375599288872500D-01  3.82367311881532600D-02  1.20531628986774100D-02  1.74649765114158800D-03
72 30  8.19075907652984500D-02  4.37226493762111600D-01  4.11157176993102300D-02  4.77762934089858600D-02  7.48060124744006800D-04
72 31 -7.53846023186094500D-02 -3.98545894832651700D-01 -1.49374513601114300D-02 -5.52518735360568700D-02 -1.72361870154725400D-03
72 32 -1.86137347985261500D-02  2.46369518352611800D-01  1.55229698916578300D-02 -4.62104049009847200D-02 -3.34900503858493500D-04
73  1 -7.25793465663338800D-04 -2.20301933415037000D-03  2.00947759144154200D-02  1.13042977251028400D-03  4.79238288147901500D-03
73  2 -3.21645393083103700D-01  1.56662124657594800D-02  2.68703248979220100D-02  2.95374999246262100D-01  1.30317151873277500D-03
73  3  1.79655086714915700D-04 -1.48282660544769300D-03  4.87003521927629400D-04 -7.52337895777694200D-02  1.81243179848311600D-01
73  4  1.10095523577741200D-03  1.97194578806821100D-03 -2.01544002199330900D-02 -1.44300192418764100D-03 -3.80213228182634500D-03
73  5 -3.09269771901040900D-01 -1.05401762068182400D-02 -2.43770587949759000D-02  2.68809055264517100D-01 -7.00795813804285900D-04
73  6 -2.35839219163488100D-04  9.36635032967779400D-04 -6.62997572731937200D-06  1.98528120405285100D-01  2.13813748887597800D-02
73  7 -1.29066043411631600D-05 -5.59389239320888700D-04 -1.26903787532116200D-02  6.17601693824100000D-04 -3.59596791932346200D-03
73  8  1.56508053152984200D-01  2.15315095846075600D-03 -3.20323639245149300D-03 -2.81192784557930500D-01 -9.14596982550354900D-04
73  9  1.55533883081797300D-03 -6.40741848267600800D-04  2.97588305328803400D-04  2.14752629253886400D-01 -8.19329779500399100D-02
73 10 -3.29309321661441300D-04 -5.01650696782043600D-04  8.88777888282099400D-03 -1.79460725658976100D-03  2.05769526668401100D-03
73 11  4.25779253755952300D-02 -4.81186697088140900D-03 -2.89918324627261400D-03  6.89530368961075300D-02  4.98591853710887600D-04
73 12 -1.87722699438858100D-04 -3.10869154272034300D-04  3.33129657935533400D-04 -3.63575038638186800D-02 -1.93780124666728300D-01
73 13  2.15269329818444100D-03  4.06080645460717300D-03 -3.10941345435430500D-02 -4.68097459607114900D-03 -2.35613845025220500D-03
73 14  5.83352136189185700D-02  5.27658366464537500D-03  3.71214779305866300D-03  3.62196220452898000D-02  4.52993441648005500D-04
73 15 -3.55688508493392100D-04 -9.73049331546191000D-05 -3.55150869041805400D-04 -1.50479517104629200D-01 -1.29725002728842400D-01
73 16  2.60121045765857700D-03  7.17886056769290700D-03  8.19429210751602300D-03  3.29635937154504600D-03  4.65190208744428000D-03
73 17  1.38943965955820800D-01  1.18193042708643400D-02 -1.89747066669275700D-02 -2.36226712907240100D-01 -3.11373710062544900D-04
73 18  4.45560695505337700D-04 -1.34186985442794800D-04 -8.41696502199508200D-04 -1.74424806561870600D-01  1.35778327860627900D-01
73 19  3.29252696235396600D-04 -5.34225016670989900D-04 -1.57884551648075100D-02 -1.14572448008806700D-02  5.69489104214118600D-04
73 20 -1.42499528673219100D-05 -6.55987227381431100D-02 -7.35406146249752300D-03  8.52898664127548100D-03 -4.66613046735041600D-02
73 21  1.44362412448458600D-03  2.33209229304542600D-04 -5.83476257405820800D-02 -1.43730298690828700D-04  1.06707210723696800D-04
73 22  3.70230879671282800D-05 -7.85148038709432500D-05  1.87331172337114300D-03  1.40628173757890700D-02  3.76792154012980000D-05
73 23 -3.34577964979658900D-04  2.96898749578379300D-04 -5.58610914712774900D-03 -4.77604293761516000D-02 -3.87526443604174900D-01
73 24 -5.51066968525592000D-04 -4.20583447330199700D-04  1.32942944557687000D-02  1.19548361987867600D-02 -2.30979910978293600D-04
73 25  2.38905068969444800D-04 -5.96872655264773400D-02 -6.65253043372415100D-03 -3.49920504628446600D-03 -7.17506377046012000D-02
73 26 -3.96911887344113800D-03  9.80878783437681200D-04 -1.53168310566903900D-02 -9.99559949338416400D-05  9.04183107813766700D-05
73 27  9.53768415246941500D-06 -6.28473283749973500D-05  1.10105668507550900D-02  8.81866368511946600D-03  3.93160624600613000D-04
73 28  3.58015351930474400D-03 -3.97331414390535300D-03 -2.40524079507710300D-03 -3.49400893823640000D-01 -2.86604638144796300D-01
73 29 -1.71347596282866800D-03  1.24069589820689400D-03 -8.46349206650449300D-04  6.32295933057957300D-05  6.95707297448184300D-02
73 30  6.36874038458799800D-05 -3.02930924311478500D-03 -5.14955244498202500D-04 -5.44343777926240200D-04  8.43540074301840400D-02
73 31  1.62016025154067700D-03  8.98859102469373900D-03  1.09098848405730700D-03  1.42642702608403300D-03  8.33524942716086000D-02
73 32  4.86857459541229600D-03  1.03863508844101700D-02  1.11063090154861900D-04 -3.71131624629778000D-05  6.69204564093715300D-02
74  1 -1.98819567026990600D-01 -4.34703328362351100D-01  5.23773380768082800D+00 -9.83309008470334000D-02  4.39111577110519300D-01
74  2  1.10494328806513900D-02  5.20582983554597300D+00  3.98587069084573500D-01 -3.66821059149766600D-02  9.47860919994387200D-02
74  3 -1.27561326226351800D-02 -8.20299593768033500D-02 -8.57129653770590100D-02  1.66196534734764000D-03 -2.05514399082741500D-03
74  4  1.87329505195477300D-01  4.03150247775846500D-01 -4.22755843045972600D+00 -4.05675588821859300D-01 -1.08045804064508100D-01
74  5 -9.23454938489281500D-03  2.72371120576192500D+00 -5.26455575937753500D+00  2.60564190806907400D-02 -8.11930387383460700D-02
74  6  2.52638167656162800D-02  5.59292219727305000D-02  8.99616482098026700D-02  6.39062225788220100D-04  1.11895773719459600D-03
74  7  9.30439752840190200D-02  1.49509433885225700D-01 -1.27648735242768900D+00  2.89928657839911800D-01 -1.18482120117927300D-01
74  8  1.38988197400331700D-02 -2.32326115350104300D+00 -2.41177892643142200D+00 -2.89017825400562700D-02  3.79604252183687100D-02
74  9  8.32599101108293700D-02 -1.21220335329197100D-01  5.68251316480542200D-02  1.69103463988295100D-03 -1.10835592870952600D-03
74 10 -2.82367358583344400D-03  2.81547958348412000D-02 -4.18004821428342000D-01  1.66864294752990300D-01  2.50731432208977900D-01
74 11  2.90315176445521800D-03 -2.98276747930957800D+00 -1.10010409547533000D+00  5.03262126523090200D-03  1.93601908390321000D-02
74 12 -2.42043634862113000D-02  4.84417264718015700D-03 -7.91190521342089400D-02  1.32513119728335100D-03  7.15423116845099200D-03
74 13  7.18719080368238300D-02  1.17115980894496000D-01 -5.40944578968363300D-01 -2.12002510611490600D-01 -2.91124452826009600D-01
74 14 -7.65717925457146200D-03 -1.88212784419816900D-01  2.89514873840104100D+00  1.47030084273451800D-03 -2.27507256121969900D-02
74 15  4.83929047568868000D-02 -2.56421791446897100D-02  6.26163620130730200D-02  9.21398289486729200D-03  9.35376662829947600D-03
74 16 -5.00548358496031900D-02 -5.46279340148715400D-02  7.85587539483522400D-01  2.17615665043600800D-01 -1.25307329904212300D-01
74 17 -8.15472276199725800D-03  6.24723096192029800D-01  2.32784604530032800D+00  1.89583923701281700D-02 -3.45576441569881800D-02
74 18 -6.51439502188310300D-02  9.97015943758179900D-02 -5.85003653988557900D-02  4.05903349246213000D-03 -7.73304358290060000D-03
74 19  2.45033325457572600D-02 -1.61917815201830100D-02 -8.65953550235358500D-01 -1.62953633104767700D+00 -6.42065300841190600D-02
74 20  8.41338375980854000D-02  1.54723530478274100D-03 -3.57430121327121300D-01  6.79493847374893900D-01  3.97318951648886600D-03
74 21 -6.40550014207733400D-01  4.62159102774603600D-01  9.06730456368708300D-03 -1.07405405341033900D-02  1.71615355706860300D-02
74 22 -6.42099503658450600D-03 -6.48711996512273800D-04 -1.51291234630379100D-04 -5.70121363824333700D-05 -1.11501996245039400D-01
74 23 -1.28515895114057400D-01  2.40017891359097700D-01  1.50320898974661000D-01  5.85330717276933600D-03 -3.46939922521215500D-03
74 24 -2.57639148934651400D-02 -2.57971732862463400D-03  6.80814746285642900D-01  1.61819254639444200D+00 -1.32477222428641800D-01
74 25  4.60494880688656100D-02 -4.20335103709066100D-03 -6.87638826198658600D-01  1.78241409433598000D-02  1.84412997413457800D-03
74 26 -8.18635739917937500D-01  3.86109678825760700D-01 -3.57385574034326700D-03 -1.33704888878466100D-02  4.68647909788548600D-03
74 27  8.68400978996178300D-03 -1.08975757529457000D-02 -5.61534845495547700D-05 -4.06201368838536300D-04  3.50139070618126100D-01
74 28 -2.87416421182117900D-02 -3.21397428499914300D-01 -2.23821779171634800D-01 -3.79184683402088000D-03 -6.18806503272148100D-03
74 29 -6.68726448669996200D-02  6.91636173611842900D-01 -6.88990386303353900D-02  5.73188642621331600D-02  2.29079368340941400D-03
74 30 -1.03422011177910800D-01 -5.67746208929440300D-01 -6.88301873774756000D-03 -4.16962631412683100D-02 -6.85252869292761600D-04
74 31  1.80425779737323800D-01  7.34864613670465400D-01  5.74958321501395600D-02  4.14351580598003600D-02 -6.56434368875225500D-03
74 32  1.15337941259616800D-01 -5.03088889798053000D-01 -7.20522809459669300D-02  1.58598655023552700D-02 -3.20345165327123000D-03
75  1  4.70444097685286800D-03 -2.10219000069669300D-03 -2.99328805910057500D+00 -1.34066986869646200D-01 -2.89190832368004300D-03
75  2 -8.37188658528514500D-03  3.50853801108911800D+00 -6.48767878832358900D-01 -5.98944924555367700D-02 -5.73064746108310500D-02
75  3 -2.92865355531553300D-02  8.65930101639869600D-02 -1.92183980254419900D-02 -2.07825828144880800D-02  2.81458708639024400D-03
75  4  7.64904843019735400D-02  1.58221792473335200D-01 -5.01604062650119300D+00 -9.34535499255772800D-02 -1.31582105470848500D-01
75  5  8.77883992689863800D-03 -1.17014665546074300D+00  1.81452652839281000D+00  8.04027977382769100D-02 -4.16656493679639200D-02
75  6 -6.57922527035113700D-02  1.07457902071476200D-01  4.59272728210554800D-02 -1.07518152234647200D-02  1.06444542794903600D-02
75  7 -5.83971051933641200D-03  1.50824570084336100D-02  1.38510600084335300D+00 -1.17332044213627300D-01  8.62474696564392700D-03
75  8 -4.82289940715263300D-02  1.32504268007871800D+00  2.91213318149691800D+00  7.18686534413084700D-02 -8.35069851937810500D-02
75  9  5.18288912421311900D-02  3.16780939516521900D-02 -4.47446372773490300D-02 -2.53758761803383900D-02 -5.65401440346152200D-03
75 10 -2.54614031370737300D-01 -5.42713523086939200D-01  3.21918106809644000D+00 -1.07842055538319000D-01  2.87710365314708300D-01
75 11 -2.22039088676865600D-04  1.35296302749549000D+00 -1.10284802468473300D+00 -3.88348496445025100D-02  5.38837577273779700D-04
75 12 -8.24945727617879000D-02  8.19557351845120000D-02  4.23949280065864900D-02 -2.78704489623540700D-03 -4.91707651906003000D-03
75 13 -2.55318750056027200D-01 -5.49156765730380900D-01  3.86351352110993600D+00  2.62690214771439100D-01  4.73432662540003100D-03
75 14  1.13300505261053700D-02 -1.23678310859220000D+00  1.22889047167942700D+00  2.46832063231187700D-02 -9.33015211521439300D-02
75 15  3.27184270234612800D-02  6.05830941286821900D-02 -5.85795228919158900D-03 -2.51503383823235100D-02 -2.34654160146506500D-02
75 16 -6.22283650471297500D-02 -1.11699805082924500D-01  1.43703368992598300D+00  1.72926938573084600D-01 -2.11542426282674800D-01
75 17  3.97886337296713700D-02  1.30545380612414400D+00  3.52925364280183800D+00 -5.57540927425225700D-02  2.23650088581840400D-02
75 18 -9.38110847558478500D-02  7.14460758976639400D-02  3.96356322212476600D-02 -1.12555505743885200D-02  3.87584010309099000D-02
75 19  4.22891205502069000D-03  5.40068404699282400D-02  6.44121184951819700D-01 -1.99981849063697300D-01 -1.05132261427480300D-01
75 20  4.93336568767541300D-02  3.48367809755121200D-03 -3.35054284532681600D-01 -2.62369000524504800D-01  1.24020881178828100D-02
75 21 -3.65008116437961900D-01  2.06259494165699200D-01  2.83032632710326600D-03  9.65525887050307600D-03  1.23851180587136700D-03
75 22 -1.08937706763740200D-02 -1.40393563872342700D-02  2.00235757206645000D-03  1.64888935137804600D-03 -3.60264656693214300D-01
75 23  1.05365019599263500D-01  2.54899637093950100D-01  4.46179306243679500D-01 -1.49285962602866500D-01 -2.85632217960319600D-02
75 24  4.68378283771222000D-03  6.50414712092056700D-02  6.69501880711755600D-01  2.80529462205517000D-01  2.78868580978983100D-02
75 25 -4.33934849929287300D-02  4.66007541700140500D-04 -1.73620028598404700D-01 -5.02768186568385700D-01 -2.11547039351177900D-02
75 26  2.94603792511510600D-02  1.53690309087982300D-02 -1.37614106852878600D-02  8.78194868921022700D-03 -2.87878790879032800D-03
75 27 -5.90316078041776700D-03 -1.44737193096878200D-02 -5.99400804961666800D-04 -1.40507632494714800D-03 -1.71609632433390500D-01
75 28 -8.20341639337247700D-03  1.79813048826762900D-01  3.90601879021414200D-01 -2.54161727817533900D-02  1.53011041365813400D-01
75 29 -8.39932177277527200D-03  1.03209370855362000D-02  2.95306863004283300D-02  1.11948379509290900D-02 -9.76975602264697000D-03
75 30 -3.38917444359804200D-01 -7.41243910054520200D-01  1.49863392735827300D-02 -9.83071553786475000D-02 -7.07880209383825700D-03
75 31 -2.83991203371748100D-01 -4.90291247510818500D-01 -8.66481737748294900D-02 -4.11105271361408700D-02  2.24132573327509800D-02
75 32 -8.45164913065923800D-02 -5.31551625950818000D-01 -4.22700504571038000D-02  4.19849036870004700D-02  1.21542943511662200D-02
76  1  7.12153001165454600D-03  1.15989164971095900D-02 -8.68082000705839300D-01 -3.15606385914152500D-02 -4.87955668811533200D-03
76  2 -2.91366011358924800D-02  8.41210895195023600D-01 -8.23544152827465900D-02  5.42159291033309800D-01 -1.48870257091311500D-02
76  3 -5.98525468680528100D-03  2.08722803959365300D-02 -1.55214798496834500D-03  9.06100157512063600D-02 -5.57999401047212600D-03
76  4  1.34642948529799900D-02  2.53237200215631400D-02 -1.09642362592942900D+00 -1.28306814864615200D-02 -3.22392152852014500D-02
76  5  3.69977438153999900D-02 -3.53441829050041000D-01  4.16880506938860400D-01 -5.57582400866658000D-01 -1.07997541117403700D-02
76  6 -1.46984489389136600D-02  2.54982030506542000D-02  7.43871236278948300D-03  3.54091152858243300D-02 -6.29092587026152700D-02
76  7 -3.50382713443327000D-03 -1.10633878293424700D-03  3.12024533145847300D-01 -3.28084265639553400D-02  6.67514244692946300D-03
76  8  1.23282848906022900D-01  3.59389481871832900D-01  6.54982286137194800D-01 -1.21675970806200700D-01 -2.07257053701239800D-02
76  9  1.09677392488969700D-02  9.75796612122755900D-03 -8.40037008854806900D-03  1.00137007957029700D-01  3.88608998715579100D-02
76 10 -6.26832561261069600D-02 -1.34151888542786100D-01  8.46048687381676200D-01 -2.27324057261036600D-02  6.78803282777323800D-02
76 11 -1.42829030881999000D-02  2.81389738269781300D-01 -2.26977824792753300D-01  1.40783117217430300D-01  1.59111784816869100D-03
76 12 -1.95358581763465400D-02  1.79447403281774600D-02  8.60991919263076300D-03  4.27253073574947100D-03 -3.58991874588995100D-02
76 13 -5.96606754737570700D-02 -1.28859923893771000D-01  8.56757338973146500D-01  6.54999753818632500D-02 -6.39187852346695200D-03
76 14  8.12318482608221000D-03 -3.64188220749893300D-01  3.20865657414503500D-01 -1.40707908171198500D-01 -2.50408693526556000D-02
76 15  9.14984109774126900D-03  1.58910282549142400D-02 -1.51204801366552700D-03  3.90262867126626200D-02  3.30744079722406600D-02
76 16 -3.73238489313938400D-03  3.22571812240929700D-04  3.38419304603176700D-01  3.45243137778183700D-02 -4.24452485793555500D-02
76 17 -1.29615947545721800D-01  4.14634277087300100D-01  8.22792174941634700D-01  1.37198019714729500D-01  1.00141825444830200D-02
76 18 -2.33145257543521500D-02  1.33003432098691800D-02  1.08058517470135700D-02  1.75646857522334900D-02 -1.23106526757660300D-01
76 19  8.37206380203322600D-04  1.16525738623288000D-02  1.40994256999310000D-01 -2.45248046607780600D-02 -1.84289854986800800D-02
76 20  8.46515242837846000D-03 -2.84107052584987900D-02 -1.02275575582542600D-01 -6.42866024401761000D-02 -8.41725561530532700D-02
76 21 -5.67701978215979800D-02  3.32445845938885200D-02 -7.70591636294522100D-02  2.23918876061944900D-03 -3.55071308941981700D-05
76 22 -2.20368162972511800D-03 -3.36144981363636900D-03 -8.45643125489096300D-03 -7.70792888529301200D-03 -7.98001734721647400D-02
76 23  2.96532571243224600D-02  5.01469163478420000D-02  8.83831701402312000D-02  6.84465870798645100D-01  1.77515625118534700D-01
76 24  5.72688367456194000D-04  1.50307539675603900D-02  1.79572346601981800D-01  4.80233058064279200D-02  1.06142083472327900D-02
76 25 -9.81486275437193000D-03  2.89004592260095700D-02 -4.18379769919458700D-02 -1.25198060045248800D-01  9.20674588571133900D-02
76 26  2.23696318586247500D-02 -5.31153849208760400D-03  7.66027140045048200D-02  2.45243806182092200D-03 -6.33245896993727600D-04
76 27 -1.81919216482669800D-03 -3.26982368767609000D-03  2.90264432805041100D-03  9.38270778979457600D-03 -4.64317298439876000D-02
76 28  8.21366831049275600D-04  4.56103630129383500D-02  9.01966254534397700D-02  1.91919309892974300D-01 -6.63773062833333300D-01
76 29 -5.31289053183936700D-03 -2.25150818376497300D-02  8.06964079944903100D-03  1.63929390780379200D-03  2.61096148414356900D-02
76 30 -7.83882780571425700D-02 -1.66433574993908800D-01  3.75156842170219100D-03 -2.43758410897650300D-02  4.17357775166337700D-02
76 31 -7.25715585491307800D-02 -1.27745824318811200D-01 -1.96317719186156900D-02 -8.53359058736701000D-03 -4.94669764789534700D-02
76 32 -7.27149734634874400D-03 -6.83211561406464100D-02 -6.90510374402952900D-03  7.93178677537911100D-03 -2.86057579520118000D-02
77  1 -1.44909167166442600D-01 -3.27239037113612900D-01  2.06689430960296500D+00  6.94806028595672400D-02 -7.38682488656682000D-02
77  2 -5.22298684693436300D-03 -2.08931108034455800D+00 -2.06012294818719900D+00  3.11967474082267400D-02  9.33149005947668000D-03
77  3 -6.17251479167742100D-02  5.23936578572984400D-02 -5.92778402791646800D-02  1.80194026764254900D-03  2.61936771948167100D-04
77  4  1.43445199940108200D-01  3.33024042047410100D-01 -1.34194192268485400D+00  8.66942685565329400D-02  3.67575471932398500D-03
77  5  6.96013540840999200D-03  1.08986728006893300D+00  2.49827577956935000D+00 -2.54022394541081500D-02  1.84391655995155900D-02
77  6  5.45957118436260100D-02 -7.30348774431413500D-02  7.28674332628212500D-02 -5.75012329494347200D-04 -2.47955936620031700D-03
77  7  2.65897112487366400D-01  6.17781591058557300D-01 -6.76098333493270000D-01 -1.13422002460964900D-01 -1.22640513189584100D-01
77  8 -4.75372127736598700D-03  2.78868223161124600D-01  2.14246870525357300D+00  1.26325958695328800D-02 -5.38523504666079500D-03
77  9  9.20730877669759900D-02 -8.66878527203147300D-02 -9.35014809119565400D-02  8.68877100817373900D-04  1.87627477269677000D-03
77 10  1.76429910394997100D-01  3.74149404538066000D-01 -2.57233554290213300D+00 -4.53973880250004700D-01 -1.08791224225180600D-01
77 11 -1.02300091503334900D-03  3.66100118127543100D+00 -3.30070733771706400D-01  6.95312404336311800D-05 -2.59386481681417900D-02
77 12  3.57354476487275900D-02 -9.79679948058667100D-03  2.21909868045838600D-01 -6.03380011439073900D-04 -5.46337187877988600D-03
77 13 -1.56646527085936100D-01 -3.29330987513534500D-01  2.18261278087205700D+00 -1.73182571065415000D-01  4.44498831829597700D-01
77 14  4.99608241144442600D-03  2.34436948407891500D+00 -3.08567478163241600D+00 -5.44403858676779900D-03  1.52988314914213300D-01
77 15 -1.56526415634150200D-01  3.53810071993783900D-03 -1.38252619695380700D-01 -5.28923194365178000D-03 -5.21379968691870200D-03
77 16 -2.70638598050508300D-01 -6.38239887041803900D-01  4.10932757320007800D-01  2.69517384722414400D-02  1.58175625567786300D-01
77 17  7.01245070116565400D-04 -1.98818865446077300D+00 -1.68648934529683000D+00 -5.48195260258124400D-03 -1.38743506239913300D-01
77 18  5.29009515035527500D-02  8.58425547363612700D-02 -1.49081768826396100D-02 -2.47470851231541500D-03  1.53948174628363400D-03
77 19  5.22492230497017800D-03  8.30619083496903400D-02  7.36764358361596500D-01 -2.47322034631405200D-02 -6.98070041578868500D-02
77 20  3.39658121146739800D-02 -1.47420371301243800D-03  2.88653237864757300D-01 -3.31846779444809100D-01 -4.13728370786375600D-03
77 21 -1.48205437233405700D-01  2.92386835395477300D-01 -6.10063027683423900D-03  2.74111703771122700D-03  5.03009385478804900D-03
77 22 -7.77121089249962900D-03  1.84366189224206500D-03 -1.25997832920890100D-04 -1.74498630209174600D-04 -1.00269392009506100D-01
77 23 -1.56236980775853400D-01  2.56506372785357900D-01  1.51913915057605500D-04  1.52326997124409100D-02  7.34476428009389400D-03
77 24 -4.12471493242753100D-03 -9.15872233871970200D-02 -8.98904013831758600D-01 -3.48987839163628000D-02 -7.77723342717119600D-02
77 25  3.96478275642495300D-02  2.85047843291575800D-03  4.68533879948377900D-01  6.33236131325225400D-02  1.56829136904690700D-03
77 26 -3.26960345021985200D-01 -1.82360950777969600D-02  2.26474933276002300D-03 -5.15242378811387900D-03 -3.68180137237001100D-03
77 27  8.83422516048342300D-03 -9.96917502716296100D-04  6.61192638295805100D-05  4.12324802409090200D-04  1.48819841820860100D-01
77 28  1.11192428495225500D-01 -2.60012270316085600D-01  7.11659420913864100D-03  1.07756463506958300D-02 -1.11035402465143400D-02
77 29  5.90829995332901800D-02  4.11953237056856200D-01 -6.04225964542647800D-02  1.85002316902286200D-04 -8.39178817764259700D-04
77 30  6.53369501904018200D-03  1.51055884516740600D-01 -4.25206567314330100D-02  6.97445726733996700D-02  1.78503443581471100D-03
77 31  4.37269485204167300D-02 -6.30621067281877400D-02 -7.16466102014157300D-02  3.95051824883536000D-03  3.21738242001571600D-03
77 32 -6.36751771853059200D-02 -4.22106611779848800D-01 -2.94732671749012600D-02  5.01663168251102100D-02  1.59767337861101300D-03
78  1  1.35632914067931000D-01  3.31645162148200300D-01  2.10621910199147400D+00  9.88404298336548100D-02 -2.37410914391855200D-02
78  2 -4.25883384942613600D-02 -4.65583021615957300D-01  5.02930874696785100D-01  2.60849140393829200D-01  2.75671014449435300D-02
78  3  9.88040759590388500D-02 -1.26371177403982300D-01 -5.91217795198008400D-02  2.11612903104757500D-02 -2.02998839421662600D-02
78  4  1.41499306645432800D-01  3.38095854214262100D-01  8.47226590739540400D-02 -1.29868996892552500D-01  3.63464283489665600D-02
78  5  8.87724208320547800D-02  1.79455409290937100D+00  1.75753353087346400D-01 -5.26261698482504100D-02  1.55518950806124800D-01
78  6 -7.04239478420298500D-02 -8.50950029640955600D-02  1.70524890953674100D-02 -4.79696237955328400D-02 -1.82614367014988000D-02
78  7 -1.51526453132045200D-01 -3.23442673236251200D-01  1.25153274904783700D+00  5.46509333920369600D-02 -5.34162534676125800D-02
78  8 -6.43309576239559400D-02 -1.35884134812909900D+00 -4.00043394290116800D-01  1.52295607362734800D-01 -1.35188552207624800D-02
78  9 -4.85656916741128700D-03  1.83754243881742600D-02 -7.06623953986609400D-02  8.35054693938966700D-03 -8.17363637407786000D-03
78 10 -2.48236087377999700D-02 -7.17208558119221800D-02 -1.77744649661086700D+00  2.14413459513522000D-02 -2.20702472078812000D-01
78 11  4.27342266535754000D-02 -6.12069118398938100D-01  4.49628395803293900D-01 -7.39058573939201500D-02 -4.54464560529283700D-02
78 12 -3.58780197585075700D-03  4.90342580287793400D-02 -3.29165407402790800D-02  6.65617998228198900D-04 -1.42864810908443800D-01
78 13  7.97329848893564100D-02  1.68284011309825600D-01 -1.34712030075779600D+00 -1.15905801890076900D-01 -1.13047714133660600D-01
78 14  8.67249403524177100D-02  1.30490281803549500D+00 -1.22044500819102300D-01 -7.23533847813060100D-02 -2.42553939338249900D-03
78 15  4.82553458495269800D-03 -2.39999519156964600D-03  6.81962178956026400D-02 -1.60956166109320200D-01 -1.07145755659956600D-01
78 16 -1.23891473895417700D-01 -2.86834120001412700D-01  5.34094768806163800D-01  7.67045844270323600D-02 -1.15477507520070400D-01
78 17  4.71852700269498900D-02 -1.45645076238607100D+00 -7.32870903722302700D-01 -7.51820551508342900D-02 -1.65749494790783400D-03
78 18 -3.23125520566127500D-03  4.88875015356881800D-03 -1.56279245321960300D-02 -8.84724996305757300D-02  5.58499214722814100D-02
78 19 -7.82324847792931900D-03 -7.74820229093669100D-02 -5.86225728617763700D-01 -2.12215866699417100D-01 -1.82004732998142400D-01
78 20 -7.33794668782736100D-03 -3.81968994466700700D-02  4.84748281000393000D-01  4.17070658580720600D-01  2.05049960270189800D-02
78 21 -4.73192144101018700D-01 -3.63688357945004300D-02 -8.28962559680316600D-02  3.70502971795897900D-03 -8.33535325400289000D-03
78 22  4.63032353604347900D-03 -7.65784424311541900D-04  9.58438766594838400D-04 -2.00224333034543900D-05 -2.99126672814241200D-02
78 23  2.10574921810590500D-02  8.85517510036479800D-03  4.38910054256208200D-01  4.76528484183977000D-02  1.38771557289425600D-01
78 24  6.38640638136173600D-03 -3.82148842059801100D-02 -7.61090691703905300D-01 -2.00210928823934300D-01 -2.66810305829422700D-02
78 25 -9.78159330978920800D-02 -1.73694633219696100D-02  1.94488528010506100D-01  4.56911267500340800D-01  5.53668374921509900D-02
78 26  4.64093719330377400D-03 -3.23332292865709200D-02 -7.29492096564077600D-02 -1.26598783159459900D-02  4.28465195442238400D-03
78 27  8.37522636152310600D-03 -2.15617803856931400D-03 -2.66195207909577000D-04  2.19774026978469800D-03 -7.26781899327161200D-02
78 28  1.63229863160855700D-02  5.63552036166304100D-02  1.59241743346305600D-01  2.39533244073719600D-01  7.94172287377350000D-02
78 29  1.15346796214825600D-01  1.83394038030601800D-01  3.10316196309124600D-02 -2.46197117554168000D-02  2.65027635991427700D-03
78 30  2.86948957408107100D-01  2.98477777129886500D-01 -6.43411830589229600D-05  2.72155722963657600D-02  5.93186189717314400D-02
78 31  3.50944431354821800D-01  5.29476153588551500D-01  3.84011896228001800D-02 -2.51594204296584000D-02  1.00107428300960300D-01
78 32 -2.25937712124242900D-01 -7.22478591625102800D-01 -4.37528792765294500D-02  2.86018292674651200D-03  5.33303164842321700D-02
79  1  2.36273100073942400D-01  5.38631140194257700D-01 -4.22475607543466100D-01  1.52497025115772700D-03 -2.29739897439825600D-02
79  2  2.23650146666805300D-02 -5.01385903526793400D-01  1.56373609239800000D+00 -1.59311201063446200D-01 -1.35236940247366300D-03
79  3  1.26439914109359100D-01 -1.25087544706885900D-01 -6.73648432491602000D-02 -1.59764626306655800D-02  1.62874230088189600D-02
79  4  2.36497983703863300D-01  5.38557284488247400D-01  5.63288313665961900D-01 -4.47405569356952600D-03  1.24767116221886500D-02
79  5 -5.46132375181885200D-02  1.11535287502097700D+00  3.24543996672754200D-01  1.22482244469566400D-02  1.29455665837894200D-01
79  6  1.74404787344084700D-02 -1.46896144572301900D-01  3.14393814521857100D-02  3.37381235698567100D-02  9.78072226536458500D-03
79  7  1.73309057535072100D-01  3.75940605258858000D-01 -1.57058303342409600D+00 -9.20078821880171000D-02 -1.73030711340403600D-01
79  8  3.62839833751848100D-02 -1.04043668250330000D-01  5.68541066169375800D-01 -8.66745241748330300D-02 -7.34001050604110300D-02
79  9  7.97782535453805500D-02 -6.37814848496952300D-03 -1.20617063926400700D-01 -9.83362259402807000D-03  1.07033658756515300D-02
79 10 -2.55115722258474900D-01 -5.73344521248664300D-01  1.51502789784936000D+00 -1.62547339539073500D-01 -1.10841950141175000D-01
79 11 -3.39227645562990400D-02  5.38405447311677900D-01  5.75643756442339600D-01  5.11226162367609300D-02  7.77682648864608700D-03
79 12 -5.88142111242204500D-02  5.10373846355738100D-02  1.27660131923817800D-01 -2.58658819071598800D-03  1.00507174996574400D-01
79 13 -2.82617582381457700D-01 -6.38439937585613600D-01  1.12698895203798000D+00 -5.18275747348272400D-02 -2.10464967161771100D-01
79 14 -5.71774397369219200D-02 -1.29352637174993400D-01  9.53402274539978700D-01  4.84720796426518800D-02 -1.39492824271678100D-01
79 15  6.57380493290202300D-02  7.37547749426582500D-02  1.23799639125280800D-02  1.10278048134395500D-01  6.85994631774508000D-02
79 16  1.83560826729278600D-01  4.08314161236077800D-01 -1.58405247569688200D+00 -1.97744568800366100D-01 -1.02808081534884000D-01
79 17 -2.79798237543033800D-02  1.44230382882555800D+00 -6.55178273608150200D-02  4.24322101799765700D-02  1.57111953348414000D-01
79 18 -1.53131581205459800D-01 -3.98037214295340100D-03  9.57908780524062200D-03  6.01056358225800700D-02 -3.34152679395070900D-02
79 19 -1.13409703948294500D-02 -1.06876275001547800D-01 -7.84534363643257000D-01 -2.60489956102188400D-01  1.04276038515208300D-01
79 20 -5.11449312752309900D-02  2.71194672564077600D-02 -4.77471493419152600D-02  5.13440519166274100D-01 -1.94188614312450600D-02
79 21  2.65980194835611000D-01 -1.99752994077230400D-01  5.52848210395099300D-02  4.41220364206396400D-03 -1.04178184293517300D-02
79 22  6.00561478728817400D-03  9.72691418286853300D-03 -7.11926831110481100D-04 -3.26352942509772800D-05 -8.11927085708776000D-02
79 23  1.06711460419919000D-01 -2.55187518490414400D-02 -1.76491278887985900D-01 -2.48759102830129500D-02 -9.95750521169999900D-02
79 24 -1.96057761570820100D-02 -1.28835801041379000D-01 -7.22679741853076600D-01 -3.73311925853515800D-01 -4.28939233854783700D-02
79 25  1.89352769755743100D-02  1.75628692411123300D-02  4.47279862938444500D-01  3.11270882445019100D-01 -4.10020662463972000D-02
79 26 -1.56085587137299900D-01 -8.36761863665036900D-02  5.44519082130356300D-02 -1.02042924576781200D-02  5.82931100157532500D-03
79 27  4.37498145610291400D-03 -5.35541423180438400D-03  2.26577879093948300D-04 -1.27879695584476500D-03  4.90727851910442500D-02
79 28  1.13219427945344000D-03 -5.02049794704977800D-02  5.65907108478546600D-02 -1.61960270521920200D-01 -5.78286499877509700D-02
79 29  1.95830309752637000D-01  3.47857858667620600D-01 -2.82189937202134800D-02 -1.28498776771222800D-02 -5.63495926702137100D-03
79 30  1.61640635213987600D-01  7.99317880797504700D-02 -1.41442462926426600D-02 -5.20891071427163200D-02 -4.37698196007380900D-02
79 31  1.63608775648446200D-01  1.85426648413746600D-02 -4.15916002891824600D-02 -1.63932469507554800D-02 -6.73891209627782700D-02
79 32  3.79726668198652900D-01  8.27532660714050600D-01  1.19838755496164300D-02 -3.12155101929617000D-02 -3.49469689405755600D-02
80  1 -5.26704209107916000D-04 -1.27339596474384300D-03 -5.12262755500014200D-01 -4.36069750439041800D-02  2.89702880115746100D-02
80  2  5.17410900899997400D-02 -3.68068767210992900D-01  2.34817364495535300D-01  1.61220507708745100D-01 -5.18564035004623700D-03
80  3 -2.47546382768909700D-03  7.66110417773523000D-03  1.80717594528080400D-02  6.32811424430835400D-02 -7.72287363428664500D-02
80  4 -9.62912593438933000D-03 -1.59694237033061700D-02  6.16826293187222300D-01  5.41063399796449700D-02  2.62961281556761600D-03
80  5  2.69502007332362600D-02 -3.11218789033127700D-01 -4.33665775778407400D-01  2.78179900230482200D-01 -3.42789957400313300D-02
80  6  4.39577931007438500D-02 -9.67879736071163200D-03  3.55235804301770700D-03 -9.16521993406766800D-02  2.38518703221784200D-02
80  7  1.68189528912630600D-01  3.48501541386809200D-01 -1.82876416408813900D+00 -1.86708092918340200D-02 -8.25135932945094800D-02
80  8  2.97961959783245100D-02  4.61586744379577300D-01  2.78431356882671800D-01 -4.14112829216684900D-02 -8.13734611181580200D-03
80  9  2.44679206142534300D-02 -1.63305745024383000D-02 -1.38289809913117200D-02  9.53107126400381700D-02 -1.20431381516734900D-01
80 10 -8.63813085589314100D-02 -1.81574096137306000D-01  1.42269333886894500D+00 -3.81587892084017400D-02  7.30135035211573500D-02
80 11  1.41907934336308200D-01  5.16911654238561700D-01 -4.64503820223054200D-02 -1.21564393162192700D-01  3.13546410441841600D-02
80 12 -2.01196539847652500D-02 -1.12349870594188500D-02  6.16582463158803900D-02  5.31231539171729300D-02 -3.02188964664178300D-01
80 13 -1.41916417001126800D-01 -3.09378818250303400D-01  1.19507792532232900D+00  4.29301404213885500D-02 -4.75247207551202500D-03
80 14  1.10988594653858500D-01 -6.55687438890516100D-01  4.06743348373497700D-01 -1.15179080475975800D-01 -5.36212505364654000D-02
80 15  3.98408082978912200D-02  1.37804422385741300D-02 -2.36709149058357700D-02 -2.76875770303022200D-01 -8.81229601836670000D-02
80 16  1.61581619550481700D-01  3.46455442226871400D-01 -1.47569884794847900D+00 -1.30257793473000700D-01 -1.00169816373208300D-02
80 17 -4.42998164319770300D-04  9.47488657570581000D-01  2.60162505500407600D-01  3.25366196010739300D-02  5.83984103918551200D-02
80 18 -4.54028362806614800D-02 -1.29955741111932300D-02  2.80363189626764700D-03 -1.22877359446953800D-01 -4.15480428401780700D-03
80 19 -1.25616536856408000D-03 -8.21355634896152700D-03 -4.95607114197433600D-02 -3.31151957042320800D-02  1.44738671816137700D-01
80 20 -1.00980401060173700D-02 -8.66006063030402100D-02 -1.58237143881450300D-01  2.67380805838900900D-02  1.26483613395294400D-01
80 21  3.21625846319694500D-01 -5.69705029731244900D-02 -1.42969480559892900D-01 -1.65247239059684900D-03  1.61790741508546600D-03
80 22  3.45649755116573800D-05  5.74889853565989500D-03  2.23055432842410700D-03 -1.69670113029786100D-04  2.44587160722224600D-02
80 23  1.50935974346668600D-02 -3.95523135068889800D-02 -3.22729996446647000D-01 -5.89831446077512000D-02  3.61186810357901200D-01
80 24 -8.03219090060820600D-03 -2.12719383905816400D-02  9.16422545634327000D-02  7.80833902020625200D-03 -2.13728848220866000D-02
80 25  8.16112483336773600D-02 -1.13433557448564200D-01  4.04386608384628300D-02 -5.88706187692589800D-02  1.36656290650883200D-01
80 26 -1.14452386517528400D-01  5.90491081556183900D-02 -1.73863816270026000D-01  1.17972912280315200D-03  1.00903294971559700D-03
80 27 -2.18876207251871100D-03  2.10402819038654000D-03 -1.07659884998702300D-03  1.44545785644726800D-03  1.25157158469348600D-01
80 28 -7.59016747508975700D-02 -4.92554837184511100D-02 -1.25004949036892800D-01  3.37239729499455600D-01  1.50215533055588700D-01
80 29  6.65537088260283600D-02  1.66355744581858900D-01 -3.65474213371954400D-02  1.59021790848299300D-02  7.38320382595468400D-02
80 30 -9.88197547630260700D-02 -1.50060809723790700D-01  4.18029175393036000D-04 -3.27498085701981700D-02  1.60593660647722700D-01
80 31 -1.39103240048988800D-01 -2.65815056220564900D-01 -3.35702581697748700D-02  2.16818033498819700D-03  1.45463714561843800D-01
80 32  2.42497876517281100D-01  6.14517305556578700D-01  3.21218902884443900D-02 -1.73296218221847400D-02  4.99007721384586900D-02
81  1 -1.40392294376683600D-01 -2.84726340201855800D-01  8.80983411009787300D-01  2.15652834475575500D-02 -5.24114484560815600D-02
81  2  5.99592036344794700D-03 -4.54479195440747200D+00 -4.17004212528507100D+00 -3.69919390482446700D-03  2.01909468431229800D-02
81  3 -7.69349664111581700D-02  5.67440195680342200D-02 -7.69330902766542900D-02  2.21672101840194700D-03 -2.97302343572337600D-03
81  4  1.31490781324294000D-01  2.59315695498155200D-01 -1.10882753837741400D+00  5.92586516067601900D-02 -6.92367721173152500D-04
81  5 -4.29517038768375400D-03  1.19274614812401000D+00  6.17238559128886200D+00  1.48310095677707500D-02 -1.08746708934788500D-02
81  6  5.65626757342606900D-02 -4.56880048407809600D-02  9.20126205237575700D-02 -1.89703497436233500D-03  2.89356609389755300D-03
81  7 -1.30938873364596100D-01 -2.01807297196715900D-01  6.05704047146126600D+00 -2.31195005260964200D-01  2.38755327119348500D-01
81  8  4.65579720013422200D-03 -2.28587062275390700D-01  2.10585835373400300D+00 -1.07313553339203000D-02 -5.06755303497782400D-02
81  9  6.61567310301751500D-02 -1.54812006803953200D-02 -5.54101264621783600D-02  4.21991017031519800D-03 -6.94508920434200600D-03
81 10 -3.51633648294328400D-01 -7.81465681100918900D-01  1.68023600955090200D+00  3.09194785282592100D-02 -2.65635272029086300D-02
81 11  4.15822883668151300D-03 -1.20605955069457500D+00 -1.62708693926959100D+00 -1.01855322145160100D-03  4.96194708360058400D-02
81 12 -1.15263435066741200D-01  6.56439642307345000D-02 -8.47556072778821900D-02  4.09245535343282900D-03 -8.24609120641076200D-03
81 13  3.58287349109492800D-01  7.95622089305072200D-01 -1.64866139209989800D+00  5.10238650198240400D-02 -2.71284113391539200D-03
81 14  1.88144262549592400D-03  7.42068983715704500D-01  1.82811097130018400D+00 -2.95297726803021000D-03  1.49582928078852500D-02
81 15  4.86966429990886600D-02 -6.36549358069764100D-02  1.21798648271114200D-01 -5.86711755075819100D-03  2.10397851165600300D-03
81 16  1.17798628003947700D-01  1.78428812732263700D-01 -5.80855843598702700D+00 -3.07626351401199500D-01  9.35313805517937300D-02
81 17 -3.84080650360832800D-03 -1.87626839947334500D+00 -7.50241500554439800D-01  6.43665661518691900D-03 -8.69133697390665200D-02
81 18  6.67368952367650300D-02  2.01764745022995100D-02 -2.46760691178716400D-02 -9.27844226198266500D-05 -4.33057678965593600D-03
81 19 -7.54278685188709300D-03  8.29069351166121700D-02  1.47058113824718000D+00  1.45881248295322100D+00  2.16476293377558500D-02
81 20  6.50428704385270100D-02 -2.35990479419756300D-03  4.34986080443331500D-01 -6.39267194388984900D-01  4.63578680498492700D-03
81 21  2.98675049738661400D-01 -2.37073536674173600D-01 -4.39259743824551500D-03  2.57988161218511100D-03  1.10428702527901500D-02
81 22 -1.36227518649743900D-02  7.48053308953883400D-03  5.08891111480605800D-05 -6.56900744258641800D-05 -1.08562186903905700D-01
81 23 -7.17346058814510200D-02  1.80296792785353000D-01 -1.81668314185429300D-01 -6.66101315065818400D-03  1.38776871547197700D-02
81 24  7.17915888343555200D-03 -7.78282140479117600D-02 -1.41102395211292000D+00 -1.46142087800487400D+00 -5.22827786795479500D-02
81 25 -5.46937997815321700D-02 -2.84819497279402600D-03  7.78016429177878800D-01 -1.11216782151721500D-01  1.09337435325924900D-03
81 26  3.67326555672800000D-01 -1.36264185816565900D-01 -1.88512787086177600D-03 -2.04223686606491100D-03 -1.09209508231307400D-02
81 27  1.29631876891951400D-02 -9.00322144575016500D-03 -5.22807578770865200D-05  4.60286611029744500D-05 -6.46017363154853800D-02
81 28  2.39316107747881800D-01 -1.74714371432396800D-01  8.30928166304675300D-02  5.18364974388175200D-04  1.54090133647381200D-04
81 29 -7.34438907844662700D-02  2.04292342701847200D-02  1.02540027661562600D-01 -3.10953490945528400D-02  3.31669932021295600D-03
81 30 -5.75653327652491800D-01 -7.39364565035721100D-01 -2.63036928372432200D-02 -1.78319156605919000D-02  5.17536776231919300D-03
81 31  5.57403798121983000D-01  7.08328159937675000D-01  1.23505091901532800D-03  3.37442042802964100D-02  1.93535623115010200D-03
81 32  5.34671931329855400D-02 -3.27093452176069700D-02  7.95345361810078800D-02 -6.96852158868744300D-02 -1.33838661454233300D-03
82  1  2.54707745209181200D-02  4.30662073814257100D-02 -6.65631826112266500D-01 -1.18821609452536800D-02 -2.36628149643464200D-02
82  2  2.26485934887296400D-01  5.17521677246430100D-01  2.89743001578502900D-01 -2.23018412721426600D-01 -9.59668382544713200D-03
82  3  4.31349205617941500D-03  5.28319176926770300D-03 -2.56890578073227900D-02  4.60801400003624100D-02 -5.10664204102761700D-02
82  4  2.43430556401633300D-02  4.54207993128648500D-02 -3.11312499215394200D-01 -3.32961532304915700D-02 -4.23970564988312000D-03
82  5 -2.63555008248023700D-01 -2.35615471696345100D-01  3.54586278842378800D-01  3.44261260613515900D-01  1.06162240280517800D-02
82  6 -1.12891689544174900D-02  6.72944926365144400D-04 -5.21263289229713000D-03 -9.78206222514420600D-04  1.37294506198252500D-01
82  7 -8.20440253040887200D-02 -1.62724442383324900D-01  1.03447140826037000D+00 -2.08697815525459200D-02  7.42574870660181600D-02
82  8  1.62443299425165600D-01  7.47586965479968400D-02 -2.24343029173023800D-01 -4.29082297648867500D-01 -3.27396323592861800D-03
82  9 -6.97837518509178400D-03  1.02523384210208700D-02  2.31110858984459300D-02  1.62492483006935900D-02 -2.52857093782892000D-01
82 10  6.38771506323440500D-02  1.34421915890550600D-01 -5.98183317920578800D-01 -7.04695822101704500D-03 -2.49366102395572600D-02
82 11  7.00300102979536800D-03 -2.76431886051903600D-01  1.61872522804940400D-01  1.18488625991568900D-01 -2.06069989819623200D-02
82 12  1.66592869409591200D-02  3.94771204100301000D-03 -1.88151338274300100D-02  2.47427894428853300D-01 -9.13322709706357300D-02
82 13  3.07160829115863700D-02  5.91359825436639000D-02 -5.73376005593898100D-01 -3.24355114844244500D-02 -2.39211294457231400D-02
82 14  2.31549661135246700D-02  1.41753990881660800D-01 -1.63700486105758000D-01 -7.47982931216749200D-02  2.06727830131438800D-02
82 15 -3.44181012993182800D-02  1.37453182861743800D-02 -3.57223900139907700D-03 -8.56908166421253100D-02  2.17924587405804300D-01
82 16 -9.40900205050714400D-02 -1.85032343331557200D-01  1.27953855091101000D+00  6.06960968072873900D-02  2.08661552496278800D-02
82 17 -1.64439987243237900D-01  1.26897370341162400D-01 -6.55722356190698600D-02  2.49272522953099300D-01 -9.81968019761663200D-03
82 18 -3.71615620596618200D-03  1.35358364035827600D-02  9.14939228909702900D-03  1.13315492720742700D-01 -2.18465379677809300D-01
82 19  1.89268468538996000D-03  5.05698210730752600D-03 -1.87515112033185900D-02 -3.65657221474702900D-02 -4.29428343686873600D-02
82 20 -7.34411393476032200D-03 -5.55015337124733600D-02 -5.11785847848602800D-02 -1.38066453866903700D-02  1.36771338893854500D-01
82 21 -8.04719721755663000D-02  3.70129350162834400D-02 -1.58371347443316100D-01  1.60092422579759900D-03 -2.18920352850163200D-03
82 22  5.88279302704013800D-04 -1.88362075792279900D-03  4.69795383545869800D-04 -5.00927220235607800D-03 -4.24404919429143600D-02
82 23  1.62920251420235500D-02  2.61484668008907500D-02  1.14105589050942700D-01 -2.97302583795414400D-01  4.05834548910617600D-01
82 24 -2.45455830125004300D-04  3.58929150287658400D-03  5.70404623823561700D-02  4.29669569017482100D-02  3.55562281512891000D-02
82 25 -5.44006733200280200D-02  7.70864435963182200D-02 -2.60356463270839900D-02 -3.87619340218148600D-02 -2.06338020966093000D-01
82 26  7.50358275018426400D-02 -1.01034201723510100D-01  1.95669642129245500D-01  1.73003528159950100D-03 -1.65590366671114300D-03
82 27 -7.41316148882259500D-05 -3.88276711408565200D-03 -2.10490698467513700D-03  3.43254662565026600D-03 -1.23239055435943400D-01
82 28  9.82451205708142200D-02  2.49939348651291800D-02  9.73285252262861300D-02 -3.99247369605024200D-01 -2.75796707791590500D-01
82 29 -1.07885983510373400D-01 -2.35927001256020800D-01  1.55579440225050700D-02 -1.09068772693036500D-02  2.23308352154320500D-02
82 30  8.72554179101920600D-02  1.36712287690620500D-01 -7.10920590060808500D-03  1.30034974499228500D-02  7.58336765966511900D-02
82 31  6.04184052033014000D-02  8.29420626987318900D-02  1.24265728185346600D-02  4.05409946130964400D-03 -1.62384041327835500D-02
82 32 -4.54672340867839700D-02 -1.08146557984226400D-01 -2.30222557880653200D-02  1.32810978011031000D-02 -1.24250930496603200D-01
83  1  5.22020197962158400D-03  8.70287944722690700D-03 -1.46954923517739700D-01 -2.77086525247130000D-03 -5.02160489811770500D-03
83  2  2.26353170234918100D-01  1.02413014820523000D-01  6.03033837374001000D-02 -2.68095158107552900D-01 -2.20995730796995200D-03
83  3  9.03096651301099500D-04  1.30686065666885200D-03 -5.66593386997555100D-03 -1.23930180759640500D-01 -8.02817322469028500D-02
83  4  5.46116001276926200D-03  1.02412291746084700D-02 -6.51651561065402000D-02 -7.02023838327289500D-03 -9.57729795635472700D-04
83  5 -1.46354146628036100D-01 -5.38541684568613500D-02  8.63783409042746500D-02  1.60499201535012200D-01  2.12644345049431200D-03
83  6 -2.18659480782057600D-03  6.01513573261284500D-05 -1.00949767127142900D-03  4.95607669819603400D-02 -5.92973390131691100D-02
83  7 -1.74531642260778400D-02 -3.44567343429660500D-02  2.27538868780723200D-01 -5.04670646883688100D-03  1.62676116454949700D-02
83  8  1.28535306797888800D-01  2.02241113375063600D-02 -4.43393263060574000D-02 -1.37061314088984500D-01 -8.69517771512731300D-04
83  9 -1.31345724423187300D-03  2.18297501574470100D-03  4.98041695917958000D-03  2.75519801867930100D-01  7.25717859032508100D-02
83 10  1.32450794088987800D-02  2.78268185518259100D-02 -1.22232130340995400D-01 -1.78155243365059600D-03 -5.17342769569143500D-03
83 11 -8.48503067402921900D-03 -5.87230000642191800D-02  3.36750138093633900D-02  2.52242505895574800D-02 -4.30608682636344800D-03
83 12  3.43535121338314900D-03  8.70735612980269900D-04 -3.88541697250969500D-03 -3.08365824316786500D-01 -5.34491500911219000D-02
83 13  6.59583761587602100D-03  1.26578293259956500D-02 -1.23726268080643200D-01 -6.98484229966987300D-03 -5.27520431274452100D-03
83 14 -4.38417634948599900D-04  2.98599527062458500D-02 -3.28483851889361500D-02 -1.22179298557404700D-01  4.34271152910622800D-03
83 15 -7.32091296868314600D-03  2.97820143957690500D-03 -7.40116803369133600D-04  2.09395104456952000D-01 -2.53330739985636300D-01
83 16 -1.98851036509844300D-02 -3.91200583367672800D-02  2.65994584864344500D-01  1.23075491308053500D-02  4.60533294306650700D-03
83 17 -1.24309600351289700D-01  2.90292129346475900D-02 -1.64446108455683100D-02  3.96028791912448000D-01 -2.03900627711401500D-03
83 18 -9.29201334496717600D-04  2.96820761161073200D-03  1.89727925662581100D-03  1.92403069173053600D-01  1.73438872417301800D-01
83 19  4.21405206681709600D-04  1.19645725507224000D-03 -2.96468443633521100D-03 -7.30655109973959400D-03 -8.67168889228130500D-03
83 20 -1.66702426605713400D-03 -9.77622259435580600D-02 -1.07312137830699500D-02 -3.23815045480860900D-03  2.38349107826556000D-01
83 21 -1.60657423105487200D-02  7.88865705396235700D-03 -2.04263613004830900D-01  3.52251960302940700D-04 -4.65929083493800600D-04
83 22  1.13677123190864300D-04 -3.73156409047591200D-04 -4.23161945139206600D-03 -1.61107634912604700D-06 -9.31810714767547500D-03
83 23  3.62341070868898600D-03  5.69469643898647600D-03  2.34769685891907700D-02  1.27994160978311700D-01  4.85003975708316400D-01
83 24 -6.87642612268899400D-05  6.15115613888891000D-04  1.11417330826101600D-02  7.95046753114343200D-03  7.71719109349832600D-03
83 25 -1.16357645969681000D-02  6.35293913308965800D-03 -4.53452560523763600D-03 -9.16608253067946300D-03 -3.38458715631325700D-02
83 26  1.64579409060012200D-02 -2.20381201273012100D-02  7.54482196007182500D-02  3.96132083151334300D-04 -3.84695011926942600D-04
83 27 -1.14370712243487800D-05 -8.56262308280446400D-04  4.31691228841413100D-03  1.71724465520730100D-03 -2.67129600350026200D-02
83 28  2.14966196805873900D-02  5.21634035441524000D-03  2.09329569321775700D-02 -3.32017398426994100D-01  1.64127490864035100D-01
83 29 -2.38655310435576700D-02 -5.16448334112575600D-02  3.38809587625889200D-03 -2.34936828845394700D-03  1.40553068168921100D-01
83 30  1.79949704103028000D-02  2.85801171377306700D-02 -1.63337350781982400D-03  2.68685168413182600D-03  1.98311269887857300D-02
83 31  1.34471868294689000D-02  1.81129090920146400D-02  2.59850222347759400D-03  9.61902996552229100D-04 -6.01031883052560900D-02
83 32 -8.68232206979704200D-03 -2.08054717194255100D-02 -4.81766068008218000D-03  2.76838115579867200D-03  2.00152182153787200D-02
84  1 -7.48459802434348500D-02 -8.88518001999356300D-02  4.84099803925344800D+00  2.57693148021838100D-01  1.91821732839340700D-02
84  2  6.21914850196731500D-02  3.91489910285613900D-01 -1.57629826761936400D+00  8.68160295552384100D-03  6.13871913616167000D-02
84  3  3.74894999687372900D-03 -6.51361413584898900D-02  1.55823650989165800D-01 -2.88216575654171900D-02  5.28460334207489700D-03
84  4 -1.07260820378263000D-01 -2.39328120836745600D-01 -1.11947631780991700D+00  2.01179115899094900D-01 -5.82184553012370100D-02
84  5 -6.92372072666350100D-02  2.56908263805655000D+00 -2.31161464312557300D+00 -5.31957003868431500D-02  5.62332623673326100D-02
84  6 -7.57188022739787000D-02  1.94855399066478700D-02 -5.89468153711460400D-05  2.02010514811658300D-03  1.30115795911140100D-02
84  7  1.47011515724625200D-01  2.64765638204521200D-01 -3.16731370139471900D+00  1.47830395118580400D-01 -3.13881078400985700D-01
84  8 -1.24044090633745300D-02 -1.68679481749050600D+00  9.93048848243430900D-01 -1.31253482890112200D-02  1.16214671289811000D-02
84  9  8.18253346093152100D-03 -1.98040005899130000D-02 -1.41794532221718800D-01 -1.06378422102159500D-01 -6.33376979285819600D-03
84 10 -2.05342926783926500D-01 -4.43590088183301000D-01  5.09379820893814700D-01  3.07432170432099000D-02 -3.55766754617896400D-02
84 11 -7.00257009287775400D-02  1.08976723640026100D+00 -6.62298483813163100D-01  8.56453387748012500D-02  5.60221372897097300D-02
84 12 -6.28312814950251900D-02  6.80914420531617900D-03  7.70204739273903100D-03  5.55389285308299200D-02  6.30247003224455900D-02
84 13  5.57267881366678200D-02  1.58873178140130800D-01  1.39656937314988400D+00  1.28309087955915500D-01  1.21056311987443600D-01
84 14  5.68651740879668300D-02  3.34349132950680400D-01 -2.07988583823585600D-01 -8.27197841995889100D-02 -1.58626512255009800D-02
84 15  1.01630804818601200D-01 -8.57681535930993200D-02  5.65657539298620300D-02 -4.03160974861661300D-02 -2.93535388869201700D-02
84 16  1.97428856792475000D-01  3.81336234579478300D-01 -2.23289076503287500D+00  4.83658156816171100D-02 -3.97926926469641000D-02
84 17 -1.97980679209467300D-02 -2.07887143289881200D+00  4.89885878426732400D-01  5.13689666487198200D-02 -6.55679162031083500D-02
84 18  1.16034940569889900D-01 -5.04670243667819700D-02 -4.67642996361778100D-02  6.45243128091884400D-03  4.94104453494802300D-02
84 19 -8.01783364953222300D-03 -2.74362966824701700D-02 -2.23607864457341700D-02  1.63970943960146200D-01 -1.28528087833822400D-01
84 20  5.40097172847600800D-02 -6.03561151314560800D-02  2.27570547928516700D-01  1.09976952071554000D-01  8.94464777700141500D-02
84 21 -2.79647596604267000D-01 -1.19058378898259600D-01 -1.16584959818545200D-01 -4.45431670526539900D-03  5.01874668993569000D-03
84 22 -5.64429984671188600D-04 -1.30458050790719000D-02 -4.27863506950764200D-05 -1.36347885216433000D-03  2.01341051628218800D-01
84 23 -1.24654333032977700D-01 -7.66867185952412700D-02  2.19433926629849500D-01  5.64909989496684100D-03  1.72227987641878500D-01
84 24  1.22249251621432300D-02  1.27229024446190300D-02 -3.29912085828190600D-01 -2.49202187918334700D-01 -1.94488688325519700D-01
84 25  1.69954447429950900D-01  1.39608420417789500D-01  2.78364073005288500D-02  3.96487685613996200D-01 -1.91901489942579200D-01
84 26 -2.24249962266015300D-01  4.95038277807888600D-01  1.70027176450188200D-01 -1.61552571908673900D-02  1.39215399674817900D-02
84 27  2.23371722338529100D-03  1.91417118239006200D-02 -2.42312685381769800D-04  8.11930844152018300D-04  5.05785775488754100D-01
84 28 -4.74910685556212900D-01 -3.08750899325416500D-02 -2.72342014449211500D-01 -2.14157551727760800D-01 -1.42957524862138400D-01
84 29  6.61252518675216400D-01  1.22096220349583900D+00 -1.02428613051795000D-02  1.86303319123308600D-02 -7.43387422162540600D-02
84 30 -2.22444790826297800D-01 -4.05999446962557400D-01  4.89795766245117800D-02 -9.73946451831560700D-03 -4.55674378123053800D-02
84 31 -1.51965411639482000D-01 -6.34722038684351300D-02 -8.73542589204443100D-03 -3.46564331612326700D-02  3.80347224837732900D-02
84 32 -3.44214315986671200D-01 -6.60390929029058800D-01  6.69793082299031500D-02 -3.17555151993520100D-02  1.80124062727175800D-02
85  1  7.08626947756856200D-03 -1.06034758261630400D-02 -1.71795208375825000D+00 -1.16011473588639900D-01  2.19640035740247000D-02
85  2  6.76982586304512300D-02 -8.93632790905478200D-01  5.77984273302316400D-01  9.78089943904730300D-02 -2.12625470907239800D-02
85  3 -2.16377886961990300D-03  2.34263259603436300D-02 -5.87041151909381600D-02 -3.93111564477626700D-02  3.16803470632489700D-02
85  4  2.85019266221684700D-02  7.82303473933908300D-02  1.04537845562868300D+00 -9.12542830477818800D-02  4.51383756502234100D-02
85  5 -7.43791184002372300D-02 -1.14978378584043800D+00  8.88528387212224200D-01 -1.10004113151848200D-01 -3.70110048831707000D-02
85  6  4.81587897477222100D-02 -1.11477848645519900D-02  5.33171440070462600D-03 -4.32974177186181500D-02  1.61686381298583200D-02
85  7 -1.37253958184043800D-02 -1.69082962627309400D-02  7.58918594482518000D-01 -4.76536142845427500D-02  9.62996450166103100D-02
85  8 -4.64847209388072600D-02  7.92156251743207000D-01 -3.82443819066522400D-01  5.06146788669513800D-02  4.01608384400862500D-03
85  9 -5.60023278127026600D-03  1.58414893726132400D-03  5.30194454027537100D-02 -3.01894033476234100D-01  4.72042597552819500D-02
85 10  6.19168624616775700D-02  1.38707078263734800D-01  1.22548550360921300D-01 -2.49851378619993200D-03  3.49910989441662900D-02
85 11 -1.46319302405264500D-01 -3.30333870205360200D-01  2.24485815281827400D-01  1.66629410989634700D-01 -1.38656895329263300D-02
85 12  2.37968601693333500D-02 -9.93117063640717300D-03  9.82012024020190200D-03  6.57597808963747400D-02  2.19833358358316000D-01
85 13 -4.61520432018492800D-02 -1.11439331382726700D-01 -3.31358500480172800D-01 -4.60464728691708400D-02 -3.48502263387725900D-02
85 14  1.32025023143865700D-01 -2.18018631929249700D-01  1.59238553471011800D-01 -1.67713166579688600D-01 -4.74876186028340900D-03
85 15 -2.20809202687685200D-02  2.68296821290515300D-02 -2.45905101210539800D-02 -1.40004777201978000D-01 -1.66395075919288800D-01
85 16 -3.11572262717698600D-02 -6.62692866057928200D-02 -1.40430868652204000D-02 -7.06959254709979300D-02 -5.93226850271416100D-03
85 17  6.22519122584285500D-02  7.83622212939429800D-01 -3.38134203501392200D-01 -2.73171839750566200D-02  3.85562536122048400D-02
85 18 -5.00360035371169700D-02  1.14797499249124500D-02  8.00349835236444100D-03 -1.95164697799040800D-01  2.45672378663182600D-01
85 19  2.91776196780216500D-03  8.06116275678199700D-03 -6.91243252341380100D-03 -9.21563903562191000D-02  8.17634984028100400D-02
85 20 -2.31977930304435400D-02 -2.59395905759245100D-01  1.65556896223753700D-02 -1.55312156111486000D-02  3.52297594245587500D-01
85 21  1.55701662281146700D-01  4.45374046835808100D-02 -2.73171812667953200D-01  7.18835423856503500D-04 -6.90577247907715600D-04
85 22 -2.82581759483312600D-05  8.50707942461201500D-03  2.07772517237051700D-03  1.31263128618599800D-03 -5.96394668837926900D-02
85 23  4.72770326264941700D-02  1.23624342572986900D-02 -1.75611678668381300D-01  1.03958945826995100D-01  3.26816879090518900D-01
85 24 -4.37022692038663000D-03 -4.72796642136529400D-03  1.06020394630686100D-01  1.30072018838606600D-01  7.62198658033871000D-02
85 25 -5.10105264690830100D-02  1.78292918459525000D-01 -8.29133610401266600D-03 -1.47255552768942700D-01 -2.20800390652492500D-01
85 26  5.01660068876288000D-02 -1.66119158922716400D-01  2.20612123966095000D-01  7.01554419180703200D-03 -6.25337345576269300D-03
85 27 -7.62170736044427100D-04 -5.85125066231880900D-03  3.37216267199095700D-04 -3.42739850388997800D-03 -1.69211122248802800D-01
85 28  1.62426351990383400D-01  6.78477025841952800D-03  6.50362599146643400D-02 -2.02286790853589800D-01 -2.25355978836831000D-01
85 29 -2.56994075643250600D-01 -4.43734570548750700D-01 -8.12021815928945000D-03  1.62056406567918100D-03 -1.81831557786879000D-01
85 30  4.70240666148746800D-02  1.07360885783760400D-01 -1.78048369741075100D-02 -2.91884211821172400D-03 -1.54368277290485700D-01
85 31  2.49599998465331000D-02 -2.40485447467490700D-02 -2.17249598742629300D-03  1.37541951980097300D-02  1.47106574811189500D-01
85 32  2.06186991006723600D-01  3.64123267592910500D-01 -1.83038322243585600D-02  6.94821782098955700D-03  1.87469333576948900D-01
86  1  1.76757918703962800D-01  4.15396556452937400D-01 -1.33797186527832300D+00 -1.57463883008218000D-01 -3.07291558111325100D-01
86  2 -8.84909092759849500D-05  1.75171659089068400D+00 -8.32103651016136500D-01  3.46500434588282200D-03  5.64970822385374400D-02
86  3 -1.40553680416392500D-01  8.40565981778550300D-02 -1.06739963975728300D-02  3.81706730768391700D-03  2.47879201156662700D-03
86  4  1.69293472873633700D-01  3.60492796015981700D-01 -3.76199580577980300D+00 -2.34204569954310600D-02 -4.16766930240941500D-01
86  5 -1.46407472089601100D-03 -2.53729130578134400D-01 -3.85478708572190100D-01  1.97525656132939300D-03 -3.37722919650609800D-02
86  6 -8.19226137639887500D-02  1.15694905729049400D-01 -1.46636778176014400D-01 -3.12059961996552000D-03  4.60656225355752300D-03
86  7 -1.23101679748729700D-01 -2.82079933080328600D-01  6.96589298398566100D-01 -9.60709935743567200D-02 -1.82064877988684200D-01
86  8  1.97394030418178700D-03  8.38789468688233200D-01  7.69805558585181700D-01 -3.12485322613229500D-03 -2.45717436340050200D-01
86  9  1.71572885878856600D-01  7.41445504611955400D-02  1.22295940374971700D-02 -6.27191998485388500D-03 -1.12700118236843800D-03
86 10 -2.78001888165306200D-02 -7.99890757690851500D-02 -1.94052290506893700D-02  6.42546653453398800D-02 -7.13286220166355900D-02
86 11 -4.89592173728723700D-03  1.90298651298343400D-01  6.46028440417972800D-01  6.73783115836058300D-03 -2.92253140727366900D-02
86 12 -8.51794092207314000D-02  1.14404723293467200D-01 -1.46628661180526300D-02 -6.41549509097562300D-04  1.16142976602105100D-02
86 13  5.30630536412427900D-02  1.04505214412578200D-01  1.12471439066182000D-01 -6.47678941292115500D-02  5.57950669217748300D-02
86 14  6.03262579872710500D-04  1.09647777317011300D+00  1.64272454746911700D-01 -1.00102642282515100D-04 -3.04888982558480000D-02
86 15 -6.50569271429120300D-02  9.55458253987605300D-02  4.34340600308954200D-03 -8.00251334136584800D-04 -4.42889231242018500D-03
86 16 -1.35571651110403700D-01 -2.96946324858437600D-01  1.67756330243635300D+00  1.21117420772700100D-02 -1.07331085735826000D-01
86 17  6.14716308297220900D-03 -7.51091065835827600D-01  1.42351258558449200D+00 -7.01091606396266700D-03 -1.44151747901816100D-02
86 18 -6.23823746036043100D-02  7.67975493937847300D-02  2.09173230512493200D-01 -1.51847762247261800D-02  9.20651877390465600D-03
86 19 -1.08833979972601600D-02  3.25713518275021100D-02  7.47148741920150600D-01  4.22381766371058300D-01  3.54544108577999100D-02
86 20  1.98348717936199500D-01 -1.80135166924076800D-02 -2.68343215715245100D-01 -7.87985661172371300D-01  2.40175413856309100D-02
86 21  4.72068801792457200D-02 -4.25233112158624100D-02 -1.08982567914245900D-02  8.84798980797490600D-03 -2.65523982745439700D-03
86 22 -6.19274998052070500D-03  6.24231866877865300D-04  1.79813110175315300D-04  2.56471659671024200D-04 -9.87063961960613900D-02
86 23  2.28673219454245600D-02  7.58390742506366600D-02 -2.82255430305349700D-01 -2.68358814571433800D-04  9.59188499258691400D-03
86 24 -8.21645523240552600D-03  4.66691587371822800D-02  8.81646280644266600D-01  4.73479424143337800D-01  7.99970774199633600D-02
86 25  2.40016317965353800D-01 -7.92329773344476800D-03 -7.08487392762592100D-01 -5.31506086159061700D-01  1.03425961763608400D-02
86 26 -1.81371605781998100D-01  2.88831210031989800D-01 -2.57750860759437300D-03 -8.63025093315126000D-03  1.64799089440768200D-02
86 27 -7.84965801092444800D-03  3.33368465697252900D-03  9.25806079692929100D-05 -1.98659175325952700D-04  4.78416837003397000D-01
86 28 -6.05317396739238200D-01  1.26900559735841200D-01 -1.47592397561538600D-01  4.98973396273794600D-03 -5.83504122809087200D-03
86 29 -8.91906565207099400D-02 -1.10814921937978900D-01 -7.16487066132937600D-04 -5.80684013088454400D-02 -1.40948622992219600D-03
86 30  3.43077959871512200D-01  2.92466688368895100D-01 -2.88586706888787500D-02 -2.40294186930589900D-02 -7.82336177141890500D-03
86 31  4.20524696196342300D-01  4.59525203143077800D-01 -5.44276574624965500D-03 -5.22707923948310300D-02  2.01198027755506800D-03
86 32 -3.95355139052096100D-01 -6.33112250097147700D-01 -2.83261262652542800D-02 -4.08881241209781300D-02  1.15635823385409800D-02
87  1  2.28600470830496400D-02  4.57203286783341500D-02 -4.86185607830211900D-01 -8.24684447544696000D-02 -6.90772366105102300D-02
87  2 -1.62557951868146300D-02  1.12114588982695700D+00  6.06201027511358100D-01  1.43703967018573900D-02 -2.33413914268862200D-01
87  3  2.52728672277400900D-01 -1.93147580085382300D-02 -2.65355509509414400D-02  5.28313686206346800D-02  2.11499509188782700D-02
87  4 -2.88262470135514100D-02 -7.94353636967079800D-02 -9.99476468749847400D-02  3.17573009547619000D-02 -1.23165441464951400D-01
87  5 -5.12629627723340600D-03  1.50940420953598300D+00  1.50509065123435700D+00  2.90210520065350200D-02  2.17735267947549900D-01
87  6 -1.69121976985377900D-01 -4.86132909621720200D-02  2.66141611991852000D-01 -1.09700138246892900D-02  5.24617214661388000D-02
87  7 -2.64329429978798700D-01 -5.46054948491208600D-01  2.64579342016430600D+00  8.05708352696019600D-02 -5.32255227959298800D-04
87  8  2.96800277402035800D-02 -9.44564886969556000D-01  8.11052475640812400D-01 -4.54924886640658500D-02 -4.25882155936699000D-02
87  9 -1.14317970460130600D-02  5.40200126396839900D-02 -2.07630913094882300D-02  2.62142605401585900D-02 -3.80301473143321400D-02
87 10  8.00790833627055300D-02  1.80610652540521100D-01 -7.98820353880062900D-01  5.55820506968747300D-02  5.95222702080084700D-02
87 11 -2.72537232137939300D-02 -3.26256099879948000D-01 -1.86799695752005300D-01  3.71375114199477500D-02 -3.98976089069451800D-02
87 12  1.06780425712141500D-02  2.92195663357304900D-02 -1.15196843756098800D-01 -1.57201767534020200D-02  5.26500376857020300D-02
87 13  8.24744699548810600D-02  1.92243470340559600D-01 -4.50973649580025400D-02  1.03432151108485700D-01  8.64906678776662000D-02
87 14 -2.94486326023329500D-02 -5.48681788558674000D-01 -2.97267421242926800D-01  4.36172349791609700D-02  3.06881116856113500D-02
87 15 -4.31489076866709200D-02  1.24607960010597900D-02 -3.97677261569132100D-02  4.66930463299667400D-02  1.39691130271034000D-02
87 16 -1.77460621529120900D-01 -3.43244624197803200D-01  2.23242116020257400D+00  3.52793545008553400D-02 -3.36388140934814100D-02
87 17  3.84614738455307800D-02  7.68855828659145900D-01  8.09632021066836500D-01 -5.15456399251717600D-02  6.68900938303273700D-03
87 18 -3.77332911485230400D-02  3.10442817654907700D-02  3.70980550608439100D-02 -6.77031337071436600D-02  7.74887070104435600D-03
87 19 -6.24875813482464800D-04 -3.16773679587294800D-02 -3.92842495202101900D-01 -3.85769994483516500D-01  3.86566746988296300D-02
87 20 -2.86941621934795800D-01 -1.04119488359089500D-01 -2.78617740200430600D-01  6.94169086763792500D-01  1.37752635903463100D-01
87 21  2.56492265364322000D-01 -5.35441768738278700D-02 -5.06622256819104400D-02  1.55610842904023100D-02 -2.36130692297896700D-02
87 22  8.05198493938760400D-03 -8.58149678642265000D-03  9.22156488259312100D-04  1.37647828792509400D-03 -2.40064814917799200D-01
87 23  2.63857366010073400D-01 -2.37925510922758100D-02 -2.67960299423422300D-01 -5.33397417678978200D-02  2.51518778125450200D-02
87 24  5.18116573973035900D-03 -6.01781520887651100D-02 -1.06273467527777000D+00 -1.23586047812837600D+00 -3.90860579543516300D-01
87 25 -1.79470677390873500D-01 -9.32496713311076100D-02  1.13365138861154700D+00  4.41127638962095400D-01  1.11860737670314600D-01
87 26  6.46923293891220600D-02  8.83066640628053800D-02 -4.33922228521784100D-02 -1.78816045914359200D-02  3.46697108128423800D-03
87 27  1.44146335101520700D-02 -2.82104242754624900D-02  7.91875133703262000D-04  8.76963069545695500D-04  3.38644065938596600D-01
87 28 -1.27320135325711400D-01 -2.11323930612885500D-01  2.84231467481897600D-02  5.48417586303337100D-02 -2.90576285369775900D-02
87 29 -2.28180935355953600D-02  3.75341475782492500D-01  5.84089416703946100D-02  1.24970256652410800D-02  3.55363338065919800D-02
87 30  7.36927228511482000D-02 -1.64924415806582000D-04  1.80936941400440000D-02 -5.97915152387684500D-03 -3.89077188101320800D-02
87 31 -1.22941044768238100D-01 -2.26419307454675500D-01  2.41333909780469600D-03 -5.44418338203205400D-03 -3.76468237831660600D-02
87 32 -2.57042268707419500D-01  8.43122198417491200D-02 -5.83944223211951000D-03  6.47344156651770600D-02  4.51896322279480000D-02
88  1  1.73997885960685700D-02  4.27064636167888800D-02  1.42373757443387600D-01  5.34641687346283400D-02 -5.70674704884897200D-03
88  2 -6.51292504744798300D-02  3.78417618308119200D-01 -9.20561449316346800D-01  5.41487130235379900D-02  9.08040559683791400D-02
88  3 -1.04700611332369900D-01  1.38965553639907000D-02  2.62632505550488100D-02  2.07681010663258700D-01  8.02948656009345600D-02
88  4 -1.81282953114813300D-02 -4.99832236050019000D-02 -1.18761954648497200D-01  3.55516808874919000D-02  6.14014257803751300D-02
88  5 -1.73871907237059600D-02  4.68602654107457200D-01 -4.58327037624525900D-01  1.08285487778545800D-01 -3.75766299792303800D-02
88  6  3.40086816754655300D-02  3.56794830376490000D-03 -6.94265027714997300D-02 -3.66133000970830500D-02  2.04772352344365300D-01
88  7  4.56261186711847100D-02  9.04089480549731500D-02 -5.50345038891498400D-01  4.42325524201592700D-02  1.34068363245994400D-02
88  8  1.14045219612234300D-01 -6.18902605579926600D-01 -3.60641282360768300D-01 -1.75685766809114500D-01  3.41619939386751000D-02
88  9 -2.35889473895352100D-02 -1.05730465491402200D-02 -8.03026591434829700D-03  1.23875685354413300D-01 -1.55177291274702400D-01
88 10 -3.42822872829720200D-02 -8.53082782065477100D-02 -2.97811686435977800D-01 -1.32583498910115100D-02 -7.42723057271645600D-02
88 11 -1.02245691164290300D-01 -1.01856407916961900D-01  1.44678040646104500D-01  1.36364205015396200D-01 -7.89796048910416100D-03
88 12  6.20305489287623300D-03  1.69490559622829200D-03  8.35672450903452200D-04 -6.21062591784255100D-02  1.82067277375407800D-01
88 13 -8.92783615090773400D-03 -1.85856284965657800D-02  4.18111927098552400D-01  2.42434854627214400D-02 -2.93994020827543200D-02
88 14 -1.19953508202428900D-01 -5.79152418764250300D-02  1.65322705295804600D-01  1.76554617518424400D-01 -3.11311352215385800D-02
88 15  5.01123686050538200D-02 -1.89812333835151500D-02  1.73907595109029700D-02  1.94955917578728400D-01  6.72051644389034100D-02
88 16  8.85920458309984700D-02  1.93081367268288400D-01 -6.11328194625012300D-01  5.63030646920000000D-02 -2.54938159160278100D-02
88 17  1.40391413550769500D-01 -4.94034601071326700D-01  5.00355238662240900D-01 -1.91598187508059100D-01 -8.75530642640092900D-03
88 18  2.71693230597495700D-02 -1.84140166333491100D-02  5.25013341605182200D-03 -2.29949285647715300D-01  5.61373808584002400D-03
88 19 -2.15017283436812500D-03  2.54329765556388800D-02  4.38688406659418200D-01  4.91200240844803700D-01 -2.49489207420970100D-02
88 20  1.44351486696871100D-01 -3.70287560326029300D-01 -2.11071871264017100D-02 -4.31225667043446100D-01  4.87691775365703800D-01
88 21 -2.12208586682826300D-02 -4.47051817888743800D-02 -1.78439178945322200D-01 -6.44757054300155600D-03  1.13345008955632700D-02
88 22 -4.88693035256208700D-03 -1.75983330633102700D-03  3.27700758135830800D-03  4.73530249986303000D-03 -3.89490945227615000D-02
88 23 -7.56594671131800800D-02  1.14608561635941400D-01  1.24397595579267900D-01 -2.20524456372980100D-01  8.03666455980357000D-02
88 24  1.37947651919268200D-03  1.67337472349792300D-03 -1.43783306012879200D-02 -7.75967692097595500D-03  6.49835835041392600D-02
88 25  2.33709542598147500D-02 -3.45280095010559000D-01 -1.51960689646935400D-01  1.44615395171621800D-02  4.09129601650701200D-01
88 26  9.47027893315946800D-02 -8.68000579496265300D-02 -1.59145069342933300D-01  1.47349298434763700D-03  7.31941611185525900D-04
88 27 -2.20543459553325500D-03  7.25196425580514000D-03  2.90764357870120300D-03  4.59427715081678100D-03 -1.47018679378707800D-01
88 28  1.87523412891838400D-01 -4.05047335131305600D-02 -4.17423338819029900D-02  2.03002864531773200D-01 -1.09755437694867400D-01
88 29  1.88282909284373400D-01  1.06879112486566700D-01 -1.33247944689300500D-02 -1.39189390797788900D-02  1.48501105983925500D-01
88 30  4.89285861683232600D-02  7.82004673911773600D-02  9.08320113674443600D-03  6.62816461861680700D-03 -1.38960566330054500D-01
88 31 -5.02366601717782300D-02 -1.72205557934498900D-02  6.98329464985622200D-03 -8.52076934329855400D-03 -1.61395520002518200D-01
88 32 -8.72124448518810100D-02 -2.40933644355329100D-01  9.98445812125887800D-03 -1.37745620149379600D-02  1.51006195658648300D-01
89  1  8.03848808183505500D-02  1.69694608525151300D-01 -2.15943668856358000D+00 -9.41451803767769200D-02 -6.21729652247284100D-02
89  2  1.99737910390604100D-02 -4.65957580120782100D-01 -2.53297173082172200D+00 -1.28321091111052000D-02  9.04777942486464800D-02
89  3 -1.66328675909585200D-01  7.58508816609382900D-02 -6.77294553812303300D-03 -5.68465874905617300D-02 -2.23566401551315800D-02
89  4 -5.07018140728038200D-02 -1.05511821101774300D-01  1.71828896616823500D+00 -1.48767628329867000D-02  1.06858381104988000D-01
89  5  3.56071973380009700D-03  1.46591716609356700D+00  1.32780021976371600D+00 -2.91187666175818800D-02  1.12200166003792400D-02
89  6  3.00832046923838200D-02 -4.13032212927631900D-02  1.43393644243360000D-02  7.99313687921688500D-03 -5.46678174226666000D-02
89  7 -1.03389278709348100D-01 -2.35014982425111800D-01  1.21032409437042400D+00  2.11255013337732900D-01  8.17698919700958500D-02
89  8 -3.06544773384240500D-02 -1.78760463117257600D+00 -8.56209260980887700D-01  4.63501022075811700D-02  4.93004340201998900D-02
89  9 -8.17170962562007300D-02  3.24166622359995500D-02  1.25279136934372900D-02 -3.79848431220156700D-02  4.17330300788029300D-02
89 10  8.30164763018578600D-03  8.89227566149688900D-04 -1.24964762953436800D+00  5.51694609983648000D-02 -1.50004787293251200D-01
89 11  2.70294185214658800D-02 -9.67746808981190900D-01  9.25532399772648700D-01 -3.46053121638182700D-02 -9.52879066924417600D-02
89 12  6.26779433435273500D-02  3.26099633489151800D-02 -9.54361823526849900D-02  1.73117384018365200D-02 -4.54039105321648900D-02
89 13 -3.08434365691568900D-02 -5.77755537141531900D-02  1.37634502000014600D+00  1.24283530616503000D-01 -5.37617207776275300D-03
89 14  3.45621357307222400D-02 -1.07326492373414500D+00  5.46898534650157500D-01 -5.05974673845107400D-02 -1.25011880182062100D-01
89 15  1.45806279172422600D-01 -2.07943989903605600D-02 -2.04992851983738300D-02 -5.57180676050093400D-02 -2.25737841653420100D-02
89 16  1.66467136591826200D-01  3.62971831315465600D-01 -1.79025124253834600D+00  4.88077802260085900D-02 -2.41413790287073500D-01
89 17 -3.75153585314015300D-02 -5.12491009299386200D-01  2.11267764086541200D+00  5.03639542135302500D-02  5.34286815519105900D-02
89 18 -2.23515391286818500D-02 -3.10771424232298000D-02  8.43211169163301400D-02  5.78898067479234800D-02  3.87176906573267700D-03
89 19 -8.03866819697337200D-03  7.83828939762321000D-02  1.43760482170961800D+00  1.43125857884798000D+00  7.89130691467018600D-02
89 20  2.63280449822404800D-01  9.88958004374974200D-02  1.78395399292719000D-02 -1.07344935638901400D+00 -1.31603387541038900D-01
89 21  4.53701230612180300D-01 -1.84314700444891400D-01  4.76164735301644300D-02 -6.94636833999842900D-03  1.97157533464673600D-02
89 22 -1.27693850064689700D-02  3.17844814874654700D-03 -8.21012841994635000D-04 -1.17989593800479000D-03 -4.87983749304283100D-01
89 23  6.89644999919572500D-02  4.19019249312323600D-01 -2.90961275657544300D-01  6.26251608735970800D-02 -1.78034169409783900D-02
89 24  6.08898266808787100D-03 -5.18170437572112500D-02 -1.01171956693187400D+00 -1.04860621733468700D+00 -4.78877909369266200D-02
89 25 -1.14925514780714100D-01  9.27073729560779500D-02  4.96436064388696100D-01  2.79707469405167800D-01 -1.08658800482619800D-01
89 26  3.98273624979801000D-01 -3.40368486011438900D-01  4.24139666406431000D-02 -5.95960049893458700D-03 -3.65993165288349400D-04
89 27  6.32559366422228600D-03 -6.17679776333463200D-03 -8.17193884558606400D-04 -1.43060193962150900D-03 -2.56995749337893400D-01
89 28  6.07874238558356600D-01 -3.50878489220462800D-01 -1.56991075684539500D-01 -5.43554946918239900D-02  2.75906587869827400D-02
89 29  2.93301867235511700D-01  2.08976869811005800D-01 -2.42245857852522600D-02 -3.13214523870887400D-02 -4.18907440551252100D-02
89 30  3.75365462181121300D-01  4.80882925295123700D-01  3.16178408043406900D-02 -7.39290370033155700D-03  3.50280565768875000D-02
89 31 -3.04168641318121300D-01 -3.73595415466852000D-01  2.47427385001964300D-02 -3.21314663611044800D-02  4.75797141115204300D-02
89 32 -2.73381499378537700D-01 -3.56340188163978400D-01  1.08966531369047700D-02  8.79058741301249600D-03 -3.65684928150415800D-02
90  1  2.06493840649212900D-03  5.03278291052528600D-03  6.19817182364294400D-02  4.26441011005645800D-03 -4.00962626677399600D-03
90  2 -4.62294855599135100D-02  1.66314430522071200D-01 -3.24374186062443600D-04 -1.74741555466649200D-01  7.65043896097094300D-04
90  3  5.27109493978980100D-04 -1.29215339007604300D-03  2.32179271631559800D-03 -1.67671091513138900D-01  8.70587226374735100D-02
90  4 -1.81896641886562500D-03 -6.79133829469595200D-03 -1.07914428375631100D-01  7.42618678251426700D-03  2.54234157076398600D-03
90  5  1.02745391637780600D-02  5.98553981975018000D-02 -8.69197256211093200D-02 -1.59461847583303600D-01  5.02602574660346400D-04
90  6 -1.75378468558573600D-03  1.25118211092539000D-03 -2.23447383790335900D-03  1.82824159442732000D-01 -2.61856133353314300D-01
90  7  2.36795510724942300D-03  5.67734524965465700D-03 -3.36223570277576400D-02  4.92483209580134200D-06 -2.67183607687711800D-05
90  8 -1.27804297285642300D-01 -6.42795459110739900D-02 -2.12174351688079200D-03  2.87438291390302200D-01  2.31763159779658300D-03
90  9 -1.10370603360354300D-03 -1.21392556419298200D-03 -1.59157625032022100D-03 -2.62373480617447800D-02  2.98676895167955600D-01
90 10 -2.16211968727307600D-03 -6.03495746096937700D-03 -4.21770482710648300D-02 -2.12711139849865600D-03 -4.39112797635160400D-03
90 11  7.52538803196198500D-02  1.68361967664825800D-03 -3.23958534933941400D-02 -1.52187130868291700D-01  1.31287676263579300D-03
90 12 -2.13290296666838600D-03  8.20026204032601800D-04 -6.87398288915597500D-05  5.71133339286365300D-02 -8.28824167865184300D-02
90 13  2.49741603937081000D-03  5.77929764544811300D-03  2.15364520724960900D-02  3.18757478645581700D-03 -2.12927639399339400D-03
90 14 -3.32166804665199900D-02  2.68943743250586600D-02  9.75776033996421200D-03  5.85326048602875800D-02  1.57689524842358800D-03
90 15 -5.05722097895333600D-04 -1.07117315052822800D-03  2.67898383111709800D-03 -7.32289831933067000D-02  2.45247297381948100D-01
90 16 -2.01880725657670100D-03 -2.24142405060573100D-03  9.88510777692930100D-02  8.67193210092626200D-03  5.00218231885031400D-03
90 17 -8.26800871766588000D-02 -1.64021219114796200D-02  5.03719393014339000D-02  1.54668486499450000D-01 -3.23921545282905800D-03
90 18  2.31869052632107300D-03  9.20524926507953700D-04  1.24459486021737100D-03  1.24656454841748400D-03 -1.15353437326672500D-01
90 19  5.54048810225006700D-05 -1.08432772089415000D-05 -5.82630769056924800D-03 -3.86226886366318600D-03 -2.27722628207869800D-03
90 20 -3.42707810411827400D-04 -6.02291196427893400D-01 -2.52249752325364100D-02  3.15981433703674600D-03  8.73364982614875800D-01
90 21 -8.76245919081220100D-03  1.24588249856982200D-03 -2.89251601502191600D-01 -6.24835781574632600D-05 -1.16899283574944800D-04
90 22  1.79382861732365300D-04 -6.34441887215229600D-04 -6.41495176410101800D-03 -3.04144789877911600D-03  6.17057482023525100D-04
90 23 -2.61777532252199800D-03  2.00071784049847800D-03  1.75028966664001900D-02  9.52629532408774700D-02 -6.39432654370105200D-02
90 24  9.90376244730062600D-05  2.17886853197055600D-04  6.87573926385463800D-03  3.85815873813200800D-03 -3.56387963493654300D-04
90 25  1.99437349130163800D-03 -2.09827254363082000D-01 -5.77276658363176600D-03  2.97609768933963400D-03  2.91408377298652300D-01
90 26  6.29451845594913200D-04  1.23283438226738000D-04 -3.45970008862956000D-02  4.30142557889485700D-05  2.11418073721759100D-04
90 27 -2.54432329510676800D-04  2.26400420996372600D-04  8.32977384803496200D-03 -4.49017025016953600D-03 -3.62295489644770100D-03
90 28  4.83588126423237600D-03 -1.21292636778466700D-03  1.28114062370602700D-03 -1.32700182942708700D-01  2.15659819413873300D-01
90 29  1.74034735718434400D-02  1.86340398424086000D-02  1.11955683294687800D-03 -8.46258502360350700D-04 -1.61807626857619700D-01
90 30 -5.60532581672125500D-03 -9.03552922168434800D-03  2.15768454982540800D-04  1.79395426801172600D-03  1.32213668509581600D-01
90 31  5.65215661438661900D-03  1.09039636117902900D-02 -6.45966467901903500D-04 -6.45217938467952900D-04 -4.50271067332891200D-02
90 32 -1.66794983565913500D-02 -2.00010856304179700D-02  9.30170945414409400D-04 -1.83100152592653800D-05 -1.22288914863395600D-01
91  1 -4.02185021895827000D-02 -8.86052923337387200D-02 -5.90093808568087600D-01  9.02949621172333700D-02  6.04872936899435400D-02
91  2  2.02533569386989900D-02 -2.00855659822712800D+00 -5.68530004024743200D-01  1.29621896015860300D-01  7.41228506532162500D-03
91  3 -3.40522617953761200D-02  2.66399767300539200D-02  1.14997723733490900D-02  2.39353006799103200D-01  1.32802101750917600D-02
91  4  3.84002738470822300D-02  9.25691108188758100D-02  7.46543558043601300D-01 -1.04859228152693300D-02 -1.17278322543666800D-01
91  5 -5.03904851960093000D-03 -4.75538755786253100D-01  1.80533818464279600D+00  5.55622414681832600D-02  2.75002939536499000D-02
91  6 -1.85152558945326500D-03 -2.56487683641965200D-02  9.35167156560603500D-03 -7.76105086236111400D-02 -3.31739281996604700D-02
91  7 -6.77633722161676600D-02 -1.48688736116448000D-01  7.83812845083887700D-01  2.03004562640505500D-02  1.88568365650245300D-02
91  8  4.37139323398794500D-02  8.29887956252475800D-01  4.53492954587797500D-01  4.74648754119368100D-03 -6.67345920814195700D-02
91  9  3.55771197315511200D-02  3.11574723498684500D-02  1.67482368604310100D-02  6.52919088798936100D-02  2.26807018515501400D-01
91 10 -4.88601692127829700D-03  9.36492516906494400D-03  7.95336649640363100D-01 -2.07732375985582100D-02  2.90180784532599800D-02
91 11  6.66921294045212800D-02  2.88652367433241500D-01  8.83229394061681900D-01 -1.32735524638345600D-01 -3.13909560887645400D-02
91 12  4.25467507065464800D-02 -1.11557946177821100D-02 -6.18659756689692800D-03 -2.21868354241566900D-01 -1.02366967328903600D-01
91 13 -1.99609632985133800D-04 -1.76210752281111700D-02 -7.00490726212325700D-01 -3.90468965930878300D-02  1.75067039695090800D-02
91 14 -8.10344377641794400D-02 -6.01629352409585600D-01 -6.52251913903811000D-01  1.62497428530536900D-01 -3.18198981716467500D-02
91 15  2.33915454741937600D-02  8.42835269745259200D-03 -3.31443733066567500D-02  4.52569117611315600D-02  1.03841747220842400D-01
91 16  7.41503857458568600D-02  1.53280479070246200D-01 -1.07827709288215100D+00 -3.28184310740535400D-02 -4.40991731126982700D-02
91 17  7.27279413175073200D-02 -6.45415887475009600D-02 -9.14992101377634600D-01 -2.23817870410715500D-01  1.01821883036394400D-02
91 18  2.25345244148071500D-02 -3.27167127184464000D-02 -5.70946244429386300D-02 -2.88326485694241600D-01 -1.82127008609086300D-01
91 19  5.49353245390076500D-04  1.43801584447504200D-02  2.61990778869625000D-01  3.01628577731945100D-01 -3.14200481621431800D-02
91 20  5.59738153004916100D-02 -9.25612777301492700D-02  2.45460832655720900D-01 -1.80443289614181500D-01  1.06021834199394300D-01
91 21  2.26688670469240200D-02 -6.42735380617742900D-02 -1.20698294885760200D-01 -3.13010249985878100D-04  5.72833016741432700D-03
91 22 -5.41531991742787900D-03  8.60957756103676100D-04  5.50908406245349100D-03 -8.22892643684276300D-03  3.58097187298966300D-03
91 23 -1.13184223700377000D-04 -3.46778764928971800D-03  2.44096191974496700D-02 -2.13536006691516300D-01  1.58013371960131900D-02
91 24 -1.37695517617335300D-03 -1.41127341000263600D-02 -2.37109210113577400D-01 -2.76447737889791900D-01 -5.08589107627703100D-02
91 25  2.02746397648481600D-03  6.15881728229946200D-01  2.14971764797854000D-01 -7.33636726383592900D-02 -8.27023679155505100D-01
91 26  5.64568993998937700D-02  2.47686133361980900D-02  3.12975856683668800D-01 -4.09984647548328200D-03 -1.08261546326929900D-03
91 27  5.18246193875226400D-03 -2.07052709375775600D-03  4.12196763109156300D-03  5.45215020848732900D-03  5.65057123298198700D-02
91 28 -6.45605675615320400D-02  8.05485523171217300D-03 -3.56606986613310500D-02  4.51168029529347800D-03  4.40223974223820600D-02
91 29 -1.77688254897490100D-01 -1.81007729871857300D-01 -7.28656644441822100D-03  1.51447454405585200D-03  2.51999466598656000D-02
91 30  1.75696518881915600D-01  2.74333984606887100D-01  2.16422840078672600D-03 -3.89840323240526800D-02  1.16596406297777900D-01
91 31 -1.76049365760712800D-01 -2.71423420970846900D-01  3.27031295734640000D-02  1.53413759357741500D-02 -1.47551780224885800D-01
91 32  1.75514075862910000D-01  1.69362696592774200D-01 -2.80428449101377500D-03  1.55197467939561500D-03  1.12925418568600500D-01
92  1 -1.16710582929289700D-01 -2.56062995037414900D-01 -1.55332643152340800D+00  3.05144621166461500D-01  1.79942970941280100D-01
92  2 -1.32349036801575800D-02 -5.53143772793873500D+00 -1.75750643908466500D+00 -4.55403058545164100D-02  2.76611339006088600D-02
92  3 -1.05028687657033800D-01  7.73675537564232200D-02  4.53972719416042700D-02 -7.31238629363695800D-02  1.58465059597118700D-03
92  4  1.14593797234826300D-01  2.65003025276007500D-01  1.81177456951480000D+00 -6.41980400937989900D-03 -3.62887831804620800D-01
92  5  4.28314349534763700D-03 -1.22341459351403800D+00  5.25976467892750500D+00 -1.82147390314064500D-02  9.19960123469356900D-02
92  6 -1.56323574497494800D-02 -7.63636548971858800D-02  2.47349158432556000D-02  3.01922651031130200D-02  1.73426113574478000D-02
92  7 -2.03402360289862900D-01 -4.44156345546738300D-01  2.32630968364114500D+00  5.89722934844339600D-02  5.98248111370785900D-02
92  8 -1.43921901198852100D-02  2.36827257865069500D+00  1.41771368633351600D+00 -2.50753837062079300D-03 -2.01149831725094100D-01
92  9  1.09116868054539500D-01  9.20329636705545700D-02  4.62610533372892200D-02 -1.07648704360894700D-02 -8.19294679605653800D-02
92 10 -2.10340653722549200D-02  1.21572165488031800D-02  2.33429754544409700D+00 -7.30222913960958800D-02  8.03269286911022200D-02
92 11 -2.71210668504570000D-02  9.08437834681343100D-01  2.61005655951555000D+00  4.72289710338733600D-02 -9.16607831289734000D-02
92 12  1.24634517313278400D-01 -3.29737341843054200D-02 -1.91871835426141300D-02  7.36310300845592200D-02  3.44640382807458600D-02
92 13  8.26213737590814100D-03 -3.51852895312606300D-02 -2.14709605776770600D+00 -1.13607537471300400D-01  4.48618282111756100D-02
92 14  2.12185652330655000D-02 -1.77195035834555000D+00 -2.01440945439376500D+00 -4.42410090053077800D-02 -8.95613657110132800D-02
92 15  6.53813416200200000D-02  2.41800240909921800D-02 -9.37595538121590700D-02 -2.91704009543523300D-03 -2.50396780819815700D-02
92 16  2.21915683067988000D-01  4.67689091263793300D-01 -2.90239366273497700D+00 -6.72059162613142900D-02 -1.08895290293703100D-01
92 17 -2.16902574877673700D-02 -2.23279855095975400D-01 -2.70570414317362200D+00  7.31683239826600200D-02  1.68176327953164100D-02
92 18  8.20847165621740600D-02 -9.89023493574899700D-02 -1.75910114716611600D-01  9.87875399771377500D-02  5.32306179212660200D-02
92 19  1.48748315915041500D-03  4.15777947137269500D-02  7.74612978115672000D-01  9.38317012468946500D-01 -1.06406003236392700D-01
92 20  1.73248371499557200D-01  1.20382995099907500D-02  6.45609202382768800D-01 -5.42128132466503400D-01 -8.89084211793742000D-03
92 21  3.37066811718183900D-02 -2.03948229711194200D-01  3.06400260708518100D-02 -1.25274239752394300D-03  1.76603535832021100D-02
92 22 -1.64076111856765500D-02 -3.05134732015277000D-04 -1.93434007858057000D-03  2.74630787037550000D-03  3.84143764642746200D-02
92 23 -2.06370916745609000D-02 -1.77772847897150700D-02  1.58276717956361100D-01  5.93451345802133400D-02 -7.49759711723020500D-03
92 24 -4.09681034141782800D-03 -4.20564069267832200D-02 -6.99858911620255000D-01 -8.64647294135156800D-01 -1.69467476476558600D-01
92 25  1.46840908261575500D-02 -2.21381952434967600D-01  6.54709305033798900D-01 -2.16307996070165700D-01  2.91959364628498700D-01
92 26  1.77782024165947000D-01  8.45600016915838300D-02 -1.08648299766029000D-01 -1.33359984557603000D-02 -2.29401909742258000D-03
92 27  1.56300175531820400D-02 -5.93839492344742200D-03 -1.18912900018307400D-03 -1.16945622211525000D-03  1.73081657136069600D-01
92 28 -2.03276546681388500D-01  3.01948895453190100D-02 -9.32157207177157200D-02  2.39419392815101400D-03 -1.63775822238078600D-02
92 29 -4.99547946032631400D-01 -4.93342448209704500D-01 -1.72004477526527800D-02  2.86301179144584500D-03 -2.27355603643537500D-03
92 30  5.19626106519830300D-01  8.10528097838709200D-01  7.48478874686692400D-03 -1.15093822267376300D-01 -4.10206347359948600D-02
92 31 -5.24997930161528700D-01 -8.05215589200299000D-01  9.95711293246633300D-02  4.67582789829433300D-02  3.63379809939281300D-02
92 32  4.97677359477496100D-01  4.62687794706926300D-01 -6.59859958771245400D-03  4.31101341977588200D-03 -4.17202692076271100D-02
93  1 -1.51396543480183300D-02 -4.31903467156679000D-02 -2.90959551251966000D+00  1.24836978513232700D-01 -2.35463709694867900D-01
93  2 -5.25104329737840000D-03 -5.39256627935131300D+00  2.59539956261103700D+00 -4.55550099697919200D-03 -2.02178558623370500D-01
93  3  2.43679273540353800D-01 -4.15007149169830000D-02 -2.49771319241398800D-02  2.70396074939676700D-03  3.75069561052931900D-03
93  4  1.31437156948697900D-01  3.00004511184189400D-01  2.27698631767661400D+00  2.04210047290147800D-01  8.50070041916116300D-02
93  5  3.01932383749161900D-03 -3.84911013923201200D+00  2.85527179654975600D+00  3.04888360306265500D-03 -1.06607690608620800D-01
93  6  3.50529142352972900D-02  7.15547763733240700D-02 -3.10694843202313600D-01  2.80506582820308700D-03  5.77482144474169400D-03
93  7 -5.74071338052939700D-02 -1.02885410386992500D-01  9.12163468002317700D-01  2.46502879621310800D-02 -1.28237644307531100D-02
93  8 -5.98595157292001200D-04  6.81105643293898900D-01  1.80379770916507500D+00 -6.68284184554098200D-04 -7.68031569023704700D-02
93  9  5.29654018840244700D-02  2.38377550183454200D-02  2.34248804917514800D-02  5.73837819077055300D-03 -8.18050643496884300D-03
93 10 -3.97731396404150700D-02 -8.04588566916920900D-02  1.24382062556230400D+00 -8.93112142153805900D-02  1.42991672293869300D-02
93 11 -5.04113993784409300D-03  9.84672536309793600D-01  3.05271463512525000D-01  3.12755274049708300D-03  1.38238015571129700D-02
93 12 -2.83683518435639000D-02  1.45445502864505400D-02 -5.80919888565437200D-02  2.02801087368216900D-03 -1.00267299589265900D-03
93 13  1.50981654349221900D-01  3.11786817700986500D-01 -1.96036964603280800D+00  5.05609286593584800D-02  8.81215926818477400D-02
93 14 -1.40034245735472300D-03 -8.37123326919911900D-01 -1.59671606044385200D+00  2.92853477451581600D-03  1.93734532531021000D-02
93 15 -9.35031722213312000D-03 -1.00231360309707500D-02 -6.37774675633462600D-02  7.37676184880655000D-03  1.81837110549287100D-03
93 16 -1.26380403348365800D-01 -2.92642384543980200D-01  8.66904199472161200D-02 -1.45192355328315000D-01 -4.83045142148813300D-02
93 17  2.10960480107708300D-03  5.77175387716588900D-01 -2.51110482873740000D+00  2.93624818407147400D-03  6.99834303627197800D-02
93 18 -6.35459458281609200D-02 -6.43748453455741100D-03 -1.21875647082321700D-01  7.73913461011804900D-03 -2.14384857985643400D-03
93 19  8.75199553144498000D-03  1.92772561354104600D-02 -5.13955326203640200D-01 -1.84012383983104800D+00 -1.33295203950945500D-01
93 20 -3.48571098717468900D-01 -5.07888173933472400D-03  9.23695379790620300D-01  6.55023449414544200D-01  8.47050925735249800D-03
93 21 -3.97131044693646900D-01  3.59338836119611800D-01 -2.92351890611746600D-03  1.17968770638671000D-02 -3.51137407922465200D-02
93 22  2.33168637283807300D-02  2.16917587305439200D-02 -8.77849670862191600D-05  1.62628635682115900D-05 -5.62165037743163500D-01
93 23  4.64096335149156000D-01  9.80687025940082100D-02 -1.29125441213718800D-01 -5.46068579317861300D-03 -2.20916365655893000D-03
93 24 -2.58322861394569800D-02 -6.62653953682594400D-02  4.71551276102802000D-01  1.83108513956224400D+00  3.61678674416514400D-01
93 25  1.95075748179634400D-01 -7.59680205074747500D-03 -5.19984542870349700D-01 -6.89433449563748700D-01  5.69093027073028100D-03
93 26 -5.44538050783139700D-01  1.93563055523991300D-01 -2.11970264183245700D-03  3.45638668230904500D-02 -9.27144335604556900D-03
93 27 -2.52924234670453800D-02  2.47935580289973000D-02 -1.43519421341780800D-05  5.37934745592418600D-04 -3.63300161116351200D-02
93 28  1.09586828150722200D-01 -7.32568120390871500D-02 -6.07103432867071100D-01  3.33715736013523800D-03 -2.19973946007455100D-03
93 29  2.18231910405892100D-01  1.08935783612777400D-01  2.07640257066218600D-02 -7.01963438056482900D-02  3.29609204611341400D-03
93 30 -4.48646490049006700D-03  2.74544429962028100D-02  1.18639899749633300D-02 -1.95040948682198700D-02 -2.71239644157195100D-03
93 31 -2.16059435174398000D-01 -4.18788712711763800D-01  3.46548821290593000D-02  4.30958678771037600D-02 -6.70693318892902200D-03
93 32  1.89831284863977300D-01  5.14831545789647400D-01 -2.47634606747286400D-03  7.06337521218942500D-02 -4.86312175853994900D-03
94  1 -1.92191349076783400D-01 -4.05682552819508700D-01  5.23625985233753400D-01 -6.52262596524357000D-02 -7.73667118590395100D-02
94  2  2.94040981035549300D-03 -5.50308441857179200D-01 -1.44010942019968400D-01  2.52772334616855800D-03 -1.49748567071751700D-01
94  3  2.28784829604905800D-01 -7.90362625331554200D-02  1.87008401106059100D-01 -2.40034721215843500D-03 -3.52434438699147700D-03
94  4 -1.54951539414613300D-01 -3.29260859979043100D-01  2.13554622848231900D+00  2.12561265157820000D-01 -1.27006747753621100D-01
94  5 -1.52832738399279200D-03 -2.81068943526417300D+00  1.46030161600030500D+00 -7.19639977128303000D-04 -7.10666441014593700D-02
94  6  1.09419860539630100D-01 -3.83532164381720600D-02  7.46183411210981500D-02 -2.68489488902826700D-03 -4.10476636748741900D-03
94  7  2.61845430973630700D-01  5.52424957386333700D-01 -1.78653146314637200D+00 -7.95336106191583500D-02  1.84453557840274600D-01
94  8  8.33517503201870800D-04  3.16248934245231700D+00 -9.93226644484524200D-01 -7.08401455554098500D-04 -1.53662211565967600D-02
94  9  3.46824921704193800D-02 -1.93162710138223900D-02  1.51284914995290800D-01 -4.56582219225323000D-03  5.32419449156033000D-03
94 10 -2.04490271081310400D-01 -4.16230794876750500D-01  1.81521562645163400D+00  5.42797316843282500D-02 -1.41033912741581400D-01
94 11  3.54470029860842000D-03  4.60732087566399100D-01  2.11657471374519400D+00 -2.21618291889302700D-03 -8.22034999657824500D-02
94 12  9.38305688479335000D-02 -1.16270688821504700D-02  1.48713136937108000D-01 -1.37215800346721300D-03  9.83539039650620100D-04
94 13 -1.19834984205934500D-01 -2.43631200948926200D-01  4.95509574725401400D-01 -1.56247631243473200D-01  3.92669882374094800D-02
94 14  1.29410300348880300D-03  1.39787911643717000D+00  2.79532401998113700D-01 -3.07481305350342700D-03 -6.10684103013971600D-02
94 15  8.04449109436704800D-02 -1.93765006422725800D-02  1.65374279009196100D-01 -5.90255877540811100D-03 -2.28302692104302600D-03
94 16  2.48425361332273100D-01  5.18890747213000300D-01 -1.76898205132740800D+00  1.85642213485601900D-01  2.79843685315620200D-02
94 17 -1.12480023071783200D-03 -2.81927376932856600D+00  6.87690687004605400D-01 -1.62340189616615600D-03 -8.25850136438901800D-02
94 18  1.17616272472656700D-01 -3.50312588287655600D-02  9.11895203024014000D-03 -5.23960264132876300D-03  2.14333162066444500D-03
94 19  3.02803936642324800D-02  7.62610879615120800D-02 -2.24686392421396500D-01 -6.77009079248337900D-01  1.47817040957566000D-01
94 20 -2.37972143293117700D-01  7.70293087570973100D-03 -4.92596201562181500D-01  5.42467130177105800D-01 -1.02921353852479100D-02
94 21 -2.03750447098803900D-01  1.37044786898680000D-01  3.94179062408154800D-03  1.43433807101159600D-02 -2.63262179115123800D-02
94 22  1.19828372013969100D-02 -1.34622224863227200D-02  8.14664003789200200D-05  2.93102944142299200D-05 -1.71729248099440600D-01
94 23  1.78885282270856400D-01 -7.15603417141181200D-03  4.91968821391106900D-01  4.72915079855502600D-03  1.12536333078904200D-03
94 24  1.85932219543826700D-02  4.57642563896359000D-02  1.30081356811202700D-01  5.71603503551258000D-01 -9.74606685019421500D-02
94 25  2.05303461968767100D-01  5.80489991439534500D-03  4.93281321354353800D-01 -7.37260787422030600D-01 -4.67889461212316800D-03
94 26 -1.50497055255102400D-01  6.81977810995816300D-02  1.08918016544303800D-03  1.73209933553415700D-02 -1.17623144556772100D-02
94 27 -5.55867889966573500D-03 -1.18553727142501600D-02 -4.70471974244380000D-05 -4.66794541295107300D-04 -3.12446843673537900D-01
94 28  3.78951384774305200D-01 -6.65045411007675200D-02 -7.74219569356158200D-03 -1.86994140893338900D-03  1.60117000228642300D-03
94 29 -5.68926014075356600D-01 -9.21078086628860000D-01 -1.24851431463465000D-01  3.75657790650712400D-02 -2.00971720512111000D-03
94 30  3.36565165434250800D-01  6.29330981011294900D-01 -4.51894131478582900D-02 -6.56953325253695600D-02  1.80913252551791800D-03
94 31  2.44669114113379700D-01  4.45410185097470800D-01 -6.96493767673345700D-03 -5.36801776980761300D-02  6.03135236141806000D-03
94 32 -6.30831879922141000D-01 -8.32831856269767500D-01  1.30384623078543100D-01 -5.70834509274426000D-02  3.72977717331003000D-03
95  1  4.16695725783197900D-01  8.30405486144721000D-01 -7.98475778917121500D+00  2.58910721128714800D-01 -1.13187998091784000D-01
95  2  7.13691597198335600D-03 -6.23467438259643200D+00  2.19328369409333500D+00  1.48845847444902400D-02  3.47028996176705100D-03
95  3 -9.62196994386068100D-02  9.27494094768413400D-02  2.23527366490317700D-01 -3.52783817266687400D-03 -5.91005538092331900D-03
95  4 -3.75167720797697500D-01 -7.81164258504116900D-01  7.35301553033050100D+00  1.77820334300652400D-01 -1.31696525095741000D-01
95  5 -5.79565993552203500D-03 -5.02220835570926500D+00  4.81037633195463300D+00 -1.30253004723806200D-02  1.98196242953505100D-01
95  6 -1.89370622610442200D-01 -8.82562034306465100D-03 -1.21929388440560000D-01 -3.61904158508404900D-03 -7.97939217140381100D-03
95  7 -6.55465363178023400D-02 -1.20082152636095500D-01  3.03931115242970400D+00 -1.29925449120273600D-01 -6.42306648029050700D-02
95  8  1.35148692186221400D-03  1.09738278014865400D+00  1.82399830990157000D+00  9.13434136289292000D-04 -1.79070871541419200D-02
95  9 -8.62351139986619500D-02  1.04142201152800800D-01  1.53709303250713300D-01 -5.12514807666944800D-03  1.06140506275708500D-02
95 10  3.10217753359774900D-01  6.28889540739678100D-01 -2.51215853253829800D+00  4.18656818597678800D-02  1.81810722465414300D-01
95 11  6.54667560112017900D-03  1.04663496902959000D+00 -2.85696801070209000D+00 -2.11138509659736000D-03  6.75366899611512400D-02
95 12 -1.30934161081151800D-01  6.33974711200001300D-02  8.47051136952694200D-02 -2.86271511804487000D-03  4.28906667723122300D-03
95 13 -2.30797167625535100D-01 -4.81153497266476900D-01  1.78091683968368200D+00 -8.12678040915999500D-02 -1.74884929035796800D-01
95 14 -1.30124041383466800D-04  2.81683393421782900D+00  2.58333047867185900D-01 -2.83729433015213600D-03  9.35006114287715700D-02
95 15 -1.38291423800170600D-01  4.47908123713977900D-02 -1.27098001988211400D-03 -8.89114313279654700D-03  7.40658779103510800D-04
95 16  8.60981562244621200D-02  1.82888582854037000D-01 -2.18325644814668600D+00  8.29576272920197800D-02  2.01569099890484200D-01
95 17 -3.09262820433627500D-03 -4.67923329333612200D-01 -2.41152603145262300D+00 -7.81808364787715300D-03  8.90477249193195300D-02
95 18 -7.42447024505431800D-02 -1.48030224687748900D-02 -2.37143843755255200D-02 -1.14681732443465700D-02  8.14036609191744400D-04
95 19 -3.38763032096277200D-02 -6.40361075021220500D-02  4.30983887264039200D-01  8.19037193491268100D-02  3.88120446305501400D-02
95 20  2.00918697367886300D-01  9.93362713499382200D-03  2.80784763340093100D-01 -7.26173751845293500D-01 -1.66667527606833700D-02
95 21  8.48912218463939300D-02  1.18930477582688200D-02  4.42289285040242500D-03 -4.27258336480941300D-03  9.48997145819519500D-03
95 22 -5.21738809338419600D-03 -1.24084606187914200D-03  5.94745083643363900D-05  6.17774082469126800D-05 -3.86702208610366600D-01
95 23  2.11283850855436600D-01  1.75418357754929900D-01  3.98985231680560700D-01  5.69353859485928500D-03  4.87584977926798400D-03
95 24  4.38731668884194200D-02  8.94079393616480100D-02 -4.11556893300368000D-01 -4.42305317417145500D-02 -2.37724045030100900D-01
95 25 -1.01856733763962300D-01  1.34762678769416700D-03  8.77423843309936100D-01 -1.20241287892954200D-01  6.85681369526864700D-03
95 26  3.82553854022340100D-02 -1.26309210386537500D-01  8.48686602079485200D-05 -6.22043403556606600D-03  1.94942016841836500D-03
95 27  4.27101386714653600D-03 -8.13950569918848500D-03  2.77220055374725500D-05 -7.36736868853039500D-04  1.11687029805428300D-01
95 28  1.10759618534262500D-01 -2.22446648339690500D-01 -4.73839428117373200D-01 -7.61235595624937500D-03  5.72137650276430900D-04
95 29 -2.66492250505153900D-02 -1.84245591976578200D-01  3.75777726631953600D-02 -3.66935862376297000D-02 -1.74005933892229800D-03
95 30 -3.74433814093620200D-01 -7.90765810314596300D-01 -1.53516479205435000D-02  8.06901469639529900D-02  2.59863524785518000D-03
95 31  4.67020411804550200D-01  7.33904764265480200D-01 -7.73779738017544300D-02 -2.90430006452103300D-02  8.93867417035431100D-03
95 32  2.66891018224777000D-01  3.73237055435567500D-01  5.99574444843776300D-03 -8.87771633324322000D-03  7.38060606494564100D-03
96  1  8.52216589139393300D-02  2.20820164667501800D-01 -2.67040905740876500D+00 -1.41466863977080700D-01  1.60985943522461900D-01
96  2 -9.74864102234047200D-03 -1.03625706302599600D+00  4.33337976952929500D-01 -2.37946618003349700D-02  4.37302357234239700D-02
96  3  1.99779113457530700D-01 -2.43509349180954100D-01  1.91664913569221500D-02  4.36624190449604000D-03  7.84158884858000800D-03
96  4 -6.44422200302644100D-02 -6.07508087066383800D-02  9.04135093770682400D-01  1.85013920898109700D-01 -2.10466220994841300D-02
96  5  8.45885649884327800D-03 -1.46688165746834300D+00  1.67543999558142500D+00  2.12684688041354100D-02  2.05625177472091700D-01
96  6  5.80652643662816200D-02 -2.63690441838373500D-01  8.80372720468199400D-02  4.61982557901803800D-03  1.08875835839667100D-02
96  7 -2.35947729053471700D-01 -4.68455981582321800D-01  1.72672881003769600D+00  7.21326900682609400D-03 -1.84125498994098500D-01
96  8 -1.76920225079614100D-03  1.22872755743064400D+00  1.04326613736231900D+00 -2.00592371500489000D-03  1.72700181090458200D-01
96  9  1.23489448373954600D-01 -2.96189629464412600D-01 -1.23334425646352800D-01  5.93122756571502400D-03 -1.44494462208989500D-02
96 10 -1.35723472771073500D-01 -2.60479263082372600D-01  7.32118601709664500D-01  3.84748510142413400D-02 -7.64157817816817200D-02
96 11 -8.59488395570014500D-03  4.13035898348907900D-01 -6.88355667932842400D-01  2.13266759319294500D-03  5.33980821155751600D-02
96 12  2.92730838727743300D-01 -3.46128920843318600D-01  2.54929075546394900D-02  3.98829399414865400D-03 -6.35628968094034800D-03
96 13 -2.66050165160910600D-01 -5.21817630802202000D-01  1.90214747280689500D+00 -1.12678831609829800D-01 -6.99694449815302100D-02
96 14  7.92906278672216600D-04  3.90158627802845900D-01  5.49319351835181800D-01  3.46354496594600900D-03  2.54294807676941400D-01
96 15  1.03019405946130400D-01 -3.57314213623071500D-01  1.33683679234597200D-01  1.15861353679828000D-02 -2.01801291936896100D-03
96 16 -2.12646173376444100D-01 -4.38751236132889100D-01  5.33436417400699300D-02 -1.79196326307760300D-01 -4.95940514136547400D-02
96 17  4.04225394466285600D-03  8.99563808058116400D-02  8.93992333799434100D-01  1.20187910718795600D-02  3.03688870569232400D-01
96 18  1.02899587865973100D-02 -3.13978829355828900D-01 -5.61738114460201200D-02  1.56930489561910500D-02 -1.48309270159313900D-04
96 19 -5.75101352578082600D-02 -1.48073595756133800D-01  1.41986261471444800D-01 -2.01479378656674700D-01 -4.85285255400063100D-02
96 20  2.56786109789451400D-01 -1.38596893897593400D-02  2.44791082090505400D-01 -1.50810721752707900D-01  2.39204862858775300D-02
96 21  1.06347387808811900D-01  1.05975469381343900D-01 -5.51427465983433800D-03 -2.52339179762559900D-03  7.93470046604489000D-03
96 22 -5.41130866841830400D-03  1.19162633484592300D-03 -5.45091924297106500D-05 -8.24914179060463900D-05 -3.13847545747059000D-01
96 23  6.98447164618119500D-02  2.44002829285247500D-01 -1.86822836155479200D-01 -6.84702972140756100D-03 -7.54418327682217800D-03
96 24 -4.06298560538535000D-02 -1.12382488650086300D-01 -6.89362450929224500D-02 -1.63951434537922200D-01  1.88859205891359700D-01
96 25  2.53492276818899300D-02  2.63892729588339600D-05  1.34454368203666000D-01 -1.56266633297104700D-03 -1.26018660507130600D-02
96 26  4.27721093765370400D-02  4.74893363176407500D-02  4.87021540129096000D-06  4.60500968097317900D-03 -2.05281641619629000D-03
96 27 -2.55219326477656600D-03  2.06708906564409200D-03 -5.30462774028911600D-05  9.34199430034364200D-04  6.52001155768749700D-02
96 28 -2.28079011123519100D-01  1.62878895546644100D-01 -1.61997424332367900D-02  1.14737845851953800D-02  9.18044795592074700D-05
96 29 -5.93636216185579500D-01 -2.23606586723299800D-01  5.27604155983565500D-03  1.04673214256304000D-01  1.68429164682723200D-03
96 30 -5.25261413524013600D-01 -2.21053365944579800D-01  1.85723681492690200D-02  7.56490981906195500D-02 -3.09782359458778200D-03
96 31 -3.29308077917899700D-01  1.30995673281793800D-01  1.88987898948004400D-02  2.97681633558418500D-02 -1.16292496083449700D-02
96 32 -4.69365298539408100D-01 -6.69688311890584800D-02  8.15195098942011500D-02  4.91907948261400500D-02 -1.00768057234886300D-02
97  1 -1.59799986019817200D-01 -3.05275246900612400D-01  2.32146386812190400D+00 -1.20691976348100100D-01 -6.82702034604466400D-02
97  2 -5.17621858672186400D-02 -6.25320875769637200D+00 -6.87025361859810900D-01 -1.67091574260584100D-01 -7.36160007006088300D-03
97  3 -3.85664273955288000D-02  4.59280274655893800D-02  9.86413422805229900D-02  1.32017827831093900D-02  3.28160595796066400D-02
97  4 -2.57473124326260000D-01 -4.22386731576897700D-01  6.96455358302131200D+00 -2.65113163058768900D-01  3.09447545809582100D-02
97  5  4.76049071466306700D-02 -9.59589303843477300D-01 -1.54939031861926800D+00  1.55041394615350900D-01 -1.36805992932618800D-01
97  6  8.85368801730757600D-02  4.82691127595430800D-02  1.01447867538691800D-01  1.65776001702944700D-02  5.43259707770124700D-02
97  7  2.76237583304651100D-01  4.97031516445618000D-01 -4.06920015781474000D+00 -6.60275889598317400D-02 -1.46712201332096500D-01
97  8 -4.07790784501658100D-03  1.82391658112247800D+00 -2.17299609998664000D+00 -2.30803189863128500D-02 -1.06939360541338600D-02
97  9 -7.97255563242358900D-02  9.04194923783649100D-02 -4.75915789757593400D-02  1.53596475083976400D-02 -7.32056127349095400D-02
97 10  4.86736115872956100D-02  1.26277251325899500D-01  3.25159399829482600D-01  3.09566527248055300D-01  8.02153598942124500D-02
97 11 -3.91929054560552000D-02 -2.00008108555612600D-01  4.95737599277729200D-01 -8.87763129624548300D-05 -1.93240539152639500D-02
97 12 -4.52298560251787000D-02  6.45539099404445500D-02  1.28238198811677900D-01  2.10292800967054900D-02 -3.65003951280350100D-02
97 13 -1.06410172434607800D-01 -1.76598768110018200D-01  1.80581662486875200D+00 -9.36207661676184700D-02  2.43504087938734000D-01
97 14  1.01853090366585800D-02  1.60352080630073100D+00  1.22849195886096500D+00  1.23919230206521100D-02 -1.30030922689379600D-01
97 15  7.89494312277311800D-02  5.10814914616496700D-02  1.38106171254292200D-02  5.19209640375357800D-02 -2.14096208086904400D-02
97 16  2.84930266448170000D-01  4.59151024531563500D-01 -7.41437205643999500D+00 -1.84277379691898500D-01 -1.83372919857200600D-01
97 17  1.97798034000713700D-02 -2.86124655304879600D+00 -1.69517801055592600D-01  7.72257165239336900D-02  1.06801710424279300D-01
97 18 -1.71475856443995900D-01  6.46741460197174100D-02  5.97622370541726600D-02  7.81750460264730700D-02  1.24643786487320000D-02
97 19  2.64656409329541300D-02  8.13821430402116000D-02  2.02525204671429500D-02  5.03030441022182700D-02 -4.04577840226413900D-01
97 20 -5.24608644116161400D-02 -6.88310529609566900D-02  1.87039269428098100D+00 -2.67218697476187500D-02  1.32801655414989000D-01
97 21  1.05812570686965500D-01  2.00666651080661000D-02 -1.82464660005516600D-02 -3.22661463125465900D-03 -4.56058271697751300D-03
97 22  7.78719734823256900D-03  1.37687788210703800D-02  1.52066330369741700D-04 -2.27904431102527000D-04 -8.14593636845108300D-02
97 23  1.42338320890967200D-01 -6.08789572064534900D-02 -7.06531898846519200D-01 -2.11056787822296700D-02 -5.22399541772361300D-02
97 24  4.89925107088808800D-02  1.34561117201303000D-01 -2.69958538128512500D-01  3.74148600413912500D-01  1.48035324215423200D-01
97 25 -4.06516009009477500D-01  2.39572372732013200D-02 -4.35671857717365100D-01  9.70024612447918900D-01 -1.03761736831981200D-01
97 26 -1.15486022258171900D-01 -8.51133627498510100D-02 -4.55780032216684300D-04 -8.69696705129498000D-03 -3.96516790838361800D-03
97 27  1.26621349596758400D-02  2.56809044846235700D-03 -4.32250895454304000D-04  3.39134776804888800D-03  2.90516094228937300D-01
97 28 -1.57486185957293000D-01 -1.33029908271644600D-01 -1.60035352774608700D-01  7.21811904462667500D-02  1.12606572413220700D-02
97 29 -2.96371500476312400D-01 -7.12985681703483000D-01 -1.20770825282335900D-01  1.63824134758481100D-02  1.98041259926227600D-03
97 30  1.20662846728646200D-01  1.06818005192527600D-01  3.14022139754998000D-02 -3.24054426177476000D-02 -7.68248170756801700D-03
97 31  3.44059989512204300D-01  4.82973142735800700D-01 -8.14242615309909000D-02 -4.74190777374282100D-02 -4.92648892843038600D-02
97 32 -1.79251376123144900D-04 -4.31709923254707100D-01  3.00349585376526600D-02 -1.11661357725403800D-01 -4.84972640754436800D-02
98  1  4.25149112573689800D-04  7.99421943188533900D-04 -8.75047528127505600D-03 -1.84647136581892700D-04  1.50578251246290200D-04
98  2  2.54936268956998800D-01  8.55119486701301300D-03  1.66582128086791000D-03  2.84689491157614300D-01  1.24007588328112000D-04
98  3 -6.32485939096156900D-05 -6.07589944184964300D-05 -3.18292424425170300D-04 -4.27945067642775800D-01  2.80178786661031200D-01
98  4  4.14134496296169600D-04  7.28918283341283500D-04 -1.03326420523317200D-02  2.53557498913593900D-04 -1.29665516488413800D-04
98  5  3.61876392806335200D-01 -8.82799318041908200D-04  6.96871725935643900D-03  8.55950814334123700D-01  2.84610214003790900D-04
98  6 -1.85332413147739300D-04 -9.92778008560556800D-05 -2.09491947722309700D-04  4.41799188439385300D-01 -1.55554154879884900D-01
98  7 -6.05302157317051800D-04 -1.11804914756714900D-03  1.11507785485136200D-02  2.83589479915024400D-04  3.76050583929558300D-04
98  8 -1.32187028171292200D-01 -3.99053291334919400D-03  4.53288997177311700D-03 -6.13875188206701800D-01  2.14915903921463700D-04
98  9 -1.63304355681489400D-04 -5.16115482399564500D-05  4.41092423353107300D-04  2.28281678700941300D-01 -2.59012312183760800D-01
98 10  1.29881843519229500D-04  1.98789666733280600D-04 -2.72124904396470900D-03 -6.94328992399854300D-04 -5.24471572823897800D-05
98 11  6.01174788204898300D-02  4.17452163107539900D-04 -2.54311792276202000D-03  2.06217812078672800D-01  5.79634294071043500D-05
98 12 -1.09818641333167800D-04  5.18552119260577200D-05 -4.21718922690511200D-05  3.43066244849513400D-01  8.30098013330195100D-02
98 13  1.38306723709748700D-04  2.28721735217600100D-04 -2.53508903086051500D-03  3.42410839982587400D-04 -5.90049688569454000D-04
98 14  1.06994837197689700D-01 -2.50538016771836900D-03 -1.61869775594039600D-03  2.57688292734679200D-01 -7.13587052844607600D-06
98 15 -3.31576299995643700D-05  4.02935005280061800D-05 -8.52566435102292500D-05 -1.62475044987705600D-02  3.05306112521773500D-01
98 16 -5.85673206014407500D-04 -1.07350487052092600D-03  1.20822643911038400D-02  2.34184496593831100D-04  4.59121535785347000D-04
98 17 -1.35593411841853900D-01  5.86994560874683400D-03 -9.72445047511227500D-04 -4.46898801746698900D-01 -4.30985447920372400D-04
98 18  4.91801145127026400D-04 -6.08156972066635100D-05 -1.44525629913602100D-05 -2.17341876093881900D-01  1.85092749404209700D-01
98 19 -6.61146240461709400D-05 -1.65418631801125600D-04  5.14019008931743300D-04  8.73905879878511300D-06  1.28477656180166000D-03
98 20  1.40026464634643400D-04  8.77808906587087700D-02 -3.82198447221384300D-03 -3.34456204303234000D-04 -3.99887373589071900D-01
98 21 -1.37871063304768800D-05  1.02725019033811800D-04 -2.50053060333789300D-02  1.73499595374948900D-05  1.25552685308148800D-05
98 22 -2.99052280683115100D-05 -1.81952430146506400D-05 -4.34438735396216300D-03 -2.04218767116627100D-02  1.03603089370313500D-04
98 23 -2.30366889264158600D-04  1.26763799893843600D-04  1.13206961877274100D-03  1.35906492270432300D-01  3.97967429334296600D-01
98 24 -7.53332063655394900D-05 -2.08008884644504700D-04  2.58997664075415800D-04 -4.90934313232260300D-04 -6.47116466824928000D-04
98 25  1.12641189316675000D-03  2.32893085178392100D-01  1.65995418585689400D-03 -2.93535341537218800D-03 -7.61141430034596900D-01
98 26  1.98784535153934500D-04 -1.86018168184789600D-04 -4.61378587057847400D-02  1.54602364112184400D-05  8.07498596318069600D-06
98 27 -2.35352223743926400D-05 -2.18620851368390100D-05 -1.65387606183955600D-02 -1.72716629764093600D-02 -8.45728106474241800D-04
98 28  7.48066824238727300D-04  9.76612822355121800D-05  4.16000855292488500D-04  4.74964588335532500D-01  3.86475530238698100D-01
98 29  6.98235988918921500D-04  1.16114578288939200D-03  3.16452533366680200D-04  6.28980710402364300D-05  2.45048173791786400D-01
98 30 -2.16499782770081000D-04 -6.57189573698452000D-04 -2.83715042310939000D-04  4.70290036167280500D-05 -1.35188648592855200D-01
98 31 -3.23880058993184200D-04 -8.48955045265847700D-04  1.75179934932114600D-04 -1.91148527564415300D-04 -1.89331787585671200D-01
98 32  5.51083792858201600D-04  1.41582355094630700D-03 -6.24774133294131500D-05  2.91601863826849000D-04  2.18935955494424500D-01
99  1  2.83357121260150500D-02  5.13707900126321900D-02 -6.08309709233548700D-01 -1.57177462013507000D-02  1.04620677130993800D-02
99  2 -3.60579787842454300D-01  4.80322536666290500D-01  1.53045042975691800D-01 -1.48984286484669900D+00  5.61359289028170900D-03
99  3 -1.04153110492957400D-03 -4.57206178535206600D-03 -2.13196208082594300D-02 -1.31484459172998100D-01 -8.58348744799410400D-02
99  4  2.85327092526367600D-02  5.18824049316594900D-02 -6.07942708890234100D-01  1.57056056719974000D-02 -7.80592626370511000D-03
99  5  2.44677099542183000D-01 -1.16980935258650400D-01  5.04048941383663000D-01  1.28824344648298000D+00  1.70317736919456600D-02
99  6 -1.20091551508389300D-02 -5.02261854110685200D-03 -1.39827127132282000D-02 -1.39253152195544400D-01  2.35600598636234600D-01
99  7 -3.99166646904832400D-02 -7.39245794024453000D-02  7.70864896879368800D-01  1.84416089703104900D-02  2.62223938091017200D-02
99  8  4.77960029198355000D-02 -2.64183544677850400D-01  2.95792947476197500D-01 -2.42954296698291200D-01  1.69825391769281900D-02
99  9 -1.50977182819322400D-02 -1.88482089499545800D-03  3.03614354148930400D-02 -1.69723256296538400D-01 -3.88184598622788100D-01
99 10  1.11014385932586100D-02  1.87435337555270100D-02 -1.94718532600436000D-01 -4.75237710659460500D-02 -2.56182344237878300D-03
99 11 -1.59783370439901300D-01  1.17881870352570300D-02 -1.87328942797542000D-01 -2.92788596681514200D-01  2.49101811496096900D-03
99 12 -7.66608347694103600D-03  5.17506536197978800D-03 -2.31939383632570300D-03  1.35416974625544600D-01 -2.13828433659313700D-01
99 13  9.83791250902892600D-03  1.65024101734584700D-02 -1.67886484207648300D-01  2.17915727172671200D-02 -4.22908577293511300D-02
99 14  1.20279422285974600D-01 -1.51270588587195400D-01 -7.75017583144755300D-02  1.95020468486126700D-01 -2.68767998318969700D-03
99 15 -2.06318606496252200D-03  4.75086604815189400D-03 -6.22231018478658300D-03  2.70377631632175700D-01 -1.40149340504530400D-01
99 16 -3.90636667706229600D-02 -7.23251698369066100D-02  7.49601756229130600D-01  1.39779904301413700D-02  2.95699892470287400D-02
99 17  2.47135366717866200D-02  3.79658330730934700D-01 -7.76508338553088000D-02  4.55496512735124500D-01 -2.87161593296224100D-02
99 18  3.08106549337628900D-02 -2.09449560414056400D-03 -2.15007650938095300D-04  3.53893246805574300D-01  2.87546970299813500D-01
99 19 -4.24127588408860500D-03 -1.21087786430151600D-02  1.63265642761625600D-02 -2.15434286084034400D-02  8.80349781682405000D-02
99 20  4.36422464184468100D-03 -3.60644919896281700D-01 -2.37350617135977200D-01 -6.66254428910217500D-03  9.70291957643983600D-01
99 21 -3.73504573762122400D-03  7.57694774661893600D-03  6.54078736753920400D-02  1.52271265303001100D-03  2.34093624279814300D-04
99 22 -1.75680627730980800D-03 -1.16082813753226400D-03  6.25943748714233000D-03  1.05647195364920600D-02  6.90220632115854100D-03
99 23 -1.51177651340443700D-02  8.21555881288539700D-03  6.88374892674556400D-02  7.65393300808598500D-02 -5.98118895379113600D-01
99 24 -4.54877195508446800D-03 -1.26573002382858200D-02  1.87307512984094500D-02 -2.08749015833214500D-02 -4.18721585860750500D-02
99 25  7.94072906038281000D-02  3.28102098713775000D-01  1.15474666644328400D-01 -2.12797250487638300D-01 -7.91253199022305200D-01
99 26  8.68341798001408400D-03 -2.15745013920421000D-03 -5.31184887154290900D-02  1.27914859495870200D-03  4.03765708476948900D-04
99 27 -1.68291430343536000D-03 -1.16775757864920900D-03 -3.58082131536260500D-04 -5.43803748136123800D-03 -6.33701809590770100D-02
99 28  5.48385802058824200D-02  8.53160075319462000D-03  2.59955143463829500D-02  4.32403171841339900D-01  1.14818030887959000D-01
99 29  4.34713769004651300D-02  8.46641049471984100D-02  2.01631217355072100D-02  5.60909092851803000D-03 -7.51165353006434100D-03
99 30 -1.71235754286649200D-02 -4.96051781269034900D-02 -1.97246305873130900D-02  3.97775739820832600D-03  2.16884762243114700D-01
99 31 -1.57106811361333900D-02 -4.53143812566976200D-02  1.25463770685556300D-02 -1.52269911295654700D-02 -1.56748079025884900D-01
99 32  4.28093989940491100D-02  8.42888872704648900D-02 -5.29924653280509800D-03  1.95193999987801800D-02 -9.13910385198131300D-02
 0  1  3.96740722322054400D-03  9.92897471960225500D-03 -6.69465115959844600D-02 -3.15771111338598200D-02 -9.24397753489737900D-03
 0  2 -1.00396490020118200D-01 -8.83700710793129400D-02  2.98231000036044300D-02 -1.20643479089686600D+00  6.90229496475873900D-03
 0  3 -9.46962422358008400D-04 -5.95533254240070200D-03 -1.74883078226520700D-02  4.53577819851305900D-02 -3.70569550317428900D-02
 0  4  3.87764392322210200D-03  1.27210536330797400D-02  5.02342469360071200D-02 -1.32785128522941000D-03 -2.86227635104096400D-02
 0  5  9.18485123568893400D-02 -3.59928050277067800D-02  9.63332441166663800D-02  1.19162417748506000D+00  1.29782905976022400D-02
 0  6 -7.14083823796556800D-03 -5.83745235963667200D-03 -1.04869184368870100D-02  5.00398522525082700D-02 -3.48917323456271300D-03
 0  7 -1.74456215440355100D-02 -4.00882679025617200D-02  9.72391972909373200D-02  2.48780225335377900D-02  9.73818234636496400D-03
 0  8 -2.15330738364239600D-02 -9.76505639005674900D-02 -1.02408172547230700D-02 -9.36670488107431300D-01  2.74311669764331900D-02
 0  9 -3.21467025524628000D-02  4.71553557602956400D-03  1.86692674664296100D-02  2.71503058640985000D-01 -2.89284027565599400D-02
 0 10  1.02163601552125200D-02  2.18630114487458200D-02 -6.87894393286067700D-02 -2.52466323699484000D-02  7.19662802131449000D-03
 0 11  8.45197870875820200D-02  4.69220534879039700D-02 -6.49071094422630100D-02  9.89515067611884300D-01  4.76053685753800200D-03
 0 12 -7.08212389141455100D-03  2.32158703387653600D-03  4.01646120186397700D-02 -8.54185913304246600D-02  3.04711568488331100D-01
 0 13  5.98972363893330000D-03  1.44548381971350800D-02  2.17041876208104500D-03  2.01416445553157300D-02 -1.88551880310526500D-02
 0 14 -9.26915599836093100D-02 -4.21510964911443000D-02  6.04268187420886600D-02 -1.00068553868301300D+00 -3.49775662545830200D-02
 0 15  3.36642719912861300D-02  1.31329426329685700D-03  1.19255493670795700D-02 -2.93552518285675700D-01 -8.36584395314534100D-02
 0 16 -1.55509231896149900D-02 -3.82642129757586000D-02 -5.46104435379379400D-02 -6.23599585699824800D-03  2.51848006733841900D-02
 0 17  2.93377462003690400D-02  2.45160239865757000D-02 -9.37470560730553600D-02  9.57900840612394400D-01 -2.57415332583888600D-02
 0 18  2.18107241892137300D-02  3.93080906917513800D-03 -1.34117127483502200D-02  1.76849171479760200D-01 -2.27398745638523500D-01
 0 19 -5.11309149579293900D-04 -1.05752863079374300D-03 -3.05414849206018500D-05  2.82578772239888700D-03  1.35325698169658100D-02
 0 20  2.95872675611437200D-03 -2.46296096008417700D-01  1.25158750504646300D-03 -1.19123429115527900D-02  6.53002275220596700D-01
 0 21 -4.35825848905822600D-04  1.58002742624610800D-03 -1.59501034765938100D-02  6.93440223528597700D-04 -6.99644710470335900D-04
 0 22  6.20448694174826700D-06  6.12640421472844200D-04  4.03449470060279200D-03 -4.98324707475916500D-03 -2.08090042446115800D-03
 0 23  4.00420667041654800D-03 -1.92330624595543900D-03 -2.07326708276464700D-02 -2.52858157867624900D-03 -3.18978487989455200D-01
 0 24 -4.39453514045964100D-05  8.76246484373872900D-05 -9.58345514472299200D-03  1.87359596002843400D-02 -5.90635244746494400D-03
 0 25  1.78000067784716000D-02  2.50508848294600700D-01  7.14327388466965100D-03 -3.72763159050975200D-02 -6.49774165568316100D-01
 0 26 -3.35550398561854000D-03 -5.88993155315004800D-03  1.61934099030540700D-02 -8.82483802447900300D-04  6.47792049269552400D-04
 0 27  2.34691753178351600D-04 -1.93794319873373400D-04  6.57388187220868700D-03 -5.71400647460461700D-04  5.13268085386659100D-03
 0 28 -9.91312503621912900D-04 -4.14136835024468500D-03 -1.04395783878222700D-03  2.72750337812103700D-01  1.53298813704212500D-01
 0 29  1.76710206266947000D-02  1.07684481780969000D-02  1.13191818907185900D-02  1.85487174236107200D-02  3.30687157155269100D-01
 0 30 -3.00827871560305600D-03 -1.84143067081393000D-02 -3.41336756072091800D-02 -1.14275234195883800D-03 -4.26323727221807700D-01
 0 31  4.50348483495953000D-03 -4.78578585705816600D-03  1.45783261915283100D-02 -3.33927426649666500D-02  4.44758632906402200D-01
 0 32  2.71011735528639300D-02  1.49520274296416500D-02  7.62741217379382100D-03  1.68229002575914000D-02 -3.35775523066890900D-01
 1  1 -1.64947395536285000D-02  6.81841092412086200D-03  9.63760754644009500D-01 -2.79179422957599000D-01 -1.43628437513720000D-01
 1  2  3.47867354964827400D-02 -1.51259353535129000D+00 -5.20597409329700200D-02  2.12103077523961900D-01  5.11102446029739100D-02
 1  3 -7.66961209102338700D-03 -4.34406325119504900D-02 -1.39189730766057300D-01  1.16073796134044200D-02  3.38036474485443500D-02
 1  4 -1.53612714183686900D-02  2.47636471670737900D-02  1.55437605967917200D+00 -2.89452337075809000D-02 -3.01088900229837800D-01
 1  5 -1.11425266772517300D-02  2.04461951885381000D-01 -5.52318108776693700D-01 -1.83381399878892100D-01  1.06754232821431400D-01
 1  6 -6.33926110040582300D-02 -4.33616218173728300D-02 -8.83146522333697300D-02  2.14708379144476900D-02  4.07368944237481700D-03
 1  7 -8.69571088782049400D-02 -2.44078474515390400D-01 -1.11448733049582000D+00  2.21820981571199000D-01  4.80609286313363300D-02
 1  8  2.91060036760426300D-03 -4.45247509159642800D-01 -8.29322263107000900D-01  1.20595643486156200D-01  2.39163885503191600D-01
 1  9 -2.94403087230381900D-01  5.52392017271887700D-02  1.10129181070910200D-01 -1.54197951183363300D-02  1.60665298910801100D-02
 1 10  7.42751448909140200D-02  1.74133750423064100D-01 -9.00144468294161600D-02 -1.71522170770122600D-01  8.61506447509259600D-02
 1 11 -4.51849040421990500D-03  5.40398620938729300D-01 -1.15395998045726400D-01 -9.03943593145080000D-02  4.18092777199848300D-02
 1 12 -4.65289763082547500D-02  4.71969858827049800D-03  4.41922670868066100D-01 -1.02255501634855400D-03 -3.02059501229912500D-02
 1 13  5.63619351470409100D-02  1.43509144142486700D-01  2.21103089963911800D-01  1.65373100464815300D-01 -1.04955393982645200D-01
 1 14  3.90806502071262700D-03 -2.32601374656130800D-01  7.04815143660937700D-01  9.24242064331939200D-02 -3.64630919372390700D-01
 1 15  3.63487750798634700D-01  1.14316857375651500D-03  1.65447261305287000D-01  1.97706287663011000D-02  5.43435597560099600D-03
 1 16 -7.74259765176557300D-02 -2.35275704087135700D-01 -1.88564214633534000D+00 -8.14376047700977500D-02  2.12974593749485900D-01
 1 17  3.97533594867724100D-03 -5.44738460337439400D-01 -7.96761900451237700D-01 -1.14582496781794600D-01 -2.16395956425372000D-01
 1 18  1.62893833464503300D-01  5.35021229608689700D-02 -1.73172640080843700D-01 -3.16909316211448300D-02  5.63429092582124700D-03
 1 19  7.65068618019719200D-03  2.45044766676287400D-02 -7.00772451204129300D-02  1.32050061314843500D-01 -6.95237196766487800D-02
 1 20  2.68169458935237300D-02  4.21374533387133400D-02  4.83204558049641400D-01 -1.23827847233183800D-01 -1.31120293153316000D-01
 1 21 -5.25150295728986000D-03 -2.67280968089429100D-02 -6.90014250857711400D-03  2.44973702579245500D-03 -7.82248494104595100D-03
 1 22  5.37274791525344100D-03  9.73233380546067000D-03 -6.74782650708834500D-04 -1.11472387582471500D-03 -2.78050812405460000D-02
 1 23  7.98074426094481000D-02 -5.20023613689015400D-02 -3.38326138523229400D-01 -8.52650110589305400D-03  8.43375397656428400D-02
 1 24  1.06366819389622800D-02  3.11944112471763600D-02 -1.28260274547848200D-01  2.13586156010268000D-01  5.30069618870578500D-02
 1 25 -2.26755800917853100D-02 -4.32210348203441900D-02 -2.62018827394585000D-01  1.95736421960428600D-01  9.06492561029310100D-02
 1 26 -4.72595919837903800D-02 -4.55607614865376300D-02  1.01078182669292700D-03 -1.29069425326594700D-02  6.43884327340933600D-03
 1 27  6.46809925924959900D-03  6.92690114789235200D-04 -1.56706753134458100D-03  7.58154535550373900D-04  2.45488913565357500D-01
 1 28 -1.81065438930710800D-01 -6.44234746346468200D-02 -8.76805790998811100D-02 -3.19639694946047600D-02 -1.36312277523061600D-02
 1 29  1.05995964930357000D-01 -6.25339045284111800D-02  7.20553122242584700D-02  1.80316738839805300D-01 -4.88139781157883000D-02
 1 30  1.05796410741891400D-02 -3.92424737128259900D-02 -3.22610784170218200D-01 -2.04899106367294300D-02  2.58049479702624600D-02
 1 31  4.76759307560755800D-02  2.10348522356799700D-02  1.37898666946175100D-01 -3.08872694475175600D-01 -4.75011164840004600D-02
 1 32  1.60520302855477400D-01 -4.16125241081415600D-02  1.03086898453155700D-01  1.39429243876123700D-01  2.30014944642157600D-02
 2  1  2.56187081996732200D-03 -4.19157952621997700D-03 -3.71176003007383500D-01  3.06924359895028600D-03  3.24746127265179000D-02
 2  2  3.01095011649253200D-01 -5.75402759593891300D-03  3.94191907295935100D-02  3.37791526033394000D-01  1.32330656082849100D-02
 2  3  1.26073982778126100D-03 -1.44938054360660900D-02  1.46931252646288000D-03  1.33628452412055900D-01  6.90955738192212500D-01
 2  4  5.26366696783661300D-03  8.00322324703275400D-03 -1.20976387754192100D-01  8.59407431934029200D-03  2.29701881100531200D-02
 2  5  2.91073596700246600D-01 -2.27895367651074600D-01  4.17831318225617900D-01  2.67870550847905500D-01  4.73193439712019500D-04
 2  6  1.34655347309103000D-02 -1.39387281706224700D-02 -2.02362328487038200D-03  5.58336139875682000D-01  4.57933743932210100D-01
 2  7 -2.30714529915145300D-02 -4.04744511246896500D-02  5.52065470808752900D-01  1.88673632202597000D-03  8.26516569157763500D-03
 2  8  1.70015034522147800D-01 -7.08013918275764300D-02  1.58744843341889800D-01  2.31311164893807600D-01  1.36348262306469100D-03
 2  9  9.73408568715037000D-03 -1.10975683102148300D-02  2.72343262251250100D-02  4.02442096643018300D-03 -7.89077403029455100D-02
 2 10 -2.15317043481539600D-03 -9.46163467502803900D-03 -1.80037795031104300D-01  9.66609345983400700D-04 -1.17360071343357400D-02
 2 11 -2.16361698497983800D-02 -6.46569417326936700D-02 -1.16843289535821800D-01 -1.22470958870917900D-01  1.86368745616236000D-02
 2 12 -1.85346340231237900D-02 -1.02240538499965300D-04 -2.75008832770734600D-02 -2.01708345398555700D-01 -1.29232232303817800D-01
 2 13 -1.11624436887708700D-02 -2.39069963094669200D-02  1.78493998479342300D-02 -4.19451098472277100D-03 -7.88158476778334300D-03
 2 14 -2.96349149440840000D-02  4.23135348774875300D-02 -1.08026704274816000D-02 -1.27516972280126500D-01  1.14565991135709800D-02
 2 15 -8.67554247235779300D-03 -2.78105664121338900D-03 -4.03864807128031400D-02 -1.44304333674111600D-02 -2.37137092371773200D-01
 2 16 -1.54478461464026700D-02 -2.91840883005613000D-02  1.66550649307389800D-01  2.37989620952756000D-03  2.09742733829317400D-03
 2 17  1.68391195968408700D-01  1.11099858660327400D-01  2.09953166163269700D-04  2.02472668396031300D-01  1.21224057852586300D-03
 2 18  1.19836292563154100D-02 -1.31958698348413200D-02  3.60259422670543400D-02 -7.18778060135434000D-02 -6.46929153094187400D-02
 2 19 -8.03732206440955500D-03 -1.97801237150510300D-02  4.46499676041580400D-02 -5.22279105058934800D-02  3.52342186373266100D-02
 2 20 -8.48931188918742400D-03  4.41498731942291300D-02 -6.97753563221468200D-02  2.42079547795054400D-02 -5.76428260332892300D-01
 2 21  4.00618845269837300D-04  2.19262488096469700D-02 -5.53265625395517700D-02  8.75087950258208500D-04  6.53852605104238600D-04
 2 22 -1.52894055536237100D-03 -1.65792100491122800D-03  5.26646406221643300D-03 -3.32944060869371300D-02 -1.20592610686902200D-03
 2 23 -2.12610781497466400D-02  2.24670042566154900D-02  2.48374267588465300D-02 -2.21403441501633800D-02  6.63794781315315300D-01
 2 24 -7.56859856619202000D-03 -1.84620238424721200D-02  2.75302314457316000D-02 -6.90843561684906700D-03 -3.06577114066638700D-02
 2 25  4.28163795585050900D-02  2.30340501317644300D-02  9.95345851376152200D-02 -1.35085382502726800D-01 -5.42289897887798700D-01
 2 26  4.03127532245453900D-03 -2.73657031843027200D-03 -5.18638495866766300D-02  1.64867147913874300D-03 -6.54051977571016400D-04
 2 27 -9.94619501567655700D-04 -3.95790544789816800D-05 -3.26911052675943900D-02 -1.19626987020068400D-02 -6.56163183980145000D-02
 2 28  4.75588242686031800D-02  1.80574941294113600D-02  1.61169598900439300D-02  5.70268867851053000D-01  3.12796906313671500D-01
 2 29  4.80023778976506200D-03  2.02266125060302300D-02  1.21684576348166100D-02 -2.22068211730910200D-03 -4.37689571308882500D-01
 2 30  9.30254192381700000D-03 -3.73014743909365100D-02  1.19419161535351700D-02 -6.32574628141853000D-03 -5.39391037976692300D-02
 2 31  2.64917858616655000D-02 -3.93621909447996900D-03 -1.73477583871452700D-02  1.39232439957139200D-03 -4.17534800188204600D-02
 2 32  2.52462495039760000D-02  2.51103985077235900D-02 -1.56936228810664800D-02  2.55417622597112600D-03 -4.12394365425977300D-01
 3  1 -1.01330252048727100D-01 -2.50411184551266700D-01  7.17818431242285300D-01  1.54982544349777000D-02  2.49692220029702000D-01
 3  2 -1.70270032389201500D-02 -4.63682567019613800D-01 -5.86840001899142000D-01  6.59445429653988200D-03  2.00019780444110900D-01
 3  3  7.11225396437620300D-03 -2.07132034408486800D-01  2.16673287525739700D-02 -4.38860502374393100D-03 -4.58514307792132800D-02
 3  4 -7.98708626526522900D-02 -1.97594341901877900D-01  8.65657864274651600D-01  1.85811521212139600D-01  1.42735737936387200D-01
 3  5 -2.44900635560221300D-02 -5.91323881923618400D-01 -1.91691708324438000D-01 -4.79227121605151000D-02  3.73176974197865900D-02
 3  6  1.71741754909256300D-01 -2.09059452329043500D-01 -8.75205301233650300D-02 -3.69108509368620800D-02 -3.63059622849260700D-02
 3  7 -1.39799247542283500D-01 -2.94109309840740700D-01  1.07806280029309600D-01  1.13049406765820900D-01  5.05727440419782200D-02
 3  8 -1.39349918652754400D-02  2.21057932020210300D-01 -4.99911386591083100D-01 -4.60928082150567600D-03 -3.11418784851955200D-02
 3  9  1.64798747113186200D-01 -1.33656868627990800D-01  2.79151027840474700D-01  3.10117807173585400D-03  9.17372093654374000D-03
 3 10 -1.23345016409673200D-01 -2.67560529189155500D-01 -3.32815492358867200D-01  1.10297224649029300D-01 -7.92118039604678700D-02
 3 11  2.08133532811167900D-03 -2.91795714210086700D-01  3.73702714444738000D-01  7.59683767555626500D-03  4.03696922451160400D-01
 3 12 -2.97296194845087700D-01 -1.06400727606072100D-01 -1.94915116556551000D-02  1.53333418812867100D-02  6.28582520811412100D-03
 3 13 -1.37135864906563700D-01 -2.85911508304728300D-01  1.17380269439007200D-01 -1.11670261638139900D-01  5.16945963885892400D-02
 3 14  2.00899158447910800D-03  6.94079689790798300D-01  1.14290926067686700D-01  1.42131811992642600D-02 -1.09040869325197900D-01
 3 15  2.17939150383319900D-01 -1.08898281058121300D-01 -3.79051269667065700D-01  2.23974128808422000D-04  1.70024407398984100D-02
 3 16 -1.16283631206058400D-01 -2.52777922032192800D-01 -5.40848119952536900D-01 -8.52330028486801900D-03  1.20501800174319300D-01
 3 17 -1.07282006253946800D-02 -6.86673106752788600D-01 -7.30561840088014500D-03 -2.65845694839241600D-02 -7.11620122279056100D-02
 3 18  2.02056475803681700D-01 -1.30894463575776100D-01  2.67335472916376100D-01  2.38399200336738000D-03  1.07816016569756800D-03
 3 19 -9.57721940275388900D-02 -2.20920514353585600D-01  4.33205243720577700D-01 -2.25202788066552900D-01 -6.11159867960994500D-02
 3 20 -1.17978286614338700D-01  1.94939979706860800D-03  1.68172764207294600D-01  2.87089004304307600D-01  2.46594149857451800D-02
 3 21 -1.70446996364250700D-02  1.09787634143022100D-01  1.07193998327289300D-03 -7.54335846858883200D-03  8.19411585679084500D-03
 3 22 -6.50757388201747400D-04 -5.09313746865252500D-03 -5.49455895931070300D-04  2.22368718961874000D-03 -5.85926609478934200D-04
 3 23 -2.36803855493535400D-01  2.37389782103015500D-01 -4.25687654345266000D-02 -1.88422396925510600D-03 -3.63689433251473600D-02
 3 24 -1.00745359948480700D-01 -2.31481999408005200D-01  4.48957219829276800D-01 -1.50469806321967900D-01 -7.71188354717709800D-02
 3 25 -8.72611997597264600D-02 -8.50956222517589700D-03  2.09892345422400600D-01  1.69810123026691100D-01  5.47468437927740900D-02
 3 26  7.95579252713601200D-02  2.23553131958098500D-02  5.41412891822150300D-03  8.13512310817667700D-03 -8.06588210756814900D-03
 3 27 -6.92410006089836900D-05  7.00259854036366200D-03  2.41367334633436600D-03  1.41218509797429500D-03 -1.91192787229450200D-01
 3 28 -4.75138443417753100D-02  2.38706631571225500D-01 -1.29508646631428600D-01 -4.90302442209253200D-02 -2.58440293873526300D-02
 3 29  4.39983279677470600D-02 -2.32593738107138100D-01  1.39707515109200500D-01  2.59899613150323400D-02  2.76842578629760000D-02
 3 30  3.95080332826280000D-01 -1.36496849855620300D-02  4.66915446394058500D-02 -1.89110178968594400D-01 -1.53560879786268200D-03
 3 31  4.21345365223813400D-01  4.56870503867100300D-02 -2.04226331651500500D-01 -6.04453570788025600D-02 -3.25801362561943300D-03
 3 32  6.82176461039566600D-02 -2.45051703700545900D-01 -6.08068239491249800D-02  1.16471588585409000D-01  3.08776676045808800D-02
 4  1  9.13421168706198300D-02  2.42067624927117700D-01  6.87364373749295500D-01 -1.77659596835370900D-01 -1.30746374757530100D-01
 4  2  3.11660517834714800D-03  1.35961533557018600D+00  3.88103864508443600D-01 -1.83302131355138700D-02  5.23708893064165400D-02
 4  3  1.93535096710931100D-02 -7.17243989775109400D-02 -8.81438940891297500D-02 -3.21954321485894900D-03  1.25154926705415600D-02
 4  4 -1.20301855763658000D-01 -3.02459833878799200D-01 -2.54124301852791300D-01  2.01483306887441200D-02  2.17492419719027900D-01
 4  5  9.31047213591021200D-03  3.96948658523648200D-01 -1.76663266806283900D+00  3.06264693074338600D-02 -9.58915795705074200D-02
 4  6  3.01092527862526700D-02  6.57823267842556100D-02  4.31967079625923500D-02  9.17826560905839000D-03  1.46518344658788400D-02
 4  7  2.26189313153506600D-01  4.63623088132703500D-01 -2.40399102478184700D+00 -7.74190448386780800D-02  2.47345100257711800D-02
 4  8  5.67286957634257900D-03  1.27928526984699300D+00  1.01610838319206200D-02 -5.18719219645208800D-03 -3.79511782522965200D-01
 4  9  2.61118778945139000D-01  1.18393003577826800D-01 -7.39871721762582600D-02 -4.96406057302240400D-03 -3.08671875736283700D-03
 4 10  7.48799435927623300D-02  2.43939006364227600D-01  2.96101727925916100D+00 -6.42757651898636100D-02  2.16775050590186100D-01
 4 11 -1.60706558660403700D-03 -6.40836539487992400D-01  9.80747569410236900D-01 -3.55623412670594400D-03  8.50211551689014800D-02
 4 12 -1.14900758752161400D-01  2.98796035832608600D-02 -1.56714092692627300D-01 -6.38690354505574200D-03  3.58694763543177500D-03
 4 13 -9.66362459072118000D-02 -2.82775022351969700D-01 -2.68811034565495000D+00 -2.29598665304308000D-01 -2.38688134616482900D-02
 4 14 -1.79345694155062100D-03 -1.07102234277644400D+00  2.41854709510030000D-01 -7.17378405133262700D-03 -8.37574144298598000D-02
 4 15  1.48783835255738100D-01 -6.50264208258774900D-02  1.78949824174892800D-01  1.97177496620646100D-03 -2.20101371484001100D-03
 4 16 -2.15618681242921300D-01 -4.49762582739984000D-01  1.73739057380345900D+00 -6.59345967708876600D-02  8.02490273659970200D-02
 4 17  1.72112508035917900D-03  3.51930912202012000D-01 -9.97307979208305100D-01  1.35297454419729200D-02 -1.43708130818442800D-01
 4 18  2.66501277499101000D-01 -1.22793146680658100D-01 -2.68017988969346300D-01  2.26681110542087000D-04  2.48678756472423600D-03
 4 19 -7.13627368616293700D-03 -2.25715030942697800D-02 -1.95253169311817100D-01  2.22371936801490500D-01  4.53091841311437900D-02
 4 20  5.76584419447125300D-02 -2.67904322183539700D-03 -1.99262763888299100D-01 -7.46776314617762600D-02  1.85735622262560900D-05
 4 21 -3.65941060480741100D-02 -9.53990463037334000D-02  1.95475175100646200D-03 -6.45845642826583400D-03 -7.36917338647698600D-04
 4 22  7.19537376691349100D-03  7.31665767826047400D-03  2.73991113157731000D-04 -6.19277173094376200D-04  7.78803176912464500D-02
 4 23 -3.52182747643306100D-02 -4.26620429269149400D-02 -2.18444133398101400D-02  3.26716249548853400D-03  5.74209641328319400D-03
 4 24  1.71926748952622100D-03  1.37066548509303600D-02  2.43049425995896900D-01 -2.15521082162979500D-01  5.50377454423045400D-03
 4 25 -1.62950007343625400D-01  6.41670145502113200D-03 -1.44370425566700200D-01  4.13105793619733500D-01 -2.55359589222725200D-02
 4 26  6.15190863911259000D-02  8.07149038061122500D-02 -2.98816697639734300D-03  5.60576068809347400D-03 -1.32744815241660500D-03
 4 27 -4.27831253567674600D-03 -5.08124343282769000D-03 -8.99031607650293800D-04 -9.07232830692267900D-04  4.93881830324823200D-02
 4 28 -1.01084539987783800D-01  5.16963569553015200D-02  3.71695642446001000D-02  2.00207914271259700D-02  9.76952196608276900D-03
 4 29  3.85976983118513000D-02 -1.97547618546099000D-01 -1.49104490077452100D-01 -4.07523616941838000D-01 -3.91200794309531900D-03
 4 30  1.78657812249658600D-02  1.81303897305121500D-01  3.34159786564875300D-01 -1.33057733360166300D-01  9.96049844477357700D-03
 4 31  4.86693217555899100D-03 -1.35548082800044300D-01  2.77277708777227500D-01 -2.43874226524792600D-01  9.33977328628868300D-03
 4 32 -5.39878658996319000D-02  1.15644537331454500D-01  2.74858561172008500D-01  3.32530713611946000D-01 -8.26309678808685200D-03
 5  1  6.18854017758962400D-01  1.19938041493376200D+00  2.10662370668752400D-01 -2.54330539041362100D-02  7.07967110783109500D-01
 5  2  1.80446142780007500D-03  4.93742298825172100D-01 -1.64818300488067300D+00 -5.52751891953233500D-03 -1.70555577122175000D-01
 5  3  8.56018896016129500D-02  8.49536875205612700D-02  2.87020306102380700D-02 -8.41365980147531400D-04  7.72790721061598800D-03
 5  4  6.89903755205911200D-01  1.32681907723844500D+00 -9.50194337093269600D-01  6.87034492990855500D-01  3.38563657374387700D-01
 5  5  3.83975531338817600D-03 -1.13425496113684000D+00 -8.66960390709649500D-01  1.21405615628937400D-02  9.00632085704201700D-03
 5  6 -9.39519583223663400D-02  8.49456374653241200D-02  1.51735523187031500D-01  4.62509694987808800D-03  8.44002962092248400D-03
 5  7  9.51160999574865900D-02  1.78914232987965400D-01 -8.19786049432923700D-01  7.00008492023203600D-03  1.24419209699591600D-01
 5  8  1.56558213053339400D-03  1.39198299602117000D+00 -3.99084167832600500D-01 -2.72155046194555900D-03 -5.93211118881642400D-02
 5  9 -6.12245070312874500D-02  1.20545618919451700D-01 -9.19358931872059900D-02 -3.49720953778527300D-03  2.07291853467485900D-03
 5 10  1.45227305332692100D-01  3.17023849422540500D-01  3.84034561155243400D-01  1.42430316998483600D-01  1.30463652075610600D-01
 5 11 -2.23301184368364200D-03  1.41586750234459300D-01  7.53362096053423200D-02 -2.72309768036991900D-03 -4.63307672834580700D-02
 5 12 -4.47288427214733300D-02  9.10596100049314700D-02  6.92898354195889300D-02 -2.14383001666170600D-03  7.88519694790786400D-03
 5 13  1.08454915198449300D-01  2.41461504323387600D-01  9.68665706665517400D-01  3.20304100385560800D-02  1.67370698167353300D-01
 5 14 -2.34267368465520700D-03  3.07077450103215400D-01  4.24181909818811300D-01 -3.60654198975558600D-03 -1.10048397911725700D-01
 5 15  3.09701387492983700D-03  1.06951384036796300D-01  4.26398935871912300D-02  5.10262417710169900D-03  3.71659168257914700D-03
 5 16  1.44978232506475700D-01  2.80864157257978100D-01 -1.21599868502576900D+00  1.23821818193869900D-01  7.28786586247683900D-02
 5 17 -2.83389216395428800D-04 -1.32141010947547700D+00  1.26243640043585600D+00  3.85639807188019000D-03 -2.76239677597745200D-02
 5 18 -1.06380400041929400D-01  1.34004367801703100D-01 -3.85009357295684200D-02  2.26020652729219800D-03  2.09383257291720400D-03
 5 19 -1.19519392267163900D-01 -3.24059288910483500D-01  6.51605270489282000D-01  1.33721490879880000D-01 -4.95668526384903200D-02
 5 20  2.83579193612953200D-02 -9.01663772808845200D-04  5.51034142016707000D-02  6.68671659604968700D-01 -2.35721454222523500D-03
 5 21 -1.30389872625353200D-02 -9.89364724107873000D-02  9.23938594486013600D-04 -7.21400356295735900D-02  8.98078821929454600D-02
 5 22 -1.76678465633722300D-02 -2.70174974204605500D-03  1.40241909178528600D-04 -3.78093070022889300D-04  4.47251013859772700D-01
 5 23 -9.09031536717654900D-01  4.61780522857884400D-01 -4.31231563984322700D-02  1.14506066664471600D-03  4.48219031030298800D-03
 5 24 -1.39299074779803900D-01 -3.70963872924178100D-01  7.67685427158531500D-01  3.97341120006228900D-02  6.63012844806714100D-02
 5 25 -4.88588987624964900D-02  2.29771387125890900D-03  4.93036549970102300D-01  4.97347066729900600D-01 -1.09802836430045000D-02
 5 26 -4.98299121517001100D-02 -2.57246959116514000D-02 -1.19022718061327100D-03  5.44935251243372700D-02 -3.42623712519678100D-02
 5 27 -2.02311538723695400D-02  8.33205208312493700D-02 -5.12973267562640500D-04 -4.02310786439128600D-04 -5.36700310890903100D-01
 5 28  2.66280936433833000D-02  5.10072217247519800D-01 -7.52935763022108400D-01  9.26072820041748100D-03  4.02839589910332900D-03
 5 29 -2.76555780504966700D-01 -4.56885014243279700D-01 -5.10548432740501400D-02  1.02960542414687100D-01  3.19715640788816900D-03
 5 30  1.40218464410983700D-02  2.15480809920231100D-02 -2.05961085055432600D-02 -2.40254204472301400D-02  1.38590473466666000D-02
 5 31  5.60614340665609700D-02  1.12405669588285800D-01 -2.18449989420946100D-02 -4.05844259814163200D-02  1.27787944804493400D-02
 5 32 -2.82978558086613100D-01 -5.65429945344951600D-01  1.17479635625829300D-01  1.61208805609965700D-02  4.64978182927714100D-04
 6  1  6.61239305370094900D-02  1.32462344139336000D-01 -8.47845457592376300D-01  9.42268622113733500D-03 -2.73568693153567300D-02
 6  2  6.25519132479010100D-02  4.54352731450598700D-01  5.01865567766458700D-01  9.29105207779393800D-02 -2.63200282661629000D-04
 6  3 -1.62798584416328800D-02  1.65430587242940300D-02  6.68132630660730000D-04  1.16768146205094200D-01  2.94130428922551600D-01
 6  4 -9.18536359409021200D-02 -1.82434843490117000D-01  1.37125862183523100D+00 -1.76777952990388700D-03 -2.57829177963170000D-02
 6  5  7.57851163009546400D-02 -5.36901374374396700D-02 -1.04935091484983500D+00  1.30538693054478700D-01  1.20838290614345000D-02
 6  6 -1.24848212287572700D-02  4.00992167322943200D-04 -1.78532385374622600D-02  2.24264058914181000D-01  2.70395836288965900D-01
 6  7  8.32239006074186700D-02  1.53006649560794500D-01 -2.21126328512903600D+00  7.78653822519962100D-03  7.93782955985288000D-03
 6  8 -1.76522545529968000D-02  6.58524062697737800D-01 -6.70550543529251400D-01 -2.89281868237786000D-02 -1.73754834504329700D-02
 6  9  2.98767087739611500D-02 -1.25012253235285100D-02  1.67658519949929800D-02 -5.26740598430715700D-02  2.10367534578637200D-01
 6 10 -1.06704959165687300D-01 -2.09489423324017700D-01  1.47413718537224400D+00 -6.04336923736719300D-03 -2.26685220303269600D-02
 6 11 -1.20700414248568500D-01  1.98633054204587400D-01  1.13223913277882300D+00 -1.07522136319028600D-01  2.41597761715947000D-02
 6 12  6.69777501024756000D-03 -3.08575511818414500D-02  2.93711548163937100D-02  5.47799837001437200D-02  4.18656077518749000D-01
 6 13  7.86846402470559900D-02  1.49953331602389300D-01 -1.48097910941674300D+00 -1.84897710974791300D-03  2.23445816912952500D-02
 6 14 -1.21303302794209500D-01 -6.95505378946748500D-01 -7.06198734139748400D-01 -8.93030837671020100D-02  4.58827092560974100D-03
 6 15 -1.78221520080343500D-03 -2.80605572480550100D-03  1.33468958819284500D-03  3.65798393543459700D-01  2.68473655420573700D-01
 6 16 -5.68888442148901400D-02 -1.01241311595327900D-01  1.66617803513418100D+00  1.68353055364590800D-03 -7.83709266446433300D-03
 6 17 -3.19763739799618100D-02  5.59254308002326100D-01 -3.71680168416189400D-01 -4.07068473856594200D-02 -1.34726479335506800D-02
 6 18 -4.18048699032552400D-03  1.76531349238767600D-02 -3.81652116676475100D-02  2.25578281707789600D-01  5.54588100863638000D-02
 6 19 -1.15724423548658900D-02 -2.54120860515909000D-02  1.82590800558839300D-02  2.78149078579126700D-02  4.45419550724886900D-03
 6 20  8.38413505175087500D-03  8.29222895920539400D-03 -6.11984581102451500D-02 -7.81429867076184600D-02 -2.03636157272904000D-01
 6 21  1.71924110762228300D-03 -1.94838452895101900D-02  8.10931562217173700D-04 -2.54748088534823700D-03  1.35822284063779300D-03
 6 22  1.18925804471044800D-03  3.81788167280495000D-03  4.87736419999032300D-03 -1.44608362062970800D-02 -3.79823310416627700D-03
 6 23  2.61357643110208300D-03  1.18465667306538900D-03  3.06447083123908000D-02 -3.22871154561409800D-02  2.24296365497794200D-01
 6 24  1.55329575843669700D-02  3.85164671860284300D-02 -2.58766924861088200D-02  8.89137714171721000D-03  2.30835946194519300D-02
 6 25 -8.55922351420989900D-02  1.02132245974345300D-02 -9.00567564775222000D-02  2.59669238656710600D-01 -2.37424410890633100D-01
 6 26  5.06543127429799800D-03  8.70600633358758600D-04 -6.30095579666935300D-03 -2.09524141406881800D-03 -3.96901090510116800D-04
 6 27  2.49214250457871700D-03 -4.04317496182129400D-03 -1.69680385571272900D-02 -4.81526598547739800D-03  1.02348837814315200D-01
 6 28 -7.77165948254941900D-02 -2.46322429888210300D-02 -3.79193168973319000D-02  2.41241848629421900D-01  1.00819457006370200D-01
 6 29  1.51325718749811400D-03 -1.93844252569782400D-01  8.56035394565640400D-03  3.69585973604087300D-02  2.11367104421713700D-01
 6 30  1.09862091586029700D-01  2.62685254579293200D-01 -3.41174348969172000D-02 -2.76704590283320000D-02  6.77256090425996200D-01
 6 31 -7.51144483669397400D-02 -2.07075251983557600D-01 -9.35182704865669700D-03  7.53696149712075500D-02  6.96728775846150000D-01
 6 32 -1.05659194392870400D-02  1.28803569245073300D-01 -1.36254741852661600D-02  1.56538552745994100D-03  2.62535222863180200D-01
 7  1 -6.01224724733922900D-01 -1.16646759193243800D+00  1.07272079351738400D+01 -8.33855448441887200D-02  1.00308254009436500D-01
 7  2  6.33647106794789300D-03 -1.46936040553415300D-01 -4.43663037608441600D+00  3.51115477507809900D-02 -5.19086106528878800D-02
 7  3  1.14455827026725900D-01 -6.25472163738343000D-02 -1.54838703624525600D-02  3.37554679415161900D-02  3.28545027590912700D-02
 7  4  5.61640550197157900D-01  1.09055664535835600D+00 -1.13535862625957300D+01 -1.55508003618132400D-01  3.02189737516981600D-02
 7  5  5.57873922865260200D-03  3.69166926620382000D+00  2.90315045203903300D+00 -7.63106722231908800D-03 -8.78830402554213700D-02
 7  6  6.14846110346749900D-02  2.63984292207459700D-02 -5.31495014359951900D-02  4.28396634107790600D-02  3.21216607433951500D-02
 7  7 -5.18952315395409000D-01 -9.77504661769546100D-01  1.13918009811330500D+01  1.23705586045740900D-02 -7.13901921871025700D-02
 7  8 -7.93375845227207100D-03 -5.43890148829158300D+00  3.29787959105287000D+00  3.98332123181585400D-03  2.31679685939509900D-02
 7  9 -1.08401230018190100D-01  8.52332614242410500D-02  2.83212168231236200D-02  8.30959022916820700D-03  3.70102788356273700D-02
 7 10  6.39294927598445300D-01  1.22755669638979300D+00 -1.13558180010742200D+01 -1.25060970538525400D-02  6.64799756620806100D-02
 7 11 -1.78928634894072100D-02 -2.49939928184213400D-01 -7.04641628966226700D+00 -1.38872635510701100D-02  9.97399943076100400D-03
 7 12 -1.18037611398994800D-01  1.08063611968228900D-01 -2.16634635774821300D-02  2.35557810481509400D-02  6.13615831244674800D-02
 7 13 -6.11568786226249900D-01 -1.16708853865024700D+00  1.13889250108801000D+01 -3.83439503278760300D-02 -3.97489766572565000D-02
 7 14 -1.94117080544943500D-02  5.69496331594884000D+00  3.71138197592879400D+00 -7.85005756707100000D-03  8.39130970344163900D-02
 7 15 -1.16807789851062300D-02 -7.22323180493131800D-02  6.87595671398660000D-02  6.84226622598461700D-02  4.52151388047179500D-02
 7 16  4.74303141392311100D-01  8.88866467437379500D-01 -1.06778785914334500D+01  4.47745397079767600D-02  1.33085777782803100D-02
 7 17 -6.96879130492460800D-03 -5.00644580446291700D+00  3.19866361455431500D+00 -2.25684671726079300D-02  1.14954912788362800D-01
 7 18 -1.10578443542134000D-02 -1.03897068434153300D-01  6.32130408642305300D-02  4.89907764492095800D-02  9.95497662212304000D-04
 7 19  1.08467899217934400D-01  2.47647309885539100D-01 -3.77711187609454400D-01  1.66504665296637200D-01 -7.42504563607009600D-02
 7 20 -4.24901831410142700D-02  3.47554762913771400D-03  1.90308775021679400D-01  5.39831779204554100D-01 -3.09878644803834500D-02
 7 21 -4.32387659414612900D-03  9.62002465009851800D-03 -3.10729762155490200D-03  7.88809633587080600D-03 -1.15781821267922200D-02
 7 22  3.69008579092000500D-03 -6.60702842126763700D-03  6.90881624121104400D-04 -1.70170910659038300D-03  7.25796629247707800D-02
 7 23  2.72148501128223100D-02 -9.97945130376008700D-02 -1.28946617899208800D-01 -1.28553637467999900D-02  2.90584538958338100D-02
 7 24 -1.01705602157054400D-01 -2.31311053327901200D-01  3.29053740809176700D-01 -2.23173639607680500D-01 -3.73423697799239400D-02
 7 25  1.79391573003293000D-01 -4.42550767097852700D-03 -2.71578426563022700D-01 -6.78034894773994400D-01 -2.26072317517027600D-02
 7 26  1.19546778600063500D-02  1.42703474665479100D-02  2.63823724007564700D-03  2.23584947636803700D-03  4.08986507930302600D-03
 7 27 -6.32571455566954100D-03  4.96510292207644200D-03 -2.18915637746319200D-03  2.03685934342585900D-04 -1.81538352549037500D-01
 7 28  9.90973256625895200D-02  8.24410268864479300D-02  1.87865243577720500D-01  2.73852233645836600D-02  1.34147262152517200D-02
 7 29  3.94752685365023400D-01  1.36859989502543100D+00  1.27798255532932800D-01 -1.54492936647295500D-01  2.43578115069134800D-02
 7 30 -4.25556807216876800D-01 -1.59505362521617300D+00  8.42934038386613200D-02  1.50625601676167600D-01  9.64672960679846000D-02
 7 31  3.66544498886466800D-01  1.51355614612834600D+00 -5.64507395615453600D-02 -1.96896292195467500D-01  1.15066293893445200D-01
 7 32 -3.62305644987345500D-01 -1.23907316505057100D+00  1.64529626197581900D-01 -8.31548955870281700D-02  6.63280849201594900D-02
 8  1 -7.93310883820322900D-02 -1.55250258309568500D-01 -2.63338982999319500D+00  2.24875923062706300D-01 -3.06933744334540800D-01
 8  2 -6.30223935593320900D-03 -2.14139767606462800D+00  6.54046114151281100D-01  1.66936434907537800D-02  1.61394844240312200D-01
 8  3 -1.49019939780094400D-01 -1.23749044602184000D-02  3.92804836541710500D-02  4.18465169720859400D-02 -2.17085820551792200D-02
 8  4  2.85924205439544200D-02  5.38275009543906900D-02  1.44142326353923700D+00  3.79705384539443100D-01  3.22829998588742900D-02
 8  5  4.53717872382567100D-03 -1.82320781907987000D+00  2.55292115423179000D+00 -8.98505418097613300D-03  1.10929337416425300D-01
 8  6 -3.93254198163133600D-02 -7.16039176001121400D-02  2.01820289207688800D-01  5.77916048637655600D-02  1.17760551876496500D-02
 8  7 -1.75425393198737500D-01 -3.39980439516018000D-01  2.91014065361020000D+00 -4.88243096226948100D-02 -3.87354678149021500D-02
 8  8 -2.45602324369930000D-03  8.98618151241302600D-01  8.72922693643169300D-01  1.27714060719001900D-02  1.82111426832544300D-01
 8  9 -1.14923681059898000D-02 -1.70619058726554200D-01 -3.87548041321605700D-01  4.43300404439685200D-02  1.18066220512252300D-02
 8 10 -1.18825800311306700D-02  1.11454801235908200D-02  2.09762762682163100D+00  1.68937117331240800D-01  1.03274840938812900D-01
 8 11 -3.94490921183786200D-03 -1.58390392665099000D+00 -3.28783672431807800D-01 -3.08410571355034000D-03 -1.49831224329179000D-01
 8 12  2.13369665534888300D-01 -6.35384412057099400D-02 -1.84817056877528400D-01  3.43451986408009300D-02  1.43846704551012300D-02
 8 13  8.58538457737556800D-02  1.51111569656593000D-01 -1.92417354135511300D+00  4.04832085121578400D-02 -2.07313254627895800D-01
 8 14 -1.39572243249171000D-02 -1.06887515433669600D+00  1.55714005039179700D+00 -6.48909720312627000D-04 -2.67670484348823000D-01
 8 15  1.20191745490387700D-01  1.47478738858433300D-01 -1.18161894299262700D-01  6.02249270311906000D-02  2.34240772917260200D-02
 8 16  7.66758687536818200D-02  1.42698461848783800D-01 -1.60695682730162700D+00 -1.65916034529011400D-02  6.62739328546771000D-02
 8 17 -1.07637113118937600D-02  7.79062822315405100D-01 -8.04363173904587300D-01 -2.80802203665376600D-02 -2.59132989011807000D-01
 8 18  1.39223961767098300D-01  1.19909027244708400D-01  3.16492606126302000D-01  5.76398851918506600D-02 -2.25694787120949400D-02
 8 19  1.88537598250676800D-02  6.97303328267544100D-02  1.66549764062744700D-01  1.18199849945119700D-01  5.19193871900052300D-03
 8 20 -1.12158666634081900D-01  8.17888488228839300D-06  1.27820100174273000D-01 -2.78191772615656800D-01  9.71812240544053100D-03
 8 21 -7.50201030319371200D-02 -1.01010720305954500D-01 -3.34416753739886700D-03  2.29564087194871000D-02 -2.79075482230233400D-02
 8 22  4.95113950353742100D-03 -1.62622856436214000D-02  4.95180263812351000D-04  6.54839231584869200D-04 -1.75140077578391300D-01
 8 23  2.78326493135039200D-01 -1.03186415556648100D-01  6.72979483438858100D-02 -1.75730458696927800D-02 -1.41583457308708500D-02
 8 24 -1.31364135782646100D-02 -6.08153423146732500D-02 -2.60131269326987300D-01 -2.60931545319398900D-01  6.22506717703926900D-02
 8 25  2.02839901477970400D-01 -3.81021026827891000D-03  5.19461207942448100D-01 -3.49277912923036300D-01 -2.43035780162637900D-02
 8 26  1.03417416199125500D-01  1.51848755182885100D-01  3.45114369576205800D-03  8.69886279133550600D-03  3.32271610790923300D-03
 8 27 -1.20215788992448500D-02  2.43616225342457600D-02 -1.52671684639195800D-03  2.03455554506156400D-04 -2.32227898674148200D-01
 8 28  1.19734572405805200D-01  1.12493326268343100D-01 -1.13096608223827500D-01  2.39717396778151200D-02  2.10804693419981900D-02
 8 29 -6.48489624756185000D-01  8.76541104178747700D-02 -2.92955085418859200D-01 -4.53750018191691000D-02 -3.51455993485426800D-02
 8 30 -4.22561603201785400D-01 -7.41669860139415200D-02  1.68299072246747500D-01  9.18174100875990300D-02  2.20775993499923500D-02
 8 31  3.26049017999089000D-01 -7.99274044229966600D-02  4.96901979041023200D-02 -3.24612397910129500D-01  8.20963663733641500D-02
 8 32  6.84442919458898500D-01  1.40344614718540000D-01 -1.73965488753417100D-01  1.57142098296249000D-01  9.29925925468275700D-02
 9  1  3.96465814665282700D-02  7.39372401063282800D-02 -4.37700831239090100D-01 -2.63362921026129700D-02  4.89172507701101900D-02
 9  2 -1.13832059577638100D-01  5.61398448479815000D-02  1.61066935934077100D-01 -2.49055621716404800D-01 -1.66390859361391500D-02
 9  3  1.99392200033743200D-02 -3.30013406723525800D-03 -2.20507023958048000D-03  1.77016068933091000D-01 -4.59849019995670700D-01
 9  4 -2.68026806678115500D-02 -4.91034525970440300D-02  3.81471008547216100D-01 -4.33016524174742600D-02  4.92792833575461100D-03
 9  5  9.38072863511958100D-02 -1.48929705619508600D-01 -1.00426691408945200D-01  2.24639149097583200D-01 -1.29954621956612600D-02
 9  6  9.32618658156779100D-03  3.66927561409344700D-03 -1.40072417807788700D-02  4.41063807533873000D-01  3.38503634716299800D-02
 9  7  3.86876855201366900D-02  7.59145922601209800D-02 -5.25875018431041000D-01  2.51168693371991700D-03  8.44674566702074400D-03
 9  8  8.63380418576310500D-02  1.40937182021810300D-01 -1.20647550594502800D-01  7.31114209113451600D-02 -1.92790820701798300D-02
 9  9 -1.54487974876751400D-03  2.08239618189472500D-02  4.54823463659415600D-02  4.15393466711781200D-01 -1.64369503346444100D-01
 9 10 -1.37515580778853700D-02 -2.88630863590540500D-02  2.13983230798633400D-01 -2.03663776132937200D-02 -1.11191580885994500D-02
 9 11  7.05657194744584300D-02  1.68941430453356100D-01  2.39776168446305600D-01  2.69729247869168000D-02  7.02339512885258700D-03
 9 12 -2.27577379498787000D-02  1.57343428210263000D-02  1.54843218765772600D-02  1.53063510557492000D-01 -2.20368312607148800D-01
 9 13  1.68492921743309800D-02  3.54498731508721300D-02 -2.03482223012199200D-01  1.61978677515011800D-03  2.43988353973144400D-02
 9 14 -5.67702003354277600D-02 -1.35829970903866600D-01 -2.64627081638087800D-01 -1.26425254319487600D-02  2.70395542410045200D-02
 9 15 -1.47119143173441400D-02 -1.23276399236602300D-02  7.49848607339356100D-03  2.38651732818361600D-01 -3.18479632150733800D-02
 9 16 -3.89318407658175600D-02 -7.65409590893654000D-02  5.60880048824099600D-01 -5.65634218867844100D-03 -6.10353786449255700D-03
 9 17 -8.97848611396881000D-02  1.87597269839618400D-01 -3.37783264054867700D-02 -7.61364079163014500D-02  3.92506112534566400D-02
 9 18 -2.03895342336875900D-02 -1.88610770197688400D-02 -3.05250318297722700D-02  3.22276169547873900D-01 -2.71438968282510800D-01
 9 19 -8.80447391139318900D-03 -2.44060417528013900D-02  6.88158314479780500D-03 -6.35376516003539600D-02  9.69644208387618700D-04
 9 20  1.75159618280836500D-02 -4.22517382127246800D-02  2.03739370617011000D-03  1.95640649037268400D-02  3.83348385733161200D-01
 9 21  1.20238206445475000D-02  2.99326662951711300D-02  1.24451007322927800D-02 -2.37199502596289600D-03  4.28121716289432700D-03
 9 22 -1.90922213693142500D-03  7.96970844783937600D-04  2.32846284912530400D-03  1.79966052866785800D-02  1.44068721524728300D-02
 9 23 -4.04428495552375100D-02  2.60359774027649500D-02 -1.35664870523433000D-02 -7.32060913286394200D-02 -3.87121541847965800D-01
 9 24  6.35666716043650200D-03  1.77364504745785000D-02  7.17852433884947900D-03  6.22830500609866500D-02 -1.81953971072825300D-02
 9 25 -2.06161672184873800D-03  3.96908838559076200D-02  4.63086609925475900D-03 -2.25359871895278100D-02 -3.36972816295433600D-01
 9 26 -1.99492678240594600D-02 -2.55953331008667700D-02 -1.02213976576951400D-02 -8.51556385468412700D-04 -4.78461504270680700D-04
 9 27  1.33001788973904400D-03 -2.57881630519567400D-03 -1.12637056637685600D-02 -9.72747262101534400D-03  6.03819881684011400D-04
 9 28  1.57338083749342500D-02 -1.63376282566182400D-02  2.48275087684399100D-02  2.52667337771565400D-01  2.33760742906969100D-01
 9 29  5.04633623679849800D-02 -6.32186029185079900D-02  2.25227786200257900D-02  1.21932742844206400D-03 -6.27312533520035700D-01
 9 30  4.99870048609875100D-02  4.99058902669293800D-02 -2.13775265630402700D-02 -1.70877243718554200D-02 -3.22725755572248900D-01
 9 31 -5.27633376950044600D-02 -5.30564124037857900D-02  5.70612669078346400D-03  2.41732869327225300D-02  2.62751142851550600D-01
 9 32 -5.27441694695308900D-02  6.03515685287804400D-02  1.05997624658453700D-02 -2.05727637782289000D-02  6.09897746105338600D-01
10  1  2.64791811886229600D-02  4.15806218763079600D-03 -4.85454662602561300D+00  1.00328804182423000D-01  3.27955979807037900D-01
10  2  5.61211826893599400D-03  4.18809676457875800D-01  1.05330740719519700D+00  3.98838768485287500D-02  9.84505918514725000D-03
10  3  1.96548644050670900D-01 -2.06393703235817800D-01  1.54158170645216400D-01  1.27423769694776300D-02  2.54612446681878400D-02
10  4 -2.14433830365849400D-01 -4.19054174543889000D-01  1.77007564384140200D-01 -6.17648260668881400D-02  2.52337796158776300D-01
10  5 -1.03180088362144700D-02 -2.05225090076175500D+00  2.38230832181611000D+00 -3.89200752970824100D-02 -3.52541055549268700D-02
10  6  2.24561074853960200D-01 -1.89306969299032800D-01  1.15945241173363100D-01 -1.04746629566152700D-02 -4.93278751736729900D-03
10  7 -7.10143838562072200D-02 -1.51674888094024200D-01  4.65998300002832700D-01  8.76089401145911900D-02  1.17635150126932200D-02
10  8 -1.17156793539757100D-02  1.34259305942961100D+00  2.35701883069003500D+00  3.35382515810758900D-03 -1.29712070933425500D-01
10  9  1.80053912034035600D-01 -5.03418411006094400D-02 -3.29123645926674100D-02 -7.80576151144785000D-03  2.16042996294092600D-02
10 10  1.08946729310968100D-01  2.69401290012984900D-01  2.60302563274145600D+00 -1.80395825236041000D-02  1.07753417827830900D-01
10 11 -6.89622904590522300D-03  1.39817845750167300D+00 -6.04631551598663300D-02 -1.55359264373876100D-03 -6.74285797546162500D-02
10 12 -1.20518764379690200D-01  1.87947344134305700D-01  5.50378778459707100D-02  1.13244202265278500D-02  2.07692754736305500D-02
10 13  2.20564665711516900D-01  5.02886845944182100D-01  6.17404176047530700D-01  1.28856621357228000D-01  1.35911092959268600D-01
10 14  1.14278341891118600D-04 -1.83012404286250400D+00  2.53325062671582200D-01  4.54356854132572900D-03 -4.91523607420802400D-02
10 15 -4.29315782852954900D-02  9.20839390273749300D-02 -6.65804731519015500D-03  9.75581282730658900D-03  1.19145303557537500D-02
10 16 -3.17437718690176300D-01 -6.51533537377894000D-01  2.36812089326564700D+00 -9.58816751639727000D-02  7.39958806957257700D-02
10 17  3.70265640380254800D-03  2.69921552687075800D+00  1.45634150967889900D+00 -1.25113653125819500D-02  3.87640060673117400D-01
10 18 -2.10093554061075300D-01 -1.77546506612040900D-01  8.29197527169859100D-02  3.64956935962978900D-03  1.12041081210288000D-02
10 19 -4.98339454354507800D-02 -1.31309765205466700D-01  1.42776305747229200D-01 -6.48985613599497500D-01  6.22885102188721300D-03
10 20  8.93983000126915100D-02  4.67456814754127000D-03 -1.64227942927485300D-01  1.20216826135826000D-01 -2.94667413435192000D-02
10 21  6.87135155065886900D-02  2.78978421405943200D-01 -4.60050779717414300D-03  4.18324230998812400D-03  1.39053624810307600D-02
10 22 -1.80886047910177800D-02 -1.60776012082821400D-02  2.47669375677405800D-05 -1.05538984512176700D-03 -1.22629003588053300D-01
10 23 -8.22274796660443100D-02  2.04856483254097100D-01  1.23933500559246500D-01 -5.74994144837919500D-03  2.56067196931341800D-02
10 24  8.93118254578943900D-03  2.23115456849460300D-02 -1.62865998363740000D-02 -3.26000052079204100D-02 -7.03142259065263500D-02
10 25  1.60878462253752500D-01 -7.92399439753744600D-03  4.85516886947484000D-01 -6.65209898538017500D-01  2.73572061807475700D-02
10 26  1.61421536093075700D-02 -8.61264175572603800D-03  4.60858768306269100D-03  9.87026636082769500D-03 -3.75553879169175300D-03
10 27 -6.11472756913483600D-03 -1.17261868957060600D-02  7.56280357643300500D-04  1.57708498204334600D-03 -2.94295094064914800D-01
10 28  2.44115911600857200D-01  5.01791824640575500D-02  3.14388450614805200D-01 -1.83283763910479000D-02 -1.29723707473539000D-02
10 29  8.49887560867665900D-03  2.92553098784847800D-02 -1.78456619413366200D-01 -3.26049496339707600D-01  3.46939140735061800D-02
10 30 -1.69843434698442100D-01 -1.03725295359972400D-01 -4.33944879596160000D-01 -1.25105865554522400D-01  2.90699894120733300D-02
10 31 -3.51185376827046400D-01 -3.98908238539016900D-01  1.70704320032266700D-01 -4.13404943549364500D-01  1.12898390232949700D-02
10 32 -5.73178006761921700D-02  5.53613603738893800D-01 -1.72964924962806300D-01 -3.89847818275344300D-01 -3.31435039373156400D-03
11  1 -3.07510868570733000D-01 -5.31123766783723500D-01  7.27492514860063000D+00  1.90383767624410300D-01 -3.03483104317613600D-01
11  2 -7.75190523854173000D-03  6.67554164973257400D+00 -2.15027462013586600D+00 -9.23247713524250900D-02  6.95239089511978100D-02
11  3 -6.94040759240356800D-02 -1.19833027161512400D-04  8.83656694208813200D-02 -5.18591493622767000D-02 -4.18457147091172500D-02
11  4  1.56509041058262600D-01  2.02772728842183200D-01 -7.75321100361375300D+00  3.02393613226654400D-01  8.74433842258191400D-02
11  5  2.71947312083924500D-02  5.01831548659208700D+00 -4.72446686685846600D+00  9.84061649240521900D-02  7.05677799748812600D-02
11  6 -2.16301893187819400D-02 -4.89375906560976200D-02  5.30855182829674600D-03  1.12266221067926400D-02  2.35157495158806100D-02
11  7 -2.84499778375772700D-01 -6.07512268542272000D-01 -1.51767832862737700D+00  1.63319709115935100D-01 -3.05068712984712400D-02
11  8  2.90075094177603900D-02 -1.19888446490572200D+00  1.07049100256460900D+00 -1.19946800800860300D-02 -2.04773917247038000D-01
11  9  4.34764800484111300D-01 -2.29990883237071400D-01 -2.52611824575518800D-01 -7.86994346857086200D-03 -4.69417378820264300D-02
11 10  6.80796954262844100D-02  1.79530577230351300D-01 -8.54270316541520200D-01  3.97226949802007600D-02  1.23476312266642100D-01
11 11  1.00930575424531900D-02  1.46675880165598000D+00 -5.39075061173141100D-01 -1.61527103913147500D-03  1.89139370589809900D-01
11 12  1.45371779685804600D-02 -2.03676548558391300D-01  8.69263807727955300D-02 -4.86482894057161800D-02 -2.71842431588000400D-02
11 13 -5.42018630420215300D-02 -1.10735389236800400D-01  2.61970571724349900D+00 -5.29394191000867400D-02  1.88756899124157100D-02
11 14 -5.51265922739435700D-03  7.27584733618153100D-01 -8.31280542149555500D-02 -1.65155534411512800D-02 -9.17280516405542100D-02
11 15 -5.36362921598943400D-02  1.45364343800450600D-01  1.12598278847956000D-01 -2.98500584293425100D-02 -1.65638560045952400D-02
11 16  2.30468170022107000D-01  4.89342249290112200D-01  5.89211547934326700D-01  9.14779448489359000D-02 -1.62919688424240000D-02
11 17 -1.04192926849220400D-02 -9.92297952258727100D-01  1.98537496790671500D+00  3.33567713708656200D-02 -2.46164208520498400D-01
11 18  8.04778196627289100D-02  1.65686388857768400D-01 -9.18930873240584600D-02 -2.38976468260494800D-02 -2.03029568761218800D-02
11 19  6.35626510170273800D-02  1.69517243775159000D-01 -2.33082484703654900D-01  9.49295392214881200D-01  3.15352260598503900D-01
11 20 -5.03423310587352800D-02 -9.75949668073834500D-03 -1.38437953865885900D+00 -7.31522658187098700D-02  5.58508052772423400D-02
11 21 -9.47147253631260800D-02 -4.09486659178430600D-01  1.28243149068959200D-02 -4.13280182230055500D-03 -1.53422552060954100D-02
11 22  1.94750570283943200D-02  2.09819234268984000D-02 -4.06291797261945000D-04  1.69422946472249600D-03 -1.03138945692134600D-02
11 23  1.95389931331209900D-01 -1.85076036761998000D-01  6.09803393353211400D-01  2.12869200526958100D-02 -4.60536261386640900D-02
11 24 -7.82295839168167100D-02 -1.87964251317087700D-01  4.43729494926919600D-01 -1.08701734870998700D+00  2.78422014520913700D-01
11 25 -4.92613686649765000D-01  1.88580258403851500D-02 -8.43007621029216600D-01  1.54627983038308800D+00 -6.32278167668331000D-02
11 26  3.36663008834495600D-01  3.38549269703809400D-01 -1.32941631593854400D-02  2.39357764494882500D-02 -1.09485504084250200D-02
11 27 -1.29872260410614400D-02 -1.03132558349217300D-02 -2.51189851671990500D-03 -4.31319695319688600D-03  4.11490986753740700D-01
11 28 -6.27295564931903100D-01  2.15804578178162600D-01 -3.20528661183725400D-01  4.48745639578517300D-02  2.53165388576432700D-02
11 29  1.74690068759526200D-01  6.20482240261499500D-01 -7.12400578107333500D-02 -1.22312773233543500D-01 -5.27461526529112500D-02
11 30 -6.11259929422109000D-02 -9.80653887992905800D-02 -3.72737549599533400D-01 -7.23161336413172000D-03 -3.45716087493648600D-02
11 31 -9.34633341803891800D-02  1.18742261905802300D-01 -9.96556511544024900D-02  8.75488012637031000D-02 -1.75225426102333800D-02
11 32 -2.35217482459040600D-01 -6.42432433220948500D-01 -5.36105919393468600D-02 -1.02712481533064400D-01 -9.51520574759880300D-03
12  1 -2.14607391303229500D-01 -3.40531569007055100D-01  3.21504646739615400D+00 -9.02724611885546100D-02  1.54815313446103900D-01
12  2  5.42495425273789300D-05 -3.22591721633133000D-01  6.47657333766587200D-01  2.35233476884405200D-03 -1.23686257639714500D-01
12  3  5.17100508394358100D-01 -3.93414250754643900D-01 -3.96736987481882300D-02  2.94045806312366500D-03  1.40421654503329500D-03
12  4 -2.09027809752325300D-01 -3.46608680602470900D-01  1.86485231505823300D+00  2.00122821361036000D-01  1.98151239238898400D-02
12  5 -1.15241513534267400D-03  1.74921725727901500D+00 -6.75226721901321200D-01 -2.86796810132143700D-03  3.98939512753873200D-01
12  6 -4.24783788020157000D-03 -3.94691674873672200D-01  3.05598629950364700D-01 -2.53240442155884600D-04 -7.78670916757861400D-04
12  7 -6.00191750335454500D-02 -9.72502289891226000D-02  9.28947842105863200D-01 -1.17027589719049700D-01 -4.49003617249267200D-02
12  8 -9.62292100514529500D-04 -1.75861539265654800D+00 -1.40257135645312100D+00  1.31227309091100800D-04  3.35815001678649900D-01
12  9 -2.39978497593570900D-01 -9.58365040850790000D-02  2.76004282331836100D-03  1.46895894603200500D-03  2.11087613188935400D-03
12 10  2.27663990971589700D-01  4.26448276709468800D-01 -2.84779030724946700D+00 -1.10541040173638800D-01 -4.72528970923221700D-02
12 11  8.43948662872153800D-05 -1.10516821525115100D+00 -3.35738585060466500D-01  2.96975136546336100D-04 -4.48020212837706400D-02
12 12 -3.14722867342970100D-01  3.59524888626741600D-01 -1.62266278765823600D-01  2.98461595688152900D-03  3.45267043785447100D-04
12 13  2.16498301211052900D-01  3.94371771713311500D-01 -2.64128002981450600D+00 -2.03697170875357500D-02 -1.14098195566927200D-01
12 14  7.46937338083860500D-04  4.31515690634231200D-01 -1.46355610240111900D+00  8.04753907176486700D-04 -1.30012628282009700D-01
12 15 -2.72789859538781300D-01  4.02802487820791600D-01 -1.83081902610631100D-01  1.03675210632842500D-03  2.94219876427155600D-04
12 16 -2.59446151344672800D-02 -2.41479831421698300D-02  1.27696980227219100D+00  2.71651414973083800D-02 -1.60893510458102800D-01
12 17  6.57067169252375600D-04 -6.45506543300241600D-01 -2.11959491186416800D+00 -7.03787612644013600D-04 -1.68012004244532500D-01
12 18  2.33558471121539200D-01 -6.55464668770066600D-02 -3.54916466108547000D-01  1.28684953747265300D-03  1.74386222508263100D-03
12 19  1.06166804877690600D-01  1.96140134884472000D-01 -1.42963983535872000D+00 -2.98208574729661100D-02  6.76376743983699800D-02
12 20  4.09964617763953900D-01  2.01109095385918400D-04 -9.28330092005731600D-02  9.60589167515630000D-02 -1.53720596268642200D-03
12 21 -3.33448413340414600D-02  7.09818491430342200D-02 -3.93954752248122000D-04  1.20301086459879200D-02  8.08946800273188000D-03
12 22 -2.01195766487205900D-02  1.03238724264895600D-02  6.98976511673243100D-05 -2.22515839895559300D-05 -2.64165525585078100D-03
12 23  1.17103042039138600D-01 -1.14461386783288300D-01  2.83963937940262100D-02 -9.50448960079926800D-04  1.34353006528515900D-03
12 24  1.04313524209947100D-01  1.89862271398672600D-01 -1.45285025103489900D+00 -2.60267552750325300D-01  3.66857621057780600D-01
12 25  1.75429470544273100D-01 -3.96003807900145900D-04 -1.72878880377848300D-02  2.33471765181915600D-01  1.67318343825671400D-03
12 26  1.47335454775406000D-01  6.56036921502700000D-02  4.96918731992284800D-04  6.83021518021994300D-03  1.64470637447637100D-02
12 27 -2.32772789249844700D-02 -1.54433207117888100D-03  1.40309934793039700D-04  1.81250135994165200D-04  1.58761618734780300D-01
12 28 -5.63899343313639000D-02 -1.02371684403416500D-01  3.59674069997662100D-02 -1.33327066372605500D-03 -6.47756343393690400D-04
12 29 -5.52052836661096900D-02  3.12244287094448200D-01 -4.79380553297426400D-02  2.24195583988021100D-02  8.76798247631989300D-04
12 30  3.77334269239065600D-01 -1.65689132163028600D-01  1.93149138437775100D-01 -1.27619260894401400D-01  1.12651898883842900D-04
12 31  3.46016464248059900D-01 -1.76126530969079200D-01 -2.32957249321500000D-01  1.65032313504327100D-01 -2.41662796767562100D-05
12 32 -1.29193876256131000D-01  1.95865346963025000D-01  6.64354009150898800D-02 -2.48909457275727200D-02 -1.42235706507453500D-04
13  1 -1.78932410208622600D-04 -3.25406423886625500D-03 -1.55674301771273800D-01  2.00310078018590900D-03  1.19903368713584900D-02
13  2  1.61849806245462100D-01 -1.96862132455673100D-01  4.35111524468402300D-02  9.61662600468846500D-02 -3.91282412001238900D-03
13  3  5.35699732898769500D-03 -1.44417320897531000D-03 -1.68419395220386100D-03 -3.70039387798365700D-01 -9.15687675525420200D-02
13  4 -5.49222727777287100D-03 -7.46794501399690300D-03  2.05236215926750700D-01 -7.20262771852007900D-03 -6.27089798574928600D-03
13  5  1.48308161452116900D-01 -1.14542640573212300D-01  1.26594843477689200D-01  7.51406449295262700D-02  2.58660068728895100D-03
13  6  1.59537580650174800D-03 -4.18197649379074600D-03 -3.64409710526753600D-04  1.21412574424125900D-01 -4.29156111967721000D-01
13  7  5.27052577143679000D-03  1.15574124841380600D-02  8.12793639529692800D-02 -6.36147579990907400D-03 -1.32713612633166700D-03
13  8 -3.70488597560911400D-02  1.51670607557689000D-02 -3.55300791215788400D-02  3.05291186770289800D-02  1.09648793003737300D-02
13  9 -1.71848703877304700D-02  6.21999108735666400D-03  3.43101119039534400D-03 -5.48997860458265700D-01 -6.08810042042598000D-01
13 10  6.30452363126730700D-04 -3.78040804202192500D-04 -4.09087964689435100D-04  3.07389685801733200D-03 -4.13185565418136600D-03
13 11 -2.29756157741348900D-01 -7.01904964581459600D-02 -1.57065302778558600D-02 -1.56319844459345400D-01 -8.58259246163482400D-03
13 12 -9.72255210703079400D-04  9.55484767233793200D-03  9.23678852546910200D-04 -4.01348159282333500D-01 -1.14618524121770700D-01
13 13  1.78517681192885400D-03  5.49895891545091900D-03 -4.33707797528514900D-03  4.41360603038923100D-03  1.33581069981248000D-03
13 14 -2.20287950167641600D-01 -1.53128174384804000D-02  6.89558078756764300D-02 -1.48757532015251400D-01 -1.22644951101566300D-03
13 15  8.48778170971462700D-03 -7.26133219869902300D-03 -5.66301530315459600D-03  1.46651884393433100D-01 -4.45698670421096800D-01
13 16 -5.41430667769449000D-03 -1.15803212436461000D-02 -1.07176835995667200D-01 -4.20781838765001900D-04  7.92911601770864000D-03
13 17 -1.65905106553273700D-02  2.46675933980143200D-02 -1.77388979350960100D-03  3.90817181259954700D-02  1.50739984321618200D-02
13 18 -7.41204197091081600D-03 -7.66195646125096200D-03  8.42623350369630300D-03 -2.44699077420981400D-01 -7.84545466034955500D-01
13 19 -8.69204060575055900D-04 -2.49165404723923100D-03  1.29917986306637700D-03 -3.31870311757539000D-02 -2.11902991133836100D-02
13 20  1.76224965682323700D-03 -2.64170587009037400D-02  5.77391519986231400D-02  5.46422198181670600D-03  3.11974817482181900D-02
13 21  4.15872275703440300D-03  1.46859662204773300D-02 -3.19665493612436000D-02  7.30039608154966600D-05  4.14854027017995100D-04
13 22 -4.87857987833442600D-04 -9.11598773107282000D-04 -2.02083980969520700D-02 -3.07358712946733700D-02 -2.94853111335365400D-03
13 23 -2.61435312875119100D-03  5.56288424210486300D-03 -2.14359680123224500D-02  7.56692273248361900D-02 -2.11907624555600800D-02
13 24  2.34898053696965200D-03  5.40831294943895600D-03 -2.05167536432784100D-02  2.97407278525039100D-02 -3.09789014337267500D-03
13 25  1.24539361452464100D-02 -2.70006406470191300D-02  1.55538443218040300D-02 -3.58986078408713200D-02  4.71925328630767400D-02
13 26 -9.07783766297653800D-03 -9.68478583362951600D-03 -2.51537282418123400D-02 -1.24496367572029500D-03  8.37190158202933600D-04
13 27  4.07773517517313900D-04  5.05476535847967400D-04 -1.35773319180013000D-02 -3.35237678987731000D-02 -6.07217900124101600D-03
13 28  1.31229690115848100D-02 -7.05079001034379500D-03  1.03705608251475600D-02 -7.99088329892015300D-02  6.11079615807015300D-02
13 29 -1.00450675813711100D-02 -1.34732538587970300D-02 -1.78169015500795000D-03 -7.45677755744895400D-05  1.75407358418879000D-01
13 30 -2.39438071470503700D-03 -3.75630028232603200D-03  1.43212841345238300D-02  1.75709110441051300D-05  1.13549758173963500D-01
13 31  6.57508449314733100D-03  4.62600842924771400D-03  3.34953786179613800D-03 -1.19260361237788600D-02  1.20670890025202800D-01
13 32  6.01505984378243700D-03  1.33398450340173900D-02 -2.10738101823818000D-03 -2.94136705299971100D-03  1.69246139672514700D-01
14  1 -6.08012690140866300D-03 -1.86776530426361400D-02 -2.46177560181061200D-01  7.42904206985646300D-03  2.63652417009728500D-02
14  2 -1.51473630518738100D-01 -2.63210191319875300D-01  5.56388261533317200D-02 -2.43588784821607000D-01 -8.66385019878507900D-03
14  3  9.14029315684671200D-03 -4.76442958061627400D-04 -6.63517720511926500D-03 -6.73615334246021600D-01 -2.58073562414891000D-01
14  4 -8.91115010509834600D-03 -1.15036902409398200D-02  3.29964306089105000D-01 -1.08820747083581900D-02 -2.02317355035055200D-02
14  5  1.60172698086197300D-01 -1.58384830375697800D-01  1.40651073567025100D-01  2.47340570596563400D-01  1.10294041961205800D-02
14  6  1.62070768497374800D-03 -1.26501118810943800D-02 -7.73684623619251000D-03 -1.07427816932654100D-01  6.76112688474446500D-01
14  7  1.13037738377116700D-02  2.37818754020913400D-02  9.93637886657915300D-02 -1.31903609195857700D-02 -5.58621605917918600D-03
14  8  2.59891372217695300D-01  2.69333292148490700D-02 -1.02130309217145000D-01  1.26734860383298900D-01  2.35977217934429400D-02
14  9 -3.87275193250397400D-02  1.51297975315966300D-02  5.60669067052919200D-03 -1.12761313853277500D-01  1.91004400192712000D-02
14 10 -2.19365306887401800D-04 -3.81065923080828900D-03  2.19749209548763300D-02  1.00061036046544900D-02 -8.63075453392575200D-03
14 11  1.07733586223363400D-01 -1.61980059797885800D-01 -2.98722273646466900D-02  7.20873152554476600D-02 -1.87764016208879900D-02
14 12 -1.12346601183910700D-04  1.88887482220719400D-02  1.00372044855296200D-02 -7.52712428898684100D-01  1.46923197065505700D-01
14 13  3.16409201507888200D-03  1.20194263501911400D-02  5.82055257346009400D-02  1.16708007883235000D-02  6.75006287565570300D-03
14 14 -1.24826594643099900D-01 -4.71156810109023900D-02  1.96368901917610300D-01 -8.58869189150284300D-02 -4.95042921567353200D-03
14 15  2.72007834477009000D-02 -2.22503542320274400D-02 -9.34690563169259000D-03 -4.95291082509718200D-01  5.40796849726520100D-01
14 16 -9.85657513881205100D-03 -2.07557600085614300D-02 -2.19917863704697900D-01  2.61634925453962500D-03  2.55486846803191800D-02
14 17 -2.57949409945730500D-01  7.07501762351174700D-02  9.32919341131803300D-02 -1.20947199223837200D-01  3.40649366031592600D-02
14 18 -2.02632041727858400D-02 -1.38017324303733600D-02  2.03396518615337000D-02 -9.40215552936180100D-02  2.85165121780405400D-02
14 19 -1.86747702567504000D-03 -4.70601820958052200D-03  9.13371598960100900D-03 -6.07062604966536300D-02 -4.40205258234447500D-02
14 20  1.01719220176340300D-03  3.83520923832115700D-03  1.04886383318993800D-01  1.20963883019513700D-02  2.04467356045653100D-01
14 21  9.18991996496925700D-03  2.69392162658689200D-02  8.15531697430879300D-02 -3.70225814003673600D-04  1.02223028019972600D-03
14 22 -6.52004466195975900D-04 -1.25021641375966500D-03 -1.82916261542600500D-02  3.16330442453152300D-02 -7.11765648142231500D-03
14 23 -4.97199915386319300D-03  1.20896556352855500D-02 -3.99889878519427200D-02  1.87109408600766500D-01 -2.38509006780712300D-01
14 24  3.21902159210083800D-03  7.62621510486880200D-03 -2.78522764867767700D-02  5.25132596889034900D-02 -2.33877540989935100D-03
14 25  1.57252598086125500D-02 -4.48803658195824600D-03  1.11848088596738100D-02 -4.10360323552466800D-02 -1.98256124602119800D-01
14 26 -1.61299918094114600D-02 -1.74437321958389800D-02 -8.32671737461719200D-02 -2.98937625175666900D-03  2.29642055397007400D-03
14 27  6.92955697786525800D-04  1.01083594844046000D-03 -3.79896840351077800D-02 -3.05019554883450600D-03  3.03967779804516800D-04
14 28  1.11168930973101000D-02 -1.14208608771146300D-02  1.44002633312181700D-02  2.90184348669559300D-01 -3.70353569681100600D-02
14 29 -2.08439190792875500D-02 -2.90747435652364400D-02 -6.76950335237872100D-03 -6.60119670439746800D-03 -1.21774405853051200D-01
14 30 -7.68775338543766100D-03 -6.00478742710213000D-03  3.66800144466128500D-02  3.70475009349305500D-04  3.96427906158834900D-02
14 31  9.10156557057093300D-03  1.34980339631957800D-02  6.11141932093142200D-03 -2.45706848097793200D-02 -3.40481911531952500D-02
14 32  7.35447644048371700D-03  1.76997963295341300D-02 -1.01160714290934200D-02 -1.41417643823897300D-02  1.32353388975119800D-01
15  1  8.46884785661819000D-02  1.85179227169596600D-01  9.07074058080228300D-01  4.00809151494527100D-01 -1.17730786163449800D-01
15  2 -2.30422382405861400D-03 -2.56457986092577000D-01  1.10847690794921200D+00 -2.91870197490773600D-05 -3.53157380368309100D-01
15  3  8.42938966751343200D-02  2.68863483693174500D-01  2.35317096067906800D-01 -1.28547609296034600D-02 -3.69053292486183700D-03
15  4  7.91630094543393200D-02  1.65082637166213900D-01  2.20940928076742400D-01 -2.92562690976599500D-01  2.94784938105678100D-01
15  5  2.77240905482957400D-03  1.65320036743256300D+00  1.40214351131561000D-01  5.10144318054994900D-04 -2.10516230325584700D-01
15  6 -7.60382575375942300D-02  2.86554487863178100D-01  3.53229268459346700D-01 -1.99312370527870400D-03  1.11015637927865500D-02
15  7 -7.42913504062483500D-02 -1.24930582020123100D-01  1.21204990451522600D+00  2.71802124302291200D-03  2.01767631679091200D-01
15  8  3.93737214860157800D-03 -1.85866802751133200D+00 -7.57884879520694400D-01  3.66188992349011500D-03 -6.17335702825776400D-02
15  9  2.75451258480650200D-01 -2.13717688198072500D-01 -1.04640883569161800D-01 -4.31950157385817300D-03 -1.34200649423240900D-04
15 10 -2.83050790277720500D-02 -7.16350644104473700D-02 -1.77899973180785200D+00 -1.28211406989358400D-03 -1.29185943445467200D-01
15 11  9.42032420731173400D-04 -6.60585507437021000D-01  2.33185089690419900D-02  1.12620272627056400D-03  1.38474650672921300D-01
15 12 -1.15687522325552900D-01 -2.27871283473681100D-02 -2.97522927236295300D-01 -1.51679170712453400D-02  2.61786617128008400D-03
15 13 -4.24890237830012800D-02 -1.06047942889937100D-01 -1.57405172588341400D+00 -1.42008967904076200D-01 -4.97956938428399000D-02
15 14 -3.15756728796537800D-03  3.74234213681140800D-01 -4.72556300422998600D-01 -1.51018476735543600D-03  1.49836990899871600D-01
15 15 -1.57991812640781900D-01  8.15482174090990100D-03 -2.45452329111142900D-01 -8.76353491563078100D-03  9.60937259957321900D-03
15 16 -5.01472648934484400D-02 -7.87751518705377100D-02  1.02483243238165800D+00  1.65270034454966900D-01  8.02308769712368300D-02
15 17 -4.89308887901734000D-03  1.14106198216040900D-01 -1.75779657412092400D+00 -4.08814972717017500D-03  2.31857080327722200D-01
15 18 -3.97913054221147400D-02 -1.92065774905608100D-01  8.29680391332169600D-02 -9.61349035597272900D-04 -2.44765219880048800D-03
15 19  9.58016794407878500D-02  1.96786927246465300D-01 -8.79458696496260300D-01  1.30903376910220000D-02  4.20542660055666400D-02
15 20  1.33711870084546100D-01  3.80015228918299400D-04 -2.78722580053882000D-01 -5.76055417755423500D-02  1.82312177651645800D-03
15 21 -1.70177725712984700D-02 -3.16305441058830800D-02  8.11308382288034200D-04 -8.19115371962453800D-03 -1.02251616044364600D-03
15 22  9.21366988006765000D-03 -3.44049094579284900D-02 -4.69887930714562800D-04  4.27829070639367500D-04  9.57030169256545700D-02
15 23  1.35972117247507400D-01 -2.31675134173162800D-01  2.77901153567695500D-01  3.03446416093158900D-03 -2.91733334425084900D-03
15 24  1.00605713267324800D-01  2.06365352016491500D-01 -9.46876152254235400D-01 -8.57024248028061100D-02  1.16236797108198900D-01
15 25  7.44141593669229200D-02 -1.18210148431202100D-03  2.63434677471763300D-02 -1.91401223492016900D-01 -9.48263729784862100D-04
15 26  8.65198942823908400D-03 -6.08457720119829900D-03 -1.12692386638267600D-03  2.53497538508163600D-02 -3.39505995476950400D-02
15 27  8.60084569687838400D-03 -1.58561698187767900D-02 -7.39404783575684400D-04  4.15227078735142300D-05 -4.49202015737615900D-02
15 28  2.87636230389318500D-01 -2.42716028815556900D-01  1.59114103277280500D-01  3.60101957936337500D-03 -1.71104076156525800D-03
15 29  1.22374844127569100D-01  3.89901508709970800D-01  1.81344240560096600D-01  4.69129768755446100D-01  3.00145462771244600D-04
15 30  2.35928553019042900D-01  9.23139180342099800D-03 -3.44795187743408100D-01 -7.18962031905507900D-02  1.31001591431275600D-03
15 31  2.27853858060264300D-01  1.81789767583469800D-02  1.06003069983726100D-01 -3.19048354977628000D-01 -3.62933019207260100D-04
15 32  9.49520183661572400D-02  3.14584815328411600D-01  3.12003058438156800D-01  3.72028772648584500D-01  4.72662534149168400D-03
16  1 -1.61198591755014800D-01 -2.88615628926417300D-01 -3.22849296411873700D-01  2.15021040281142500D-01 -1.34347534592511300D-01
16  2 -3.85358333479878100D-04 -1.38835804913712600D+00  1.60971378552843100D+00  1.58962719738741100D-03  9.73237129786739400D-02
16  3  5.38204902766891100D-02 -1.51144203255362800D-01 -2.00148467970804800D-01 -2.10422578640239600D-03  3.69043680310122900D-05
16  4  1.81664890043085300D-01  3.30555639082002900D-01  9.52331424084068300D-02  1.90238666930828200D-01 -1.04143240941322100D-01
16  5  3.03355906086380300D-04 -1.98101423801904600D+00  6.13594379726534000D-01 -1.41925012617852100D-03 -2.13400139118615500D-01
16  6  2.31083228090559300D-02  1.90291816309559500D-01  1.56469046528278800D-01 -3.94865599695356200D-04  1.91362824474712600D-03
16  7  2.12499484131314400D-01  3.38925417899374300D-01 -3.86689277272135900D+00  1.32669404556339700D-01  1.09966364602399600D-01
16  8  4.75915845909694200D-04  2.84873718109783600D+00  2.25471976774404600D+00  1.14131003533868200D-03 -2.66570669430643200D-01
16  9 -1.75480468507906900D-01  4.42051137938550800D-01 -2.10901696016056200D-01 -1.40506049264400600D-03  3.56959162485978700D-04
16 10  1.91718384099210900D-02 -2.28306444658215900D-03 -8.71207235797154000D-02  7.64245128337129400D-01 -4.99480538408585300D-02
16 11 -2.87923922728539300D-05  4.95777395674518400D+00  2.48872062069171900D-01  2.59979271376493900D-04 -2.11473901692842300D-01
16 12 -3.99901212476577800D-02  2.51464022940499100D-01  6.44630367805844900D-01 -2.93868443246213600D-03  2.53632359310706200D-04
16 13 -3.07201036760460400D-02 -8.89539074804806700D-03  2.05034081624260300D-01  3.98370675731419700D-01 -5.89917933126639500D-01
16 14 -7.16794927462419500D-04  2.28534522200180700D+00 -4.34414295835088200D+00 -1.52504846558364100D-04  5.37243456784537100D-01
16 15 -2.26129017723054300D-01 -3.11114439061481000D-01 -4.21528888063025000D-01 -1.66298566469604200D-03  1.79362513507186300D-03
16 16 -2.38722228964912700D-01 -3.98725399216793400D-01  4.01651678909920800D+00  2.04718415437385400D-03 -7.98010580382426900D-02
16 17 -8.70056149022931100D-04 -3.64826947284781900D-01 -3.53409842343540800D+00 -1.41265104282059500D-03  7.45258542271306900D-02
16 18  3.53763295991731500D-01 -4.28289150218860200D-01  5.50341532594540200D-02  6.28821359692806900D-04 -1.07944495466698000D-03
16 19  4.03621311607437300D-02  8.49611847809866300D-02 -6.45026845381851500D-01 -2.73691539083889300D-01 -1.88179428103721800D-02
16 20  7.39314098844117600D-02  2.05886444727304000D-04  1.54909678851353500D-01 -1.22104108149711900D-01 -5.03645797312442800D-04
16 21 -9.17194214234185000D-02  8.04373861158971000D-02 -9.89788430922558100D-05  2.10609106607537000D-02 -1.95391875316776600D-02
16 22 -1.52172312907589500D-03 -9.57658419733269600D-03 -1.20243556974283900D-04  2.36988042033128000D-05 -4.34911154748681400D-02
16 23  2.01567190881999200D-01 -1.58076075407129000D-01 -1.08079539692003300D-01  3.12708966668965600D-04  1.59604688858071400D-04
16 24 -2.66921435118861100D-02 -5.67141216734057200D-02  5.36735064487956900D-01  2.52477617478002300D-01 -6.31125820570309100D-02
16 25  6.83866325443407800D-03 -5.67949162643517800D-04  1.96040769138788700D-01 -1.33512622967533200D-01  7.04960171446321800D-04
16 26 -1.12355783531863400D-01  4.18366876644601000D-02 -2.97202780086226200D-05  3.20278906324457000D-03 -4.91952456279440500D-03
16 27  1.71673549954981800D-03  2.48035894068216400D-02 -1.43671250395063300D-04  7.08174920794416600D-05 -2.14256130841384800D-01
16 28  8.55616201945308000D-02  1.28694510646854000D-01 -3.76321640501186100D-02  1.43338388207279000D-04 -7.17185382128802700D-04
16 29  1.16002270687665800D-01 -3.18556485898435300D-01 -2.67782780477778800D-01 -2.45437151780384000D-01  1.01510899006922300D-03
16 30  9.48359452213686900D-02  6.53371976491386500D-03 -3.57080141656123900D-01  2.85004873272420400D-02  1.02478131587973800D-04
16 31 -9.18209761147873600D-02  6.48793900279091900D-03 -2.35759240101216800D-01  3.01037339989592500D-01 -2.07885894271514800D-04
16 32 -1.10098145069743000D-01  3.58885945630388800D-01  7.90242914651382400D-02  3.28223598544646700D-01  1.81188918845006500D-03
17  1 -1.20572173751436800D-01 -2.18763939162451700D-01  1.28137653107380300D+00 -2.10314795657881200D-01  6.79082010301562400D-03
17  2 -2.04747848494031200D-03 -2.02834520570115000D+00 -7.94026768772774600D-01  1.18363375083857400D-02  3.83641117667176600D-01
17  3 -9.38550951362658600D-02 -2.89786022530911300D-01  1.25158012725079200D-01 -1.21618537877923400D-02  1.76664769624849000D-03
17  4 -1.42696065392394600D-01 -2.87225278568488700D-01  2.08001209679362300D+00  1.85884386733906600D-01 -2.71832714171925000D-02
17  5  1.68750730249243400D-03 -1.32272370004247500D+00 -5.53117570507705400D-01 -1.04771704585761900D-02 -1.14045026270747400D-01
17  6  3.31443658596374800D-01 -2.17398632325627200D-01 -1.25691093467863800D-01 -2.55838189888632300D-03  1.17363126405573900D-02
17  7  1.25287960153961200D-01  2.87069092508377600D-01 -7.77506137046647600D-01 -3.68491333906404400D-01 -4.55049410302087200D-01
17  8  2.30835261360261500D-03  2.77666972001183700D-01 -6.43486949181152500D-01  7.29541602243512100D-03  1.32162958985984300D-01
17  9 -7.75571210973844200D-03 -1.24407246876246400D-01  2.81488664409154000D-01 -9.43908760093674500D-03  3.05607984053521700D-03
17 10  8.67206551539138800D-02  1.02756827092376900D-01 -1.00806172709630700D+00 -3.49426925422471400D-01  3.04510353399843900D-03
17 11 -2.40195684634841900D-04  3.29604422008278200D-01 -3.17523990458165700D-01  1.78235055253221900D-03 -4.16194672653381700D-01
17 12  3.63382992573843900D-02  3.79856373395998100D-01 -3.89366771373811300D-01 -1.78501295997211700D-02  9.09523784742697400D-04
17 13  8.77918859670822200D-02  8.04873834922744100D-02 -1.60862413768897900D+00  1.47784246311878600D-01 -3.75757441480694400D-01
17 14 -4.20585548666859400D-03  1.81249395432363300D-01 -1.50198642790435500D+00 -5.52528356596966600D-04  2.26543914507158200D-01
17 15 -7.08898369807400000D-01  4.82354455300241400D-01  4.53893070033393300D-02 -1.03022131956003700D-02  1.09442308466207000D-02
17 16  1.48825544006096000D-01  3.38224600345826100D-01 -5.24978618259852700D-01 -2.45832338313280300D-01 -7.00476114200052400D-01
17 17 -5.41925798448535300D-03 -1.41469367419565800D+00 -1.81469390797075500D+00 -9.61785203400186700D-03 -3.10201414318068100D-01
17 18  4.17592052242936700D-01 -1.07390637924869000D-01 -3.69723377102182000D-02  5.36654486298763800D-03 -7.10118232281677300D-03
17 19 -6.94918778195081400D-02 -1.42404719375217100D-01  4.75006077502515400D-01  1.40187677719507200D-01 -8.98158158000031100D-02
17 20 -1.07298283724032000D-01  9.76969866380049600D-04  3.85404554346197500D-01  4.20862631601227500D-02 -4.26429247840342400D-03
17 21 -2.54560267058068500D-02 -2.89135201402700500D-02 -9.40037045582619000D-04  1.14789800295126000D-02 -1.13525692099189700D-02
17 22 -1.26410819593793800D-04 -1.34556975297203000D-03 -7.67637006713134400D-04  3.33548168761069800D-05  2.67990790290842400D-02
17 23 -1.37088289781971200D-01  1.10289210752887800D-01 -1.04775797148205700D-01  1.51233449179418500D-03  2.20871868959759200D-03
17 24 -8.20155523062395800D-02 -1.68183612386865600D-01  6.49692538482413600D-01  1.75530359571322400D-01 -9.98052187692872900D-02
17 25 -9.52846152153075500D-02 -3.93222638033904000D-03  9.30757953899764200D-02  1.10687156800759500D-01  5.41939743804718100D-03
17 26 -2.35394678192523400D-02 -1.80287374852219400D-02  6.70699856318276400D-05 -1.09374288932205300D-04 -3.09538839326574800D-03
17 27  3.20476268219685200D-03  1.84765565256178400D-04 -8.77733239156471900D-04  5.28824089073145700D-04 -1.81399261628516700D-01
17 28  6.73352026836781000D-03  1.74665741360148900D-01 -1.30694498341191900D-01  2.66098105087865900D-04 -4.92769360962283000D-03
17 29  6.54451215841441600D-03 -2.07571044927368900D-01  1.70228617953081600D-01  1.66935136713326100D-01  7.63253996805911100D-03
17 30  2.57489894909532200D-02 -9.57530990813479400D-02 -3.30265856393630800D-01  1.48746374074987000D-01  6.93805757425466500D-05
17 31  2.75460790814589200D-02 -1.51558078146452000D-01  2.09881365927721600D-01 -4.96853461660552700D-02 -1.66715782803475600D-03
17 32  1.60919844479218800D-02 -1.60157537442150800D-01  9.47465331641150300D-02  3.02226425094686400D-01  1.24018631698712800D-02
18  1 -2.83853964330088900D-01 -6.09122425202614600D-01  1.99596819964744100D+00  3.26122741885980500D-01  2.01100349370625200D-01
18  2  2.60823392290370800D-03  9.07080260670456600D+00  3.81655539766133900D-01 -1.83846442644273700D-02 -1.18614009326277600D-01
18  3 -1.60988524461335200D-02  1.34712861772410200D-01 -1.50099790170415600D-02  1.58182053606899400D-02 -4.17733735941822800D-03
18  4  2.08850173082940500D-01  4.58462889854599800D-01 -1.20620585054771900D+00  3.49231649445005500D-02 -3.77680517449758600D-01
18  5 -1.89447867807946700D-03  4.21870253356189900D+00 -8.61019452937096700D+00  1.62443996978186600D-02  4.52017054336911300D-02
18  6  1.69253933560919400D-01 -2.14455638994610500D-01 -7.48649920076952100D-02  3.42948499233375000D-03 -1.62668818269837700D-02
18  7  2.86482907874348100D-01  5.40522144827484300D-01 -4.69476531315543500D+00 -3.47466282270039300D-01 -4.21001501641384300D-01
18  8 -2.79269205625502900D-03 -1.67796385242070400D+00 -5.38743214697836600D+00 -1.04438010901252100D-02  2.71903976047504300D-01
18  9 -4.81201228922718200D-01  2.09297252875212800D-01  1.54912377793157600D-01  1.41560471687504500D-02 -5.30983569019202300D-03
18 10 -3.18578769424613200D-02 -1.51096164454655300D-01 -2.92975732388510000D-01  9.25910414941524400D-02 -1.98521760854624600D-01
18 11  4.22444985035080300D-04 -3.55023555264356800D+00  3.32874368283707900D-01 -2.65655849307134600D-03 -4.05787197875005300D-01
18 12 -6.80394841806013500D-02  4.73826682055608800D-01  3.32930444382101600D-02  2.43965414771505800D-02 -3.35319290363015700D-04
18 13  5.50668725680701000D-02  1.70583090585088700D-01 -7.65112304469693400D-02  2.58119579918657100D-01 -8.72659230270570200D-02
18 14  5.76450680127845400D-03 -2.05998837962741800D+00  2.74570023165657900D+00  5.17215926292621700D-04  2.43275368392248000D-01
18 15  9.26143950496600100D-02 -3.35889763441905300D-01 -1.85072957316498300D-01  1.44261539069593000D-02 -1.47745163626457700D-02
18 16 -2.28061920665609500D-01 -4.01574877726942800D-01  4.28655170527763900D+00  1.57422097702004000D-01  3.32835483472778300D-01
18 17  7.35385087177702200D-03  3.43394864696334600D+00  3.83762257998842300D+00  1.40466520391554800D-02  3.70106964161492900D-01
18 18 -9.41115028869636700D-02 -2.75995461274529300D-01  3.11371246578599400D-01 -9.40200235128443000D-03  1.05393142121897200D-02
18 19  2.81829963594642000D-02  7.12638060797396200D-02 -3.21268955904245100D-01  2.12304538879575500D-02  3.02377609574812500D-01
18 20 -2.05479639631829500D-03 -1.17487629749620000D-03 -1.39979822610126600D+00 -1.62310362363178100D-02  7.15000272341678800D-03
18 21 -3.32041970628438700D-05 -1.24017217208718500D-02  1.64423477696304400D-03 -2.69583498156133200D-02  8.90174942748720600D-03
18 22  1.80566003881240500D-02  8.10257228601350700D-03  1.08524326481915700D-03  9.03153140486853800D-05  4.95067030534069400D-03
18 23  6.53929229288957200D-02 -7.03435932342354900D-02  4.69816960044470900D-01 -1.61432478740649700D-03 -4.35609619020421500D-03
18 24 -3.87150656140308000D-02 -9.18515497599194900D-02  3.73871169688569800D-01  4.68868213505146500D-03  1.86867296600086800D-01
18 25 -3.47541125400808600D-01  5.71356033906296600D-03 -7.66905989292017700D-01  1.42407808334498300D+00 -8.35320516478010700D-03
18 26  8.58688688081161500D-03  7.72331990996969200D-03 -3.63919972471077400D-04  4.71235830484704800D-03  1.19134042839919400D-02
18 27 -1.66257625888383100D-02 -2.22891146644472100D-02  1.21789598312664500D-03 -8.14366402059612700D-04  3.31415087721446700D-01
18 28 -4.29109399356420900D-01  9.76943116349740000D-02 -3.13695439830267500D-01  1.10844497935601300D-04  7.24914612762116700D-03
18 29  7.24023687031265100D-02 -3.05192391163467500D-01  7.83417911857830800D-02  1.77313076201079300D-01 -1.22470901802680900D-02
18 30  1.45491856455787500D-01  3.18846554828662400D-02  3.36396869673239700D-01  1.65823345525377200D-02  7.00156987617804300D-04
18 31 -1.17772658492664800D-01 -4.87831010975923800D-02  2.33680379627289600D-01 -3.69710412063871800D-01  2.86825572728433500D-03
18 32 -8.77591992671915100D-02  2.49433428952156000D-01 -9.55985689113578000D-02 -8.28311957242041500D-02 -1.87821136389766300D-02
19  1  3.59188237282469500D-01  6.49440377894604400D-01  7.68599750136907500D+00  9.49808195794583500D-02  7.67728975273460000D-01
19  2  5.51278776998375000D-04 -3.52665361057690200D+00 -8.07418584664411800D+00 -7.47997018174122700D-03 -1.11668345555908400D-01
19  3  6.79743436215951800D-02  4.36940019343137800D-02  1.58930440377171900D-01  1.70042329261685300D-03 -5.93436522158451900D-03
19  4 -3.60280641273224800D-01 -6.60131101064439800D-01 -7.58399117915706800D+00 -5.81055848850880600D-01 -4.38915028160766600D-01
19  5  5.96733088041014400D-05  5.19122223045103400D+00  6.94375950033749900D+00  5.90306931722103200D-03  1.27694105982256400D-01
19  6 -8.83501090965400800D-02 -3.93439968857145700D-02 -1.93072286946222000D-01  7.12456984891511900D-04 -5.02302177943061500D-03
19  7 -3.53360578004432300D-01 -6.46696882802377800D-01  9.23472800863567000D+00 -9.54192778853986700D-02  1.41109413940077700D-01
19  8 -4.43773081135061000D-04 -3.32300034357124000D+00  4.14044509723940200D+00 -2.78378619749087000D-03  1.01429554666164500D-01
19  9  5.07294957785148800D-02 -1.52159050444677700D-01 -8.71525716640437600D-02  6.83511250211848600D-03 -4.32476151141776800D-03
19 10  1.66633715370004200D-01  2.62512281302152300D-01 -6.42485276616181800D+00  6.90816523796618200D-02 -1.57422225046483000D-01
19 11  1.18951048391708700D-05  1.24205612181874300D+00 -3.50100007205883700D+00 -8.57533964700614000D-04 -1.90040838952624000D-01
19 12  5.34956451002718300D-02  1.36545193852350100D-01  8.00209644195662700D-02  5.43532141361426600D-03  3.50986877501046100D-03
19 13 -1.75060886927663600D-01 -2.86171801129231000D-01  6.47083008045708500D+00  1.81888571351722800D-01 -1.12437273663312800D-02
19 14  1.03291076610056600D-03  3.64263168437680600D+00  6.97225998939879000D-01 -3.42353677299295200D-04  9.17304822447745400D-02
19 15  1.95491853026163900D-02 -1.11279667547393300D-01 -1.55683333387557400D-01  4.24068044517659100D-03 -2.50206618749428100D-03
19 16  3.83000186212431600D-01  7.17700908182440400D-01 -9.38654133295530700D+00 -1.53301994100419500D-01 -2.11204530891832800D-02
19 17  1.34688670022062700D-03 -5.33016042196684800D+00  8.55419330878622000D-01  4.34006946108155600D-03 -1.29985771483142100D-01
19 18  9.54920557021851100D-03  1.20436565912920500D-01  9.82586303450534200D-02 -7.71649277491330700D-03  4.00895431321751800D-03
19 19 -1.85334799940723300D-01 -4.13827760638540400D-01  2.23519092363701500D+00  8.87122203502683900D-01  6.41636592467388100D-02
19 20 -2.41055121125966000D-01 -2.41817925704762100D-04  3.43867402948370700D-02  1.01072999419717000D+00  4.78810841727641000D-03
19 21 -1.97066409933896300D-02 -2.39202593463662400D-01  8.33524986559111600D-04 -6.49456114695267700D-02  6.88261564186215100D-02
19 22 -3.88054494909533000D-03  1.26640399691438200D-02  2.69571822888250900D-04  4.04336329148111600D-04  4.00141514086292300D-01
19 23 -1.14375824082908000D+00  7.43616726742780800D-01  1.98395947400700100D-01  4.04919659917440300D-04 -4.31139831791938700D-03
19 24  1.80098938970764800D-01  4.01591857244579600D-01 -2.18992935861793100D+00 -8.86889880540202800D-01  2.44831177170521500D-01
19 25  3.22812832413445800D-02  1.82715259642446100D-03 -8.76947241876089700D-01 -4.35359593466471900D-01 -2.77464533916617500D-03
19 26  1.93359301063437200D-01  1.39307103797639300D-01 -4.06446090662073000D-04 -2.47634854148612900D-02  2.08725432125927700D-02
19 27  3.89094220226883800D-03 -6.94516798679624700D-02  3.42666527195637900D-04 -2.66718057037987400D-04  9.24513735505250200D-01
19 28 -2.06064682951899900D-01 -7.18449052553350200D-01  6.20757905011299800D-01  1.52521470338669800D-04  2.34779363402828000D-03
19 29  1.53867115462894000D-01  1.25328941369660200D+00 -1.51698033600101400D-01 -2.57852401777220400D-01 -6.95542034665124500D-03
19 30 -1.83576518904598300D-01 -6.95693951570254700D-01 -6.61832063589720800D-02  7.68210901881643500D-02  3.29415449720101500D-03
19 31  1.78894534555530300D-01  6.99933033904099200D-01 -6.79096758669967500D-02 -4.90682480834059100D-03  2.11019006884719500D-03
19 32 -1.62052317865642000D-01 -1.28645496607579600D+00  1.38779354358028300D-01  2.72759478961998500D-01 -8.82061741635828100D-03
20  1 -8.86798326081020500D-04 -3.70283532864514500D-03 -1.32981890557939700D-01 -6.09389010194111000D-03  1.00958640217224500D-03
20  2 -5.06167175746843300D-02 -1.20581361374078800D-01  9.01199501809199500D-02 -5.14404909338770600D-01 -1.07517713537488800D-02
20  3  9.30462177326143100D-04  9.82130917642272600D-03  1.37447643642549700D-03  2.46079450700155600D-01 -7.68845971053639600D-01
20  4 -9.69548305297020100D-04 -1.15909857261278200D-03  1.36473996904809000D-01 -1.94284001074309500D-03  1.00327824044999600D-02
20  5  4.60730617227496600D-02 -1.28647468919455000D-01  5.02003157861859400D-02  5.33749106024156600D-01  1.08676057951702900D-02
20  6 -4.50328470290683000D-03 -6.36432109226347300D-03 -8.48754142494299700D-03  8.46404911247933600D-01  2.65352135347401100D-01
20  7  2.55839279504392200D-04  1.71049462023799800D-03 -2.59368661642691500D-02 -1.44547908151273400D-03 -1.71718036072804900D-03
20  8 -6.96665071916453000D-02  6.74903404556789300D-02  3.86654713948165500D-02 -1.55769723599679400D-01  3.86760601310983600D-03
20  9  3.33626841453456100D-03 -7.20387442764442600D-03  5.28042188642285500D-03 -2.34716632233154900D-02  2.17645477825176000D-01
20 10 -5.56500997560545000D-03 -1.18769533847789300D-02  6.01197290304813700D-02 -1.33769234979673400D-03 -2.99562893997270400D-03
20 11 -1.80949572712468900D-02  4.30779818307214900D-02  2.15163838693109200D-02  1.00068280507689100D-02 -3.35646854475867900D-03
20 12  2.02336321555259100D-03  1.33310532920607400D-03  6.96323358455716300D-04  1.45134931244688600D-01  5.19765536809132000D-01
20 13  3.87778260322927000D-03  7.89441926103718800D-03 -5.43187800503380900D-02  1.65942294161281600D-03 -1.22582102993312300D-03
20 14  2.54484093041564900D-02  1.72424753531928000D-03 -4.43203771199336800D-02 -3.30458945704337900D-03  2.29488642312963400D-03
20 15 -2.57478980359184100D-03  2.79903380462206800D-04 -3.28983710907497800D-03 -4.47491506630299700D-01 -4.35609756649743900D-01
20 16  2.78550564362092800D-03  6.41531546374070900D-03  2.17662955588810600D-02  6.66640841346473200D-03  1.81737833681036100D-03
20 17  7.25343088556497400D-02  2.81593477089253400D-03 -7.31600368823216400D-02  1.42038323987709900D-01  3.52203418125065300D-03
20 18 -3.95578376122723100D-03  4.33749579976615900D-04  1.57936587900493000D-03 -2.39184352198925200D-02 -1.49901581594806800D-01
20 19  2.76879184367368700D-03  5.95081181789531300D-03 -2.47460092141116000D-02 -8.97388370761600900D-03 -6.62186060955090700D-03
20 20  2.99279322102176600D-03 -1.38845652878352200D-02  2.25804567434963300D-02 -7.74353536212197800D-03  5.37569121846816400D-01
20 21  3.01488580277452000D-03  2.62786887128991000D-03  3.78627940845938600D-02 -1.03160936162995600D-04 -5.12118939447366600D-07
20 22  1.03673055102488100D-04  5.49273441063627800D-05  5.72094304033160100D-03  5.44078243798692300D-02 -1.31480429900593000D-03
20 23  8.12419906674709600D-03 -6.80939476774110400D-03 -7.41348204762432100D-03 -7.84896217430292400D-02 -5.34885082580643500D-01
20 24 -1.93323970277282500D-03 -4.13127131131789400D-03  1.94056522719171500D-02  7.95364154829278000D-03 -2.99060086326144800D-03
20 25  1.14233543726715500D-03  1.84228530244772900D-03  1.13317283910513500D-02 -2.87343428428752000D-03 -5.76740665485771200D-01
20 26 -1.02687602654946600D-03 -3.07045860857098100D-03 -3.89496432770314500D-02 -1.93999605809378300D-05 -5.35255226300852300D-05
20 27  7.29254832110036800D-05  5.07894877128044900D-04 -5.28345247149205300D-02 -3.68044200407259300D-02 -3.24711983818101300D-03
20 28 -3.10830069438437600D-03  6.35542053256538900D-03 -5.55922878447903300D-03  4.78015915124532400D-01  3.45356584798230700D-01
20 29 -5.82171518508148600D-03 -1.16094910833836400D-02 -2.24162455844182000D-03 -7.29685492346980700D-03  1.80872198126505200D-01
20 30 -1.54383429554428900D-03  5.06945039071048400D-03 -2.44873587199238200D-03  1.01791126110468600D-03  4.38993528967763900D-01
20 31  1.03146148035247900D-03 -4.37152772912928200D-03 -2.03754544737915300D-04 -1.68890977433644000D-03 -5.08717065258784800D-01
20 32  4.41532400372104400D-03  1.13339238706008300D-02  2.87012863770110600D-03  4.89651045209322500D-03 -3.10335877749119800D-02
21  1 -2.44625508174018300D-03  1.02386804358047100D-01  7.11475542279873400D+00  4.61918532720011000D-01 -4.50608802333658000D-02
21  2 -1.86759069257880800D-03  5.42562657890820100D+00 -4.79316607565398100D+00  7.35301210113650900D-03  6.14705107039973700D-01
21  3 -4.12302577532636100D-03 -6.10582081264647100D-01 -3.72195153981372100D-01  1.02269707149274300D-02  1.50346266350494100D-02
21  4  1.43216049482086100D-02 -6.16814130041391900D-02 -6.98585016849034000D+00  2.59219923579357200D-01 -4.56323715387167200D-01
21  5 -1.48461273879689300D-04  6.71051214954182800D+00 -2.27599955339666000D+00  2.28702308367760700D-03 -5.34679953338329000D-01
21  6  2.73283327472334100D-03  5.31947120063606900D-01  5.20580869271742900D-01  2.03929580384515700D-02  2.50772326294765000D-02
21  7  8.26500583949395500D-02  1.36995134428049000D-01  1.59463981777056700D+00  4.00084705526868400D-02  2.64783016312439900D-01
21  8  4.96910723325665100D-04 -3.52251311726957500D+00 -2.01992135175948200D+00 -3.33789200430449400D-04 -2.60712710978983900D-01
21  9 -5.68163713412014800D-02  3.17529082320186600D-01 -2.76817824510280100D-01 -3.18650706573932800D-02  2.85280753822368700D-02
21 10  3.00472435022263700D-01  6.46885448268687200D-01 -2.96566619814160200D+00 -5.11901609988121300D-03  1.83269172800989000D-01
21 11  1.32556286899112200D-03 -2.40782690974067600D+00 -1.10986255988891200D+00  2.47454381490657100D-03  1.93744130440673900D-01
21 12 -9.60123829984555100D-02 -9.77317474422180800D-02 -1.54261553730783600D-01 -5.83562446936369100D-03 -1.36385687197292700D-02
21 13 -2.74586454989881900D-01 -5.87638120477683200D-01  2.91744823484751500D+00 -1.48950523381914600D-01 -3.01498663068462600D-02
21 14  7.41467073843013000D-04 -2.16081602389945300D-01  2.60664669031679300D+00  1.77935679729683900D-03 -1.26160784313125800D-01
21 15  4.34866336375823000D-02  8.26741506755436200D-02  2.32006608050259600D-01 -2.34736465237396000D-02 -1.16375128238270400D-02
21 16 -1.14106199063997700D-01 -2.29035945962433500D-01 -1.71406711760088700D+00 -3.10045748729177800D-01 -1.76898774085441100D-01
21 17  4.69750341372589400D-04 -1.41728364130207600D-01  4.01231701641123500D+00 -5.93880203177329800D-03 -1.53081737131730100D-01
21 18  3.65024378735554900D-01 -2.11942641603827100D-01 -1.61432801208043800D-02  3.91913452913745600D-02 -1.71309374879372900D-02
21 19 -1.48225186119737800D-01 -3.19909576713063200D-01  1.28434050456834900D+00  2.98500901878905700D-01  1.32204967191114500D-01
21 20 -1.49232537017372600D-01 -1.11521223997296400D-03 -5.65911390345142900D-01  4.51720807901439200D-01 -7.35761404653324700D-03
21 21 -1.51697268074614600D-01 -7.06848336683523200D-02 -1.01091278239323600D-03  8.63138230001174500D-03  4.28654824891061900D-04
21 22 -9.06003712490507200D-03 -8.42748230960400600D-03 -2.14195168377063800D-04 -1.28754593084809100D-03  2.11695951975562500D-02
21 23 -4.11933580589480500D-01  3.90763985391921100D-01  2.02836765491781600D-02 -4.73991750648086300D-03  8.54553432715914400D-03
21 24  1.34768633476070900D-01  2.89845596168931600D-01 -1.20855564481696700D+00 -2.89272730221854700D-01  1.61755891463152300D-01
21 25 -1.42813669768481400D-02 -3.71802191572256200D-03 -5.81991820400756800D-01  1.28630778290895800D-01 -1.12169539731560700D-02
21 26 -8.92792283761149400D-03  1.57386504361485400D-01 -7.99803868317904100D-05 -7.83524976731729000D-03  2.05931954916346000D-03
21 27  5.77593021815471300D-03  6.04840721448275700D-04 -2.38121391045030600D-03 -7.40707286329068900D-04  2.02552416847568300D-01
21 28  1.69503978362196400D-01 -3.72056395209764600D-01  2.60559301990797500D-01  1.52657303089801100D-02  3.52542873385322000D-03
21 29  2.84737855064948900D-01  5.96539520594262400D-01  1.68608368349778100D-01  4.24043428205125300D-01  3.55428646715435900D-02
21 30  6.12609016493814500D-02 -2.47147077361787000D-01  4.56357309152469500D-02 -5.42993403779904700D-02 -1.23816695130556400D-02
21 31 -5.22042673286469600D-02  2.44542152382148200D-01  5.30845865195477600D-02  3.12059053366601600D-02 -2.26773505900140600D-02
21 32 -2.67477890723447700D-01 -6.19332168776472500D-01 -2.58546131992168700D-01 -3.41792691665003800D-01  3.56199532222893700D-02
22  1  3.92692751544602400D-02  1.26300238829046500D-01  1.24683714566853900D-01 -2.32433289035018900D-01 -2.26999687134472600D-01
22  2 -6.11417548493702800D-03 -3.89946701729432900D-03 -4.04653090303053100D-02  9.66185868998534500D-02  2.41355438276049100D-01
22  3 -9.76421815170308600D-02 -1.43713256759018300D-01  6.77916845383592300D-01  9.70662552964116400D-02  2.86062336569676500D-01
22  4  2.30541776678724100D-02  1.24454211689438000D-01  8.91878169770301300D-01 -1.88699745507511600D-01 -2.53376925278110500D-01
22  5 -9.85566539826048300D-03 -6.57037292158210200D-01 -1.78343160689143100D-02  4.72056337100544700D-03 -3.96525423016310500D-01
22  6  7.00872223592285500D-01 -3.04346800575975400D-01  3.58614583620677000D-02  8.66651806563785600D-02  2.04333688737418100D-01
22  7 -1.77099330524749100D-01 -4.51982733772017500D-01 -3.88186089912633300D-01  1.07587858178946200D-01 -3.47829885124834300D-01
22  8  1.97926238996484500D-02 -1.55230673542431800D-03 -5.32599467407708800D-01 -1.18750982628997300D-02  4.00607854291211100D-02
22  9 -3.27039323323771400D-01  2.86978537894649900D-01 -1.31100102309676100D-01 -3.21231548986553300D-01  2.65903174361799700D-01
22 10  9.44122749423392700D-02  2.02250082196198600D-01 -4.55767912534693300D-01  1.56071113239967300D-01  8.08297044371740200D-02
22 11  2.28812555462632000D-02 -9.29417726836183800D-02  5.38244972605339100D-02  1.73160771905479700D-02  5.61037034943569800D-02
22 12 -5.25666052069746000D-02 -3.53709828738172100D-03  1.83704427812719100D-01 -3.54191301061036500D-02 -2.51517026067383200D-01
22 13  1.50794459256148300D-01  3.31470260473588600D-01 -7.17622566621583700D-01  4.57794634841433200D-02  1.96411340862442100D-01
22 14  1.84904762028633200D-02  2.19447969952220800D-01 -4.92984295922699500D-01  1.76469122075291700D-02 -1.20205595431547600D-01
22 15  1.71311394780736200D-01 -5.11057993491890700D-02 -2.64085939908209300D-02 -1.47192945333423000D-01 -8.93795693948878900D-02
22 16 -1.41096310004900500D-01 -3.84741157401539600D-01 -3.43875030700428000D-02 -2.85204880513737300D-01 -1.70136766838841500D-02
22 17  7.84124202690823600D-03 -5.13129311179579900D-01 -7.97161295956579100D-01 -4.49472735528458300D-02 -1.11434152526094800D-01
22 18 -2.47791548120571000D-01  3.59225700646666200D-01 -2.44536775900709000D-01  4.08688369946699700D-01 -1.34270252190319100D-01
22 19 -3.85043689828180200D-02 -8.00004483357779600D-02  2.11249750143071800D-01  1.12431413357625300D-01  9.99161528732419000D-02
22 20 -4.57252151068080400D-02 -1.46944592813613900D-02 -5.76602684812192700D-01 -9.74634756162542800D-02 -1.47268529024678200D-01
22 21 -2.78427746588666800D-02 -3.55912552421698300D-02 -7.66004036501992000D-03  2.30642222805238800D-02 -2.30217164903249900D-02
22 22 -4.25057901990044800D-05 -9.40363889962098600D-03 -7.94089726569799900D-05 -2.35869881935231500D-02  1.23104397420272400D-02
22 23  1.31586046469062300D-02 -2.54690443889329900D-02  5.52208006414607400D-01 -3.62412579947738100D-02  1.69504292701535200D-01
22 24 -6.39578619477331700D-02 -1.34899183373622700D-01  3.87231184282386100D-01  4.57328298197726800D-02 -7.12492906783076000D-02
22 25 -5.65597717848492900D-03 -2.12832925527939900D-02  1.76814848308004900D-01 -4.02554926591048100D-01 -6.29745367743463200D-02
22 26  2.27891726551878600D-02 -4.54137815079232100D-02 -1.69584043076806000D-05  1.35322142647206100D-03  4.00992950869682100D-03
22 27 -5.36315093516927400D-03 -4.03386907762097900D-02 -1.48512163947258900D-02 -6.25732048651373000D-03 -3.43614171604277500D-01
22 28  3.12630659324823800D-01  3.09835122794536000D-02  2.24213843929070800D-01  1.00271665440742500D-01  4.14937410521747400D-03
22 29  1.69535806650644100D-02 -3.44917608553955300D-02 -4.64507650104094900D-02  1.40850634859796100D-01  3.28024496905150800D-01
22 30  8.17751849629906500D-02 -7.34449683782240300D-03  1.63456122760667300D-01 -3.66770234406665600D-03 -2.18321447846750000D-01
22 31  8.28438622192142800D-02 -3.11101652540947900D-02 -9.40900034376386400D-02  1.35913326839136500D-01 -1.50782058007162800D-01
22 32  5.16653493198263900D-02  2.64251538606469900D-02  2.15351510785727500D-01  1.21201026221029700D-01  3.49655837378765800D-01
23  1 -2.12697490522979800D-02 -8.65118471476012500D-02 -4.23085811271465800D-01  1.37475295390226900D-01  1.81462243133471400D-01
23  2 -6.76130461796645300D-03  3.35790260528765600D-02  2.53900582054939800D-01  1.22439162192056700D-01 -2.30755253623416000D-01
23  3  6.88664275171854400D-02  1.61888826106230600D-01 -4.70156253052203200D-01  1.37669506976556900D-01  4.01713247690538400D-01
23  4 -8.88195027376987300D-03 -6.70527006815280900D-02 -4.91919920756471600D-01  1.10226595714286800D-01  2.10308997396030900D-01
23  5 -1.39412233045596400D-02  2.79076461593294000D-01 -1.17012500214067700D-02  1.77921611657277000D-02  3.34629715193797200D-01
23  6 -5.17590679888123700D-01  1.82960964694327000D-01 -6.47928592581273600D-02  1.13584260879829000D-01  2.75654573140476800D-01
23  7  1.20154244725195700D-01  3.12860120848316500D-01  1.70426661052001500D-01 -8.01824953764931600D-02  2.32878075752615800D-01
23  8  2.88446363380222400D-02  1.38125323877943900D-01  4.96587393039817600D-01 -2.29155089521158400D-02 -1.05869767509714800D-02
23  9  2.42646669627849200D-01 -2.32059692876877400D-01  1.18474770650946000D-01 -4.40126671900079600D-01  3.64576260568814100D-01
23 10 -9.04003297438630300D-02 -1.94676172249259200D-01  4.56416267312744000D-01 -1.10654888612394000D-01 -7.83696816117657200D-02
23 11  3.31715026086118300D-02  2.00559135027106400D-01  3.22750410747895800D-03  2.20853669381892800D-02 -5.60519003357175900D-02
23 12  4.35952346312418300D-02  1.24566657044752200D-02 -1.17854203338433100D-01 -3.89479972342709400D-02 -3.57012344820302800D-01
23 13 -9.66728337855128900D-02 -2.09432623769652100D-01  4.41848927045592000D-01 -1.81318114884322300D-02 -1.37282453150770800D-01
23 14  2.86929925946674200D-02 -1.52660381132111100D-01  2.31540245533877200D-01  2.39530484104906300D-02  1.04771489199394100D-01
23 15 -1.21672973521921200D-01  1.69014843225274900D-02  1.53313313219076600D-04 -1.92253608160913600D-01 -1.27559590270301300D-01
23 16  1.11011503036736800D-01  2.95645020010185600D-01  2.65744788003318600D-01  2.34743468959740500D-01  3.82347024010988400D-02
23 17  1.32185675115650700D-02  4.40787144847254400D-01  4.56480329217445000D-01 -5.37601538315329100D-02  8.74038960882741900D-02
23 18  1.53475872184268500D-01 -2.40879768272542800D-01  1.83591080377751700D-01  5.61160255419456800D-01 -1.78488580418119800D-01
23 19  3.82757298156213000D-02  8.03159782119776000D-02 -2.24802396181422200D-01 -6.39559982479180300D-02 -3.22980149318217200D-02
23 20  4.14786589874351300D-02 -2.13720251689265400D-02  3.41828821662140300D-01  4.84325495614519900D-02 -2.03603776484800000D-01
23 21  2.58310473160084100D-02  1.57807272582059600D-02 -8.64025456359111300D-03 -1.96001934150593800D-02  1.83269542341742100D-02
23 22  1.27323918088531000D-03  9.29670506253582400D-03  5.61436779091294000D-04 -3.32616929624476000D-02 -8.55434358857909400D-04
23 23  5.53221730045489700D-03 -4.67678294159725800D-03 -3.64635240457605100D-01 -4.87570266692166600D-02  2.36579113181735500D-01
23 24  3.87181095263342300D-02  8.07112350424585800D-02 -2.17976539882029000D-01 -5.42379412093403100D-02  4.99843528131515600D-02
23 25 -5.43167714917036500D-03 -2.52199473783682800D-02 -1.21281752463725200D-01  3.30266629807645800D-01 -9.06378954402583800D-02
23 26 -4.21823210551966000D-03  3.28906958522233100D-02 -1.07106954012143600D-03  1.63543935776471200D-03 -3.37658728727833900D-03
23 27  1.74114792951394200D-03  2.67310993762074100D-02 -1.96172542308731000D-02 -9.36754673836741800D-03  2.61230300308278400D-01
23 28 -2.62308085989271400D-01  1.07778568099299100D-03 -1.88668988047838000D-01  1.37961780743593800D-01  7.93638746931456600D-03
23 29 -1.91733998698365000D-02  5.69246830476238800D-03  2.07905439622326100D-02 -1.39321186584527300D-01  4.46278251864244200D-01
23 30 -6.37368323131065500D-02  1.20001407827936700D-02 -1.17147703978499600D-01  4.46661935220824200D-03 -3.08854733985690100D-01
23 31 -6.78360324685256500D-02  1.00361983334178600D-02  6.57835673112497600D-02 -9.73041219378778900D-02 -2.01504036706820200D-01
23 32 -2.27401059229177400D-02  1.04017807099515700D-02 -1.41813273109387500D-01 -6.72527614801289600D-02  4.74909656774314700D-01
24  1  3.85938726261941800D-02  8.14884553295209400D-02 -4.56518875207779800D-01 -1.13024873341998600D-01 -2.17379024381136100D-01
24  2 -6.28438617369718700D-05 -2.85177142063605900D+00 -5.18986234624197400D-01  8.49965141062177600D-04  8.15245375129311600D-02
24  3 -2.00776416816832600D-01  1.19251879303903300D-01  5.89417599868590200D-02 -7.46591285485481300D-04 -1.35607466649024500D-03
24  4 -4.07564666443885800D-02 -8.39582600692493500D-02  5.82589080027768400D-01  1.40976397067605500D-01  2.12967823124092000D-01
24  5  4.30801268140755600D-05 -9.42403370647365500D-01  2.71420448861575400D+00 -1.38368986242592500D-03  1.84849701005321500D-01
24  6 -5.05461701409203700D-02 -1.34303530864402900D-01  1.31290543818990500D-01 -4.58435023285121600D-04 -7.92769773596714700D-04
24  7 -2.64583534761716600D-01 -4.85105340540849400D-01  4.46844032958426000D+00 -2.83095255510128400D-01  3.75335031331007500D-02
24  8 -2.59867690973879300D-04 -1.19251419520394800D+00  1.38050543899546800D+00  6.88106848576157800D-04  1.89084212333566300D-01
24  9  1.10450393486634400D-01 -2.99534605820202400D-01  5.24489017425290400D-02  1.38067102723475000D-03 -1.27418477298242500D-03
24 10  4.34341528082294400D-01  8.12173568491696200D-01 -5.58321641738088600D+00  5.51974071159478900D-02 -5.20818533966036400D-01
24 11 -2.39299996977147700D-04  8.84801258316732800D-01 -2.82370350455020200D+00  5.19674588985409900D-05 -1.49268343177862000D-01
24 12 -3.77824971950270800D-01  5.27093315128131800D-01  3.90847000248515000D-02 -6.33703144567048500D-04  1.74209488505936800D-03
24 13 -4.41592491818018400D-01 -8.27171328651253500D-01  5.60765405436292000D+00  4.89628674279620800D-01  2.31093007757510500D-01
24 14 -3.25995682598175000D-04  2.91872689742197700D+00  6.77806535039944900D-01 -1.71335666148079100D-06  3.41169816726267000D-01
24 15  1.86222866206278000D-01 -5.27392682932546200D-01  8.30123352695451800D-02  9.51033136392662000D-05  9.62654559650114300D-04
24 16  2.73392759369993200D-01  5.00001476352723000D-01 -4.58421632357327900D+00 -1.78553910790729900D-01  2.36655037965631400D-01
24 17 -2.23156047579112200D-04 -1.82845373715944200D+00  3.40544488278404300D-01 -5.56867091981033400D-04 -1.02198305288170500D-01
24 18 -2.16098886322033100D-01  3.18297191610202900D-01  2.28445290274420700D-02 -1.62316178079020600D-03  2.01325368123952900D-04
24 19 -1.94828524562401300D-02 -2.74227573271778600D-02  4.20297118758702100D-01  2.38986396664851500D-01 -8.74646646589407500D-02
24 20 -7.25681609952172800D-02  1.67649498349589400D-04  4.21978658573503800D-01 -2.21470550483148100D-01  3.33333377929077500D-04
24 21  5.77540582159812400D-02 -8.76485696333327800D-02 -1.74468705679071000D-04  1.10802702392586900D-02 -1.73652052977441000D-02
24 22  6.28493505848545100D-03 -2.58634928526899600D-03 -5.85060420168749200D-05  1.28561718754706600D-04 -8.85050619441918000D-02
24 23  1.43268052603211400D-01 -5.47629906590223800D-02 -8.89167899575089600D-02  6.88281769514939700D-05 -6.20488475966511400D-04
24 24  2.63297211925778400D-02  4.02795645270954600D-02 -4.90242901501547600D-01 -2.52513030420397200D-01  2.73213549241260700D-02
24 25  1.19114004953794600D-01 -2.58139106654367600D-04  4.26031047459088100D-01 -2.44004848080336500D-01  1.03780138317929600D-03
24 26  1.11079154822952100D-01 -4.24965632549115200D-03  1.39506217180828600D-04  1.03663149640599200D-02 -1.95021369095923500D-03
24 27 -8.41610127310122400D-03  1.63606245854281300D-02  4.50178305772196200D-05  1.29994730494373200D-04 -1.60459634464617400D-01
24 28  1.04141456719356000D-01  5.63181777452614100D-02 -7.46135185152812100D-02 -8.30499079846252800D-04 -4.33128475737844400D-04
24 29 -3.30886185673402900D-02  4.53275730733619900D-01 -1.75354089193883900D-01  1.54529761127853600D-01 -1.19724302870097900D-03
24 30  1.32730773620510200D-02 -8.75917197452991800D-01 -8.83549571643300900D-02 -5.11397156522887600D-01  1.42274302852582100D-03
24 31  1.09079144223326900D-02  8.95706733424758400D-01  4.19825259293121600D-01  3.37673517947659700D-01  4.42205249864679900D-04
24 32  4.79884569064282400D-02 -4.62118184413375300D-01 -2.27718110351899200D-01  7.71900000401825300D-02 -1.04444547228485000D-03
25  1  7.33105417421213300D-02  8.98430539826445800D-02 -3.40277464256527500D+00  8.08476304332386000D-02 -2.10417819775422900D-01
25  2  7.24174695220489300D-05  1.23297338174571100D+00 -2.13810231656719700D-01 -8.97163428843600700D-04  1.25326067845187000D-01
25  3 -5.02880998125799000D-01  3.77554930280613600D-01 -1.92001257584039600D-01  5.04083132426785400D-04  8.64814705044264600D-04
25  4  7.68550662450745900D-02  8.95477228524827200D-02 -3.93523537703895100D+00 -2.21194034843010300D-01 -4.95854386582506700D-02
25  5 -4.64307746452930500D-05 -5.81151369358183300D-01  9.39262031844544400D-01  1.25433140719786100D-03 -2.34523149622162000D-01
25  6 -1.88711345588985000D-01  4.23234495211146600D-01 -4.06821093371341200D-01  3.43440007568578700D-04  5.73150521344702900D-04
25  7 -3.86128875612413500D-01 -7.20269955705709700D-01  4.05824024286937000D+00 -3.95399133002927000D-01  1.76763273277883300D-01
25  8  2.24115938261329500D-04 -1.04417691206418500D+00  1.29913381014914100D+00 -5.96102456939782800D-04  3.59727057712808600D-01
25  9  1.58190508483683300D-01 -5.17917566196489900D-01 -7.06755100758237600D-03 -9.44437742066708500D-04  9.12016841034345900D-04
25 10  1.78690299262320500D-01  3.23123692978876600D-01 -1.60143420511994200D+00 -2.59070857208537700D-01 -1.88627288459361600D-01
25 11  1.87579439575052000D-04 -4.78169540916863200D-01 -1.05339665936857000D+00 -5.80918555475511800D-05 -1.07579189045655500D-01
25 12 -1.58945220318136200D-01  2.66524409363790700D-01 -8.58096392786247300D-02  5.91539940191882300D-04 -1.30260682594099400D-03
25 13  1.53367893610891300D-01  2.75556756206421200D-01 -1.20676504215276300D+00 -2.08645328524188900D-02 -3.04273733939144200D-01
25 14  2.58303160732092200D-04 -5.44815482456427600D-01 -7.86201920807981100D-01 -2.62907577182302300D-05 -6.95495934824336700D-02
25 15 -1.72761719804966100D-01  2.42311313287397800D-01 -5.75081514264588300D-02  7.95780864810757100D-05 -7.63417994696263900D-04
25 16 -3.75260629295672900D-01 -7.01490652953695100D-01  3.73520715028205600D+00  3.16144648261750500D-01 -2.42021593382867200D-01
25 17  1.70876398401412800D-04  1.51886236439330200D+00 -6.53745585696555300D-02  5.47181648413447900D-04  2.12423774316259400D-01
25 18  2.98279129326108000D-01 -5.10702903642368400D-01 -1.10248755525376200D-01  9.94135789697223800D-04 -7.32057035423118100D-05
25 19 -1.45693204177921600D-01 -2.73276347296898700D-01  1.48674869720459300D+00  1.65282145347387900D-01  3.78868676042478100D-02
25 20 -2.43054946947555200D-01 -1.35028510348839100D-04 -1.35306231644304300D-01 -5.19779251955572800D-01 -1.01649401355849500D-04
25 21  2.12390261985871700D-02 -8.09047233536736400D-02  1.73193423662246900D-04 -9.41252133684262500D-03 -3.25724265234538100D-02
25 22  4.19849478602965900D-02  4.30472775977480700D-03  4.92310618269238300D-05 -9.01891040591829300D-05 -1.20079389573225700D-01
25 23  1.34142128319808200D-01 -1.40627387465853100D-02 -1.05596776474183700D-01 -9.57612215001166800D-06  3.42818475296254700D-04
25 24 -1.49506513517253200D-01 -2.78982897019572100D-01  1.53004497746939000D+00  2.04584734834561400D-01 -2.31836627331406900D-01
25 25 -8.70597029169140500D-02  2.69709925691921800D-04 -4.37453046844507300D-01 -4.08360412340497600D-01 -8.91290475099453600D-04
25 26 -9.95751570213696700D-02 -1.90817295572821900D-02 -1.32572965880910900D-04 -3.26475770680649500D-02 -1.32026850756350600D-02
25 27  4.58502621437017700D-02 -1.07356660106301100D-02 -3.11172624824378000D-05 -1.15707495127468700D-04  1.62943938397595100D-01
25 28 -1.29611303276261100D-01 -3.33326351213339100D-02  9.33335595049885500D-02  6.77813957434949000D-04  3.94425329946523600D-04
25 29 -9.24185364947722600D-02  5.47786273767570300D-01 -4.38390581269443200D-01  1.46051620355141600D-01  7.81961546924846400D-04
25 30 -1.75096815495835800D-02 -3.66053904032073200D-01  1.52115591508345400D-01 -1.71076860915291000D-01 -1.03480196713866800D-03
25 31 -2.17946748681107300D-02 -3.16983568489607700D-01 -2.06553093701598000D-01  5.01830394869788500D-02 -2.22474103437998000D-04
25 32 -1.18380204033028700D-01  4.89978011004401600D-01  3.17522086155282700D-01 -3.02920773713546000D-01  5.79649867254958000D-04
26  1  2.10231489515925700D-01  2.59899410347580900D-01 -9.78001132646354200D+00 -8.64309876244198600D-02 -2.49694229207110600D-01
26  2 -2.15103471924959200D-04 -2.09242392664007300D+00  4.73042637802936800D-01  2.81785139960056100D-03 -1.98780563667599700D-01
26  3 -7.92805032464249600D-01  9.91585596131847400D-01 -5.31638357199449900D-02  2.98401488129060000D-03  1.01637664839771300D-03
26  4 -1.99353607793680600D-01 -2.42370435208324800D-01  9.62937661134576900D+00  1.68617396773692400D-01  2.01527871475417800D-01
26  5  1.02293013476881300D-05 -1.48444615831457600D+00  1.63102652372372800D+00 -3.20747707296260500D-03  5.94741142241992500D-01
26  6  3.77066753464263100D-01 -9.71807895706257500D-01  3.06480437106939100D-01  1.94052982784083400D-05 -4.15748791604575100D-03
26  7  1.82975762383996800D-01  3.00625958611822400D-01 -3.05549717221241500D+00  2.70175863432191200D-01 -3.81739051544135000D-01
26  8 -6.15103086181860000D-04  1.70950238771531200D+00 -1.00389535047336300D+00  1.31603690509638800D-03 -1.34421842817821600D-01
26  9 -1.93479105580627800D-01  3.27900948398446300D-01 -2.09044627004352900D-01  5.64339935340847100D-04 -4.06473391098735900D-03
26 10  3.24339500297351500D-02  9.70865203232701400D-02  2.10778175995258500D+00  1.56426854858674800D-01  1.91971900536889900D-01
26 11 -9.21913579671526000D-05  4.96619845192002100D-01  1.28974697030049500D+00 -4.78114560722454200D-05  6.06451387102735600D-02
26 12 -4.80626836997062900D-02 -1.25824550105646500D-02  3.75374710719580500D-04 -3.81095317216705200D-03  2.89208495463624200D-03
26 13 -2.63672583250741800D-02 -8.51393069722253300D-02 -2.14264282797732600D+00 -9.25833569075095200D-02 -2.46927686377290300D-01
26 14 -5.46320652665660300D-04 -8.99171428777809100D-01 -1.10392917976525800D+00  2.63521492235331600D-04  2.24127882857176500D-02
26 15 -4.10787143246736600D-02  1.86659260389574200D-02  5.85874457856846100D-02 -3.20900554744723300D-03  2.71106564038618200D-03
26 16 -1.96828514873874600D-01 -3.26114096882902300D-01  3.22248393091487900D+00  4.74764101027799100D-01 -4.99518632717124200D-02
26 17  1.47435307841528000D-04  1.79620989305553000D+00 -9.69839646411205700D-01 -1.23118875479509600D-03  3.01635052861576000D-02
26 18  3.19448143018663400D-01 -3.49611648304818700D-01  1.34792350255979000D-01  2.36116803929825500D-03  1.64232881557984500D-03
26 19 -2.75004219577181500D-01 -5.16086077300617700D-01  2.75643586091601600D+00  1.18164393546723600D+00 -3.81354100551117900D-02
26 20 -2.81936513140025200D-01  3.35643150262432100D-04  2.73625368224314400D-01 -1.33726206094881200D+00 -1.29257050561041500D-03
26 21  2.90038565204617800D-01 -4.03097785567549800D-01 -5.76281051648713400D-04 -1.75362357601863700D-02 -7.49285968886432800D-02
26 22  9.24648326488305700D-02 -1.05846175301017800D-02  1.14516348692432100D-04 -9.83613170445959000D-05 -1.95596320045637600D-01
26 23  3.31239420445783100D-01 -1.35643100400143500D-01 -1.11581200619651700D-01 -8.87256716941728200D-04  1.03208760920975600D-03
26 24  2.73974959471333200D-01  5.14896958325948000D-01 -2.71677391017595000D+00 -1.18307968650733800D+00  2.08115629886517900D-01
26 25  1.72458570435624800D-01 -4.66897823574877300D-04  1.29932886241742800D+00  4.19812142676821700D-01  2.27647347854583800D-03
26 26  4.93427735705004300D-01 -4.98424002046732600D-02  4.88566480922194700D-04  5.41703104790428300D-02  3.97861083436432500D-02
26 27 -9.39564188226881700D-02  3.50966047594184100D-02  2.89575508866440800D-04  1.37360930605495000D-04 -2.85002668486998800D-01
26 28  1.43322494620408000D-01  1.41680173866590800D-01 -2.12562513414630400D-01 -2.17595303528528000D-03 -5.30196546810641900D-04
26 29 -2.23635723995727200D-01 -5.43117998786763000D-01  3.40104140957780700D-01 -2.40690549254601900D-02 -1.38937037631271000D-03
26 30  1.17028514942116100D-01  2.85522334991313400D-01 -1.13480696458747500D-01  2.94128095472448800D-02  2.00185148612627500D-03
26 31 -1.28905064210928500D-01 -3.01208510954750300D-01 -9.59097484326183200D-02  8.15758256869125500D-02 -1.04209345697009100D-03
26 32  2.18422176403128500D-01  5.59349863272639600D-01  1.97059781303098300D-01 -2.90864682880123500D-01  9.36092328815677200D-04
27  1  3.18937316925643800D-04  1.08772599151673600D-03  3.56432386059168100D-02 -6.14569154785099300D-04  1.67347529973090300D-03
27  2  2.36387721049185600D-02  3.78502755117518400D-02 -1.38685644049384100D-03 -8.58665207631036100D-02 -5.74413749674588600D-04
27  3  2.96619100947647900D-03 -2.39177725980188600D-03 -3.40922597211286100D-04  8.53507624596067300D-01 -1.23700264851461800D-01
27  4  2.22377507992244100D-03  3.98632279349372200D-03 -5.96255444583014000D-02 -1.62012799196926100D-03  8.62555364961456100D-05
27  5 -2.50179501025121000D-02  1.55295519222413900D-02 -1.68725779118964700D-02  8.42839549923047200D-02 -1.80365292307691300D-03
27  6 -2.69381859067053200D-03  4.49747151374745700D-03 -9.51216684132287900D-04  5.32125107437988000D-01 -6.72943513997740600D-01
27  7 -8.99069082571683200D-04 -1.45172558886749300D-03  1.23593657174377400D-02 -5.74401731083763900D-04  1.31514447978690500D-03
27  8 -1.40939640986260600D-02 -1.03107344355924100D-02  5.38769492603158700D-03 -6.73854415802415300D-03  9.98948076416209200D-04
27  9  1.27852371918347800D-03 -2.27747179559966600D-03  2.37928569177581900D-03 -4.25995688023032800D-01 -6.17819256035993100D-01
27 10 -7.08485111882521700D-04 -1.53472970251800400D-03 -7.66760829592889600D-03 -1.36797485195117100D-03 -1.33083610544522400D-03
27 11 -1.10530600235088100D-02 -2.00011713956245100D-03 -5.97316371246780400D-03 -1.76957533391150000D-02 -3.29389450025812600D-04
27 12  3.48384038010122900D-04 -1.89945879843242400D-05 -1.96643827611031400D-04 -7.16934369423689600D-01 -7.28625119659240700D-02
27 13 -3.27169949958500900D-04 -4.32985691686012200D-04  9.64296841911002300D-03  3.95139366387744700D-04  5.28557807396483700D-04
27 14  1.16925679346138700D-02 -8.41160971787485100D-05  3.39838165817354500D-03  1.81172234174288200D-02  8.00832847895625000D-04
27 15 -5.19524402811872900D-04 -2.81308445083755300D-04 -4.29471173714105900D-04 -2.95041899075836200D-01  6.56620725440226500D-01
27 16  3.89626687117525100D-04  3.32333823644562500D-04  8.92063448409040700D-03 -1.28251973351240300D-03  1.23459338752303600D-04
27 17  1.45114376735478500D-02  2.71658594261170000D-03  1.05372954179793200D-02  7.94830999241463400D-03 -1.48003818887421400D-03
27 18  1.66435568841251300D-05  1.46339463199007800D-03 -2.11362589338646700D-04  3.25256685086378000D-01  6.81873593477144800D-01
27 19  1.36054402711820700D-03  2.59081561634164500D-03 -1.17362314658827700D-02 -2.57543259065883200D-03  5.71395662173609800D-03
27 20  1.20335706283285500D-03  3.69638218523050700D-03 -1.13283833880551500D-02  5.39912419453978300D-03  7.71999226330301000D-02
27 21 -2.05770131467520500D-03  6.83785127445793000D-04 -1.59312083667069700D-02 -7.64233854453442400D-05  4.00557243647085200D-04
27 22 -3.24133858201748800D-04  1.42411208782469000D-04  6.13656112130563900D-02  1.64674959553913900D-02  1.40354806420532000D-03
27 23 -1.68973708689323600D-03  2.86189022687901200D-04  3.25748944538879000D-03 -1.92159663668016300D-01 -6.83685790462397600D-02
27 24 -1.20274937686062300D-03 -2.32182173716781000D-03  1.20497883443479100D-02  2.66016485931180500D-03 -7.76375560015285200D-04
27 25 -1.00448781539800100D-03 -4.45803279121814800D-03 -5.68829556518691600D-03  2.69530108741684400D-04 -7.62553723386651700D-02
27 26 -1.32184508639028000D-03  1.00695353032080100D-03  1.60312367583350200D-02  2.13137853334243100D-04 -3.88372522537718400D-04
27 27  1.75234669203492700D-04 -3.69475053961426000D-04  1.68719902339777200D-02 -6.20287674971401000D-02  1.60213506145186200D-03
27 28 -1.81188231737504800D-03  2.09747255923186200D-04 -2.53264440936472500D-04 -3.66881996225576800D-02  1.99424614844447800D-01
27 29  1.63008969627419900D-03  2.76914956726815200D-03 -1.39012098900299900D-03 -1.33427969006214200D-03  4.65983182167868500D-02
27 30 -8.75656922633611200D-04 -1.91314470688231300D-03  3.71802805222609400D-04 -1.82884656648588100D-04 -3.85791681113395900D-02
27 31 -7.63087600150430800D-04  1.55342182702067900D-04  3.32387223975079800D-04  2.25180915083078100D-04  3.78681527447582600D-02
27 32 -2.57635449732542700D-04 -1.52982365524569300D-03 -9.01108303798982700D-04  5.23474061601456300D-04 -4.67661130854509600D-02
28  1 -3.35780998825605100D-03 -6.72328643292705600D-03 -2.34605424459435200D-02  2.80265800405018900D-03 -2.93589974749793000D-03
28  2  1.91697769584759200D-02 -1.00072112460776000D-01 -2.50509086920463800D-04 -4.95553267170410300D-01  3.59950217620181400D-03
28  3 -2.48758191890527800D-03 -1.11192025729653500D-03  9.37047991932909000D-04 -8.79916073583963700D-02 -6.86255637848787800D-01
28  4 -5.61170557371641200D-03 -1.12008432631253800D-02  1.04157812103660200D-01  3.94014503749618100D-03 -2.19075190709958700D-03
28  5 -1.98872696868228900D-02 -3.43037386292867900D-02  3.53632569101394000D-02  4.95134550703560200D-01  9.63046340208331700D-04
28  6  4.86461800838451100D-03 -5.82766434859285700D-03 -4.84792337715118400D-04  5.46836485065416700D-01  4.17560357975262800D-01
28  7  1.38551672419901400D-03  2.19641973274924600D-03 -1.66960840624645200D-02 -9.37611485724976400D-04 -4.34879363338946100D-04
28  8  8.02971203048601600D-02  1.78719426955667600D-02 -9.45988847521304400D-03 -1.24359938598307300D-01 -2.44405643361150600D-03
28  9 -2.11321853910923600D-03  4.55727497272069900D-03 -6.22218266545815100D-03 -4.85459639593046400D-01  3.75844365687294400D-01
28 10  1.96406360524045600D-03  4.03402740558949300D-03  7.10389115540072800D-03  3.27093681061222300D-03  2.64136973693011600D-03
28 11 -9.29193771426935300D-02  1.95177946319678700D-03  8.67534118308189600D-03  3.38155160723694800D-02  6.43383825753800500D-04
28 12 -7.26556928550686300D-04  8.31731027969087600D-05  6.47689755689636000D-04  1.27651638893806500D-01 -6.72555311829964800D-01
28 13  1.45821360491626200D-03  2.53297123245901300D-03 -1.15611495799229900D-02 -6.02553290421830200D-04  8.38404950139318700D-04
28 14  9.72376768437158800D-02  7.92618994789326600D-03 -5.73194066346890000D-04 -3.29242753836459700D-02 -2.81150009765839600D-03
28 15  2.25599754367289400D-03  5.55502553985500600D-04  8.59529324069655600D-04  6.39459171552676600D-01  2.22227659032006300D-01
28 16  6.97832257201840800D-04  2.27728826623028200D-03 -5.75087160029054300D-02  2.57435425177120400D-04  4.04857903944201100D-04
28 17 -7.93807083689091600D-02 -2.49888050346866200D-02 -2.40337038580744900D-02  1.24335782789620600D-01  5.11727225309885200D-03
28 18 -3.64787787041742600D-03 -1.46939438268140500D-03 -5.04273153461654600D-04 -5.71082279402957900D-01  2.35094611069165200D-01
28 19 -1.92748153098893100D-03 -3.72241758759352000D-03  1.29351733944111800D-02 -2.13944095102427200D-03 -1.80163621037058200D-02
28 20 -1.33219444136932300D-03  1.30090717677273000D-02  3.38306932532030800D-02 -5.48661769783783300D-03  4.32692660031824200D-01
28 21  4.20921332304686200D-03  1.29791441474975100D-03  6.03352089923663700D-02  4.01921343483441600D-04 -6.12797425410365000D-04
28 22  2.10876081926938800D-04 -2.24491916852232600D-04  3.47009804364074800D-03  8.81368865148856300D-02 -2.76915568927057300D-03
28 23  2.58948923769420100D-03  1.79666451576400900D-04 -9.70590826375131500D-03  2.52190871834811800D-02 -4.47889150637668800D-01
28 24  1.36683622546293800D-03  2.76262113683665200D-03 -1.38170622449842000D-02  1.80225467568109300D-03  6.83088000277520700D-04
28 25  1.41164833990226500D-03 -1.37947639174421500D-02  5.71964427725630600D-03 -3.51468788696826300D-03 -4.30383632755095300D-01
28 26 -1.83270600546894200D-04 -2.59524100775194200D-03 -6.02333214655527700D-02 -1.32700622759575200D-03  1.02933637329795500D-03
28 27  2.97669854297761700D-04  9.29236808784812600D-04 -7.62426671776915800D-02 -4.85026745052531600D-02 -1.81353387870756500D-03
28 28  3.79010658009693800D-03 -1.97657270138937500D-03  2.41845400040839600D-03  3.99068476344722300D-01  2.02962381874350500D-01
28 29 -2.91305051730699200D-03 -3.72284280956419900D-03  1.15972461931728000D-03  4.85770523719833500D-03  4.08320356081131900D-01
28 30  1.87994883276347200D-03  3.90286707812333700D-03 -2.59557740241320200D-04  3.09346744662917100D-04 -4.25884002035852000D-01
28 31  3.47842688934546300D-03  2.15478973049669000D-03 -3.07641033252149500D-04 -1.64493065624285100D-03  4.17430573047360100D-01
28 32 -1.38724190289171400D-03 -2.20882627133243100D-04  1.29321717121532600D-03  1.17594111377098700D-03 -4.13748431135002300D-01
29  1  2.74606514440985200D-01  5.23415827436932700D-01 -2.75262876136286400D+00  3.80972919926986800D-01 -1.35641092975562200D-01
29  2 -3.49366094688954500D-04  1.57413555007597500D+00  6.15440235849431300D-01  3.32121470140638700D-03 -3.78718506483579200D-01
29  3  1.42591457282702700D-01  2.36127049200877000D-01  4.25240123521232200D-01 -2.56044920250993800D-03 -4.20632870122119300D-03
29  4  2.75388250342147900D-01  5.22675024054587000D-01 -3.00897505407047900D+00 -3.04508995231419700D-01  2.44355211229121500D-01
29  5 -2.36520393183446100D-04 -1.32724068969994300D-01  1.62203611505138900D+00 -4.37231774166391400D-03 -3.35527570620331000D-01
29  6  7.94609586830577200D-02  2.56066611937272800D-01  5.02284509399612900D-01  1.10063314616220800D-03  1.96485967790060700D-03
29  7 -2.03980267200606300D-01 -2.83844195401224600D-01  4.59817693753248700D+00  3.90181287291929600D-01 -2.50867368078956300D-01
29  8 -7.17993250428779400D-04 -1.04316062229509700D+00  9.07740524577920000D-01  2.45954130003669100D-03  4.06498096259870500D-01
29  9  1.51590732423434700D-01 -5.58088828683302900D-01  3.81057027715588000D-01 -9.05972238927474000D-05  1.20741000487660300D-03
29 10  6.99691938906230700D-02  8.52298652115305900D-02 -1.75047950651223700D+00 -4.94059409612030800D-01  2.51127280662576800D-02
29 11 -1.38751138836351600D-03 -5.07940726812577400D-01 -7.68208668455111600D-01  7.76070965577350300D-04 -2.75859522680918100D-01
29 12  2.05094274183217400D-02  2.55350095262595200D-01  1.77591427814848300D-01 -4.20018929375394300D-04 -3.18836651001554800D-04
29 13  7.00682800233972000D-02  8.43890143462156100D-02 -1.69570738971917100D+00  2.91181248978987000D-01 -3.94151265913156700D-01
29 14 -3.67294227519555300D-04 -3.74461222588552000D-01 -7.78422655692403900D-01  1.05609463682224600D-04 -1.89125606348710500D-01
29 15 -7.52428044347177700D-02  2.64368410783427300D-01  2.22142239559765800D-01  2.94748247049870300D-03  2.69658955633532800D-03
29 16 -2.03877678441579000D-01 -2.90002178317180300D-01  4.47792901805633100D+00 -3.79198975476243800D-01  1.90341548164632100D-01
29 17 -8.33839828273386400D-04  1.28743909530245000D+00 -4.06291617908217100D-01 -2.26591119627575200D-03 -7.20449823697495200D-02
29 18  6.08878127222502100D-01 -5.36833144852753200D-01  8.83683276690930100D-02 -4.11941496934244700D-03 -5.36236690624526100D-04
29 19 -4.50035994708551200D-02 -9.67662523700160000D-02  1.66732417946728000D-01  1.01574935166875000D-01  1.84874771698844400D-02
29 20  5.69383499153217600D-02  6.04583351998027400D-04 -5.92040296850557500D-01 -1.33911390537565300D-01  9.40957981497037400D-04
29 21 -1.30042286259449200D-01 -4.01878540802457100D-02 -8.55095643229624700D-04 -2.87439945740729000D-02 -2.75122256691115200D-03
29 22  3.14952171409840000D-02 -1.35180894730096500D-01 -4.87120725137891000D-04  7.83239162072280400D-04  3.38086385897073200D-02
29 23  5.60526623086555600D-03 -3.94139048205753000D-02  4.16978295927146900D-01 -2.06495111117061500D-05 -1.91297455232793800D-03
29 24 -5.15039263248052300D-02 -1.09605379194874600D-01  1.95951674912295400D-01  9.82636887292100700D-02  5.27741574465723000D-02
29 25  2.62920983687044600D-02 -1.35748453735209700D-03  1.45885560910270400D-01 -5.71656230737036500D-01  1.81454494433541300D-03
29 26  3.03906607142292700D-02 -1.31471261031396200D-01  5.82165744049515400D-04  9.78619477179175900D-02 -1.31299497454256500D-01
29 27  3.34375497363402700D-02 -5.83402571080972800D-02 -4.45966535063526000D-04  8.10571744061325700D-04 -2.96663254686791600D-01
29 28  3.41329434445382700D-01 -4.46661797585911100D-02  2.03937941396957800D-01 -4.77916053532243400D-04 -1.48932202458952600D-03
29 29 -4.24480055721405300D-01 -7.34249501627519100D-02  4.00771452528649700D-01 -4.37105727467756800D-01  1.46481084182500400D-03
29 30  5.46314310427576800D-02 -1.14300885988437300D-01  2.92796270384965100D-01  1.12107804169504200D-01  4.96194431698370200D-05
29 31  8.20860130600084700D-02 -8.88423997400556700D-02 -2.28641580611696100D-02  3.18757088008968500D-01  1.90200896311169900D-03
29 32 -3.82859842659644000D-01 -5.95813865395238400D-02 -5.31104415339025700D-01  1.18054734789920100D-01 -1.89420104270607700D-03
30  1  1.79853582622993100D-02  5.26641235202888100D-02  4.09654008563609300D-02 -1.50419866583425000D-01 -1.34094269505065900D-01
30  2  7.70243679596964000D-05 -6.41618503802160100D-01 -4.95980069028798200D-01 -3.79344385256465900D-04  2.86652042070552600D-02
30  3 -8.99371409787718700D-02  6.12719367717165100D-02 -6.54544738141751000D-03  2.40091967008725200D-04  3.79348537196393400D-04
30  4 -2.18909882242912700D-02 -1.97359022320271300D-02  3.45059268180199600D-01 -7.36666726904086600D-02 -1.35739874411722500D-01
30  5  1.66732052683132200D-05 -4.30247334927535600D-01 -3.95164528596951800D-01  4.97356764147970700D-04 -7.27699036905802700D-02
30  6  5.29817789016733800D-02  1.97881247889070500D-02 -1.24167132588279000D-01 -8.45337899986958400D-05 -1.61215760994970100D-04
30  7  1.91336989375399900D-01  4.09907005180631300D-01 -3.19878129826947200D-01  1.35458468127737500D-01 -2.43811914492993700D-01
30  8  7.34073260742797600D-05  2.88046381977820100D-01 -4.62707243941741300D-01 -2.78383704751037500D-04  1.90545748093593900D-01
30  9 -1.77240384704204900D-01 -1.33053633893894900D-02 -2.26959114892897400D-01 -1.31177415001478400D-05 -9.70332419014888900D-05
30 10  2.35815859927912700D-01  5.39707739390641300D-01  2.41564199418357100D-01  3.00178086861535200D-02 -7.26660535229070000D-01
30 11  1.51555242549932100D-04  4.06904276534121000D-02 -5.37046525817883000D-01 -6.74342655805048700D-05 -3.25688799055919900D-01
30 12  5.05322150927731400D-01 -1.79633351871810600D-01 -1.31930020009039600D-01  6.30637368247271800D-05 -3.39769470283561000D-06
30 13  1.92258436545009400D-01  4.82421247319541100D-01  1.24064116361670300D+00 -7.28674407407214600D-01 -3.97791882754389400D-01
30 14  4.42817844624004300D-05 -1.27456155368818500D-01 -1.48035540829685600D-01 -1.17276694607524200D-05  4.28716297911944000D-01
30 15 -1.14703416934476100D-01 -3.14012880977467300D-01  3.88702454480492400D-01 -2.50922839732452800D-04 -2.72592705390593300D-04
30 16  2.36966174633585000D-01  5.04640946647575100D-01 -8.44857604891910600D-01 -3.62129314748798800D-01  1.31076570721693700D-01
30 17  5.59342876728628800D-05 -8.23563499209962100D-01  1.22980398403457800D-01  2.31536178482854700D-04  9.11380399251400400D-02
30 18 -6.55845720697253400D-02 -2.55534678554150500D-02 -3.95429504969024300D-01  3.62193119060166800D-04  7.18625708799039800D-05
30 19 -7.02450202855058500D-02 -1.40309887395360100D-01  4.81974721605498400D-01  2.65997735918322800D-01 -2.22940292460333500D-02
30 20 -1.04247375728691200D-02 -9.93523558535307400D-05  1.80546806082821300D-01 -2.32649974469226000D-01 -4.69596342566411300D-05
30 21  1.18490211371235500D-03 -1.08983106211751800D-01  9.96835663050326800D-05  2.02797894920322300D-02 -2.68114144601114600D-02
30 22  6.53162496807887500D-03  2.86393157002740200D-02  5.36727438838417000D-05 -8.19436187058367800D-05 -1.51562610472174200D-02
30 23  7.55044859070729700D-02 -6.03482248598550100D-02 -8.40860377204322700D-02  7.67268241954191000D-06  1.58791088605694300D-04
30 24 -7.01139755067418700D-02 -1.38382028933274400D-01  5.10044173558245700D-01  2.90532436824690300D-01 -2.00703734096333100D-02
30 25 -1.33593261683458200D-02  1.45174606885693300D-04 -2.49484676081997300D-01 -6.26017870851901100D-02 -2.24625255877243900D-04
30 26 -9.86692509263537400D-02 -7.16434390207311400D-02 -6.83093181516198500D-05 -3.33468822338247000D-02  3.00382779917563600D-02
30 27  3.30860424206791800D-03 -1.72369539034562900D-02  4.39491379936941000D-05 -9.97847976653131100D-05  8.59403120460949800D-02
30 28 -2.58339612299123400D-02 -6.01063508161826500D-02  3.66045709046454700D-02  8.11784880494784200D-05  1.77088841222723000D-04
30 29 -4.14528240132503500D-01 -2.86153614496262900D-01  3.78187454745004000D-01 -1.52547682562197000D-01 -1.32813341957226300D-04
30 30 -9.15448377377338600D-01 -4.63879283455114700D-01 -7.65788493127404600D-02 -9.49298691823229600D-01 -2.42344736141537600D-05
30 31 -1.05158579903602000D+00 -4.53129236357337300D-01 -9.27405490785921600D-01 -5.82206049216965400D-01 -1.61915689275873500D-04
30 32 -5.59698139547339700D-01 -3.99679899654029800D-01 -4.81823565202210000D-01  2.77587660202238600D-01  1.52974345354133300D-04
31  1 -1.81739934487136200D-01 -3.14391303757293700D-01  2.55097268439371400D+00  2.75688355376170600D-01 -1.48195578132430600D-02
31  2 -1.22607286215422400D-04  2.01634450918753100D+00 -9.76335978651126100D-01  2.29345629967984500D-03  4.64283178376959600D-01
31  3 -2.32611409635295500D-01 -2.31671768741664700D-01  4.53988519190316900D-02 -1.24937635107456700D-03 -1.91195985414412700D-03
31  4  1.70510254440294700D-01  2.99323796652470800D-01 -2.48408169132443600D+00  1.43299526681770000D-01 -2.95353392588979100D-01
31  5 -1.42880495565935300D-04  1.75194166143245300D+00 -1.45611125702864100D+00 -2.85750240269920700D-03  8.72631560171141800D-02
31  6 -3.25339585581797000D-01  2.38076429564682800D-01  2.73177339833057100D-01  3.74624895645578900D-04  8.16210617280141300D-04
31  7  1.76346916406258700D-01  3.90866253611272300D-01 -1.01455067079604300D+00  6.89831287925394700D-01 -1.08293612453311000D-02
31  8 -5.16141813354948500D-04  5.09838366512705000D-01 -5.31375006972647900D-01  1.47359519396274800D-03  4.21327366891515800D-01
31  9 -2.84458192151318200D-01 -1.36869174740196100D-01 -2.57684023449029600D-01  1.56125495273831700D-04  4.29970598827567600D-04
31 10 -8.79540484047994900D-02 -6.47310967485335800D-02  2.94091898374601300D+00 -2.84556305366000000D-02 -5.80887633648399300D-01
31 11 -7.20056965457670000D-04 -3.97737634202389100D-01  7.90851354317398200D-01  4.70368227851122700D-04  2.12641145167499500D-01
31 12  2.85946296479463500D-01 -4.98587441646963400D-01  2.23690398810975600D-01 -3.67500230559614100D-04  1.50923414580474300D-04
31 13  1.29191088351833200D-01  1.68415845825616800D-01 -2.66289632562120200D+00  3.12017366156137800D-01  2.51992974230527300D-01
31 14 -2.39913279990224600D-04 -9.45029865037900900D-01 -4.93178350361722300D-02  8.99197340637249600D-05  7.84125677922538000D-03
31 15 -4.36646730801285500D-01  4.28805474022060600D-01 -9.38314606914793200D-02  1.26494736030385800D-03  1.43777414421104800D-03
31 16 -1.16419138778546700D-01 -2.70837817827779900D-01  6.97108375692965400D-01  2.97877831177251800D-01 -5.87428250893595300D-01
31 17 -4.71977125831767100D-04  5.12520311915816600D-01 -1.02413879852379400D-01 -1.42311173640757800D-03 -6.37993583733497100D-02
31 18 -9.16935320559690000D-02  1.55492890429318200D-01  3.77300129910400500D-01 -1.87442632290539500D-03 -3.83226452362362700D-04
31 19  1.89108565458924300D-03  1.12102266327535000D-02  1.99406900894802600D-01  1.56942812901992100D-01  8.91439332081729500D-02
31 20 -8.10546617177368100D-02  2.31182063950994000D-04 -4.47997859987629000D-01 -1.06167798425439800D-02  2.75195492212712800D-04
31 21 -6.53000585119345000D-02 -6.96046287385155000D-02 -5.45184759145977100D-04  3.37597565658325600D-02 -1.42093272424014900D-02
31 22 -1.95504293234313000D-02 -2.32430928231643200D-02 -3.02655046764921600D-04  4.18148983372609000D-04 -3.96810016888190400D-02
31 23  1.63910135321910800D-02  2.32899881566289200D-02  1.98301689023590500D-01 -5.37537665454904700D-05 -8.00524520312091900D-04
31 24 -2.68494245858950100D-02 -6.06854203964479400D-02 -2.07544086269655400D-02 -7.75919249092672100D-02  1.02731868144711800D-01
31 25 -3.12651728826121800D-02 -7.63625848335489500D-04 -3.05002594151469200D-01  3.84763953727063000D-01  1.28608137770440200D-03
31 26 -1.80952080719396300D-03  7.95193022308043100D-02  3.93063826272211100D-04 -3.12464135611905900D-02  1.01507483020132500D-02
31 27  2.10956652591778700D-02  3.52063739293408700D-02 -2.20099698827664800D-04  5.69823782744646000D-04  1.89803384388409500D-01
31 28 -1.49609082864327000D-01 -4.01943015240824300D-02 -1.23229131673273700D-01 -5.08768681503638100D-04 -1.00354936524668000D-03
31 29 -7.10589799297261100D-01 -3.94940435143247900D-01  5.08271992523187900D-01 -5.76717404293715000D-01  6.49496548550622800D-04
31 30 -6.58558023384536800D-01 -1.44404197949434000D-01  1.38990175376824600D-01 -7.14101880049015600D-01  2.19618072656037800D-04
31 31  4.30324533208574900D-01  4.09063503499685100D-02  5.00536607983938200D-01  8.93708954449717700D-02  8.02767913139422500D-04
31 32  6.05665563517893200D-01  3.13656484315279600D-01  6.78641700212168600D-01 -1.01532202457424200D-01 -7.90727874593908500D-04
32  1  4.07101393428314500D-01  8.19944737191485400D-01 -1.44855562483518900D+00  2.92368192570708200D-01 -9.88106875531858500D-02
32  2 -7.11220168309652700D-05 -4.92996553294442300D+00  1.08824046158591400D-01  1.37574535041552600D-03 -1.73234999655919300D-01
32  3  2.57627503171734100D-01 -8.43925035158140700D-02 -1.44821279486368500D+00 -5.96755725530519700D-04 -8.93242669448210800D-04
32  4 -3.81874273736533300D-01 -7.65987130679634000D-01  1.38654822871187000D+00  2.28670146266076700D-01 -2.41119636384153000D-01
32  5 -1.65868567705915100D-04 -2.63716967019134100D+00  4.22313311412445100D+00 -1.72169836125191800D-03 -1.24828783187763200D+00
32  6  1.17010371821046900D+00  7.81841136671640700D-02  5.27723653682138000D-01  1.58964021089283000D-04  3.45969979358604300D-04
32  7 -3.87537559752195700D-01 -7.48671236343992700D-01  4.84891703394133400D+00  1.50641065173337200D-01 -5.21681647457874300D-01
32  8 -2.40111707316935400D-04 -5.26123240926783100D-01  1.12004365986428700D+00  9.06743409624300400D-04  2.87012008991693800D-01
32  9 -1.43183519404170400D-01 -1.43828489587524000D-01  2.55758514709225300D-01  1.24143526194031900D-04  1.60238103245970300D-04
32 10 -1.15622343851340900D-02 -7.75167924181306100D-02 -2.55999912746055500D+00  5.25918731399193200D-02 -1.82258084032929800D-01
32 11 -4.02114896409752100D-04 -1.71842735173152200D-01 -1.65552887018481200D+00  2.47704461532162800D-04 -2.23883344884205300D-01
32 12  8.75848707879034200D-02  1.36298474096300400D-01  2.11510645198531900D-01 -2.38317799254458000D-04  1.62683315929269700D-04
32 13 -2.98473922159598400D-02 -2.58572344225790700D-03  2.79119970186086000D+00  1.51614874113551400D-01  3.76150105196565000D-02
32 14 -1.99399991753135200D-04  1.33404978260562100D+00  1.06170054336580100D+00  7.50239064605507400D-06  1.95210695036311300D-01
32 15 -3.26747681688828000D-02 -1.62535926867430300D-01 -3.03829124827915900D-01  5.61814463622750500D-04  7.65917588117008000D-04
32 16  4.00244664309991300D-01  7.65107224105838200D-01 -5.06652835571959500D+00  5.48374199652753900D-01  9.56651214491813600D-02
32 17 -1.54073961821191200D-04 -1.23778603294665300D+00  2.56776166194472800D-02 -7.66097904763316500D-04  1.37336391746366100D-01
32 18 -3.23124147222723000D-01  1.85787755476356000D-01  5.13092794619192400D-02 -8.54172051707538500D-04 -2.23338016289263800D-04
32 19  7.77195908955989300D-02  1.43748341378983600D-01 -4.59674203552453600D-01 -1.78689146706285200D-01 -8.42387087974199000D-02
32 20  3.29789456895787000D-02  1.23629289072547900D-04  1.44745489005952600D+00  4.13744121190796100D-01  4.99728737026861700D-05
32 21  3.32614830899095300D-01  1.24797597818998800D-01 -3.24087992701808900D-04  3.72813502822121300D-03  2.02596815457570200D-02
32 22 -2.39878165739771200D-02  2.44010577235657600D-01 -1.90456778666072000D-04  2.38028539294110300D-04  1.21752777637972100D-01
32 23 -2.54914633883131200D-01  1.33161856245157900D-01 -1.04786581807346000D+00 -3.58729830671499100D-05 -3.50860210592031300D-04
32 24 -8.46552706993872100D-02 -1.58420270063714700D-01  5.02645775595952200D-01  1.96014613369252900D-01 -6.80419685513269500D-02
32 25  5.94338629892362900D-02 -3.53265997204718100D-04  3.66542288608369500D-01 -1.47547242898531400D+00  7.62921860636298100D-04
32 26  5.43266873473305000D-02 -3.56865872614355500D-01  2.39222568139535800D-04  1.76353381608594200D-01 -2.03615358206546500D-01
32 27  2.72619765979521500D-02 -1.35043294101208500D-01 -1.12852167776023200D-04  3.90838069881179900D-04 -6.40069488778685100D-01
32 28  7.69401257824701700D-01 -1.29331769046016900D-01  7.16457580161384900D-01 -3.37096372579297100D-04 -6.15860411763278600D-04
32 29 -1.60092815377590700D-01 -8.96726007967712500D-02  1.12189761281781300D-01 -8.96404289776460800D-02  3.18560675092850300D-04
32 30 -1.38656229425927500D-01 -3.59652188872158300D-01  1.35638026395525900D-01  2.23428111621516300D-02  1.60236675282325700D-04
32 31  1.20723297698223100D-01  3.52552985167386900D-01  6.35026199289295700D-02 -1.63893541732761100D-01  3.43564644123152500D-04
32 32  2.07480224342005700D-01  8.82119209370652200D-02  1.45610903787188300D-01 -1.20555286641374700D-01 -3.42886945078968800D-04
33  1 -2.73045575253353900D-01 -5.71074736085995300D-01  1.49150545272876000D+00  2.22310342516943100D-01  3.05043232858132200D-01
33  2  5.87107489458404100D-04 -1.00590028767430900D+00  5.81463184649202200D-01 -9.11971463552278100D-03  9.58771808707366000D-02
33  3 -8.81232399067524700D-02 -7.75394096398355500D-03 -5.09762278037539200D-01  3.64325570971589300D-03  5.42775822962555900D-03
33  4 -3.30945135736874900D-01 -6.92153835075841700D-01  1.13336953160468900D+00  1.63147907804134900D-01  3.04609031079427900D-01
33  5  4.36022219386777500D-04  7.38206549421733100D-01 -1.83478802898552700D-01  1.11794211762253800D-02  2.06982906829850200D-01
33  6 -2.39256377401825400D-01  3.22734705719745700D-02 -3.42346723200650000D-01 -8.64515419001024100D-04 -2.03310050629345200D-03
33  7 -7.76785768073802200D-02 -9.12447135038336000D-02  1.53136721767481600D+00  3.11524739256751200D-01  4.34678290440789800D-02
33  8  2.09068219343510500D-03 -1.01167049780807900D+00 -6.70535798560784300D-01 -5.56356275269899700D-03 -5.04739412290924100D-01
33  9  8.05633722243616300D-01 -3.00894309952692800D-01 -6.09080593795111800D-01 -9.35413254000349000D-04 -8.57149273620066200D-04
33 10  4.11365978444940300D-01  8.08030043846552900D-01 -2.16989206587564200D+00  3.95544683950644100D-02  2.67108935984316500D-01
33 11  2.55995181041767900D-03 -6.67100207359782600D-01 -3.62908279563233100D-01 -1.67112557361814700D-03 -2.77855618634935600D-01
33 12  7.31973643568212400D-02  2.04658254278114400D-01  5.15159130994244700D-01  1.67464199475059400D-03 -1.21176405693442300D-03
33 13  3.74820799522251900D-01  7.46967368683960000D-01 -1.42684118532117400D+00  2.59422572043812100D-01  1.55170656771738700D-01
33 14  9.01146171074534600D-04  3.84672039818056700D-01 -5.52888185116281000D-01 -4.31841956293314700D-04 -4.07882677679634200D-01
33 15  2.51761265767177700D-01  1.56121411912456700D-01  3.63148562825181400D-01 -3.42964854197613300D-03 -4.93245320141827500D-03
33 16 -5.77227379535369700D-02 -6.43449272370248300D-02  6.81877598775863000D-01 -2.96531398538769300D-02  3.03103726863465900D-01
33 17  1.38453323511053800D-03 -3.00781660031408200D-01 -1.13446715569318500D+00  5.26094310780085600D-03  8.89702637949274600D-01
33 18 -6.38519300533935200D-01 -2.51183337415339400D-01  3.83485120376901500D-01  5.22453945478417300D-03  1.49652469144296000D-03
33 19  1.30069187217222800D-01  2.69260091909006300D-01 -7.59052178826889800D-01 -2.91875555883726100D-01  3.48061918369379100D-04
33 20 -4.93965327836289300D-02 -8.66944989496555900D-04  3.55560361713694300D-01  2.70398798909190000D-01 -1.51689035354895800D-04
33 21  6.61295561133133000D-02  1.13603253405071900D-01  2.14632455652633700D-03  3.86476884605500400D-02  1.08327417767398800D-02
33 22 -4.94804302372900500D-02  1.26754060393799200D-01  1.32354512342757900D-03 -1.59827280149903300D-03  1.99383299158399300D-02
33 23 -2.85883996080979200D-02  8.65006969225668400D-03 -3.16389146205597700D-01  2.75477035599200600D-04  2.10229901024361400D-03
33 24  9.01922281415624000D-02  1.90799921161611300D-01 -4.94408244564423800D-01 -1.53817126279537400D-01 -6.62695729402759400D-02
33 25  1.46587260076017900D-02  2.72710541858703200D-03 -1.71336952272700800D-02  2.03669660860720700D-01 -5.17765864223432300D-03
33 26  3.47810953133918000D-02  5.78494670286446900D-02 -1.62017549001838500D-03 -7.73092147986468600D-02  1.16975126529852500D-01
33 27 -3.96659117312060300D-02  3.18146337414532800D-02  7.83547732429865100D-04 -2.76136338054844100D-03  1.97633294968436300D-01
33 28 -1.61465390009434900D-01 -3.61679049590015100D-02 -6.76796600754209200D-02  2.35294546779341100D-03  4.20146600213295000D-03
33 29 -3.80762945054010000D-01  4.17866573703019800D-02  5.80297707854149700D-01  3.29326320475548200D-01 -1.97001917902442300D-03
33 30  8.30158538792454000D-02  1.83122391573693600D-02  3.31332155798286700D-01 -1.96573200622206000D-02 -1.11952222688218200D-03
33 31  1.35330544593904800D-01  1.07992775404963700D-01 -1.66222165960899100D-01  2.84487375145082200D-01 -2.06657815169161000D-03
33 32 -2.87685365425671700D-01  5.75967849122401100D-02  5.95601644552761100D-02  5.93474100747411700D-01  2.03872065243912900D-03
34  1  1.74314134580304700D-01  3.75204749387548100D-01  5.28929822312914100D+00 -1.73289578177710400D-01  1.95397685084918900D-01
34  2 -1.48605079907098000D-04  1.45929724738282900D+00 -3.74596885447522200D-01  1.58180650103204500D-03 -8.40974605265888100D-02
34  3  3.40179450722871800D-01 -2.56081990196279600D-01  3.10780012879472900D-01 -6.20955092850059600D-04 -9.33930014279380000D-04
34  4 -2.43514015454065800D-01 -4.92741403837887100D-01 -5.99043838503128400D+00 -3.70400310822513900D-01 -3.76211248799956900D-02
34  5 -9.47002166596336900D-05  5.90799882138052100D-01 -1.25853534154478400D+00 -1.96990108070316500D-03 -1.87600938162858300D-02
34  6 -2.75350610806518500D-01  2.94110704622803400D-01 -3.72852802772554200D-01  1.50515897503251700D-04  3.36322540785101700D-04
34  7  2.02457203799135600D-01  5.44005013769690300D-01  3.40028572120349400D+00  1.18731120914869000D-01 -2.63036551708490000D-01
34  8 -3.34204035706261900D-04 -1.56883873622946800D+00  3.83118929442622200D-01  1.00196199318449800D-03  1.15717004258577400D-01
34  9  3.09205466853187100D-01 -4.24922471111764100D-01 -4.90815752249939200D-01  1.62199248678619900D-04  1.38601490275096500D-04
34 10  3.63028267293189800D-01  6.12956776853889600D-01 -5.94742888781659400D+00  2.38965440497414500D-01 -2.34816175233427200D-02
34 11 -4.61384232872110200D-04  4.54666626280383800D-01 -2.82667507925980000D+00  2.69018493470839200D-04 -6.51723075243467100D-01
34 12  1.68637115762319900D-01  4.83085959481144700D-01 -3.18847358891702000D-01 -2.97442748180316100D-04  2.14631212624672700D-04
34 13 -4.02488111060516100D-01 -6.95553555360309300D-01  6.22108284372845800D+00  1.55647051244964300D-01 -1.37411868884196600D-01
34 14 -1.76585870946822700D-04  2.66672429871294700D+00  1.15336955300360900D+00  6.83460410710821100D-05 -1.92563805614163700D-01
34 15  6.65341954540324700D-01 -4.72778148926162000D-01 -3.62812578339915500D-01  5.81653261105251400D-04  8.61223922567897300D-04
34 16 -1.41761335614778900D-01 -4.22920667979757600D-01 -3.69234267106606600D+00  2.96578115537932600D-01  4.76806164959483900D-02
34 17 -1.91294855924582700D-04 -1.25844532646791600D+00  1.48627927172250600D+00 -8.94735896646900200D-04 -6.56557406794132900D-01
34 18  2.12970254450990200D-01  4.43587152343141200D-01  5.05608618701340700D-02 -8.88514779766193800D-04 -2.62281729353542500D-04
34 19  2.54065069236237800D-01  5.02178878772024300D-01 -1.69210684559328800D+00 -8.46019835902905200D-01  7.64900549161751400D-03
34 20 -8.97811920693901400D-03  2.09022404115870300D-04 -2.72375834659565700D-01  1.12770004974959100D+00  7.31940654338091900D-06
34 21 -1.14314965565560000D-01  2.78018228666624200D-01 -3.77717565312035600D-04 -6.09117950175045200D-02  9.97202979783797100D-02
34 22 -3.88085029608758000D-02 -3.97420891345972100D-02 -2.30687711756653500D-04  2.86010310559364000D-04  2.48612189681500800D-01
34 23 -4.61915431137223700D-01  2.13303241455721500D-01  1.78482900169292300D-01 -5.13304169509056800D-05 -3.55260440435329500D-04
34 24 -4.14961710662948800D-01 -8.29575982820273600D-01  2.54012007222006500D+00  1.10856794300083300D+00  5.12718488998033100D-02
34 25  2.88382583562287500D-02 -4.48344588020343100D-04 -1.50812157355762800D+00 -5.51588377695027300D-01  9.17714787913434700D-04
34 26 -3.75556479936571700D-01 -8.43921444271919100D-02  2.85603877633088300D-04 -1.25105339160667100D-01  5.37720870523154000D-02
34 27  7.13332521083532600D-02 -7.80591504680079500D-02 -1.37820115971810400D-04  4.88220149792921200D-04  5.41311757542705700D-01
34 28 -2.32110447516142900D-01 -3.09201310026562900D-01  3.89065320152289600D-01 -4.18235135355877800D-04 -7.37762256749765100D-04
34 29 -6.52961805631758300D-01 -2.70366520771942200D-04  7.60375047921711100D-01 -1.25591010277469400D-01  3.34347907860536200D-04
34 30 -9.34793501662848400D-02 -5.41206142422153100D-01 -2.88325948868192600D-01  4.16761103074869900D-02  1.97231824306745300D-04
34 31  1.64922928775868600D-01  5.63068688093278400D-01 -8.23956256152915500D-02  2.16006882110452900D-01  3.48875921498722900D-04
34 32  5.83757310630971700D-01 -1.12551292630607500D-01  4.33079501151234700D-01 -6.19502184242724000D-01 -3.41679998948510600D-04
35  1 -4.09731459803715400D-01 -7.58430759609045700D-01 -3.76940572789913400D+00  2.67805942170811000D-02 -5.25224979610395600D-01
35  2  4.51360110597664500D-04 -1.37761104561414100D-01 -1.40590086737274200D+00 -4.91612641661270500D-03 -6.47037610624091700D-02
35  3 -1.79233083808789900D-01  2.43936844871200200D-01 -2.24125163169146400D-01  1.86760864694341700D-03  2.78446380714195400D-03
35  4 -4.43351278047955200D-01 -7.96851509529608600D-01 -1.28882558599274100D+00 -4.38703893021343100D-01 -2.66725866804622600D-01
35  5  2.44757167398530200D-04 -2.13635789935219000D+00 -1.08150748745350100D+00  6.08339123367573000D-03  9.43754622131531800D-03
35  6 -1.19895040550820900D-01  1.10457494329504700D-01 -1.52694815153219600D-01 -4.35167252031585400D-04 -9.97745658062447400D-04
35  7  2.29409502748860000D-01  4.62825330943615800D-01 -1.78808460147464700D+00  1.97624067531669600D-01  1.18626211292993700D-01
35  8  1.07375378432215900D-03  1.59301429617200100D+00 -4.09077098871488500D-01 -3.06440773569396700D-03  8.85477877715394600D-02
35  9 -1.21577831401921700D-01  3.30300436303814700D-02 -3.71033756427581300D-01 -5.24820185374465200D-04 -4.05343168559254600D-04
35 10 -5.28443721505871100D-02 -1.02912718264540200D-01  1.67914904628333100D+00  1.61008069499461800D-01  2.99879686148222900D-01
35 11  1.41366716595299200D-03  1.65455301502302900D-01  8.02723428358226400D-01 -8.54295658276338300D-04  3.20552272396494300D-01
35 12 -3.43146799599067200D-01  2.25945272025735600D-02 -2.87561930445599700D-02  9.16320739301534600D-04 -6.94270619309095700D-04
35 13  5.80936400885248400D-02  6.87260646456841100D-02 -9.34667656489205600D-01  1.50487773994019700D-01  2.99805355073216600D-01
35 14  5.13793997374146700D-04 -5.05708068264879600D-01  2.34400763410296400D-02 -2.12114882381811400D-04 -1.14216091925746200D-01
35 15 -9.81367483100095400D-02  2.12352840235756000D-01 -2.50378333957966000D-01 -1.73410721292684500D-03 -2.61467724916735300D-03
35 16  2.38954610103151500D-01  5.41418836278794800D-01  3.97257767765183600D-01 -5.92326459913179000D-02  2.21443820878081500D-01
35 17  5.98993157541063300D-04 -2.77892261568997100D-01  5.66093616726682300D-01  2.76197860240069300D-03  3.57283056407950400D-01
35 18 -1.98784971659276000D-01 -1.58498084748676000D-01 -2.85819437575651100D-01  2.64995561637662700D-03  8.23644079897629600D-04
35 19 -6.69349139309033800D-01 -1.35866628940119600D+00  3.50138171214269800D+00  1.05102541130402800D+00 -7.17182163784420500D-03
35 20  1.94203491208697200D-01 -6.21052927387330000D-04  2.05310831346801100D-01 -2.01148622206019600D+00  2.23142830010500200D-05
35 21  3.04980248973480300D-02 -3.59005512291459200D-01  1.17300991389715100D-03  3.89916884555891300D-02 -1.68227816763859500D-01
35 22  1.29236128308269900D-01  9.70021329443897800D-02  7.49057684264028300D-04 -9.02430234519167300D-04 -3.69512861553555300D-01
35 23  8.21037332904410100D-01 -4.51524471350853600D-01 -1.94534299053067300D-01  1.44614238028423300D-04  1.06100210133645500D-03
35 24 -6.49041451297802400D-01 -1.31957033579676500D+00  3.40308577807655300D+00  1.05605133424612600D+00  1.58920731776990100D-01
35 25  1.11872699027295800D-01  1.43026915009191200D-03 -1.63498669928086900D+00 -8.23404828591165700D-01 -2.82704479378288700D-03
35 26 -3.10121494516448000D-01 -1.68534512745981600D-01 -8.91033808940227100D-04 -1.76777240910655500D-01  5.66414551070578700D-02
35 27  1.20135785803597900D-01 -5.54889243127559300D-02  4.39335021610121400D-04 -1.62251143581782000D-03  5.74803245963663100D-01
35 28 -1.69038338862854700D-01 -4.05764907100808500D-01  4.82793314094896200D-01  1.29454017791062200D-03  2.34696579907365400D-03
35 29 -4.16484069839832500D-01 -5.67429058731807800D-01  1.99418111004738900D-01 -1.07995171011993800D-01 -1.02854342992253400D-03
35 30  3.50592049943922500D-01  2.38513273318350000D-01 -6.67516544449928300D-02  2.89381341704984200D-01 -6.17788292425349100D-04
35 31  3.39657214615465300D-01  1.57169856821266100D-02  3.59941844882443100D-01  4.92310181786095100D-02 -1.02395344734967300D-03
35 32 -5.78147581519892000D-01 -4.21119515866408800D-01 -3.60084395642254600D-01  2.60937689672886800D-01  1.01386691717244700D-03
36  1  5.08754756926388800D-01  8.34259383711558400D-01 -7.87183649525505000D+00 -8.15105346610700000D-02  4.20083323918344400D-01
36  2  1.26419977582997900D-04  1.48366486983421600D+00  6.95772046990917400D+00 -7.83804977263429800D-04 -8.69396120593565600D-01
36  3  4.24249866431701300D-01  4.45146254161862600D-01  9.05893171082765400D-04  2.84239363880273900D-04  4.21204488089584400D-04
36  4 -4.49751315699339300D-01 -7.25709563068877100D-01  8.18460638188486200D+00 -3.49572200149789200D-01 -1.05937369157612600D-01
36  5  3.27161227585794800D-05 -5.07637494201512100D+00 -4.63650272434284000D+00  9.90284039718173800D-04 -1.04552981452757300D-01
36  6  5.72354800404385100D-01 -4.67801818951627900D-01 -6.15130601302106100D-01 -6.23710502749324900D-05 -1.39154018058656200D-04
36  7  2.35455615338448600D-01  2.78498953641105700D-01 -1.06887292106667200D+01  5.79535281210256200D-02 -1.82440583002176100D-02
36  8  1.53491563819786000D-04  4.14100272043007400D+00 -2.89026362468130700D+00 -5.19985458198199300D-04 -3.18676237093808500D-01
36  9 -3.31889191586184900D-01  6.50565428679993300D-01 -4.77083116204582800D-01 -8.91141447379897000D-05 -5.69630914805566800D-05
36 10 -1.70499681449553000D-01 -1.34832890754007000D-01  9.62696109481299300D+00  1.51502898171731100D-01 -8.52126808284635500D-02
36 11  2.47803437118959000D-04 -1.74515187490621300D-01  4.46728444301795400D+00 -1.14127021163181600D-04  5.58701169398946800D-01
36 12  1.58820418464985000D-01 -7.17521587863928900D-01  1.76018683220922400D-01  1.48405213584206800D-04 -1.19372062259411800D-04
36 13  1.70613381382372000D-01  1.38765062456231400D-01 -9.64949163221338100D+00  1.15204946613786000D-01 -1.38357807891008000D-01
36 14  9.46174377745058600D-05 -3.96673818402652100D+00 -2.11256832999442700D+00 -3.04869960886842300D-05 -1.00351125718874600D-01
36 15 -5.94699654328349800D-01  6.95050780047226500D-01  1.57079033160254000D-01 -2.56735354759041400D-04 -4.10332750581971900D-04
36 16 -2.63717384902210400D-01 -3.38905268977828600D-01  1.07670265558534800D+01  4.89097372784472200D-02 -7.08698562277843400D-02
36 17  4.37582759678969400D-05  4.66540554809115500D+00 -2.24008666579244300D+00  4.21447850256587000D-04 -7.83234899988195400D-02
36 18  7.19067098117812200D-01 -6.40743608118988300D-01  2.83500593879941400D-01  3.92734216298196600D-04  1.41345074698176200D-04
36 19  4.19059519522763700D-01  8.45917006989855500D-01 -3.03544094165785800D+00 -1.57933822074712900D+00 -2.63626052081970200D-02
36 20  3.76329899166811000D-03 -1.46928187693352100D-04 -4.96274086825454600D-02  9.46433561032467100D-01  3.14064137609755900D-05
36 21 -9.99282007300304200D-02  4.52336040020729500D-01  1.95239767892617400D-04 -1.29016356812879800D-01  1.32563284528414100D-01
36 22 -3.54692771553357100D-03 -7.19079468813060800D-03  1.37965517148974000D-04 -1.53300136325359100D-04  3.29655895923927900D-01
36 23 -3.77227049039760000D-01  4.75711531158406200D-02 -2.68061842787603800D-02  1.60054188181054200D-05  1.59764480440529800D-04
36 24 -3.34841109176922100D-01 -6.74786756763517800D-01  2.59037190965055800D+00  1.44754353196558500D+00 -3.21381113269166400D-02
36 25  3.80215495990955300D-03  2.36710405115690300D-04 -6.21795829209875000D-01 -3.22753388902767700D-01 -4.58984792745027600D-04
36 26 -4.01524557141465300D-01 -1.21057900473701400D-01 -1.46511226224067800D-04 -4.58929095937023700D-02  5.88801653080873900D-02
36 27 -1.29872557143851600D-02 -1.24681808287524100D-01  7.43993814469317700D-05 -3.00508338287659200D-04  9.71174928024191600D-02
36 28 -1.04324110219691700D-01  7.20661741727250000D-03  3.07411030026192000D-01  2.14824530394488600D-04  4.02429666796705700D-04
36 29  1.04104967968817000D-01 -9.69966257531480400D-01 -2.34383434578160400D-01  3.17188415464201200D-01 -1.57578746432831400D-04
36 30 -3.35242496801114400D-01  6.88689526253700500D-01  7.22722849211445300D-02 -5.36327116117634200D-01 -1.01827109171103700D-04
36 31  2.70462023962692800D-01 -7.07148767193502200D-01  4.44805413874036400D-01  1.86924202483192400D-01 -1.44793912818213300D-04
36 32 -3.61552333707198200D-02  1.03004136299419800D+00 -3.59060358195062800D-01  1.36775603060904800D-02  1.43617058820779700D-04
37  1 -4.15194343680298800D-02 -1.20152175990491900D-01 -3.28916646527737200D+00  3.64164420680772400D-01  8.79350263370016100D-02
37  2 -6.04852618758399200D-05 -2.61642164292930100D+00  2.37334581041844000D+00 -5.95795024245897200D-04 -1.11913103123530400D-01
37  3  1.71348549289638000D-02  9.47782481945673600D-02 -4.55461812473366300D-01  1.55988879504031200D-04  2.30464844887893100D-04
37  4  3.25255418557596300D-02  1.03115842455035800D-01  3.30165537755011500D+00  1.02778076310834300D-01 -3.57743985373958200D-01
37  5  1.06485449139845800D-04 -3.36708468412158500D+00  1.05950795920052600D+00  7.13029334455579800D-04 -3.21289689734373700D-01
37  6  4.17470038605603700D-01 -9.61803488712309900D-02  1.62656279731590400D-01 -3.48901571314036100D-05 -7.47067603628815300D-05
37  7  2.75560208964108500D-01  5.06420712302678900D-01 -3.06771627984655100D+00 -3.51290491715099700D-01 -3.58465626549215900D-01
37  8  1.14359149466159900D-04  2.35953477710414300D+00  9.95480202993995800D-01 -3.30457957444236200D-04  5.99780748157214400D-01
37  9 -8.10869871152564600D-01  2.11089122995349800D-01  2.78101785812713800D-01 -4.91627096503128100D-05 -1.30690662084931700D-05
37 10  4.58868181102072300D-02  1.44537718000062300D-01  2.34340339307223400D+00 -5.61697653689991200D-01  3.70523401365229100D-02
37 11  1.15363352572446200D-04  2.25632353357769200D+00  1.16772749092534500D+00 -1.20820731930926500D-04  6.27515103887061500D-02
37 12  9.23072873105032500D-02 -1.55058797699209500D-01 -1.20832073482596700D+00  1.07055806850449700D-04 -8.22046047391263700D-05
37 13 -4.20376958056628000D-02 -1.36083356645999200D-01 -2.33674103201999600D+00 -3.19218419696094300D-01  4.66138720810190400D-01
37 14  7.56691408353740000D-05  1.16254144694097600D-01 -2.53650402210647700D+00 -3.20337329281176800D-06 -9.84818800198690500D-01
37 15  8.32886374278364100D-01  1.51932425920326700D-01  5.95368769465277400D-01 -1.48719435599383600D-04 -2.66523660938789200D-04
37 16 -2.72330723022484500D-01 -5.00759725040967200D-01  3.02948899254253800D+00  1.43260282395294900D-01  4.81434337949626000D-01
37 17  7.97949111806277500D-05  3.05786159667924600D-01 -2.54711569934653500D+00  3.16826474844369400D-04  6.67519728465821100D-01
37 18 -4.61348351223476800D-01 -2.06171377242342800D-01  5.77910297705853600D-01  2.19196805386156800D-04  6.78834629798714800D-05
37 19  5.15678469902396800D-02  1.02543209684837400D-01 -5.72320434738224100D-01 -5.41017214977245100D-01 -1.71893662538890700D-02
37 20  1.84835109301843400D-02  5.46388768978146200D-05  4.59155493251206600D-01 -1.86759304703883000D-02  9.19237281312828900D-06
37 21  3.58775217158020500D-02  1.94629531932178600D-01  1.21842839854699100D-04  2.88664566427743500D-02 -1.05976337056980400D-03
37 22 -2.78066932722034000D-02  9.91682147221921900D-02  9.75214065244251400D-05 -1.02325561094786200D-04 -1.50730813377873400D-02
37 23  8.17991448980830700D-02 -6.67260635602921800D-02 -2.80660189003954600D-01  1.26459721613844600D-05  9.65792241125056000D-05
37 24 -5.68488509614347400D-02 -1.13268359640398100D-01  5.92345478655054600D-01  5.48587869033368200D-01 -2.05261575611853800D-02
37 25  5.38149455334459100D-03  8.99394572313089700D-05  2.29782541258924800D-01 -3.90159366058312000D-01 -3.11329980822259100D-04
37 26 -1.52783514956617700D-01 -1.29590935907873500D-01 -1.01784905115388200D-04  6.82598449740831800D-02 -9.83387027042182300D-02
37 27  3.00788577301345600D-02 -3.60576958232695800D-02  4.52670279911784000D-05 -2.30009524813049400D-04 -2.61808985767765500D-01
37 28  2.00786512805878900D-01  6.10224729618864500D-02  9.63107421385684100D-02  1.46895883008211800D-04  2.78599952681286500D-04
37 29  1.61067521999224600D-02 -3.43486446952622000D-01 -2.67946189312375500D-01 -3.51502492407254000D-01 -1.00544943412317400D-04
37 30 -1.02560473973410800D-01  1.99894314884481500D-01 -6.73939205173655700D-01 -1.58508427717901900D-01 -6.73606565345836300D-05
37 31  9.16261498184283200D-02 -2.01584171754832700D-01 -2.06132886089160100D-01  6.54179189678700700D-01 -8.39591490408221400D-05
37 32 -5.12151214325217900D-03  3.44089531760032900D-01  1.80458962173757800D-01  4.09401853802019900D-01  8.45720178675240200D-05
38  1 -3.01465739099830400D-01 -5.49283507171805100D-01 -2.27205695666501500D-01  2.74792640378222300D-01 -1.42785000730303900D-01
38  2 -1.06680126545401700D-04 -3.87162143626120100D-02 -6.26697952908817500D-01  1.29172050565298700D-03 -2.18324879894772900D-01
38  3  2.87900658333832000D-01 -6.95757784390586300D-02  5.84439264378341400D-02 -3.54603358269460300D-04 -5.17306290887308400D-04
38  4 -3.53427830554442900D-01 -6.47249389878743000D-01 -4.22335221660917400D-01 -2.75452173736848600D-01  1.29863228274706300D-01
38  5 -5.22189421430899600D-05 -7.13604030285704400D-01 -4.74353840945702500D-01 -1.61367939543169800D-03  1.68733681129312900D-01
38  6 -1.02281477258329100D-01 -6.64522038709839900D-02  3.72346034582157300D-01  9.50040832399375300D-05  1.70235651880733800D-04
38  7  2.79591175673319700D-03 -6.57107671325922200D-02 -1.18549077675098800D+00 -3.72196327937159600D-01  3.44019051230773300D-01
38  8 -2.93609921365866200D-04 -4.17347695838725700D-02 -2.24965338103713000D-01  7.62610625622619700D-04 -8.13484443225696400D-01
38  9  4.54367561219353800D-01  3.59116882006341600D-01  7.93714476494108600D-01  1.22128829021135000D-04  3.32999887329728800D-05
38 10  1.52320480691982600D-01  3.35156737363928800D-01  1.63653890483186200D-01 -1.76750642351630800D-01 -1.48750445924568000D-01
38 11 -3.56003627592839000D-04 -2.81904422483859300D-02 -1.70031263950779700D-01  2.33195170800626700D-04 -3.92640904070700500D-01
38 12  5.10589609748678100D-01 -1.17948705677977600D-01  3.23860127901524100D-01 -2.50853037801910300D-04  1.99703778214965900D-04
38 13  1.54775799977665200D-01  3.51618541259555400D-01  4.12115273922795000D-01 -9.22568666428538200D-02 -2.40532360168730000D-01
38 14 -1.22285168124340700D-04 -7.76809465139551700D-02 -8.56703709211227600D-02  5.05223465999242300D-05  1.50736829140697100D-01
38 15  1.60336406019532300D-02 -1.66770469742651100D-01  7.14202944608842100D-01  3.28995334109305800D-04  6.00174920434653200D-04
38 16  7.99740400146470100D-03 -6.08560763553712300D-02 -1.26841135080383700D+00  4.68155419662434500D-01 -1.93631278686474400D-01
38 17 -1.14637936205780700D-04 -1.89279407311517700D-01 -1.41129117811107800D-01 -6.84638623524722800D-04 -4.44227558534794600D-01
38 18  6.64946177011757500D-02  3.77732940833618400D-01  1.04140964091994000D+00 -4.78740340725888700D-04 -2.18251917537167000D-04
38 19 -2.97212735342011700D-01 -6.11327618028099800D-01  1.09800196857853300D+00  3.18042012817973000D-01 -6.00871936274338700D-03
38 20  1.95833210489264700D-01  1.18162167080238800D-04 -7.57775509071929900D-02 -6.79384384251357700D-01 -7.45482111687952100D-05
38 21 -4.08576675425628000D-02 -9.89295911392748500D-02 -2.93229773727027300D-04 -1.50864122842792200D-02 -4.45823245811492700D-02
38 22  5.96687368654283500D-02 -1.38463701675567800D-01 -3.27294881722363800D-04  3.63014486230143600D-04 -9.50250166064423300D-02
38 23  2.89584372346375000D-01 -1.94559355739933000D-01  1.59049514804124100D-01  2.74941956502973900D-05 -2.64269609786720200D-04
38 24 -3.66481784405633700D-01 -7.52999711026054700D-01  1.37761497717070900D+00  4.79136622367271600D-01  2.17942318946385600D-01
38 25  1.14657443225219900D-01 -3.38878386646343900D-04 -6.93604277596414300D-01 -4.76393774154285300D-01  7.26659461370611600D-04
38 26 -1.16455820472019700D-01 -9.24138912073059500D-02  2.51933735017813100D-04  5.69253557433833000D-02 -1.31583575008818600D-01
38 27  7.46582192654351300D-02 -8.46440428739387900D-02 -1.65524955704219400D-04  8.47086503066312200D-04  1.19942321060819200D-01
38 28  1.12899559684855800D-01 -2.32841880745675000D-01  3.03957165532168100D-01 -3.21823320833196400D-04 -8.30772237813616900D-04
38 29  1.05441531532228800D+00  1.13185523852384000D-01 -5.71483335250975700D-01  4.97417927818383000D-01  2.42222475537862000D-04
38 30 -4.96709548003404600D-01 -1.35377765780783400D-01  2.19908890595708200D-01 -3.62852599707466800D-01  1.54759121551567400D-04
38 31 -6.25583252518066700D-01 -1.45358250474371900D-01 -4.95651139983756600D-01 -5.70166641626037000D-02  1.68061313651843600D-04
38 32  1.06621812212369800D+00  1.26632425639718600D-01  7.37418129702264900D-01 -2.30819116114281600D-01 -1.70810461245446800D-04
39  1 -4.11094163546232700D-01 -7.68664261163417900D-01 -9.34056877936969600D-01 -1.91790617102514900D-01 -2.46989699900716800D-01
39  2  2.51068872636338400D-04  2.94949461074188500D-01 -2.08240113238324800D+00 -1.69186977919276600D-03 -5.73988613152945200D-01
39  3  5.75144212422601600D-01 -1.15559926965838200D-03  4.33787203485139700D-02  4.47361922384784700D-04  6.90782478951470700D-04
39  4  3.59379596035760100D-01  6.74567735697728300D-01  8.35076568107100700D-01  6.96890910376355600D-02  3.02849994054911800D-01
39  5  2.02344026849361500D-05  1.82507672410822000D+00  7.08697458241763800D-01  2.15976794661521300D-03 -2.38660387887848900D-01
39  6  2.45162451275762000D-01 -6.50206338791345500D-03 -5.48847769440136400D-01 -1.42322144670787100D-04 -2.17167123305432300D-04
39  7  3.09477896269971100D-02  3.18802611815382000D-02 -3.05328515068919300D-01 -1.61571413570708600D-01 -1.76876962336695300D-01
39  8  3.73771303356070200D-04 -1.63041823485323500D-01 -1.79486085160218800D-01 -1.04680539284131600D-03 -2.97973788331128100D-01
39  9  1.86258983971955400D-01  1.11714804359172900D-01 -6.06691582225618600D-02 -1.57543316387376100D-04 -3.90878301386270700D-05
39 10  3.32930521257342400D-02  1.45828829014001300D-01  1.51816947276967100D+00  1.25633169268856400D-01 -4.33821577275613400D-01
39 11  5.18306528121880700D-04 -2.82378945861860700D-01  2.48740103043119000D-01 -2.82107817273041000D-04 -7.13621802637880300D-01
39 12  1.06427363080422000D+00 -3.50651828166338800D-01 -8.57304311046542500D-02  3.48019089699566000D-04 -2.67024588218127000D-04
39 13 -9.13092183139793900D-03 -9.22764657904705400D-02 -1.44594766826462600D+00  4.17034457445489400D-01  7.02305739017040800D-02
39 14  1.61220583773133500D-04 -3.76686105290377500D-01  1.15927429818697800D-01 -7.38565552968249300D-05 -6.63225901919988400D-01
39 15  3.36500584690873800D-01  3.26725317229116200D-01 -7.53637968122917600D-01 -4.29819237427504600D-04 -8.17901377252339100D-04
39 16 -2.38354203624786900D-02 -2.70058387060193000D-02  1.04347845991440400D-01  1.38602978486551200D-01  2.06236345816060700D-01
39 17  9.32592502109594600D-05  3.04307280756843300D-02  2.37681363867900500D-01  8.85225887923455500D-04 -1.77081073668888000D-01
39 18  2.35703157425849400D-01 -5.86220837569619500D-02 -7.77831495814580200D-02  6.24581110982721500D-04  2.91421433910867500D-04
39 19 -5.30715051710989100D-01 -1.08631126477581000D+00  2.27468775998509400D+00  1.27807118637003000D+00  3.29002114824628300D-03
39 20  3.54811193270896100D-01 -2.83856601461048600D-04 -5.61549839560781900D-02 -1.25604414849326100D+00  1.30121051778242800D-04
39 21  1.17175284789090500D-01 -3.88786943540016500D-01  3.93841186603788600D-04 -2.42099995704212100D-02 -8.53317876788822500D-02
39 22  1.09541787249303000D-01  1.28551872294084100D-02  4.51675865044170300D-04 -5.46600622298443000D-04 -1.70507609154856400D-01
39 23  4.56820024955164400D-01 -2.86312415800309300D-01 -2.44290851894687900D-03 -4.50834669219708000D-05  3.66488099835879800D-04
39 24  4.69662741448101700D-01  9.60598699880732400D-01 -2.02776347700767200D+00 -1.19979793676483700D+00 -2.69190551355991100D-01
39 25 -1.69624163397242500D-01  4.91661625543635900D-04  9.33521832708679400D-01  6.01610628209311000D-01 -9.75653199195661000D-04
39 26  3.75375720116840100D-01  7.64438585440183500D-02 -3.42954788776375600D-04  8.75386411929767600D-02  1.02142403755552900D-02
39 27 -9.77528815685324800D-02  8.44836653015176500D-03  2.78405725851659000D-04 -1.32403221780071600D-03 -2.78654662016939100D-01
39 28  3.04502791814885400D-02  2.48204382835450500D-01 -2.59738227532383800D-01  4.09196055524670300D-04  1.21696739792389200D-03
39 29  1.29997790472130700D-01  1.26008880510424600D-01  2.07461592301998300D-02  1.99162433206109000D-01 -3.28640505588369100D-04
39 30 -1.00566115681557400D+00 -1.22956519472927600D-01 -6.32589446779984000D-02 -7.21966422895876600D-01 -2.04905918234060000D-04
39 31  9.11456998824637600D-01  1.00603491063841000D-01  5.23321644814129600D-01  4.02279776204313900D-01 -2.17778457432584100D-04
39 32  8.96795103670084400D-03 -1.20741981072118500D-01 -6.73760229802449200D-02 -1.52634864653154500D-01  2.20808887184527100D-04
40  1 -1.59298099070352300D-04 -3.36468814374642600D-04 -1.09138244216026400D-02 -2.36368274395295600D-03  1.15419047947351900D-03
40  2 -1.61445908695580300D-02  1.47947896972053200D-02  1.93418356886197700D-03  8.03254934817127900D-02 -9.33129685976915800D-04
40  3 -9.60232358671474100D-05  1.02915292184406400D-03 -1.59157468086768100D-03  1.88213382835979500D-02 -2.36921595707115900D-02
40  4  5.40441311469331700D-04  1.57739714397690700D-03 -8.15892558679580900D-03 -1.43080133964628200D-03  1.59320165291780200D-03
40  5 -1.30143833747698400D-02 -1.17925897344317200D-03 -7.41883443902912000D-03  7.32007082237545000D-02  9.62994593461581600D-04
40  6 -1.79672744857108400D-03  8.33732855109499300D-04 -1.60027880692315500D-03 -2.25613744285268300D-02 -3.96498620162297700D-03
40  7  1.73267368527206400D-04  2.56008511141255100D-04 -4.03097228746700900D-03  4.45353276125864100D-04  2.52023953565046200D-04
40  8  1.73230267762756900D-02  2.34020141987616400D-03  8.23041296877239600D-04 -1.02955938251511700D-01 -1.11511775456971200D-03
40  9  1.66686342312398500D-03 -5.51745668554273200D-04 -4.03142823247724300D-04 -1.63874246959737100D-02 -3.82554139197670600D-02
40 10  1.15530259687787000D-04  4.25144201913834600D-04  5.00165258247466700D-03  1.45512208587376700D-04  5.63631425393483300D-04
40 11 -8.92004715486157000D-03  8.66435284368490900D-04  7.60184564835780900D-04  3.35763725586429100D-02  9.76600380217863200D-05
40 12  1.69224253401172100D-05 -1.14582463361905000D-04  1.57119413212124900D-05 -9.13872444755069800D-04  3.06601552686127000D-04
40 13  3.59482239996785600D-05  1.98747776015624000D-04 -1.62063720105584300D-03  1.99522377094709700D-04  9.22123587169695800D-04
40 14 -6.47711914275334000D-03 -3.41330773867552000D-03 -1.53089379900177800D-03  2.68290362194079400D-02 -4.02891930507271500D-04
40 15 -1.05932285626310500D-04  5.08824216133584800D-04 -2.65163231863155500D-04 -2.25132653017083100D-03  7.60980348743791000D-03
40 16 -2.81558891799248100D-04 -9.62186152276700300D-04  1.58387529288608600D-02 -5.72372379726005000D-04  2.89077650541513800D-04
40 17  1.66886328748845500D-02  6.94732865582310800D-03  3.94985937144795700D-03 -9.70653928074844000D-02  7.16570584465761600D-04
40 18 -2.49245916201226400D-04 -4.67324668264535600D-04  1.63653340664754600D-04 -2.07817434287021700D-02 -2.10800245873081000D-02
40 19 -5.13640184176186700D-04 -1.10481101041764800D-03  2.15725216107958900D-03  1.77277795206713700D-03  5.80143828411080600D-03
40 20  5.14866810578526000D-04 -4.91491965189588000D-03 -6.32071960511083300D-03 -1.94931449863425200D-03 -1.04616060792393900D-03
40 21 -1.36644297764895200D-03 -5.70853167009936400D-04  3.18415798394994400D-03  2.09312272927148200D-03 -8.95376965361442200D-04
40 22 -1.19774576391004200D-03  1.02590863323799500D-03  7.38117415648727200D-01 -1.30930703539283200D-01 -9.14174783078122400D-04
40 23  1.11982430291748800D-03 -2.05649519839365100D-04  4.96891418377162000D-04 -3.46707876587434600D-01  5.53500616632337000D-02
40 24 -5.22011418754950600D-04 -1.00827031257477400D-03  5.15055118073680600D-03 -2.05363605622769900D-04 -7.09612912776770300D-04
40 25  2.76815262220830900D-04 -4.35679125707626400D-03 -8.97462554769332200D-04  4.41415768333145500D-04 -9.61139547577855000D-04
40 26  1.71584234920216400D-04  9.76928644465829200D-04 -2.66777350883350100D-03  1.25829865818688300D-03  2.16988425637222500D-03
40 27 -3.42818291455910400D-03 -1.92634355124869700D-03 -5.50606053728053300D-01  6.92382975456418200D-01 -9.28516809277046500D-05
40 28 -2.52980357899672200D-03  2.62265525992442500D-03 -9.08576909617914300D-05  2.62478809007965100D-01 -3.37512697871209000D-01
40 29  7.41056618280090000D-05 -5.68453061657508000D-04  2.09092529999342200D-04  1.48963061593798100D-04  1.69896965515979200D-02
40 30 -2.85221055440245200D-04 -5.97693870800332800D-04 -2.18287457472309900D-04  7.30596000037720700D-05 -5.23942829893571300D-03
40 31 -4.20973696608466500D-04 -9.33650334369237800D-04  2.75016274750195900D-04  1.01879324926639300D-03 -3.61102549509079400D-03
40 32 -8.76143232649302500D-04  4.16311634434531200D-05 -7.35757971699695300D-04  9.13976056965522400D-04  1.38779888888191000D-02
41  1 -3.45476136005885000D-02 -7.80469168211926900D-02  1.02360410455146600D+00 -1.32639023385038000D-02 -5.47657675314478500D-02
41  2 -2.59490572289579500D-03 -7.08944652357876200D-01  1.66220726476428100D-01  8.67047683035158300D-03  3.68212328371108500D-02
41  3 -1.81683573202440200D-02 -1.86528755168672700D-02  7.90230259595246600D-02 -1.73766267467481000D-03 -7.37855899579741200D-03
41  4 -6.22861332896753200D-02 -1.26145459483101200D-01  1.42481887406498600D+00 -3.99854648430392800D-02 -4.49946655083453800D-02
41  5 -3.66707766763955400D-03  3.97467462640884000D-01 -3.86544170718579100D-01  3.29465206280865300D-02 -3.79291646121090500D-02
41  6  8.38571068433765100D-02 -4.59279422312670300D-02  1.88652235642511300D-02 -1.66189939344799000D-02 -6.94032745168438900D-03
41  7  2.67973127876720000D-02  3.81301885339819000D-02 -5.39595205014679700D-01  1.98405951663853500D-02 -5.24142653234022600D-02
41  8 -8.90095249330577600D-04 -4.31322799428397700D-01 -7.64660913848990500D-01 -7.62433801921254600D-03 -2.14924797680039400D-02
41  9 -3.74835939263694600D-02  5.89760736943733500D-02 -1.04560937337889300D-02  1.35427066305322900D-02 -9.62445478402466700D-04
41 10  3.67295469619504700D-02  7.38826998369751100D-02 -4.90586783833660100D-01  1.49419286579853000D-02 -2.02603447171699500D-02
41 11  4.66840858643647700D-03 -3.00693462606449900D-01  4.52178649124976500D-02 -1.81714463001202500D-03 -3.99827235730014800D-02
41 12  4.43252486864570400D-02 -4.34252511345485000D-03  1.33257106827240500D-02  5.64724330790191000D-03  1.70575663021399900D-03
41 13  3.82776903831256200D-02  7.32410542071150500D-02 -5.99770310575609900D-01 -7.48395316668429000D-03 -4.97486634805145600D-04
41 14  2.67609056930383100D-03  1.36853864731557200D-01 -2.02550803171963400D-01  8.20095650849905300D-04 -1.19749864540613500D-02
41 15  2.67868724962780800D-03  9.29629920443371000D-03  2.17193169699012800D-03 -7.00746740933080700D-04 -8.65187717566448000D-04
41 16  2.15356167564784600D-02  3.34918972792537700D-02 -4.87930879052443500D-01 -5.75779342344256500D-02  7.78729009516761900D-04
41 17 -1.08579610525283900D-04 -3.92898833662472500D-01 -7.38002210555996700D-01 -2.89300374315249400D-03 -9.98929525311016500D-03
41 18 -2.84915368120404300D-02  3.84808320651504200D-02 -4.39647989074906900D-02 -4.98777599850183500D-03  5.62497017953067200D-03
41 19  7.68398291642647900D-02  1.60494404954132700D-01 -4.15087395360945900D-01 -5.14430776137052300D-04  5.56501435238707800D-03
41 20 -2.39011122601000000D-02 -4.76713898677431100D-04  8.42913655173711300D-03  1.08784699640680300D-01  7.40441942600576000D-04
41 21  1.89001653874915000D-02 -2.79568196594537500D-02 -7.80324374285097400D-03 -7.05823502048212500D-01  1.26606303474715000D-01
41 22  5.79217198573497400D-01  1.66299605486575900D-01  2.38895915471747900D-02 -9.02383421483556000D-02  3.53230069691256900D-01
41 23 -3.91965107541154300D-02 -3.14033558937141700D-01 -5.29900019100010400D-02 -1.22893179483007100D-02  4.84342010907954500D-02
41 24  7.99931523514441200D-02  1.64731940015636600D-01 -5.06500931783214000D-01  4.49932468802661500D-02 -1.67524296216871300D-02
41 25  9.84963421070605800D-03  1.58853803574421900D-03  1.09764886087533900D-01  4.78948607386106000D-02 -2.65948653420930200D-03
41 26 -5.23537231808703600D-02 -6.10802511457723200D-03 -1.09760013017850800D-02 -2.34841891296291800D-01 -4.29429035710440500D-01
41 27  6.64270927006731700D-01  5.39862893483002400D-01 -7.46275976463105600D-02 -9.40956628283613200D-02  1.22279850658218500D-01
41 28  2.60570996514546800D-01 -3.82850847172765200D-01 -2.50382212888478600D-01  3.93212234478521400D-02  5.15268649378080500D-02
41 29  7.08481748788317400D-02 -1.73029212446998900D-02  4.08238958628915100D-02  4.52557903751404100D-02 -5.44403226046041900D-03
41 30 -9.07483712287690700D-04 -9.60722441062158300D-04  2.11955844699244300D-02 -4.30913791958720700D-02  7.09721300970438900D-04
41 31  4.35356960207866600D-02 -1.12271300110531000D-03 -2.04380445680270200D-02  5.05607711108488500D-03 -3.15946356454414600D-04
41 32  3.97622866646737500D-02 -1.08049356116372100D-02 -4.01257117754956400D-03  5.51349593710486800D-02 -1.97798014319512700D-03
42  1  4.87901524868999000D-03  1.08923094131139700D-02 -1.17833499678083800D-01  6.65293753179896300D-03  4.79907835656905600D-03
42  2 -2.61177284247206300D-02  6.36154712417133000D-02 -2.74617304206037600D-02  1.17411108229058800D-01 -3.08670484481127900D-03
42  3  2.35559863306728600D-03  7.31106211744047200D-04 -7.67617843706836700D-03 -9.96997050772399800D-03 -7.91940016481429000D-02
42  4  6.93268281781040300D-03  1.31202705747387700D-02 -1.69578213873702000D-01  8.60372969740908800D-03  2.77833534869914500D-03
42  5 -2.79169759778580800D-02 -4.96208969650850100D-02  6.81864212850797200D-02  2.09916795568933100D-01  3.30477371440276400D-03
42  6 -7.33875043970376500D-03  4.03397672530095200D-03  4.71014594167287900D-04 -1.20223534564547100D-01 -6.05793317426229800D-02
42  7 -3.86652206104928800D-03 -5.50856052912532000D-03  7.96982865267786600D-02 -3.56963854569506600D-03  6.41206188652687800D-03
42  8 -1.46486640443215700D-02  5.24862901498323400D-02  9.95897947373529200D-02 -4.33717698658851200D-02  4.87322848688748600D-03
42  9  1.70448398333118500D-03 -6.57771247021866500D-03  1.90113928089896900D-03  1.03978589359540500D-01 -1.52083686151174400D-02
42 10 -5.08403467374109700D-03 -1.05825893223296600D-02  5.62136025798449200D-02 -2.11212037394937900D-03  1.49106845928482800D-03
42 11  2.71671259912012500D-02  3.77153447271926700D-02 -7.00115526633509400D-03 -3.43805513265907400D-03  4.82964126558260900D-03
42 12 -5.47909438066929800D-03  6.49453115086599800D-04 -1.76797976555762600D-03  3.08445699376614400D-02  1.71497206077506600D-02
42 13 -5.05670230971927800D-03 -1.00110317717925500D-02  8.14589571475183800D-02  8.49348765275693000D-04 -1.66951533928834900D-03
42 14  2.22005166045121200D-02 -1.17935815751886100D-02  3.03768437870948900D-02 -2.67782468057315100D-04  1.91883614411507400D-03
42 15  1.10959890209139700D-04 -2.02979603432423900D-03 -3.20434006515465700D-04 -1.00537134498528200D-03  1.65290121817206300D-02
42 16 -2.23621135645555300D-03 -2.23987821833838400D-03  3.38220175404843900D-02  8.93889605852358500D-03 -3.15331922051992000D-04
42 17 -6.66257345055073800D-03  3.84667194847342100D-02  9.06632163763082700D-02 -3.03995770028094500D-02  4.71722287186317500D-04
42 18  3.99559328655986100D-03 -4.46731557374615300D-03  5.09613252373856100D-03 -4.79223634370278500D-02  5.74373714664265200D-02
42 19 -9.49366479509855400D-03 -1.97163164659515000D-02  5.33001585994839900D-02 -3.16193259459998300D-03 -1.26491614868845600D-02
42 20  2.07200442243048200D-03 -1.37479153790971700D-03  1.20104088811118800D-02 -1.14180114793718100D-02  3.34780759279307200D-03
42 21  3.27834534494712800D-04  4.82832156591434600D-03 -6.86323486661990400D-02  9.05874936730983000D-02 -1.48485388412142000D-02
42 22 -7.57389548318840900D-02 -2.49458738999680400D-02 -1.82579228113981100D-02 -7.48118356770303500D-01 -4.58965072489022600D-02
42 23  3.02397061015951400D-03  4.28725366387427700D-02  6.35833662918645200D-03  1.00651451543187400D-02  3.97125250580460400D-01
42 24 -9.32716924990605700D-03 -1.93814517301967800D-02  5.48135125826589800D-02 -6.05036295155027000D-03  3.75138629043003500D-03
42 25 -1.95367842072476400D-03  5.14135212326507800D-03 -1.22920671413711100D-02 -6.82321284537046400D-03 -2.75823845723906300D-03
42 26  6.69191391593887900D-03 -1.16313424065021900D-03 -8.76125897188347500D-02  2.83913793123426400D-02  5.21883175203749100D-02
42 27 -8.05796968327175000D-02 -6.79730891195415400D-02 -6.58086137697416400D-01 -6.38476851788763300D-01 -1.58224527917499800D-02
42 28 -2.91716869866837600D-02  4.49941397784337300D-02  3.33523415465275000D-02  3.43403272621325800D-01  3.39132705476287400D-01
42 29 -9.59880504618581200D-03  3.58280247728637400D-03 -5.73180028037091300D-03 -6.13600385448753200D-03 -3.58532640944459300D-02
42 30  3.63318409740958900D-04  1.49352584366595200D-03 -2.36392405619123500D-03  5.32336172042462300D-03  7.76952023411950500D-03
42 31 -4.21336853031556900D-03  2.18934039857374500D-03  2.56489291414501800D-03 -2.53512219033262700D-03  2.94094009063296000D-03
42 32 -4.18718836431816000D-03  1.18301450491724100D-03  1.68611268807601200D-03 -8.97792181129944400D-03 -2.45762857601612500D-02
43  1  1.60823507064293700D-03  3.39636795223154100D-03 -1.51264264800372900D-02  6.60585447441057500D-03 -1.26452667012244000D-03
43  2  1.87619334927360200D-02 -1.47247058147592500D-02 -1.30417014721373700D-02 -1.16423974399982000D-01  1.06932784052808700D-03
43  3  2.68107029207521700D-04 -1.33743486973559600D-03  6.53100003052341900D-04 -6.14770213077924000D-02  6.94511358020100100D-02
43  4  2.73230587366653900D-04 -5.31129251166274500D-04 -2.17581900397403300D-02  5.67664980112074200D-03 -2.44406327906529000D-03
43  5 -1.25006656601716500D-02 -9.55731214819004200D-03  3.57480998436122200D-02  8.28965989135339400D-02 -6.15012884568044700D-04
43  6  1.88937795144788500D-03 -1.27436506687985400D-03  3.03403230756521400D-03 -6.82569915812714400D-02  3.51958531953998600D-02
43  7 -1.25980973095302100D-03 -1.79555253590827200D-03  2.85278905505570800D-02 -1.88285904198297000D-03  1.11242043214352000D-03
43  8 -7.88591092812550100D-03  8.75132029500562100D-03  2.35182555812026700D-02  2.02944197661403200D-02  3.08406156894618000D-03
43  9 -2.74807519306015000D-03 -3.35986375886029200D-04  9.09748029692696000D-04  5.06422633046003900D-02  4.14231875576229300D-02
43 10 -1.51265738497128200D-03 -3.47094331541767200D-03  6.27728539268502300D-03 -5.47100601702304000D-04 -8.49222932655068800D-04
43 11  1.10288413560022400D-02  7.22433045470567300D-03 -2.49853821759078500D-03 -2.95848369755409800D-02  5.71772123282887600D-04
43 12 -7.17471444887509400D-04  1.45699321604605100D-04 -4.35405467068573300D-04  4.39974974840387400D-02  1.04438842078594700D-02
43 13 -1.23004405448802100D-03 -2.80629041326055300D-03  2.19415004510373000D-02  2.04879192316672700D-04 -2.06604991702288800D-03
43 14 -1.75188362325820000D-02  2.95920222241196100D-03  1.14241898436091900D-02  3.41590980661652500D-02  5.69026173984480400D-04
43 15  6.23408406644739900D-04 -1.19243458062922900D-03 -4.88823105132277400D-04  1.11485556186255400D-02 -5.16208754738614100D-02
43 16  6.34854593756280900D-05  1.71893966967992300D-03 -2.15514502901951900D-02  3.59976361988905900D-03 -1.30162563891943000D-04
43 17  1.45645927485753800D-02 -3.44632658548920200D-03  1.62504352009744900D-02 -2.64671958248369600D-02 -3.84907883748088300D-04
43 18  1.06773286842509800D-03 -6.82824984677000200D-04  2.43252837479502800D-04  3.43012425895554300D-03 -8.86602887285437200D-02
43 19 -1.86417344996803700D-03 -3.72457322217587200D-03  1.32377871386811000D-02 -4.00498167812482900D-03 -1.52783498108776100D-02
43 20 -6.51747948115884000D-04 -3.02348870607183500D-03  1.62696690627244600D-02 -3.66446628900771700D-04  1.89897044411928700D-03
43 21  2.88329264278089700D-03  2.43323890851913500D-03 -5.73221456047216300D-04  2.08669937027733200D-02 -1.78337097292861000D-03
43 22 -1.90836227298447100D-02 -9.73993555573141900D-03  8.96891880211966500D-01  2.39537230783947200D-01 -1.13289483767903300D-02
43 23 -1.36841216793312100D-03  1.26973605447234600D-02  1.19975163039800000D-03 -4.90100801965686800D-01 -1.05386139623413800D-01
43 24 -9.99066453074233600D-04 -2.30685191312849300D-03  4.74721847423223600D-04 -1.69798792308164900D-03  2.58003990679252900D-03
43 25 -1.14467078081864900D-03  2.20263618198799100D-03 -5.87481445978875800D-04 -2.03043364709423700D-03 -4.11904043987535900D-03
43 26  1.45495813117730300D-03 -2.37080456959790500D-03  2.31989448137619800D-02  4.41497900311407400D-03  8.17818260991378900D-03
43 27 -1.25931616130278700D-02 -1.38987562321768500D-02  3.41982822699740200D-01 -6.46077132702738300D-01 -3.53541080415151100D-03
43 28 -1.80222767232374900D-03  5.33763847647525500D-03  8.63665371507017900D-03 -2.10751159808898200D-01  3.51540154483747300D-01
43 29 -2.60802463640154200D-03  2.18632462053412500D-03 -1.75959031588553300D-03 -1.58394525535835700D-03 -1.64607157559607300D-02
43 30  1.17106323816490200D-04  1.82279230981650800D-03 -1.50462087574011000D-04  8.21415726707883500D-04  9.84661820357851700D-03
43 31  8.65673198976169500D-04  2.61054168604956500D-03  7.42477175402651900D-04 -2.41821599101773600D-03 -1.28878358582105300D-02
43 32 -4.03245456921609300D-04  7.74282195164807600D-05  1.36465710893359300D-03 -3.85312491375863900D-03  2.71952246339152400D-02
44  1 -2.33823393531689800D-01 -4.06003143058381700D-01  3.25601449784098600D+00  7.14264116347085200D-02 -7.83926195231684500D-02
44  2 -3.71481632749806100D-03  7.42591038267560200D-01 -7.15845320582385800D-01 -1.70198012868726500D-01 -1.92445762881261900D-01
44  3  3.79614742680931100D-01 -1.87168979799668700D-01 -1.56064568725162100D-01 -3.45188882360096700D-03  1.02393404976028100D-01
44  4  2.32979721388355900D-01  4.02278169599693200D-01 -3.19638188171300300D+00  8.27494224476625900D-02 -2.83121025321430100D-02
44  5  4.76068362694854900D-03  1.00354357428356300D+00 -3.52235788941635500D-01  1.62691968843417500D-01 -3.70784284587732500D-01
44  6  1.77930234745589900D-01  1.92854049842142900D-01 -1.94707403008167900D-01 -8.70654072606588800D-02 -4.68214899444632900D-02
44  7 -9.73600004925216100D-02 -1.53453863670998300D-01  1.21719458413430200D+00  1.21509755215957100D-01 -6.27346988246952300D-02
44  8 -1.47747650242590000D-02 -2.52360824890926400D-01  6.49039002563735800D-01 -4.41978442483361200D-02  3.83421512715044000D-01
44  9 -2.10008044083936100D-01 -1.73413468631107200D-01 -3.50994860276916400D-01  3.18860803518425700D-02 -3.32701440109889300D-02
44 10  3.02999118476390500D-02  2.62746308754263700D-02 -1.24769070916163800D+00 -8.16495094555277600D-02  1.47054412184484100D-01
44 11  2.12569348955121600D-03  4.19872558597422300D-01 -3.79455502616443300D-01  1.81178326528765200D-02  4.62415524168622300D-01
44 12 -6.00704175612312600D-01  1.38288651443688900D-01 -3.84770804859066800D-02  4.88971726234699200D-03  1.37177992832531100D-02
44 13 -3.05319154210790300D-02 -2.64137748113923400D-02  1.21029536623774900D+00 -1.65588341745604100D-01 -8.49643820146539000D-03
44 14 -3.71122108403531700D-03  5.45195311535656100D-01 -1.95803780325898300D-01 -1.77342838845618600D-02  3.08371608737952000D-01
44 15 -1.71717458323506700D-01 -1.36654150414445900D-01  5.58110414550930900D-01 -8.29481912896503500D-03 -1.12143513364200600D-02
44 16  9.61779264351726300D-02  1.48710253037721800D-01 -1.26942204020885300D+00  1.10734518986606300D-01 -7.97420060820667000D-02
44 17  1.39813929936558400D-02 -7.23288171286219700D-01 -1.59039838044942300D-01  4.66674586342512000D-02 -2.21903978125144600D-01
44 18  4.46521198622588600D-02  1.77251858262884500D-01  4.86624749362487800D-01  4.62770664189397800D-02 -1.34484521302925100D-02
44 19 -4.50327000024274300D-02 -1.03858503809397800D-01 -3.83447441512326000D-01  4.85469604590444100D-01 -4.15334543741182000D-03
44 20  1.48363163365564100D-01 -1.49421504566514200D-02 -2.86971381230489100D-04  2.21303567168097200D-02  1.30452862380113300D-02
44 21  7.01286227632014900D-02 -1.85462879105789000D-01  5.99241573874818000D-02 -6.63723424569276700D-01  2.74302811869535300D-02
44 22  6.36293143382323100D-01 -3.14761432699887600D-02 -4.97612871930668600D-02  3.17102762429990700D-01  4.82174153285339700D-01
44 23  3.09085681964460600D-03 -4.85265010104985400D-01 -4.79081135888768000D-02  3.18050743021150400D-02 -1.69723547013100800D-01
44 24  4.36958213182293600D-02  1.02134166773689400D-01  3.96716314843628000D-01 -4.70188476643785700D-01 -1.35714713805466200D-01
44 25 -6.28377076338136600D-02  1.46939570373155300D-02 -2.64162341325115100D-02 -2.59766868917188100D-02 -1.21240609407502500D-02
44 26  1.85958428746337600D-01  3.67180283476214200D-02 -5.71329947435962500D-02  7.78771172026747800D-02  5.09524067489876700D-01
44 27 -5.87401184692550400D-01 -2.43831066098739000D-01 -2.68090389446156900D-01 -1.00831990155188500D-01 -1.33836632158395000D-01
44 28 -3.22718560124814400D-01  4.56555192283209500D-01  2.25376617747913500D-01  1.46170583687068300D-01  4.82861895219362000D-02
44 29 -4.11185132648881700D-01  9.67708931095073200D-02  1.63521474965231900D-01 -2.18363928440773400D-01 -1.05774980776547400D-02
44 30  4.76654526744350300D-01 -1.60443411345430000D-02 -2.85317329476695800D-02  3.04289965894323800D-01  4.04436227826158800D-03
44 31 -4.77348253023342400D-01  1.05298002992760600D-02 -2.82062394690630300D-01 -1.25232771908121900D-01 -3.68930651022756700D-03
44 32  4.31462679158018500D-01 -9.92625601443282400D-02  2.77909492834640700D-01 -3.57207650898836200D-02  1.16956882939569300D-02
45  1  8.89012761513725300D-02  1.54385299891811800D-01 -1.24077482103350400D+00 -2.93968698316676700D-02  3.07244542989335300D-02
45  2 -9.48526577623079500D-03 -2.71941913957541400D-01  2.77866074855896300D-01 -4.55361410361121700D-01  7.27313374448246600D-02
45  3 -1.44408035944827600D-01  7.16766985000027300D-02  5.93255443273277100D-02 -6.82942525539385500D-03  2.72195295799150800D-01
45  4 -8.81888646260800700D-02 -1.51863509496417800D-01  1.21241098470625500D+00 -3.37645579922338300D-02  1.19345261689385700D-02
45  5  1.31999462825346100D-02 -3.83546361080843800D-01  1.22052973856275900D-01  4.34757938742692600D-01  1.41458953560192500D-01
45  6 -6.91953702699280600D-02 -7.22635832902645000D-02  7.34053343503174300D-02 -2.28418542398071400D-01 -1.24270440507264500D-01
45  7  3.73128995194052000D-02  5.87778287300881600D-02 -4.70918895480138800D-01 -4.59356990913701600D-02  2.39403516072252400D-02
45  8 -3.71986399813584700D-02  9.69805343573284700D-02 -2.49656632205948200D-01 -1.20691039828164900D-01 -1.47012892510809000D-01
45  9  8.13381714814604800D-02  6.56747210293482700D-02  1.34253745632506900D-01  8.18465426632540700D-02 -8.85251594733964400D-02
45 10 -1.13704585438198000D-02 -9.51402350417093200D-03  4.77232439581394100D-01  3.09649851446694600D-02 -5.57296538302808700D-02
45 11  6.77294720434422900D-03 -1.59834236012452600D-01  1.44983652335423500D-01  4.73097833202009400D-02 -1.76285962341566800D-01
45 12  2.28974920230288400D-01 -5.26889578887210200D-02  1.46893718057626200D-02  1.31466341083710600D-02  3.50042558069663500D-02
45 13  1.17110668249309900D-02  1.03867204601385400D-02 -4.64003701810649500D-01  6.30291071124435000D-02  3.72820286396254700D-03
45 14 -9.31496853007397900D-03 -2.09695958719140700D-01  7.19034763712250600D-02 -4.75313020983039500D-02 -1.17464416492953400D-01
45 15  6.51198171445705000D-02  5.23445993483831300D-02 -2.12361318908251600D-01 -2.33329248404190200D-02 -3.16259542415173800D-02
45 16 -3.69893123266460500D-02 -5.78898286720036600D-02  4.95034723477262300D-01 -4.31626580757103100D-02  3.01477753277872100D-02
45 17  3.73960173727513500D-02  2.79873522231731100D-01  6.01539828956163200D-02  1.26927567759985300D-01  8.41947174644765700D-02
45 18 -1.67501890948397100D-02 -6.74445283696363700D-02 -1.84982443384800600D-01  1.24301476190873300D-01 -3.39264113480106400D-02
45 19  1.74560565871386600D-02  4.00921128917987900D-02  1.42638769950742200D-01 -1.84036634849863400D-01  6.81048858666767300D-03
45 20 -5.60634269264422900D-02 -3.98165591714137500D-02 -5.69767897413611000D-03 -8.47438414456298600D-03  3.49802798446145500D-02
45 21 -2.77014510428094500D-02  7.00612480504051000D-02  1.60555876354481300D-01  2.50129579616200400D-01 -1.08864676490004200D-02
45 22 -2.39243111967199900D-01  1.55214764464119900D-02 -1.39977448235573100D-01  8.39908144334655900D-01 -1.81828917404860900D-01
45 23 -4.61581371574491300D-04  1.82290498776435800D-01  1.75106525972978300D-02  8.96698871845703200D-02 -4.49852108524466800D-01
45 24 -1.72398263378741100D-02 -3.99928126934952700D-02 -1.44837173712314200D-01  1.79978842330052200D-01  5.08809073148708200D-02
45 25  2.42602127548165800D-02  4.02441432232547400D-02  8.75312338818908500D-03  9.80285649526000700D-03 -3.53327211260900200D-02
45 26 -7.10976156085194600D-02 -1.29958750431852000D-02 -1.51784167967613200D-01 -2.93846454825759000D-02 -1.92894560273693000D-01
45 27  2.22279205756268500D-01  9.43558929971324700D-02 -7.08228514643476800D-01 -2.52655109924051400D-01  5.11935955368341100D-02
45 28  1.21105985430756100D-01 -1.72299580967590200D-01 -8.71785834769804600D-02  3.88479928862676600D-01  1.22048506030706000D-01
45 29  1.57406242102010000D-01 -3.76537012449639800D-02 -6.23187074431022100D-02  8.33778303899201400D-02 -2.83605836554311800D-02
45 30 -1.81826719582282300D-01  5.38116233770366500D-03  1.07786223668783400D-02 -1.15978953398570100D-01  9.78667508699333100D-03
45 31  1.81039677263805000D-01 -4.98132376815431400D-03  1.07227115187834600D-01  4.84854222481984300D-02 -1.01075404793563100D-02
45 32 -1.64163243107734900D-01  3.80703177462335000D-02 -1.06186445660104500D-01  1.42987548241994600D-02  3.13814644699176300D-02
46  1  1.32870104622133800D-01  2.24061535238905000D-01 -7.54416904587981900D-01  1.25675475811014600D-01 -1.85324665994771300D-01
46  2 -1.86113679881908900D-04 -1.75600964942242700D-01 -3.19357319109332000D-01  3.42536423639200300D-03 -1.30843150124222900D-01
46  3  3.58390534245337600D-02  9.50040966996895100D-02  2.99010400398147000D-01 -7.59066856799034000D-04 -1.33961430987588700D-03
46  4  9.37405935652753400D-02  1.47738848532242700D-01 -5.31888860839112400D-01 -2.45082340250413200D-01  2.19919452403907700D-03
46  5 -2.33188372955199600D-04 -4.14268797976175300D-01 -4.05074233675816300D-01 -3.37890005366069300D-03 -2.46729230695992600D-01
46  6  1.53590703833533100D-01  9.31385268624597700D-02  2.81578428175772300D-01  1.52165957306484400D-04  5.00631066816183700D-04
46  7 -6.95503736421371900D-02 -1.37351721316978800D-01 -2.33551200973112300D-01 -1.05688682704037500D-01 -4.57931061798375000D-02
46  8 -5.86137025641907700D-04  3.09812630569994900D-01  2.38753528517481800D-01  1.88484068911631200D-03 -8.48533607104392200D-03
46  9  2.30742724585855000D-02 -1.45889363875414400D-02  4.92604460300770500D-01  5.54678592958030200D-04  3.84207334614628000D-04
46 10 -5.61447051235364200D-02 -1.10087046177553900D-01  4.39692417164661200D-01 -1.45694462416670200D-01 -9.21799101400728500D-02
46 11 -5.65706759472447700D-04  1.18572340831827200D-01 -6.48622093580357000D-02  1.58878787845369600D-04 -1.50133794011600100D-01
46 12  1.64624181801257400D-01 -1.44903877896574900D-02 -8.80511360937714600D-03 -2.40128135775426200D-04  3.73977065569388800D-04
46 13 -4.80008300256091100D-02 -9.80511376709279500D-02  2.60657525992816200D-01  1.67172165795229700D-02 -1.57303526166730000D-01
46 14 -1.83207557037668800D-04 -1.55384412245469100D-01  5.18278940808075400D-02  3.02249381024857200D-04  3.50562080030558700D-02
46 15 -3.96401558415385900D-02  4.58394783848259500D-03  6.69872496062333100D-02  5.92474812211694200D-04  9.59597544632143900D-04
46 16 -7.33114735457811400D-02 -1.41502275922577100D-01 -1.94258158766212200D-02  9.53768228752244900D-03 -9.00252577580352300D-02
46 17 -2.22934444545854800D-04  1.35423342229040000D-01  3.45523250239784800D-01 -1.64040659031062300D-03 -3.03089381214484000D-01
46 18  3.33384856357771600D-01 -3.02954751432878400D-02  1.88471889758459900D-01 -1.03920294931924300D-03 -4.67868362184879600D-04
46 19 -7.68557691528213700D-02 -1.47462950875101300D-01  5.41103157603368800D-01  2.24381553713918600D-02 -4.53683376478129000D-02
46 20 -8.22132090687904000D-03  3.04821327688544500D-04  1.52057261130746300D-02 -1.70017517880808500D-01 -3.05341359998115200D-04
46 21  1.33701674736657800D-01  4.13787949712417700D-03 -1.20427032835038600D-03  6.90112123942275100D-02  2.31330556669442500D-01
46 22 -3.00341769063669400D-01  7.56952881763351600D-01  2.14379872287145200D-03 -2.42300016652843000D-03 -5.36846166986764300D-02
46 23 -1.27941708808176400D-01  1.81626325506853500D-01 -4.10782411548751800D-01 -1.59297047762776900D-03  1.39103217141444100D-03
46 24 -1.03486925760446400D-01 -2.00034341213734000D-01  6.70762369938164000D-01  1.28784968434685300D-01  3.30893505470139000D-02
46 25 -4.78858284252163000D-02 -6.64256540366400400D-04 -2.04862147518482000D-01 -1.10965093505829900D-01  1.41971345538417100D-03
46 26 -9.92777727935652300D-02  1.28435197984664800D-01  7.48029505650510600D-04 -3.89306561182659600D-01  6.77815312883604000D-01
46 27 -2.88508751700943700D-01  5.16029941562335700D-01  1.58350164044913200D-03 -2.80026513855589600D-03  2.11894307886751800D-01
46 28 -3.73810549250004800D-01  1.61916241363252800D-01 -2.62083524998474600D-01 -1.75289780345656100D-03  7.91060022334932500D-04
46 29  2.33117259730609800D-01  1.41624975197640200D-02 -2.16134119999728000D-01 -5.33243322606730300D-03  3.08204817428289700D-04
46 30 -1.63855039660726100D-01 -5.82582415270652200D-02  1.73756484784213700D-02 -7.68348635598666100D-02  3.04322482653732100D-04
46 31 -8.67337819377654000D-02 -5.51801408874715200D-02 -3.54616267493325200D-02  3.02549885333980100D-03  1.77930926439561700D-04
46 32  1.69866676413931400D-01  3.01780482809526800D-02  6.57427507746974200D-02 -1.70871475201922300D-01 -2.81508852741159300D-04
47  1 -1.80634994719342000D-01 -4.22743389817232000D-01  2.96934110732787300D-01  8.57558840008575800D-02 -2.67991948700258400D-01
47  2  2.51732110674278500D-04 -8.50679251464409000D-01 -3.30848244623814300D+00 -5.19117075531746500D-03 -5.43424652673381600D-01
47  3  3.61051623845449800D-01  1.82373028827930800D-01 -1.07190798458599000D-01  1.19192818436863300D-03  1.79141069053657300D-03
47  4  2.32939165917808300D-01  5.46234307286527800D-01 -7.20793120742269400D-02  3.62959889523567100D-01  1.43480641877487700D-01
47  5  3.46928207659641700D-04  2.67218603978334900D+00  2.47469326203351500D+00  5.27264706107433400D-03 -1.82265675997807300D-01
47  6  4.07658499632478000D-01 -2.25392823634670200D-01 -2.69611553958798800D-01 -1.11464714530310800D-05 -6.27051076401670000D-04
47  7 -1.56325329769194800D-01 -2.89338246492748300D-01  2.74246839541591400D+00  1.95859561720252900D-01 -1.41132695697783900D-01
47  8  1.09723484018512000D-03 -1.06238214103551300D+00  5.66193066736895100D-01 -2.96382239362855400D-03  4.54531331363964500D-01
47  9 -3.70672675755515900D-01 -8.38586556084489100D-02 -6.43344115404303400D-01 -9.53398689316038000D-04 -4.36014013561072900D-04
47 10  6.81635394393904500D-02  1.01633499313523100D-01 -1.82982951593843900D+00 -3.71607167008939600D-02  2.08730632572577800D-01
47 11  9.63385271202661200D-04 -1.37690679093923200D-01 -5.75750704450160400D-01 -4.37384700978387400D-04  6.87962355802731200D-01
47 12 -8.24832329161499200D-01  1.36869973358768500D-01  1.56781627995287200D-02  4.64164256313924100D-04 -6.74034157200815600D-04
47 13 -8.61177070264414100D-02 -1.36439459493667900D-01  1.86259117394432500D+00 -1.97549385594397000D-01 -9.99332802826328200D-02
47 14  3.04971552100400400D-04  4.31567271422195900D-01  4.27485534810702600D-01 -4.11503562645591900D-04  4.69583761475679100D-01
47 15 -3.23586799423886600D-01 -1.45996962051792300D-01  7.69901867683219000D-01 -9.45731007405384500D-04 -1.61843209283981300D-03
47 16  1.41408559153394900D-01  2.60651767806134400D-01 -2.74581346729430300D+00  2.32075505947414100D-01 -1.10288132643046100D-01
47 17  3.81405239979925200D-04 -9.32191653133100500D-01  6.14059424040285700D-01  2.59775623333576000D-03 -3.76737932183883500D-01
47 18  2.87903052668835600D-01  8.88348795150470200D-02  7.80406930668069000D-01  1.49376752976806100D-03  7.90986388481566200D-04
47 19 -3.70891180967471400D-01 -7.28251816496765600D-01  2.26778354954194000D+00  1.07029836527045700D+00  1.24889466703906900D-02
47 20  1.10354385760461100D-01 -3.63116886193634200D-04  3.30948042487410100D-02 -7.78620927449383500D-01  4.72143458701535200D-04
47 21  1.15672947305896900D-01 -2.35927352141115100D-01  1.72464549391448100D-03  4.68759940573816700D-02  4.44409715500690600D-01
47 22 -4.91285709558072000D-01 -1.23739157479348600D-01 -2.51310444003910800D-03  2.42268651560261000D-03 -1.14708657841375600D-01
47 23 -1.46338453796061000D-01  2.61047111637433500D-01  6.29408202653859700D-02  2.06688458360252000D-03 -1.44354799574501500D-03
47 24  4.18107196780724900D-01  8.13961787071290100D-01 -2.68591830167810300D+00 -1.15894834596813100D+00 -4.68295412074483800D-02
47 25 -7.18615265040690600D-02  1.05957902920310600D-03  8.70317402285051600D-01  4.74109599921178500D-01 -2.37486046473249000D-03
47 26  2.46719322661360200D-01  3.77999759127039500D-02 -1.05614367567664200D-03 -6.28885894625889000D-01  4.76498110585639200D-02
47 27  5.81236083567324400D-01 -2.45711304875623700D-01 -1.38467214395675600D-03  3.82017243831883900D-03  2.46313267553411500D-01
47 28  3.46591489429671800D-02 -2.80972416496378700D-01 -6.70779723725691700D-03  2.24195660027510300D-03 -8.13067382680645200D-04
47 29 -5.17881092207280400D-01  2.97046985599223200D-01  2.73158041879404600D-01 -2.22810082322224900D-01 -5.22566696173214900D-04
47 30  6.28736509262806700D-01 -4.22932087313184300D-02  1.72406914055292600D-02  3.88443515327211600D-01 -5.14233502127747300D-04
47 31 -6.39757797521501700D-01  4.78891769596907800D-02 -3.36637579773536500D-01 -2.10840060872248300D-01 -2.82272799983463700D-04
47 32  5.74160929825669700D-01 -2.41324769196589700D-01  3.49294841977175800D-01 -1.63418033998001400D-01  4.25434632352954700D-04
48  1  2.18663357114891500D-01  5.31531505087498700D-01  1.01467010669202300D+00  7.41133307991859000D-02  5.36130089083200100D-01
48  2 -5.88057028326301300D-06 -6.16818923074176400D-02  1.46522901375176300D+00  1.68513010919862900D-03 -2.02948209427785100D-01
48  3  3.99191274367498600D-01 -1.96243064939714200D-01  1.17972643118299300D-01 -3.79929453700116900D-04 -5.30743186495771400D-04
48  4  1.58010628598158100D-01  3.97956861829459200D-01  1.09386849620616600D+00  3.77199977575701100D-01  3.11383647902852300D-01
48  5 -2.04980425262331800D-04  7.06622647610463800D-01  1.09168596526333600D-01 -1.75061304107003200D-03  2.13990323970848200D-01
48  6 -5.80158368396934900D-02 -1.55974487131154300D-01  5.24952114317982700D-01 -1.24547760295948200D-05  1.83888734459446100D-04
48  7 -2.51393722963921800D-02 -5.85942780958059200D-02 -3.11341374581311400D-01 -5.87710765979256900D-02  2.25503628712926400D-02
48  8 -3.27108842527190800D-04 -2.26366070102364500D-01  1.28682443270483400D-01  9.78491389344927300D-04 -1.12866784253239400D-01
48  9  7.84320669434298200D-02  3.44347173098098100D-02  3.28680504147557600D-01  3.00129685438868700D-04  1.17530638535773600D-04
48 10 -6.05686577333558500D-02 -1.07819615723040700D-01  2.78944522324183200D-01 -5.96414630287461600D-02 -7.83084402058002400D-02
48 11 -2.91916621429409500D-04  4.28375626314726800D-02  1.04534134887770300D-01  1.79722571292146200D-04 -1.55963754720609400D-01
48 12  2.13846455078590000D-01 -5.78827003579811100D-02  1.31454151940884500D-02 -1.53149365918570400D-04  2.21503386761751400D-04
48 13 -3.34884930887534400D-02 -6.39760396667875500D-02 -2.27816499202697000D-01  2.23904350881041200D-02 -5.50885711783717400D-02
48 14 -1.39754325007193600D-04 -3.03576094283125300D-02 -3.26049401742967400D-02  8.65659878215235400D-05 -3.78933481425082600D-02
48 15  5.28579471232707000D-02 -1.49645989807614800D-02 -5.04232340411663500D-02  3.00447698174549200D-04  5.22753008112808800D-04
48 16 -5.98719455541932100D-02 -1.21252232274800300D-01  3.94815857600385700D-01 -1.06744194271755400D-02 -5.20222795995964000D-04
48 17 -1.18779869807215500D-04  4.47523711211913600D-01 -3.05969818944856200D-01 -8.32989510832891600D-04 -8.44378583515022600D-02
48 18  7.76834534885985100D-02  6.75440486290458000D-03  1.87208475610344800D-02 -4.54347299104265100D-04 -2.50904237829058300D-04
48 19  2.68646883261685700D-01  5.02499377392824400D-01 -2.09843245929652100D+00 -4.76779324421388000D-01 -2.13313165130717300D-02
48 20  1.05670547061308100D-01  4.60643975653223400D-05 -2.79592159506571200D-02  9.94857506398547100D-01 -1.46669818666024400D-04
48 21  5.03193950650712300D-02  1.16043229862089200D-02 -5.26204682306518300D-04  3.44995232525160300D-01 -8.88982896710912200D-01
48 22  5.43987664185752100D-01  2.52066779692172300D-01  6.93403419725318600D-04 -6.25155860610352100D-04 -2.04188303990093700D-02
48 23  1.99728472884626600D-01 -1.79309642485617100D-01 -1.25013799395166000D-01 -6.00372717058129800D-04  3.78328394717878100D-04
48 24  1.68560319238025800D-01  3.04669870536080700D-01 -1.55082233960227300D+00 -2.27838801912347900D-01  1.38375332045209400D-01
48 25  5.58433342623056100D-02 -2.79595957239496100D-04  7.14593200448015200D-01  3.78801854616405400D-01  7.75179345716545300D-04
48 26 -7.65685103395031500D-02  4.75335555387943800D-02  3.27823699495724500D-04 -6.82747348986377200D-01  2.66712345957097700D-01
48 27  4.16035003029279000D-01 -4.60881422676456400D-01  3.44100070351366500D-04 -1.08598806969363700D-03  1.98339491472422100D-01
48 28 -8.74683387429230900D-02 -1.10871152729499000D-01  5.97942334513131800D-02 -6.65069261790852200D-04  1.80667828027075300D-04
48 29  2.68570856982457200D-01  1.78097393285551300D-01 -1.57973037477028900D-01  2.48940487450928500D-02  1.72665117670982600D-04
48 30 -1.54144670469525000D-01  1.53432820093100900D-02  1.07495273368980600D-02 -9.26714130196811100D-02  1.65776440626781800D-04
48 31  4.68336099335508800D-02  7.68791273688619800D-03  1.70533102639685200D-02  2.92005762135935900D-02  8.83862030725024200D-05
48 32  8.81097581896159300D-02  2.36451198083949500D-01 -3.12457556613827800D-03 -6.78409885704920900D-02 -1.33860740337840300D-04
49  1  2.04082420050435800D-01  3.89658130673626400D-01  1.41007288141529700D-01  2.28320225040309800D-01 -6.81054873682989100D-02
49  2  3.04655747390110500D-04 -2.73534069669347300D-01  1.37878419300100600D-01 -5.00700765669370900D-03  1.94976653934679300D-01
49  3 -2.08788656654496100D-01  1.38120027198162100D-02 -8.27671089382122000D-01  1.12833931047859800D-03  1.60689819555927600D-03
49  4 -2.19564714154788200D-01 -4.24476353492658800D-01 -1.52223854884757300D-01  1.63197538271986000D-01 -1.79239666957030600D-01
49  5  2.18397854916331100D-04 -2.86728290427798200D-01  1.66326195875577300D-01  5.21021741868012100D-03 -5.13511332560372800D-01
49  6  5.26612685479284500D-01 -1.31013529189116000D-02  5.84113568883521000D-01  3.43626554462804900D-05 -5.42279748376797000D-04
49  7 -1.14350333997304400D-01 -2.35274555436081800D-01 -3.37555889841200000D-02 -1.31148138103619900D-01 -2.23454418699065800D-01
49  8  1.19926010594974300D-03  1.52963176534939500D-01  3.73405322225318100D-01 -2.89297928211537400D-03 -4.31758258445239600D-02
49  9  9.58158810303770500D-03  3.35942377414864900D-02  5.89154736499991100D-01 -9.33761698085169800D-04 -3.32755506782282200D-04
49 10 -6.82666163095897000D-02 -1.25903877476316800D-01  2.79328645430488200D-01 -9.08671532384507100D-02 -1.60636332977235100D-01
49 11  1.01658410692114200D-03  2.60249070758332400D-01 -1.18908231181178700D-01 -5.23178219223267600D-04 -4.23376636199151400D-01
49 12  4.82705431385816800D-01 -5.93287951866653300D-02 -9.20060273286730800D-02  5.26444615162363000D-04 -6.92121714536449900D-04
49 13  7.35518225267840900D-02  1.35080703395060600D-01 -2.94105312126702000D-01  9.11761800376311200D-02  1.65839523656334900D-01
49 14  2.63263204243990500D-04  2.40905306244982500D-01 -1.65165549650337300D-01 -4.04123694530525500D-04 -3.28755830770698600D-01
49 15  2.68982654147997800D-01  5.97731766227014500D-02 -4.13803040850451900D-01 -9.24444438295554900D-04 -1.65222163333099800D-03
49 16  1.19733647415526400D-01  2.48161586673060900D-01  2.95194641949693000D-02  1.29900308808198000D-01  2.30145159184215700D-01
49 17  4.05585108274251600D-04 -2.70480298901700000D-01 -3.24091346359557000D-01  2.56366670632958800D-03  4.66421045321515000D-01
49 18 -4.33871438256307300D-01 -3.25496070652077900D-02 -3.41028774338893900D-01  1.37010898955350900D-03  7.99539084635382600D-04
49 19  8.24191537392023300D-02  1.67377800814488200D-01 -1.94331922917590500D-01 -2.32923700110201700D-01  7.89720811423849400D-02
49 20 -9.14919060700813300D-02 -3.59003395710957500D-04  2.23663287982768300D-01  1.81688651287105500D-01  4.67434906797776600D-04
49 21 -2.21582527112108500D-01  4.35525935387829400D-02  1.61298834682838700D-03 -6.36972212091078100D-02  6.56130885287475500D-02
49 22 -1.91586731963967100D-03 -8.41066057971313200D-01 -1.78112775228284000D-03  1.61675027392223900D-03  6.64676449251061600D-02
49 23 -1.19036385677263500D-01  5.25687407521575400D-02  2.85478243530941600D-01  1.66969427976853500D-03 -1.01237475005516900D-03
49 24 -8.86306690359114500D-02 -1.78364861556086800D-01  2.51368523210125600D-01  2.42048601521824300D-01  1.19953734330429200D-01
49 25 -3.70453062037250800D-02  1.12168300404780200D-03 -8.14181958030288900D-02 -2.89054806312395800D-01 -2.38211883728522800D-03
49 26 -1.42023178168031500D-01  1.63139294564304700D-01 -1.00997096377249300D-03 -5.99905903056483700D-01  6.12550055561773800D-01
49 27 -1.26441525052899800D-02  3.48531694692062900D-01 -8.57695960783568600D-04  2.97512889946091900D-03  2.61085495276622100D-01
49 28 -2.10077856905851200D-01 -5.10076383707708200D-02 -3.63924561753190100D-02  1.96215130637048900D-03 -3.21936480860863400D-04
49 29  3.18113043804052100D-01  8.90965886768214400D-02 -2.34628118683860700D-01  2.10581899141229300D-02 -5.47766480138732100D-04
49 30 -3.75297334786428000D-01 -7.68303764672468300D-02 -3.93005601921013100D-02 -2.05974620995713700D-01 -5.12041527685618600D-04
49 31  3.81507260264123000D-01  8.23955685580167700D-02  1.61532816941187000D-01  1.35034336917145000D-01 -2.70321014350203500D-04
49 32 -3.36969023090786300D-01 -9.78523208711662200D-02 -1.40778149089691200D-01  2.02817556875526400D-01  4.06002516176623800D-04
50  1 -8.66043231924095900D-04  8.65372603640622900D-02  7.63001091813252600D-01  8.37569037394608800D-03  4.63176318663732800D-01
50  2  7.01332228027346900D-05 -1.83736668392687900D-01  9.35679223847211900D-01 -1.44347830649997400D-04 -1.00820772095542100D+00
50  3  1.18902049980952100D+00 -1.80812778854099200D-01 -1.44176827572208900D-01  3.61316079927010400D-05  6.18258502961671500D-05
50  4  6.96915497765073000D-03 -6.94796284494932400D-02 -7.23034575821853900D-01 -3.76890431929986000D-01 -2.24263045124105100D-01
50  5 -2.70851793100582800D-05 -8.59522260150222000D-01 -2.84225790108617300D-01  1.64535947040169600D-04 -7.35596156359183200D-01
50  6  5.63602583347797900D-01  1.71993573011385800D-01 -1.00915351472837600D+00 -3.52301282493435200D-06 -1.70740797888673100D-05
50  7 -1.16585925964021500D-01 -2.07882220677478700D-01  7.26196878049687600D-01  1.54851341304450900D-01 -2.08868993439461000D-01
50  8  4.62865446232860600D-05 -3.17036206112592300D-02 -4.91124603838482100D-02 -9.94266995970267300D-05  4.69262954503745900D-01
50  9 -3.56268852239044800D-01 -1.12994102264701700D-01 -7.90612801732191100D-01 -3.32412864581344100D-05 -1.33374502116636900D-05
50 10  8.57232935724714400D-02  1.46160311225333400D-01 -8.30039037758984900D-01  9.34254943101531200D-03  1.85424187344066800D-01
50 11  5.53668460911675600D-05 -8.61663436362698600D-02 -2.17892481564479000D-01 -3.57981867257856800D-06  6.69782670929984400D-01
50 12 -7.75384660660831000D-01  1.05601989730845000D-01 -2.26050548993888000D-02  2.13013478932105700D-05 -2.37036238350227300D-05
50 13 -8.91677711942130800D-02 -1.52646970495202100D-01  8.29569029335568900D-01 -1.53531231451498000D-01 -1.00411910661244500D-01
50 14 -3.92458650636887000D-06  1.48340340714830500D-01  1.86419708287218800D-01 -2.45695645870039100D-05  3.97026708961191900D-01
50 15 -2.90642989892350200D-01 -1.06383719068842500D-01  7.33704143542004000D-01 -3.18998887493603100D-05 -6.33856529856568800D-05
50 16  1.15604620632186200D-01  2.05791073707619800D-01 -7.20458667577455000D-01  2.61152419111240000D-01 -2.91171445176960600D-02
50 17 -4.59044892619988400D-06  4.32057240217087500D-02  4.35259250628191400D-02  7.32955277963833900D-05 -4.46658931451608300D-01
50 18  3.32392759998519000D-01  1.14266171453089200D-01  8.12445377853702500D-01  4.83328387968921000D-05  3.03103299461187100D-05
50 19  1.04081545430057100D-02 -1.81574118255935500D-02 -1.38327567586387800D+00 -5.89676317570184800D-01  3.16083725858947000D-02
50 20  3.19102870060010600D-01 -7.40646123977731500D-05  4.55833088020140000D-02  7.51359469848829400D-01  1.57897299989012800D-05
50 21 -1.64700321932068400D-01  5.10313715419518900D-02  6.06430704749996400D-05  5.72419207866823000D-01 -7.53572282400369200D-01
50 22  1.81153074533546500D-01 -1.95349953132514500D-01 -4.18309872264400900D-05  5.15847908808145500D-05 -2.14618023114523600D-01
50 23  2.05376133065353000D-01  9.24189004917067400D-03  1.00259365004592400D-01  4.80349485709371500D-05 -3.63021697147805100D-05
50 24 -1.39805287163584200D-03  3.43533461788157500D-02  1.30442184291220700D+00  5.75278156691408700D-01 -2.53663391212078600D-01
50 25 -1.84494315716919300D-01  5.69458740613242700D-05 -5.94920070242957900D-01 -3.97325619035757700D-01 -8.47070212693342200D-05
50 26 -1.27840434797077000D-01  1.17324447063314500D-01 -3.70073872074171400D-05  2.48861823085954400D-01 -8.83141263645676600D-02
50 27 -1.60547696721386400D-01  7.25837061137084600D-01 -1.65975386857431000D-05  7.93499685907274600D-05 -1.77182832439726900D-02
50 28  3.38893616642311600D-02 -1.61710784202585000D-02 -2.50181945881246900D-01  6.30628307650020900D-05  6.10595288593038800D-06
50 29 -6.22726237392706900D-01 -4.62632765606588300D-02  3.18438572888936200D-01 -1.52940789873291900D-01 -2.06468528450888400D-05
50 30  5.54803234446568500D-01 -1.31941721764791000D-02 -4.72490386471305700D-03  3.23577737036063300D-01 -1.70695875186206100D-05
50 31 -5.50282166630346100D-01  1.51361755991495900D-02 -2.81688958192956000D-01 -1.56892095861277600D-01 -9.24577302448505400D-06
50 32  6.29194916563672700D-01  5.54676643495846000D-02  2.93853343823866100D-01 -2.02130415436118700D-01  1.28334686137203900D-05
51  1  0.00000000000000000D+00  0.00000000000000000D+00  0.00000000000000000D+00  0.00000000000000000D+00  0.00000000000000000D+00
51  2  0.00000000000000000D+00  0.00000000000000000D+00  0.00000000000000000D+00  0.00000000000000000D+00  0.00000000000000000D+00
51  3  0.00000000000000000D+00  0.00000000000000000D+00  0.00000000000000000D+00  0.00000000000000000D+00  0.00000000000000000D+00
51  4  0.00000000000000000D+00  0.00000000000000000D+00  0.00000000000000000D+00  0.00000000000000000D+00  0.00000000000000000D+00
51  5  0.00000000000000000D+00  0.00000000000000000D+00  0.00000000000000000D+00  0.00000000000000000D+00  0.00000000000000000D+00
51  6  0.00000000000000000D+00  0.00000000000000000D+00  0.00000000000000000D+00  0.00000000000000000D+00  0.00000000000000000D+00
51  7  0.00000000000000000D+00  0.00000000000000000D+00  0.00000000000000000D+00  0.00000000000000000D+00  0.00000000000000000D+00
51  8  0.00000000000000000D+00  0.00000000000000000D+00  0.00000000000000000D+00  0.00000000000000000D+00  0.00000000000000000D+00
51  9  0.00000000000000000D+00  0.00000000000000000D+00  0.00000000000000000D+00  0.00000000000000000D+00  0.00000000000000000D+00
51 10  0.00000000000000000D+00  0.00000000000000000D+00  0.00000000000000000D+00  0.00000000000000000D+00  0.00000000000000000D+00
51 11  0.00000000000000000D+00  0.00000000000000000D+00  0.00000000000000000D+00  0.00000000000000000D+00  0.00000000000000000D+00
51 12  0.00000000000000000D+00  0.00000000000000000D+00  0.00000000000000000D+00  0.00000000000000000D+00  0.00000000000000000D+00
51 13  0.00000000000000000D+00  0.00000000000000000D+00  0.00000000000000000D+00  0.00000000000000000D+00  0.00000000000000000D+00
51 14  0.00000000000000000D+00  0.00000000000000000D+00  0.00000000000000000D+00  0.00000000000000000D+00  0.00000000000000000D+00
51 15  0.00000000000000000D+00  0.00000000000000000D+00  0.00000000000000000D+00  0.00000000000000000D+00  0.00000000000000000D+00
51 16  0.00000000000000000D+00  0.00000000000000000D+00  0.00000000000000000D+00  0.00000000000000000D+00  0.00000000000000000D+00
51 17  0.00000000000000000D+00  0.00000000000000000D+00  0.00000000000000000D+00  0.00000000000000000D+00  0.00000000000000000D+00
51 18  0.00000000000000000D+00  0.00000000000000000D+00  0.00000000000000000D+00  0.00000000000000000D+00  0.00000000000000000D+00
51 19  0.00000000000000000D+00  0.00000000000000000D+00  0.00000000000000000D+00  0.00000000000000000D+00  0.00000000000000000D+00
51 20  0.00000000000000000D+00  0.00000000000000000D+00  0.00000000000000000D+00  0.00000000000000000D+00  0.00000000000000000D+00
51 21  0.00000000000000000D+00  0.00000000000000000D+00  0.00000000000000000D+00  0.00000000000000000D+00  0.00000000000000000D+00
51 22  0.00000000000000000D+00  0.00000000000000000D+00  0.00000000000000000D+00  0.00000000000000000D+00  4.47213595499956900D-01
51 23  4.47213595499957000D-01  4.47213595499956800D-01  0.00000000000000000D+00  0.00000000000000000D+00  0.00000000000000000D+00
51 24  0.00000000000000000D+00  0.00000000000000000D+00  0.00000000000000000D+00  0.00000000000000000D+00  0.00000000000000000D+00
51 25  0.00000000000000000D+00  0.00000000000000000D+00  0.00000000000000000D+00  0.00000000000000000D+00  0.00000000000000000D+00
51 26  0.00000000000000000D+00  0.00000000000000000D+00  0.00000000000000000D+00  0.00000000000000000D+00  0.00000000000000000D+00
51 27  0.00000000000000000D+00  0.00000000000000000D+00  0.00000000000000000D+00  0.00000000000000000D+00  0.00000000000000000D+00
51 28  0.00000000000000000D+00  0.00000000000000000D+00  0.00000000000000000D+00  0.00000000000000000D+00  0.00000000000000000D+00
51 29  0.00000000000000000D+00  0.00000000000000000D+00  0.00000000000000000D+00  0.00000000000000000D+00  0.00000000000000000D+00
51 30  0.00000000000000000D+00  0.00000000000000000D+00  0.00000000000000000D+00  0.00000000000000000D+00  0.00000000000000000D+00
51 31  0.00000000000000000D+00  0.00000000000000000D+00  0.00000000000000000D+00  0.00000000000000000D+00  0.00000000000000000D+00
51 32  0.00000000000000000D+00  0.00000000000000000D+00  0.00000000000000000D+00  0.00000000000000000D+00  0.00000000000000000D+00
52  1  0.00000000000000000D+00  0.00000000000000000D+00  0.00000000000000000D+00  0.00000000000000000D+00  0.00000000000000000D+00
52  2  0.00000000000000000D+00  0.00000000000000000D+00  0.00000000000000000D+00  0.00000000000000000D+00  0.00000000000000000D+00
52  3  0.00000000000000000D+00  0.00000000000000000D+00  0.00000000000000000D+00  0.00000000000000000D+00  0.00000000000000000D+00
52  4  0.00000000000000000D+00  0.00000000000000000D+00  0.00000000000000000D+00  0.00000000000000000D+00  0.00000000000000000D+00
52  5  0.00000000000000000D+00  0.00000000000000000D+00  0.00000000000000000D+00  0.00000000000000000D+00  0.00000000000000000D+00
52  6  0.00000000000000000D+00  0.00000000000000000D+00  0.00000000000000000D+00  0.00000000000000000D+00  0.00000000000000000D+00
52  7  0.00000000000000000D+00  0.00000000000000000D+00  0.00000000000000000D+00  0.00000000000000000D+00  0.00000000000000000D+00
52  8  0.00000000000000000D+00  0.00000000000000000D+00  0.00000000000000000D+00  0.00000000000000000D+00  0.00000000000000000D+00
52  9  0.00000000000000000D+00  0.00000000000000000D+00  0.00000000000000000D+00  0.00000000000000000D+00  0.00000000000000000D+00
52 10  0.00000000000000000D+00  0.00000000000000000D+00  0.00000000000000000D+00  0.00000000000000000D+00  0.00000000000000000D+00
52 11  0.00000000000000000D+00  0.00000000000000000D+00  0.00000000000000000D+00  0.00000000000000000D+00  0.00000000000000000D+00
52 12  0.00000000000000000D+00  0.00000000000000000D+00  0.00000000000000000D+00  0.00000000000000000D+00  0.00000000000000000D+00
52 13  0.00000000000000000D+00  0.00000000000000000D+00  0.00000000000000000D+00  0.00000000000000000D+00  0.00000000000000000D+00
52 14  0.00000000000000000D+00  0.00000000000000000D+00  0.00000000000000000D+00  0.00000000000000000D+00  0.00000000000000000D+00
52 15  0.00000000000000000D+00  0.00000000000000000D+00  0.00000000000000000D+00  0.00000000000000000D+00  0.00000000000000000D+00
52 16  0.00000000000000000D+00  0.00000000000000000D+00  0.00000000000000000D+00  0.00000000000000000D+00  0.00000000000000000D+00
52 17  0.00000000000000000D+00  0.00000000000000000D+00  0.00000000000000000D+00  0.00000000000000000D+00  0.00000000000000000D+00
52 18  0.00000000000000000D+00  0.00000000000000000D+00  0.00000000000000000D+00  0.00000000000000000D+00  0.00000000000000000D+00
52 19  0.00000000000000000D+00  0.00000000000000000D+00  0.00000000000000000D+00  0.00000000000000000D+00  0.00000000000000000D+00
52 20  0.00000000000000000D+00  0.00000000000000000D+00  0.00000000000000000D+00  0.00000000000000000D+00  0.00000000000000000D+00
52 21  0.00000000000000000D+00  0.00000000000000000D+00  0.00000000000000000D+00  0.00000000000000000D+00  0.00000000000000000D+00
52 22  0.00000000000000000D+00  0.00000000000000000D+00  0.00000000000000000D+00  0.00000000000000000D+00  0.00000000000000000D+00
52 23  0.00000000000000000D+00  0.00000000000000000D+00  0.00000000000000000D+00  0.00000000000000000D+00  0.00000000000000000D+00
52 24  0.00000000000000000D+00  0.00000000000000000D+00  0.00000000000000000D+00  0.00000000000000000D+00  0.00000000000000000D+00
52 25  0.00000000000000000D+00  0.00000000000000000D+00  0.00000000000000000D+00  0.00000000000000000D+00  0.00000000000000000D+00
52 26  0.00000000000000000D+00  0.00000000000000000D+00  0.00000000000000000D+00  0.00000000000000000D+00  0.00000000000000000D+00
52 27  0.00000000000000000D+00  0.00000000000000000D+00  0.00000000000000000D+00  0.00000000000000000D+00 -4.47213595499956600D-01
52 28 -4.47213595499956600D-01 -4.47213595499956600D-01  0.00000000000000000D+00  0.00000000000000000D+00  0.00000000000000000D+00
52 29  0.00000000000000000D+00  0.00000000000000000D+00  0.00000000000000000D+00  0.00000000000000000D+00  0.00000000000000000D+00
52 30  0.00000000000000000D+00  0.00000000000000000D+00  0.00000000000000000D+00  0.00000000000000000D+00  0.00000000000000000D+00
52 31  0.00000000000000000D+00  0.00000000000000000D+00  0.00000000000000000D+00  0.00000000000000000D+00  0.00000000000000000D+00
52 32  0.00000000000000000D+00  0.00000000000000000D+00  0.00000000000000000D+00  0.00000000000000000D+00  0.00000000000000000D+00
53  1  0.00000000000000000D+00  0.00000000000000000D+00  0.00000000000000000D+00  0.00000000000000000D+00  0.00000000000000000D+00
53  2  0.00000000000000000D+00  0.00000000000000000D+00  0.00000000000000000D+00  0.00000000000000000D+00  0.00000000000000000D+00
53  3  0.00000000000000000D+00  0.00000000000000000D+00  0.00000000000000000D+00  0.00000000000000000D+00  0.00000000000000000D+00
53  4  0.00000000000000000D+00  0.00000000000000000D+00  0.00000000000000000D+00  0.00000000000000000D+00  0.00000000000000000D+00
53  5  0.00000000000000000D+00  0.00000000000000000D+00  0.00000000000000000D+00  0.00000000000000000D+00  0.00000000000000000D+00
53  6  0.00000000000000000D+00  0.00000000000000000D+00  0.00000000000000000D+00  0.00000000000000000D+00  0.00000000000000000D+00
53  7  0.00000000000000000D+00  0.00000000000000000D+00  0.00000000000000000D+00  0.00000000000000000D+00  0.00000000000000000D+00
53  8  0.00000000000000000D+00  0.00000000000000000D+00  0.00000000000000000D+00  0.00000000000000000D+00  0.00000000000000000D+00
53  9  0.00000000000000000D+00  0.00000000000000000D+00  0.00000000000000000D+00  0.00000000000000000D+00  0.00000000000000000D+00
53 10  0.00000000000000000D+00  0.00000000000000000D+00  0.00000000000000000D+00  0.00000000000000000D+00  0.00000000000000000D+00
53 11  0.00000000000000000D+00  0.00000000000000000D+00  0.00000000000000000D+00  0.00000000000000000D+00  0.00000000000000000D+00
53 12  0.00000000000000000D+00  0.00000000000000000D+00  0.00000000000000000D+00  0.00000000000000000D+00  0.00000000000000000D+00
53 13  0.00000000000000000D+00  0.00000000000000000D+00  0.00000000000000000D+00  0.00000000000000000D+00  0.00000000000000000D+00
53 14  0.00000000000000000D+00  0.00000000000000000D+00  0.00000000000000000D+00  0.00000000000000000D+00  4.47213595499956900D-01
53 15  4.47213595499956700D-01  4.47213595499956800D-01  0.00000000000000000D+00  0.00000000000000000D+00  0.00000000000000000D+00
53 16  0.00000000000000000D+00  0.00000000000000000D+00  0.00000000000000000D+00  0.00000000000000000D+00  0.00000000000000000D+00
53 17  0.00000000000000000D+00  0.00000000000000000D+00  0.00000000000000000D+00  0.00000000000000000D+00  0.00000000000000000D+00
53 18  0.00000000000000000D+00  0.00000000000000000D+00  0.00000000000000000D+00  0.00000000000000000D+00  0.00000000000000000D+00
53 19  0.00000000000000000D+00  0.00000000000000000D+00  0.00000000000000000D+00  0.00000000000000000D+00  0.00000000000000000D+00
53 20  0.00000000000000000D+00  0.00000000000000000D+00  0.00000000000000000D+00  0.00000000000000000D+00  0.00000000000000000D+00
53 21  0.00000000000000000D+00  0.00000000000000000D+00  0.00000000000000000D+00  0.00000000000000000D+00  0.00000000000000000D+00
53 22  0.00000000000000000D+00  0.00000000000000000D+00  0.00000000000000000D+00  0.00000000000000000D+00  0.00000000000000000D+00
53 23  0.00000000000000000D+00  0.00000000000000000D+00  0.00000000000000000D+00  0.00000000000000000D+00  0.00000000000000000D+00
53 24  0.00000000000000000D+00  0.00000000000000000D+00  0.00000000000000000D+00  0.00000000000000000D+00  0.00000000000000000D+00
53 25  0.00000000000000000D+00  0.00000000000000000D+00  0.00000000000000000D+00  0.00000000000000000D+00  0.00000000000000000D+00
53 26  0.00000000000000000D+00  0.00000000000000000D+00  0.00000000000000000D+00  0.00000000000000000D+00  0.00000000000000000D+00
53 27  0.00000000000000000D+00  0.00000000000000000D+00  0.00000000000000000D+00  0.00000000000000000D+00  0.00000000000000000D+00
53 28  0.00000000000000000D+00  0.00000000000000000D+00  0.00000000000000000D+00  0.00000000000000000D+00  0.00000000000000000D+00
53 29  0.00000000000000000D+00  0.00000000000000000D+00  0.00000000000000000D+00  0.00000000000000000D+00  0.00000000000000000D+00
53 30  0.00000000000000000D+00  0.00000000000000000D+00  0.00000000000000000D+00  0.00000000000000000D+00  0.00000000000000000D+00
53 31  0.00000000000000000D+00  0.00000000000000000D+00  0.00000000000000000D+00  0.00000000000000000D+00  0.00000000000000000D+00
53 32  0.00000000000000000D+00  0.00000000000000000D+00  0.00000000000000000D+00  0.00000000000000000D+00  0.00000000000000000D+00
54  1  0.00000000000000000D+00  0.00000000000000000D+00  0.00000000000000000D+00  0.00000000000000000D+00  0.00000000000000000D+00
54  2  0.00000000000000000D+00  0.00000000000000000D+00  0.00000000000000000D+00  0.00000000000000000D+00  0.00000000000000000D+00
54  3  0.00000000000000000D+00  0.00000000000000000D+00  0.00000000000000000D+00  0.00000000000000000D+00  0.00000000000000000D+00
54  4  0.00000000000000000D+00  0.00000000000000000D+00  0.00000000000000000D+00  0.00000000000000000D+00  0.00000000000000000D+00
54  5  0.00000000000000000D+00  0.00000000000000000D+00  0.00000000000000000D+00  0.00000000000000000D+00  0.00000000000000000D+00
54  6  0.00000000000000000D+00  0.00000000000000000D+00  0.00000000000000000D+00  0.00000000000000000D+00  0.00000000000000000D+00
54  7  0.00000000000000000D+00  0.00000000000000000D+00  0.00000000000000000D+00  0.00000000000000000D+00  0.00000000000000000D+00
54  8  0.00000000000000000D+00  0.00000000000000000D+00  0.00000000000000000D+00  0.00000000000000000D+00  0.00000000000000000D+00
54  9  0.00000000000000000D+00  0.00000000000000000D+00  0.00000000000000000D+00  0.00000000000000000D+00  0.00000000000000000D+00
54 10  0.00000000000000000D+00  0.00000000000000000D+00  0.00000000000000000D+00  0.00000000000000000D+00  0.00000000000000000D+00
54 11  0.00000000000000000D+00  0.00000000000000000D+00  0.00000000000000000D+00  0.00000000000000000D+00  4.47213595499957000D-01
54 12  4.47213595499956800D-01  4.47213595499956900D-01  0.00000000000000000D+00  0.00000000000000000D+00  0.00000000000000000D+00
54 13  0.00000000000000000D+00  0.00000000000000000D+00  0.00000000000000000D+00  0.00000000000000000D+00  0.00000000000000000D+00
54 14  0.00000000000000000D+00  0.00000000000000000D+00  0.00000000000000000D+00  0.00000000000000000D+00  0.00000000000000000D+00
54 15  0.00000000000000000D+00  0.00000000000000000D+00  0.00000000000000000D+00  0.00000000000000000D+00  0.00000000000000000D+00
54 16  0.00000000000000000D+00  0.00000000000000000D+00  0.00000000000000000D+00  0.00000000000000000D+00  0.00000000000000000D+00
54 17  0.00000000000000000D+00  0.00000000000000000D+00  0.00000000000000000D+00  0.00000000000000000D+00  0.00000000000000000D+00
54 18  0.00000000000000000D+00  0.00000000000000000D+00  0.00000000000000000D+00  0.00000000000000000D+00  0.00000000000000000D+00
54 19  0.00000000000000000D+00  0.00000000000000000D+00  0.00000000000000000D+00  0.00000000000000000D+00  0.00000000000000000D+00
54 20  0.00000000000000000D+00  0.00000000000000000D+00  0.00000000000000000D+00  0.00000000000000000D+00  0.00000000000000000D+00
54 21  0.00000000000000000D+00  0.00000000000000000D+00  0.00000000000000000D+00  0.00000000000000000D+00  0.00000000000000000D+00
54 22  0.00000000000000000D+00  0.00000000000000000D+00  0.00000000000000000D+00  0.00000000000000000D+00  0.00000000000000000D+00
54 23  0.00000000000000000D+00  0.00000000000000000D+00  0.00000000000000000D+00  0.00000000000000000D+00  0.00000000000000000D+00
54 24  0.00000000000000000D+00  0.00000000000000000D+00  0.00000000000000000D+00  0.00000000000000000D+00  0.00000000000000000D+00
54 25  0.00000000000000000D+00  0.00000000000000000D+00  0.00000000000000000D+00  0.00000000000000000D+00  0.00000000000000000D+00
54 26  0.00000000000000000D+00  0.00000000000000000D+00  0.00000000000000000D+00  0.00000000000000000D+00  0.00000000000000000D+00
54 27  0.00000000000000000D+00  0.00000000000000000D+00  0.00000000000000000D+00  0.00000000000000000D+00  0.00000000000000000D+00
54 28  0.00000000000000000D+00  0.00000000000000000D+00  0.00000000000000000D+00  0.00000000000000000D+00  0.00000000000000000D+00
54 29  0.00000000000000000D+00  0.00000000000000000D+00  0.00000000000000000D+00  0.00000000000000000D+00  0.00000000000000000D+00
54 30  0.00000000000000000D+00  0.00000000000000000D+00  0.00000000000000000D+00  0.00000000000000000D+00  0.00000000000000000D+00
54 31  0.00000000000000000D+00  0.00000000000000000D+00  0.00000000000000000D+00  0.00000000000000000D+00  0.00000000000000000D+00
54 32  0.00000000000000000D+00  0.00000000000000000D+00  0.00000000000000000D+00  0.00000000000000000D+00  0.00000000000000000D+00
55  1  0.00000000000000000D+00  0.00000000000000000D+00  0.00000000000000000D+00  0.00000000000000000D+00  0.00000000000000000D+00
55  2  0.00000000000000000D+00  0.00000000000000000D+00  0.00000000000000000D+00  0.00000000000000000D+00  0.00000000000000000D+00
55  3  0.00000000000000000D+00  0.00000000000000000D+00  0.00000000000000000D+00  0.00000000000000000D+00  0.00000000000000000D+00
55  4  0.00000000000000000D+00  0.00000000000000000D+00  0.00000000000000000D+00  0.00000000000000000D+00  0.00000000000000000D+00
55  5  0.00000000000000000D+00  0.00000000000000000D+00  0.00000000000000000D+00  0.00000000000000000D+00  0.00000000000000000D+00
55  6  0.00000000000000000D+00  0.00000000000000000D+00  0.00000000000000000D+00  0.00000000000000000D+00  0.00000000000000000D+00
55  7  0.00000000000000000D+00  0.00000000000000000D+00  0.00000000000000000D+00  0.00000000000000000D+00  0.00000000000000000D+00
55  8  0.00000000000000000D+00  0.00000000000000000D+00  0.00000000000000000D+00  0.00000000000000000D+00  0.00000000000000000D+00
55  9  0.00000000000000000D+00  0.00000000000000000D+00  0.00000000000000000D+00  0.00000000000000000D+00  0.00000000000000000D+00
55 10  0.00000000000000000D+00  0.00000000000000000D+00  0.00000000000000000D+00  0.00000000000000000D+00  0.00000000000000000D+00
55 11  0.00000000000000000D+00  0.00000000000000000D+00  0.00000000000000000D+00  0.00000000000000000D+00  0.00000000000000000D+00
55 12  0.00000000000000000D+00  0.00000000000000000D+00  0.00000000000000000D+00  0.00000000000000000D+00  0.00000000000000000D+00
55 13  0.00000000000000000D+00  0.00000000000000000D+00  0.00000000000000000D+00  0.00000000000000000D+00  0.00000000000000000D+00
55 14  0.00000000000000000D+00  0.00000000000000000D+00  0.00000000000000000D+00  0.00000000000000000D+00  0.00000000000000000D+00
55 15  0.00000000000000000D+00  0.00000000000000000D+00  0.00000000000000000D+00  0.00000000000000000D+00  0.00000000000000000D+00
55 16  0.00000000000000000D+00  0.00000000000000000D+00  0.00000000000000000D+00  0.00000000000000000D+00  0.00000000000000000D+00
55 17  0.00000000000000000D+00  0.00000000000000000D+00  0.00000000000000000D+00  0.00000000000000000D+00  4.47213595499956800D-01
55 18  4.47213595499957000D-01  4.47213595499957000D-01  0.00000000000000000D+00  0.00000000000000000D+00  0.00000000000000000D+00
55 19  0.00000000000000000D+00  0.00000000000000000D+00  0.00000000000000000D+00  0.00000000000000000D+00  0.00000000000000000D+00
55 20  0.00000000000000000D+00  0.00000000000000000D+00  0.00000000000000000D+00  0.00000000000000000D+00  0.00000000000000000D+00
55 21  0.00000000000000000D+00  0.00000000000000000D+00  0.00000000000000000D+00  0.00000000000000000D+00  0.00000000000000000D+00
55 22  0.00000000000000000D+00  0.00000000000000000D+00  0.00000000000000000D+00  0.00000000000000000D+00  0.00000000000000000D+00
55 23  0.00000000000000000D+00  0.00000000000000000D+00  0.00000000000000000D+00  0.00000000000000000D+00  0.00000000000000000D+00
55 24  0.00000000000000000D+00  0.00000000000000000D+00  0.00000000000000000D+00  0.00000000000000000D+00  0.00000000000000000D+00
55 25  0.00000000000000000D+00  0.00000000000000000D+00  0.00000000000000000D+00  0.00000000000000000D+00  0.00000000000000000D+00
55 26  0.00000000000000000D+00  0.00000000000000000D+00  0.00000000000000000D+00  0.00000000000000000D+00  0.00000000000000000D+00
55 27  0.00000000000000000D+00  0.00000000000000000D+00  0.00000000000000000D+00  0.00000000000000000D+00  0.00000000000000000D+00
55 28  0.00000000000000000D+00  0.00000000000000000D+00  0.00000000000000000D+00  0.00000000000000000D+00  0.00000000000000000D+00
55 29  0.00000000000000000D+00  0.00000000000000000D+00  0.00000000000000000D+00  0.00000000000000000D+00  0.00000000000000000D+00
55 30  0.00000000000000000D+00  0.00000000000000000D+00  0.00000000000000000D+00  0.00000000000000000D+00  0.00000000000000000D+00
55 31  0.00000000000000000D+00  0.00000000000000000D+00  0.00000000000000000D+00  0.00000000000000000D+00  0.00000000000000000D+00
55 32  0.00000000000000000D+00  0.00000000000000000D+00  0.00000000000000000D+00  0.00000000000000000D+00  0.00000000000000000D+00
56  1  0.00000000000000000D+00  0.00000000000000000D+00  0.00000000000000000D+00  0.00000000000000000D+00  0.00000000000000000D+00
56  2  0.00000000000000000D+00  0.00000000000000000D+00  0.00000000000000000D+00  0.00000000000000000D+00  0.00000000000000000D+00
56  3  0.00000000000000000D+00  0.00000000000000000D+00  0.00000000000000000D+00  0.00000000000000000D+00  0.00000000000000000D+00
56  4  0.00000000000000000D+00  0.00000000000000000D+00  0.00000000000000000D+00  0.00000000000000000D+00  0.00000000000000000D+00
56  5  0.00000000000000000D+00  0.00000000000000000D+00  0.00000000000000000D+00  0.00000000000000000D+00  0.00000000000000000D+00
56  6  0.00000000000000000D+00  0.00000000000000000D+00  0.00000000000000000D+00  0.00000000000000000D+00  0.00000000000000000D+00
56  7  0.00000000000000000D+00  0.00000000000000000D+00  0.00000000000000000D+00  0.00000000000000000D+00  0.00000000000000000D+00
56  8  0.00000000000000000D+00  0.00000000000000000D+00  0.00000000000000000D+00  0.00000000000000000D+00 -4.47213595499956700D-01
56  9 -4.47213595499956600D-01 -4.47213595499956600D-01  0.00000000000000000D+00  0.00000000000000000D+00  0.00000000000000000D+00
56 10  0.00000000000000000D+00  0.00000000000000000D+00  0.00000000000000000D+00  0.00000000000000000D+00  0.00000000000000000D+00
56 11  0.00000000000000000D+00  0.00000000000000000D+00  0.00000000000000000D+00  0.00000000000000000D+00  0.00000000000000000D+00
56 12  0.00000000000000000D+00  0.00000000000000000D+00  0.00000000000000000D+00  0.00000000000000000D+00  0.00000000000000000D+00
56 13  0.00000000000000000D+00  0.00000000000000000D+00  0.00000000000000000D+00  0.00000000000000000D+00  0.00000000000000000D+00
56 14  0.00000000000000000D+00  0.00000000000000000D+00  0.00000000000000000D+00  0.00000000000000000D+00  0.00000000000000000D+00
56 15  0.00000000000000000D+00  0.00000000000000000D+00  0.00000000000000000D+00  0.00000000000000000D+00  0.00000000000000000D+00
56 16  0.00000000000000000D+00  0.00000000000000000D+00  0.00000000000000000D+00  0.00000000000000000D+00  0.00000000000000000D+00
56 17  0.00000000000000000D+00  0.00000000000000000D+00  0.00000000000000000D+00  0.00000000000000000D+00  0.00000000000000000D+00
56 18  0.00000000000000000D+00  0.00000000000000000D+00  0.00000000000000000D+00  0.00000000000000000D+00  0.00000000000000000D+00
56 19  0.00000000000000000D+00  0.00000000000000000D+00  0.00000000000000000D+00  0.00000000000000000D+00  0.00000000000000000D+00
56 20  0.00000000000000000D+00  0.00000000000000000D+00  0.00000000000000000D+00  0.00000000000000000D+00  0.00000000000000000D+00
56 21  0.00000000000000000D+00  0.00000000000000000D+00  0.00000000000000000D+00  0.00000000000000000D+00  0.00000000000000000D+00
56 22  0.00000000000000000D+00  0.00000000000000000D+00  0.00000000000000000D+00  0.00000000000000000D+00  0.00000000000000000D+00
56 23  0.00000000000000000D+00  0.00000000000000000D+00  0.00000000000000000D+00  0.00000000000000000D+00  0.00000000000000000D+00
56 24  0.00000000000000000D+00  0.00000000000000000D+00  0.00000000000000000D+00  0.00000000000000000D+00  0.00000000000000000D+00
56 25  0.00000000000000000D+00  0.00000000000000000D+00  0.00000000000000000D+00  0.00000000000000000D+00  0.00000000000000000D+00
56 26  0.00000000000000000D+00  0.00000000000000000D+00  0.00000000000000000D+00  0.00000000000000000D+00  0.00000000000000000D+00
56 27  0.00000000000000000D+00  0.00000000000000000D+00  0.00000000000000000D+00  0.00000000000000000D+00  0.00000000000000000D+00
56 28  0.00000000000000000D+00  0.00000000000000000D+00  0.00000000000000000D+00  0.00000000000000000D+00  0.00000000000000000D+00
56 29  0.00000000000000000D+00  0.00000000000000000D+00  0.00000000000000000D+00  0.00000000000000000D+00  0.00000000000000000D+00
56 30  0.00000000000000000D+00  0.00000000000000000D+00  0.00000000000000000D+00  0.00000000000000000D+00  0.00000000000000000D+00
56 31  0.00000000000000000D+00  0.00000000000000000D+00  0.00000000000000000D+00  0.00000000000000000D+00  0.00000000000000000D+00
56 32  0.00000000000000000D+00  0.00000000000000000D+00  0.00000000000000000D+00  0.00000000000000000D+00  0.00000000000000000D+00
57  1  0.00000000000000000D+00  0.00000000000000000D+00  0.00000000000000000D+00  0.00000000000000000D+00  0.00000000000000000D+00
57  2  0.00000000000000000D+00  0.00000000000000000D+00  0.00000000000000000D+00  0.00000000000000000D+00  0.00000000000000000D+00
57  3  0.00000000000000000D+00  0.00000000000000000D+00  0.00000000000000000D+00  0.00000000000000000D+00  0.00000000000000000D+00
57  4  0.00000000000000000D+00  0.00000000000000000D+00  0.00000000000000000D+00  0.00000000000000000D+00  0.00000000000000000D+00
57  5  0.00000000000000000D+00  0.00000000000000000D+00  0.00000000000000000D+00  0.00000000000000000D+00  0.00000000000000000D+00
57  6  0.00000000000000000D+00  0.00000000000000000D+00  0.00000000000000000D+00  0.00000000000000000D+00  0.00000000000000000D+00
57  7  0.00000000000000000D+00  0.00000000000000000D+00  0.00000000000000000D+00  0.00000000000000000D+00  0.00000000000000000D+00
57  8  0.00000000000000000D+00  0.00000000000000000D+00  0.00000000000000000D+00  0.00000000000000000D+00  0.00000000000000000D+00
57  9  0.00000000000000000D+00  0.00000000000000000D+00  0.00000000000000000D+00  0.00000000000000000D+00  0.00000000000000000D+00
57 10  0.00000000000000000D+00  0.00000000000000000D+00  0.00000000000000000D+00  0.00000000000000000D+00  0.00000000000000000D+00
57 11  0.00000000000000000D+00  0.00000000000000000D+00  0.00000000000000000D+00  0.00000000000000000D+00  0.00000000000000000D+00
57 12  0.00000000000000000D+00  0.00000000000000000D+00  0.00000000000000000D+00  0.00000000000000000D+00  0.00000000000000000D+00
57 13  0.00000000000000000D+00  0.00000000000000000D+00  0.00000000000000000D+00  0.00000000000000000D+00  0.00000000000000000D+00
57 14  0.00000000000000000D+00  0.00000000000000000D+00  0.00000000000000000D+00  0.00000000000000000D+00  0.00000000000000000D+00
57 15  0.00000000000000000D+00  0.00000000000000000D+00  0.00000000000000000D+00  0.00000000000000000D+00  0.00000000000000000D+00
57 16  0.00000000000000000D+00  0.00000000000000000D+00  0.00000000000000000D+00  0.00000000000000000D+00  0.00000000000000000D+00
57 17  0.00000000000000000D+00  0.00000000000000000D+00  0.00000000000000000D+00  0.00000000000000000D+00  0.00000000000000000D+00
57 18  0.00000000000000000D+00  0.00000000000000000D+00  0.00000000000000000D+00  0.00000000000000000D+00  0.00000000000000000D+00
57 19  0.00000000000000000D+00  0.00000000000000000D+00  0.00000000000000000D+00  0.00000000000000000D+00  0.00000000000000000D+00
57 20  0.00000000000000000D+00  0.00000000000000000D+00  0.00000000000000000D+00  0.00000000000000000D+00  0.00000000000000000D+00
57 21  0.00000000000000000D+00  0.00000000000000000D+00  0.00000000000000000D+00  4.47213595499956800D-01  4.47213595499956500D-01
57 22  4.47213595499956700D-01  0.00000000000000000D+00  0.00000000000000000D+00  0.00000000000000000D+00  0.00000000000000000D+00
57 23  0.00000000000000000D+00  0.00000000000000000D+00  0.00000000000000000D+00  0.00000000000000000D+00  0.00000000000000000D+00
57 24  0.00000000000000000D+00  0.00000000000000000D+00  0.00000000000000000D+00  0.00000000000000000D+00  0.00000000000000000D+00
57 25  0.00000000000000000D+00  0.00000000000000000D+00  0.00000000000000000D+00  0.00000000000000000D+00  0.00000000000000000D+00
57 26  0.00000000000000000D+00  0.00000000000000000D+00  0.00000000000000000D+00  0.00000000000000000D+00  0.00000000000000000D+00
57 27  0.00000000000000000D+00  0.00000000000000000D+00  0.00000000000000000D+00  0.00000000000000000D+00  0.00000000000000000D+00
57 28  0.00000000000000000D+00  0.00000000000000000D+00  0.00000000000000000D+00  0.00000000000000000D+00  0.00000000000000000D+00
57 29  0.00000000000000000D+00  0.00000000000000000D+00  0.00000000000000000D+00  0.00000000000000000D+00  0.00000000000000000D+00
57 30  0.00000000000000000D+00  0.00000000000000000D+00  0.00000000000000000D+00  0.00000000000000000D+00  0.00000000000000000D+00
57 31  0.00000000000000000D+00  0.00000000000000000D+00  0.00000000000000000D+00  0.00000000000000000D+00  0.00000000000000000D+00
57 32  0.00000000000000000D+00  0.00000000000000000D+00  0.00000000000000000D+00  0.00000000000000000D+00  0.00000000000000000D+00
58  1  0.00000000000000000D+00  0.00000000000000000D+00  0.00000000000000000D+00  0.00000000000000000D+00  0.00000000000000000D+00
58  2  0.00000000000000000D+00  0.00000000000000000D+00  0.00000000000000000D+00  0.00000000000000000D+00  0.00000000000000000D+00
58  3  0.00000000000000000D+00  0.00000000000000000D+00  0.00000000000000000D+00  0.00000000000000000D+00  0.00000000000000000D+00
58  4  0.00000000000000000D+00  0.00000000000000000D+00  0.00000000000000000D+00  0.00000000000000000D+00  0.00000000000000000D+00
58  5  0.00000000000000000D+00  0.00000000000000000D+00  0.00000000000000000D+00  0.00000000000000000D+00  0.00000000000000000D+00
58  6  0.00000000000000000D+00  0.00000000000000000D+00  0.00000000000000000D+00  0.00000000000000000D+00  0.00000000000000000D+00
58  7  0.00000000000000000D+00  0.00000000000000000D+00  0.00000000000000000D+00  0.00000000000000000D+00  0.00000000000000000D+00
58  8  0.00000000000000000D+00  0.00000000000000000D+00  0.00000000000000000D+00  0.00000000000000000D+00  0.00000000000000000D+00
58  9  0.00000000000000000D+00  0.00000000000000000D+00  0.00000000000000000D+00  0.00000000000000000D+00  0.00000000000000000D+00
58 10  0.00000000000000000D+00  0.00000000000000000D+00  0.00000000000000000D+00  0.00000000000000000D+00  0.00000000000000000D+00
58 11  0.00000000000000000D+00  0.00000000000000000D+00  0.00000000000000000D+00  0.00000000000000000D+00  0.00000000000000000D+00
58 12  0.00000000000000000D+00  0.00000000000000000D+00  0.00000000000000000D+00  0.00000000000000000D+00  0.00000000000000000D+00
58 13  0.00000000000000000D+00  0.00000000000000000D+00  0.00000000000000000D+00  0.00000000000000000D+00  0.00000000000000000D+00
58 14  0.00000000000000000D+00  0.00000000000000000D+00  0.00000000000000000D+00  0.00000000000000000D+00  0.00000000000000000D+00
58 15  0.00000000000000000D+00  0.00000000000000000D+00  0.00000000000000000D+00  0.00000000000000000D+00  0.00000000000000000D+00
58 16  0.00000000000000000D+00  0.00000000000000000D+00  0.00000000000000000D+00  0.00000000000000000D+00  0.00000000000000000D+00
58 17  0.00000000000000000D+00  0.00000000000000000D+00  0.00000000000000000D+00  0.00000000000000000D+00  0.00000000000000000D+00
58 18  0.00000000000000000D+00  0.00000000000000000D+00  0.00000000000000000D+00  0.00000000000000000D+00  0.00000000000000000D+00
58 19  0.00000000000000000D+00  0.00000000000000000D+00  0.00000000000000000D+00  0.00000000000000000D+00  0.00000000000000000D+00
58 20  0.00000000000000000D+00  0.00000000000000000D+00  0.00000000000000000D+00  0.00000000000000000D+00  0.00000000000000000D+00
58 21  0.00000000000000000D+00  0.00000000000000000D+00  0.00000000000000000D+00  0.00000000000000000D+00  0.00000000000000000D+00
58 22  0.00000000000000000D+00  0.00000000000000000D+00  0.00000000000000000D+00  0.00000000000000000D+00  0.00000000000000000D+00
58 23  0.00000000000000000D+00  0.00000000000000000D+00  0.00000000000000000D+00  0.00000000000000000D+00  0.00000000000000000D+00
58 24  0.00000000000000000D+00  0.00000000000000000D+00  0.00000000000000000D+00  0.00000000000000000D+00  0.00000000000000000D+00
58 25  0.00000000000000000D+00  0.00000000000000000D+00  0.00000000000000000D+00  0.00000000000000000D+00  0.00000000000000000D+00
58 26  0.00000000000000000D+00  0.00000000000000000D+00  0.00000000000000000D+00  4.47213595499957300D-01  4.47213595499957200D-01
58 27  4.47213595499957400D-01  0.00000000000000000D+00  0.00000000000000000D+00  0.00000000000000000D+00  0.00000000000000000D+00
58 28  0.00000000000000000D+00  0.00000000000000000D+00  0.00000000000000000D+00  0.00000000000000000D+00  0.00000000000000000D+00
58 29  0.00000000000000000D+00  0.00000000000000000D+00  0.00000000000000000D+00  0.00000000000000000D+00  0.00000000000000000D+00
58 30  0.00000000000000000D+00  0.00000000000000000D+00  0.00000000000000000D+00  0.00000000000000000D+00  0.00000000000000000D+00
58 31  0.00000000000000000D+00  0.00000000000000000D+00  0.00000000000000000D+00  0.00000000000000000D+00  0.00000000000000000D+00
58 32  0.00000000000000000D+00  0.00000000000000000D+00  0.00000000000000000D+00  0.00000000000000000D+00  0.00000000000000000D+00
59  1  0.00000000000000000D+00  0.00000000000000000D+00  0.00000000000000000D+00  0.00000000000000000D+00  0.00000000000000000D+00
59  2  0.00000000000000000D+00  0.00000000000000000D+00  0.00000000000000000D+00  0.00000000000000000D+00 -4.47213595499956700D-01
59  3 -4.47213595499956800D-01 -4.47213595499956900D-01  0.00000000000000000D+00  0.00000000000000000D+00  0.00000000000000000D+00
59  4  0.00000000000000000D+00  0.00000000000000000D+00  0.00000000000000000D+00  0.00000000000000000D+00  0.00000000000000000D+00
59  5  0.00000000000000000D+00  0.00000000000000000D+00  0.00000000000000000D+00  0.00000000000000000D+00  0.00000000000000000D+00
59  6  0.00000000000000000D+00  0.00000000000000000D+00  0.00000000000000000D+00  0.00000000000000000D+00  0.00000000000000000D+00
59  7  0.00000000000000000D+00  0.00000000000000000D+00  0.00000000000000000D+00  0.00000000000000000D+00  0.00000000000000000D+00
59  8  0.00000000000000000D+00  0.00000000000000000D+00  0.00000000000000000D+00  0.00000000000000000D+00  0.00000000000000000D+00
59  9  0.00000000000000000D+00  0.00000000000000000D+00  0.00000000000000000D+00  0.00000000000000000D+00  0.00000000000000000D+00
59 10  0.00000000000000000D+00  0.00000000000000000D+00  0.00000000000000000D+00  0.00000000000000000D+00  0.00000000000000000D+00
59 11  0.00000000000000000D+00  0.00000000000000000D+00  0.00000000000000000D+00  0.00000000000000000D+00  0.00000000000000000D+00
59 12  0.00000000000000000D+00  0.00000000000000000D+00  0.00000000000000000D+00  0.00000000000000000D+00  0.00000000000000000D+00
59 13  0.00000000000000000D+00  0.00000000000000000D+00  0.00000000000000000D+00  0.00000000000000000D+00  0.00000000000000000D+00
59 14  0.00000000000000000D+00  0.00000000000000000D+00  0.00000000000000000D+00  0.00000000000000000D+00  0.00000000000000000D+00
59 15  0.00000000000000000D+00  0.00000000000000000D+00  0.00000000000000000D+00  0.00000000000000000D+00  0.00000000000000000D+00
59 16  0.00000000000000000D+00  0.00000000000000000D+00  0.00000000000000000D+00  0.00000000000000000D+00  0.00000000000000000D+00
59 17  0.00000000000000000D+00  0.00000000000000000D+00  0.00000000000000000D+00  0.00000000000000000D+00  0.00000000000000000D+00
59 18  0.00000000000000000D+00  0.00000000000000000D+00  0.00000000000000000D+00  0.00000000000000000D+00  0.00000000000000000D+00
59 19  0.00000000000000000D+00  0.00000000000000000D+00  0.00000000000000000D+00  0.00000000000000000D+00  0.00000000000000000D+00
59 20  0.00000000000000000D+00  0.00000000000000000D+00  0.00000000000000000D+00  0.00000000000000000D+00  0.00000000000000000D+00
59 21  0.00000000000000000D+00  0.00000000000000000D+00  0.00000000000000000D+00  0.00000000000000000D+00  0.00000000000000000D+00
59 22  0.00000000000000000D+00  0.00000000000000000D+00  0.00000000000000000D+00  0.00000000000000000D+00  0.00000000000000000D+00
59 23  0.00000000000000000D+00  0.00000000000000000D+00  0.00000000000000000D+00  0.00000000000000000D+00  0.00000000000000000D+00
59 24  0.00000000000000000D+00  0.00000000000000000D+00  0.00000000000000000D+00  0.00000000000000000D+00  0.00000000000000000D+00
59 25  0.00000000000000000D+00  0.00000000000000000D+00  0.00000000000000000D+00  0.00000000000000000D+00  0.00000000000000000D+00
59 26  0.00000000000000000D+00  0.00000000000000000D+00  0.00000000000000000D+00  0.00000000000000000D+00  0.00000000000000000D+00
59 27  0.00000000000000000D+00  0.00000000000000000D+00  0.00000000000000000D+00  0.00000000000000000D+00  0.00000000000000000D+00
59 28  0.00000000000000000D+00  0.00000000000000000D+00  0.00000000000000000D+00  0.00000000000000000D+00  0.00000000000000000D+00
59 29  0.00000000000000000D+00  0.00000000000000000D+00  0.00000000000000000D+00  0.00000000000000000D+00  0.00000000000000000D+00
59 30  0.00000000000000000D+00  0.00000000000000000D+00  0.00000000000000000D+00  0.00000000000000000D+00  0.00000000000000000D+00
59 31  0.00000000000000000D+00  0.00000000000000000D+00  0.00000000000000000D+00  0.00000000000000000D+00  0.00000000000000000D+00
59 32  0.00000000000000000D+00  0.00000000000000000D+00  0.00000000000000000D+00  0.00000000000000000D+00  0.00000000000000000D+00
60  1  0.00000000000000000D+00  0.00000000000000000D+00  0.00000000000000000D+00  0.00000000000000000D+00  0.00000000000000000D+00
60  2  0.00000000000000000D+00  0.00000000000000000D+00  0.00000000000000000D+00  0.00000000000000000D+00  0.00000000000000000D+00
60  3  0.00000000000000000D+00  0.00000000000000000D+00  0.00000000000000000D+00  0.00000000000000000D+00  0.00000000000000000D+00
60  4  0.00000000000000000D+00  0.00000000000000000D+00  0.00000000000000000D+00  0.00000000000000000D+00  0.00000000000000000D+00
60  5  0.00000000000000000D+00  0.00000000000000000D+00  0.00000000000000000D+00  0.00000000000000000D+00  4.47213595499956800D-01
60  6  4.47213595499956900D-01  4.47213595499956700D-01  0.00000000000000000D+00  0.00000000000000000D+00  0.00000000000000000D+00
60  7  0.00000000000000000D+00  0.00000000000000000D+00  0.00000000000000000D+00  0.00000000000000000D+00  0.00000000000000000D+00
60  8  0.00000000000000000D+00  0.00000000000000000D+00  0.00000000000000000D+00  0.00000000000000000D+00  0.00000000000000000D+00
60  9  0.00000000000000000D+00  0.00000000000000000D+00  0.00000000000000000D+00  0.00000000000000000D+00  0.00000000000000000D+00
60 10  0.00000000000000000D+00  0.00000000000000000D+00  0.00000000000000000D+00  0.00000000000000000D+00  0.00000000000000000D+00
60 11  0.00000000000000000D+00  0.00000000000000000D+00  0.00000000000000000D+00  0.00000000000000000D+00  0.00000000000000000D+00
60 12  0.00000000000000000D+00  0.00000000000000000D+00  0.00000000000000000D+00  0.00000000000000000D+00  0.00000000000000000D+00
60 13  0.00000000000000000D+00  0.00000000000000000D+00  0.00000000000000000D+00  0.00000000000000000D+00  0.00000000000000000D+00
60 14  0.00000000000000000D+00  0.00000000000000000D+00  0.00000000000000000D+00  0.00000000000000000D+00  0.00000000000000000D+00
60 15  0.00000000000000000D+00  0.00000000000000000D+00  0.00000000000000000D+00  0.00000000000000000D+00  0.00000000000000000D+00
60 16  0.00000000000000000D+00  0.00000000000000000D+00  0.00000000000000000D+00  0.00000000000000000D+00  0.00000000000000000D+00
60 17  0.00000000000000000D+00  0.00000000000000000D+00  0.00000000000000000D+00  0.00000000000000000D+00  0.00000000000000000D+00
60 18  0.00000000000000000D+00  0.00000000000000000D+00  0.00000000000000000D+00  0.00000000000000000D+00  0.00000000000000000D+00
60 19  0.00000000000000000D+00  0.00000000000000000D+00  0.00000000000000000D+00  0.00000000000000000D+00  0.00000000000000000D+00
60 20  0.00000000000000000D+00  0.00000000000000000D+00  0.00000000000000000D+00  0.00000000000000000D+00  0.00000000000000000D+00
60 21  0.00000000000000000D+00  0.00000000000000000D+00  0.00000000000000000D+00  0.00000000000000000D+00  0.00000000000000000D+00
60 22  0.00000000000000000D+00  0.00000000000000000D+00  0.00000000000000000D+00  0.00000000000000000D+00  0.00000000000000000D+00
60 23  0.00000000000000000D+00  0.00000000000000000D+00  0.00000000000000000D+00  0.00000000000000000D+00  0.00000000000000000D+00
60 24  0.00000000000000000D+00  0.00000000000000000D+00  0.00000000000000000D+00  0.00000000000000000D+00  0.00000000000000000D+00
60 25  0.00000000000000000D+00  0.00000000000000000D+00  0.00000000000000000D+00  0.00000000000000000D+00  0.00000000000000000D+00
60 26  0.00000000000000000D+00  0.00000000000000000D+00  0.00000000000000000D+00  0.00000000000000000D+00  0.00000000000000000D+00
60 27  0.00000000000000000D+00  0.00000000000000000D+00  0.00000000000000000D+00  0.00000000000000000D+00  0.00000000000000000D+00
60 28  0.00000000000000000D+00  0.00000000000000000D+00  0.00000000000000000D+00  0.00000000000000000D+00  0.00000000000000000D+00
60 29  0.00000000000000000D+00  0.00000000000000000D+00  0.00000000000000000D+00  0.00000000000000000D+00  0.00000000000000000D+00
60 30  0.00000000000000000D+00  0.00000000000000000D+00  0.00000000000000000D+00  0.00000000000000000D+00  0.00000000000000000D+00
60 31  0.00000000000000000D+00  0.00000000000000000D+00  0.00000000000000000D+00  0.00000000000000000D+00  0.00000000000000000D+00
60 32  0.00000000000000000D+00  0.00000000000000000D+00  0.00000000000000000D+00  0.00000000000000000D+00  0.00000000000000000D+00
 $END   
