 $DATA
 C3H7F                                                                          
C1       0
C           6.0      1.4879338689      3.6455663457     -0.3921454835
   S          8
     1      6665.0000000000  0.00069200
     2      1000.0000000000  0.00532900
     3       228.0000000000  0.02707700
     4        64.7100000000  0.10171800
     5        21.0600000000  0.27474000
     6         7.4950000000  0.44856400
     7         2.7970000000  0.28507400
     8         0.5215000000  0.01520400
   S          8
     1      6665.0000000000 -0.00014600
     2      1000.0000000000 -0.00115400
     3       228.0000000000 -0.00572500
     4        64.7100000000 -0.02331200
     5        21.0600000000 -0.06395500
     6         7.4950000000 -0.14998100
     7         2.7970000000 -0.12726200
     8         0.5215000000  0.54452900
   S          1
     1         0.1596000000  1.00000000
   S          1
     1         0.0469000000  1.00000000
   P          3
     1         9.4390000000  0.03810900
     2         2.0020000000  0.20948000
     3         0.5456000000  0.50855700
   P          1
     1         0.1517000000  1.00000000
   P          1
     1         0.0404100000  1.00000000
   D          1
     1         0.5500000000  1.00000000
   D          1
     1         0.1510000000  1.00000000
           
C           6.0      1.3617906561      4.4680295392     -1.6404485654
   S          8
     1      6665.0000000000  0.00069200
     2      1000.0000000000  0.00532900
     3       228.0000000000  0.02707700
     4        64.7100000000  0.10171800
     5        21.0600000000  0.27474000
     6         7.4950000000  0.44856400
     7         2.7970000000  0.28507400
     8         0.5215000000  0.01520400
   S          8
     1      6665.0000000000 -0.00014600
     2      1000.0000000000 -0.00115400
     3       228.0000000000 -0.00572500
     4        64.7100000000 -0.02331200
     5        21.0600000000 -0.06395500
     6         7.4950000000 -0.14998100
     7         2.7970000000 -0.12726200
     8         0.5215000000  0.54452900
   S          1
     1         0.1596000000  1.00000000
   S          1
     1         0.0469000000  1.00000000
   P          3
     1         9.4390000000  0.03810900
     2         2.0020000000  0.20948000
     3         0.5456000000  0.50855700
   P          1
     1         0.1517000000  1.00000000
   P          1
     1         0.0404100000  1.00000000
   D          1
     1         0.5500000000  1.00000000
   D          1
     1         0.1510000000  1.00000000
           
C           6.0      0.5595393167      4.1311763321     -2.6981265166
   S          8
     1      6665.0000000000  0.00069200
     2      1000.0000000000  0.00532900
     3       228.0000000000  0.02707700
     4        64.7100000000  0.10171800
     5        21.0600000000  0.27474000
     6         7.4950000000  0.44856400
     7         2.7970000000  0.28507400
     8         0.5215000000  0.01520400
   S          8
     1      6665.0000000000 -0.00014600
     2      1000.0000000000 -0.00115400
     3       228.0000000000 -0.00572500
     4        64.7100000000 -0.02331200
     5        21.0600000000 -0.06395500
     6         7.4950000000 -0.14998100
     7         2.7970000000 -0.12726200
     8         0.5215000000  0.54452900
   S          1
     1         0.1596000000  1.00000000
   S          1
     1         0.0469000000  1.00000000
   P          3
     1         9.4390000000  0.03810900
     2         2.0020000000  0.20948000
     3         0.5456000000  0.50855700
   P          1
     1         0.1517000000  1.00000000
   P          1
     1         0.0404100000  1.00000000
   D          1
     1         0.5500000000  1.00000000
   D          1
     1         0.1510000000  1.00000000
           
H           1.0      1.0029044189      4.1342941057      0.4194885496
   S          3
     1        13.0100000000  0.01968500
     2         1.9620000000  0.13797700
     3         0.4446000000  0.47814800
   S          1
     1         0.1220000000  1.00000000
   S          1
     1         0.0297400000  1.00000000
   P          1
     1         0.7270000000  1.00000000
   P          1
     1         0.1410000000  1.00000000
           
H           1.0      2.5124839572      3.5227686396     -0.1120941214
   S          3
     1        13.0100000000  0.01968500
     2         1.9620000000  0.13797700
     3         0.4446000000  0.47814800
   S          1
     1         0.1220000000  1.00000000
   S          1
     1         0.0297400000  1.00000000
   P          1
     1         0.7270000000  1.00000000
   P          1
     1         0.1410000000  1.00000000
           
H           1.0      1.0601332260      2.6649942877     -0.4942460009
   S          3
     1        13.0100000000  0.01968500
     2         1.9620000000  0.13797700
     3         0.4446000000  0.47814800
   S          1
     1         0.1220000000  1.00000000
   S          1
     1         0.0297400000  1.00000000
   P          1
     1         0.7270000000  1.00000000
   P          1
     1         0.1410000000  1.00000000
           
H           1.0      1.7776832383      5.4575194278     -1.6011247233
   S          3
     1        13.0100000000  0.01968500
     2         1.9620000000  0.13797700
     3         0.4446000000  0.47814800
   S          1
     1         0.1220000000  1.00000000
   S          1
     1         0.0297400000  1.00000000
   P          1
     1         0.7270000000  1.00000000
   P          1
     1         0.1410000000  1.00000000
           
H           1.0     -0.0673400855      3.4246694197     -2.6355168822
   S          3
     1        13.0100000000  0.01968500
     2         1.9620000000  0.13797700
     3         0.4446000000  0.47814800
   S          1
     1         0.1220000000  1.00000000
   S          1
     1         0.0297400000  1.00000000
   P          1
     1         0.7270000000  1.00000000
   P          1
     1         0.1410000000  1.00000000
           
H           1.0      0.5083596384      4.7789369583     -3.5695061940
   S          3
     1        13.0100000000  0.01968500
     2         1.9620000000  0.13797700
     3         0.4446000000  0.47814800
   S          1
     1         0.1220000000  1.00000000
   S          1
     1         0.0297400000  1.00000000
   P          1
     1         0.7270000000  1.00000000
   P          1
     1         0.1410000000  1.00000000
           
H           1.0      2.1209643572      3.3240334959     -3.1198577071
   S          3
     1        13.0100000000  0.01968500
     2         1.9620000000  0.13797700
     3         0.4446000000  0.47814800
   S          1
     1         0.1220000000  1.00000000
   S          1
     1         0.0297400000  1.00000000
   P          1
     1         0.7270000000  1.00000000
   P          1
     1         0.1410000000  1.00000000
           
F           9.0      3.2082368256      3.1923922561     -3.2641213532
   S          8
     1     14710.0000000000  0.00072100
     2      2207.0000000000  0.00555300
     3       502.8000000000  0.02826700
     4       142.6000000000  0.10644400
     5        46.4700000000  0.28681400
     6        16.7000000000  0.44864100
     7         6.3560000000  0.26476100
     8         1.3160000000  0.01533300
   S          8
     1     14710.0000000000 -0.00016500
     2      2207.0000000000 -0.00130800
     3       502.8000000000 -0.00649500
     4       142.6000000000 -0.02669100
     5        46.4700000000 -0.07369000
     6        16.7000000000 -0.17077600
     7         6.3560000000 -0.11232700
     8         1.3160000000  0.56281400
   S          1
     1         0.3897000000  1.00000000
   S          1
     1         0.0986300000  1.00000000
   P          3
     1        22.6700000000  0.04487800
     2         4.9770000000  0.23571800
     3         1.3470000000  0.50852100
   P          1
     1         0.3471000000  1.00000000
   P          1
     1         0.0850200000  1.00000000
   D          1
     1         1.6400000000  1.00000000
   D          1
     1         0.4640000000  1.00000000
           
 $END      
--- R-B3LYP    ORBITALS --- GENERATED AT  0:11:51  9-JUL-2026    
 C3H7F                                                                          
E(R-B3LYP   )=     -218.3453099653, E(NUC)=  118.0881279536,   11 ITERS
 $VEC
 1  1 -6.84791191629600000D-06 -1.40024876784310500D-05  5.91862444023904100D-04  3.91012357219124300D-03 -2.82883776652198500D-05
 1  2  5.96827286831954000D-05  2.02287343011395600D-05  5.57266188334298900D-04 -3.10606317516426300D-03  7.57669517724099700D-05
 1  3 -8.60053024985800600D-05 -6.96959406627248000D-04 -1.12007055435410300D-03 -2.73967883696685400D-05 -3.71517007091751400D-05
 1  4  6.45484890787877200D-05 -1.89262260083376500D-05 -1.40738813046139700D-04  1.50279467954873300D-04  4.88636756339116500D-04
 1  5 -2.58678544740376200D-04 -2.29958211598194400D-04 -6.40713518357010900D-06  7.12227173539107000D-04  1.45189816126157000D-04
 1  6 -1.08986567337815500D-04 -1.61288426934864500D-04  8.00470530252238300D-03 -1.66184600378878500D-02  6.25529695326987600D-05
 1  7 -4.50788812736854100D-05 -5.42239598923362800D-05 -4.63536192771374100D-03 -2.58131183139447400D-03 -3.17414914908605300D-03
 1  8  1.25299545478792600D-03  3.50247111613233000D-03  2.47399185802943100D-03  4.29164724960504400D-07 -1.49702144516423800D-05
 1  9  1.45410497263401800D-05  7.49971769340539000D-05  1.10627980706641400D-04 -1.20951310255183200D-04  6.06595659545433700D-05
 1 10 -1.68688525238168500D-03  1.62622568642715800D-03 -2.64453707261694900D-04  2.17961041129603800D-03  4.59973312977689700D-04
 1 11  2.40401978149535100D-05  3.35807245993434900D-05 -8.53413865042680600D-03  1.12547180242878700D-02 -8.33262461937211500D-05
 1 12  5.15921030315307700D-05  8.08183125155422000D-05  1.02635057225732500D-03 -2.70820685478046500D-03 -7.50361611957460100D-03
 1 13  2.13067907177504100D-03 -3.39448611677307700D-04  1.71461350231133300D-03  1.33994414548825200D-04  5.20552386503506300D-06
 1 14 -1.39199938413706800D-04 -3.73749600829856700D-05 -9.37396629500367900D-05 -3.68748152490387900D-05 -4.76309737111197200D-04
 1 15  1.20690280901999400D-03 -7.30593071908901400D-04 -2.18789292249399300D-03 -1.34849378712173200D-03 -5.27920473764753400D-04
 1 16 -4.88673748301780600D-05  3.85976223636704400D-03  4.29551613591777500D-04 -1.40114592973140600D-05  7.90739356543879000D-05
 1 17  6.40128059748169000D-05  4.10404919872270200D-04 -4.58502463588464600D-04 -1.09664013284516400D-03  7.37413095644874300D-06
 1 18 -2.78912035417047400D-03  9.67234332016726200D-05 -5.75870604009255700D-05  4.01532378127527100D-05 -6.50113181317483800D-05
 1 19  1.24419097145326700D-03  5.18602335445044600D-05 -1.69380107069870100D-04 -6.12535730774348400D-05 -2.48525685577037500D-03
 1 20 -7.48159020002656800D-04 -3.95344633751183200D-06  2.16984910572182500D-05 -2.62880740679183700D-05  1.24870091557900600D-04
 1 21 -9.21582312749469800D-04 -1.60757917653401200D-04  3.23100517341599700D-05  7.34015694412567700D-03 -1.60809701863588000D-03
 1 22  5.03964974910446900D-05  4.37716427008624700D-05 -4.65323122394104600D-05 -3.75021843439299000D-04 -1.78198495906699900D-03
 1 23 -8.74550391839842200D-04 -1.18083371111595900D-04  7.22505432480840900D-03  5.38358954013303100D-04 -1.87222173903487500D-04
 1 24  1.14866050605761100D-04  6.05607233753406800D-05  1.69666292194431200D-03  2.36611676357866900D-03  2.09515059341810600D-04
 1 25  3.10415307716864900D-05 -4.57150095422198300D-03  9.26848464272675500D-04  4.59751653171660900D-05 -2.65288580896527600D-06
 1 26  9.08936705360365400D-05  3.23639211640143500D-04  8.67071047417927500D-04 -1.27390891397199900D-03  2.14932509945558800D-03
 1 27  9.65485607438026400D-03  2.19221877223508000D-04  1.19698229001603300D-03 -1.96039243987001000D-04 -2.07971438536053700D-04
 1 28  1.23748263531737300D-02 -1.71861884358659200D-03 -1.02149191361831900D-03  1.00371184893367600D+00  7.93428261427423300D-03
 1 29 -1.50951164659738000D-02 -9.46361822788899600D-03 -9.20810970395482400D-04  7.11649963396362800D-05  1.12582176731843000D-04
 1 30  4.00611029787412200D-03 -3.74547531123140100D-04 -5.70680618436989100D-04  3.11976083238873400D-03 -1.64235303450935500D-05
 1 31 -4.96216850865562400D-05  3.46796679117704000D-05  1.57449030196949400D-06 -3.62541582137734600D-05  2.26999242115345200D-05
 1 32  3.50139632399657200D-06 -3.56360733987412300D-05 -9.23108778204277900D-04  4.11923653281977200D-04  5.11185124922290000D-04
 1 33  9.23479716374835800D-05  1.83060664823465900D-04  8.19093389729866300D-05
 2  1 -2.26584506795746200D-03  9.56722566348933600D-04 -2.13566078559335800D-02 -1.64086352985460200D-02 -5.04701533965288900D-05
 2  2  1.01791508522029800D-04 -2.74538772453007400D-04  3.01554837989959700D-03 -1.37897864834658200D-02  2.04231505270042700D-02
 2  3  2.19830458373515000D-03 -3.04531013679767300D-04  6.54438980624136100D-03 -5.28517731352270600D-04  1.06778743756366300D-04
 2  4  4.21738987596166800D-04  7.31176428802285300D-05  1.32771027110130000D-04 -8.35813398051781000D-04  3.32331128761539000D-03
 2  5 -1.36799998501062700D-03 -1.95531130260507800D-03 -1.26594718378067800D-03 -8.63576442083979200D-04  5.49847288176021700D-03
 2  6 -1.01108481473850400D+00 -2.44813206590070900D-02  9.98785568756369300D-02  6.21661841754639300D-02 -1.07348888049760000D-04
 2  7 -3.01975068639434100D-04  3.10771360795646800D-04 -1.23223442279816900D-02 -1.55917141889457600D-02 -2.55043871581605400D-03
 2  8 -6.96139995771450200D-03 -1.34880070087601700D-02 -2.67812100817012800D-03  4.24333522288315000D-04 -5.41536062493057400D-04
 2  9  1.17202540204930800D-04 -8.23686427971677000D-04 -5.72881611308371300D-04 -1.84722595700785200D-04 -3.54646828263173000D-03
 2 10 -5.13415586536140400D-03  8.68062414799308100D-03  2.03510156023897200D-03  8.75563808148421300D-03 -3.32537845441334400D-03
 2 11 -7.42163460837672000D-03  8.16499892577441300D-04 -3.01781660016292800D-02 -3.05906016700172100D-02  2.46149695399800500D-04
 2 12  2.51651490679808200D-04  5.81756188006798300D-04 -1.48416574048044400D-02 -9.17645406023823200D-03 -2.28978728206015700D-02
 2 13 -3.34054170047701100D-03  7.92253708685719200D-04 -8.22355782701926100D-03  1.84065328554947700D-04 -6.47140285052929400D-04
 2 14  4.63074956498038600D-04  7.44300040999598600D-05  1.04870875730017300D-03  7.04097306528507300D-04  4.59142289266094300D-04
 2 15  1.68787614119645800D-03 -2.14701843046270600D-03 -3.72082241664065000D-03 -4.41212246868884500D-03 -2.39333936951985300D-03
 2 16  5.46795018353223300D-04 -9.57974834077735200D-03 -2.41830585241708300D-03  5.88818652535758700D-05  2.42499936180605800D-05
 2 17 -4.08291771118898100D-04 -5.14494026617067900D-04  1.36288109462870500D-03  1.54738748795227500D-03  5.58449426523491600D-04
 2 18 -1.17257009947159000D-02 -2.63626732719926900D-03 -1.58458677270585600D-04  1.86334834816865700D-04 -2.49534271839732300D-04
 2 19  2.76469606118838400D-03 -3.28994377540549800D-05  1.44021001168904500D-03  5.15275927188473700D-04 -1.67746375677394300D-03
 2 20  1.11627204446325100D-03 -4.06032179822880700D-05  1.44340890123278900D-04 -1.73891601134139200D-04 -5.24967116091524200D-04
 2 21 -1.67732720035047900D-04  8.93725490791970800D-04  1.01131233111659200D-03 -6.70455566149179600D-03  6.39242783920584500D-03
 2 22 -6.19149799933458500D-04 -1.51843828686345700D-03 -1.39972423956167200D-06  1.64048188288378900D-04  3.58457347924346800D-03
 2 23 -2.88254292708078000D-04  7.77387518379696200D-04 -8.75388411114865300D-03 -2.85272828545343100D-04  8.09597931418757700D-05
 2 24  6.82402571238780300D-05  4.54685556471309600D-04 -2.37584572372464800D-03 -2.51795816939985600D-03 -5.90884011050646600D-04
 2 25  5.58981158255630700D-04 -1.07635360826526700D-02 -3.66553966046174700D-03  2.90908530989824400D-04  1.16078854537239600D-04
 2 26  3.85710913863798200D-04 -3.17163430527680400D-04  1.80403277406419900D-03 -2.98290808700113700D-03  3.06056062948510800D-05
 2 27 -3.95983888685036600D-03 -1.05112514712221700D-03  8.19315158378350000D-05 -3.32711055196500600D-04 -4.29894792155319800D-04
 2 28  3.45243510886134400D-03 -1.11007061835754500D-03 -1.63232024320710000D-03 -1.07975218014475900D-05 -2.15179965393632700D-05
 2 29 -2.14679235283765800D-04 -2.89881835606186000D-03 -3.52608087205222600D-08 -4.48250640750260200D-05 -7.40515259959023100D-05
 2 30 -1.66126254242868500D-05  3.22017110369865500D-04  5.25856614940911500D-04  5.82286086125104700D-04  7.45970862195777300D-05
 2 31 -9.83769524199101500D-05  1.74306391833925400D-05 -2.28047944073438500D-05  5.37415522396644100D-06  2.01106357870122500D-05
 2 32  3.84034969889604300D-05 -1.54878724883350000D-05 -1.30584884439460700D-04  8.61970714537131600D-05  4.43878129857489800D-05
 2 33 -1.77454601709967100D-04 -2.90388800386197400D-04  1.25343216723600900D-04
 3  1 -3.12121012799438100D-02 -1.71052729332122000D-03  1.45756347535823100D-02  1.10449668467561900D-02  4.01396166131132500D-05
 3  2 -1.12758146814958500D-04  1.92631176782712900D-04 -3.50272945741584500D-04  7.89378191994144700D-03 -1.21829796932840000D-02
 3  3 -3.97216415699644100D-04  3.69333055408123600D-03 -3.25108044941562600D-03 -1.76959972200233900D-04  3.23974637370302700D-04
 3  4 -1.47014665170094200D-04  2.71844041651145700D-04 -8.24713989667965900D-05 -2.49684196066982900D-04 -2.03758188573486100D-03
 3  5 -7.66763805571160900D-04  2.80434569130597500D-03 -9.15842262299968900D-05  9.57955564933499600D-04 -2.56490373667723900D-03
 3  6 -8.07005352975826700D-03 -5.91761012523531800D-04  2.64549073318623600D-02  9.17819094354720500D-03  4.93363108798981400D-04
 3  7  1.36404851798315800D-04  3.89965414293387000D-04 -1.86689825935024600D-02 -1.53734369622101800D-03 -3.20950773941971200D-02
 3  8 -4.68659361021144000D-03  1.13581681962144000D-03 -9.95495940154021000D-03 -1.01025375583395900D-05  6.86094717763804300D-04
 3  9 -6.75992180205562000D-04 -3.36292250507900400D-04 -1.11574716474520300D-03 -2.26159423619032400D-04  2.37419237897120800D-03
 3 10 -2.58641367102062000D-03  2.12221292049474000D-04  2.14952904732534700D-03  4.54248556897066800D-03  5.30648232361690500D-03
 3 11  1.01084732358133000D+00  2.53093285353735500D-02 -9.29313699463919600D-02 -3.66574548564043400D-02 -5.21725397171848200D-04
 3 12 -8.45973746657355300D-04 -5.27239184723896900D-06 -1.61308807466436300D-02 -5.21324727244069100D-03 -1.87052955243322500D-02
 3 13 -4.12365245232481000D-03 -2.53017100533683100D-03 -3.87113047185394100D-03 -2.35154818736440300D-04  3.38263034918948600D-04
 3 14 -1.03108216182378200D-04  1.49441573426377700D-03  5.06960715698101400D-04 -8.51419524688959300D-04 -7.70558687974187900D-04
 3 15  4.28402977858219700D-03 -3.51347109060816700D-03 -1.33294542696927600D-03 -7.60191172098443200D-03 -2.13249696491099500D-03
 3 16  3.39671268790714500D-04  3.81430866795245800D-03  9.70881191871045800D-05 -1.49289694697485000D-05 -1.08013784923752600D-04
 3 17 -4.58335107067819900D-05 -1.01495662738947400D-04 -1.71013251110687200D-04 -1.18359327545136600D-03  1.78043307601320800D-04
 3 18  2.32906799183179100D-03  2.24132248385605000D-03 -1.15478924537871400D-04 -1.30567872766536800D-04  8.70095946907888900D-06
 3 19 -1.39810214315261900D-04 -3.10822092453405400D-04 -6.73151478086450900D-04 -2.41804579166198500D-04  4.43847261772926400D-03
 3 20  2.29643915816622100D-03  3.44405561136712300D-05 -1.67930816600912900D-04  1.62538940655083700D-04  3.49872433444668800D-04
 3 21  7.52159435830222000D-04  2.29210498524012700D-04 -4.03252160295496500D-04  6.38426917773656400D-03  4.96589151269497300D-04
 3 22  1.79954622004111900D-04 -1.55830135903624500D-05  2.07793504393362900D-04 -8.35930848380874800D-04 -1.85230796771667600D-03
 3 23 -1.36285657882869200D-04 -2.71103050993205300D-03  1.69758312539813000D-02 -5.16242470724601700D-04 -1.45059885767616700D-03
 3 24 -1.68256691436347600D-03  1.79416751095446400D-04  3.81584803644866800D-03  4.75336438424661600D-03 -1.40694673868784400D-03
 3 25 -1.03813888829499000D-03  1.55867308224361800D-02  1.22293847959042800D-03 -1.12039249810496600D-04  1.02035781073881500D-03
 3 26 -1.43538382129887900D-03 -1.62901785925029700D-04 -3.98849235083344800D-03  4.34286407940308700D-03  3.22426653758704700D-04
 3 27  6.62804547894703500D-04 -4.68341269827431000D-04 -9.19717796371597400D-04  4.92700731042567000D-04  3.46547371183762400D-04
 3 28 -2.45574327373217300D-03  1.52653204981993500D-03  2.01388114722181600D-03 -8.89828165621446700D-05 -1.44813429734297600D-04
 3 29  7.86984412886704900D-04  3.44013652809718900D-03 -2.86911358686963800D-05  5.26642895524438700D-05  4.36169654133801200D-05
 3 30 -6.06907468842854300D-04 -2.56322533062889500D-04 -2.19264682511341300D-04 -1.10325367979818500D-03 -1.58336195334784400D-04
 3 31 -2.19571702934130200D-04  6.61861723886162600D-05 -2.14922202457707700D-05 -4.46939521428112700D-05 -6.30779263767894000D-05
 3 32 -5.56315499123450300D-05 -2.03166469745228600D-05  2.10880123948701200D-04 -1.50693670784560200D-04 -6.01864531641296400D-05
 3 33  2.30135493520834700D-04  1.59628253694772000D-04  4.84004839458041000D-05
 4  1 -1.01025243598299200D+00 -2.41423903443352200D-02  8.62506399718630500D-02  2.69943251659347000D-02 -1.10253594323021000D-05
 4  2  1.34222909131953200D-04 -4.74000720767317200D-04 -2.73843558683757800D-03  1.18778143158392600D-02 -2.10190406531338400D-02
 4  3  1.03749255481471800D-04  4.17598986744407600D-03 -3.52160205282977700D-03 -4.14317054365056600D-04 -1.06185164042642000D-04
 4  4  5.20502218407657400D-04 -5.33645637559518000D-05  1.87379061691524000D-04 -6.91712424046341800D-04 -2.71347068328885700D-03
 4  5 -6.09407144822958500D-04  3.32287782811182700D-03 -1.15157185789993300D-03  7.28504422689455000D-04 -3.99740203464417500D-03
 4  6  3.25177821077963500D-03  4.27578820116795300D-04 -1.01114591737198300D-02  7.07542246311646100D-03 -7.66399610135847700D-05
 4  7 -2.26721239469768500D-04  1.00125842177059600D-04 -9.71339902693428000D-03  1.47961472280638800D-02 -3.46100806011131000D-02
 4  8 -3.98185019529285400D-03 -3.47349380845269700D-05 -9.82114560634877100D-03 -3.79821182083251400D-04 -2.10145488916651300D-04
 4  9  5.89966671000033400D-04 -3.00137126012495000D-04  1.20849747108517100D-04 -7.57573928826649000D-04  3.80187587486646100D-03
 4 10 -2.99113934527758100D-03 -8.10736529588916200D-04  1.11801765801819700D-03  3.76550942505697700D-03  7.25689272109953300D-03
 4 11 -3.00866120010817800D-02  2.18985943971841300D-04 -2.05494898974308900D-02 -1.93474708538708800D-02  2.12673158952652600D-04
 4 12  1.44744890012623200D-04  2.31976958404766700D-04 -1.03458375094198400D-02 -7.89128649838033400D-03 -1.09357260465959900D-02
 4 13 -4.80609216337397800D-03 -2.29225024286243900D-03 -4.82391921197821700D-03 -9.87603612842139900D-05 -2.22222327302256700D-04
 4 14  3.20982688586350700D-04 -5.98378670968051200D-04 -7.78478627477185600D-05 -1.74634696257564300D-04 -9.76504137274330200D-05
 4 15  7.08479123262759000D-04 -6.10828709534928700D-04 -8.35068948921427600D-04 -1.55254590453452000D-03 -1.59126782477542300D-03
 4 16  8.34883919174688600D-04 -1.21949447350641500D-02 -1.03295287308037000D-03  8.68758325951204400D-04 -9.54148896014840200D-04
 4 17 -1.27357507501342600D-03 -1.49650419038308600D-03  1.16704055187436300D-03  4.29539892709015200D-03  8.62064774064462100D-04
 4 18 -1.34167079443090300D-02 -9.21635786592705100D-04 -1.68119547020814000D-03  1.46072662632812600D-04 -3.13655943670821200D-04
 4 19  4.64552577345129500D-03 -1.16183012920181200D-03  2.68020328476790400D-03  7.38947539923295100D-04 -1.20823270916932600D-02
 4 20  1.49532251707215600D-03  7.01725569845905000D-04  1.53527590266328400D-03  3.22324212086535300D-04 -1.84068496261768100D-03
 4 21 -4.74776207247835400D-03  9.35611617041001700D-04  5.39370826090807900D-04 -7.16032008411563100D-03  1.25305464421749800D-03
 4 22  6.61846958702122300D-05 -2.15580479028740300D-04  3.33279028700665000D-04  5.74160871653385900D-04  2.44521714191971400D-03
 4 23 -2.56696986406155600D-04  5.46244671148048600D-04 -8.49069806194813200D-03 -3.72978190903175500D-03  3.08100233980500500D-04
 4 24  2.85073218630827300D-04  5.10275516738894700D-05 -1.56060889737470500D-03 -1.80652294475648600D-03  3.96996967711325700D-04
 4 25  9.89521426226866900D-05  1.13978050736136900D-04 -1.82353156575835100D-03  1.58834578455900000D-04  9.43385626113005000D-05
 4 26  2.16002985400038900D-04  6.99709618571840100D-04  4.86430336717308700D-04  4.71973265798971000D-04 -5.40374293149356500D-05
 4 27 -1.47145961450649700D-03 -2.23866991246659900D-04 -7.09964430794658900D-05 -2.61931771711691000D-05  7.76073279390567100D-05
 4 28  3.89558049958058000D-04 -6.27401272740018800D-04 -2.29105678267876800D-04 -2.94093263037177000D-06 -5.60896025737913700D-06
 4 29 -3.94844501343969900D-05 -1.25321154442463400D-04  6.80766900999817500D-06 -1.05333128372926500D-05 -2.53278722294036100D-05
 4 30 -6.96633836012516500D-05  7.01257675102601900D-05  5.61068891714216000D-05 -9.94361092782479600D-05  5.76932170136321500D-05
 4 31 -1.43231289458345900D-04  9.38687140384358800D-06  3.46304112866041100D-05 -4.40172826906161500D-05  7.22424031811748800D-06
 4 32  1.48167798651409100D-05  7.40846482154740300D-06  1.45710875186714900D-05 -1.31028749196590600D-04  1.16457661677922600D-04
 4 33 -3.95380346032182800D-05 -4.14811963582520400D-05 -2.86249817152339400D-05
 5  1 -1.39628134189342000D-04 -2.14670689056187700D-03  2.70825721576243700D-02  2.54748585892044400D-02 -3.37587649368605300D-04
 5  2  2.56606036321934800D-04  1.00454535807911500D-03  1.33603255396187600D-03 -1.52257216537014900D-02 -1.23448605786252900D-02
 5  3  1.30644125386101300D-03 -3.76782910810080600D-03 -8.47826032993694000D-03 -1.83191940606589900D-04 -1.83588169680304500D-04
 5  4  3.66780110286903700D-04 -1.11218592531080100D-04 -1.11153312569381200D-03  9.14258516421607600D-04  3.71783444653402400D-03
 5  5 -1.38562633732146000D-03 -2.33220810921262000D-03 -1.35974099053563900D-03  8.48981894398053900D-03 -3.50075775812396000D-03
 5  6  4.98511142929841900D-04 -6.47364348897194500D-03  2.93337530165803000D-02 -5.38410967979426600D-02 -5.80265664897084000D-04
 5  7  2.07567248549488000D-03  3.39980444818172200D-03 -3.24783573215839300D-02 -9.36241704548824800D-03 -2.74075618197413300D-02
 5  8  5.10717543681565900D-03  1.80739927997059600D-02  6.64678216295022100D-03  4.73512939084517800D-05  4.67986241587380300D-05
 5  9 -9.41499180671691300D-05  7.39329791702613600D-04  8.19342130434539200D-04 -1.15247542488885800D-03  1.80962362045890800D-03
 5 10 -5.26200067213348300D-03  3.45237705167434600D-03  5.13241893585780800D-03  1.92209220336235200D-02  1.47417191525358900D-02
 5 11  1.77857620133112000D-03 -4.58487189382123000D-03 -6.49583743528919200D-02  2.46786693140265200D-02 -4.90603261363280100D-03
 5 12  1.23923602247506600D-03 -2.20231827426372200D-04 -1.14848200736291000D-02  1.84100159425392400D-03 -4.75888050443553800D-02
 5 13  2.86042073168663500D-03 -6.45972564947547400D-04  2.34297536042624400D-03 -8.00504408934165300D-04  6.10915271700401200D-04
 5 14  1.89589137234040300D-04  1.00280485038227300D-03 -9.35532431582304400D-05 -7.89905937065484200D-04 -8.01051282520493000D-04
 5 15  5.27508144836305100D-03 -4.47403016584248000D-03 -5.01760496664792800D-03 -5.10449763716033300D-03  9.18639766910277800D-05
 5 16 -3.07433866392758900D-04  3.64195688429695900D-02  5.75966125611756600D-03 -1.79972938052954000D-04  5.99594554926922800D-04
 5 17  6.20562764626129200D-04  4.70192868051155400D-03 -5.58296771020067100D-03 -8.28063479681717300D-03 -1.00699377260260000D-03
 5 18 -2.04895756832559100D-02 -1.82925503662872800D-03 -2.95308452712602200D-04  3.15904874314258800D-04 -4.22415435673261600D-04
 5 19  8.23452754625454000D-03 -3.95391455073548000D-04 -3.51644027996705500D-03 -7.58940433041132500D-04 -2.51380949304252500D-02
 5 20 -3.96810478165014900D-03  1.54947905267052000D-05 -8.40602767060052800D-05 -2.44697479058910000D-04 -1.44523409954558600D-03
 5 21 -1.01396861069906900D-02 -9.42180361186312600D-04 -1.72325584765443700D-03  2.66769007284790400D-02 -1.03187192585700700D-02
 5 22  3.97485857960730900D-04  2.15150586384960700D-04 -5.32148381812691100D-04 -2.02238984564371200D-03 -8.15705754979679200D-03
 5 23 -1.16503014215658000D-02 -2.10102931295070800D-03  3.01260869152024100D-02  1.43850938204344500D-03 -7.06774897940717300D-04
 5 24 -7.54616128755984400D-05  3.26761490262782900D-04  8.03450437155503100D-03  8.03425340067352500D-03  4.12971439065684400D-03
 5 25 -1.98644521157476000D-03 -3.18746248348967700D-02  4.70920708278525800D-04  1.14244532092557500D-04  4.18579084851589900D-04
 5 26 -2.36843146690667500D-04  5.90995520664252100D-04  7.40030188862917300D-03 -9.71836632693880800D-03 -1.21510929780349800D-01
 5 27  8.99077417562483800D-02  1.03045021054732700D-02 -2.44091881513713500D-02  2.40903038270539300D-03  2.46573647622420600D-03
 5 28  4.70815684042589400D-02 -6.64272842786821700D-06  2.43164411464762500D-03  4.54062123103034100D-03 -4.86537238646988800D-01
 5 29 -5.29826270136686400D-01 -1.11108844787985100D-01  5.66153707161144100D-02 -6.78050030597129600D-03 -7.97884303556956700D-03
 5 30  2.48164268801637500D-02 -3.93108091959389500D-03 -5.12945952593036300D-03  2.52186960337812200D-02 -2.82715069116512600D-03
 5 31 -3.77162326507480200D-03 -6.03328158586375200D-03  3.08785637509482200D-03  2.94542521076902700D-03  1.10429165079303500D-03
 5 32  1.22547269062606200D-03 -2.60192361485806000D-04  3.85104139253526000D-03 -1.99663692815239000D-03 -1.85440446438285900D-03
 5 33 -8.45073721162961000D-04 -6.14143520703682600D-04  4.69762060270502400D-04
 6  1 -1.37214972038370200D-02  2.02645782558324100D-01 -2.81279914717848300D-02  9.46849359986471400D-02 -1.00354114753165800D-02
 6  2  3.18750633292932500D-02 -5.32607568862447000D-02  5.02195769789204700D-03  2.78241887498585300D-04  2.49406951575623300D-02
 6  3  2.26847476510345300D-03  2.30973535053712100D-02 -2.45778194250893400D-02 -5.92746966074179800D-03 -1.21430046521965800D-03
 6  4  7.14177012596155900D-03 -1.37022813378660500D-03  2.40703828235274700D-03 -8.93060780675372300D-03 -1.22703879153420300D-03
 6  5 -2.57698788165939000D-03  3.80402667319356800D-03  3.61032001327500800D-03  6.87881930768669100D-03  7.55361504605053200D-03
 6  6 -2.29122865283902100D-02  2.89716804387129400D-01  1.40149891699297000D-01 -2.22029289021211500D-02 -4.24729319865904700D-02
 6  7 -4.35132597109283000D-02 -1.83658561278715100D-02 -3.24863973577288600D-03 -9.01271408739395800D-02  7.66232216461967500D-02
 6  8 -2.07640319421150400D-02 -5.33643679040361600D-03 -4.07192600585128800D-02 -4.52378903778498200D-03 -5.30211914756148000D-03
 6  9  9.82590818534639200D-03  2.43404993421812300D-03  1.02536784359647400D-02 -2.42038506209365900D-03 -1.21202542822918700D-02
 6 10 -2.26591430449212100D-02  3.47793973272131100D-02 -1.85780941120328000D-02 -1.36955174068235100D-03 -3.79799335777142000D-02
 6 11 -2.15991140686586400D-02  2.29855374004118300D-01  1.12284501819733800D-01 -1.03957096071362200D-01  4.52778586729175900D-02
 6 12  6.24602588933517900D-03  7.47221512100565600D-02  7.26974195912492800D-02  2.72586090155740900D-02  3.74714604704955600D-02
 6 13 -1.07590925609819400D-02  4.66263586326460900D-03 -2.26124939535090800D-02  1.21151512923956000D-03 -6.09285786341307600D-03
 6 14  4.88134273417352600D-03  2.47367761332761600D-04  9.03125454565508600D-03  4.82687039919042300D-03  1.20958902096394600D-02
 6 15 -1.70299083686456400D-02  4.93401815900590300D-03 -2.43449031653311000D-02  1.95859286342393400D-02  2.09789217215313800D-02
 6 16  8.44167480346159800D-02 -2.47176757667884800D-02  5.62761046863279000D-03  4.71829208550527500D-03 -5.21866877169631600D-03
 6 17 -1.00078473556780800D-02 -5.32744691517292400D-03 -7.52602180222257500D-04  7.87356692581559600D-03  8.02639778509546500D-02
 6 18 -1.39163597862810600D-02  9.14031980262304500D-04 -1.11461874193398700D-02  1.40759452685148700D-03 -4.22272038888725200D-03
 6 19  1.37580638244270300D-03 -4.58625821808090400D-03  1.61246410604791400D-03  8.27009988278932000D-02  4.15222189482731500D-02
 6 20  1.20560168694322900D-02  4.77053896871225700D-03  1.14858792296683300D-02  8.77511359251350100D-04  8.28900181376476500D-03
 6 21  1.74983859275977500D-02  5.67133775897002800D-03  1.11436563122267400D-01  1.15716101668783700D-01  7.96066131244472400D-03
 6 22 -6.52108063041822800D-03 -1.34529696169173000D-02 -7.45117768485230300D-04 -1.20132260712122600D-02 -2.25343015123729800D-02
 6 23  5.17802625810430000D-03  1.21026703591163600D-01  1.16378375261662700D-01  6.45297399586429500D-04  1.07519304341408100D-02
 6 24  1.09480049156118600D-02  2.22509060412224500D-03  1.52815954120931200D-02  1.05316799528919100D-02  9.91728488997275000D-03
 6 25  8.13570444744072300D-02  1.33659194879895500D-02 -1.35853611513523800D-02  1.95703401878974200D-03 -6.71612364002200900D-03
 6 26  1.13921023487981600D-02  4.90901215316257900D-03  3.75251256266117800D-03 -4.17947504370277600D-03  2.97642588296631600D-02
 6 27 -4.11767737975844800D-02  1.01498038170210600D-03 -2.75329967693198700D-03  2.66073436728359600D-03  2.73775535740607800D-03
 6 28 -3.46531856665515500D-03 -3.23222275969939200D-03 -7.21721245818048000D-03 -3.50555304373585000D-04 -2.57431227399054700D-02
 6 29 -2.84804553229681600D-02  1.70758138660209400D-02 -1.17715327943860300D-02  4.19284282958574300D-03  5.06807542762139800D-03
 6 30 -5.33488706099039700D-03  1.55846649404336800D-03  3.08110027244917000D-03 -9.06926437703321100D-03  2.36457619607604200D-03
 6 31  2.24677142198196500D-03  6.36263580619872700D-04 -3.87304367768459100D-04 -2.48959212851383300D-04 -4.28789065505750900D-04
 6 32 -3.90410407254702000D-04  2.01670998317456900D-04 -8.65086277284099000D-04  5.45827214521362300D-04  3.19259062762743700D-04
 6 33  9.30416703804450400D-04  3.82575016931070700D-04 -4.22411714038609200D-04
 7  1  1.70278322132520700D-02 -3.00528953771694800D-01 -1.56470624623673400D-01 -1.61299198036131900D-02 -9.74205449616562400D-03
 7  2 -7.55045135424261400D-03 -1.97542743113440600D-02  1.15363023887939800D-02 -6.72307118707377200D-02  1.17114071465493000D-01
 7  3 -2.86680673132185500D-03 -1.60603361897841400D-02  2.15460173583046700D-02  6.97541470538732500D-04 -1.27746959955742500D-03
 7  4  5.79928129018705600D-04 -1.90692829596183200D-04  1.93993235054563500D-03  1.85701730787893000D-03  1.48891089924066900D-02
 7  5  2.16601882330292500D-04 -1.51057108747371600D-02  3.45917896709918300D-03 -4.15024239770968700D-03  3.01883982480642500D-02
 7  6  4.83926370756918100D-04  2.23317837234805000D-02 -1.17747165117075000D-01  5.34372745745799000D-02 -7.44153908226954400D-02
 7  7  2.65808555072735600D-02 -1.76198608120397900D-01  6.30017316399954000D-02  8.27310853930770000D-03  1.21293239261248700D-01
 7  8 -7.39757609914551000D-03 -8.34165594515008700D-03  7.03751575008426400D-03  7.44059337602815000D-03 -4.12075658876026500D-03
 7  9 -3.31983678726783600D-03  4.65694305919328800D-03  7.60670676334208400D-03  1.57963451105584500D-02 -1.24275841250257500D-02
 7 10  1.16807457227605700D-02  7.46838402265276400D-04 -1.13312793885522100D-02 -2.57252383017575000D-02 -5.42205505148440800D-02
 7 11 -2.11532623691802300D-02  2.49528370532736800D-01  2.04946071559994100D-01 -9.52656530032926100D-02  3.10972984303520600D-03
 7 12  1.21084122782567500D-03  7.21162859441403600D-03  1.61557711824528200D-01  5.95016873478748200D-02  1.22642748542234700D-01
 7 13  5.57794108246623600D-03  2.14900047150816700D-02 -1.49939270304740000D-02  2.83670671773697800D-03  2.21542581181756300D-05
 7 14 -2.85886097585510500D-03  3.25142380721428700D-03  1.77851714152638200D-03  3.50834857039355800D-03  1.93102045579350100D-02
 7 15 -4.29099873801069100D-02  2.35997828221717900D-02 -3.02397079164463100D-02  4.47692611904500600D-02  3.55331224325708000D-02
 7 16 -1.60773183858821300D-01 -9.11013956092685700D-02 -8.94677256467746700D-03 -9.66398532189269500D-03  9.37246363708004400D-03
 7 17  1.36949563916983800D-02 -1.50205228571594900D-02  1.58779763107727800D-02  1.51996301634200200D-02 -1.57276400035821800D-01
 7 18 -7.26721283306548000D-02 -2.51786075101962600D-03  1.89714877466219900D-02 -2.08463851142735200D-03  3.44536702439278900D-03
 7 19  2.28874715434525500D-02 -3.39912011611689200D-04  4.91771804061906700D-04 -1.41414163681473100D-01 -6.72394889343836000D-02
 7 20 -1.76699882970442100D-02 -7.69620422524544200D-03 -1.63368885741785100D-02 -2.84901624802426400D-03 -6.63348922563745700D-03
 7 21 -1.89375380000656300D-02 -3.13478314762582200D-03  3.99061347863000600D-03  1.36155440776228700D-02  1.13705310455058800D-02
 7 22 -2.48833014380558300D-03 -2.72105502430092500D-04 -3.67824698919791700D-03 -2.87750995325022300D-04 -7.97551557237272800D-03
 7 23  1.84866730321362300D-02  1.58219915008151400D-01  2.49996693313026900D-01  3.78613984032184600D-02  1.07302449146065000D-02
 7 24  1.24624970938682400D-02 -5.73285142527864000D-04  3.94028847407420800D-02  2.83686361437204200D-02  1.45128429751357500D-02
 7 25  1.28311503254493800D-01  8.04275216344099000D-02 -1.87027116356733500D-02  3.08307443608057000D-04 -1.00761376487606600D-02
 7 26  1.34862631170544800D-02  1.21957072670329800D-02  1.26414790121359700D-03  1.50505478628984500D-02  2.97287079221563400D-02
 7 27 -3.52071870873483700D-02  1.26138384069099900D-02 -2.72662750256333000D-03  2.77387562662991200D-03  1.37991514672488100D-03
 7 28 -2.40030140214984400D-03 -4.23391988010065600D-03 -3.68777103561614400D-03 -2.24787563981854700D-04 -1.43326183511049000D-02
 7 29 -1.75180211797260900D-02  2.25544591026864800D-02 -1.51184597404346000D-02  3.79339327156719500D-03  3.93516128076062300D-04
 7 30 -8.15317361530174000D-03  2.30932171305640600D-03  6.99041612392810800D-04 -1.15207913927336400D-02  1.81127395710868700D-03
 7 31  4.49724547147946000D-03  8.58458739322417700D-04 -3.07260802610134200D-04 -5.51197936712218800D-04 -3.43272194233337000D-04
 7 32 -1.01226824931077600D-04  5.23771787332644100D-05 -4.21192433011166400D-04 -4.81513706889023600D-05  4.69343803700088500D-04
 7 33  5.09181404206747100D-04 -8.49402020983297500D-05 -1.22330143636151500D-04
 8  1  2.15508902038134600D-03 -1.27434889873944800D-01  5.72265529032741400D-03  3.84433732784841700D-02  1.31971857505680300D-02
 8  2  1.03561601963407900D-01 -9.67225584394223500D-02 -2.13341229375699800D-02 -2.79592709009033800D-03 -1.29240171088734700D-02
 8  3 -2.01682127295894800D-03 -5.71370341269394300D-03  2.10137425717089300D-03 -6.06025429776284800D-03  1.50277813564277800D-03
 8  4  4.55747616212005100D-03 -6.60274236287410400D-04 -5.04692325753571200D-04 -1.17952945184536600D-02  2.56041702428678700D-03
 8  5 -4.32952020292901200D-03  1.76910317864215300D-03  1.58456710768359600D-03  2.41353199031757500D-02  2.01273742010098100D-02
 8  6 -5.89390643450628100D-03  2.62676672289507100D-01  3.63846865310728200D-01 -4.20973343359353600D-01  6.75820432080602400D-02
 8  7  1.35986181452761800D-01  1.09999822206320100D-03 -8.07781899696103400D-02 -7.26050252863047800D-02 -1.38170175364008200D-01
 8  8  4.19177262462373000D-02  3.02773377564789300D-02  6.07293511271342300D-02 -2.07443138639401100D-03  6.94639446948686900D-03
 8  9 -4.87196308309304000D-03  1.28295856311404600D-03 -4.95885807719097200D-03  1.09326642425559200D-03  1.07179466857038600D-02
 8 10 -9.21978755226746800D-02  8.14799288369708700D-02 -7.38424975517340500D-02  4.55867560665745400D-02  2.46133261753240100D-02
 8 11  8.75697669806170400D-03 -1.63100990611683500D-01 -1.11472644557536700D-01  4.18643590480463300D-01  1.56041164873920700D-01
 8 12  1.26916273925328100D-01  9.97985849692102400D-02 -1.81296152580719600D-01 -1.42308864540977900D-01 -6.56116947921117400D-02
 8 13  4.05252316084560200D-02 -9.87397526398742400D-03  8.17217453440915000D-02  5.96468414667176300D-04 -6.26238529321720200D-03
 8 14  5.66591687855030200D-03  3.12507766029511400D-04  1.09922446176470600D-02  8.12527681377209000D-03 -3.21783382797060600D-02
 8 15  5.46878887225709000D-02 -2.25095504428651000D-02  3.37380848132028100D-02 -6.06458960860565600D-02 -7.18822136678558000D-02
 8 16 -9.16896589893300600D-02 -5.74959392412797500D-02 -7.68979533513184300D-03 -4.54647605099271100D-03  7.20928711002993200D-03
 8 17  5.53070005212137400D-03 -1.34908481964433500D-02  4.64223335463452700D-03  1.71432353495948000D-02 -8.48442016082145800D-02
 8 18 -6.42784310151200100D-02 -4.84703956072403500D-03  9.88861295262511200D-03  1.36382244903477200D-03 -5.65142476194783500D-04
 8 19  2.62300548583292600D-02 -4.91576369556450400D-03 -5.84939854079225300D-04 -1.33378955370223700D-01 -1.85268107725390900D-02
 8 20 -1.43223236104218600D-02 -4.76062532698299900D-03 -9.37725036397837400D-03 -4.02233284274522100D-03  2.51395536659097200D-03
 8 21  4.85433411155403900D-03 -1.39639673119926300D-03  2.55066406351779300D-01  3.33535709898555400D-01 -5.05033850622880500D-03
 8 22 -6.14964424741319100D-03 -1.68332914633502200D-02 -5.90009060306255300D-04 -9.61417048565417000D-03 -5.46911209956699100D-02
 8 23 -9.88081792836156800D-03 -2.56346113691728900D-01 -4.23998460014894700D-01 -2.19812873482054300D-02 -9.72434972395444000D-03
 8 24 -1.22864322680628000D-02  4.00048534042849400D-03 -6.77012378230842600D-02 -4.04810339602429800D-02 -3.03544736617804300D-02
 8 25 -1.07112815822584200D-01 -9.43462063272091500D-02  3.22046886593108200D-02  3.22525586167233800D-03  1.00840650310691400D-02
 8 26 -7.16153625169265700D-03 -1.88915633998081500D-02 -1.15267586877069300D-02 -1.55067982026110300D-02 -3.55951396536321200D-03
 8 27  1.72122698315665200D-02 -3.25873336626386400D-04  1.92379619505556100D-03  1.33858167534594600D-03  1.56354344501030300D-03
 8 28 -5.60874739537976300D-03 -2.71648514108484400D-03 -8.04505173181828100D-04  1.78013061519194500D-04 -6.48871655148351500D-04
 8 29 -1.78780374795743800D-03 -5.13213260789925200D-03  3.47691601435145600D-03  7.27293128862167700D-03  6.42157552485155400D-03
 8 30  3.29744472495194000D-03  3.00743317123277700D-03  1.93784148371167900D-03  9.75848612147309900D-03  3.59022973081820500D-03
 8 31  4.64281534791410300D-03 -3.75040408076032000D-04  1.97779654756466400D-04  1.77260753319547100D-04 -2.11613279192475000D-04
 8 32 -2.48237932256108300D-04  3.98963528819066800D-04 -2.01481966005009900D-04  1.53088014201911400D-04  4.83939518031106100D-05
 8 33  3.41248081458276500D-04  7.19214830705961600D-04 -1.12358740894071300D-03
 9  1 -4.26728836877492800D-04  2.94180410387272800D-02 -1.92341076889176000D-01  7.32080260215081800D-02  9.65461808274862800D-02
 9  2  4.91932555099649800D-02  2.09722186937196900D-01 -2.31803311580037300D-03 -8.74362957562979100D-02  9.00303028079964400D-02
 9  3  1.15163047874189900D-02  1.74667836590321100D-02 -1.27074323670306200D-02  6.91491112153095000D-03  1.03339810577695400D-03
 9  4 -7.94830922730801000D-03 -2.45124573971615300D-03 -5.93944563333246400D-03  5.29059995265759800D-03 -1.28041366476195500D-02
 9  5  2.14961151638441600D-03  1.06545251312352500D-02  1.43328609609807800D-02  3.85840471929829000D-02  2.11375710077530700D-02
 9  6  3.36870657328293500D-04 -6.97125176096846500D-02 -2.67353473687457800D-01 -1.53632240511335000D-02  1.08130768635238800D-01
 9  7  2.59328295278718000D-01 -1.20179466356189000D-02  1.08238519274227100D-01  6.17200293042381700D-02  1.78619019274666500D-01
 9  8 -3.67516736964539300D-02  4.26570258364071500D-03 -6.42782972295033300D-02 -2.89139782566884100D-03 -1.93362313041014000D-03
 9  9  4.82502095607897400D-03 -2.12480473780377700D-03  2.12952294781376500D-03 -3.90109705935206800D-03 -1.18301429215241100D-02
 9 10 -6.13470730428293000D-02  7.31772159643536300D-02 -6.67896506389176700D-02  1.79290337547184200D-02 -6.82299871580503700D-02
 9 11 -4.41683946171219900D-03  4.80281901966882300D-02  1.55494306746475000D-01 -1.55072727998984200D-01 -3.99177938593091300D-02
 9 12  1.87605114469433000D-01 -2.63515642957124200D-01  2.01209705467658000D-02 -7.96193952755860100D-02  1.42614530897820100D-01
 9 13 -4.91719255684713700D-02 -5.58421297148342700D-02  1.19191495496549100D-02 -5.98176165516866500D-03  4.54050486007003700D-03
 9 14  1.44125679509873300D-03  2.05398941349266600D-03 -3.68542891636613000D-03 -5.37847081134752300D-03  4.75377116714137200D-02
 9 15 -3.71286931525777900D-02 -1.04090185188357400D-02  1.52376749742033200D-02  4.64106790910908800D-02  6.75556530312854300D-02
 9 16  1.29589561012247200D-01  9.63632757924778700D-02  9.01657354461338600D-03  7.88403823650557300D-03 -3.49699101139825000D-03
 9 17 -1.79146363194983200D-03 -2.24260553912106700D-04 -1.11118421854173400D-02 -1.92204807227177600D-02  1.30089452909560200D-01
 9 18  3.41555612381186100D-02  8.84649653459820000D-04 -7.74157559366178400D-03  3.18387265010884600D-03  2.98804088269985800D-03
 9 19  5.44177684527341100D-03 -1.99164075315232200D-03 -1.15380315808433700D-02 -6.73238400916068000D-02 -4.50910747193445000D-02
 9 20  9.26247798330224700D-03  1.79036256976793800D-03 -1.33360835677778900D-03  7.03700149788812900D-03  4.68428981716775000D-03
 9 21  5.82020369666619200D-03  3.34933299567464500D-03  1.72270734215276100D-01  1.92522269805082100D-01  2.50402781060384200D-02
 9 22 -1.67087421765333900D-03 -3.60736473607205800D-03 -6.73830035065939300D-04 -2.36236012040709500D-03 -1.99106960106636100D-02
 9 23  6.97636891406457800D-03 -6.52777122527176000D-02 -1.69731757564690900D-01 -6.29032918265052100D-02 -3.30364880129361400D-03
 9 24  2.55996978906638600D-03 -6.72338160547610100D-03 -1.52353873151056300D-02 -4.55733580215180700D-02  3.36899040988498700D-02
 9 25  2.88123097465364700D-01  4.21178128356170200D-01  4.07995843184353100D-02  2.25881273527072700D-04 -6.44024857896227100D-03
 9 26  9.12280609965374800D-03  9.17760341485583700D-03 -4.34305738924111600D-02  6.93570565857872800D-02 -4.72851144516296100D-02
 9 27 -6.06400232794306100D-03  1.07274043261345300D-02 -9.01209770654104700D-04  1.02290792179130800D-03 -4.79838245766552600D-03
 9 28 -1.10740121317728400D-02  8.95088676845814600D-04  2.54456132029195800D-03  2.92211596729634600D-04  1.35688678935956900D-02
 9 29  2.05098184674994500D-02  2.61648717789374500D-02  5.62140591926323400D-02  3.33340326425429400D-03 -2.03366792339148400D-02
 9 30  3.08185923285044400D-02  1.30624153803107800D-03 -1.17940012643568100D-02 -1.93256768182149100D-03  6.48661082250582400D-03
 9 31 -1.09022456909530000D-04 -1.38353948963256100D-03  8.97687531943818900D-04  4.85851957688795400D-04 -3.64374166306741100D-05
 9 32  7.60856296426988400D-04  2.32091401049099600D-06 -4.40198209173403800D-04 -8.48958096425660000D-05  5.25094018815966000D-04
 9 33  4.70810207377137100D-04 -3.55952654817817700D-04 -1.83917774315589500D-04
10  1  6.06021599349851300D-04 -1.73529409953076800D-02  6.07062760671447700D-02  8.17817132014141100D-03 -6.81222509844991400D-02
10  2  1.31902653343935100D-01 -3.10914913371469200D-02 -1.40086295978771300D-02 -3.12616392458822400D-02 -3.49551204827365600D-02
10  3 -2.71237355390079700D-03 -1.59973878986478200D-02 -6.87023005521882200D-03 -4.50289636527820800D-03  3.08638016847902600D-03
10  4  1.41651619679912100D-03 -3.50790250035985800D-03 -1.29159887550781400D-03 -4.09690052281113700D-03  1.41812644108135000D-02
10  5 -1.14910031828501700D-02 -2.69026122796368800D-03  1.13440001711038500D-02  1.49961740539107800D-02  6.01867142043392400D-03
10  6  1.34531713439424000D-04  3.96146653088738200D-02  2.77295404675200100D-02 -1.55609114670877400D-01 -3.49865886526496200D-02
10  7  5.33561185305992300D-02  1.54379909351252600D-01 -7.50953763220324200D-02 -1.44920399625832500D-02  2.87089259071533000D-02
10  8  1.34114423925377800D-02  4.89615995714049100D-03  6.70152461336025500D-02  4.57938274058642500D-03  1.20124264351016700D-03
10  9 -5.78062538409637500D-03  9.28303704512891400D-03  2.73508217490617700D-03 -3.06360821122259900D-03  4.69253315143729700D-03
10 10 -4.41269897864897000D-02  3.94344566350525600D-02  7.92182594025085700D-03  3.18381546301546600D-02  3.78437481645460700D-02
10 11  1.71138177797670100D-03  2.22104462925185100D-02 -2.12757953610080300D-01  6.51415891601321400D-02 -1.94258166984851600D-01
10 12 -9.10341041374215400D-02  4.87926886212272600D-02 -5.53124751078615500D-02  1.00986508922679200D-01 -6.90141829394063400D-02
10 13  2.81950488500232500D-02  5.29274831155173800D-02 -1.44818424413586100D-02 -7.47305365863989500D-03  6.69199906674765700D-03
10 14  7.81054591892146500D-04  1.15805723735116100D-02 -1.83043067119055500D-03  1.74115500604503500D-03 -2.40585334378982700D-02
10 15 -8.86801506419461300D-03  3.29265485020928900D-02 -3.03255680691948000D-02  2.43885362350044200D-02 -6.95747033316555400D-03
10 16  4.35201685363922900D-02  7.62163126321616500D-02 -2.49077552829407800D-03 -9.44482258874719300D-04  3.62110443353277300D-03
10 17 -3.05913045711330500D-03  3.61610882874716200D-03 -5.28465497059752300D-03 -1.39236164998868100D-02 -8.22417882092426300D-02
10 18 -6.51262629222014000D-02 -5.90032964829963600D-03  3.99212038199683000D-03  3.56511725847564600D-03  8.52368104473191600D-04
10 19  1.32149403877839300D-02 -5.06273505131247600D-03 -3.19895671277929800D-03 -8.12630092104612700D-02 -1.13127583809697300D-01
10 20 -1.33576394322794300D-02 -5.21910973221089700D-03 -2.62264483768056200D-03 -1.78803143502021500D-03 -6.17748324176790900D-03
10 21 -3.47617506148035400D-02  3.18480229484774400D-03  6.15974560880524700D-02  1.52181615514605400D-01  2.90123512661827000D-03
10 22 -3.18402285866036400D-03 -1.41907113037885700D-03  2.37159457230449800D-03 -1.99589393996577800D-02 -2.63353723412812400D-02
10 23 -3.18917490891593800D-02  1.80968924253603400D-01  3.37768678169487100D-01  6.05679508980921000D-02  1.54586042106166600D-03
10 24  6.97447032397592500D-03  1.58878652640580300D-03  5.01835741506550200D-02  4.70133368088121900D-02  1.35235733483843800D-02
10 25 -5.57736117652166500D-02 -1.85335184934320200D-01 -2.95621454499747000D-02 -4.90441614835971900D-03 -7.58660735101298400D-04
10 26 -8.80798172941277200D-04  1.57917835121626500D-02  3.68377584506600800D-02 -3.68743103754140800D-02 -3.00749172504834400D-01
10 27 -3.60423136826304700D-02  3.42100039733273100D-03 -2.71703464291506000D-02 -2.25276595388278100D-03 -9.83649344454938200D-04
10 28  1.02328440135376900D-02  8.24538395448260600D-03  9.08667471046466900D-03  4.89879585452501100D-04  9.21099246379885500D-02
10 29  1.44558372842578600D-01  5.81711170540770100D-02  4.06750622903863300D-01 -6.21686587929297700D-02 -6.51360950889057500D-02
10 30  2.12829300632878900D-01 -3.42451096929598700D-02 -3.60423876468998400D-02  3.12210245355046600D-02 -2.57523283947446400D-03
10 31 -3.75928995964106500D-04 -9.21122025818175600D-03  4.73027600849979700D-03  4.48094424968214400D-03  2.28126109123783600D-03
10 32  2.38805376024351200D-03 -3.96471150109853100D-04  6.38293848061027600D-03 -3.57149503023317900D-03 -2.81144345037706500D-03
10 33 -1.68805865873162400D-03 -1.29819290964164300D-03  4.93629778981088600D-04
11  1 -1.95162658823065900D-04 -1.87178036599850700D-02  1.06808698376098600D-01 -1.41693144153514900D-01  1.38376792938494600D-01
11  2  2.02108287236211000D-01 -8.64369551255950600D-02 -2.70731104845586900D-02  8.73369656029143500D-04 -1.06473247556015100D-01
11  3 -1.05848150707301200D-02 -1.65733313126654400D-02  2.65446890563506500D-02  1.33079763785623600D-04 -1.08456182916616800D-03
11  4  9.51482065380430300D-04 -1.58581557615870700D-03 -2.24558204887033600D-03 -1.08408867569131100D-02 -2.04299357363386700D-02
11  5 -3.74372538172721700D-03  2.41736611180659600D-02  9.58561300809635500D-03 -3.11904319199368900D-03  2.97695225535036600D-02
11  6 -5.70001032887693300D-04  1.73336730404338200D-03 -7.38631056927229200D-02  1.25964367046161900D-01  1.84759794206983700D-01
11  7  2.93231037416967300D-02  2.46785504175027200D-01  2.93052556343591500D-02  2.20846676332369600D-02  2.13064126238108900D-03
11  8 -1.63711503886192600D-02 -1.16156434234372100D-01  7.60379541499948700D-02  9.12716906548346000D-04  5.60524306398002500D-03
11  9 -6.51795997052828400D-03  2.46313274103830300D-03 -7.20437809319836800D-04  3.43682051264994600D-03  2.93554166135718700D-02
11 10 -9.03205348003352900D-02  6.09651181867632500D-02 -6.47267868174065300D-03  4.98224094841461700D-02  5.06299779424048200D-02
11 11 -1.86815328643223000D-03 -3.23387551377319100D-02 -3.38085421894377500D-01 -1.20567226318300900D-01 -2.01962738522984700D-01
11 12 -2.32729033700361300D-01 -1.10884546764304000D-01  1.95623624187750600D-02  9.81818661372940500D-03 -9.12762796112742300D-02
11 13  2.29220311155173600D-02  8.65324014039912200D-02 -6.16944702272078000D-02  3.19677564831711500D-03  7.80142306657130500D-03
11 14 -1.09981987148883300D-02  4.93660780049525200D-03 -8.49026325301238000D-03 -9.84285931335936200D-04 -1.12002761346003000D-02
11 15 -3.86466621666378400D-02  4.98469383012380000D-02 -5.58983757405141700D-02  4.07967235642637100D-02 -6.11326125028385000D-03
11 16 -4.35894068237868900D-02 -2.88631708273174400D-02 -1.94605640420312600D-02  3.31941535365604400D-03  8.08004332646913300D-03
11 17 -1.91579099767610300D-04 -5.83046511931677000D-03  2.51440287814495600D-03 -1.31496246209200200D-03  6.02921191789104700D-02
11 18  1.04518804812970100D-01 -2.66307140003456200D-03  1.18770425068497900D-03  7.22367964500464400D-03 -2.67217178490131100D-03
11 19 -2.17489513863736400D-02 -2.14680830173330300D-03  3.14551336428421000D-03 -1.98854373664277800D-01 -1.83510835385101100D-01
11 20 -2.24958753954585600D-02 -2.77438761279712100D-03 -9.39485139072958200D-03 -3.90109199519895600D-03 -1.24300546153021800D-02
11 21 -3.98903060115481900D-02  1.66187406690863100D-02  9.70274996501988700D-02  1.67714550503273700D-01  7.51996170674987800D-02
11 22  1.77728410249408400D-03 -2.90554713663471900D-03  4.75997108372511000D-03 -3.00618143862319400D-02 -1.01885182786463200D-02
11 23 -3.22953178158506100D-02  2.37040049347886100D-01  4.41402152174099100D-01  8.32474148468908800D-02  3.11661869259034600D-03
11 24  4.50029080893306100D-03 -4.46721465719603400D-03  5.61142368405939200D-02  5.16106522272928600D-02  1.45480417063874000D-02
11 25 -5.23674177842740500D-02 -1.15832871486337500D-01 -6.49427516796283700D-02 -5.21281487969983800D-03 -4.89539531994878400D-03
11 26 -4.34302053980769000D-03  2.52466954536962300D-02  3.18668605376926800D-02 -9.10449422586006800D-03  1.46376529573146600D-01
11 27 -1.36196889499691600D-02  1.40009153204744700D-02  1.99806409465420600D-02 -6.87995256410258400D-03 -4.51643877375710900D-03
11 28 -1.46297098333807900D-02 -1.18667116662950600D-02 -5.34802108649085700D-03 -9.21678041489450500D-05 -4.40272062572366500D-02
11 29 -7.04361657748905600D-02  5.73639363207588900D-03 -2.39439458153643900D-01  2.41484544590059500D-02  3.98305615314232000D-02
11 30 -1.29417653696385800D-01  1.46453586139594100D-02  2.35127039587612500D-02 -3.83421646234883700D-02  8.37382189097599100D-03
11 31  6.36218330369108900D-03  4.93693488353751700D-03 -2.54061976585229900D-03 -2.39631511768522200D-03 -6.97250528817148700D-04
11 32 -1.12870795749337700D-03  3.17395502180653200D-04 -4.54883759362861100D-03  2.09009138624126300D-03  2.45874620738730900D-03
11 33 -4.33195700255531400D-04 -9.17711672389354100D-05 -5.03527977541454200D-04
12  1  1.15650041305909700D-03 -3.78183951241106100D-03 -7.09276644106055600D-02 -1.57778252794568900D-02 -3.32285345143556200D-01
12  2  1.83101386530785300D-01  1.76377259270977800D-01  1.97076221648164200D-02 -3.91325815796807300D-02  3.64548284045894700D-02
12  3  1.85873166128157200D-02 -3.56333692910569100D-02 -1.02135751863465900D-02 -1.00374000963046900D-02  4.49420831446155800D-03
12  4  5.54319178184306400D-03 -7.93342364364099100D-03 -8.62286176665708800D-03  8.87255171074783300D-03  4.56599073011364500D-02
12  5 -1.45277982986873700D-02 -3.11321090024490200D-02  3.45501293695405400D-02  3.09491872568860100D-02 -2.25142657280313800D-02
12  6  6.83173294268596900D-04 -1.28763127406514200D-02 -8.68921801347287800D-03 -1.31774920055652500D-01 -1.13776975554154600D-01
12  7  6.07284734982478400D-02  3.11268558695035500D-02 -2.53456081066148800D-02  2.12400636440096900D-02  1.11416486909910000D-01
12  8  3.67181829560965400D-02  2.72334860843630000D-02  4.99123526300915000D-02 -1.28143814749546900D-03 -7.43836446190645700D-03
12  9  8.71980260940188200D-03  6.60970742888809000D-03 -1.27189439328387500D-02  4.29612032443628300D-03 -2.37916100854710100D-02
12 10  1.38987275094892600D-02  9.89288257598193800D-03  6.87910461701856500D-03 -4.24869014790372400D-02 -4.13696395146940700D-03
12 11 -5.05858743874133600D-04 -1.32067430448281800D-02  1.27435413601077800D-01  1.53305370137713900D-01 -1.37848351506379600D-02
12 12  8.19015566277801900D-03  3.99903663758547900D-02 -5.47568682445105600D-03  2.72346446987629900D-02  5.09934047945263400D-02
12 13  1.99845600476908800D-02  1.41175254541997800D-02  3.65936124610412400D-02 -3.04352710633644600D-03  1.61718949934891700D-04
12 14  2.88180815640162700D-03  2.44522327555173100D-04 -3.07606722288582300D-03  4.69182962112184200D-03 -1.33788020997856900D-02
12 15  1.94344718108959200D-02 -6.05566971111018100D-03  4.70301708225575000D-03  3.74172268802235600D-03  8.66864690973122300D-03
12 16  3.25819813969706200D-01  3.64347952925889500D-01  4.10763912462990700D-02 -9.95576400044002500D-04 -3.32966732360112200D-03
12 17 -1.29116480616715300D-02  3.00925595047239800D-02 -2.28112627072731400D-02 -5.03986718918918200D-02 -2.59437311549701700D-01
12 18 -2.78911201961536000D-01 -2.78885621965950100D-02  6.47795863924124700D-03  3.32663730947535200D-03  1.11073042456855000D-02
12 19  4.59865744618953900D-02 -1.20532914485088300D-02  4.95269013579514100D-03 -4.91244435970580100D-02 -7.45667213114397400D-02
12 20 -2.91419926846083900D-02 -1.19823449629928700D-02  2.95350646657329800D-03  5.61664688351824600D-03 -1.02608133307818000D-03
12 21 -1.53970179941073400D-02 -7.44815442806465500D-03 -4.23393250738654800D-04 -3.12895290985803600D-02 -2.22179606350256100D-02
12 22 -3.59089362695043800D-03  1.16826091615073900D-03  2.54956351938993900D-04  7.71954191140031100D-03  7.06831515244323700D-03
12 23  1.28768783822576700D-04 -4.42512990050187300D-03 -6.11651200238207700D-02  2.16527588640214600D-02 -1.21552121035153600D-03
12 24  9.90288674250636500D-05  2.31872144238316600D-03 -2.57523144002899200D-02 -6.11346491336073800D-03  1.19344026077211900D-03
12 25 -3.09929865597645300D-02 -1.25614149360150900D-02  6.96678475855912500D-03 -3.04793012136385100D-04  1.27189945753900200D-03
12 26 -1.54078851144225600D-03  7.31225990471968800D-04 -9.76618796624354100D-03 -6.51959463351877000D-03  1.08862964769412100D-01
12 27  4.26580030664774900D-02  6.96793854457912300D-03  1.63531306794120400D-02 -2.91987123943534100D-03 -5.63230434619608200D-03
12 28 -1.59249891148301500D-02  4.79902344402637200D-03  1.09963265971231600D-02  8.11507567149292600D-04 -2.34879688582273000D-02
12 29 -4.62270205265893900D-02 -7.12207905813149800D-03 -2.08047273020113200D-01  1.19172897673187400D-02 -1.97394700126570100D-02
12 30 -1.14103020723171300D-01  5.07424998851201000D-03 -1.60345285683056100D-02 -2.75905630227759000D-02  2.36861671544659500D-03
12 31 -2.99903632241398900D-03  4.18817249134665000D-03 -1.73089528459130400D-03 -2.45727720675518800D-03 -6.06988706162300300D-04
12 32 -3.07838409735538400D-04 -1.48127441189399400D-04 -2.32433236448666100D-03  5.80649927398202600D-04  1.74368243708847200D-03
12 33  7.09421037680881000D-04  1.65711775392271600D-03  1.23454845660744800D-04
13  1 -2.14433089876960800D-03  1.31305715236092800D-02  2.15321023780363900D-01  5.67794942795758200D-02 -2.31729755867308800D-01
13  2 -1.66072046317901800D-01 -2.58632146440048900D-01  1.20588912157074900D-02  1.51854934381664800D-01 -1.36719770727492900D-01
13  3  1.49456416871079000D-02  4.41810787000042300D-02 -4.97527008195659200D-04 -1.36046088139390600D-02  1.90575514954619400D-02
13  4 -5.45294268152290200D-03  1.20560516962026700D-02 -2.36712374941235600D-03 -8.57905693603908600D-03  3.09188083833024700D-02
13  5 -5.25243634131182400D-02  2.16055550298156700D-02 -5.67539073307168900D-02 -3.23127246004794400D-02 -3.73066448700196500D-02
13  6  4.72778570976756500D-04  5.32835703307198300D-03 -9.92520830746055200D-02 -4.41593561252949900D-03  1.26394983984860700D-01
13  7  5.61396597294942000D-02  2.14308434932188400D-01 -9.55654805857375600D-02 -3.75999319596140200D-02 -1.64602200390679800D-01
13  8 -1.65368132063868800D-02  1.82376195073995900D-02 -5.26637205175241500D-02 -6.54450630010455200D-03  1.60922073390002100D-02
13  9 -9.54770103889542000D-03  2.81989075835436000D-03 -1.33172875831658900D-02 -1.64826801983885700D-02  2.30031232456430800D-02
13 10 -1.28216912998725400D-02 -1.01814319457704900D-02  4.28437221179983100D-02  3.73189358094945500D-02  9.14588776002332000D-02
13 11  1.51054661828766600D-03 -4.79325721515206200D-02 -3.21259535154629600D-01 -1.15756715498273300D-01 -1.08935775681609100D-01
13 12  5.01238450120266900D-02 -2.41050383639579500D-01 -1.15060430511121600D-01 -1.58729590918586900D-02 -1.45376148142128400D-01
13 13 -4.43354463233933100D-02 -2.70293846057438900D-02 -3.25209055723980000D-03 -6.25181771171572600D-03  3.83016788852368800D-03
13 14  2.42164982319193700D-03  1.18200010676320900D-03 -4.91354742171368000D-03 -6.21822333182569700D-03  1.52908714548810800D-02
13 15  8.41645011647006700D-03 -2.37073215713509300D-02  1.08159847256179800D-02  6.34616344162157300D-03  2.66011836005950800D-02
13 16 -1.49572249985460100D-01 -1.80955411562658000D-01 -1.23825150285479300D-02 -1.17815614574635100D-02 -1.92613597204335100D-03
13 17 -1.23977973760363800D-04 -1.67717696123422700D-03  2.44944161393574800D-02  2.94238432547600800D-02 -2.43408686081367300D-01
13 18 -2.63379783401984100D-01 -1.84871900443536000D-02  7.98880138614713900D-03 -8.20027007147156600D-03 -2.35854407810519300D-03
13 19  4.70279125435643900D-02  2.82983461917775700D-03  2.57303631269730700D-02  2.70881196228352100D-01  4.77986746196566900D-01
13 20  5.05663204726041600D-02 -2.21119827085724800D-03  9.10418534712287800D-03 -8.08603006748240300D-03  3.31758847885912000D-02
13 21  8.99386454740455500D-02 -7.42463512744161700D-03  1.06702699235263700D-01  1.85085340203703500D-01 -4.21754748587092300D-03
13 22  7.53439600572758700D-04 -4.47260369964173800D-03  6.90429817825213100D-03 -2.84880413227109000D-02 -4.85680694787019300D-02
13 23 -1.74902561678847900D-02 -1.75729303495671800D-02 -7.05122264193342600D-02 -3.92861164955204600D-02 -5.22815003205010900D-03
13 24 -4.24743637000369100D-05 -6.33295005392186600D-03 -4.09037571362718200D-03 -1.62916555839913500D-02  1.60618222638053800D-02
13 25  1.80344641294610700D-01  1.92788798549291600D-01  1.89189865031012300D-02 -2.18807121462494100D-03 -5.77089003397861400D-03
13 26  3.10602407002088300D-03  1.23600867346768700D-02 -1.87706015079708400D-02  2.51545329574043800D-02  8.74809153475911100D-03
13 27 -2.49504524503143900D-02  2.19506873169071300D-02  6.55781406916225800D-03 -3.50810662083322100D-03 -6.68218012379353300D-03
13 28 -1.30471387821421100D-03 -4.69624158183918000D-03 -2.18322011312873400D-02  2.11081318333333400D-04 -3.22540873137691400D-03
13 29 -7.29892200502520800D-03  1.95661765277255700D-02 -4.12065071046713600D-02  5.49277244110091800D-04 -1.40577605053023600D-02
13 30 -2.33442688011972000D-02  6.53363229791993400D-04 -4.74682135807535600D-03 -1.22952363906809500D-02  3.06309379780767300D-03
13 31  9.82957881473161600D-03  6.44437880870335200D-04 -2.16155625222454100D-04 -4.28282255647627800D-04 -4.17703493780719000D-05
13 32  5.00335498772625900D-04 -5.46167800152366300D-05 -2.26745512757320600D-03  6.89824035224839400D-04  1.57763109234836500D-03
13 33  1.91864364998309300D-04 -1.99955946522335600D-03  1.28734198206262300D-05
14  1 -1.03390288721330900D-03  3.91098318009979900D-02  1.85245589464095000D-01 -6.95237893304589400D-02  9.89687569965878700D-03
14  2  2.64833202115899400D-01 -1.78700255440272500D-01 -3.45014804571781700D-02  6.44107339420243700D-02 -1.77722309021934100D-01
14  3  5.85659640686355900D-03 -3.32618990888618200D-02  7.56232579160565600D-03 -2.34357901317879500D-03 -1.26081544683315800D-02
14  4  1.49517334815103500D-02 -8.58602809251961900D-03  1.89972784545247000D-03 -3.90801296419405200D-03 -6.93913471343375000D-03
14  5  1.61460767305644300D-02 -9.20694201712999300D-03  1.13726707299415900D-02  2.07487948485057400D-02 -1.06872151291018400D-02
14  6  2.50529464566517100D-03  1.87513280204788100D-02  6.23643345813894300D-02  2.44266775402292000D-01 -4.52365301552931800D-02
14  7 -3.08130793051251200D-01  1.54229289352030600D-01  8.76530312545241400D-02  8.36617259508225100D-02  7.08587627780904000D-02
14  8  1.83288263747341900D-02  4.75636486631897500D-02 -1.06945257884417600D-02 -7.82021045553575800D-03 -1.92329163950914000D-02
14  9  2.70531268506274200D-02 -1.65779958479969200D-02  3.01711291616001700D-03 -1.23968045680434500D-02  1.76361823085851700D-03
14 10  5.79332309891638600D-02 -5.96968492200217500D-02  2.32264617113047800D-02 -7.58980663053524700D-03  3.09147769683368000D-02
14 11 -1.54722260849988000D-03  1.84505572800857300D-02  1.75783621258089100D-01 -3.93485681973425500D-02  1.06115311256798200D-01
14 12  1.63585819281936000D-01 -1.38373317498499800D-01  9.96125266159089300D-03 -7.49573338682235800D-02  1.02822045070460300D-01
14 13 -4.07710348537744200D-02 -8.86281999932538700D-02  3.66067616144460100D-02 -9.15816055209365100D-03 -1.10487126879079800D-02
14 14  2.02068732400012900D-02 -1.92409517354265600D-02  2.86472500560061400D-03 -1.83075230463012400D-02  3.60391795401865600D-02
14 15 -8.65473642193706800D-03 -2.73844431182492300D-02  4.52312650182517300D-02  5.01858692330508000D-03  4.77815968925848100D-02
14 16  1.16824011723339800D-02  1.42168854855086400D-01  2.30925823860269200D-02  4.60033904165575600D-04  9.20617606743547900D-03
14 17 -4.78220760903815300D-03  1.78349203346187300D-02 -1.65650821346012700D-02 -3.10947476620836400D-02 -3.46250394378694000D-02
14 18  2.32288518139868400D-02 -4.37564788693997400D-03  3.83266499120061100D-03  8.67020205457989500D-03 -4.69937639671634100D-03
14 19 -7.71532869181346100D-03  4.45077554097850600D-03 -1.02145856700417700D-02 -1.98749160715358300D-01 -2.43944332387158700D-01
14 20 -2.69994277438146100D-02 -3.65691314167566900D-03 -3.22864249570372000D-03 -4.46849233362675400D-03 -1.73481743180522800D-02
14 21 -4.61425960075171500D-02 -2.33855758706254000D-03 -2.82473777778188800D-01 -5.21965548825540900D-01 -5.09464517211880900D-02
14 22  5.64462706043597300D-03  5.31497986801103400D-03  3.81619302133845500D-03  4.84271971781632000D-02  9.94801944529948400D-02
14 23 -3.66700601839805200D-03 -1.88920518991103300D-01 -4.11124209265513000D-01 -7.98963502717118200D-02 -2.33233867306741100D-03
14 24 -1.09983093817420800D-03 -6.68894560586042600D-03 -4.47223467988197800D-02 -6.49674223068846800D-02  1.47557149081249700D-02
14 25  2.19923882089688600D-01  4.33578040277643200D-01  8.09260969958946100D-02  4.11671704309549300D-03 -6.55848237146376800D-04
14 26  4.69368831666881200D-03 -6.03087004590465700D-04 -5.15384433618445600D-02  8.14633095727847100D-02 -1.90858707639481000D-02
14 27  1.42104054393690400D-02 -5.56993002270476000D-03 -5.45098415973912100D-03  3.87769864867324600D-03  8.29843985584497100D-04
14 28 -1.43736345016698100D-03  4.49201961736155200D-03  1.02000697036939400D-02  5.51061729897591100D-05  4.58354630897062700D-03
14 29  6.92322332946035400D-03 -8.97940446448858600D-03  6.16446024738385200D-02  3.54329642034366000D-03 -1.23513064639007300D-02
14 30  3.75234363895508800D-02  1.71234740285432300D-03 -8.93531078071570900D-03  1.19513308079684000D-02 -1.81853840646146100D-03
14 31 -8.65214809634240100D-03 -8.75911449838655300D-04  4.28541229538836200D-04  4.47370220300088700D-04 -1.10592435998357700D-04
14 32  1.86578094757291100D-04 -1.28793717714647700D-04  2.10098091036472700D-04 -2.83347781748272800D-04  7.32496907117974800D-05
14 33  4.42727567932246800D-04  4.93135321440980200D-04  3.46910988806549400D-04
15  1  2.11657257199984700D-04 -4.22683424162677500D-03 -1.07506916269489800D-02  3.04179684653670500D-03 -5.03155596028972300D-02
15  2  1.09763308754031500D-02  2.18255652723060500D-02  6.45858420059364600D-04 -1.45376349189731000D-04 -3.05062293773921200D-03
15  3  4.58072617586507900D-03 -2.97165387215015200D-03  1.32305944372489200D-03 -2.05245170397264300D-03  5.27197858624015800D-04
15  4  1.52525384534845400D-03  6.99367502657768800D-04 -3.20697440216361700D-03  1.53398551194490100D-03  5.00105727044030700D-03
15  5 -6.10003871695307800D-03  1.09898144651262500D-03  3.93240087904941000D-03 -8.45388841560147900D-04 -3.49950929867006300D-03
15  6 -1.22666930746737800D-03 -1.48660811449522600D-02 -1.72952006965891600D-02 -8.99018002614333100D-02  4.23466988993594800D-02
15  7 -1.25832748716303000D-02 -1.18411803620278400D-02  2.38693112640142800D-02 -1.68250604236037600D-02 -2.12445771636573900D-02
15  8  6.34257282721094000D-03  1.43670095075319300D-02  1.62647693469719900D-02 -7.08770041310236000D-05 -5.79078325999930500D-04
15  9  6.49955330131193100D-04  9.42976469356162700D-05 -5.92875118998063700D-03  3.23371780504931500D-03  3.34424791985266600D-03
15 10 -6.55694323042669200D-03  3.21269531057374800D-03  2.41272870336579900D-03 -1.03038920262896000D-02  4.27852965403872000D-03
15 11  5.99478501175710700D-04 -2.45285021800989800D-03 -2.07263399534393300D-02  5.98528362024381100D-02  5.43087186486232400D-03
15 12 -3.51758377247804000D-02 -2.23684617589837400D-02  3.70673819886022200D-03 -8.47371044415934000D-04 -1.92921088150193700D-02
15 13  9.13899562666831000D-03  1.94675526622427200D-03  1.15304604843513700D-02  2.86359629590736000D-03 -2.58358830635351300D-04
15 14 -2.60523746527229600D-03  9.47374822798596000D-04 -3.70293939866864500D-04 -9.46117747007857800D-04 -4.75671461379424300D-03
15 15  3.55291728630229500D-03  1.20379732749197700D-03 -2.80827438627868000D-03  1.44823691020523000D-03  4.36785863090319200D-04
15 16  4.33506724323319600D-02  5.30397561396463600D-02  5.46780050552333900D-03 -4.76782309698015900D-04 -7.48405607421707000D-04
15 17 -1.58065277586512800D-03  3.90332334062935300D-03 -1.29220841847871200D-03 -8.79759291002338600D-03 -4.46593069825467200D-02
15 18 -3.57722908690182900D-02 -1.15513725683493100D-02  1.13953513673748600D-03 -8.89257633349178100D-05  1.58116559090709700D-03
15 19  4.15694857153660300D-03 -1.42675514525106700D-03 -4.48007714602448800D-04  4.87757954065800500D-03  1.18816249040062000D-02
15 20  2.65187625849220600D-04 -1.69210931865204400D-03  5.41093325195593300D-04  7.61452456022903400D-04  6.74616714396141900D-04
15 21  1.18676215826485200D-03 -8.52733030026791000D-04 -2.26425652009023300D-03  2.57332302109728000D-02 -6.84017456341081200D-03
15 22  1.22103983985806100D-03  1.50043589794051800D-04 -1.74287771747664300D-04 -4.37009207010570800D-03 -4.03401832804598800D-03
15 23  1.67871225404696800D-03  1.86017598889488200D-02  3.54508906729799400D-02  2.51012247539951400D-03  6.80682710590364800D-04
15 24 -4.43395269541617200D-04 -5.89033828930646800D-04  5.32534979957496700D-03  6.33612767124551200D-03  1.36276690242449100D-03
15 25 -6.24477878618778400D-03 -2.30739568180891000D-02  3.53373760860135500D-04  3.11606262579827900D-04 -1.01424247490032500D-03
15 26 -9.54077164356879700D-04  1.88067561352702100D-03  2.95270282598679900D-03 -5.44859806094446200D-03 -5.92205637540674900D-03
15 27 -1.73880524919329800D-02  1.70600690468633400D-02  4.09999408577393500D-04  1.57171508236737000D-02  1.14620529585956500D-02
15 28 -1.97948466695023300D-03  2.21816022019124400D-02  1.45586204969914100D-02 -4.22580128125007700D-04 -6.69258708793327000D-04
15 29  2.64399487321954500D-03  1.86506510529097600D-02  1.35452951317395000D-01  5.18328177434206300D-01  3.71597324950243600D-01
15 30  8.49439328562732700D-02  3.33308500476353000D-01  2.39291313150142800D-01  1.33946401521041300D-02  8.09688808114268800D-02
15 31  6.12253818896907700D-02 -1.91711851914409200D-03  1.06143292757968800D-03  8.55685591564224700D-04 -4.29343144512325000D-03
15 32 -2.97483318164821000D-03  9.23516959986362500D-04 -4.36292771172438300D-03  2.09259929659154500D-03  2.27032841513283700D-03
15 33 -1.05120177458790900D-02 -7.59606356074475300D-03  3.15556994575181900D-03
16  1 -2.48521459339196900D-04  5.61924897703862000D-03  4.43137836753884400D-02 -2.66239225855666600D-03  2.68954292838396600D-02
16  2 -1.00278500480129200D-02 -1.43202050435936300D-02  1.36199785044574100D-02  7.15928347703246300D-03 -1.73041418509857800D-02
16  3  4.69086383580557100D-03 -3.77858968246367600D-03 -1.13244611625332800D-02  7.23491309146050100D-04 -8.94815469532683300D-04
16  4  1.71324160386633200D-04  4.01080749295689900D-04  9.67660359356764600D-04 -1.00738567015362200D-03 -3.60375967297282100D-03
16  5  4.55067346937411800D-03 -9.46913796401343500D-04 -5.45528313560015500D-04  4.13481033540733000D-03 -3.06599798260134800D-03
16  6  4.98571704198912900D-04  5.99478966341583700D-03  2.66100627438984900D-02  7.37027438790232600D-03 -6.55703120989499000D-04
16  7 -7.58732239456789800D-03  1.87033474123811800D-03 -2.30187806214827600D-02  6.51751360805391700D-04 -3.84351345811751800D-02
16  8 -2.77051060867677700D-04 -3.17344911795420800D-03  3.71572472304099100D-03 -2.30331675050307900D-04  2.95170202800185400D-04
16  9 -6.48385277501376800D-05  1.51337183626549500D-03  1.52580733927413600D-03 -6.18430361591441400D-04  8.64670982612372700D-03
16 10 -7.82481533655606000D-03 -8.21894489567688900D-04  4.72512013482874300D-03  8.92657878430434500D-03  9.24581811124616800D-03
16 11  2.70398873518595400D-04 -2.30748384620426300D-03 -4.76137536028655500D-02  8.70572337002146300D-04  4.27097303608702600D-03
16 12 -1.95168668975338800D-02  1.40857357646827200D-02 -9.10230450811058200D-03 -6.74800779706102600D-03 -2.77471956653223900D-02
16 13  4.51546182680999900D-04  1.14452429180271700D-03 -2.79976965848863700D-03  9.96406548378526200D-04 -8.00776446345992100D-04
16 14 -1.95630102032648000D-04  5.12417522972093000D-04 -1.04327309453858000D-03  7.30889024105833100D-04 -5.52513601684907100D-04
16 15  3.54340126257953800D-03 -2.99088766089457100D-03 -1.84069924861545300D-03 -6.20046549277180400D-03 -1.14342170356138400D-02
16 16 -2.44816832719862600D-02 -5.85306239391078400D-03  7.75364417319882600D-03 -1.04039410628654800D-04  4.67475195341907900D-04
16 17  9.32323103739378600D-04 -4.33126538913774900D-04 -3.40051810217675100D-03  2.78997177346661300D-03  2.38033238061545100D-02
16 18 -9.96140943883608000D-03  2.04389919064542200D-03 -8.01413861539087500D-04 -8.24163680781779100D-05 -1.09124341943905100D-03
16 19  7.55138039790637200D-03 -6.81616183500298200D-04  4.41113406678508900D-03  2.50075077608034100D-03  5.45445627389722800D-03
16 20 -2.95200865577782600D-04  1.00848362098327700D-03  2.63282571370845500D-04 -3.67442326778085300D-04  2.11500916570424600D-03
16 21  3.37784340305180300D-03 -4.78092363738557300D-04 -1.49086058177283900D-03  5.94699280950603600D-03 -9.55521044060537900D-04
16 22  9.96851029280348200D-05  3.24455269779205500D-04  6.47090001946105800D-05 -3.57003431735065900D-03 -7.90782069862084700D-04
16 23 -3.66224021168182700D-03  9.87896219528795600D-03  1.16377293059841200D-02  6.87788859392162600D-04  7.05878145260553000D-04
16 24 -5.68595141191398400D-06  2.34440216468748500D-04  3.06221859538133000D-03  3.04184030811329700D-03 -5.67327533293208600D-03
16 25 -2.22255734105763700D-02 -4.33923954712534000D-02 -7.87208740876514200D-04  2.35187225917886100D-04  4.92564310009167200D-05
16 26 -7.24510637969773900D-04 -1.52156866791268700D-03  4.44362781094848100D-03 -7.57656420991173000D-03 -5.57720158919030200D-04
16 27  1.50959607666704900D-03 -8.57551403512968800D-03 -8.93617256853202400D-04  1.08735895288802800D-02 -1.48725028075936000D-02
16 28 -2.71867595633595900D-03  1.91731971104253000D-02 -2.15791111312626100D-02  9.91339087628548600D-05  7.70237660058897500D-04
16 29  8.37618615657105400D-04 -8.26692682449821700D-04 -1.91263016063508500D-02  3.90469785336428100D-01 -5.32059292317434400D-01
16 30 -1.21373685001379700D-02  2.50676331359846200D-01 -3.42519392389314300D-01 -2.72200859483920100D-03  5.80373386860409100D-02
16 31 -8.26385128930458600D-02  3.12520099864182900D-04  6.23942136093651700D-04 -9.36462235957940200D-04 -3.36582390648211300D-03
16 32  4.44693837193824700D-03 -4.01093692047215900D-05  1.00854094842452600D-03  2.29721518286266300D-03 -3.30575613128719600D-03
16 33 -7.96492906342596100D-03  1.12054988803886300D-02 -1.77973134981721700D-04
17  1  1.91089553477562100D-04 -1.08472606741147400D-02  1.07427307658228500D-02 -3.62610655615943900D-02 -9.69798696544492100D-02
17  2  3.16653474895137100D-02  6.91093299135345600D-02  2.95537774827977500D-02 -4.32561193126366200D-03 -1.62198757712761100D-02
17  3  6.42984331257355700D-03 -1.43836128057359000D-02  8.05774512617949400D-05 -8.78460063810979400D-03 -2.42686714691635300D-03
17  4  1.12114677850260200D-02  6.50239655223108300D-03 -1.72318017983862400D-02  6.63055592330260200D-03  1.78334937671239800D-02
17  5 -1.45541733802092100D-02 -3.27932038691518400D-03  1.61249646069636800D-02  3.40235621469163200D-03 -1.79300740266755200D-02
17  6 -1.70067962187409700D-03  5.01722660243034600D-03  6.01929219428973400D-02 -1.03676686380599900D-01  3.03456800018769100D-01
17  7 -9.20008691775398800D-02 -1.30839900800767500D-01  1.02228220497929800D-01 -1.02466036179051400D-01 -1.46011625817667800D-01
17  8  4.09454161777670300D-02 -1.05699055299900000D-02  3.31445549260593700D-02 -1.75614509361676600D-02  6.56500243349896500D-03
17  9  1.09964485026687800D-02  8.48692171416976800D-03 -1.18106022304494700D-02  1.60254341797134400D-02 -1.57795384889741600D-03
17 10 -1.14682880773169700D-02  1.30462419262142000D-02  1.73859000088853600D-02  6.52643826044154100D-03  4.24818401787313600D-02
17 11 -8.43095628436648300D-04  1.23514115494214500D-03 -8.06559263381585200D-02  1.13545329029617700D-01  2.56131576107441600D-01
17 12 -2.60277043071307500D-01 -1.71535302929176500D-01  1.45820977015235400D-01 -1.40244277231100400D-01 -1.80047960729124000D-01
17 13  5.13975585308217000D-02 -6.48751068851993000D-03 -1.28213283459477500D-05  1.71760591259589500D-02 -4.50871896629510600D-04
17 14 -1.67251872293293300D-02 -1.71338290247741400D-03  3.04364111623898600D-03 -2.94513145622172100D-03  1.91709147704962100D-03
17 15  1.62226736517571800D-02 -1.81397651288068200D-02 -7.22304190651349500D-03 -7.59980653815182100D-03  2.72880081785468900D-04
17 16  1.29031440338970000D-01  2.07151533829016200D-01  2.99140219621812400D-02 -6.73283301596439400D-04 -7.99718448823781600D-04
17 17 -2.03474698350195800D-03  1.80796923598441000D-02 -1.15216046313450600D-02 -2.43680530172996900D-02 -1.10999070271808600D-01
17 18 -1.65242690653207600D-01 -2.42401092703628300D-02  6.68237754594690000D-04  1.98365765844933500D-04  3.96793751870399000D-03
17 19  2.65086314152235800D-02 -6.72414813888990800D-03  6.86646217141638700D-03  1.35407466068598800D-03  1.50143583078244900D-02
17 20 -1.22337117652554300D-02 -3.31847538271239300D-03  7.14762704389522500D-04  1.22190261093313500D-03  7.11354813044473000D-03
17 21 -9.60043625824616100D-04 -7.17758388078023000D-03  4.87826545581416800D-02  9.33010733025640600D-02  7.07296122391999100D-03
17 22  1.03139581234483500D-02 -4.94735314546009000D-03 -5.45154233454870000D-03 -2.19983683562774900D-04 -1.51540589509244400D-02
17 23 -1.64513872295483500D-02  2.45954757557061700D-02  3.80204036074691500D-02  3.28240394626942600D-02  1.03708138947838000D-02
17 24 -9.98231616442276500D-03 -5.53991648972462900D-03  7.24373699524338400D-03  2.85177393454659600D-03 -6.23117168936677400D-04
17 25 -3.76830222125388700D-02 -6.79623658661628500D-02 -4.20789441794910100D-04  8.93163219277681200D-03 -8.74856335541352200D-03
17 26 -6.81396254803260300D-03  9.23547192175832100D-03 -1.90852969479855400D-03 -1.71734267369720300D-02  1.60268300609808700D-02
17 27 -1.57975062316569000D-02 -2.03165043979818500D-02 -3.26584284251942100D-02  9.07633866364751500D-03  8.36770202331657000D-03
17 28 -6.11337152513288600D-03 -5.34607958805784200D-03  3.07443399584014900D-03 -1.84279459939859800D-03 -1.75690215199212700D-02
17 29 -2.24454169433190700D-02  1.87615016873956500D-02  2.17447449821235500D-01 -1.08919400157213200D-01 -8.89596257385143500D-02
17 30  1.31977854645522300D-01 -7.08550770608266500D-02 -5.89687974355516100D-02  2.99119748999158600D-02 -1.79911745983980900D-02
17 31 -1.53436464653603500D-02 -1.51249298678957300D-03  8.62434379601669400D-04  6.50058607187888300D-04  4.54667199622035000D-04
17 32  3.72258956493895200D-04  1.18096128848373200D-04  3.88438336728141300D-03 -2.17805918665951500D-03 -1.70632418062189200D-03
17 33  1.54355607924905700D-03  1.40899700959118100D-03 -1.92305597886913800D-04
18  1  3.15845852529128300D-04  6.65727688545752300D-03  3.62262841097136500D-02  1.28220325513801400D-01 -2.66451471049066200D-02
18  2 -3.47158991562664400D-04  1.74502730817866500D-02  2.18305890328874900D-02 -2.30397747165157200D-02 -3.34996675425756400D-03
18  3 -8.50392522772607400D-02  3.46307387065055900D-02  2.08535202936294800D-02 -7.97371031007294300D-03 -1.28437664963352700D-02
18  4  2.08174768064082400D-02  1.14780549969114000D-02 -2.65143614091196500D-02  6.91419652380184100D-03  1.32044279219043300D-02
18  5 -1.31340858340211000D-02 -7.03420878836601300D-05  1.76509758167821100D-02 -1.35482566816405700D-03 -7.83703290326556700D-03
18  6 -7.33267364393131700D-04  4.27653449224240900D-02  1.35627342896392400D-01  7.63417224696369300D-02  3.80787733690488700D-01
18  7 -1.85330591900237400D-01 -2.10427454021790300D-01  3.12148856421427000D-01 -1.76555364998816100D-01 -1.92955255650628800D-01
18  8  3.60460886090516000D-01 -1.79377022235338700D-01 -2.43504728179271600D-01  1.75897456375039500D-02 -9.29242540221254300D-03
18  9 -8.29732023529116700D-03 -1.97814083429794000D-03  6.52804213207225900D-03 -1.43187453766060100D-02  9.43736631617081600D-03
18 10  6.05880514664632000D-04 -1.00432468308355400D-02  1.30968387739814500D-02  6.74467621299912500D-03  9.65585729152636900D-03
18 11  3.03263440963004100D-03 -9.95569266458660700D-04 -8.05655551014994300D-02 -1.30269898958782000D-01 -2.36676144518061200D-01
18 12  1.75773263722535800D-01  1.19817067785992100D-01 -2.31051828420835900D-01  1.97780174722336900D-01  9.18781857696398400D-02
18 13 -2.98328208479362100D-01  2.00604405753297200D-01  1.29751307148468400D-01  2.41176622458026000D-02 -6.43987770877307000D-03
18 14 -1.76777845370296200D-02  9.10047291116185400D-03  1.47694204509904900D-02 -1.52894834110173900D-02  1.87897102337624400D-02
18 15 -3.35581574712797400D-03 -1.54338944866344900D-02  1.00978679727650600D-02  2.12380084834593700D-02 -3.38182147594938400D-03
18 16  1.10470154958170800D-01  1.94276054621495700D-01  1.62079756448135500D-01 -1.44417285007071600D-03 -2.06876067247551900D-03
18 17  3.30824628921679200D-03  2.38159689411824000D-03 -1.96468954350704800D-02  9.24410171016429000D-03 -9.43383135082285200D-02
18 18 -1.75318760953747200D-01 -1.24916290342351900D-01 -2.26226387027059600D-03  1.49014560636864800D-03 -1.85459999230374100D-03
18 19  5.05543618938985800D-03  2.79672028434980100D-03 -1.80822495374718100D-02 -1.45531757315923400D-02 -6.02087765399758500D-02
18 20 -4.47644827788202100D-02 -1.10070271990647100D-03  2.06179627670323000D-03  2.37584222720942300D-03 -4.35101046872388900D-03
18 21 -1.56058543756524800D-03  2.89979342640914700D-03 -4.10467203038253800D-02 -7.28716383972922200D-02 -8.13530368014996800D-02
18 22  1.74987459392450800D-02 -9.79236922767123500D-03 -1.11873400408772300D-02  3.01349859756547800D-02 -1.48776127404390900D-02
18 23 -3.20501227456203100D-02  6.17455109844737900D-02  7.36144897084932000D-02  2.80404726038951800D-02 -1.16333968118631700D-02
18 24  1.10443071282886400D-02  6.98232941242704400D-03 -3.20984758920462900D-02  1.96004901012032000D-02  2.13919719365962300D-02
18 25  1.13458944287956000D-02  2.59849906028894100D-03 -3.82391509198770600D-03 -1.11548243618372400D-02  7.54827812504294100D-03
18 26  7.76229188505594900D-03 -1.63768424056701600D-02  2.07802158857686900D-02  1.12978835833782200D-02 -1.04571381058058700D-01
18 27 -9.39827823372940800D-02 -8.81520770484833500D-02  2.29223115113265200D-02  1.03540164162716500D-03  6.45305699987220400D-03
18 28  4.69606903455414600D-02  1.78111171264986200D-02  2.51482806032001100D-02  2.14864020507996500D-03  2.31596938278009600D-02
18 29  3.42638832753015000D-02  1.38838119028663800D-03 -1.06221597292779700D-01 -3.29018108200948900D-02 -5.10124058596667600D-02
18 30 -7.25879660459477800D-02 -2.42439794036640400D-02 -3.81118994753752600D-02 -4.45234177916826900D-02 -2.19186048057753200D-02
18 31 -3.25480495134095900D-02 -2.19341720633029100D-03  9.93762168882046600D-04  1.19965503744818100D-03  1.22425505626092500D-04
18 32 -3.21950341515127000D-04  5.12625408509833600D-04 -3.96470109564817100D-03  1.80705370274395000D-03  2.15764739290421900D-03
18 33  8.04563139260557400D-04  9.82808415750532900D-04  2.14804589831049700D-03
19  1  4.75444163835808800D-04 -9.45082504441140400D-02 -3.81654747627880000D-01 -2.17447362362452700D+00  1.44575157140440000D-02
19  2  2.21095634870807500D-02 -6.07169188269755700D-02  1.27424603205268300D-02  8.76157339515603300D-02 -2.39130840903835700D-01
19  3  1.97753163936999100D-01 -4.52522968282584700D-02  1.27865712527078300D-01  1.71219708922542200D-03 -5.37377279854702900D-03
19  4  3.66157570932185500D-03  7.77000425194630900D-05 -7.21914799777454700D-05  2.96900194894311800D-03 -1.37475385160543500D-02
19  5 -4.64543313914244200D-03  1.83929716551970700D-02 -1.99595823111602500D-02  4.60716931411532200D-03 -2.16690462368245400D-02
19  6  5.96244563576725300D-04 -3.00234006115569600D-02 -1.68208641832367200D-01  9.90841962632307700D-01  6.53144661060858300D-03
19  7 -9.07754923446971500D-02 -9.79938078746886300D-03 -4.24736227789018900D-02 -4.89262075666541800D-02 -1.73265066979598700D-01
19  8 -2.95857138011683700D-01 -7.16048596434067200D-01  1.47297540186040700D-01  5.37338618286327400D-03  1.94860541863138400D-03
19  9 -7.32199160149390200D-03 -2.91953811442425600D-03 -3.48035875005096200D-03  3.88034344533319000D-03  2.05928455666616500D-02
19 10 -2.59742198004091800D-02  5.38137423374777300D-03 -1.35535021808771000D-02  1.59398253945331900D-02  3.00634286143633000D-02
19 11  3.10168977843001500D-03 -6.69543459652366500D-02 -4.53492525162522900D-01 -1.46629032700348400D+00  6.37785700153441400D-03
19 12  2.60553838984011400D-02  5.68313966717451900D-02 -1.21706946553367600D-02 -7.40564316374338600D-03  5.59594556785575600D-02
19 13 -2.28448640837207000D-02  2.08066285231696000D-01 -6.79831947895367700D-02  9.19389353014868000D-04 -6.18928994665890700D-04
19 14 -3.00460358349170800D-04 -7.07895924447307200D-03 -1.32612281127753300D-03 -6.30377316640568000D-03  1.70215070222186600D-03
19 15 -9.84621653211345200D-03  8.14406582989162000D-03 -2.84307570543771600D-02 -1.96732478984758100D-02 -1.99361554426824000D-03
19 16  5.26648694650248300D-03  3.96413757268487000D-01  8.35354899783609600D-01 -4.26372580282502600D-03  5.46308902333423400D-03
19 17  6.35158758686598000D-03  1.14600333502904000D-02 -1.55641571184617900D-02 -1.84866728326066800D-02  3.18906366359200300D-03
19 18  2.71093751496180900D-01  6.57580261940686500D-02  7.34794922100325900D-03  2.61332206307023000D-04  2.73765385954798500D-04
19 19 -1.75914675033476000D-02  2.04101986385959800D-02  1.30630177190911200D-02 -1.91981389263937600D-02  2.89186338027133700D-01
19 20  3.49282819781524100D-01 -3.40917914739213800D-03 -6.11625369951573000D-03 -3.24018812556572800D-03 -9.57902303154229700D-03
19 21  1.89343546333068300D-02  1.23320258076347600D-02 -2.56663742955005700D-02  1.84031009619560900D-01  8.70835877860282400D-01
19 22  3.71430516235849400D-03  5.54162711906675700D-03  7.84984875519037200D-04  1.90304370064995700D-03  2.90798229811288800D-03
19 23  1.17890270126101300D-02 -3.49384506290439700D-02  2.30145161779376700D-01  5.72703064801619500D-01 -5.43014112717434600D-03
19 24 -4.15788219508505200D-03  3.95252467067134600D-03  1.44564809180873700D-02  9.70454868868383600D-03 -1.32457455603545300D-03
19 25  1.04003349778572900D-02  2.53108360402238400D-01  3.69524035500226100D-01 -8.00679134915671900D-04  6.87324861753531600D-03
19 26 -3.78183482919805400D-03  1.66207627224119700D-04 -1.09516733849028000D-04  2.54580095153870600D-02  3.61710687943156100D-02
19 27  9.27736839539470000D-02 -4.19152812169764500D-03 -2.07305189091188300D-03 -1.27076865253699000D-03  1.77791041299615100D-03
19 28  6.11971123447890100D-03 -2.12017604539104400D-02  1.41856424907815600D-03 -1.65748298721308700D-03 -3.18888538223672300D-02
19 29 -6.63640079577256400D-02 -8.65534730333242000D-02  3.65876311363560100D-02 -2.64621819073451000D-03 -1.87128920922710100D-02
19 30  3.32899944331839600D-02 -1.26725054107682200D-04 -1.18239786226812300D-02  1.97977316577878200D-02  7.07381307898570000D-03
19 31 -2.24026698399422200D-02 -2.42141476853914200D-05 -2.03383085526782200D-05  4.45524562380861900D-05  2.33438672189265000D-04
19 32 -1.04366532323202300D-04  5.60871737698553200D-05 -1.47421522036974600D-03  4.60250749570686300D-04  1.01396447079906700D-03
19 33 -1.21763282658882800D-04  1.10085498812539900D-03 -6.63275967205807300D-04
20  1 -4.68574577161317800D-04 -7.06782713515281100D-02 -2.17964889910216800D-01  3.01077422570296900D-03  1.63203976033351600D-02
20  2  4.57565056842676100D-02 -3.19710060739290200D-02 -5.88699387708289900D-04  2.04232613387114700D-01 -1.84709883268250600D-01
20  3 -1.25110405537050500D-01  4.97552809234332000D-01 -3.72608272750859600D-01 -3.89972449160630200D-03  4.51326347010815600D-03
20  4 -6.13538978501939900D-04  1.11101300751383200D-03 -1.02891832831541600D-03 -7.25187278538626900D-03 -2.60729696520440200D-02
20  5  1.48790620494407400D-02  1.11939076026033300D-02 -7.78407575145318200D-03 -2.83537178787971500D-02 -4.97223945969596400D-02
20  6  1.58619012275417500D-03  5.30600078074324900D-02  1.72407460625373800D-01  5.50841240654890400D-01  2.68650951983318900D-02
20  7  5.78222073834712100D-02  4.37160611953840600D-02 -3.23994235362739400D-02  1.64276526035275500D-01 -1.31993317429398300D-01
20  8  4.04823553436196100D-02  6.28771544383454800D-01 -8.35375143754478600D-01  2.36471500420612500D-03 -7.29119376696849300D-03
20  9  4.92647876276226500D-03 -3.97276947708696400D-03  4.04663770401718200D-03  4.40031401981233000D-03  2.73862359550442800D-02
20 10  4.53983900133427500D-02 -7.27846259683871700D-02  4.63370750228734700D-02 -1.09003966273999400D-02  2.60428759046263700D-02
20 11 -6.07061246210223400D-04  3.83705708804272700D-02  1.45728857773699600D-01 -1.28428957019794700D-01 -2.82117711420235700D-03
20 12  6.01549848125877800D-02 -7.51972960664185300D-02 -2.64326612390895700D-03  1.43468129358836300D-01 -2.33731893583138100D-01
20 13 -2.22630016710217100D-01  4.12976268621840400D-02 -5.49365704217085300D-01 -8.73586327617615300D-04 -9.65950062653570600D-04
20 14  1.83953639027144100D-03 -7.37151186120455100D-05  1.03927795143813000D-05  1.78882665060280100D-03  8.71884417722172900D-03
20 15  1.12334743510474400D-02 -1.99523185282691100D-02  1.75224473107717300D-02 -7.55404276132376500D-03  3.12912762279661900D-04
20 16 -1.98204608341134500D-02  1.45073107397517200D-01  6.16302770500123200D-01 -1.84433378604619900D-03  2.14533288868272100D-03
20 17  6.16716591325135500D-03  1.30103853912183300D-02 -3.53203145772580700D-02 -1.09712666038262000D-02 -9.13324458331470400D-03
20 18  2.52361649321235600D-01  6.24377089858232800D-01  4.03761262385322500D-03 -3.90471307036127700D-04  2.37647967004524700D-03
20 19 -4.30574844919208300D-02 -2.11772755011748300D-02  1.55225366657873800D-02  1.13476905891776700D-02  2.74752135245080900D-01
20 20  1.50314916329798900D+00 -3.24124403339754100D-03 -8.13185434482055000D-03  8.01246212326607300D-04 -1.49198991885990800D-03
20 21 -1.97750353790434000D-02  7.99436814668126100D-03 -2.33874680607689900D-02 -4.69520641000565800D-01 -1.57622571373669900D+00
20 22 -2.51313955920975700D-03 -8.73500934073313800D-03  3.37292682180282900D-03  2.01849902064276900D-02  1.33243242964673200D-02
20 23  6.55255131624692100D-02 -8.43730158734950200D-03  5.91984086767261600D-02 -1.16100668027904300D-02  7.56800244053321100D-04
20 24  1.08318084814537600D-03 -2.66691652175894000D-03  1.97814622364711100D-02 -1.69710119683285400D-03  5.23786889154343400D-02
20 25  1.51190409825285900D-02 -3.84264741588468000D-01 -1.48551283439608700D+00 -6.10845162838195900D-04 -5.67032750600290700D-03
20 26  5.65252311463697000D-03 -1.53261429793623900D-02  1.52906504387589700D-03 -4.42693205973970800D-02 -9.86945025500370200D-03
20 27 -2.12590894200789100D-02 -3.02557840218001900D-02  7.64819567784881500D-04  6.80781272084266100D-04 -5.97331351214254500D-04
20 28  9.03255465511198200D-04 -1.98416402635809700D-02  2.44150279696902100D-02  3.20232106916477100D-04  9.04634809314272500D-03
20 29  2.13150514816123600D-02  1.86621658665361800D-03 -9.65838164765135800D-03  2.60552966050106100D-02 -1.78882356261395800D-02
20 30 -7.56021501925095200D-03  1.99722163318837200D-02 -1.26291523758723000D-02 -2.15068160820955000D-03 -5.12351978768444300D-03
20 31 -1.73349079648575100D-02 -4.45163350943726700D-06  1.44244924587521700D-04 -1.39793291078359600D-04 -6.26434158996539500D-05
20 32 -4.72753623061148700D-05  6.33268385984351400D-05  3.72749730003044100D-04 -1.18192332534038300D-03  8.09173595337333500D-04
20 33 -9.02149476142529600D-04  7.39635438156494400D-04 -1.70732568416456100D-04
21  1 -6.65463787213859300D-04 -2.23723325550209100D-02 -6.38946902025932900D-02  2.70339132925527400D-01 -3.49397320330303600D-02
21  2 -5.70666212691303300D-02 -6.42332860013071500D-02 -4.06494420477906400D-02 -1.69793502111901800D-02 -1.54799211617824200D-01
21  3  1.00766112393744800D-01  1.47953031389915900D-01 -3.95578952241329000D-01 -2.10784067053453600D-03  3.96738923168581900D-04
21  4  1.71110174736624000D-03  2.22828062620708500D-03  1.44300634575408700D-03  1.65494069140248300D-03 -1.26215189426771300D-02
21  5 -5.24648132520844800D-03  1.78680002678847200D-02 -2.47696603246388800D-02  3.34786343053418900D-03 -2.26273921204239900D-02
21  6 -1.98148628095764200D-03 -4.53119314253806000D-02 -5.62957159911429600D-02  2.72670827265984800D-01 -9.44694501970313300D-03
21  7 -6.67374229565100400D-02  1.86060802376328800D-02 -1.97041787612957800D-01 -1.10324506173327000D-01 -2.77515716839596000D-01
21  8 -7.08499900786282800D-01 -4.63232609873561500D-01 -9.77904285702176800D-01 -3.58952154274661500D-04  4.28048047943772700D-03
21  9 -3.92152832516283900D-03  5.47390447919813900D-03  3.09420252549275300D-03  4.42412974918197300D-03  1.80350961215276300D-02
21 10 -5.71458709713919600D-02  3.91107748498657500D-02 -1.41428448132753200D-02  5.81809650300812000D-02 -1.08411555500867000D-03
21 11 -1.54142568535563000D-04  6.81782885782223500D-02  1.70261304811066600D-01 -3.65951599121374400D-01 -2.93762591520134300D-02
21 12 -4.46923578295651600D-02 -3.60766596638695800D-02 -2.49387012607123200D-01 -2.32660589141935300D-01 -2.49629589936651500D-01
21 13 -5.12870756467696300D-01 -4.63723010776247800D-01 -5.30527464766164000D-01 -1.57735979549882900D-03  1.76621449233417300D-03
21 14 -1.88854696835446200D-04 -1.49520323876226400D-03 -4.16397417982946100D-03 -6.30802591467829800D-03 -9.40460633941687200D-03
21 15  1.26474565119955800D-02 -3.24285017257765000D-03 -2.48917281366933600D-02 -1.35053686044126400D-02 -4.83825560330556800D-02
21 16 -9.51423605639150500D-03  1.20384346742093400D-01  1.07958157689499400D+00 -3.25067345948274200D-03  1.93597497592979000D-03
21 17  4.14904571699969600D-03  2.77172020660223900D-02  3.32723548768285200D-02  1.50834302805692800D-02 -1.52145656310837600D-02
21 18  5.03023208205871700D-02  4.18908458602948600D-01  4.72500370753233000D-03 -1.50530201931448200D-03  7.83657453689386500D-04
21 19  9.36510697849499500D-03  4.27494974525645500D-02  1.71531606232485200D-02  1.85725704508745400D-02  5.89485320692745400D-02
21 20 -3.22412672003036100D-01  1.59902425756040100D-03  2.72635790240612300D-03 -1.59656561513831900D-03  1.04325868528891700D-02
21 21  3.99741534135195800D-02  3.50268422892220200D-02  1.90748078413494700D-02  4.43602173546053400D-01  1.78232777614468600D+00
21 22  4.27783192819329700D-03  6.64059679464441900D-03  3.27745854463177100D-03 -5.71919845728716900D-04 -3.43720801929344500D-02
21 23  6.74476886153772300D-02  1.15094981134543600D-02 -5.77116926721389100D-01 -2.15138500647445600D+00  6.60365323216548100D-03
21 24  6.73718898782503700D-03 -8.07099954493175300D-04 -5.72851166887121400D-02 -4.51328695304360500D-02  3.70352713656419100D-02
21 25  2.18863231633300100D-02 -1.93414183799232800D-01 -6.49767996926481900D-01  1.45876277082468300D-03 -3.51525811035685800D-03
21 26  5.63644550778840300D-03  3.65666165255788800D-02  5.62370086109134400D-02 -2.02857330777527500D-03 -2.30249154230551700D-02
21 27 -1.02511766295135200D-01 -3.85950503963325000D-01  1.13216526504062900D-03  5.39911279670111400D-04  6.75329505815884100D-05
21 28  2.21251210253344300D-02  2.60258893988642700D-02  1.35375908525973700D-02  7.30888023315518600D-04  1.53402032887173100D-02
21 29  3.29971490553723800D-02  3.44103873020253600D-02 -3.78835076736008000D-02 -1.67938441579077100D-02 -1.77110074208501000D-02
21 30 -3.24879128429910700D-02 -1.44111325105012900D-02 -9.21663304283484500D-03 -8.90762578521915400D-03 -1.08511713102940900D-02
21 31 -3.95706099788006200D-02 -5.89404388938457100D-05 -1.41525594758905700D-05  7.30929983692021500D-05 -1.74889693003801800D-04
21 32 -1.39881755684745000D-04 -5.94800963401562200D-05  1.22226058149995700D-03 -6.74991301053331400D-04 -5.47269280446617700D-04
21 33  1.19241586437744700D-03  8.89316401621660600D-04  3.13820855077858600D-04
22  1 -4.50170828246606300D-04  2.10085873413119100D-02  1.54998401094432500D-01 -7.97990777331020000D-01  1.04493386126896100D-01
22  2 -5.65582134362753700D-02 -3.04197760985970400D-02  2.25455631825889500D-01 -2.35834037934038600D-01 -1.62605076752670700D-01
22  3  9.24053177061369100D-01 -1.06928338093027800D+00 -5.58990524156359700D-01  3.58180321809419300D-03  3.30315029829644900D-04
22  4 -3.91211824792335500D-03  1.71072995147194500D-03  2.44037621376538100D-03 -1.22778636613058500D-03 -1.71720890856023400D-02
22  5  5.63694076502607900D-02 -3.91973185646588400D-02 -1.76086181101532500D-02  2.74620751391563100D-02  2.05601102145932200D-03
22  6  5.36185232995390500D-04 -1.56295729934390100D-03  2.40847463820328500D-02 -5.06041011420817600D-01 -8.96708774222055100D-03
22  7  2.94909488693822700D-02 -2.71633931738542900D-04  3.57458514653129100D-02  7.85857751951315700D-02 -2.84623274787033800D-02
22  8  1.99439100862361400D-01 -3.41584712426208700D-01  1.21487735775700900D+00 -7.96922373726432500D-03  5.14034741419576000D-03
22  9  2.82887632306972300D-03 -5.31974242016530300D-03  1.69110190038395100D-03  3.52149869948785700D-03 -1.62671613268557700D-03
22 10 -2.89212103431077200D-03  4.51883716699796600D-03 -8.57510394375523300D-03 -7.58965833071628000D-03  1.30529368075787100D-02
22 11 -1.29686855160888300D-03  5.97047244970896400D-03  3.35428286925733100D-02  1.50414162688864700D+00  8.32429653244544900D-02
22 12 -3.79505529906407700D-02 -6.15497121549941800D-02  1.07771455518610000D-01  5.73508592046767000D-02 -9.20178917383408800D-02
22 13  9.15443310320830900D-01  8.27802281845714100D-01  1.04596277321932100D-01  1.17642073861667900D-03  1.13094653787259300D-04
22 14 -1.28951539240390500D-03 -3.02847319045863300D-03 -3.99270865706678200D-04  5.27339484575561900D-03 -5.06043431924133500D-02
22 15  1.73873273749980000D-02  3.32170158174157300D-02  2.00478597416882500D-04 -1.19547341533386000D-02 -5.22997657976262800D-02
22 16 -2.12413636391634500D-02  4.58698832032403100D-01  3.36737935245743300D+00 -3.13511566135921800D-04  1.69954193942861500D-03
22 17  1.83208716782120700D-03 -2.53165884929206200D-03 -4.49337334801688500D-02 -4.87829432595918400D-02  2.59168388427383000D-02
22 18 -3.07353473185306500D-01 -2.68387951691135500D+00 -5.28088220181173100D-03  1.69063578370545100D-04 -3.60892609457151700D-03
22 19  2.56323674690606900D-03  3.93831541346118600D-02  5.04928047273384400D-02  5.58681342545899000D-03 -3.84525342263663800D-01
22 20 -1.57755616302517600D+00  2.93897005548443600D-03 -4.16872309724627700D-04 -2.67311863954084200D-03 -1.22477033441490200D-01
22 21 -2.71641473013257600D-02  4.95225296552027800D-02  7.26615514058971400D-03 -1.61493733489192100D-01 -3.65869031108338500D-02
22 22 -5.24089431142706300D-03  1.23474869017672800D-03  2.30046166610547100D-03 -3.17930205569729100D-02  5.62953809646277000D-02
22 23  2.14013684805168400D-02 -8.92675507736901700D-03  1.39367895654641900D-01  2.31530004118776000D+00  1.64414767487236600D-03
22 24 -2.77300454973759700D-03 -3.42021189834226900D-03 -1.25196214458478200D-02  4.80066512204999200D-02 -5.05266434755069300D-02
22 25 -1.30763499639192100D-02 -4.05984784235807100D-01 -6.92896457229388000D-01  1.77166068521692700D-03 -2.11231836925183100D-03
22 26  2.72050696728005500D-04 -3.09087818484370300D-02 -2.60736804491991700D-03 -4.69526781961351300D-02 -7.90890219481384500D-03
22 27 -8.51151522598214600D-02 -9.89014247125373800D-01 -5.93349720166766300D-03  2.57153202888473300D-03  2.47503095398072700D-03
22 28 -4.52700765981246000D-02  7.41809578092348900D-03 -2.36421278028263600D-02  1.21896961305803700D-03  3.70213580838286800D-02
22 29  9.19758118870144500D-02  1.09863542334008200D-01  1.63979189840003200D-02  1.23433882057618600D-03  9.08512003482346700D-03
22 30 -2.04838176929876900D-03  1.03709770384520100D-03  1.31523789245004800D-02  4.98584240284736800D-02 -1.43367326576989400D-02
22 31 -6.26463446662473700D-02  5.18677429592875000D-04 -5.29766954609151400D-04  1.10895250167086900D-05 -3.68475690798397500D-04
22 32 -3.38604407237705700D-04 -2.31117496369626700D-05  2.91646221286191200D-03 -5.99243709608936300D-04 -2.31721850325299200D-03
22 33  1.17243610777539200D-04 -1.87042663553804400D-03 -2.20122247109044700D-05
23  1 -3.08978646382048400D-03  1.69547196920809600D-02  1.26989601184986000D-01  5.65615919319695100D-01  1.56246147465242000D-02
23  2  6.36845060749825100D-02  6.25475252608160200D-03 -1.31813203913480200D-02 -7.50805939044063800D-02  2.56805728662094100D-01
23  3  1.06206358210197700D-01  9.37844624688643300D-01  2.37013840925375900D-01  6.47276769224271400D-03 -2.17707310404542500D-04
23  4 -6.25506038183809100D-03  2.47699021326243600D-03 -2.84106102235491000D-03  1.26874595721102400D-02  2.17843881486184700D-02
23  5 -1.26394750053558000D-02 -9.14491314326215500D-03  5.20228280259748000D-04  1.59826202300484500D-02  8.92409847097179900D-02
23  6 -5.02395954147339600D-03 -8.00048920203387800D-02 -6.29209295530429500D-02 -1.66064988694294300D+00  8.65805777815655500D-03
23  7 -2.69664315345298900D-02 -3.25652382350576500D-02 -7.92362356766687800D-02 -2.07816296623842100D-01 -1.71765004875313800D-02
23  8 -8.27678084566710400D-01 -2.05859867050608800D+00  3.17132796173064600D-01 -1.51233879308092300D-03 -3.73572736527416700D-03
23  9  5.24806615835496800D-03 -1.99361176618086300D-03  4.06513997508507100D-03 -4.43109637791887600D-03 -2.25509759471413500D-02
23 10 -1.44462389095839400D-01  1.67013365042979500D-01 -1.21427274443435900D-01  6.30845888075382600D-02 -9.93356769707199900D-02
23 11 -1.37823966356687300D-03  1.87549190116195500D-02 -1.16808124700812600D-02 -8.72992925091510300D-02  4.81160673054903200D-03
23 12  9.38893486914848800D-02 -2.29991339297087500D-02 -1.18290351203431800D-02  9.26928233885454700D-02 -1.92227724588932800D-01
23 13  6.69114150933209400D-01  1.79072195456859800D+00 -1.08448961404722200D+00  2.90550177370104200D-03  4.28054519687113900D-03
23 14 -7.18604697057296300D-03 -1.67862136939617200D-03 -6.25821655701660500D-03 -2.51409705317557500D-03 -4.64577034663565300D-02
23 15 -3.84349296433762000D-02  8.48926331097332200D-02 -1.18264325414634100D-01 -2.48179993232562000D-02 -1.22094832646065100D-01
23 16  1.57350710708321200D-02 -4.11697722106588500D-01 -2.36363472458979100D+00 -1.60279375922847100D-04  5.03548360473680300D-03
23 17 -4.91689940094097100D-03 -5.22216948537126100D-02  4.23133975547233400D-02  2.71125245464564300D-02  5.73980655663248900D-03
23 18 -2.32577205394774600D-01 -1.02233843873547900D+00  7.08510942414769500D-04  5.79034286542550800D-03 -5.25688593585220800D-03
23 19  5.70062101978667400D-02  2.83642896537964000D-04 -2.61253865512476600D-02  4.38250264198507400D-03 -7.81830915227985100D-02
23 20  1.53579594544525200D+00 -3.21944396628043500D-03 -1.34639431724287700D-03 -5.45745066947834900D-03 -2.81137244913629600D-02
23 21 -4.84147542585389000D-02 -1.05541802162414300D-02 -1.88298266971427100D-02  8.07318250167654800D-01  3.90328210492152900D+00
23 22  4.64170077568715500D-03  6.66678085227390100D-03  1.12870632263671800D-03 -1.04435510661751100D-02 -9.19301915470114000D-02
23 23  5.78811883436369300D-03 -1.21739894407067300D-02  4.57905792513696500D-01  2.95398485996475900D+00 -3.96956916132855400D-03
23 24 -4.37086753818419800D-04  1.65769973914785000D-03  4.01981605346689600D-03 -2.91120601997179900D-03 -3.25440613697957300D-02
23 25 -2.22069090583166500D-03 -6.84344166483467300D-01 -4.34832080434127700D+00  3.17567949276090900D-03  1.51202122587650300D-03
23 26  8.88602513312003300D-03  2.60289925722879000D-02  8.78773478558149600D-02 -2.24438050879686500D-02  2.88372951169901400D-02
23 27  7.80565107864104900D-02  1.55414797762612200D-01 -9.84311194702490300D-04 -5.74183215933104000D-04  7.91535822429016100D-04
23 28  5.34216781137659300D-02 -2.86851142573055400D-02  5.12690026208012100D-03 -1.18709496524996000D-03 -1.72884495053946300D-02
23 29 -3.45000854238371100D-02 -1.97757375892761200D-01  1.48982886639152800D-02  3.84168249837318800D-03 -2.10797948088423200D-02
23 30  1.99419189292994100D-02  3.20243317674629600D-03 -1.88787555899888900D-02  6.29753607704785800D-02  1.81732414322330500D-02
23 31 -4.26405953846139000D-03  3.18367518716872300D-04 -2.82697324964155800D-04 -3.56701937534043200D-05  1.83043843980693300D-04
23 32 -1.17213266127210000D-04 -1.78463636249992300D-04 -6.43964865298171500D-04  2.46656529331390800D-03 -1.82260042801572500D-03
23 33  2.68344039713347400D-04  1.93270076082399700D-04  1.35514607379864900D-03
24  1 -1.81338333479793400D-03  1.17653668774581000D-04  1.06558894346258300D-01  6.89829000033335800D-01 -6.54484272470404100D-02
24  2 -8.31323646883217700D-02 -2.98319589206437700D-02 -1.38221927308474400D-01 -2.27066022703977200D-01 -3.09064570750111600D-02
24  3 -1.11030293395159800D+00 -1.43157371470744200D+00 -8.96133725334945200D-01  1.49437700779802300D-03  4.60608093470639200D-04
24  4 -1.95498510126975800D-03  6.93116868042412300D-05 -3.35021840745161400D-04  5.86170646619582700D-03  6.03973300606906500D-02
24  5 -1.69183585038629700D-04 -6.02281464756519000D-02 -8.72975838107456500D-03 -8.04298972026143100D-02 -2.93404105973058000D-02
24  6 -9.47560464284952300D-04 -7.92862099685011400D-04  4.61428264157502900D-02 -3.10674537228342900D+00  1.26582086341293100D-02
24  7  3.86520991428767500D-02 -2.61951544721600600D-02 -8.52797357762452300D-02 -1.18690278690838200D-01 -4.42556688438710100D-02
24  8  1.01586359665553600D+00  9.87606438496948500D-01  1.84491705369509300D+00  3.86904625607342100D-03 -8.46480347748843300D-04
24  9 -3.02256590832437400D-03 -4.25592570306524100D-03 -4.88550096560005600D-03 -3.91040793243258200D-03  1.91551154234092500D-04
24 10  2.11114551261862000D-03 -2.30269666685409900D-03 -1.14039495919632000D-02 -1.71427140764833800D-02  2.20735448729613400D-02
24 11  4.25411075952563600D-04 -1.34010012115408100D-02 -1.94200428369169400D-01  2.79301229631551400D+00 -3.06344346236884700D-02
24 12  7.22740261403569700D-02 -2.26751643278518500D-02 -8.48240590381276400D-03  1.81484642675385800D-01 -1.10199711841184900D-01
24 13  6.81022047362582600D-01  1.11049861644086000D+00  7.35783323060882500D-02  5.70615040812385600D-03 -3.70498147272650500D-03
24 14 -2.00116893539784800D-03 -2.57596887259166300D-03 -3.84286397424901200D-04  9.15387131909339500D-03 -7.63327359449053000D-03
24 15  8.81593068478794600D-03 -1.18265709029740400D-03 -1.46490033079611300D-02 -3.75352763198188700D-02 -2.26473982351657500D-02
24 16  8.33786602776706200D-03  5.46433430389615700D-02  1.58358936198904600D+00 -4.16548837316230300D-03  1.00541841366752600D-03
24 17 -1.28707765220276800D-04  8.15629168917053500D-02  6.09585651112963800D-02  1.97307866748897700D-02 -1.76978959538322100D-03
24 18  1.24413149548615500D-01  2.57351332938503800D+00  3.97945119438751000D-03 -2.79940761076967100D-03 -1.67809419118655400D-03
24 19 -6.60102218954547500D-03  7.04531576289762200D-02  5.37714595213366800D-02  1.19943860071650400D-02 -3.85201864506483000D-01
24 20 -5.54602989757025600D+00  5.54152895601366100D-04  6.32598256168685600D-03 -2.89581817990719800D-03  8.95847881683587900D-03
24 21 -2.84037125213735700D-02 -9.24665610488640300D-02 -5.74450314734237100D-03  3.03188073213534500D-01 -1.74804281418381600D+00
24 22 -5.41660736585016200D-04 -3.51668906198323700D-03  1.84365486789913900D-03 -1.11899561710918400D-02 -1.37234752401515300D-01
24 23 -1.88533221903536700D-02 -2.59242799633801400D-02  3.25440431329694700D-01  3.49187206039271100D+00 -6.59784645283256700D-03
24 24  2.14080356204604200D-03 -3.28086653796631300D-03  5.27400084207472800D-02  6.02767698171003200D-02 -3.55329343424454300D-02
24 25 -3.09802813896493800D-02 -3.19367299139021500D-01 -2.07312489234967700D+00 -3.83343443175697500D-03 -3.59848988344038900D-03
24 26  2.43621261732229100D-03 -9.22352605744138800D-03 -3.20881822644818100D-02 -1.72032816293812900D-02  6.11241915884256600D-02
24 27  1.48797608860495900D-01  1.47594992307470200D+00 -2.75472563959090800D-03 -2.69621254858124600D-04 -1.96293269867047500D-03
24 28  6.00441122815438200D-03 -2.48117093765827600D-02  6.33690108078341000D-03 -2.55013948478815400D-03 -4.14393197311699000D-02
24 29 -8.61199747930525700D-02 -1.01394140804218200D-01  3.26161885023592800D-02  9.04593642216108000D-03 -7.95233538031369300D-03
24 30  3.62583016165076800D-02  5.49530906268259200D-03 -7.75261070571791500D-03 -1.79899098101299300D-02  5.22343296987539000D-02
24 31  2.86833685755770600D-02  5.95621691037317600D-04 -4.99097892970561900D-04 -9.65237980660553500D-05  1.37800574679820300D-04
24 32  1.09058533378704700D-04 -7.62752720378587100D-05  1.39043040988720100D-04 -1.00553677994469800D-03  8.66493738955955500D-04
24 33 -1.36431247544310800D-03  9.39135197416111900D-04  2.53553475822054800D-03
25  1 -4.01967799123201400D-03 -7.78668950404377700D-03  1.29398812753004300D-01  4.62021044567573100D+00  7.38718576516922100D-02
25  2 -1.29163186280352400D-02 -6.89544507689709700D-03  1.33598037420851500D-01 -4.17277502126382300D-02  2.85958247943449100D-02
25  3  5.75349747277841100D-01  4.31069010499599300D-01 -1.51174985319311400D+00 -1.00583423661268800D-03  9.13486352378787600D-04
25  4  9.23478842337207200D-05 -3.40213770853865500D-03 -1.12333485259405100D-02  5.07440487011382600D-03 -1.97481238632223200D-02
25  5  5.95100805696329600D-03  1.37971158062587000D-02  9.94427208351753500D-03  1.72658102333873300D-02  1.29710815142928100D-02
25  6  1.08546341572748000D-03 -1.98089771864249500D-02 -2.63255045476709000D-01 -4.21241831121360600D+00  4.41587819170313900D-02
25  7  1.59930266114775100D-02  4.02736663852105700D-03  6.57794219964297800D-02 -6.66879864738409800D-02  1.35607135101317600D-01
25  8 -1.72823160864660900D-01  2.50641066533037300D+00 -1.49057630393149500D+00  7.43676482424369300D-03 -2.12449382655412100D-03
25  9 -5.31227099768960300D-03 -1.02093163462566800D-02  1.16980465207989600D-03 -2.44101956933403100D-03  1.30852721514959100D-02
25 10  3.65782813230824100D-02 -4.96635534745754100D-02 -2.06250329334879600D-02 -5.36761496346453800D-02  1.62598907110527600D-02
25 11 -4.65928882590856600D-03 -9.09434789864859600D-03  1.85068626027887800D-01  7.84414678450283800D-01 -1.18164263746976700D-01
25 12  4.81587523997106700D-02  3.79204226690501400D-02 -8.60604415327333900D-02  7.81495961223473100D-02  1.68471420384609700D-01
25 13 -1.26127249831828800D+00 -1.02582263416051500D+00  7.53420076664911300D-01  3.30349453525243100D-03  3.08309259651076300D-03
25 14 -6.38658713176353000D-03 -4.86218636253512500D-03 -5.84792382805522100D-03  1.67607124410383100D-03  5.28369201674767400D-02
25 15 -5.72015850410361600D-03 -4.71167616633727400D-02  2.21815638709895700D-02  2.42028112512768200D-02  7.34618316489207100D-02
25 16  3.67708866649229200D-02  5.91142185889777500D-02  2.32642976842113100D+00 -1.93040178354181300D-03  3.96201678350377500D-03
25 17  3.53973831995967500D-03 -7.58888384909548700D-02  6.68369046000055400D-03  8.04095313810140100D-04 -1.20396648420688200D-02
25 18 -2.55161367758552300D-01 -2.27184256475670600D+00 -4.66205323347410700D-03 -2.25237491356935100D-03 -5.72535415270983100D-03
25 19  3.13276564583371400D-02 -6.69169838857184900D-03 -6.84573201716299600D-02 -1.66132035267503300D-02 -1.38242809883753100D-01
25 20  1.18998739815923100D+00  3.19210724953676600D-03 -4.76226136152784600D-03 -8.39685864520314400D-04  8.91447068208483200D-03
25 21 -3.60690799603554100D-03 -2.58686314252859500D-02 -1.47343176604496200D-02  2.23114862401164100D-01 -2.04782215732674800D+00
25 22 -2.78214279074865100D-03 -7.74985066092749100D-04 -1.51010102429551100D-03 -1.37544753459949700D-02 -1.14308978858827300D-01
25 23 -4.95539976904751000D-02  2.10820940793628800D-04 -1.36269559529997700D-01 -4.07979028416120500D+00 -2.40264652813536300D-03
25 24  5.26562075969953500D-03  3.21536464837492700D-03  9.30011284290400100D-02 -1.35611275280400800D-02  5.61559209990001600D-02
25 25 -2.15218180721754200D-02  2.81710287472867200D-01  7.56378813590385200D-01 -4.20581563994576400D-03  1.81387232215098500D-03
25 26  4.00802156441900200D-03  6.94333731126536200D-02 -1.36813874689493500D-02  1.87276294717361900D-02  8.83397706312415300D-02
25 27  3.03579815205907000D-01  3.24354744910677700D+00 -2.35274825676223000D-03 -3.49723630748881400D-03  1.32357386559782200D-03
25 28 -2.89076733324962600D-03 -1.64288510755095100D-02 -1.44109424651754400D-02 -3.88335973765480600D-03 -6.67004035711341300D-02
25 29 -1.41956219557678100D-01 -1.91896180942965300D-01  6.42282413424046400D-02  2.26149080675653700D-02  1.28435804640265500D-02
25 30  6.81810713146229300D-02  8.84395941351239800D-03 -7.23315761223882100D-04 -1.96432389134448100D-02  1.03202258723384600D-01
25 31  1.18089331366475000D-01  4.91312409976827100D-04 -3.26270684379394200D-04 -1.65041725597766600D-04  3.17088694106601400D-04
25 32 -1.57646559429957000D-04 -1.89054296092596500D-04 -2.66257002204250000D-03  1.48280194100273900D-03  1.17976808103973000D-03
25 33 -1.45265950832838000D-03 -2.67073923936622700D-03  2.66108229025910400D-04
26  1  5.43338089320960500D-03  2.79005578878006500D-02 -1.48388193854631500D-01 -5.20764632051192700D+00  2.35646596448876100D-02
26  2 -2.96786888408074800D-02 -1.48891638238656900D-02  2.77346021378454200D-01  1.01967551562802000D-01  1.75030629900058700D-02
26  3  1.05757361914084600D+00 -3.08080146109525700D-01  2.28744582399979300D+00 -1.08222189441544500D-02  1.37826536244632700D-03
26  4  9.44395358170920100D-03  6.02763719122754500D-03  1.08868624012531800D-03 -2.89978970667126800D-03  2.79516007073816900D-02
26  5 -4.13999289901880500D-02  1.34483282828060200D-02 -5.83916170564125100D-02  2.81083644173142500D-02  2.03827680785541300D-02
26  6  6.38961559749383500D-04  4.04172589932993700D-02  1.42941806484796400D-01  8.73969661933502600D+00 -4.05885160820886500D-02
26  7 -3.46200460967751900D-02 -2.07348753814720700D-02 -2.38153198289195400D-03  3.37509572277711300D-02  8.52365620362642000D-02
26  8 -7.46597918092336600D-01 -2.64722857805343800D+00  7.43009632691933500D-01  3.34960310495685600D-03 -9.95185632564045200D-05
26  9 -3.25008454169962700D-03  4.63369389523952300D-03  9.66005446698224600D-03 -8.55620305505084200D-03  1.88993871348446100D-02
26 10 -2.91204486293712800D-03 -1.59873422719065100D-02  7.45649148636136900D-02  5.38338051043555900D-02 -2.34212602848501400D-02
26 11  8.26796317413969500D-03  3.40826733156630000D-02 -3.41338427586296300D-01 -4.42728154680784500D+00 -5.70414508540479200D-02
26 12  7.55189911298810400D-02  6.20732626744676000D-02  2.89661982498770500D-01 -3.62597105530422300D-02  1.11427351162822500D-03
26 13 -5.78063017281088100D-02 -4.79494489781257500D-01 -2.05229353280055600D+00 -8.59722827239920800D-03 -2.62706810206648900D-03
26 14  1.12242963744663800D-02  1.48720091868608700D-02  1.38472892988654100D-02 -4.78085880671497400D-03  7.27993828618767600D-02
26 15 -4.52104703114774900D-02 -2.75889125503994100D-02 -1.13456867689042700D-01  2.70518472617518000D-02  1.51945901824906000D-01
26 16 -1.10832880923616900D-02  1.70336662019317400D-01  1.56187433258729400D-01  4.68926213179856600D-03 -2.03399483097779200D-03
26 17  5.98905544172149800D-03  4.54069974938956500D-02 -5.91176806027016500D-02 -1.67650987215380100D-02 -4.17643906693802200D-02
26 18 -5.12386038925338100D-01 -2.83101384426820800D+00 -5.34999363473795000D-03  2.96893754578827400D-03  9.53709745780434400D-04
26 19  7.08626221927321500D-02 -7.52255356191214700D-03  5.07839296890935900D-02  2.88565961290118000D-02  7.12200656751593400D-01
26 20  7.21452658543843300D-01  5.11685287540631100D-03  5.51132891371371500D-03  2.79117667235156100D-03  7.16470901685615000D-03
26 21  1.05335006537610600D-01  5.39535701492288000D-02 -3.24153099627093000D-04 -3.34377393424273100D-01  3.21566707148873300D+00
26 22  5.26264189772269800D-03 -1.91541121252643600D-03  2.76282742303078900D-03 -2.58088073015692100D-02  1.24617971623084000D-01
26 23 -1.77039498439248100D-02  1.59165322321289000D-02  6.41776672462942500D-01  8.07866698702812600D-01 -2.66684739486833600D-03
26 24 -1.62997530036461100D-04 -3.82197090553481300D-03  1.18540568303926800D-02  9.27925901373730900D-02  1.17991511447203500D-01
26 25  2.82586088523035800D-02  5.43290663194857300D-01 -1.32665284983828600D+00 -9.49509689047006400D-04 -3.72117939780488600D-03
26 26 -2.96857407636086600D-03 -4.03150939097592000D-03  1.20564565086171200D-02  1.23659273107752200D-01 -9.82207240387502100D-02
26 27 -1.01314076589474500D-01  1.96291473080046600D-01  1.46280491721212700D-02 -7.44100946152529600D-03 -6.41001121261293400D-03
26 28  4.96102913661000400D-01 -9.83956829009949200D-02 -4.61225634963407200D-02  3.89743396870961900D-03  2.73140870680020100D-02
26 29  8.84304177648990600D-03 -8.56223800686431700D-01 -6.89098048947230100D-02  9.66651182194469400D-03  5.25999654582632700D-02
26 30 -1.29289504193266300D-02  8.22773297257733100D-03  2.97839171921377500D-02  2.03214302615184200D-01 -4.40449124632511600D-02
26 31 -6.34500293577648200D-02 -2.37378365452897700D-03  1.31223743977228500D-03  1.06154621475682200D-03  1.11275596468849200D-03
26 32  2.48639230099210200D-04  1.58667397845928400D-04 -2.79153048943918100D-03  1.73647028751396300D-03  1.05506020192522200D-03
26 33 -5.37796742376972500D-04  1.81416775481991700D-03  1.16779654228151000D-03
27  1  9.21524940888949300D-03  4.39077145408525400D-02 -2.75313323761823800D-01 -5.60214627559298200D+00 -2.24725182372542400D-02
27  2 -3.06191091261431700D-02  4.28187422451200900D-02  2.70182844307798200D-01  1.57150405091152700D-02 -5.34502327870639700D-02
27  3  2.55208356837081000D+00 -7.40700094280097000D-01  1.66751426582811700D+00 -1.75700971283517400D-02  2.50051329003475100D-03
27  4  1.50695838383180900D-02 -8.73852440460549200D-03 -8.23626980647928500D-03 -4.55512885848245300D-03  6.61527707999732400D-02
27  5 -4.36603841528734900D-02 -2.24923866470987900D-02 -8.96500024912354300D-02  1.01904078763698300D-01 -9.00549739624943200D-02
27  6 -9.09668517073819700D-04  5.68553698053087300D-02  1.03127772913621600D-01  1.57085691246508400D+01  6.97975122030382600D-02
27  7 -1.35528492959633200D-02 -9.15106522422785300D-03  7.69107086477807700D-02  2.71927631570309800D-02 -2.32253549344553600D-01
27  8 -4.78791920123820300D+00 -3.41110491403080900D+00 -1.18283879647912100D+00 -1.05996893535019900D-03  2.93185541679414800D-03
27  9 -1.87188648144241700D-03 -9.19252240194863000D-03 -2.93184204139283300D-03  7.40569708748192800D-03 -1.27561210950319000D-01
27 10 -1.71911427509294200D-02  1.44752353701251000D-01 -1.08444438400771700D-01  1.12459820595026900D-01 -3.99708488824488700D-02
27 11  1.43260758549647500D-02  3.63328745370489300D-02 -5.31156564108138200D-01 -1.19796401098939200D+01 -3.23895900070788100D-02
27 12  4.77949594291316800D-03 -3.87015751280773100D-02 -3.05272491347345700D-01 -3.67800249973876100D-02  4.12938311430927800D-02
27 13 -2.64636380541725100D+00 -1.73252925465763900D-01 -3.92097769266063300D+00  5.87048332536368300D-03  1.29703017072800000D-03
27 14 -7.16751349609277100D-03 -9.23446133143097100D-03  7.47733060188834100D-03  1.33829898240385900D-02  1.05161462089554300D-02
27 15 -1.34796956059217500D-01  1.24280809850264500D-01 -6.80772011558540800D-02  5.50036917585933500D-02 -4.06384829071077000D-03
27 16  4.79728629985449000D-02  7.57955851145086200D-01 -4.27529165941500900D-01  6.29583505446237900D-03 -4.51072246693875200D-03
27 17 -5.64033753164838000D-03  8.73028381777645600D-02 -9.03095957658096400D-02  4.55563385912108900D-03 -8.16050412706731800D-02
27 18 -7.41432983227629800D-01 -1.95338300809741600D+00 -4.60671166419998200D-03 -8.75919827805709700D-03  3.77024765707806100D-03
27 19  1.03662883567538000D-01 -3.14379272984725100D-03  2.99065237313177600D-02 -7.10425231973490900D-03  6.87887180977367900D-01
27 20  1.67618852064399600D+00  1.24628458528601200D-02  5.99749190816457500D-03  4.68145971067279200D-03  1.02198920898088200D-01
27 21  1.09204223869903300D-01  3.60775345530148400D-02 -1.38119535134411600D-02 -9.02404032233231900D-02  5.18997764169844500D+00
27 22 -8.05051928576245300D-03 -2.60195813071044500D-03  3.52684733753767900D-03  8.97272272303561000D-02 -3.00219931616797300D-02
27 23  9.56943459406338300D-03 -1.60582350164068600D-02  4.34647676579447100D-01 -1.29142457844897600D+00  1.15109496494416500D-03
27 24  6.52212214404453800D-03 -9.71873237288065800D-03  1.16316295553308900D-01 -5.52121393707418900D-02 -8.16642540999697700D-02
27 25 -5.17308754454665500D-02  2.28161499237161700D-01 -2.91322789173857100D+00 -6.40880276906613800D-03 -6.07922327805512100D-03
27 26  6.90216388243079500D-03  3.27984297990503400D-02  9.78400026504962900D-03  1.26589837851728800D-01  2.32749117836891100D-02
27 27 -4.45954025642413000D-02  8.34266259946411600D-01 -1.18242896900728900D-03 -3.41246622844868700D-04  4.01248539527662400D-03
27 28 -3.18291792504481500D-01  4.12170095059023400D-02  2.42397411798202500D-02 -6.61982333410197200D-04  5.03716415990140200D-04
27 29  2.26700566488471800D-02  5.85433834124875700D-01  3.67801610546671600D-02  5.17771212210118100D-02 -1.84080141172217300D-02
27 30  8.66862717125512100D-03  3.58749115515027800D-02 -1.76616504625240800D-02 -2.31974027469432900D-01  9.80982002766669900D-02
27 31  7.56944807396007500D-02  4.45932855397053900D-04 -5.43470805627948200D-04  9.75379502308346100D-05 -3.79082106081648100D-04
27 32  1.65853477898052700D-05 -2.08451822552129700D-04  1.59480399101303500D-03 -1.20453743203835700D-03 -3.90266558974653500D-04
27 33 -2.01840081183121000D-04 -3.64754647319085600D-03  9.74168443027050000D-04
28  1  1.69999708914331600D-02  9.34471720002635800D-02 -5.33804429096137500D-01 -7.23517023031508300D+00  1.65226561236537800D-02
28  2 -7.95391020377906300D-03  2.64934201983926000D-02 -4.80354447660240900D-01 -2.58260631816889400D-01 -7.16361655127286100D-02
28  3 -1.26010704651333900D+00 -1.32994820692233600D+00  2.74877524179767200D+00  7.07262922966259100D-03 -8.02410000360670300D-03
28  4  9.51470773944627600D-04 -6.43610566475836000D-03  5.78235437554067300D-03 -2.43022160178593900D-02 -1.40918280261629700D-01
28  5  1.01435321766708200D-01  3.94829584949215500D-02  2.99609821050409600D-02 -2.38759478241440000D-02  1.14870041570900000D-02
28  6  2.61982921157940600D-03  4.99130118656452400D-02  1.38975414528728900D-02  1.31488098484610100D+01 -4.41737869214577200D-02
28  7  7.00232593182479700D-02  8.46072184183977400D-02  1.01863928422910000D-01  2.27536455934289700D-01  5.27419928932538500D-03
28  8 -1.13241548176619100D+00 -5.36420755632299400D+00 -1.54395801798555500D+00  1.88714097103287900D-03 -6.41067324615692000D-03
28  9  4.52353227512427800D-03 -7.11076101362679900D-04 -5.70178816818453800D-03 -3.13932529716127600D-03 -7.67936620384031500D-02
28 10 -1.00173974449482700D-01  1.76967636487884700D-01 -1.15609616045896400D-01 -9.99931634722494600D-03 -2.29526375125800200D-01
28 11  6.68327929393503200D-03  1.54144253753777600D-02 -3.43730416424156700D-01 -9.01705606229100100D+00  1.68414402839507300D-02
28 12 -4.64346806152225100D-02 -6.61764110238972800D-02  2.64421667451222900D-01 -5.33464854466999100D-02  6.62832618579686100D-02
28 13 -1.37520445683074100D+00  1.65288721578396000D+00 -2.14456524375946400D+00  7.51447909973168700D-03 -5.45964958599877900D-03
28 14 -2.05482951373375400D-03  4.99774371556990500D-03 -8.10505497443400600D-03  8.51561975369441600D-03 -9.35068848754080400D-02
28 15 -9.99125156480436300D-02  1.93419400523451500D-01 -2.03355158917549000D-01  3.18149722972870500D-02 -5.21295274515746300D-02
28 16 -6.16972481679010900D-02  9.10452876730085000D-02 -4.73741895973251400D-01  1.46266767151300900D-03 -1.72629525502081900D-02
28 17 -1.97073618604831000D-03  1.52361717634992900D-03 -6.71020441293508800D-02 -9.55375904241387600D-02  5.89176746968586000D-02
28 18  1.47158987152481800D+00  7.14456766687244700D-01 -1.47007340048446100D-02 -3.71742292810208500D-03 -5.82383777390942300D-04
28 19 -2.68429900513666300D-01  4.51870046620021900D-02 -4.27980195859878200D-02 -6.83856027747826200D-02 -7.05936937050156000D-01
28 20 -2.00556456481607700D+00  9.49638257207004300D-04  6.65582803090015600D-03  8.30920228322347200D-03 -7.56391700158357700D-02
28 21 -7.17246782500592400D-02  1.09060763309950200D-01  2.05229344051848300D-03 -1.24467125129054100D-01  5.37504055672192300D+00
28 22 -2.55069679827981900D-03 -7.41089057123519200D-03 -7.77112149982037600D-03  1.86348726549555200D-02  8.24745019581465700D-02
28 23  1.72553513930937500D-01  2.81637785445491900D-02  1.19036013695722500D+00  1.77873351342537700D+00 -2.60295435599712700D-03
28 24  2.83962523065096500D-03 -4.35183814668415200D-03  4.79607654364210600D-02  1.72582022278336400D-01 -1.08952195927288200D-01
28 25 -3.75432783351000000D-02 -1.89324991866161600D-01 -3.28154886098708600D+00  4.76103467829151800D-03 -1.50205510154507500D-03
28 26  5.82811146451804200D-03  8.77003465402688100D-02  4.44454293171511700D-04 -5.12069819050488300D-03  4.47585362162602200D-02
28 27  2.81812258783739700D-01  4.19111499906165300D-01  2.43847334154602800D-04  6.11289599728029800D-03 -9.97092740568097900D-04
28 28  2.15545276276085100D-01 -7.27361052656690400D-02 -1.39624269434061600D-01 -3.09435508496545700D-03 -2.42267362406270800D-02
28 29 -3.12247855778122600D-02 -8.76204120074017700D-01 -9.79742224447315200D-03 -4.26212776392291900D-02  3.62800967566959500D-02
28 30  2.75167186393067900D-02 -3.27223687175010600D-02  4.13511547460995000D-02  2.59132476650563300D-01 -7.58342473171405000D-02
28 31 -1.31280417960442800D-01  1.29699482346779100D-03 -1.17099901811229900D-04 -1.17989492165647100D-03  1.13349057114827800D-04
28 32  1.25920181301589700D-04  4.22498821130887400D-04 -1.75480284691147600D-03  1.94063671429040000D-03 -1.85833867378942200D-04
28 33 -1.76196861638105600D-03 -1.36897673975888700D-03 -1.37000623021693800D-03
29  1 -5.01323535898216800D-03 -8.90012123950231600D-02 -2.60749858465556400D-02 -1.18498969521264600D+01  2.85440404918236600D-02
29  2  1.11660318811796500D-02  2.08368458448628400D-02 -1.65003051274746800D-01 -8.90842146496013800D-02  7.63949290226565400D-02
29  3 -7.07836639138388100D-01 -2.45824186763629200D+00  3.92486248626720700D+00 -6.60079135046564400D-04  1.10780918810978900D-02
29  4 -1.04180127460511600D-02  7.11034770820501400D-03 -3.03803649228612800D-05 -8.53828317172376800D-03  2.34445043456926400D-02
29  5 -9.95048276863512200D-02  7.60603233406565600D-02  1.35797121822536600D-02 -2.47824710587988000D-02  1.25883121851484200D-01
29  6 -1.95571914946696900D-03  3.99621295152726000D-02  2.52225145658145000D-01  3.73461854134478100D+00  1.95572500161897000D-02
29  7  6.52752908148664400D-02  4.02575520984437200D-02 -1.65415979383032000D-01 -1.82013063787083100D-01 -7.90552610238796600D-02
29  8  2.80537928309115400D+00 -5.03399028835932600D+00  8.82815642599661900D+00  8.03336228921638000D-03 -1.20263512676005100D-02
29  9  3.99298897838391400D-03 -5.53111550369059500D-03  5.39079750579052600D-03  1.08556224576854600D-02  1.20408242778267100D-02
29 10 -2.82431715674900800D-01  2.70390891397074200D-01 -1.26374431632413600D-02  1.80565289381173400D-01  2.29435621354882900D-01
29 11  4.83817636944437600D-03  8.02589089258010500D-02 -3.11770505891751100D-01  7.35733194840526700D+00  1.60321112935714900D-02
29 12  1.99322758805768700D-02 -7.03229929559192900D-02 -4.70567350974210400D-01 -3.18740209680296300D-01 -8.82313744378457600D-02
29 13  8.16214285737311900D-01  2.08403187753936000D+00  1.48880470220064100D+00  9.65596217601894000D-03 -9.47936260658451000D-03
29 14 -1.76599569431322000D-04 -9.43673355998904000D-03 -4.33529983429043200D-03  1.38884558513774500D-02 -6.61475616124268500D-02
29 15  3.30902359629661200D-02  3.30573256494589900D-02 -3.11737664363557900D-03 -6.89976025961409700D-03 -5.15022889722375100D-02
29 16 -4.60429563601683800D-02 -5.02069155150634900D-01 -3.04214765071686100D+00 -3.41359660980114800D-03  4.67592563834527200D-03
29 17  2.01044975707171400D-03 -5.24549981776133400D-02  8.31158336966766300D-02  1.14878230065167500D-01 -4.45295940993072900D-03
29 18  2.92981632989142500D-01 -2.06774978667787400D+00  3.95064014197260400D-03  4.42578114040223000D-03 -1.90249411882346400D-03
29 19 -2.21564375031115600D-02 -1.45561162245964700D-02  4.72634596702766500D-02  5.64922407719194600D-02  2.55144199916228600D-01
29 20 -1.28125488070454300D+00 -4.18297013185520800D-03 -1.01327868841945600D-02  4.58669703385743900D-03  2.65992253185609400D-02
29 21 -4.95790685291968700D-02  1.40944241695454000D-01 -2.90416512227394800D-02  7.04107208824751100D-01  3.50915084117761800D+00
29 22  1.96446398879527000D-03 -1.29370448460063100D-02  1.44132098403642100D-02 -1.37926376651427500D-01 -1.38768803484007600D-01
29 23 -1.99592673121805700D-01 -5.28281956313325200D-02 -1.05072886327634500D+00  5.23677728233667600D-01  1.21883673018916800D-03
29 24  8.54343761505823600D-03 -1.97278180246075500D-04 -1.35068968326859100D-01 -1.11295376604629800D-01 -7.16137088151006700D-02
29 25 -1.84811059526453700D-02  1.69409884932190800D-01  2.05041892132450800D+00 -5.83651988221280000D-03 -1.55174310699772000D-02
29 26  8.60176616189079800D-03  8.76857359255195800D-02 -1.38900927640691900D-01  1.37990206103519300D-01  4.43957038337075700D-02
29 27  3.95603523184070400D-02  9.54583714393719600D-01 -5.59762688911538800D-03  1.68643385970253400D-03  3.46429215894479900D-04
29 28 -8.83087878342898500D-02  3.85486882294489900D-02 -2.64789241522180800D-02 -1.52312372128936400D-03 -1.17493110938815600D-02
29 29 -9.54055394140302300D-03  7.75564561096407800D-02  6.75452202336511800D-03  4.44118735178593500D-04 -4.75229824203354200D-03
29 30  3.66697097522784900D-03 -1.16393569781948400D-02  4.51530712444129800D-03 -5.82165991730609400D-02  9.09017566118404700D-02
29 31 -5.24940503133063900D-02  1.34158658821503200D-03 -1.12360300163521200D-03 -2.17983586578455000D-04 -2.40062908268613300D-04
29 32 -6.74043467171772900D-05  3.93247928971419900D-04  2.14423958885947300D-03 -2.62908110833358400D-03  4.84841519474152600D-04
29 33  1.28946045831016000D-03 -2.13205074320266300D-03  1.37997588062664300D-03
30  1 -2.20317189492650400D-02 -1.34341537704183500D-01  5.82562603313764400D-01  1.82736954629710200D+00  1.67958114400718200D-02
30  2 -1.34355710200312800D-03 -4.77690247667297400D-02  5.35994406765743400D-02 -5.00591572253426800D-01  9.21456418697126900D-01
30  3 -2.19857113837929700D-01 -1.52354758975805100D+00  2.79619749770477900D+00  4.22671313025155900D-03 -9.26256953203462300D-03
30  4  5.03585640178319600D-03 -5.41738875654141600D-03 -1.73009864639031300D-03  5.52461908920918100D-03  7.87143279143576200D-02
30  5  9.83842735558096300D-02 -1.77098601470169300D-01  4.70079751226351900D-02 -6.39497736274526500D-02  1.30801836055355900D-01
30  6 -3.18543906626133600D-02 -5.47780975052300100D-02  1.39194625842258500D+00  5.21315160622661600D+00 -1.66653536264498300D-02
30  7 -8.51002312842916400D-02  5.35902922882073400D-02  1.99586272862545200D-02 -2.94369974779296300D-01  4.55428705657213200D-01
30  8  3.39387746260611600D-01 -7.55455942503877700D-01  5.32313022648283500D-01  5.64113907302103600D-03  3.49632592458768300D-03
30  9 -9.13746499761112400D-03 -6.34815006493590200D-03 -5.79917760760915700D-03  1.59935792516849900D-03 -7.06615491012102900D-02
30 10  1.68189719153977000D-01 -9.75281700527682600D-02  9.83796159986011400D-02 -2.01579227630327300D-02 -1.07482050412707400D-01
30 11 -2.68578483484242100D-02 -1.34304901341716100D-01  9.18279483667211900D-01  3.53042082577584500D+00 -4.18805545707795100D-02
30 12  2.84324038192829500D-02  6.66161527856650700D-02 -3.92697244652907000D-01  9.09848163322217700D-02 -4.42780890681473200D-01
30 13 -1.67479146780677800D-01  2.44488042258836600D-01 -8.67784247436621900D-01 -7.40397897841316700D-04 -2.12508304310070000D-03
30 14  2.86548094094383500D-03 -1.91680118664948200D-02 -9.70322387081710500D-03 -2.79872190674252600D-03 -2.13400507465280500D-02
30 15  9.98153817576516400D-02 -7.84753310111234000D-02  1.30087367625521100D-01 -6.44892478916385000D-02 -1.06408538069804100D-01
30 16 -8.24683955864970200D-03 -1.17963331350323700D+00 -2.32726806658256300D+00 -9.72167307756756000D-03  7.39571976320837200D-03
30 17  1.54916977667270000D-02 -1.34827173347218200D-01  1.33403698484682200D-01  2.36609466706867800D-01 -1.10581911528105500D-03
30 18 -8.90266164325521400D-01 -1.49269808055638500D+00  1.33141660975832400D-02 -2.21979788455705400D-03  3.51424660171102400D-03
30 19  1.98580931206164300D-01 -3.10855369222953900D-02  3.10675081282472500D-02 -4.49731509838367800D-02 -1.45266946886749800D+00
30 20 -1.92555876600641900D+00 -5.27574986109167100D-03 -1.14114284348852300D-02 -2.92607010105092500D-03 -1.35379306797144500D-01
30 21 -2.72557887295323800D-01 -9.34537339448079500D-02 -1.07006274338830400D-02 -1.16189834839764500D+00  1.60764044570842800D+00
30 22  4.55109935021739600D-03  9.09869688070082100D-03 -1.40369661918725900D-03  9.14392160411431200D-02  2.83606451928221200D-01
30 23  6.09815828657025400D-02 -6.02887145351284700D-02 -1.59641514690847300D+00  6.07172635130299400D-01 -6.38517548486720000D-03
30 24 -4.25572133709704900D-03  3.34829625747104000D-03 -2.37414127581049200D-01 -2.06767200558403100D-01  7.45263502145368500D-03
30 25  3.92740668744638800D-04 -1.41125615600990800D+00 -2.72061581898370200D+00 -2.83019435441340900D-03  9.97855128866498000D-03
30 26 -1.25163748543267700D-02 -1.30540146001115300D-01  1.78142449563512800D-01 -3.09208261641453700D-01  1.28067162139346500D-01
30 27 -5.01973388478020200D-02 -2.19976505694994400D-01 -1.88413681563451700D-02  1.61172507580673600D-03  3.79725351925275000D-03
30 28 -1.86407729937574700D-01  2.82945615425974900D-02  1.55466986737985400D-02 -5.30366174639041500D-03 -4.23444434743823900D-02
30 29 -4.72119002827871400D-02  1.22353350900040000D-01  1.16790174472866200D-01 -1.91255744649634900D-02 -1.06336610399795500D-02
30 30  6.78482203757430900D-02 -1.02094152591976000D-02 -1.13995253615510200D-02  9.07727372322089800D-02 -1.23804606791465900D-01
30 31 -3.04416663688065100D-02  1.15431179184564100D-03 -8.30112968216025100D-04 -3.24198823630286100D-04 -4.31242993218380000D-04
30 32 -6.29890799320550500D-04  8.52290512614095100D-05  8.39995031663186300D-03 -3.81812171171227800D-03 -4.58182860491958100D-03
30 33  2.04298711097804600D-03 -8.43690928905325300D-04  4.87642416880342700D-04
31  1 -1.18192976528521500D-02 -1.90942324075981300D-02  5.39776484776257700D-01  2.86031755512932000D+00  3.85188340969259300D-02
31  2  7.71160997257075000D-02  4.35278731925236400D-02 -1.29964743406314100D-01 -2.08175851332453400D-02 -4.10605525812474600D-01
31  3  2.92104307487411500D-01  1.70954814877434100D+00 -2.06773507041620400D+00  4.56619878897540100D-03  5.51707336820727200D-03
31  4 -1.00832721571820000D-02  2.09949874830992000D-03 -5.87689677732656700D-03  4.34953431315926400D-03 -5.45725574288340900D-02
31  5  1.05225000853230000D-02  4.40500573435103000D-02 -3.70817870640071000D-02  1.08284492956922100D-01 -9.48768250286001300D-03
31  6 -3.23773952288906900D-03  3.21108914274673800D-02  5.65256687708945700D-01  5.19526476894340400D+00  2.92181804687609400D-02
31  7  1.41100369484695100D-01 -3.45338201174745100D-02 -6.71765907904513100D-01 -8.98265588394837200D-02 -1.22996946812787700D+00
31  8 -3.13330061139791400D+00 -2.60618856435753400D+00 -5.37331985173580700D+00  7.49640116417490700D-03 -1.64951404651543100D-02
31  9  8.99873930098046100D-03 -9.46520449889722400D-03  5.59714544505043600D-03 -2.20368240156915400D-03  6.53131777565238900D-02
31 10 -2.92134507121029300D-01  2.26821329364506900D-01 -9.10294085427821600D-02  2.96360627513012500D-01  1.22777827341057300D-01
31 11 -3.22703697913054600D-03 -7.91742859157444500D-02 -6.37623656022400500D-01 -7.35528741981389900D+00 -8.83903494932317600D-03
31 12  1.40652545506647700D-01  2.98309966051507600D-02 -1.04429453109160300D+00 -9.20510021666301100D-01 -6.68455027296762600D-01
31 13 -2.75035895324267800D+00 -3.18193104963212600D+00 -2.43429640346650800D+00  3.79246498978358900D-03  7.60385132383530000D-03
31 14 -1.13963163136205700D-02  8.90319484607554600D-03 -1.07027099976492900D-02  9.12444321895475300D-03 -4.67560408112558400D-03
31 15  1.23932473458394200D-01 -1.19256869377266700D-01 -6.70914907509662200D-02 -2.01363704734490800D-01 -1.55316794591487800D-01
31 16  3.10358065879599100D-02  2.16765500005900300D-01  1.56531751932816000D+00 -4.17568104969828900D-04 -1.34177633192630700D-05
31 17 -4.16266958653475600D-03  3.35133550568082100D-02 -2.47581484457798200D-02  2.17843600020661000D-02  1.82448997840199600D-02
31 18 -7.20909853809054400D-02  7.22120424364117500D-01  1.11750252572738100D-03  3.44694836153069300D-03 -5.25473697090086600D-03
31 19  1.21063126333026300D-02  3.08525576986458100D-02  3.77170599402641200D-02  1.05107149502695900D-02 -6.05525473255140600D-01
31 20  1.40397175291800400D+00 -5.59906994454418300D-03 -9.11078332976827900D-03 -1.07999466243953400D-02 -1.03735511259291600D-01
31 21 -1.79534178751043600D-01  1.73703335204920300D-01 -3.61279059069225500D-02  8.87366081759241300D-01  4.33848180099938000D+00
31 22 -3.19007028296410100D-03 -1.51734737194374100D-02 -3.58180571400733400D-03 -1.23309519037791400D-01 -2.62864287607018600D-01
31 23 -3.62806461394658900D-03 -3.06865761073550700D-02 -2.31326541983234400D+00 -6.49141085031434500D+00 -1.37306795813757500D-02
31 24 -1.30683981715727100D-02  2.87290660932861000D-03 -4.61062529213187500D-01 -3.49103285690289600D-01 -3.90636149210787400D-02
31 25 -1.80865788250989000D-02  1.37077741991187700D-01  9.35244693386750500D-01  5.21828220267230900D-04 -2.14626292906638700D-03
31 26  3.56922237673895200D-03  2.11090273598981200D-02  4.46256061524778000D-02  8.35233014832604300D-02  7.25636137702101300D-02
31 27 -1.60110724547902500D-01 -2.41045103985801000D+00 -1.26579233370111300D-02 -6.18009656898795200D-03  9.30165760399538300D-04
31 28  1.38102850523970000D-01 -6.02938224762645800D-03 -9.84528032752557700D-02 -1.91596652844056900D-03 -2.06863930892316000D-02
31 29 -4.11024852638171800D-02 -2.74638969751851600D-01  7.31325265964602000D-02  7.36229930183923100D-03 -2.92574189323730400D-02
31 30  5.00514422813929600D-02  3.95628309862761400D-03 -6.37540419580641000D-03  2.26560137314341200D-01 -3.62351346825708700D-02
31 31 -1.83936818385198800D-01  4.43658609353058400D-04 -7.86548297715011900D-04  3.42889688361210400D-04 -1.15170158661907200D-04
31 32 -4.54668874660864500D-05 -2.42968923737344600D-04  7.08146561513502100D-03 -1.59608164186493300D-03 -5.48538397327007800D-03
31 33  2.41194898983078400D-03 -8.30206642886010100D-04 -1.62162665202314300D-03
32  1  6.07318013222600300D-03 -1.94588980982852300D-02 -5.49892429445959500D-01 -2.19574542357015400D+00 -2.12559633928376300D-02
32  2  6.79619400568951300D-02 -4.01897128805316600D-02  1.97312847605133800D-01 -5.43646865280846300D-01  6.00194231817851800D-01
32  3  1.86858468563787300D+00 -1.76158816835184700D+00  2.64319394433122300D+00 -4.31112544923624300D-03  7.45383885231986400D-03
32  4 -3.14271340308254100D-03  5.35451764377270400D-03 -2.87043932844118000D-03  3.16112046602523100D-03  1.01506188704371400D-01
32  5 -3.96732723453174900D-02 -6.18329163590547400D-02 -2.45241272573042400D-02  1.50213386598780100D-01  1.65067207840358600D-01
32  6  4.93157513015801300D-03  1.94712759472828500D-02 -2.99006336935687300D-01 -7.38476691770965100D+00  7.71490192258768900D-02
32  7  5.56684649112234000D-02  4.50666308236344800D-02  2.97408121342736400D-01 -4.51578685334466000D-01  8.88149907992477000D-01
32  8  1.00070154286195300D-01 -1.36175713563614400D-01  2.53353506436087100D+00 -4.94015789413590500D-03 -5.47993192393332600D-03
32  9  1.04200898180691500D-02 -7.46243591617313600D-03 -7.55233508756336800D-04 -1.45209586514070100D-02 -9.49103408101092900D-02
32 10 -9.79022116010232900D-02  1.92812552411132100D-01 -2.30884840070757200D-01  5.47032062129365400D-03 -2.74485635451956000D-01
32 11  1.75172561260328100D-04  3.49770549380355500D-02  3.97130963860245300D-01  6.52294725745253400D+00 -4.98305025750067600D-02
32 12  1.03437035824732700D-01 -7.32320974414607400D-02  3.06753443112969000D-01 -2.31415445491862500D-01  6.15671040491468800D-01
32 13  4.20399657483534500D+00 -4.68144988758055300D-01  5.40265668561715500D+00  2.29486241718034300D-03  9.16206428299134500D-03
32 14 -1.14569267001708400D-02  8.08134449171934100D-03 -2.90191140129088600D-03  3.75079483690878600D-03  3.39217668184071400D-02
32 15 -3.93864759517155000D-02  5.46470913330676000D-03 -3.62666313397389100D-02 -1.42703539745576100D-02  1.38737601064125000D-02
32 16  4.20750888016071700D-03  2.72051506564071100D-01 -1.21186692327240600D-01  3.37211303220984300D-03 -1.04802667070512400D-03
32 17  4.68967048775921300D-04 -2.85169433634802500D-02  5.85783774558708100D-02 -7.91877592209133000D-02 -4.66842296147991200D-02
32 18 -7.40063985614256800D-01 -1.53205288785121100D+00  5.42380069577165900D-03 -8.84338547817351400D-04  5.14619900391646800D-03
32 19  1.74830344685699200D-01  7.85372447528280000D-02 -9.93875448511156000D-02  1.03593035941615200D-02 -1.20918939384378700D-01
32 20 -3.60331576476792100D+00 -1.45914711835438300D-03 -4.31665485950987100D-03 -4.73209989032257700D-03 -7.65765771992070900D-02
32 21 -6.57675060250591800D-02 -2.18211764932643000D-03 -2.55129735755529500D-02  1.35755775956782700D+00  1.79732500139089600D-01
32 22 -5.72124827707629900D-03 -8.17716483164630300D-03 -3.92773312244917300D-03 -7.40747463821822100D-02 -3.78699318353429500D-01
32 23  4.71627257339336600D-02  2.61761887926722700D-02 -2.25593658678393100D-01  3.67047739766375700D+00 -2.60109336072832100D-03
32 24 -5.29410084237996600D-03  4.93423711551885100D-03 -1.23200830256032700D-01 -4.95577836187526600D-04 -1.36269112021362200D-01
32 25  1.80294574245059800D-02  8.10656392169657500D-01  4.15516934901106300D+00  8.06088978286847100D-03 -2.75847712421277000D-03
32 26  1.97132373175010400D-02 -7.94158631254942000D-02 -1.16550425474947000D-01  1.92865479644358700D-01  9.62066417679003000D-03
32 27 -1.61031699929302500D-01 -6.75189688562648400D-01 -1.72794046652713600D-03 -5.11598230874767200D-03  6.37222682240933900D-04
32 28  1.57169576285638000D-01 -8.52714606362947400D-03 -3.20005170187411200D-03  1.06915368296248100D-03  6.91422713102445100D-04
32 29 -2.16259641068989700D-02 -1.37004581547311000D-01  2.42089106765076400D-02  1.49183447522688700D-02  5.24335745206665200D-03
32 30  1.71401459222456600D-02  1.09807488928078800D-02  3.14022182320446900D-04  7.90199953767131400D-02  3.85055012804164900D-02
32 31  6.48085679538566400D-02 -3.70872993396553700D-04  3.01267475507987600D-04  6.96055178897014600D-05  1.47371296260693100D-04
32 32 -1.54919711695908300D-04 -6.98356994702573500D-04  1.05727086620004500D-03 -6.65022194026914200D-04 -3.92248672173105900D-04
32 33  3.15628865050550400D-04 -3.33374054971255500D-03  1.26385899215886200D-03
33  1  3.83534298599128700D-03  3.43435572081606000D-02  1.97041288897290900D-01 -4.77173609816841900D+00 -1.17667564233981300D-01
33  2  1.82962182176005000D-02  5.73291344114559100D-02  7.65660768771763700D-01  3.61139530392822200D-01 -8.54189505333475900D-01
33  3  3.25389903287063900D+00  4.06393246141962000D-01  6.84902563003935500D-01 -8.30755388011348300D-03  8.92442259042696600D-03
33  4 -6.16868710311222700D-04  1.83245800694528200D-03  1.05855168170153100D-02 -4.69904843496714400D-03  8.89710887442838300D-02
33  5 -9.22593420494074200D-02  3.28825330512213600D-03 -4.77141293558156400D-02  1.00221790750472000D-01 -2.08896682781266100D-01
33  6 -4.31520657082762300D-03 -4.20409372365993500D-02  3.55428158553355400D-01  1.42694016226873300D+00 -8.15617233889820300D-02
33  7  4.36211075027948200D-02  7.09589354283465700D-02 -4.84545393956463200D-01  2.74356446484262100D-01 -9.42451238683084200D-01
33  8  1.93371195696891700D+00 -2.43614511189704300D+00  1.16961619684162700D-02  2.83026137221515600D-03 -2.46255668467311500D-03
33  9 -3.67704687541616600D-04  5.62391655448785500D-03  1.32741608404182300D-03  8.24928360023159000D-03  1.53907743084864500D-01
33 10 -9.90556882437281700D-03 -1.44002174260489600D-01  1.93675405414965900D-01  1.09845411002489800D-01  3.34556955329220600D-01
33 11 -1.11043354553730900D-03 -7.37630920544612900D-05 -4.42446475811958600D-01  3.34491947213636000D+00 -6.06430112810969200D-02
33 12  2.66387554232056400D-02  4.18909562208352000D-02 -5.45924841119799900D-01  3.36115077459941700D-02 -7.05732947671746200D-01
33 13 -2.19250220175378300D-01  1.15685378290393400D+00  1.46812481883557200D+00  2.48933152580735400D-03  4.23555616804679900D-03
33 14 -6.72488769385263400D-03 -2.43637286345002700D-02 -1.16187856039382800D-02  5.03241868043195800D-03 -1.49695158928454100D-02
33 15  1.49729502586329400D-01 -1.34759986693484200D-01  1.11851150722315700D-01 -1.40306232021898800D-01 -7.38135246808932900D-02
33 16  1.06652894257099200D-02  1.99329613511813400D+00  3.38673181486002500D+00  1.42607820207341600D-02 -1.02341338416129000D-02
33 17 -6.88508287961829900D-03  2.61951792525630700D-01 -2.46570059405335200D-01 -4.42960452943910100D-01 -6.54688561641378500D-02
33 18 -1.49030306253827300D+00 -5.27232397451189500D+00  1.09600302669402100D-02  3.60342212988989700D-03  5.40913309146813200D-03
33 19  2.42113162330948500D-01 -5.98006233526573400D-02  2.25654150708485400D-01  5.01446655002420400D-02  1.16515257420356700D+00
33 20  2.60940197726474500D+00  3.83103528492708800D-03  7.74082577910074300D-03 -1.72875087597774300D-03  4.65177694728539800D-02
33 21  1.55022597184231600D-01  8.23533625482167900D-02  9.83626590046440100D-03 -7.30473533606998300D-01 -2.52719397581243400D-02
33 22  8.61861673063323700D-03 -2.21522782921832700D-03 -7.58314329022367000D-04 -4.39379289551191200D-02  2.63422488534275100D-01
33 23  5.96041958977951800D-02 -3.67794993226453800D-02 -9.74320604895288400D-01  3.86470993973850500D-01  1.66972085114846300D-03
33 24  9.48174614061742800D-03  8.53703924634918000D-04 -3.60456392950727600D-02 -4.98198986276744600D-02  2.36064921020437700D-02
33 25 -3.82978570764142000D-02 -9.39199513877804600D-01  5.03460136735627700D-01 -4.91985641283243300D-03  4.13242051765787100D-03
33 26  2.03988237754905300D-03 -1.08973018740071200D-01  5.12727164107170800D-02 -1.43441009139676900D-01  1.81149889877633200D-01
33 27  5.09087643969669500D-01 -1.12957906523675600D+00 -1.61723052414931900D-02 -1.75061891267049600D-03  2.09299450296264600D-03
33 28 -8.56319374443727800D-03 -6.20061263209785200D-02 -2.67641531083242500D-02 -7.13503212860874200D-03 -7.27316565934056100D-02
33 29 -1.15292046575629500D-01 -7.35966889696930000D-01  1.07129760697482500D-01 -1.09992285198879400D-02 -3.53323147930820500D-02
33 30  1.02111441801519000D-01  3.70488185438105700D-03 -1.39013911650748100D-02  3.91624255652805300D-01 -2.16811431666336600D-01
33 31 -3.58460284296118800D-01  3.07134619110269300D-03 -1.60911613552500600D-03 -1.46223005557834500D-03 -4.62463716072821900D-04
33 32 -9.05658414524759400D-04  7.66123897454905400D-04  2.97146173894217600D-03  8.64652083248726600D-04 -3.83611382219088200D-03
33 33  3.03330578773020100D-03  1.80901002541071500D-03 -3.79256481831709600D-03
34  1 -1.08335946650591700D-02 -8.23610985906271800D-02  2.18703233354723900D-02 -2.57755577772923200D+00 -5.09169102683139800D-02
34  2  1.05539620586404200D-01  5.03537625002535400D-02  1.61393516802695900D-01 -1.09884618277385600D+00  7.23803257831400200D-02
34  3 -3.34891908755657200D-01 -5.70429439190582100D+00 -1.85225511933335000D+00  4.05437921741530600D-03 -3.00981753086858200D-03
34  4 -1.04456168654758100D-03 -9.68720700343804100D-03 -3.11513187262928300D-03  2.47821925511484800D-03  8.85912077280102400D-02
34  5  2.83251120989362000D-01 -3.71842328717371400D-01  1.36187146193103000D-01  2.21335759300382100D-02 -1.90611774134006100D-02
34  6  3.51126654925147800D-03  1.88282397147374100D-02 -2.43264365223419000D-01  1.33821441139107200D+00 -2.85222155488882600D-02
34  7 -2.05149398388088800D-02  1.87805292799794700D-02  5.57358373637929200D-01  9.26801569719715400D-02  9.24220852221467900D-01
34  8  1.50653989884445800D+00 -7.88155538140193000D-01  5.39914623007364300D+00  6.89856909668690300D-03 -3.69605843871768000D-03
34  9 -3.20251065796707100D-03  5.25431342998149300D-03 -5.51904692800632900D-03  2.37201870736570400D-03 -1.38298842634806600D-01
34 10  1.82134595588824700D-01 -4.38357529540179600D-02 -1.09763420916339100D-01 -1.93870462996060500D-01 -3.09189398925731600D-01
34 11  1.13697687448751200D-03  2.32896056155817700D-02  3.69607403650969100D-01  1.88891634107876700D+00 -5.89122735977436400D-02
34 12 -5.32209627384193600D-02  4.76037141349127800D-02  8.71191249012042300D-01  5.14570809298879900D-01  5.47150819520016400D-01
34 13  2.98181545735570900D+00  3.13168528786904500D+00 -1.41972793551569000D+00 -9.37100511465422000D-03 -2.07988015263454200D-03
34 14  1.14508852672876600D-02  6.62381752884973600D-03  1.10972304758502400D-02 -5.75011607898731200D-03 -6.51435908978039600D-02
34 15 -1.47122030102670900D-01  2.12265621000475200D-01 -1.72628959321659500D-01  1.16877347224562100D-01 -4.08345037888841100D-02
34 16  8.77642579070883700D-02  1.60772731469390800D+00  4.58185839281390200D+00 -1.71250063209147800D-03 -3.46827813665372900D-03
34 17 -6.77740209711211400D-03  1.61709632903677900D-01 -1.62447009188784000D-01 -1.69484604432872300D-01  1.43509165200293400D-03
34 18 -7.47351130597745300D-01 -5.41365325011894600D-01  1.44550522748824600D-02 -6.28006095546423300D-03 -6.02138881194462100D-03
34 19  2.12499119598676700D-01  3.55041477419980400D-03  2.08816401997444100D-01 -6.57205735324077700D-02 -2.69325136810249300D+00
34 20 -7.73636606345196100D+00 -5.15540099864898600D-03 -2.09066023178303100D-02 -3.86297209263306000D-03 -2.61449600666785600D-01
34 21 -5.01149659157015600D-01 -2.88192042947101300D-02  9.96433084252504000D-03 -6.18330072490669000D-01  3.37642217187688400D-01
34 22  3.53237980267005100D-03  1.83545606503365600D-04  6.97801571785976100D-04  9.47107453410490900D-02  1.23170681424479900D-01
34 23  3.38720347816259300D-02  3.94403344973376300D-02  2.16109522459529500D+00  7.00547949484217500D+00  5.57135012661240100D-03
34 24  3.54219152136433600D-03 -1.83456022528700500D-03  2.62213605868570500D-01  3.65312461444674600D-01 -1.01181770372582300D-01
34 25  4.47630482362375800D-02 -3.77258892491125500D-01 -2.62415620758110400D+00 -2.80445236885416100D-04  3.81492685509015700D-03
34 26 -7.68121958687874000D-03 -2.94095598274473300D-02  8.36204960423973800D-02 -7.75510102434719800D-02 -6.35300072898330000D-02
34 27  4.68564122170524400D-02 -1.11939247076550900D+00  1.00407651843633600D-02 -2.43928784664459200D-03  3.43505247763880000D-03
34 28  2.84097382973625400D-01 -5.99793079611181100D-02 -1.29050439793578300D-01  8.78361561373361500D-04 -7.83330871854975100D-04
34 29 -2.11481520143930500D-02 -6.36318517021470700D-01 -5.30246850089733600D-02  1.23953539344519200D-02 -6.07107542150229400D-02
34 30 -2.09909956256003300D-02  1.13354069539868400D-02 -4.33831199668383800D-02  3.17136705131736200D-01 -6.98549016968631200D-02
34 31 -1.51470711842453500D-01 -1.53027657428175500D-03 -2.92206125682858900D-04  1.82248269996578700D-03  3.26618231033072200D-04
34 32  1.06314379941625700D-03 -4.36869747808668400D-04 -6.77806765901044700D-03  5.30233568043166900D-03  1.47573197857877800D-03
34 33  6.70616134448631700D-04  3.48896368612933200D-04 -2.71459622150037000D-03
35  1  3.10727542890134500D-03  4.57999214297821900D-02  8.95730065550390900D-02  5.49545139993906300D+00  6.42042050083672900D-03
35  2  1.29653670148392900D-01 -9.42182743772312900D-03  1.58176396068470000D-01  1.50041103423519500D-02 -2.62780307539496100D-01
35  3 -7.28754034110868500D-01 -2.59102340137732900D+00 -2.26328124594019700D+00  5.45759931474088100D-04  4.88853038739660300D-03
35  4 -5.43429031887112800D-03  6.97333419499560000D-03  5.50196353025076400D-03  3.71466560618531300D-03 -1.61154549102594200D-02
35  5  1.53690844111152000D-01 -1.37575389200893700D-01  8.78310170085020700D-02 -8.60650629021585700D-02 -1.55527542063174700D-01
35  6  1.36778341996541200D-03 -7.20666032014349200D-02 -5.22140895034184800D-01 -2.19269727427579000D+00 -5.91430479345090600D-02
35  7 -8.32107527520536800D-02 -2.97721474806131600D-02  2.66730749271078900D-01  1.69307007480697400D-01  4.57648088587823600D-01
35  8  3.19699244240802800D+00  8.72604459843419100D+00 -2.26044767842705200D+00 -1.34285010130509400D-02 -1.15180236839151000D-02
35  9  2.49465246969650700D-02 -6.01106029808494500D-03  8.47830318816838000D-03 -5.57453707354847600D-03  3.27233281134992100D-02
35 10  4.20677810045562700D-01 -4.53401138159057300D-01  2.96051200355151500D-01 -2.65997724938595400D-01  2.81753460554257700D-02
35 11 -7.59826583416296200D-06  4.43229052362093900D-02  8.70361440500591800D-01  1.82116129733330600D+00  1.34307585883603200D-01
35 12  1.03368218696285300D-01 -9.10648378320095800D-02  1.50468552793314000D-01 -1.19770879112321800D-02  6.94697762127654100D-01
35 13 -3.84046781742330800D+00 -5.52131540798808600D+00  3.32935842327081500D+00  7.69453109003214700D-04  2.72951075775353100D-03
35 14 -3.49896386675500600D-03  1.89488208830069000D-03  2.76341688774854300D-03 -3.13799841512539200D-03  2.16278638243550300D-01
35 15  3.84610187811631400D-02 -2.54739657024713500D-01  3.22661421585233500D-01  1.64968138910868600D-01  3.92841039607592500D-01
35 16 -9.50567172132761600D-03  8.83116090238652700D-01  4.27180335574431200D+00  7.21851170398845800D-03 -2.88417885074471900D-03
35 17 -9.78843087192049300D-03  1.65284351664116600D-01 -4.44194758938487700D-02 -2.33129492491238000D-01 -6.56898103703870000D-03
35 18  1.81245238944414300D-01  8.59199204193704200D-01 -4.40561294637787900D-03  2.75400617805077800D-03 -1.13866685997789200D-04
35 19 -5.86850991569895900D-02  9.78784479536974200D-02 -1.34113463689103700D-02 -4.18952692893687200D-03 -5.57906543621134900D-01
35 20 -2.88866600504499600D+00 -5.97973495792745200D-03 -7.14001095123869800D-03 -5.85673312255137600D-04 -9.61150180147989200D-02
35 21 -1.09782458118184300D-01 -1.86004820544220300D-01 -2.02440114137933500D-02 -1.51570587172341700D+00 -7.12464185268166400D+00
35 22  5.87974344580599300D-03  1.42391034061530200D-02 -5.03030081411693900D-04  6.47908791144258800D-02  2.70225071008812400D-01
35 23  6.45709545221854900D-02 -5.00989490218469500D-02 -1.42198110125966000D+00 -6.89780910363177700D+00 -6.91789159730071900D-03
35 24 -1.19748014506022200D-02 -2.03849841603969800D-03 -2.17200155262161300D-02 -2.69413199071214600D-01  2.09587785239576500D-01
35 25  2.85033541445710900D-04  2.08756275675035000D+00  5.90546656515393100D+00 -1.36270022011923400D-03 -1.06951783558332700D-02
35 26  1.38165203098689700D-02  1.12121077530635400D-01 -3.05275614168163000D-01  3.93003417810595800D-01 -5.60437996362879400D-02
35 27  1.77956668684880200D-01  1.94490212131081000D+00  7.64475422586606100D-03 -4.91256150230007700D-05  2.23552018128518300D-03
35 28 -2.31868267187282700D-01  9.93160959757865100D-02  7.97588335106059300D-02  2.33616641875540300D-03  2.35913132577531600D-02
35 29  4.87582170594872600D-02  5.48447420209152000D-01 -5.36819756191432800D-02  1.34990839878900100D-02 -8.36550502440328900D-03
35 30 -4.23267113719199800D-02  7.72762743320861000D-03 -1.15613899079935900D-02 -2.73897452422950400D-01  6.10535738299453900D-03
35 31  4.63772837169796700D-02 -3.10713683579941700D-05  3.90758520014607700D-04 -3.59687151656851200D-04 -8.27640330418390500D-05
35 32 -2.44141016977121400D-04  5.15457352630449800D-04 -4.09059535721929000D-03  2.89291239334966400D-03  1.19768296386959800D-03
35 33  4.77536688978171700D-03  1.24747954551762700D-03  9.15307079980425700D-04
36  1 -1.05670621760389900D-02 -7.66463979397929300D-02 -1.53325876871800100D-01  1.46734763052006800D+01 -5.86617209087177700D-02
36  2  5.01909286508455500D-02 -7.08380448255788600D-04  4.42428341659178800D-01 -8.33514644401722000D-01  1.32803080272929900D+00
36  3  1.85984978145981400D+00  2.74975321347020600D+00 -2.32542550472337200D+00  6.18126169254447000D-03  3.63604914582064800D-03
36  4 -9.81731083836440800D-03  8.29282230649793800D-03  1.51123490819393400D-02  7.08133928175552500D-03  2.15876376435266200D-01
36  5 -8.00438061914517700D-02 -1.35832570243813900D-01 -9.13362587192795800D-03  4.87934072001522700D-02  2.72401132782165800D-01
36  6  9.05709477187407200D-03  8.97435544811352200D-02 -3.78170970534733800D-01 -9.44829415388337100D+00 -2.65039587480463800D-02
36  7  2.20425101247125500D-02 -2.04551345221679000D-02  1.02632793925096200D-01 -9.53856244416126800D-01  1.37342961600008300D+00
36  8 -1.89244574451619200D+00  9.14154082776963800D-01 -5.99163998596217300D+00 -2.06166939996136100D-02  9.67969519611343500D-03
36  9  1.09369988034994600D-02  1.93007680163902300D-02 -2.42269257690698200D-03 -3.86547700745122900D-04 -1.52760671768630800D-01
36 10 -1.92645966586741100D-01  3.45406638355373900D-01 -2.60864197980703900D-01 -7.67512516680157300D-02 -5.46458417668553300D-01
36 11 -1.53050491339789700D-02 -7.25022912801445200D-02  9.27653843902520300D-01 -3.73080492187236200D+00  1.98463062161926900D-01
36 12 -1.33465309078506800D-01 -2.49992653127777600D-02  4.57630673886644200D-01 -1.20913543227341200D-01  4.32638964102669000D-01
36 13 -3.33743379855146500D+00 -6.87543568359926000D-02 -7.17215285349625300D-01 -1.10955908547153000D-02  3.61376025086179500D-03
36 14  7.48183060385035300D-03  2.46300810576133500D-02  1.45578397411987100D-02 -1.72693523302148300D-02  2.49757902542371300D-02
36 15 -1.73499353102482000D-01  1.48523562848247200D-01 -9.92941992627203900D-02  2.56705468249508800D-01  4.64661283608544700D-02
36 16 -2.29704936855104600D-02 -1.13136976601085100D+00  1.40390934848714900D+00 -7.66745126956286600D-04  4.66488820640245700D-03
36 17  4.04540548818595200D-03 -9.99362781028942400D-02  1.69976913116750900D-01  6.06671157349272400D-02  1.78827720624098300D-02
36 18 -2.09475652059911900D+00 -3.27258143828480600D+00  1.86883781418178300D-02 -2.88824605947070600D-04  6.14197094260003400D-03
36 19  4.76425920964794300D-01  1.81898676129158300D-02  1.42411370867014800D-01  2.28163416587632100D-02 -6.02983575630604700D-01
36 20  2.06545772523264500D+00 -6.50786933238927700D-03 -6.78055687108898800D-03 -5.42925632603455500D-03 -1.60522860902478100D-01
36 21 -1.39476011554424500D-01 -9.13410354660075300D-02  3.38441563643573300D-02  2.70864047655122900D+00  1.53604355468599000D+00
36 22 -5.52728659018324300D-03 -8.23173470431350800D-03 -3.18861283326713400D-05 -2.18783574292781300D-01 -6.24294620582913100D-01
36 23  4.62241992151084200D-02  2.90851500958386100D-02  6.76401617807622400D-01 -3.21574090060750800D+00 -6.34659994768092000D-03
36 24 -1.52829851059842800D-02  1.40222876584420800D-05  1.37508203113095400D-01 -1.77072075245230000D-01  1.42525603098946500D-01
36 25  9.05289803582123200D-02  4.26806830664810200D-01 -2.79919561475997400D+00  3.63577495385434200D-03  5.15853849940014300D-03
36 26 -1.09559717516757800D-02  1.91480770505342900D-01  1.31315444353780400D-01 -1.36405515036144600D-01 -2.24674666517768300D-01
36 27  2.20153337047668600D-01  3.03163060232298100D+00  2.81086119601125100D-02 -1.14414919243548800D-03 -9.53668613205744100D-04
36 28  1.77016290768002200D-01  1.06839635032943200D-01  2.48070386607921600D-02  5.18083719726868600D-03  6.43513850163734700D-02
36 29  1.28596663430700100D-01 -3.82368076047941200D-01 -1.87201466263548700D-01  3.36821395010840100D-02  2.83755830006563500D-02
36 30 -1.06727714254898800D-01  5.00043508945288200D-03  1.23221937925332300D-02 -7.28396778427587800D-02  1.10465920492999500D-01
36 31  3.07399017089954700D-02 -2.48879711370071700D-03  6.88177587094751200D-04  1.80061952660463400D-03 -1.81087972266562300D-04
36 32  1.31122494196334300D-04 -7.09723646573791900D-04 -1.62030152479884400D-02  1.12086094596031600D-02  4.99440578838524400D-03
36 33  3.79934977273049800D-03  2.91780217216565000D-03  3.42305113865615900D-04
37  1  1.59539670975879800D-02  5.88042368212724200D-02 -5.18927654288848900D-01 -7.62385636604909300D+00  1.09675361660464400D-01
37  2  1.59069845488689100D-01  1.76012461394038100D-01 -2.92776157886968700D-01  3.80610251361287100D-01 -8.73788626780908100D-01
37  3 -1.86580441692246200D+00 -4.39169663456812400D+00  1.33441338233177800D-01 -3.01627036888979600D-02  2.70209196012475500D-02
37  4  3.14178408764870200D-03  4.05993854568579300D-02  1.39537389256313200D-02 -1.62184533090515900D-02 -1.52892311410666000D-01
37  5  6.22001283525750500D-02  9.06921830580874700D-02 -1.93926008607569900D-01 -1.37352560397308000D-01 -2.86099839119948200D-01
37  6  5.00891332345550600D-03  1.96263341300144400D-02  3.16657206378621900D-01 -1.63826797048296000D+01  7.84522212317396700D-02
37  7 -4.11689425471539100D-02  4.09866171361315900D-02 -1.14739287624936200D+00 -5.61390804841403800D-01 -1.73094140793905100D+00
37  8  4.54343989324163600D+00  2.35524058658728300D+00  9.78754938168492600D+00  7.21754089651048900D-04 -1.43662019980379100D-02
37  9  1.36444479083867300D-02  8.48706551366304800D-03  2.78110817489910500D-02  2.20759616592548800D-02  2.30669391551300800D-01
37 10 -2.87131362825710500D-01  5.64619712744084000D-02  6.44354020286684300D-02  3.75454031056765800D-01  2.88676989935880500D-01
37 11 -8.84240345674067500D-03 -3.39207800592229400D-02 -4.51537227242051600D-01  2.29750494218589600D+01 -3.12100365851490400D-03
37 12 -2.10826661793122700D-02  1.47020538601990300D-01 -1.15255670499962900D+00 -2.48205644457877800D-01 -1.56319322685127000D+00
37 13  4.90078657085515400D+00  3.24222118049365300D+00  3.13476766401048400D+00 -6.82363623872763300D-04  1.06607261844786200D-02
37 14 -9.97836256060212100D-03 -1.66443140567082900D-02 -1.73066490090529700D-02 -1.44016978281608000D-02 -9.15279345700822100D-02
37 15  1.32170060811996900D-01 -4.06421262419163200D-02  2.00218526628035900D-02 -2.28836785151590000D-01 -3.61742303056458300D-01
37 16 -8.16500404995694800D-02  1.17150480651548200D+00  1.44888449275099400D+00  2.34959212043133700D-02 -1.38057965471860400D-02
37 17 -8.13604318282308600D-03  5.10500844141695500D-01 -9.63869163633143000D-02 -3.86329638461990900D-01 -6.31510187188694000D-02
37 18  1.71303874452354400D+00  2.40836448124664600D+00 -2.44532704312443000D-02  1.03190879508331800D-02  1.34449667260590600D-02
37 19 -5.24730703380979400D-01  4.26566374219260600D-01 -6.95027223468371300D-02  9.10902687278695400D-02  1.01944895247149800D+00
37 20 -6.11493837518371800D+00 -8.06918876887471900D-03 -1.40487216183516300D-02  7.57629427732388700D-03 -1.76615113870323000D-01
37 21 -1.99509192550575400D-02 -1.12385854817592800D-01 -1.91027270671379800D-02  2.29151771675931900D+00 -2.59850681278364400D+00
37 22 -6.81419503760275800D-04 -3.46682599170042700D-03  6.70392326690943300D-03 -1.74972607213912700D-01 -6.12610816279946100D-01
37 23  9.08184036757778000D-02 -5.57690602903154800D-03 -1.62791166503161100D+00  5.20882015136249400D+00  5.27210131803058500D-03
37 24  3.65430954741476000D-03  6.96156812727038300D-03 -1.60269126078254500D-01 -2.83815246482559500D-01  1.89521043698146600D-01
37 25  1.11589558933715700D-02 -2.51080619562018400D+00 -1.11832710445632800D+00  1.76075150660928600D-03  1.35520799177981000D-02
37 26 -6.76223516564647200D-03 -4.31356199979101200D-02  4.33063489494551600D-01 -4.60557379484323500D-01  4.17876438668055100D-02
37 27 -1.16352240753931000D-02  7.65915253342874500D-01 -8.49730470653382300D-03  8.25166607363661200D-04 -8.67625502868065200D-03
37 28 -1.55450756588887400D-01  7.53215677961313200D-02  2.95930490643998200D-01  9.15017737022162300D-04  1.60786038998077700D-03
37 29 -8.98775607709361700D-03  5.38176170300946800D-01  4.43248343369638000D-02  2.95692008035447100D-03  6.60821384012682800D-02
37 30  2.09863590906959100D-02 -2.73317906813232900D-03  4.45121004426609500D-02 -2.15438533509932600D-01  9.87095900042871400D-02
37 31  2.33408622618108100D-03  8.41718580526637600D-04  1.82003050486268400D-04 -1.02372163101229800D-03 -4.95014358602220600D-04
37 32 -2.03320745398430600D-03 -9.83988891212268600D-04  6.39515300403027600D-03 -4.53024238065696900D-03 -1.86491062337330700D-03
37 33 -4.20197119085713300D-04  8.87465953870664200D-03  4.65371719823910000D-03
38  1 -1.88281905900460600D-03 -1.72982161630905600D-02 -8.85199912513243400D-02  5.89274772558847200D+00  2.61175408301426700D-01
38  2 -3.16302974992572700D-02 -6.63571024559383300D-02  4.06025389109539700D-01 -1.99570005664454000D-01  4.38854706206811200D-01
38  3 -2.17428826659276400D+00  1.29423526489021000D+00 -7.98664361453049600D-01 -3.81123145033503000D-02  2.47828126806412700D-02
38  4  1.33295018227087500D-02 -1.11700762042889500D-02 -1.03690134658059600D-02  2.98578739189697400D-02  1.93085891366230300D-01
38  5 -1.24846979519346300D-01 -6.82389118468826600D-02  2.14721823273046600D-01 -2.16505374755351400D-01 -9.93488978820362000D-02
38  6  4.33708694370832300D-03 -1.79553346992216100D-03 -8.06265638488812600D-02 -2.95744155694960400D+00 -7.67975546278802500D-02
38  7  3.76180970012798600D-02  4.55566698018035600D-02 -2.82081054773378500D-01 -3.91028136216380700D-01  3.18846315112388600D-01
38  8  6.55603574371405300D-01  1.79668500913132000D-01 -3.33933606322409300D+00 -1.82482435210978200D-02  2.03812032139146500D-02
38  9 -2.13295969281796900D-03 -9.51409596518243800D-03  2.23825640427719700D-02  8.44593917731531500D-03 -1.41020315234768200D-01
38 10  2.62521125573532400D-02  1.14768202677412300D-01 -4.81432057724315200D-02 -1.48768039526012800D-01 -1.98469974319872700D-01
38 11  1.08180500309848400D-02  4.26447701379638900D-02  1.34403592131519900D-01 -4.20662562374406900D+00  1.57126231822048600D-02
38 12 -2.48663940466565100D-02  2.16447311564991100D-02 -3.64839367971821600D-02 -5.14965535243636800D-02  2.88893648144382800D-01
38 13 -1.14450541375205100D+00  4.82569908142555200D-01 -4.92763097031904400D-01 -1.58841931195487300D-02  1.71190674526175800D-02
38 14 -1.23487433307077700D-03 -6.37599057579065200D-03  1.06924015904056400D-02 -5.80017467921222800D-04  2.77524965612844400D-02
38 15 -2.46189257151521800D-02 -3.13357084613249400D-03 -8.68842583951151700D-02 -5.52285985680870900D-02 -3.48542527311898200D-02
38 16  9.64472766202281500D-02  5.12181414992483200D-02 -1.61068496824613700D+00 -1.03124573558023100D-03  1.38191747038303100D-02
38 17  1.33421516225574200D-02  1.76279599070443700D-01  4.01644967682369700D-01  2.52642844780496600D-01 -1.13572625421661200D-01
38 18 -1.02926195482441400D+00  3.32727553104145900D+00 -1.52154881433225300D-02 -4.02471578362106400D-03 -3.22693575719506600D-03
38 19 -8.64190714939526600D-02 -1.29044310420823900D-01 -1.85345622111678400D-02  2.99045002152631300D-02  6.47038636054573000D-02
38 20 -1.04827392535683800D+00  8.73161454626725600D-03 -7.80439201941002800D-03 -7.37561971571745000D-03  3.59886013140335300D-01
38 21 -1.85611662993603700D-01 -4.12103669088959000D-01  3.84878420366177700D-02  1.14210499448669400D+00 -2.78355797957008100D-02
38 22  4.36282210835035500D-04 -1.28541293622367300D-03  1.91876277621866100D-03 -2.52944869347653200D-01 -1.86281959571830000D-01
38 23  1.95569147154533900D-01 -1.07944740905307100D-02  3.01013873956859700D-01  9.39037640199279800D-01  3.59182755132556200D-03
38 24  3.21987730627376200D-03  1.28883409056770000D-03  1.55278170508216700D-01 -1.58620819469960800D-01 -1.87933580024593300D-01
38 25  2.95784058638236400D-02  5.71231877734961300D-01 -9.52253265239299500D-01  8.54040324359332900D-04  6.08618446772804600D-04
38 26  1.15374236054876900D-03 -1.01564264006059800D-01 -4.82280736193238400D-03  1.27200724161272500D-01  1.00257252838449800D-02
38 27  6.97806641628064200D-01 -1.37267529261855300D-01  1.17315986571733000D-02 -8.23005450119098300D-03  3.11741245124360400D-03
38 28  4.36399800355899300D-03 -9.05840488227833100D-02  1.00587702965323000D-01  1.78850536578221800D-03  5.04409394403339400D-03
38 29 -2.16768879316233200D-03 -4.05414302689629200D-01 -2.11618590714958000D-02  5.25143210854065900D-02 -3.19697111962303400D-02
38 30  1.81011868742191900D-02  7.03285193840324900D-02 -5.22867212650538200D-02  1.95286595637119100D-01 -2.26986044946968200D-01
38 31  5.87806020821299400D-02  2.39149385835325700D-03 -9.03719881509361700D-04 -1.48777397684398500D-03 -2.53391441695165800D-06
38 32 -8.59069984864807100D-04  3.00585603752391900D-04 -8.10257466821151300D-03  3.53644043744877600D-03  4.56613423076273400D-03
38 33  4.52694528641790100D-03  5.00681202633135300D-05 -6.42449135280191700D-03
39  1  2.04992905959322900D-02  5.64738985943055200D-02 -9.75434285777757500D-01 -1.33603214948091300D+01 -5.37929383697202500D-02
39  2 -9.98348594140604800D-02  5.27661021076277000D-02 -2.13596949950297100D-01 -2.80037494571085700D-02 -6.56181018798441500D-01
39  3 -7.28662823998607700D-01 -2.79693338273460100D+00  3.00046249310262000D+00  1.45427542124972500D-02 -4.23807678282001300D-02
39  4  2.78380136157032900D-02 -1.29017404375272100D-02  1.93543689245555500D-03 -4.58896693435399300D-03 -1.83655881322462200D-01
39  5  1.29713898078400900D-01  5.39419832440580200D-02 -9.76446909464856600D-02  1.96980344206721600D-01 -5.40745111882238700D-02
39  6  4.36593145983176700D-03  2.38090433467780500D-03  1.86566338555984500D-01 -6.09303503795956400D+00 -2.35636179470469800D-02
39  7 -7.24389775273106000D-02 -6.90089911454963000D-04 -5.06505926047933400D-01 -4.46580411185385600D-01 -6.97827391233141300D-01
39  8  3.76119828385732900D+00 -1.90529014975565900D+00  8.38578816630122100D+00 -9.21219250447924200D-03  3.81397064749429300D-02
39  9 -2.89275139704637800D-02  2.29042221695994200D-02 -1.64727454782298800D-03 -1.86085692890727800D-04  2.12438857864321600D-01
39 10 -2.74827229995777100D-01  6.23883721314559700D-02 -1.20267500214628000D-01  3.60567947124198800D-01  1.47066405102461900D-01
39 11 -5.63736699975969000D-03 -5.91017509150107000D-02 -1.59395131530061200D-01  1.60588037283928900D+01  5.61431850902770500D-03
39 12 -3.35904279916702500D-02  2.83770533287279200D-02 -8.22277949815366200D-01 -5.72639306890242300D-01 -6.02516705929419500D-01
39 13  2.70852716907163700D+00  9.25251905797122800D-01  4.34418465047106900D+00 -2.17496863062386500D-02  1.10697869519174800D-02
39 14  1.06798993543258400D-02 -2.14459911093059000D-02  9.62906971500144200D-03 -2.52105602319477300D-02 -2.16384428882874700D-02
39 15  7.60714891252845100D-02 -5.44330462370001100D-02  2.12763100260637500D-01 -8.72740773726839000D-02 -1.41201977157770700D-01
39 16  3.60337021491957200D-02  1.86403272458395300D+00 -8.41276484860763000D-01  4.62633093841977500D-04 -1.84424952312308400D-02
39 17  9.90269817235378100D-04  5.66182297670450000D-02 -4.80982721854111500D-01 -2.83619578301335900D-01  7.32059870585107100D-02
39 18  1.46432861470484800D+00 -4.40443689832371100D-01 -7.38846868422491700D-03 -3.33568110817487800D-03 -3.81253759158120900D-04
39 19 -7.11673071985696900D-02  3.37463130934271100D-02 -9.17644960547145100D-02 -1.68220712434458500D-01  2.37885339292062700D-01
39 20 -1.82964577741896900D+00  3.22877234678825900D-04  1.97519620465830100D-02  5.43453350064437200D-03  1.84407937365958000D-02
39 21  4.06543807682318900D-01 -8.47587943426361300D-02  1.88416557552528100D-01  1.91555183326904700D+00  6.90158923623204700D-01
39 22  3.96948950602931700D-03  6.73926248958677200D-03  8.16558626448921500D-04 -5.91056529916178200D-02  1.59200129683680700D-02
39 23 -9.64018009279993700D-02 -7.33245522392838600D-02 -2.31821966006575900D+00  7.63410266901584800D-01  5.57750391574005700D-03
39 24 -3.54777353821906800D-03  8.70609134229945400D-03 -9.23445291685046200D-02 -3.15598110403446000D-01  1.00694740760878600D-01
39 25  1.51127823102846300D-01 -3.36495312262021000D-01  2.79944068973305000D+00 -2.33061706572458300D-03  1.20214035966653700D-03
39 26 -6.31610344543642500D-03 -2.49736179584234500D-01  3.25132400154390600D-01 -2.06677236763800800D-01 -2.31035940108266300D-02
39 27 -5.56412147843400300D-01  5.09427464009212900D-01 -3.13730026067715300D-03 -1.88306502970686000D-02  2.70086354814906100D-03
39 28 -3.60486679950074100D-01  1.72889121400421000D-01  2.05449030303415500D-01 -2.67425896795976400D-03  1.58201181220808900D-02
39 29  1.07530940904601400D-01  6.94504727259537000D-01  2.32855510435457900D-02  1.31249596900669400D-01 -2.90314059181485700D-02
39 30  4.44301163478688500D-03  1.35935730191823300D-01 -5.59697114933991300D-02 -5.87541139241975000D-01 -3.33979918212103200D-01
39 31  2.64360275029593700D-01 -1.49585502484740200D-03  1.41805399950839200D-03  7.78010253397601500D-05 -2.02233076233831800D-03
39 32 -1.68674689543607500D-04 -6.87795739744432300D-06  4.18098963335162700D-03 -5.74052130432583300D-03  1.55953167097418300D-03
39 33  1.40029938405430000D-02  2.23786311342091800D-03  1.69870507716452700D-03
40  1  1.94980496451731000D-02  5.68152254070432200D-02 -8.30907001240104400D-01 -2.84186698594447600D+01  3.12148469218293300D-02
40  2  5.31277987906482700D-02 -5.13094045494966600D-02  2.31866197954802600D-01 -2.72996992176273000D-01  3.25683802174168600D-01
40  3  2.04526209814400900D+00 -3.47299112092880100D+00  8.22014537710966700D+00  1.26072814233171200D-02 -1.23016726231355600D-03
40  4 -1.13771141610008700D-02 -3.09511772723504900D-03  3.54983792813938700D-03  3.82839677874599500D-02  2.06539857165598300D-01
40  5  2.78283747643459100D-02 -2.34368231929945100D-01  5.17125578583505400D-02 -1.81944283803605100D-01 -2.88612777947356100D-02
40  6 -3.62904076275499900D-02 -1.89795539445791700D-01 -2.56656672522864200D-01  4.68046856777010600D+01  2.68507943981781300D-02
40  7  6.39261529135727700D-02 -9.49641423030043900D-02  7.76146757949527600D-01  8.48940620237197700D-01  9.47130257409212500D-01
40  8 -4.02468895115598400D+00 -1.31260613788438500D+01  4.38524986156291400D+00  3.87048463158036000D-03  2.48641555937575200D-04
40  9 -4.11912618751713400D-03 -5.56769911139061700D-03 -1.25977379627848700D-02 -5.57353997982070300D-03 -3.46566736694432000D-01
40 10  3.95457936719173600D-01 -4.88912000247399200D-02  3.79101090635584700D-01 -8.80199896302309300D-02 -3.61300922462950900D-01
40 11 -1.27887333777507200D-02 -5.51011906318538100D-02  1.01485394228762200D+00 -1.82613455065514900D+01  6.29640349497326100D-02
40 12 -3.44091876166178000D-02  4.51399217249989600D-02  5.17769693637102500D-01  2.12897788983143900D-02  4.81994583233241800D-01
40 13 -1.62780386147556800D+00  1.79437063929505100D+00 -5.27162670816981500D+00 -8.14741948731621500D-03  1.69164705974036100D-02
40 14 -8.76905111008512800D-03  1.89448868805354000D-02 -2.66568433881012800D-02 -3.23853672329278600D-02  1.52884628783528000D-01
40 15 -2.25962028760539300D-01  7.30773999770116500D-02 -9.42487607275421700D-02  3.94633401249326600D-01  3.76776269526513700D-01
40 16  3.99791548692349700D-02  7.35322900492538200D-01 -2.16621088599118100D+00  1.97757313894238800D-03  1.07605522615978500D-02
40 17 -1.26159771359003800D-02  1.84547619179085200D-01  1.11471415236563200D-01  2.44576241144622000D-02  2.16657452169520100D-02
40 18  8.78394611359173300D-02 -2.93777624833840300D+00 -4.06532969178776300D-03  8.09534016323198600D-03 -9.63317667421501000D-03
40 19 -1.22456517436926100D-01 -6.98023632788234400D-02  2.38683624631669200D-01  2.27538222464855000D-02  1.43801178059547400D-01
40 20 -2.61369275722254400D-01  3.50558485143604700D-03  1.14878799127548700D-02 -2.28309867239290100D-02 -1.13001260076657500D-01
40 21 -1.98486612278878200D-01 -1.46752787248728600D-01  2.07167079697533400D-02 -4.02183031945248400D+00  8.37319208241702400D+00
40 22  2.45222343806026100D-03  2.12948068310509200D-03 -2.94933985508847700D-03  2.62556411704564400D-01  9.38531537900588900D-01
40 23  1.20125696651750700D-01  7.14278350176470500D-02  2.37371155768500000D-01  1.47963020241009700D+00  3.22237915176952200D-03
40 24 -1.18577495838206100D-02  2.10770642466693000D-02 -2.06269332589386300D-01 -3.68954559520563000D-01  4.76652960100883000D-01
40 25  1.05960251041876600D-01  9.36216559900960300D-01 -2.56335138313607300D+00  1.26788690295243200D-02  1.36254874160499500D-02
40 26 -5.47677499620746900D-03  2.29942890505856200D-01  1.89366786639892200D-01 -5.77194134092212500D-02 -4.32091992492293100D-02
40 27  3.93951194161003700D-01 -6.23451667427224400D-01  1.46034843675344000D-02  4.01741547038760300D-03  4.68009756358267400D-03
40 28  5.02023331850976600D-01 -6.54242533427364200D-02 -9.02585156324025000D-02  6.10623936605341200D-04 -6.50613649119085400D-03
40 29 -3.37985313964446000D-02 -1.77056356513510300D+00 -6.51142643864234700D-02 -2.25107344195676000D-02 -1.53737024260505500D-04
40 30 -1.06899136938603400D-03 -4.00900002490048600D-02  5.83035991020136100D-03  8.37950216625789800D-01 -1.55033512755243800D-01
40 31 -5.71917873098978500D-01 -1.20890915042477500D-04 -2.89757712353610100D-04  4.10648627396675400D-04  5.88015261652336000D-05
40 32 -1.04517987032728000D-03  9.30021043222891700D-04 -9.17990879828149200D-03  6.04128013068279700D-03  3.13862866759869300D-03
40 33 -1.25531942312073800D-04  9.87456704201784800D-04 -3.63154279518935700D-03
41  1  1.50809508820183300D-02  7.63411493273827000D-02 -5.61587165036612400D-01 -1.53602225906074500D+01  4.70233550218356200D-02
41  2 -1.23373810223321000D-01 -3.25974942891734700D-03 -7.21204987670167700D-02  1.15644503666688100D-01 -1.05917451864395000D+00
41  3 -3.07958522086454800D-01 -4.84883315398332800D+00  2.62877932689755700D+00 -2.91753389122766800D-02  1.26097872634485600D-02
41  4  1.65655516488273200D-02 -3.96958884187433800D-02 -1.29290655404757500D-02 -8.24948758177506000D-03 -1.29609314059661400D-02
41  5 -3.13219753454941500D-01  3.26180684860902500D-01  3.55203377396808800D-01  8.90580025581810100D-02 -2.56435892259916500D-01
41  6  1.98527380829119300D-02  1.03417260292374000D-01 -2.46355924278314200D-01 -1.83780508458658500D+01 -4.64625297377610000D-02
41  7  5.97185928332007500D-04 -1.18508464799310500D-02 -2.46106188496316500D-01  5.79596136223740200D-01 -5.43469925528922500D-01
41  8  8.02624748226328300D+00  1.48486096561789000D+00  1.47628580786422700D+01  4.30627760330627700D-04 -8.38955690599431800D-04
41  9  4.08327930267727500D-04 -1.75936911684157700D-02 -1.53686202218964500D-02 -7.53124931242326100D-03  2.77873748371618900D-03
41 10 -1.18821334550831400D-01  1.16042597067115000D-01 -3.41343365003678500D-02 -1.18041222669256500D-01  3.01645868450640600D-01
41 11 -3.84794032041959500D-02 -1.45196865833775300D-01  1.62474971909856600D+00  3.47707100861499000D+01  8.56151619310644400D-02
41 12 -8.75223229424335200D-03 -2.11547464026259100D-02 -4.02811434110499600D-01 -2.71528364465311500D-01 -4.30812570367722500D-01
41 13  6.69438052912053100D+00  2.64536932886797300D+00  7.87280985963176900D+00  6.36578950686265400D-03 -3.85317142399605900D-03
41 14 -2.51261808285953700D-03  2.25518690878752200D-02  4.84727595562933600D-03  1.53663655988136800D-02 -2.13700581342842300D-01
41 15  1.08628496491980700D-01  1.05072084850857200D-01  3.53918753030736000D-02 -4.85040124689162400D-02 -2.88943124925675400D-01
41 16  8.02419189495734000D-02  2.35923774369798400D+00  5.32216916629087100D-02  3.54861430456648500D-03 -1.10363095870159700D-03
41 17 -1.51316060652659300D-03  7.52247518384030300D-02  1.76719884195359900D-01 -4.01340620901650200D-01 -7.81055129979720700D-02
41 18  1.13238194053506500D+00 -1.26409081939771200D+00 -1.71925594957462400D-02 -1.46650724148073900D-02 -2.82544914186724800D-04
41 19 -4.76887352932042000D-01 -4.22507945387436700D-01 -2.99827387829392500D-01 -8.49620311726237700D-02  3.87309687856338800D-01
41 20 -3.20454584892014600D+00  2.21066536619876000D-02  7.88474545941052300D-04  8.42735676085294500D-03  5.80841338365372900D-01
41 21  8.37997761241639200D-02  6.31759814572218600D-02 -6.45002932110315100D-02  3.13934756157417300D-02 -3.60741131991532000D+00
41 22 -2.03236550713064500D-03 -6.73751522057161400D-03 -4.41663575301573700D-03 -2.87626456349936300D-02 -1.04933822085133400D-01
41 23 -8.71014239806666700D-02  5.27496213085080900D-02 -2.48549708860751700D+00  3.57503200960190600D+00 -1.44410740546131200D-02
41 24 -1.92860186382094600D-02 -4.89750156147308500D-03 -7.29968502801705900D-01 -4.13550510829811100D-01 -2.18837461208418000D-01
41 25 -1.39943338107352300D-02 -2.34058141836622000D+00  3.88928835870889800D+00  3.24585990553198300D-03  5.04035765212385600D-03
41 26 -6.45234427284391200D-03  1.30726238403145700D-01  2.48103759070203500D-01 -4.90703114783593200D-01 -9.98305894679413900D-02
41 27 -6.90088489680275100D-01  6.61211440337988900D-02 -2.84728170953308900D-03  6.06310243942726400D-03 -8.19481050732737500D-03
41 28  2.19477929927895000D-01 -7.13995444365860000D-02  6.27878519158412300D-02  3.02441566159663900D-03  1.70442473180722500D-02
41 29 -1.55599298472949800D-03  6.70637301981438200D-02 -6.78421173322706800D-02 -6.05174739658314700D-02  4.43716808579077100D-03
41 30 -7.43312995112911000D-02 -8.31468569395349300D-02 -5.06710523239563700D-04  2.51352026853624100D-02  3.58262943506888900D-01
41 31  4.86561106934414700D-02 -1.91742383441304400D-03  1.57086979060600400D-03  3.46554043808511000D-04  1.95032669877241700D-03
41 32  6.83202091480706600D-04 -1.20208429934248000D-05 -1.86001330679530000D-05 -2.87065702645805100D-03  2.88925715952601200D-03
41 33 -4.21823121050599000D-03  3.35579082447487100D-03 -3.40699063382748200D-03
42  1  2.10964616258440500D-03  2.28537771438314300D-02  1.89856573780572100D-01  1.23641903132999200D-01  4.81834556656325600D-02
42  2  6.54187999817654900D-02 -9.38959125066256400D-02  6.49532570790901000D-02 -4.12634046820232400D-01  1.90376306273923500D-01
42  3 -4.13682076021663800D-01  2.09284723837668900D-01  3.54730886857511400D-01 -6.45287155199229900D-03  1.15914182123521200D-02
42  4 -5.13854666036001000D-03 -9.87984616135793200D-03 -8.91461593501993200D-03  2.83304798818850600D-02  3.32812258190585400D-01
42  5 -1.35242489711745600D-01 -1.97569768478840000D-01  2.00386506379981600D-01  4.36473317883768000D-02  5.65988222584691400D-02
42  6 -2.52327491300857500D-02 -1.09378704384715400D-01  1.08445970401573500D+00  1.78431674124888000D+00 -4.28108774967907200D-02
42  7  3.81332703511006600D-02 -3.29424024969317400D-02 -5.96934967488886400D-01 -4.20019129070361200D-01 -2.74581693577117900D-01
42  8 -1.04666445495101300D-01 -2.02959369181998900D+00 -8.78064152699487700D-01 -3.16105692785629400D-03 -8.00186567092130700D-03
42  9  1.11629225987776600D-02  2.43919583655531200D-02  1.56159154583808900D-02 -1.46833050067168000D-02 -2.32779941429497700D-01
42 10 -1.63622985203854700D-01  3.96402926633352400D-01 -1.68532696901624100D-01  1.91498376884339500D-01  7.82896899294753700D-02
42 11  2.24001559116184300D-02  9.86145226745891600D-02 -1.00169598056124100D+00 -2.43037145127448600D+00  4.02058933604029600D-02
42 12 -2.36686274559015300D-02 -7.27694594114984300D-03 -8.14050949074403500D-01  8.66309634672858700D-02 -6.24463925335693700D-01
42 13 -1.92891728019606300D+00  1.29615439351619700D+00 -9.63399168646084400D-01  2.11351982487117300D-03 -2.09503228375937700D-03
42 14 -1.84875411122236700D-05  5.26483127873606600D-03 -2.31528924336529800D-02  1.34431831577640500D-03 -1.64370312883797100D-01
42 15  1.02478656679342800D-01  6.18916562044556200D-02  3.37053582810644100D-02 -7.04227254280810500D-02 -1.53633620511133100D-01
42 16  4.56432799890279200D-02  3.92217621689575500D-01 -5.99128895416227900D-01 -1.75587355584282200D-03  1.39997008649210900D-02
42 17  4.89089727460555700D-03  4.45406404675542400D-02  1.72172866019970000D-01 -3.75345168732741200D-02 -3.17547383438525600D-02
42 18 -8.24636025777861300D-01  5.08516147269531200D-01 -3.45764813419579800D-03 -6.97081153523754900D-04 -1.22547058243021500D-02
42 19  3.97754038841799200D-02 -9.11619656371592000D-02  6.00674232886738600D-02  1.72901474185616000D-02 -4.57285804645743000D-01
42 20 -2.40345242232676900D-01  5.42214955163748700D-03 -1.67921908512391000D-03 -1.23864990645193400D-02  2.76235862668016400D-01
42 21 -3.29225759026465200D-01 -1.30424425611078400D-01  3.90049328919970400D-02  1.06193760731308500D+00  1.70657929643048100D+00
42 22  1.02178460336953700D-02  5.95610423843480200D-03 -7.42723027264724600D-03  3.02315929503571800D-01 -8.37200309524873000D-02
42 23 -1.24973632208790100D-01 -5.91288940759865500D-03  1.11340900495930000D-01 -4.55542578273997100D-01  9.13493867542354700D-03
42 24  5.45293798623295300D-03 -2.11266611088306300D-03  1.71830982434757000D-01  2.49369731609458400D-01  1.03234140985271400D-01
42 25 -6.84687030861534900D-02 -1.03292705716880800D+00 -1.82322519241566500D+00  6.22181097498888900D-03 -5.39322260943738500D-03
42 26  4.62119030073438500D-03  2.59243988942456800D-01 -1.19401468021632700D-02 -1.57946331101805700D-01 -1.29918230222212000D-01
42 27 -2.79975503826637000D+00  1.31161218675950200D+00 -1.86083799723630400D-02  1.40235598790422100D-03 -1.44271100270439500D-02
42 28 -9.54488707626400800D-01  2.98328023280523800D-01  2.05488790205214700D-01 -1.00467498524603400D-02  2.20168899767222800D-02
42 29  2.46065134713849600D-01  2.68746676035809400D+00  5.64228315953642900D-02  7.01519520354655500D-03  5.87936908373921200D-02
42 30 -4.20967950919691300D-02  9.85954196546865400D-04  6.65233613705341100D-02 -2.39744780917669900D+00  1.87477834392560900D-01
42 31  5.06593275847514500D-02 -1.15824817631540500D-02  5.78218238090540100D-03  5.80029938224941900D-03  5.24060044815355900D-04
42 32  1.57700687359775800D-03 -2.78971438929507600D-04  2.34285578165095200D-02 -7.86710237790870500D-03 -1.55614554386008500D-02
42 33  3.37174005697303500D-03  2.31886395764982500D-03 -3.73463182005404400D-03
43  1 -8.76565062780028700D-03 -1.01043823686174100D-01 -3.19665417191605000D-01  6.91259815936285200D+00  4.82283636324296500D-02
43  2 -1.17656799549794700D-01  2.29869352473280300D-01 -1.40954876983911900D-01 -2.85194195144075600D-02  5.08914337191510000D-02
43  3  1.07575339461210700D+00  2.99786816714991100D+00 -2.14193491689382400D+00 -3.06772998412511800D-02  7.79403585654824500D-03
43  4  2.28832639847038200D-02 -1.33641874485736100D-02  1.81549695634593000D-02 -1.53997340225465300D-02  7.98846226653317200D-02
43  5 -9.42482250432846000D-02  1.43636023779558600D-02  3.07792359582255300D-01 -1.97557515735731000D-01 -2.34541391034428400D-01
43  6  5.21785866512126800D-03  6.61816404395320200D-02 -8.92576511655053500D-02  1.21556922802055900D+01 -4.49438228546878400D-03
43  7 -1.84395870501032100D-01  1.14720153187867800D-01  2.66368691539762300D-01  3.20564818950293200D-01  5.89482174081368500D-01
43  8 -4.78632555132929400D+00  8.91342618351306400D-02 -9.99126753114610200D+00  3.33338062011461900D-02  7.69084234463457400D-05
43  9 -3.34107146245914100D-02  1.72811053378285400D-02 -9.57406637475631200D-03  4.53531408944742200D-02 -1.28272871547430700D-01
43 10  4.11330703252105400D-01 -2.83057831704673200D-01  2.02463020658105300D-01 -4.59052215259048700D-01  2.20422792705002800D-02
43 11  6.69138487751176700D-03  4.95970492534876100D-03 -1.45359155244946700D-01 -2.02803292162762700D+01 -6.61417980025024300D-02
43 12 -3.88203526252599500D-02  3.48995040011272100D-02  6.64509015666721300D-01 -7.11244379593469500D-02  1.05054971201044400D+00
43 13 -4.14509115338935400D+00 -4.51369318809950900D+00 -1.50104838269871000D+00 -1.06203130237596000D-02 -4.42076785282605100D-02
43 14  5.48279915520162900D-02 -3.21861751416601300D-02  4.92166246166720800D-03 -2.72481324178134100D-02  1.91207269161223100D-01
43 15  1.73128509425019800D-01 -3.64335778586241000D-01  7.01832558508059700D-02  9.35150320102307000D-02  3.95192076555504500D-01
43 16  4.72571104572570100D-03 -2.41489107894459300D-01  1.27245691478926100D+00  6.66883610650013800D-03 -2.22557828730147200D-04
43 17  8.56526583707419500D-03  1.57109257755023700D-01  2.04870984775783300D-01  6.24139843377752600D-02 -1.59340970987615100D-02
43 18  2.83535233735236700D-01  8.92000088717049600D-01 -7.02469910790810400D-03 -1.17570338984985800D-02  1.36489370184170800D-02
43 19 -4.62311886903036900D-01 -2.60747403768048700D-01  2.95514995691468600D-01 -1.55309376524672500D-02 -8.79763135548997400D-01
43 20  2.30791057727767600D+00  8.94307888826302600D-03 -9.47119177315859800D-03  1.61257424188682900D-04  2.07340893907181700D-01
43 21 -3.55164795615283100D-01 -1.24646278466797700D-02  7.80250141324434600D-02 -1.91246547049724000D+00  5.18395469888618600D-01
43 22  8.84613197790556400D-03 -3.52325192922206500D-03  1.37368017356926500D-02  5.33950111849601000D-01  5.34471213538101000D-01
43 23  3.33704991449037100D-01 -1.23364877328471000D-01 -2.95614771320441600D-03 -4.95093495353216800D+00  7.30699108888727700D-03
43 24  1.25996816427041400D-02  9.61537412637789700D-03  2.22733256950622100D-02  4.36819832317083000D-01  2.21422805331458600D-01
43 25  1.82475051329218800D-01  3.37846667825083500D+00  1.72687259697700300D+00 -1.15723921448694100D-02 -6.49904664690019600D-03
43 26 -6.95520645745367000D-03 -3.37997599276793100D-02 -7.35421816261024200D-01  5.80714153303198800D-03  1.80844452119692100D-02
43 27 -8.61292018486910800D-02 -5.99861232861132700D-01 -1.83841384970701900D-03  1.58992777999052500D-03  7.06544782063197700D-03
43 28  3.56584760229557000D-01 -2.35096240901953300D-01 -1.90478896900970800D-01  4.38140677333209200D-04 -1.11141617841752300D-03
43 29 -2.33418383672457400D-02 -6.38911952969264200D-01  3.57932049514759800D-03 -5.96534610516525000D-02  5.55295530300350000D-03
43 30  2.02566726624463200D-02 -7.82002424401196900D-02  3.43102273163130200D-02  2.05348162217319000D-01  4.13876116290023100D-01
43 31 -3.25274778492169600D-01 -3.33501046751902100D-04 -7.98865308686093600D-04  1.13236635543758400D-03  3.26016586183360100D-03
43 32 -6.28149912859180500D-04  2.55964517479102100D-04  4.65488739008974600D-03  3.54360083582651000D-03 -8.19848822591624100D-03
43 33 -8.92106263804746900D-03 -8.16255950810051300D-03 -2.68564184779226900D-03
44  1 -1.72559693559732700D-02 -7.07628779882903500D-02  1.19183707755620100D+00 -1.29145915839970700D+01  1.73814700341506200D-02
44  2 -5.33861991399853600D-03  7.44770526636569600D-02 -1.08928168475973400D-01  1.39104403836102900D+00 -1.61425950581502800D+00
44  3  6.37357855576463000D-01 -1.15410688997039700D+00  3.49361918767093100D+00  9.21277883960567100D-04 -2.93624991687360500D-03
44  4  2.01497203291420500D-03  1.46185582638792200D-02 -1.40438982020703800D-02 -1.37660096082882400D-02 -3.13820756992762700D-01
44  5  2.45375835379537200D-01  6.84449216132228800D-02 -3.98570322201906000D-01  2.60261411194072600D-01 -5.88473050098532300D-01
44  6 -8.34763365780632200D-03  2.29606115069526000D-02  1.03129831917385900D+00  1.17363658192481000D+01  2.85174036445580300D-03
44  7  1.91199260347982500D-02  8.81267253645499200D-03 -8.74880847380160600D-01  5.52612452664116700D-01 -2.94407759486722800D+00
44  8 -4.14669564292928800D-02 -2.67851322727015700D+00  2.11028641933814700D+00  2.99225556313877400D-02 -2.61215077100726400D-02
44  9 -3.80104792131509400D-03 -5.40705734502610400D-03  9.48682221534184100D-03  1.87924156884010300D-02  2.92603870849483400D-01
44 10  4.65309961031191200D-01 -7.57913831880674700D-01  2.34709397083392100D-01  5.23886149497795900D-01  9.88036236865976300D-01
44 11 -5.75775240062584700D-04  3.20503128200172300D-02 -1.11506833976856500D+00  2.83421738389386000D+00  5.61524426958221000D-02
44 12 -1.03967400780909600D-01 -3.70451786158276500D-02 -9.96311608927018600D-01 -4.67312999886862900D-01 -1.77272410636666600D+00
44 13  9.93675304366393100D-01  1.38564669152558900D-01  9.86277865594274000D-01 -3.03024618069411000D-02  2.55060068886608400D-02
44 14  4.79645491828359000D-03 -3.93097530097051400D-02  1.77749214983769400D-02  1.11520912150412200D-02  2.79147488034674800D-01
44 15  1.19589405112717600D-01 -3.98736893147392500D-01  4.54857580119805400D-01 -8.00268162604440200D-01 -1.93997416327390500D-01
44 16  1.63174073764603300D-03  1.83975970950773200D+00 -5.98569652188337100D-01  3.67378617147774500D-03 -8.76173379294131100D-03
44 17  5.87894420742122300D-03  7.53993281881508300D-02 -4.65396334619383600D-01 -1.39999988274856200D-01  6.49918711087746600D-04
44 18  9.63852623786222900D-01 -5.70704512476457500D-01 -1.71794394756580900D-03  7.12876621062581700D-03 -6.12711029463107800D-03
44 19  7.96366547489752600D-02  3.96709980124100400D-01 -1.56981539595422000D-01  7.13043086297318300D-02  1.59163306583237500D+00
44 20 -2.57563233823627200D-01 -5.11889899262621300D-03  1.01616276499743300D-03  3.20708797706914800D-03 -1.13624929467721000D-01
44 21  6.71077797710971100D-02  4.46521523481349100D-02 -9.01652200933257700D-02 -2.61974072576671200D+00  6.31572363331000500D-01
44 22  6.84703906387636200D-04 -9.57968759439465100D-03 -3.76305294818253300D-03  2.88010941946794700D-01  1.26302276922499700D-01
44 23 -5.66005624732939800D-02 -7.30338910433817900D-02 -3.11119224189430700D+00  5.32537286096013300D-01  2.41436725894609800D-02
44 24  1.04752431324802000D-02 -2.50378499125476100D-03  3.07583409093236000D-01 -5.98874212149085900D-01 -5.16034207357241300D-01
44 25 -7.25067700821852900D-03 -1.16718847484627900D+00  9.24301904086519700D-02 -1.03500619205673600D-02  1.10648798445646900D-03
44 26 -2.14016732082769800D-03 -7.97551211684708200D-01  8.26979064874022600D-02 -8.82862796720747100D-02 -1.75263056590465400D-01
44 27 -1.53671712232050600D+00  4.40693386260790000D-01 -8.26948888033420000D-03 -6.21108728549567300D-03  4.20658907216853500D-03
44 28  4.89530111880857600D-01 -6.72568729845061400D-01 -2.63844267362339000D-01 -2.81234562994783000D-03  4.58117998102822000D-02
44 29  1.85049896332586500D-01 -8.14349557649135400D-01 -1.09660420058919600D-01 -3.11114003340656200D-02 -5.11704498494314600D-02
44 30 -8.26792255451509500D-02  2.18338604716569200D-04 -6.75588465160745400D-02  1.23697915121738800D-02  4.19170757073775100D-01
44 31  3.78416377533451900D-01 -2.85985410104369500D-03  1.30900988520880400D-03  1.55084421583459400D-03  7.57838571272626900D-03
44 32  3.18829107551123600D-03 -1.05487325096289200D-03 -4.72108042635869300D-03  4.49546001111995300D-03  2.25620415238756200D-04
44 33 -1.54597284304588000D-02 -7.34607836198780000D-03  1.07015656740577100D-02
45  1 -4.76558259521989700D-03  2.12370063833293200D-03  4.99935777532555200D-01  1.06250942235183400D+00 -7.93992075604649100D-02
45  2  5.72807094032013600D-02 -1.10340454747584900D-01 -6.84550873527359200D-01  3.05828915193098800D-01 -4.34840507731387700D-01
45  3 -1.08279010545075300D+00 -1.15299237871122800D+00 -1.49407933284271600D+00  9.73918331962743800D-03 -1.62448746464590700D-02
45  4  6.50569132683050200D-03 -1.55849478632541000D-02  1.08170142791437200D-02  2.06464287490391300D-02 -1.61545137827959200D-01
45  5 -6.56576073240561400D-02  2.27202745152015200D-01  6.03031849803650600D-03 -1.88049427462605600D-01  3.04629621057407000D-02
45  6  2.58700778833134800D-03 -3.38823499797460200D-02  9.27362768364583300D-02 -1.36873619406904100D+01  4.73107658588571800D-03
45  7 -6.09105042258889400D-03 -6.71208971927739900D-02 -7.90144645941450400D-01 -4.89774160432092400D-01 -8.46350843943395400D-01
45  8  2.05268259119242200D+00  1.31644682490556200D+00  4.25646482900375000D+00 -2.84218835001814100D-02  3.60273139668275200D-02
45  9 -7.60543046664506200D-03  5.36893406591716400D-03 -1.72673884528186800D-03 -2.21596756758926400D-02  2.61813188125812800D-01
45 10 -3.04589559266226200D-01  4.27763711404131000D-02 -2.50689558959471100D-02  2.09966734918544700D-01  2.77460600207275200D-01
45 11  8.53258822944543600D-03 -2.58626179976341900D-04 -1.49661335486409000D+00  9.29421891213483100D+00 -7.10590051378678000D-02
45 12  5.11723815661183600D-02 -3.01031689580223700D-02 -3.93156364248031200D-01 -5.01877060874790400D-01 -4.15906435503339700D-01
45 13  1.22866729354304400D+00  1.64286809548223800D+00  8.46374895916658700D-01 -7.83810878475919700D-03  2.36006860235385600D-02
45 14 -1.57625772387785200D-02 -1.83867358591988200D-02  2.28958398820069500D-02 -1.35622941930482000D-03  2.21431721410307600D-01
45 15 -6.61016443290275100D-02 -1.55330077081281000D-01  1.82696534629039200D-02 -2.94881346622440100D-01 -9.71290875042667300D-02
45 16  6.74828635831974900D-02 -3.92709275194097900D-01  4.99744048549762500D-01 -1.54007159441735100D-03  1.24087209957140800D-03
45 17 -1.75355122732575100D-03 -1.49729700698036600D-01  2.32708260862660100D-01  4.53868022044765200D-02  8.72777596802091100D-02
45 18  1.81659679948647300D+00  5.60664689304596000D-01  5.83197525510268300D-03 -4.12126599032409900D-03  5.00815390968608200D-03
45 19 -2.11632118614024400D-01 -4.82114815209411700D-02  8.19068829511482000D-02 -8.44444757231717200D-02  2.70531815670101600D-02
45 20 -1.33622260403721900D+00  9.71080333138655600D-04  2.09846022028004600D-03 -7.24783767298023700D-03 -2.99517601863972100D-02
45 21  6.75407103333634000D-02 -3.74252822628705900D-01  1.24084147154139900D-01  2.68887553550207100D+00 -6.13041252327553800D-01
45 22 -2.55823745938904400D-03  5.84498505384033000D-03 -8.86451900828055500D-03 -3.71263489667578100D-01 -2.20954184512581900D-01
45 23 -3.09259583129597700D-01 -2.58244206188297700D-02 -5.87829610361097000D-01  1.27039340630610900D+00  2.66213617522879900D-03
45 24  8.75649890016404200D-03 -4.22141528923656400D-03  2.08562780233202400D-01 -3.63677715443835500D-01 -5.42012817882828500D-02
45 25 -3.09708497685928600D-02  9.65302522875301900D-01 -5.93520695145576800D-01 -1.68282916819850700D-02  3.22823547321681500D-03
45 26  5.60917877310753700D-03 -1.81961334810296900D-01 -2.16357452394742900D-01  6.41495058810180300D-01  6.80538361855065900D-02
45 27  3.25263397139703600D-01  1.17136128737271300D+00 -2.37722821727910900D-03 -8.40975261927241600D-04 -4.34057382746421000D-03
45 28  1.61604828478399400D-01 -6.35495155374390600D-01  4.23480160474231000D-01  3.62270014928899000D-03  2.18477346373067300D-02
45 29  8.08781630261986400D-03  2.60897672520716600D-02  4.93977268164412900D-02 -9.23596179834052400D-02  7.61996062826468700D-02
45 30  6.41520001757934400D-02 -1.15577745272196000D-01  8.60971154248815200D-02 -9.20619756832727800D-02  1.23212248036041200D+00
45 31 -5.66431464354522500D-01  2.50452254669820700D-03 -2.66833756027492000D-03  1.63815013577336100D-04  8.87542126877139500D-03
45 32 -6.14122892862128600D-03 -9.53535433872994600D-04  4.29157362509208900D-03 -6.46579682770326600D-03  2.17422320261116900D-03
45 33 -2.31023707530083300D-02  7.77172475225100500D-03 -1.48618877035638600D-03
46  1  3.42909703918743900D-03  6.26806156972788000D-02  5.16914846545108700D-01 -7.28961513738265600D+00  2.32019544652454300D-02
46  2  5.30761394224743800D-02 -7.31298958105313600D-02 -6.54209613661011900D-01 -6.71102717160975000D-01  1.18547606355228000D-01
46  3  7.26425697080163500D-01 -9.47445970651048200D-01  2.01949187852772100D+00  5.33618840932674300D-03 -7.68822805366722900D-03
46  4  2.35203964434142900D-03  6.68620449445093600D-03 -8.98701609856137500D-04  1.65477336687324000D-02 -1.00769647169627000D-01
46  5  1.90735031191625900D-01 -8.99653840220011500D-02  1.18506279628430800D-02  1.50374030866571100D-04  3.12094913752185700D-01
46  6 -2.28416680361123700D-02 -7.15813438065405800D-02  2.27352763220086600D+00  3.12550075305435300D+00 -3.00412996007238500D-02
46  7 -1.25935716602953400D-01 -1.57384072885587500D-01 -2.51311869738682500D-01 -2.55999920797743200D-01 -1.02811978879050800D+00
46  8 -4.78432787036161800D-01 -6.10932394169213500D+00  3.14111930131922500D+00 -1.76305796104408100D-02  1.54956776053665300D-02
46  9  2.13490200507430800D-03  1.03283527751873500D-02  1.81574097714484600D-02 -7.25381167948409100D-03 -9.10430124922459000D-02
46 10 -2.78888118845400000D-01  3.69931131337642900D-01 -8.44463340100318500D-02  2.54537128069556600D-01 -9.40995686273363600D-02
46 11 -3.60537879293973100D-03  6.90850050306583000D-02  4.32697842678567900D-01  8.39290876149583600D+00  3.79199589032108200D-02
46 12  1.05715361786977400D-02 -5.52414884497683100D-02 -1.05786016222222200D+00 -5.46474591882420100D-01 -1.06386965601986000D+00
46 13  4.28772339095444000D+00  2.41040238661891100D+00  5.68097747536099200D-01  1.57051084240591200D-02 -2.26388260717830300D-02
46 14  6.93371764772536200D-03 -1.40748896853959400D-02  1.36283360407289600D-02  3.24925536823049000D-02 -5.44695086704430000D-01
46 15  5.06828795239489500D-01  3.78662914649385900D-02  7.73787312092357900D-02 -4.12287581833428300D-01 -6.79483885515153300D-01
46 16  2.58028362315743200D-02 -5.77131682067945900D-01 -7.09886536222860800D-01  1.38602817946490000D-04  3.21156621044783900D-03
46 17 -3.70129071100044100D-03 -5.80560369983488700D-02 -4.17425925713700500D-02  1.53059462901855300D-01 -1.96952413157726600D-02
46 18  7.24790149091622600D-01 -6.78788575113566400D-01  2.78767292775614800D-03  7.15405465006280400D-03 -4.17078108835449800D-03
46 19 -4.11835123416569900D-01  1.21280020911360200D-01 -5.35248108485392400D-02 -1.82463827380625600D-02 -2.38010489550588900D+00
46 20 -1.15056680044272200D+00  1.86954481905406700D-03 -2.92200580641618600D-03 -1.17839133127085700D-02 -3.49931641706773000D-01
46 21 -5.50763253219582300D-01  2.69962031901886900D-01  1.01915778497611200D-01 -1.80037777443252800D-01  3.23176431189832600D+00
46 22  7.68388091426546400D-03  1.89124079455076900D-02 -6.17826130431941900D-03  1.93424664903859000D-01  6.01758924187154400D-01
46 23  3.07653385042278600D-01 -8.00493675873093800D-02 -3.17212335801171500D+00  3.55446670008325000D+00  6.00684296316899300D-03
46 24  9.34696995361128400D-03 -1.30492030787412800D-02 -6.70169751785028000D-01  1.14162497565442000D-01 -7.35224678226488400D-01
46 25 -1.22605992510935000D-01 -3.58650188477206300D+00 -4.59899457104689400D-01  2.07292160066877400D-03 -1.18123387269836400D-02
46 26  5.52745603980875400D-03 -4.36029090553880100D-01 -3.05788539678869000D-01 -5.11064407381125700D-01 -1.92848822997444900D-01
46 27  6.35614889405077800D-02 -4.12998265566596500D+00 -1.50710954490468800D-03  1.83342661184361700D-03 -2.08433402520960200D-03
46 28  3.86925048063799100D-01  4.83745532032795900D-02 -1.23729004956290700D-01 -1.81238745804703900D-04 -1.12272862506578800D-02
46 29 -3.56835378529205000D-02 -1.32003208666220300D+00 -1.77884728039147100D-01  7.12739950191572900D-02  9.64457530185296700D-02
46 30 -1.77708838475438000D-01  7.49307794134888200D-02  1.44854775701716900D-01  1.45128702085527700D+00 -6.39390241904806200D-01
46 31 -9.04311858238596200D-01 -4.07250884457370300D-04 -3.71443386455026100D-04  7.78694270912039000D-04 -2.56658687543084100D-03
46 32 -1.74366968027337900D-03  2.48324520455983900D-04 -1.53424317312782800D-02  5.38528327406827700D-03  9.95714845720998800D-03
46 33  1.37988925539372500D-02  8.23678944842379200D-03 -6.34122926008049600D-03
47  1 -9.57192282927448600D-03  5.33519708418382100D-02  1.16692287745343800D+00 -5.02072843513867200D-01  5.23374705109985900D-02
47  2  5.10325671184847200D-02 -1.14882209618628900D-01  1.48956210583742300D-01  3.50967645883738300D-02 -1.09865254205897800D+00
47  3  1.22005181799924500D+00 -3.90740478829191900D-01 -9.19013819314457600D-02 -9.46238233260350200D-03 -1.35199640140060600D-02
47  4  2.29823463466099700D-02  2.14330993055181700D-02  6.68989792965012600D-03  2.59718794880625300D-03  2.15857013236203300D-01
47  5 -4.49016975451445600D-02 -1.70955315691059700D-01 -3.04019298036066000D-01  2.14819651682861400D-01 -9.31082247967651400D-02
47  6 -1.98360824821145000D-02 -1.24567190511788600D-01  6.00179153881039000D-01 -6.00423474725542800D+00 -4.21361249311787400D-02
47  7 -3.75586965824404300D-02  4.90400865390889900D-02 -1.06861333760124900D+00 -8.13288876935955800D-01 -1.74898397536802400D+00
47  8 -1.54107176124847300D+00 -1.88784418871328600D+00  3.22673875303248200D+00  3.21873659314043900D-03  3.26892509453298800D-03
47  9 -6.48766168767217400D-03  2.44132375676721100D-02  1.65609876855537800D-02 -3.05037537934083400D-02  2.18699005185147100D-02
47 10 -4.24272277541793500D-01  4.02402377023279200D-01 -1.42497364531676800D-01  6.02875913672761300D-01  6.63885077135382800D-01
47 11  4.95843552444914500D-03  3.99893439363100600D-02 -2.27187442297777000D+00  5.24188140836947900D+00 -1.25900642292139900D-02
47 12  4.73869478304595300D-02  1.79514967835581900D-02 -1.06796587498636100D+00 -4.74999464828671700D-01 -1.26847670874805400D+00
47 13  1.13420869184079300D+00  1.28474413534509300D+00 -3.79735919947785900D-01  3.66109183862388000D-03 -4.70102951506888700D-03
47 14  1.03993767644414100D-03 -5.12381091677426700D-03 -4.15096454249411200D-02  8.11061086520211900D-03 -1.39784573567788100D-01
47 15  2.95778519935166800D-01 -1.55993946367378700D-01 -1.36134239586912900D-01 -2.72062748725674800D-01 -2.25176688214222200D-01
47 16  1.21629393175710900D-03  9.75262052704719100D-01 -1.52451044859645900D-01  6.77990335460471300D-03 -1.69877369646903600D-03
47 17  7.66919760284598900D-03  4.70838372008801800D-01 -4.85375769540019000D-01  3.31253775098930600D-01 -5.14945745459098500D-02
47 18 -1.30927497543346100D+00 -1.64168035981118700D+00 -5.84893832060147600D-03  7.88900821562145400D-03 -2.65723648071273600D-05
47 19  1.30357331476066800D-01  2.80187917918685600D-01  1.44829119980763700D-01 -3.37250695931379700D-02 -9.30975980501734800D-02
47 20 -6.21572484695654100D-02 -6.97207333807638600D-03 -2.21136616085892400D-03 -5.20125862444835400D-03 -1.01232728642839200D-01
47 21  5.63130670197424800D-02  8.90165537311361200D-02  1.40649163698728800D-01  3.06596880649467600D+00  2.07720165264696300D+00
47 22 -3.73203396599838200D-04  1.05528019565238700D-02 -5.31732122129301900D-03  1.58889342813523500D-01 -2.79834555576593800D-01
47 23 -6.53178434454137400D-01 -4.17480218536680400D-02 -7.03979509462279700D-01  2.07979323431445400D-01 -1.76485610037785500D-03
47 24  1.09403773351332000D-02  2.66934093149782000D-03  1.22822758834619600D-02  1.94238552969719300D-01  1.69077932405908900D-01
47 25 -7.15182150299822900D-02 -8.55867059945484600D-01 -9.87104952601677400D-01  2.36331511068361300D-03 -5.01175948501473300D-03
47 26  9.32958151816193500D-03  4.24604747581533800D-01 -1.96443614020861000D-01  1.31256880683443400D-02  5.59828499974773000D-02
47 27  7.41127558993864200D-01  1.53436040704976800D+00 -7.52155017933723800D-03  2.42485393349657500D-03 -1.03344569403754600D-02
47 28  6.44015973549894700D-01 -2.06122938328497700D-01 -6.69084444324436400D-01  6.56803264243285100D-03  3.47777986915845100D-02
47 29 -5.36059148167342100D-03 -1.35330614799514500D+00 -2.02310160125928100D-04 -6.55805622469890600D-02 -7.12812748767490000D-02
47 30  5.75005486658708300D-02 -1.06681489911857900D-01 -1.16367715196144400D-01  7.59870263526473200D-01  7.05966127745228300D-01
47 31  1.09687477715485000D+00  5.52688774558510600D-03 -2.62652488506536200D-03 -2.90036286051973700D-03  2.35557050721746400D-03
47 32  7.97973039630742200D-03 -2.18773016334792800D-03  3.52685137977181000D-03  2.35142205896327300D-03 -5.87827343873513400D-03
47 33 -1.44470918932779300D-02 -1.34732184035533800D-02 -1.08071540200408900D-03
48  1  4.40856625632468900D-02  5.65442343452893700D-02 -3.39143279428134500D+00  5.71694374870365300D+00 -7.83720111927852500D-03
48  2 -7.53394342001770800D-02 -6.19684410284911300D-02  7.02311378677962200D-02 -1.72964745812512400D+00  2.36155692401921900D+00
48  3  2.09004114962572300D-01 -1.80148986657729800D+00 -5.28956640297163000D-01  2.60321492026509300D-02  5.12715875433603500D-03
48  4 -3.11593079569875400D-02  2.49804663920677000D-02 -2.76539025663610300D-02  3.26457806676094400D-02 -1.47398897270668600D-01
48  5  7.39687366713439700D-01 -5.92288469442770700D-01  1.30726908428981300D-01  1.60018377920272800D-01  3.89130017401322800D-01
48  6 -3.15563163100648400D-03 -5.56313518416848700D-02 -7.91630582222521400D-01 -1.61829773618717400D+01 -6.19953306927063000D-02
48  7  9.42727268419461400D-02 -9.80906175874264500D-02  1.14600183389372000D+00 -1.23395909879526700D+00  2.69692059141335000D+00
48  8  3.75903437214622200D-02  4.27871135108055000D+00 -4.60722213685786100D-01  2.50410332372265800D-04 -1.20435451186534200D-02
48  9  1.17931347862800200D-02  1.07065883716464900D-02  3.71945162190127800D-02  2.84804152185319500D-02 -4.67299155209638200D-01
48 10  3.66308758186596400D-01  1.00990397023041100D-01 -7.55372330878935000D-01 -6.50546268556892500D-01 -1.90839610416639200D+00
48 11 -7.91409732039065300D-03  1.04270694863118500D-02  3.28411681997913900D+00  6.82225411524689000D+00  5.02417313430579600D-02
48 12  9.25129920523021800D-02  1.61773595518605000D-01  1.51317233503220100D+00  6.03249756124443600D-01  1.94594574280056300D+00
48 13  1.93466249056855300D+00  6.07733093634467000D-01  2.62546332559776200D+00  6.28293139307331500D-03 -1.40178819090995400D-02
48 14  7.73495051602593200D-03 -2.02200448820319700D-03  5.27695406377102200D-03  4.66167852520605800D-03 -8.20267120923585000D-02
48 15 -3.49330662766535400D-01  4.31357374858893500D-01 -3.05375474814168400D-01  2.78567340703951400D-01 -1.29231884080096800D-01
48 16  6.61137396562192800D-02  9.84731895561668300D-01  9.46772544231273200D-01 -4.37655162038794000D-03 -6.77278992060409100D-03
48 17 -1.89765239474280500D-03 -2.39353655312890900D-01  1.42196486295961300D-02 -2.29615327984500500D-01 -2.29349414900480000D-04
48 18  8.10297511184309900D-01  3.43857765504286900D-01 -3.09941211404856000D-03  4.41955242204815600D-03 -1.43836032501755600D-02
48 19  2.07215126278283200D-01  5.00074214870979100D-01 -9.90683196876440200D-01  4.08899101704272200D-02 -1.66736460847326900D+00
48 20 -2.23138549900777400D+00 -1.65495034186301000D-03  1.01260538162891100D-02 -4.66191603730516900D-03 -4.72914886073788400D-01
48 21  2.08298542477391700D-01 -4.15537982411324900D-01  6.36540327958887000D-02  3.06409823236221200D+00 -1.35336288074406000D+00
48 22 -4.06155271038084300D-04 -5.88399502749237900D-03  2.33701000111833800D-02  3.11432847575443100D-01 -8.53626740229837900D-01
48 23  1.60495810257061100D+00 -2.06242202073644300D-02  2.27875645790527600D+00  2.12996889626090300D+00 -5.78984507661721400D-03
48 24 -8.90569210994931500D-03  3.18019440900238200D-03  2.05292295118885100D-03  1.69876881574114900D-01 -2.19891232484559000D-01
48 25  2.58596759847133000D-02 -3.74611106955159800D-01 -5.09165054733112800D-01 -3.73586206591952500D-03  5.83656948784774700D-03
48 26 -3.18480871340174800D-03 -3.88678151837120900D-02 -1.08331234146807200D-01 -4.88022202708161000D-01  5.68601005886962100D-02
48 27  2.91661107522766200D-01  1.23940368027729100D+00 -5.07426356984249900D-03  7.48194587114756700D-03  2.49649860821689800D-03
48 28 -4.08358616946016800D-01 -4.11968581677246500D-02  1.68236947216439700D-02  4.29398364152814900D-04 -4.87279184072324000D-03
48 29 -2.57519740411368500D-02  1.03458092389908600D+00  3.37323520653755000D-02 -2.75836945799798600D-02 -4.28093600758754800D-03
48 30 -6.25343775035091200D-03 -4.67663454607740300D-02  2.67654733151876000D-03 -2.93030645871704000D-01  5.41099538397474200D-01
48 31  5.02787513059101700D-01  2.17448917598219400D-03 -1.43871849367174100D-04 -2.03061732661434100D-03  2.16948406025989200D-03
48 32  1.34185471136487300D-03 -1.54315060769133000D-03  2.92598633873537200D-03 -1.69866318417326000D-02  1.40606455029972000D-02
48 33 -4.88029262107125800D-03 -8.35356266966361100D-04 -4.42778426303185000D-05
49  1 -1.97704272008082200D-02 -8.26277263542120700D-02  7.08246369850812100D-01  8.39442379604494400D-01  1.13469494345761000D-01
49  2 -1.31235536180449400D-01 -2.09089478575488300D-02  4.13767199901170600D-01  3.72096358000132500D-01 -1.55372879871604000D+00
49  3  1.84612428478475500D+00  2.05099027737873800D-02 -2.81441238162267200D+00 -3.36709606518483300D-03 -3.37795953754795400D-02
49  4  3.71466914406650300D-02  2.25103743675366300D-02 -8.89707730107520800D-03 -2.86956302195033500D-02 -2.48177989363844900D-01
49  5  3.47358274430104100D-01 -9.91802850662579200D-02 -5.56322761310582900D-01  4.63484492311454800D-01 -4.62932976411080400D-01
49  6  2.31405631250676700D-02  8.67392222485539000D-02 -9.96058502909666400D-01  8.45780545813566900D+00 -6.77555568451138800D-02
49  7 -1.77106585874734400D-02  1.70537682134610500D-01  3.46977599138857800D-01  8.38940366751933800D-01 -1.07613244609777200D+00
49  8 -2.00153326441515400D+00  8.80171275031319100D-01 -2.18744150205111000D+00  1.88971163012991700D-02  1.16757848606729100D-03
49  9 -2.00646947873647300D-02  7.25695308433880400D-03  1.43772601008704100D-02  1.07487524338349600D-03  9.59679073681438400D-02
49 10  2.25980964315853800D-01 -3.21948871683994100D-01 -1.12220698812742400D-02  2.63492749729746400D-01  3.79306803583338200D-01
49 11  3.80178854396263000D-03 -2.19511581616588900D-04  3.70745867177766800D-01 -9.67177059879390700D+00  1.23002468467137800D-02
49 12  3.56019059118140400D-02  4.28906567779152600D-03 -1.29591141934760400D+00 -8.55271321417898200D-02  3.50574640331146000D-01
49 13 -3.42353050739901900D+00 -1.45966692534426800D+00 -2.23795527853547300D+00 -3.58060486057583900D-02  2.43820620785065500D-02
49 14  1.14239865272507700D-02  1.14310438809065000D-02 -1.85511440331783500D-02 -1.59193327522193800D-02 -3.50000545492392600D-02
49 15 -2.65725485837702000D-01  3.00725540386945700D-01  2.87863358079856100D-01  1.44468379164233000D-01  1.47161785225047900D-02
49 16  5.45585943751614900D-02  2.33475356528075000D+00  2.03047310515823700D+00  3.99862946217904700D-04 -1.55086940347756700D-02
49 17  1.90045902087789400D-02  7.68283803782880700D-02 -8.89435921994411300D-01  5.43082663975194900D-01 -2.32710035632353400D-02
49 18 -8.30739174756361500D-01 -3.56017504667437100D-01  3.15653679370955200D-03  5.05206984456453800D-03  7.25479064460726600D-04
49 19  1.12596985916841300D-01  4.89260604392151600D-01 -7.94667286884636500D-02 -3.15884705186281100D-02  2.04893202123820400D-01
49 20  1.66481130619471700D+00 -2.45584973509741300D-03  2.48171034926271900D-03  5.16952731818807300D-03 -6.33642161501833700D-01
49 21  2.09602399350127300D-01  2.01145213092148800D-01 -2.52541985781803900D-02 -1.62433888631917800D+00 -3.58275779190844200D-01
49 22 -2.20449631702055500D-03  2.49389991866703700D-04  9.32630047690200100D-03  2.11045662309072500D-01  1.66687121502503900D-01
49 23 -2.67770324246709500D-01  2.94168830218393900D-02 -1.66517143500699100D+00 -3.05515901219302100D+00  1.13985813302554700D-02
49 24 -1.07512382766941500D-02  3.10067598989026500D-03 -8.12627289999593700D-02 -1.12627334204872600D+00  1.22886764689168000D-01
49 25  8.27331469183190500D-02  1.25995975126597100D+00  3.84383088072462900D-01  1.09699442433614700D-02  5.82046990035181700D-03
49 26  2.16301645037293400D-03  4.23567542283827800D-01 -3.85023092555983700D-02  4.23188157326483700D-01 -7.17255310171203400D-02
49 27 -7.31431528282079400D-01 -8.05576262975663500D-01  3.13027433091638900D-03  9.49407939174013900D-04 -1.35512207680160000D-02
49 28 -1.38046146913557700D+00  2.44124063910386000D-01  1.57707041596277100D-01 -7.26828236100930800D-03 -5.12503475188179300D-02
49 29 -2.37452589122660200D-02  2.70068463825035700D+00 -3.29297366945115500D-02 -1.63637334759240100D-02  9.59728567534327600D-02
49 30 -1.55434288492583600D-01 -2.18287875562636500D-02  1.59256530742260300D-01 -7.96873128791792400D-01  2.79374661569270900D-01
49 31 -7.07454904308977100D-01 -1.92747335818989600D-03 -2.66089513980404000D-04  2.19356287217027100D-03  4.56736251458601900D-04
49 32 -1.81284568878153100D-03  2.74402528714254500D-04 -6.71658841030008100D-03  4.34602455044681300D-03  2.37056385985319700D-03
49 33  4.37463234329325800D-03  1.24320087070101000D-02  2.14425421666823700D-03
50  1 -7.21684438767503400D-03  3.02795110684038600D-02 -2.82470279466469300D-01  7.41766764028835000D+00  4.89954068462362400D-03
50  2 -4.65826406510649700D-02  1.23958764934384200D-02  1.31290470555781800D-01 -2.74282455801315900D-01  6.18382738211594800D-01
50  3  1.76950555734381400D+00  2.95597031162576700D+00 -1.13831520955633800D+00  8.65210344030725200D-03  1.39026118564200700D-02
50  4 -2.25547152967254200D-02 -1.71223489104303200D-02 -2.74873935360584700D-02 -3.02892414346351800D-02 -1.81250852993660400D-02
50  5 -1.58904127680651400D-01  1.77029212980017600D-01  2.81453524938480900D-01  6.48132741563355200D-01  3.74773404394584200D-01
50  6 -2.70141150286663200D-02 -1.43248093115804000D-01  1.11709874710487700D+00  1.40377311917859000D+00  1.05352076016409100D-01
50  7 -4.78609052809579300D-02  1.26798023011585900D-01 -5.19689590531070700D-01 -1.08888317126575600D-01 -9.17590797707492400D-01
50  8 -3.51770832137843500D+00 -3.05102200171666800D+00 -4.90438160303600900D+00  1.47193179401108300D-03 -1.52844082216464000D-02
50  9  1.38124764276353400D-02  3.41425575314155500D-02  3.77245017726615700D-02  2.91788948366575500D-02 -2.47312173297474100D-01
50 10 -6.58444320882339500D-01  9.05756494179812600D-01 -7.69087216288710700D-01  5.94810291299305300D-01 -5.44265911247368500D-01
50 11  7.74546728536914700D-03  1.32711887538644500D-01  3.13727288343676200D-01 -5.95244702908176100D+00  1.31175750362869800D-01
50 12  3.52285074711010300D-03  9.22027013175047400D-02 -7.75200394481817500D-01 -1.60890530300667800D+00 -1.15708543561147100D+00
50 13 -1.38411347268263700D+00 -9.46404981438717300D-01 -2.88885235726537600D+00  3.10464401126824300D-03  4.27474684773188100D-02
50 14 -4.58521124885897800D-02 -5.90339145633490000D-03 -3.37078467394044800D-02 -2.44484903203381900D-02 -5.45711997783394300D-02
50 15 -3.87379395539376400D-01  4.41950595317716500D-01 -6.89884462866358100D-01 -5.40427967880620100D-01 -5.79513697937785600D-01
50 16 -5.50340566646051900D-02 -7.81050437011107200D-01  5.43120913239934500D-02 -1.33853531098594600D-02 -2.98427709102982000D-03
50 17 -2.14101909058291500D-04 -8.22630795988897700D-01 -5.54160261008381200D-02 -2.69451580399709800D-01 -5.06263295162804300D-02
50 18 -1.95931072798515300D+00 -1.51500289761610700D+00  7.10154082964801500D-03 -1.07278814645481400D-02 -1.12652104415117700D-02
50 19  2.55047243835451400D-01 -4.50645902877656800D-01 -3.35952601655544100D-01 -3.54101958342874200D-02 -7.19815260761319200D-01
50 20  2.73935160333970700D+00  8.07364014589635100D-03  2.36487522756701800D-03  1.39442344573774900D-02  4.64435732878345600D-01
50 21  1.48543563157740200D-01  7.60214813753914600D-01  5.30870173316914200D-02  2.65139511108603800D+00  3.38903869661376800D+00
50 22  2.52613744865843100D-02  1.39201660868489800D-02  2.30313408873562000D-02  3.06097846482162100D-01 -4.67802969936178300D-01
50 23  3.76456632708123700D-01 -1.54574306218762500D-02 -1.02811889810220800D+00 -2.32036352848648700D+00 -6.41530394343627900D-03
50 24 -9.76928595695788700D-03  3.90492576674552800D-03 -1.06291715730481500D-01 -2.46705424406422600D-01 -2.57715119612848100D-01
50 25 -1.64858092506853400D-02 -1.94188383348396800D+00 -1.58220955840047100D+00  1.08302251613389900D-02  1.37714892963374500D-02
50 26  1.96770210787274100D-02  1.08118806723666000D-01  1.19217602578188900D+00  2.80301888349274300D-01  1.37738609612749700D-02
50 27  5.96667093754486500D-01 -1.22119601535367700D+00 -1.42172505536111200D-03 -3.31637381423721100D-03 -9.38783009760175100D-04
50 28  9.73329441152002200D-01 -2.87197013477298000D-01 -6.56450357385941100D-02  3.89671839543366500D-03  3.18329306166018400D-02
50 29  3.40041981750871900D-02 -2.14255471104345500D+00 -2.48767772991461600D-02  7.60862259654119000D-03  4.42197082744997300D-02
50 30  5.75579535333648800D-02 -1.09828241697493300D-03  4.75018737314859800D-02  1.03151637737656800D+00  6.92548091342656100D-02
50 31 -5.74438804233815100D-01  2.32311571809142400D-03 -2.45711214554843200D-03  1.33996427456540900D-04  1.37185357011777900D-03
50 32 -2.56357351020202900D-03 -5.47601217031685600D-04 -6.91936705781772400D-04  3.08334602138082000D-03 -2.39140931559902600D-03
50 33 -3.46709674393598500D-03  6.72543035704364700D-03 -2.88106821379838100D-04
51  1 -3.27721239490802400D-03  5.15457793283810300D-02 -2.37499193814570400D-01  2.02158139114349700D+00 -1.25643879032263800D-01
51  2 -8.01968174630462300D-02 -2.16763327355676400D-02 -1.71837680892020100D+00 -1.73332239047043900D+00  5.96772496469635100D-01
51  3 -3.41078573417414300D+00 -2.12302306785511100D+00 -1.20852086069394600D+00 -2.66231187400967600D-02  1.24086628387313700D-02
51  4  1.42144559013635800D-02  7.53923568935687500D-03  4.44263977168910900D-02  1.95115884306290600D-02  5.08442667848813100D-02
51  5  6.77792851055460500D-01 -7.28637117840340100D-01  6.29087429897443400D-01 -6.58720598703355600D-01 -2.66676885753950600D-01
51  6 -1.85257800498970500D-03  1.45457039510024500D-02 -1.57502550651879000D-01  8.50314340694151100D+00  4.35277323811665400D-02
51  7  4.17216613657652100D-02 -2.22117006251003000D-02  8.23972542131523000D-01  4.35231773853408600D-01  1.16986793824726500D+00
51  8 -2.26124975231230200D-01 -7.05482724877945900D-01  5.04284996290798600D-01  7.96023901662541200D-03 -1.89232997849710900D-02
51  9  1.09630607683460300D-02  1.46877600230026500D-02  4.98708326332343800D-03  5.73021337416456500D-05 -7.57854852796555100D-01
51 10  7.14095680526985600D-01  4.37591722695657800D-02 -2.42879520007401000D-01 -5.79639255523251000D-01 -9.91228069183688100D-01
51 11 -5.20862450651486700D-03 -6.97277598856176900D-03  1.73874575309501600D+00 -7.08761613098199600D+00 -2.23154647709765000D-02
51 12  1.63327288961347400D-01  1.96425020357766800D-02  4.40767393716940000D-01  1.50592273070401300D+00  1.06638051060483300D+00
51 13 -6.91515861900572500D-01  2.36428301855177700D+00 -3.64844130401085800D+00 -7.22878072249841700D-03  2.32635831736130700D-02
51 14 -1.60348024511174100D-02  1.03268853102675200D-02  1.13234284210292000D-03  1.21051753798373000D-02 -1.40700386413120900D-01
51 15 -5.13053472574832100D-01  6.53753858987954000D-01 -1.15999878384685800D-01  1.81417710678316100D-01 -3.13514898247103400D-01
51 16 -9.43868965453326800D-02 -1.01857580060559900D+00 -6.48807688890619700D-01  1.56763992706727300D-02  1.04234244113681900D-02
51 17  4.41345107552763700D-03  5.82625054002178000D-01  3.44801899661319700D-01  3.01738446436813000D-01 -3.15522485711977400D-02
51 18  2.65349446403289200D+00  2.72623307773296400D+00 -5.22371691558866900D-03  2.09669836520674400D-03  1.12712116678291700D-02
51 19 -9.67688805058157600D-01  1.50806888676119100D-01  8.16995293249677900D-01 -1.20893898102452600D-02 -5.82535111133177400D+00
51 20 -2.87249323411669700D+00  8.86796103836183500D-04  1.21205427667898500D-03 -2.07242025232856000D-02 -2.67075981893968800D-02
51 21 -9.55848432551633200D-01 -7.91923763461282300D-01 -5.93394663094733000D-02 -2.25694355125866500D+00  5.14223036372214300D-01
51 22  1.28786792746208600D-02 -9.08725612649525200D-03  1.57130778925346200D-02  8.31858435867335900D-01 -7.41197108210130400D-02
51 23  5.20876107174782400D-01  5.02455317617076200D-02  3.26895653545167700D+00  1.86635635188228000D+00 -6.61714460380536100D-03
51 24 -9.57606606746449500D-03 -5.24561233196475300D-03  8.30240423106489200D-01 -2.36164751103316900D-01 -6.23484217246493500D-01
51 25 -1.46844079327248900D-02 -2.02761888649586000D+00 -3.09114729868716500D+00  6.03864987233692200D-03  5.26661593287441800D-03
51 26  1.07562531165060600D-02  5.76786989708931300D-02  4.18589096092804100D-01 -2.98029184198638500D-01 -1.20817831378558500D-02
51 27  3.60102835654375200D-01  1.73833028646468800D-01  4.77244246531272600D-03 -1.46294664094386100D-03  3.14982881733460600D-03
51 28 -5.97215364875367100D-01 -5.83248964844584300D-02 -1.32518153759913300D-01 -4.91068607107757700D-03 -5.98897412255880800D-03
51 29  8.63163607134043900D-02  2.84468450494229100D-01  2.33714636924222100D-03  2.81666609143153700D-02  8.54029958520179400D-03
51 30 -3.84014055095131200D-03  4.63537979131686700D-02 -3.98770727145727900D-03 -1.13975999973429700D-01 -1.02404113853941700D-01
51 31  1.24357863717983300D-01  1.17016966132767100D-03 -1.78824779304857700D-03  6.18078131721645500D-04  1.16711664457308200D-03
51 32  1.97963073924757300D-03 -9.42876544736632900D-04 -5.19408032218657500D-03  1.98601523094548800D-02 -1.46660719872682200D-02
51 33  3.09347344765868700D-03 -3.13014545620227100D-03  1.31333231991494600D-03
52  1 -3.20269020209164700D-03  1.53025733326824700D-02 -1.15009298644157200D-01  3.53296099090423300D+00 -6.85311555811197300D-02
52  2 -1.72900428689829600D-02  1.41911655557730600D-01 -2.16574876171621500D-01  3.33133835621679800D-01  5.32172514633941800D-01
52  3 -1.05214404705216300D+00  2.48546652703839000D+00 -9.94767341236887400D-02 -1.65924910882046000D-02 -9.32333303926641800D-03
52  4  2.59158241274708100D-02  9.96862683033553600D-03 -3.92248853168599200D-03 -5.99447178518734300D-03 -2.95469074194927000D-01
52  5  1.75940664798935600D-01  1.19528409395991800D-01 -3.54867639546161200D-01 -3.59014069955580900D-01  1.54795610128547500D-01
52  6 -2.32028682586188800D-02 -5.49751110950306900D-02  7.92717365195532200D-01  9.84342274809903600D+00  5.02466380029587900D-04
52  7 -8.39255093396138700D-02  7.22880590125918600D-02 -6.29926514673828500D-01 -5.54087258737666200D-01 -1.10464883152443700D+00
52  8 -3.08944331263064000D+00 -4.70508707352282600D+00 -3.60964044545463200D+00 -1.66756760997676800D-02  2.18849065157152300D-02
52  9 -5.20923041594751700D-03 -2.79355246655732900D-02  9.95607809241422900D-03  2.71815302321511100D-02  2.14656202858777000D-01
52 10 -4.48839041534937600D-01  2.34182838676161200D-01  1.69366709589269100D-01  3.01027917347577400D-01 -1.85301893819367100D-01
52 11  9.21317950863541500D-03  4.29314508727278700D-02 -4.19849799999343400D-01 -1.26172796990862100D+01  7.38946290837318200D-02
52 12  4.41177780320371100D-02 -1.05219267345269700D-01 -4.85718502545849400D-01 -6.06041236370437200D-01 -1.17683803427265100D+00
52 13 -2.00463188486559200D+00  1.32508046270457300D+00 -4.88780381134264300D+00  2.77561936462239800D-03  1.06699233634309300D-02
52 14 -1.34455427280560800D-02  1.26304944671444900D-02 -7.09211345108177800D-03 -1.02936657297972500D-02 -1.23821563994558800D-01
52 15  2.03943673715630000D-01 -8.01221097210695500D-02 -5.11589892921065700D-01 -2.53680802300494400D-02 -3.27768653855498200D-01
52 16 -5.56098048205236500D-02 -2.50583466672977600D+00 -1.65433808698096000D+00  1.58055820656805800D-03 -8.26824843557712500D-03
52 17  1.34861854852495900D-03  4.96542196151238800D-01 -3.23522430166002700D-01  2.20702394540982800D-01 -9.73110523694684400D-02
52 18 -3.43149959029743000D-01  7.06667137002698700D-01  2.65349951704588800D-03  2.76417213432522200D-03  4.61730617327811800D-03
52 19  1.69013208169492300D-01  1.04726990842777200D-01  6.93270495326720100D-02 -4.64611557723195200D-02  2.00454113711848800D-01
52 20  1.67460005622669400D+00 -3.48104732012089100D-03  3.48868252062139700D-03  4.10862898136891500D-03 -1.01201697157592400D-01
52 21  5.00252813570272400D-01 -3.67473994964413800D-03  3.38498641927943800D-03  1.16585254394866100D+00  3.68743807433445300D+00
52 22 -2.49446861092037600D-03  6.84922957306915000D-03  1.50304453046232500D-02 -9.58519979352846500D-01  1.83481233695522200D-01
52 23  4.76086171348905700D-01  4.52005369614770300D-02 -2.13530646595835900D-01 -6.47863771771494900D-01 -4.52169519158857900D-03
52 24 -6.52718864907344100D-03 -6.98595336074810800D-04 -8.12271993848756000D-01 -2.52337768048906600D-01  1.70273448280380500D-02
52 25  1.01783893671538400D-03 -9.80258728607379600D-01 -3.35697066051608700D+00  7.75389074215844300D-03  1.52141035301818000D-04
52 26  1.10294805613679500D-02  3.59267221082334700D-01  1.69299147773733000D-02  8.63446728271320700D-02 -1.04233843970603300D-01
52 27 -2.00859201683135200D+00  5.05305558658449400D-02 -9.12698669052890300D-03  6.29507672267052200D-03  1.74972688745097700D-02
52 28 -1.69437927225247800D-01 -1.87476476048341800D-01  1.48908412509207300D-01 -2.11081128816260100D-03 -2.24695512119627100D-02
52 29 -6.50061736516915100D-02  1.42646556168597000D+00 -3.76845590910131700D-02 -1.36752581004228500D-02 -7.22970877962127400D-02
52 30 -1.21148635224780900D-01 -2.51791520521571700D-02 -6.72269867481012500D-02 -9.35262081409446000D-01  4.53415909773203600D-01
52 31  2.28592847081768600D-01 -7.67192514981898400D-03  3.47252514315805200D-03  4.19940000666138400D-03  4.22221066484041000D-03
52 32  5.20495670765509700D-04  4.21782386903593900D-04  9.47325132647544200D-03 -1.63445620288055800D-02  6.87131070233008200D-03
52 33 -1.92589572124750300D-03 -5.45053090627419800D-03 -1.53034427724670000D-02
53  1  1.51866192421208300D-02  1.38814060082257700D-01 -5.24632613744245900D-01  1.53912980310980700D+01  5.13547230147620100D-02
53  2  1.28093235860136400D-01  5.11506097682502100D-02  4.72943103906786100D-01 -3.93017478720175500D-01  3.49998247017051300D+00
53  3  1.22244278161222300D+00  4.22874752055153300D+00 -3.86923762530393700D-01  2.41587005687265800D-02  9.01490203244971500D-04
53  4 -2.50601907719725200D-02 -9.09796291139152200D-03 -8.31433164167021300D-03  7.68616955446255600D-03  4.70585857281093500D-01
53  5 -5.85962368118492300D-01  1.15376510837402400D-01 -1.07427116257142000D-01  3.50209248848843400D-01  1.02837999826982400D+00
53  6 -2.72044538052886100D-03 -3.67799036200847300D-02 -1.24184895533779300D+00 -3.29277980061600200D+00 -2.00930230979503700D-01
53  7  3.44759879764844900D-02 -1.00887360773926800D-01  1.32875097024725500D+00 -6.66956625821634200D-01  3.62692138518563200D+00
53  8 -4.31621127354938000D+00  9.85600244637302100D-01 -5.87047267677623100D+00 -2.13119616103115600D-03  1.00563475865799100D-02
53  9 -7.92515142554921200D-03  7.46394358244360500D-03 -2.42668814092426400D-02 -3.71389710247789800D-02 -6.76144243627390500D-01
53 10 -2.53885108060803900D-01  9.30029351688194200D-01 -7.47503286747006400D-01 -4.70331876307532500D-02 -8.83002407719317500D-01
53 11 -4.83411716052406200D-03 -6.73604594544963100D-02  8.75964667806868200D-01 -1.31775015099876300D+01 -5.15653666913974500D-02
53 12 -4.68877593961090000D-03  1.00709637225798800D-01  7.37096412209602900D-01  1.85623973002847000D-01  3.23025265521205800D+00
53 13 -2.53897485106084600D+00 -1.63346417978503500D+00 -4.75840526725919600D-01 -2.00703291792565900D-02  3.48776595397290600D-03
53 14  1.65825632252800900D-02  1.16760361470052600D-02  4.15814998079329900D-02  1.62803431908998100D-02 -2.54275813444503800D-03
53 15 -6.18160118134042000D-01  6.20702876268489600D-01  2.29115829587653800D-01  3.52684154705077400D-01  1.49160990930654700D-02
53 16 -1.05130946673966900D-01 -5.78549477191380700D+00 -2.75977865940009600D+00 -1.00421109610987100D-02  6.37800680655000000D-03
53 17 -1.25942648350782100D-02 -8.57438205367212600D-01  3.51424599539214000D-01  4.77594153754050800D-01 -5.10683339317184300D-02
53 18 -3.86185557212975400D+00 -3.51995416763546200D-01  2.59077471657018000D-03  1.25134191058904600D-03 -2.02754326789708000D-02
53 19  4.75021358198087600D-01 -2.74686385048940300D-02 -4.51026103611322300D-01 -4.44314582277681900D-02  1.32325927625467100D+00
53 20  2.78599660382412600D+00  4.23704615375221400D-03  3.21232495176174800D-03  8.06602191632072600D-03  4.20014834720467900D-01
53 21  4.44139889976317300D-01  4.50196851922810300D-01  3.82402396695919100D-02  2.73430309461462800D+00  6.69673867458735900D-01
53 22 -1.10675984610958400D-03  1.53656748183755100D-02 -1.09602551065112900D-02  3.91255109575046400D-01 -6.16281610780666500D-01
53 23 -5.40812579317081400D-01  5.06160032979972600D-02  1.83102467181957800D+00 -2.18520847124772500D+00  3.62900947085901400D-03
53 24 -4.13984361720233400D-03 -6.16886452136278900D-03  4.34709312857719000D-01 -2.06628114761954700D-01 -8.80844671395376700D-01
53 25  9.69501757674007700D-02  3.44803868523500300D+00  4.76281432409716700D-01 -4.56340946942854300D-03  1.61031906456045400D-03
53 26  1.57996212512409100D-04 -1.81651597067085800D-01 -2.02775496681719900D-01  3.59346635183538100D-01  4.13907537687495700D-02
53 27 -2.71089126529653300D-01  1.32247471937992900D+00 -1.58146135943015300D-03 -4.44348271675498200D-03  7.30222770515760500D-03
53 28 -1.36084190983442600D+00  5.66022850753843500D-02  2.89117874727780000D-01 -4.89752660276316500D-03 -5.86585101214958700D-02
53 29 -1.18348398869974800D-01  3.05661803146708700D+00  2.57298884575711700D-02 -2.33239544132737300D-02 -4.97899435502515600D-02
53 30 -1.01990751980067700D-01 -3.17242779792202200D-02 -3.98534260433473900D-02 -1.00385223166012900D+00  7.55889073295259300D-01
53 31  3.91516938630517500D-01  4.20549775174391800D-05 -1.68489817316165100D-03  1.64284319564516800D-03  3.44228780591318200D-03
53 32 -2.87518083405034600D-04 -1.29854561091099200D-03  2.19808682466701500D-03  4.63120362172524800D-03 -6.82929044639230500D-03
53 33 -1.32278144508567900D-03 -7.27758114538106000D-03  3.39641270251228900D-03
54  1  9.19012800942137800D-04  1.14623665694139100D-01  1.01570464660814900D+00  1.91426454504071600D+01  6.72496658651666200D-02
54  2 -4.58389210249347500D-02  9.31618111769439600D-03  1.73166726515699600D+00 -3.94991150331092100D-01  1.69771594383668700D+00
54  3  7.30375614775027800D-01  1.12088266353817900D-01 -3.95279745633451200D+00  2.13556494052627400D-02 -1.56285628817500000D-02
54  4 -5.72708652351362500D-03 -6.01199932306532800D-04 -7.10375522411560800D-03  2.06751355793254700D-02  5.77625614435165100D-01
54  5  3.83854447958162600D-01 -9.61480062393325400D-01  8.95623415580224800D-02 -3.06833794303425400D-01  3.72189852958345100D-02
54  6 -2.80377445885224600D-02 -2.51983372080314000D-02  2.29521575946895400D+00 -1.37965493105449200D+01  9.15558731634538900D-02
54  7  2.75673171546206800D-01 -4.69033854430495800D-02  6.06960249591310500D-01 -3.17874213833575600D-01  2.39834935352816800D+00
54  8  1.69111252946700300D+00  8.72271501601812300D+00 -3.23864720629309000D+00 -1.07310754350964700D-02 -1.20487571630812200D-02
54  9  2.27798325981758600D-02 -3.74601446070085200D-03  8.85149069694798400D-03 -1.59009581107113400D-02  1.09141540778947400D-01
54 10  1.21146848790949700D+00 -1.32061002868844500D+00  6.93920883232448800D-01 -7.66597631764572200D-01 -1.88199972358526200D-01
54 11 -1.73147339266756600D-02  3.13547780712976500D-02  2.36760566515454500D+00  4.73959215953379400D+00  5.07831338509425700D-02
54 12 -5.37840795725915300D-02 -8.99307208155499500D-02  1.55261608936904400D+00  1.21727703165117200D+00 -2.04273625871929100D-01
54 13 -7.34862748409007000D-02 -1.97114700840532600D+00  8.24577921492480700D-01 -9.05911634314043500D-03 -9.65271547406330000D-03
54 14  1.87118318172026600D-02 -1.74937208788551800D-02 -1.49304829100663300D-03 -1.59332149410729800D-02  5.24106955132905700D-01
54 15  3.92948073005276600D-01 -9.17055028138180300D-01  7.63292049062460800D-01 -1.17190453159197800D-02  8.66059977011971600D-01
54 16 -3.86977995503460800D-02 -7.26064785995094300D-01  2.12414577314302400D+00 -5.98082692784174500D-03  9.43703544730732300D-05
54 17  2.37760025029370000D-03  1.56782159577410600D-01 -3.52171806474249800D-01 -3.51497118855504700D-02 -5.99895070866369700D-02
54 18 -4.51491205835865000D+00 -6.15710292540290000D-01  7.36756507006960200D-04 -1.19801079953402400D-03 -1.66127861410993300D-03
54 19  2.90842756049435200D-01 -1.95644552922459600D-01  2.12523450013654500D-01 -1.07462179272273600D-01 -2.06796037490195800D+00
54 20 -6.67744499578435500D-01 -3.79433145639216900D-03  9.35340852348788600D-03 -1.22551135784002300D-02 -3.13276507233307100D-01
54 21  3.41574759926471700D-01 -8.02418469146022400D-01 -5.52426773638729200D-02 -4.67210458938349800D+00 -5.49872950615514000D+00
54 22 -1.21471064055501300D-02 -1.90036118379525600D-02 -4.03695983394273700D-03  2.79482454000369000D-01  5.75274892641933100D-01
54 23  8.78357260663177600D-02 -4.83236737621760100D-02 -5.28374998531639900D-01 -8.97850937940775600D-02  2.17603422989166400D-02
54 24  6.24228753977856600D-03  1.30802088743087100D-02  3.41099319712518700D-01  4.34315431557127500D-01  1.21471354606745300D+00
54 25 -1.71605461484079800D-02  6.01467813896850400D-01  6.87905090705123700D-02 -1.47436138556419800D-02 -2.06058027275758400D-03
54 26 -2.71957630924975200D-02 -6.72790978812231900D-01 -4.79120144060368600D-01 -1.81892771190554300D-01 -3.05834877283358400D-02
54 27 -1.53436293985541500D-01 -2.33576408838458800D-01 -1.50645118806536400D-03 -1.54451896284860900D-03  1.44245033649942500D-03
54 28  4.19637744169185600D-02 -1.15438491075374600D-01  2.83065393698041200D-01  1.87570842390878500D-03  2.00919696691202500D-04
54 29 -3.27918516710596700D-02  3.10856704395201700D-01 -3.65112515359120700D-02  6.05326948136696500D-03  3.07275212762089400D-03
54 30 -5.53200825482175000D-02  7.35657245901945600D-03 -1.30568556494706300D-02  6.19250261303791300D-02  8.60483511042638400D-02
54 31 -2.54719808915819500D-01 -1.12504186595328600D-03 -5.16979539879144000D-04  1.64202140583053000D-03  1.85978156794414700D-03
54 32 -2.40225138875478300D-03 -3.04585186295450100D-04  4.18181123760333300D-03  2.20465264018182100D-03 -6.38646387778520200D-03
54 33  1.26519551038381500D-03  5.30075649723843500D-03 -7.13166923871739300D-03
55  1  1.07121043004861800D-02 -2.43434365691708900D-02 -2.23641228444948800D+00 -9.05769527773368900D+00  9.54203684660238900D-02
55  2 -1.93542221975303800D-02  6.28729295007737400D-02  1.11223417533928800D+00 -1.13202191772930000D+00  4.41739414004353500D-01
55  3  1.72590363925109500D+00 -1.30725646043800500D+00  1.05339268013999100D+00  9.54848667164469100D-03 -3.52685462398299400D-02
55  4  2.57200595681870800D-02  7.42373706211683200D-03  1.14451160494903700D-02 -2.84430698020077400D-03  2.98330328062702800D-01
55  5  2.07793160142544800D-01 -5.06123488205245900D-01 -3.33809756846488800D-01  4.37821589335326900D-01  2.94587064734926700D-02
55  6  1.29019102863627700D-02  2.30641790832967900D-02 -9.69605923053552500D-01  1.32814927074994800D+01 -1.13570504172654200D-01
55  7 -6.88321962536800100D-02  2.88124099111157200D-02  1.09114360755016300D+00  1.19405591405642500D+00  1.69532387871566800D+00
55  8 -2.52455939709426800D+00 -7.09246834168671600D+00  3.09656694465658900D+00  1.53714276701323500D-02  1.36500621709982000D-02
55  9 -2.90214898411282100D-02 -3.41316411671027200D-03 -4.04516180970990300D-02  9.27566813485456800D-03 -4.81863013851684200D-01
55 10  5.82012576826841800D-02  4.23661756168997500D-01 -9.14935379319360500D-01 -5.58379262465868000D-03 -1.33169139196245100D+00
55 11 -1.53682613811420600D-03 -7.50880495651778900D-02 -4.47101850530890200D-01 -8.00811718531807200D+00  8.88393604930599500D-02
55 12  1.32933494147048300D-01 -1.77853749106796400D-01  2.89875109850656000D+00  9.33813033598111300D-01  9.72849203469881600D-01
55 13  3.44253677482327100D+00  5.57828625704874600D+00 -3.87899289028472700D+00  2.06015359528882900D-02 -2.11552382474860500D-02
55 14  5.53702294594571500D-04  1.18150275592210900D-02  3.32594141865919700D-02  2.04188820669514000D-02 -1.38699778593297800D-01
55 15 -8.03249027305503700D-01  9.41948805898801900D-01 -1.09987489427472700D+00  1.45349730303615700D-01 -4.75996340249608200D-01
55 16 -1.58786041519882200D-02  2.50555090983109300D+00  6.76467009809008800D-01  3.19637009967003300D-03 -6.66488475187285300D-03
55 17  6.47505065650000100D-03  5.28352923287596400D-02 -1.06445367056806900D+00 -2.87069844779075800D-01  1.37066371134536400D-02
55 18 -2.76448048504293600D+00 -1.33357845753982000D+00  3.04701092294189700D-03  5.28001053008868300D-03 -1.45197927937845700D-03
55 19  3.64417791768585000D-01  5.34128808265281100D-01  3.83060135687563100D-01 -3.11115609526282100D-02 -3.17600382600494800D-01
55 20 -1.10953867685204300D+00 -7.64298144393240400D-03  1.08904416292679000D-02  2.36960045886855200D-05 -1.80840325403265800D-01
55 21 -1.50574021063898900D-01 -6.33678863962566800D-02 -1.09321226401825700D-02 -8.46523190071550000D-01  3.45383311542168000D+00
55 22  1.28351060928258200D-02  1.16375007292542300D-02  1.50412826803476600D-02  8.39216040841644000D-01  2.35398028786585100D-01
55 23  4.40032629610396700D-01  1.36636670703596000D-02  8.17928825505609500D+00  6.96645037053320700D+00 -3.12898723253394700D-02
55 24 -1.80805158235252600D-02 -1.79215063346613500D-02  4.02799234448784100D-01  9.97831152508327400D-01 -8.08232592743094900D-01
55 25 -6.23555536602749500D-02 -2.54512443032471400D+00 -4.44798846921248200D+00  2.41036740621388000D-05  3.89813907799695900D-04
55 26  1.45040272829146700D-02 -1.92323195179217100D-01  3.65869843778059600D-01 -1.81556611545944900D-01  8.91063599191316100D-02
55 27  9.64917701790412300D-01 -8.22930624214660100D-01  1.28920122606368600D-02 -2.84052374858883500D-03  6.40967697562243000D-03
55 28  1.34055616845307500D+00 -8.86792246807638600D-02  3.26290764008365900D-01  3.81198512615632300D-03  3.45074808418716000D-02
55 29  4.81165831358157500D-02 -3.24620373792004400D+00  4.94890625010164900D-02 -5.53771648045797600D-03 -2.55093253095380600D-02
55 30  1.94720771835095800D-01 -1.27038325771214000D-02 -6.81913995588087500D-02  7.80620454039726000D-01 -3.73691219539720800D-01
55 31 -7.25553010122909200D-01 -4.09892151020871500D-04 -1.08127127620855100D-03  1.49116342723041500D-03 -1.66575149342044600D-03
55 32 -5.62887895710721800D-03  4.83989316819310000D-04  7.60963180541586600D-04  7.41360969273413800D-03 -8.17457287327580600D-03
55 33 -4.27865998995125000D-03  9.73893186772573100D-04 -4.21907079057842700D-03
56  1 -5.27104166570695900D-03  4.78064133066155200D-02  7.28111948371351000D-01  7.14311996070553900D+00 -3.43819764370489900D-02
56  2 -7.38078733656148500D-02 -3.91169123563584800D-02 -9.00273932557605100D-01 -1.62109510978082400D+00  7.84274452259367100D-01
56  3 -3.12459936862375000D-02 -9.01456913096225300D-01 -1.90281403878630600D+00 -1.04597444630618100D-02  4.25173234284758300D-05
56  4  1.04172271396334000D-02  2.70564529057125300D-02 -3.00653764886938100D-02  2.14464042510229700D-02 -1.14534035834302600D-01
56  5  4.64641329147275800D-01 -3.50107293312971200D-01 -2.48910492526755400D-01 -5.99526739371847900D-02  5.43124650677250700D-01
56  6 -1.21413567990220500D-02 -2.28196412277281400D-02  6.76012947832386500D-01  5.64903417077357200D+00 -6.44211679326340500D-03
56  7  1.01065225519957500D-01 -3.29696000687196600D-02  6.12425638477063100D-01 -1.43113006725907100D-02  1.22125059534760900D+00
56  8 -5.63529938754392200D-01  2.05609661934911100D+00 -3.48627901392465100D+00  7.44109372504047600D-04  7.30892040532086500D-03
56  9 -8.05302977782474700D-03 -2.94423481793047500D-02 -1.12496265399320200D-03 -1.41633426179868800D-02 -8.26718053533241500D-02
56 10  6.19880161099749700D-02  2.06837892433501800D-02  3.95909726418896500D-02  1.50198982923065200D-01 -3.86801150919068400D-01
56 11 -6.61094397802284300D-03 -3.01523113669858700D-02  1.42251315799316100D-01 -7.36404715211504500D+00 -8.92861100566231000D-02
56 12 -1.48602084321314700D-01  8.32589363572342300D-02  2.02409197332246900D-01 -9.82101420262371500D-01  1.12063232976616400D+00
56 13 -2.79555990302142700D+00 -3.66829707354665800D+00  2.18700643299798400D-01  1.78609606572535300D-02 -1.09696712314673900D-02
56 14 -6.89128942578827200D-03  1.93689833460064800D-02 -6.56503060939484000D-03  1.36978197359234400D-02 -7.37899254779601600D-02
56 15  2.81377540735974300D-01 -2.07587615258013900D-01 -2.14341452053584200D-01  1.03875408807055500D-01  2.14219921408526800D-01
56 16  3.74759657915803600D-02 -1.49844606097480800D+00  1.79288668549219300D+00  3.54540595575820000D-03  4.90354994710653500D-03
56 17  6.96132344502390700D-03 -9.17237773438168400D-02 -5.14686407736483200D-01  3.96982101241105000D-01 -9.32500202858773700D-02
56 18 -2.14274422435766100D-01 -3.79383649903935200D-02 -1.26642387288556200D-03  8.23228900651502100D-03 -1.24630127410571100D-02
56 19  3.04407319604505800D-02  1.09511693909804500D+00  1.89237518980517000D-03 -1.65905088646694400D-02 -4.07103932709245300D+00
56 20 -1.42673361718828200D+00 -3.64575206489418900D-03 -2.82979903971982700D-03 -3.76595316954372200D-03 -3.65293672091731700D-02
56 21 -6.97324097514249500D-01  1.12915630849897100D-01 -5.86376206171011400D-02 -1.22007102377071200D+00 -8.05715609453425600D-01
56 22 -7.47853895471618400D-03 -1.17699158396604900D-03 -3.44063455850882300D-03 -3.20460273580404600D-01  3.73622610437401400D-02
56 23 -2.15572841431793600D-01  1.12403722671397000D-02 -1.15635372357226900D+00 -3.73514272232083800D+00 -9.11439848008057200D-03
56 24 -8.11410652454147700D-05 -5.04091250215230800D-04 -2.77459108142886800D-01  5.18253432878683500D-01 -3.34366449277130600D-01
56 25  2.54665189733823500D-02  2.71791258291825600D+00  2.25154083995838200D+00 -1.98854637692807800D-03 -2.00666794007344300D-03
56 26  5.73116213360872200D-04  6.93240267194745700D-01 -2.99979643560047000D-01 -7.71275926972462600D-02  6.08719860598313900D-02
56 27  2.10302019581533300D+00 -2.96683877324294000D-02  1.03036578503338500D-02  6.85075364182620300D-04  8.15616756625644900D-04
56 28  1.06629813348854800D+00  1.42751638498644100D-01  2.07029560424782800D-01  6.28090623919759200D-03  4.29359601830677100D-02
56 29  4.18768468843640800D-02 -2.91262148926849200D+00  4.37865856064517300D-02  1.64754184268900900D-03  4.63282567767972200D-03
56 30  1.96387106982844700D-01 -3.99636415917395400D-02  1.00683912776864200D-02  9.39853721852132500D-01 -2.40646405491260900D-01
56 31 -9.68097827627734200D-01  1.57394215266187300D-03 -1.85593781127907400D-03  2.81995658616359100D-04 -1.96730159493657100D-03
56 32 -5.27715592003536600D-03  8.22182412144138600D-04 -4.80642660987747800D-03 -1.67467233335929300D-03  6.48109894323689700D-03
56 33  5.83516655456892100D-03  5.85249926707423800D-04 -5.79811470520098100D-03
57  1 -5.67653532235881300D-03  5.29130133525926200D-02  9.77351248161872400D-01 -2.19800301321818700D+00  4.86049160861043400D-02
57  2 -1.19925988950435400D-01 -8.80501393417244000D-02  1.57738246589268300D+00 -2.52533065293619000D+00 -5.57263437929759300D-01
57  3  1.09465966307528300D+00 -3.52839042394757900D+00 -8.07393511924202400D-01  1.42586654739172000D-02  1.20317628986746600D-03
57  4 -1.54618417637831600D-02  2.96511482814892100D-02  3.06937155454826000D-02 -5.59226686021938200D-03  3.34774422133927900D-01
57  5  3.80383095619589400D-01 -7.15157517753517400D-01  1.05941333301775000D-01  2.66862476576316900D-01 -1.43582601040317300D-01
57  6  1.07180852187885900D-02  2.75371049278554900D-03 -1.38505576906988800D+00  5.37208789877744100D+00 -2.58626878548929500D-02
57  7 -6.55646055881435700D-02 -7.41587143266994700D-02  2.92968507723261500D-02 -1.00834112622559600D+00  5.38060372606876600D-01
57  8 -4.96064125517761200D-01 -2.37124871336371000D+00  1.29117924609366400D+00 -1.20929052409001400D-02 -3.82597473383963600D-03
57  9  1.59188799747425200D-02 -1.07791132515721800D-02 -2.16174428799342400D-02 -4.18035732353277400D-03 -5.35150279033139200D-02
57 10  1.00060996208727300D-01 -4.65459683054103900D-02 -1.39197885622394000D-01 -9.64930948188659600D-02 -3.67908871731042500D-01
57 11  8.12471721796843300D-03 -2.73072240370866200D-02 -5.67104514292908800D-01 -4.17050948234281700D+00  2.05929991217256000D-02
57 12 -1.37239320639631300D-01 -1.98927623590837700D-02  8.76308252851960100D-01 -1.42486155692481100D+00  1.13260793269475200D+00
57 13  6.40073179895358500D-01 -5.47271726906257700D-01  3.17505228818777900D-01  1.46481552150690400D-02 -4.12679884761176600D-03
57 14 -1.05213563674588500D-02  5.36095749143676300D-03  2.72319184840751000D-02  1.39259955261277600D-02  4.42738418281312800D-01
57 15 -3.10918522051482100D-01 -1.31819896229827600D-01 -4.46627699900620900D-02 -1.33902375097246800D-01  2.31432993996928000D-01
57 16 -7.23794755681940700D-02  4.29119651465804700D+00  2.88938479911909100D+00  4.13931267142721500D-03 -5.25346431698689900D-03
57 17 -1.10917789481971400D-02  7.48172181179172600D-01 -1.64916865994739400D-01 -6.81133224138544200D-01  8.46973943832632700D-04
57 18 -4.02074823211236800D+00 -1.05696316238686000D+00  5.76331851244322000D-03  1.27167744722653900D-02  1.98602647959880500D-03
57 19  8.50061443880617200D-01  3.67620716433573900D-01  8.22035743666535400D-01 -4.07401927870467800D-04 -4.08809186534011500D+00
57 20 -3.96123124374453200D+00 -1.12322558070918700D-02  1.50211699149025400D-03 -1.65410093557821500D-03 -8.49453216848712600D-01
57 21 -4.61885897833088900D-01  2.36939831163419600D-01 -5.79146217806319400D-03  1.89843869986584400D+00  2.00973135945337000D+00
57 22 -4.30409053918037400D-03 -4.23388377386481800D-03 -4.98528467027703000D-04 -6.26233261400153000D-01 -5.30784103087939700D-01
57 23  1.98793375177326600D-01  2.29054393515686800D-02 -1.02383606934958200D+00  1.00372101457155100D+00 -3.85731523032925500D-03
57 24  2.48557970394078600D-03 -7.85124207833602500D-03 -4.88573945103308500D-01 -2.82074744740527700D-02 -2.94280296060603900D-01
57 25 -1.62134150123658400D-02  3.80848299088380800D+00  1.13466792833040400D+00 -5.33505025499733100D-03 -1.94499283718470100D-03
57 26  3.29245958431373300D-03 -7.14612738304574500D-01 -8.39104026370706000D-02  1.03233087478625600D+00  5.56981239217448500D-02
57 27 -2.00682073615623500D+00 -8.39945725746940000D-01 -1.30148153951488500D-02  5.13175713320845900D-03  2.93458836344258500D-03
57 28  1.68677446547627100D-01 -7.98804840370346400D-02 -4.21404068312987900D-01 -4.90654111331422300D-03 -3.39212956262874700D-02
57 29 -6.26133133861066100D-02  5.87328170084903000D-01  2.43904678436169000D-02 -4.17582641951715500D-02  2.49326036589424500D-02
57 30 -3.67334090537771900D-02 -3.55457773679503900D-02  4.12378128264787900D-02 -5.63266407117600700D-01  3.24296054329108600D-01
57 31 -9.48289179606548700D-02 -3.50279302443582200D-03  8.81021963993724600D-04  2.62177106044316700D-03  8.64182769971261800D-04
57 32  3.06223824642701300D-03 -7.33154556260562500D-04  2.27122768738263700D-02  7.75456024737049400D-03 -3.04668371211968100D-02
57 33 -8.15188600832513600D-03 -4.50761237784150200D-03  3.87815257637351400D-03
58  1 -6.28759175576377500D-05  2.30195508620717300D-02  6.49085406164977200D-01  3.57413521421553100D+00  1.00055120872311600D-01
58  2  1.79201188837383800D-02  2.55780403854168000D-02  2.98350081713223100D+00 -5.18387661738204600D-01 -1.01928186847565500D-02
58  3  2.77180580697301300D+00  1.58002487566326800D+00 -2.44078230565677800D-01  2.32684933893516600D-02 -1.21550844652150000D-02
58  4 -1.11134089241340600D-02  2.57892755932348600D-03 -5.28506914953761500D-04 -1.34467882107403000D-02  3.64733852619044500D-01
58  5 -2.96633396241715800D-01 -6.81004563773283800D-02  2.76021498586385600D-01  4.87742328754225300D-02  3.06496305897115600D-02
58  6 -4.20544931425322500D-03  2.57216250055777300D-02  2.51331778698169900D-01  9.73357581816958200D+00  2.18064497432282200D-01
58  7 -1.09642335084955600D-01 -1.47289075780056400D-01  1.03974612227950000D+00 -3.75922665714061400D-01  3.90456569390446200D-01
58  8 -5.55217576480099500D-01 -2.80688666665184600D+00 -4.81834280481703500D+00 -1.56170288076435100D-02  1.17268395748319500D-02
58  9  3.89018923281181600D-03 -1.76603393059833400D-02  6.03349962986269200D-03 -2.04600050132444100D-03  9.09927424427972200D-02
58 10 -3.68467155794038100D-02 -5.41460268633916700D-02  4.58669306843443400D-01 -3.52587609951910900D-01  1.38703462749540600D-01
58 11  1.78436919169234200D-03 -3.46557370909446800D-02 -8.48862269278902000D-01 -1.19718323527395300D+01 -1.25059999846743000D-01
58 12  1.32134332201828500D-01  7.35592369970137800D-02  2.52020535993606200D-01  1.96183944312972300D+00  2.82628047647555100D-01
58 13 -3.32353322249704600D+00  9.20567641064797400D-01 -1.37597711707278500D+00 -4.85267862726119700D-04 -2.51225225914947000D-03
58 14  2.99752012187259200D-03  1.01007593886318600D-03 -3.33249994869255800D-04 -3.31453748913382000D-03 -1.50748995426383800D-01
58 15  1.85178403970871300D-01 -3.44294085444862700D-02  1.53786912768530100D-01  2.89104965994835800D-01  3.33177199390364500D-01
58 16 -2.00091219971331400D-02  2.37855115113782200D+00  1.88881802993984900D+00 -4.72792025505765300D-03 -1.57353998928465600D-03
58 17 -9.53697843761833200D-03 -2.02707485308833600D-01 -2.82790772470055100D-01 -1.25466456319554400D+00 -3.02166196431808000D-02
58 18 -6.11322875119278500D+00 -3.65180524317155200D+00  1.21029194463622800D-02 -1.85225055223487100D-03  6.32636343520846200D-04
58 19  1.26839734442122800D+00 -4.38817620121007400D-01  9.60927394569187300D-01 -1.54543607006351100D-02  5.81697658659155200D-01
58 20  2.13337282011555000D+00 -1.18325274412423200D-02  4.65704136609466000D-03  1.58485993216863600D-03  5.95687258820617400D-03
58 21  2.23655925239884300D-01  3.23076881857177400D-01 -2.24679005138179300D-02 -1.74828359924110900D+00  9.26232739526937000D-01
58 22  3.67591614128652700D-03 -1.54082705791178700D-03 -8.09485947220169700D-03 -9.49644759510458600D-01  9.47160515573057500D-01
58 23  2.79490338975713200D-01  5.37505228078179100D-02  3.37773368933191300D+00 -6.29419996605698100D-01 -6.14553056810979900D-03
58 24  5.30120851783176500D-03  9.47131432592876100D-03  9.65615801071954500D-01  4.00926286803552400D-01  1.60427622518006400D-02
58 25  4.15276503822858800D-02 -3.86815172622457000D-01 -1.26151559485948000D+00 -4.06787042800147500D-03  1.80279518329192200D-03
58 26 -3.48258581271493200D-03  5.50841635142324000D-01 -3.05452110626521400D-01 -7.34832427722354500D-01 -1.71165344374349000D-02
58 27  1.13948776830767700D+00  7.57608668986128200D-01  6.52068534254007500D-03 -3.26376357053994700D-04  4.43188291728721700D-03
58 28  9.95053288843849300D-02 -5.01307448357482600D-01 -5.86978280406470700D-01 -4.88673357250695900D-03  3.26126609388261900D-02
58 29  2.31569264666492100D-01 -2.15105647636774700D+00  2.49089581604773300D-02  3.06119652288199100D-02  2.91316481536667100D-02
58 30  1.32294818646994500D-01  4.29235950775739800D-02  4.28524680822551800D-02  3.18750606712954100D-01 -1.26237869347288300D-02
58 31 -2.50920283500400200D-01  1.99051334413009500D-03 -1.50601350671931600D-03 -4.84499837412207400D-04  3.81063809668808800D-03
58 32  3.37611652273737000D-03  8.18711314346802800D-04 -5.95760658057552200D-03  1.11251905899163500D-02 -5.16758400934083100D-03
58 33  2.27897139392813800D-03 -1.01799621026838600D-03 -9.01629368863765900D-03
59  1 -9.32450241604922500D-03 -1.92212272057983000D-02  1.14046548163050100D+00 -1.07823047342950200D+01  1.39801469584795800D-02
59  2  1.42559126900859300D-01 -1.27901931472165600D-01 -4.66422966588969900D-01  2.08155023796534400D+00 -2.48256191515602100D+00
59  3  4.31278077407815400D-01 -1.11752743874333700D-01  1.31205363485835600D+00 -1.92337370243929100D-02  1.44411424563747000D-02
59  4  4.79259456801797000D-03  1.36246568462711300D-02 -2.46419055263545500D-03 -1.66315531346026800D-02 -3.07420447384398600D-01
59  5 -7.92845950625514600D-02  3.86705042446951500D-01  9.18306982132361800D-02  1.67660857971610000D-01 -2.49031404990752200D-01
59  6  6.76085714591313300D-03  1.34496324428481900D-02  5.36449251552269500D-01  1.79955348390026200D+01  4.82770031338598700D-02
59  7  7.23935923935421200D-02 -1.48516092625983900D-02  7.35832785156738900D-01  2.43488190057406900D+00 -1.37868021539318300D+00
59  8 -1.61625907958750600D+00 -2.25307439566314700D+00  7.63940600210844100D-01 -1.24221335760225500D-02  1.18898303058452400D-02
59  9  5.32303270179197300D-04  1.18477376173265900D-02  2.29010382890267700D-02 -8.91175349836672600D-03  2.52429062494655700D-01
59 10  2.00146045484844900D-01 -4.52575107979500200D-01  6.73832998903105400D-01  1.95546920547213600D-01  1.26012538121465800D+00
59 11  1.36461561616538700D-02  1.23190159340173400D-02 -2.69046393327534400D+00 -9.62970155672504000D+00  2.10762977136378500D-01
59 12 -1.43497041476955700D-02  7.32804608688556000D-02  1.95200694564296800D+00  1.21558872811649400D+00 -6.91464151275725400D-01
59 13  5.82007971470398800D-01 -2.80426037063997300D-01 -1.51469812703581900D+00  5.11862456158440700D-03 -1.69786385875147800D-02
59 14  1.18600140259305000D-02 -1.23737958651916800D-02  7.41316871165087400D-03 -8.13375309355053400D-03 -2.73788072231143800D-01
59 15  6.48388535605415200D-01 -3.74600463374271400D-01  2.22760555902281600D-01 -6.44649818602766700D-02  1.13884797774933500D-01
59 16  3.43499165549326000D-03  5.33407370346199000D-01 -4.34168904960451200D-01  7.13966236347117800D-03  3.79363658019756500D-03
59 17  4.19356921902461300D-03 -2.57100688703150300D-01 -3.55680981295945700D-01  4.69181179345251000D-01 -1.46865302823776600D-02
59 18  1.64341451212043100D+00  2.77312876648280900D-01 -3.28243152060255700D-03  3.89118460379450200D-03 -1.60512742406886400D-03
59 19 -1.70451181391459900D-01  5.76895760808429400D-02  3.37873025612088400D-01  1.05767896117671700D-01  2.47857462271411400D+00
59 20  1.15011925113115500D+00 -5.10913584763760700D-03 -1.18378874167464400D-02  2.81939894384102500D-03  7.69758084858448800D-01
59 21  3.18068535688861000D-01  6.98058414768994700D-01  4.21178619084122200D-02 -6.40308842729984400D+00  1.59191656952370800D-01
59 22 -4.60479883821530500D-03  6.85366291917767300D-03 -7.85320650876296700D-03  3.44225928129414400D-01  1.73832617297421200D+00
59 23 -6.61735523067839600D-01  5.71112221217042000D-02  4.39803593464272600D+00  9.88593156508324900D-01  1.03474329296446600D-02
59 24  4.55781751316406000D-03  8.34946196367381000D-03 -2.58790448789137300D-01  1.97824185650045000D+00  1.65432967436341100D-01
59 25  5.76822811253014400D-02 -5.18467846630195800D-01  5.59942110827980700D-01 -7.21145398792457800D-03  2.33120125147942000D-04
59 26 -5.84181880116446700D-03 -4.86917441323402000D-01  1.03055806091298200D-01 -6.34523228069090100D-01 -2.56683630407585100D-02
59 27 -1.21110832659854600D+00 -1.16837314157358600D+00 -1.04653731224780800D-02 -9.43802281395815000D-03 -1.70524732585134700D-03
59 28 -8.46055557973539900D-02 -9.82951466023395100D-01 -4.95737166239820700D-01  2.63144991570101700D-04 -7.53752942547308900D-03
59 29 -4.07123141337897700D-02  4.25449888204499400D-01 -3.33896087074642300D-02  8.29753459904854200D-02  4.07766221074579700D-02
59 30 -7.70447904747347300D-02  1.24360499879480600D-01  6.49024373704503000D-02  3.64751241207847500D-03  3.20440406777226800D-01
59 31  6.58792823571493500D-02  2.42086270781659100D-04 -7.01714242339183400D-04  4.59627971557929800D-04  8.92906705028178300D-03
59 32  4.24075972054159400D-03 -1.20817802493983000D-03  1.80883665060643600D-02 -3.66713947693788900D-03 -1.44212270291264800D-02
59 33  4.95590733113279700D-03 -8.34675013576806300D-03  2.47227528978496500D-03
60  1 -2.86770899128472700D-02  3.38570075779195800D-02  2.35305822103967000D+00 -2.88043292958379500D+00  1.88511638849026000D-02
60  2  1.51576275439963300D-01 -3.34508692401942200D-02  1.03817061061556900D+00  7.01836582273615200D-01  1.15559332681525300D+00
60  3  8.09080496480829800D-01  1.78185106711898600D+00  1.87743711989863000D+00  7.14675229903834000D-03 -2.69854520386351300D-03
60  4 -4.44820709517356000D-03 -6.42689517531944600D-03 -1.06560460291038000D-02 -3.60662178691220500D-03 -5.05335249460672200D-01
60  5  1.08984756844113800D+00 -5.84512318980464200D-01  4.66332954122794300D-01 -2.96210490356497800D-01 -2.64727945677079600D-01
60  6  6.71550569155307300D-03 -1.52983622764250300D-02 -8.54546275064237100D-02  1.59591017523932800D+01  3.44877440482719600D-02
60  7  4.60495249515777300D-02  4.60173582066586200D-02  6.14516645404091800D-01  6.92510264545955500D-01  2.12778015822666000D+00
60  8 -1.98645296000418900D+00 -2.73364248622048600D+00 -3.03211901812101500D+00 -1.78458315074869500D-02 -2.36362580182808100D-02
60  9  4.14820895257672600D-02 -1.77737199379317100D-02  1.37460651919612200D-02  5.39295017266684700D-03  6.27347339498658500D-02
60 10  9.62099867853589000D-01 -1.02483460180345300D+00  3.88253025900829200D-01 -7.25111075352599100D-01 -9.40570976078876300D-01
60 11 -2.24640855788666300D-02  1.37239349819384900D-02  4.16832452639341600D+00 -1.06798670622372900D+01  4.48762040694959600D-02
60 12  4.72164828411476600D-02  1.41779835587391000D-01  8.52748921933004100D-01 -6.87239975533290200D-01  2.55141487505589000D+00
60 13 -1.78477638207879300D+00 -1.59254704710008000D+00 -6.45714925896986300D-01  1.00919535247767500D-02 -6.67116466085183500D-03
60 14 -3.42078886392432200D-03  7.49418710704006500D-03  9.87216306453739300D-03  1.16946007237593300D-02  1.08966423896403800D+00
60 15  7.93674093843279000D-02 -1.16903164834836500D+00  4.81706951766560800D-01  1.29794056460910100D-01  2.90359883318971200D-01
60 16 -4.18939688270019200D-02 -1.13606912916304700D+00 -1.57672094239334800D+00 -3.91395594052110600D-03  4.87396268317497400D-03
60 17 -7.10610345692968700D-03 -9.30952243547375000D-01 -8.81471490894317300D-01  6.95958491801814900D-01 -4.27023256714293100D-02
60 18 -1.18817070252908600D+00 -9.62610579406932800D-01  8.92353537937355700D-03 -1.15355967740624200D-05 -5.46839822744952300D-03
60 19  6.87188889693561400D-01 -7.27950566796577800D-01  7.57078917765518600D-01  8.60499882683840700D-02 -1.62124535442844100D+00
60 20  2.36650208065774500D+00  2.40085773447522000D-03  1.03900752757700000D-02  4.55256664364796200D-03 -3.56176248012702500D-01
60 21 -4.76802776841431200D-01 -9.00446570895788700D-01 -5.45401343350760300D-02 -4.88727691620636400D+00  1.26052941737519000D+00
60 22 -3.42870469328188500D-03 -1.56748680113003800D-02  1.11167831251040100D-02  3.61379376763451600D-01  1.35598627807636000D+00
60 23  7.34817851429387500D-01  5.64805224083678800D-02 -4.67075628047104400D+00 -1.97903947769815100D+00  4.67782258697249300D-03
60 24  8.27985405633201500D-03  1.00092099392123600D-02 -7.14772505391955000D-01 -1.47996233269713100D+00 -2.33322701535404700D-01
60 25 -6.11201510113641600D-02  4.61512215423916200D+00  8.36278099287005100D-01  4.52460262548809200D-03  5.82674020249754400D-03
60 26 -2.77339131574963200D-03 -5.83055264785328800D-01 -1.37155158064818600D+00  2.68234831856882600D-01  8.51528288336728100D-02
60 27 -6.60732029701532600D-01 -2.49460232447027800D-01 -6.56297196423251000D-04  9.68839105205869900D-03 -1.16676562322350700D-03
60 28 -8.41198263377644500D-02  4.29865881187818700D-01 -7.91803613045797000D-02 -4.51537827441499100D-03 -2.17645950557821100D-02
60 29  3.25874581918101100D-03  9.65936821732150600D-03  2.73066438279939200D-02 -4.75604529095982500D-02  1.88875364998689400D-02
60 30  3.97099633570979500D-03 -6.32520135513765700D-02 -2.71437810454942200D-02 -2.14443693970051900D-01 -2.75244021272059200D-01
60 31  3.25525706661997000D-02 -8.85946970900787900D-04  7.74551793484816400D-04  1.11395177415653900D-04 -4.31479614924904500D-03
60 32  1.18538596137307700D-03  1.20165966507987100D-03  1.51012834647938700D-02  1.05166616240897700D-02 -2.56179450888835700D-02
60 33 -6.36347915192292400D-03  5.83977627686861600D-03 -1.51954376483857100D-02
61  1 -2.34405612175599800D-02  4.01734750988179800D-02  3.36546894643761500D+00  6.59888832470492400D+00 -6.43701803190981700D-03
61  2  4.97072447555920900D-03  8.72866233561801200D-02 -1.96054558621478900D+00  1.44453527168468500D-01  2.15475439169066700D+00
61  3  7.29650902549566600D-02  2.31754013803345400D+00  5.00554280497479200D-02 -2.52713996404021200D-02  2.24515605477039300D-02
61  4  2.81983909269686700D-03  5.47591414170162800D-03 -3.87190753950025600D-02  1.32289540265976900D-02 -1.61838157996198200D-02
61  5  3.09955668314922500D-01 -2.93771852515298400D-01  5.01288602533021000D-02  1.74939303335396800D-01  1.18811998667588900D-01
61  6  1.73866124725558100D-02  1.36691092097010000D-02 -1.89181984741591900D+00  1.78505888914101700D+01  4.22234104846082800D-02
61  7 -6.24901894802255400D-02  8.95452880781920400D-03  2.01075377441428300D+00 -1.15919040741369500D+00  2.52851561727709400D+00
61  8 -3.89145579204831100D+00 -4.30622676885733400D+00 -6.39723525012612100D+00  1.58239910186642200D-02 -2.46771442842536500D-02
61  9  8.85315326559181700D-03 -1.62745233213021700D-02  1.34702534531192100D-02 -4.00893010921372300D-02 -1.21824215518296000D-02
61 10  8.64525714671968300D-01 -8.52343293120140000D-01  1.30543122095604600D-01 -3.75517972534938300D-01  7.06649157740449900D-01
61 11 -2.38274907078474000D-03 -4.36557794952363600D-02 -3.53886427383304200D-01 -2.43856120854424700D+01  8.64948915090203200D-02
61 12  5.96710410358312800D-02  3.41411122145473700D-02  2.49969036147753200D+00  1.42388529185830000D+00  1.94394705113657000D+00
61 13 -2.78408861201319500D+00  1.10264247617557100D-01 -3.99851578498887900D+00 -1.19134232873367800D-02 -1.03672161780978200D-02
61 14  2.22806394654305500D-02 -1.27415080174376800D-02  8.86032248919094300D-03 -7.32107222112068700D-03  1.53950701290059900D-01
61 15  2.26709712208596800D-01 -3.80660413498656600D-01  4.81163477233153300D-01  9.70923211073066500D-02  1.68739723404602800D+00
61 16 -1.53087796287190000D-02 -5.68573177889691800D+00 -1.14310185071976400D+00  6.39749374570061600D-04  9.69496108165154000D-03
61 17  1.42980682493220000D-02 -3.94266215262902000D-01  7.26531833333274600D-01  1.57860788040012000D+00 -1.23792195353004800D-01
61 18  2.95131557987972600D-01 -2.37127127126656300D-01 -1.10922271026034900D-02  5.62283609448682000D-03 -2.42091989888981700D-02
61 19 -3.94452455438569300D-01 -2.11686851523572400D-01 -6.82909559935341600D-01  2.70589730591306000D-04 -2.97830163916914600D+00
61 20  9.97112824356315900D-01  1.24653803198449600D-02 -1.44595302438009300D-02 -2.66453656961376900D-03 -1.73577851334999100D-01
61 21 -6.83305459558128800D-01  3.94147544085864700D-02 -3.72311896845740000D-02 -2.05855738417252700D+00  3.07296628409407600D+00
61 22 -8.04201028756368200D-03 -1.15814102521488100D-02 -1.09400780531624200D-02 -2.22482555226480500D-02  5.92273341318481700D-01
61 23 -8.93180954364196300D-01  2.12058877316342500D-02  3.21108789526443400D+00  2.69433358005294700D-01  2.24935626816529800D-03
61 24  5.24960700374909900D-03  1.11829352744772100D-02  2.10423728729032200D-01 -8.08512063321923500D-02  9.42675767414767200D-01
61 25 -8.52989029158608300D-03  5.60622565937437000D+00 -1.81409670986286300D+00 -6.61402667535632200D-03  7.85474054380120300D-03
61 26 -1.60157451789525700D-02 -9.36199334708668300D-01 -1.11111732591864100D+00  7.41112837213738800D-01  7.24299127452640300D-02
61 27  3.06099999505760600D-01 -1.47008795130232800D-01  3.92284443794310500D-03 -7.68799789991476400D-03 -1.08363853886182200D-02
61 28  6.56518191387438500D-01 -2.93035783292473800D-01 -9.62933907738006200D-01 -6.36420724485689000D-03  2.26260987689548500D-02
61 29  2.04257107423038600D-01 -2.20334729635182200D+00  5.53067486784623800D-02  7.20793466275127800D-03  4.69650349081413300D-02
61 30  1.51883035543828300D-01  3.51771539306148600D-02  1.48417554600736600D-01  3.56101326756653100D-01 -2.98936429707708800D-01
61 31 -5.91572786259920600D-01  2.29948656280874000D-03 -2.31714394025352500D-03  1.76573774434324300D-05 -4.64799495233280000D-04
61 32  2.36845226901520700D-03  5.80255506123986000D-04 -1.33096141175224000D-02 -9.47734532708021200D-03  2.27869594446025800D-02
61 33 -6.47447760215538400D-03 -1.38506162584014400D-03  1.80788255480718500D-02
62  1  5.82062815741424100D-02  5.14800475761332000D-02 -5.01197877690458400D+00 -3.07108993803310100D+00 -3.36711087242268600D-02
62  2  1.38122995879516200D-01 -3.14455000216311200D-01 -3.18515906539731300D-01  2.93182697113849000D+00 -4.53204337043074200D+00
62  3  7.58171310040051500D-02  1.40955333786220200D+00 -1.82084829695028800D+00 -1.23624268105935000D-02  7.31056971582022000D-03
62  4  5.05185709477608200D-03 -3.35357189485953200D-03 -1.49653382015184400D-02 -1.39480841181219700D-02 -1.99827643727744100D-01
62  5  2.89252314150654300D-01 -8.94246704229108600D-02 -1.10235800407841500D-01 -1.87140777315488100D-01 -6.35043546857819300D-01
62  6  4.30595662714070800D-02 -4.15910931227625000D-02 -2.12207962338775400D+00  1.99407926043513900D+00  1.47172643311003000D-02
62  7  1.36416934359399100D-01 -1.60819058683612500D-01 -1.20536158819491100D+00  2.53157013734481400D-01 -3.51730486023904300D+00
62  8 -4.40889324076114700D-01  8.50839218007884900D-01 -3.09199794388815500D+00  1.20362610898176700D-02 -3.26346762949013800D-02
62  9  2.05984152050842900D-02 -2.25044615947386400D-02  1.01595729893103100D-02  3.50187236294951400D-03  3.97234252096428200D-01
62 10  2.56643232092631800D-01 -6.53877484189057800D-01  2.67633692624643000D-01 -6.06233218173790900D-02  6.03816082601894600D-01
62 11  2.22987086845495900D-02  1.72826995204525300D-02 -1.54346406700058400D+00 -4.75480656382938300D+00  3.65693247472392900D-02
62 12 -2.70716924349113800D-03  3.67130465473433800D-02 -7.25806095734745700D-01 -6.39490530258272500D-01 -5.51672815754587600D-01
62 13 -1.29559870767998200D+00 -2.04713832112948800D+00  7.88138348885815500D-01  2.37330298606396000D-03  1.09847018703906100D-02
62 14 -1.33580048564547300D-02  2.28228534875957000D-03 -6.52726338971462500D-03  9.27553155384416200D-03  3.27492847092024600D-01
62 15  4.61616394319298500D-01 -7.89109241411321500D-01  6.49174891111302000D-01 -6.68971102858780500D-01  6.14073873561617000D-01
62 16  2.47510611178877300D-02  4.93239319147172100D+00  1.74555308700880300D+00 -3.46343466917788300D-03 -1.24967491726509900D-03
62 17  4.55621277161022100D-03  1.30735209504491500D+00 -1.33386244987835200D+00 -7.50013394113626800D-01 -2.18518145764094000D-02
62 18  4.09553107134887300D+00  1.29242158367440500D+00 -6.10602528833730600D-03 -1.01072458564321800D-03 -5.35260838703545400D-03
62 19 -1.58480926471076200D+00 -3.88673177846616600D-01  2.16696203264624600D-01  1.23318578556462200D-02  3.59349800506633800D+00
62 20  1.49555527785711200D+00  7.00467190727137600D-03  3.27679182293211200D-03  3.56425655732141100D-03  4.46110779963779100D-01
62 21  1.16447744007846800D+00  5.39818962288535900D-01 -9.64636030964914100D-02 -2.11072928593393300D-01 -1.06578882787635900D+00
62 22 -9.50217731168493500D-03 -1.69700954377842400D-02 -2.55300144015457300D-03  6.20132298669492400D-02 -3.51766151547626800D-02
62 23  4.78155787645368800D-01  6.54727543987310000D-02 -2.52510269914405200D+00 -2.10326321809435700D+00  1.15484814491381700D-02
62 24  1.13145516257880200D-02  3.66234893627190100D-03  6.28900910567648000D-02 -4.76595327274500900D-01  2.15187202409335000D-01
62 25 -5.96525973835035600D-02  2.75864448673313500D+00  1.71626563133127300D+00 -4.82444427006721400D-04  1.68591239318423300D-03
62 26  1.35458292616576100D-03 -7.30946793739985500D-01 -5.77901727807059200D-01 -7.97197266367474100D-02 -1.04923155374971800D-02
62 27 -2.21220247835169900D-01 -4.01605931896817600D-01 -5.13731384207705100D-03  2.96518397883344800D-03  1.92425236461396200D-03
62 28  3.68749085539739800D-01 -1.56720018152276200D-01  3.83827520711966900D-02 -8.62119761562020900D-04  2.50024723971628100D-04
62 29  7.40942484575884700D-04 -4.28301482331727600D-01  5.36993576026125400D-03 -1.96882945273024800D-02 -1.27219607735345500D-02
62 30  1.67725534675064900D-02  1.83217901003091700D-03  8.97853230238700500D-03  2.41732101683312500D-02 -1.07459134494088300D-02
62 31 -2.56804100668870300D-01 -8.27099327300106900D-04  3.36191559106790700D-04  4.90907768194313200D-04 -6.05910157329799200D-05
62 32 -1.70333515159649900D-03  1.40887285699740300D-03 -5.38501234076393900D-03  2.73336142006871300D-03  2.65165092069524400D-03
62 33 -7.44641028505613200D-03 -8.83091657144749500D-03 -2.31291196486502200D-04
63  1  4.52516862479316700D-02 -9.32385470949855000D-03 -3.95076940708739600D+00  2.76237516399894400D+00 -5.35447591982759200D-03
63  2  8.55628105809960200D-02  1.61741966963509900D-01 -3.53957616578355300D-01 -1.96086245212578800D-01  1.99083012676432000D+00
63  3 -8.56004239661196300D-01  7.75747290651071100D-01 -2.34812114289023400D-01 -3.09173414494830000D-04 -1.41819191750625200D-02
63  4  1.44910925895571800D-02 -4.86498283337331900D-03  1.27275246988251600D-02  9.03957953673479300D-03  4.68610548636201400D-01
63  5  3.55504837546784200D-01 -8.24115386182982700D-01  5.60799223365295100D-01  4.01929150362512900D-01  4.52147822461821900D-01
63  6  6.09622981698306700D-03  3.14431807066374200D-02  8.06848295211142500D-02 -1.98035999277458900D+00  1.14477759299780500D-01
63  7 -3.85537481250414800D-02  2.35464042218573600D-02  2.67864208749293300D+00  4.36044051110836700D-01  2.23265904152114000D+00
63  8  6.67529202815810700D-01  1.62417183328436500D+00 -5.30109866919061300D-01 -1.51415217182938500D-03  9.75930949293710700D-03
63  9 -8.24515732110653000D-03  2.63459649958888800D-02 -3.98703913478986000D-03  4.85036053612937600D-03 -6.42557635376232200D-01
63 10  3.17267542968520500D-01  3.25290092407711300D-01 -7.56742194540914500D-01 -5.03682573921275100D-01 -1.15127753031461300D+00
63 11  6.04306184514853400D-02 -1.96025164604235000D-03 -3.88952245277927400D+00 -4.13207344735677700D+00  4.43681804640117200D-02
63 12 -9.77392338407910000D-02  9.40151016413581600D-02  1.72373820839441700D+00 -9.98195797561516100D-01  4.53859740250151700D+00
63 13 -7.81761854612329600D-02 -8.74972109389203300D-01  8.59995152806453900D-01  2.03263282699749600D-03  1.56796748593039100D-03
63 14 -3.60060031292712700D-03  1.31756830616805700D-03  4.24103510584245900D-03 -1.66654111050040200D-03 -4.54862126049843200D-01
63 15 -6.87718960421351200D-01  1.14258108647119300D+00 -5.88735543060586400D-01  8.86715384070825400D-02 -6.91961847486673700D-02
63 16 -5.05599241173906700D-02 -2.87099711070285700D-02 -1.01280576882035300D+00  9.29287556933306800D-03  2.25093952983918200D-03
63 17  2.83594894937853200D-03 -1.97783014277653600D-01 -7.96697781466861100D-01  1.87300358138155100D-02  2.49359640160443200D-02
63 18  2.52072041034923000D-01  9.10884915915963700D-01 -2.59863551963307200D-03  2.23981042091315500D-03  7.25750319900226100D-03
63 19 -5.11307049417175600D-01 -4.96599744472515600D-01 -4.31603950314460400D-01  4.76228353507604100D-02 -3.93287362337405900D-01
63 20  6.84198513617005900D-01 -4.10447413610543800D-03  3.81509330959479800D-03 -2.47547479777121500D-03  7.52076741139037300D-01
63 21  1.61090891750893800D-01 -8.14907101164289000D-01 -1.53486065937707000D-02 -1.23877156990332000D+00 -1.28764139020629600D+00
63 22  1.58005523145604000D-02  4.07650285464092900D-04  9.84409932775563000D-03  5.36380445527450000D-02  2.85286077790780700D-01
63 23  5.37936912960679100D-01 -6.19480813510263200D-02  4.39542398139171600D+00 -2.47090765474492200D-02 -6.72305523333056500D-03
63 24 -2.02932007241780500D-02 -3.49071790634287700D-03  6.20396219039332000D-01  1.02594294851119700D+00 -1.11006096549297000D+00
63 25  6.68261195309819800D-02  6.59469197905548300D+00  2.15837571501202900D+00  1.88126938075552200D-03  1.77020575674916800D-03
63 26 -1.45622169408753400D-03  3.90840526855559000D-01 -9.96752328703953000D-01  2.75001706347014900D+00 -1.36433803534682700D-01
63 27 -5.88672320282663300D-01 -2.46357344958952500D-01  4.92933878772267900D-03  9.55074070599649200D-03 -6.71487053400649100D-03
63 28 -1.26516053140445500D-01  1.91011230204760100D-01 -4.01476688835078500D-01  5.52386079938548100D-03  1.03584086324691900D-02
63 29 -5.63734303073149300D-02  1.06867061187009600D+00 -6.17711182035834100D-02 -2.72305441297357900D-02  4.66203813978536900D-02
63 30 -9.17564702218195100D-02 -2.25898204600704000D-02  6.16104464525182700D-02 -2.83441853901987300D-01 -1.10045933289759800D-03
63 31  2.24813577678035100D-01 -2.85001704213557000D-03  2.15508348498981000D-03  6.94933557147517600D-04 -1.47446759398257900D-03
63 32  4.04821902100492700D-03  1.35420509375181800D-03 -5.15180635258234200D-03 -3.71431436026159000D-03  8.86612071284395700D-03
63 33 -7.12954370331939100D-03  8.17626325763562400D-03 -1.57005858128457700D-02
64  1  1.00335827107280600D-02  9.21602216676477600D-03 -5.62698875175744800D-01 -3.87698041770362700D+00  1.91624515967589600D-01
64  2  1.04521153063774100D-03  1.52076316065971600D-02  1.31138223445761000D+00 -1.08576000087009800D+00  7.58462146482417400D-01
64  3  1.28040577703736800D+00 -8.23608580485388300D-01  4.34549467025204900D-01 -8.80682776243294600D-03  8.10786859894411600D-03
64  4  6.98959163488622700D-04  1.32273501294788200D-02 -3.57936273580802700D-03 -1.24336579799423300D-03 -6.72752358944394100D-01
64  5  3.75841585525413500D-01  2.96910773418982500D-01  5.18626306888429600D-01 -4.46495824714687400D-01  8.46896839125411100D-01
64  6  3.48471016672115800D-03 -3.35858835922539000D-02 -8.07001303570662800D-01  7.41967947855240300D+00  5.66821211164398800D-03
64  7  4.76711648361027600D-02  1.35419702250725500D-01  6.18519459553568500D-01  1.02212503566421600D+00  3.11831826392936700D+00
64  8 -4.22613050666507500D-01 -1.73746189340858900D+00  1.55345672564707400D+00 -6.69050733683467000D-03  1.76272647863400900D-02
64  9 -1.09367574495038100D-02 -7.29651252172943500D-03  9.65771996910754800D-03  1.26461605100554300D-04 -2.14133107643380000D-01
64 10 -7.59583994677301600D-02  2.90091507111110800D-01  2.75267096792320200D-02 -1.61752131087735500D-01 -4.20823650921496400D-01
64 11  2.52070795081538900D-02  4.20351576298006500D-02 -2.24736798891724100D+00 -3.58264771989589300D+00  6.87788860318463800D-02
64 12 -2.61782063299999200D-02  1.20286456382215900D-01  2.24096503672820100D+00  7.01054293999329900D-01  2.24869657026909800D+00
64 13  4.41591434387558200D-01  1.20692637148131300D-01 -1.25283262851855800D-01 -6.63489324024776100D-03  3.16281029451807300D-03
64 14  3.47208294573047300D-03 -1.71232240482803200D-02  5.56830395586891500D-03  5.08750324907710800D-03 -1.34143480305963800D-02
64 15  1.89006969637465200D-03  1.15242783342222700D-02 -5.83807610715208500D-01  5.05080949212509200D-01  9.27365616565151800D-02
64 16  5.01020143973154700D-02 -5.37149764393015000D-01  7.26796367217447600D-01  7.39408297922103000D-03  2.57308366783719000D-03
64 17  6.03893923366154900D-04 -1.43414525548286700D-01  2.41244504521271500D-01 -2.55342667218630500D-01 -1.44987053205414600D-01
64 18 -9.82101819423542000D-01 -1.82860557703572000D+00 -5.58656040338940600D-03  1.16939358661730500D-02 -4.62866962449186300D-03
64 19  6.08131191333788900D-01 -1.07914191030848200D+00  4.26950590791097500D-01  6.86717350757409400D-02 -1.07660990770540200D+00
64 20  3.21370439979267000D-01  8.34324291230911600D-03 -1.05938074395767900D-02 -7.35591900806296500D-03 -1.21868026190793900D+00
64 21  7.55495443857363600D-01  7.43187169135194700D-01 -2.95200725759454000D-03 -1.90978117717011300D+00  6.54966638769254400D-01
64 22 -3.38680191250750000D-03  9.48129572194944900D-03  6.40338158033486700D-03  5.05942919321215000D-01  2.19639200223277000D-01
64 23 -7.25590134118894200D-01 -7.61190202694338600D-02  4.79293620699270300D+00  4.08134194516142700D-01  1.48656492920591500D-03
64 24 -8.67920372646017300D-03  3.82838870468014300D-03  7.88689486517479800D-01  1.34850867192640900D+00 -5.08222351855292500D-01
64 25  3.15373792613485300D-04  2.16950922162558100D+00  8.69418432892750700D-01 -1.74965780974913400D-03  6.83418462536945400D-03
64 26 -4.41090898802841700D-04  5.59949193909545700D-01 -7.65079463836159900D-01  3.56386636798404300D-01 -4.37528639543065500D-02
64 27  3.09431390023325000D-02 -5.08860286200400800D-01 -7.45890891786371700D-04 -1.21137823733404700D-02  8.14867641963074000D-03
64 28  5.83504362922274400D-01  7.47445514848049900D-02  3.74524974119154100D-01  4.41854128357381900D-03  2.97986814851960300D-02
64 29  3.47128826180439800D-02 -9.66532598741477300D-01 -2.63114676578649700D-02  2.55260003658449900D-02 -1.89939352964418300D-02
64 30  2.51310092539232000D-03  8.72192408355708600D-03 -2.20267487296233800D-02  2.47524812992826600D-01 -2.14706576969643600D-01
64 31 -5.72312126870930700D-01 -1.83367177247810500D-03  2.51243880111567500D-04  1.58242789236712600D-03 -1.22168320745594000D-04
64 32 -3.55009645946717400D-03  2.71081829419917100D-04 -4.93027810156285000D-03  3.49287529050627600D-03  1.43740281105655700D-03
64 33  8.31073467638027100D-04 -5.81349837350979600D-03 -1.05557697211670300D-02
65  1 -7.26680793844599900D-03  8.59217888647857400D-03  2.01991777296210800D-01 -5.90768836979295700D+00 -1.48909409266241700D-01
65  2  1.13441119443061100D-01  7.36070543622650100D-02  1.13751926015968100D+00 -2.28881013714750700D+00  1.92846179013903000D+00
65  3  1.07438412065887500D-01 -3.19208270466657000D-01  1.53559977067203000D+00  1.61805715123840000D-02 -1.32690318870814600D-02
65  4 -2.91153962530087500D-03  4.02483077006851900D-03  1.44381101873184800D-02 -4.84121226205264300D-03  1.28497868290393300D+00
65  5  1.18018747546620000D-01 -1.40299743045055100D+00  7.28383647710702500D-01  5.38079940616451500D-01 -2.72465785465217100D-02
65  6 -1.62346419471413900D-02  3.39705283804092900D-02  1.24206923843159500D+00  1.80018830488433500D+01  1.87508780398436800D-02
65  7 -4.75564739110733700D-03 -4.21661895182311700D-02  2.12234133995603000D+00  9.25820444002983700D-02  3.15221761923113000D+00
65  8 -1.76115728969579100D+00 -4.51959814988541000D+00 -2.35026444265492500D-01  6.94496350185807400D-03 -1.01421693857897300D-02
65  9  3.19720588393116400D-03  8.84870382362883600D-03 -2.17517568226265900D-02 -1.56954992202245700D-03 -8.92691162516320000D-01
65 10  3.46262757818329500D-01  5.46428404697988100D-01 -5.74002969356555900D-01 -5.72743902097365000D-01 -1.64680505846703200D+00
65 11 -2.01561167224231500D-02 -3.01918895073698400D-02  2.57596462677754000D+00 -1.01308146243747900D+01 -4.57177311320696200D-02
65 12 -9.36228864457207400D-03 -2.60895544831522100D-02  1.37445732840015000D+00  1.42288209657933300D+00  1.34232638863070000D+00
65 13 -1.11220546583156900D+00  5.79418303950798700D-01 -2.16647889811631100D+00  4.25346792549686200D-03 -9.11026972782074500D-03
65 14  4.85680180232173800D-03  1.68249941136169100D-02  1.40348470645883000D-02  2.16573047978033600D-02  1.39540947507076400D-01
65 15 -7.87550260755892400D-01  6.48009313248817300D-01 -3.23735994084444200D-01  3.52510108440232900D-01  1.46542455358889800D-02
65 16 -1.24320560548040800D-01  3.09273452991383400D+00 -1.26530367302276600D+00 -7.07629823558661200D-03 -3.54775252691762100D-03
65 17 -2.36268410309618500D-02  1.67593374552246600D+00 -7.71996355170569600D-01  5.61228330814765300D-01  1.14723671960146400D-01
65 18 -5.58957501765242000D+00  3.12088393300041200D-01  9.45012546333630200D-03  1.32387776194329800D-02  1.48113204272952300D-02
65 19  1.83609308203520300D+00 -1.33794602201612900D+00 -3.61890815010179100D-01  4.52240265811671700D-02 -3.75044730858315700D+00
65 20  2.91334062612664200D-02 -1.73638328221834500D-02  1.16550388022755800D-02  6.82562812238802200D-03 -8.71370940689507900D-02
65 21 -1.30647348748250000D+00 -3.33711136273063900D-01 -6.17855160228127500D-02 -2.62015408806678100D+00  2.21338344873262200D+00
65 22  1.10220610106141200D-02 -1.15037183240817700D-03  2.41238405027975000D-03  4.80731988339066900D-01  9.06886713668077900D-01
65 23  7.31616829324774300D-01 -1.24719081334011600D-03  4.52856320909021400D+00  2.45550944817790900D-01 -1.05838537166635300D-02
65 24 -7.92019769902306000D-03 -2.90682694986166700D-03  1.21234451229332500D+00  9.45042617534761500D-01 -8.92849155869967700D-01
65 25 -3.66282830265674700D-02 -2.38640478470610700D+00 -8.34492500706995100D-01 -3.02927076017764500D-03  6.20426487947096100D-04
65 26  8.97030467003828800D-04  3.85707780254448800D-01  1.29223190524463200D+00 -1.05116897301330100D+00  4.37365653308549300D-02
65 27  4.60535352402050800D-01 -6.48530711159245100D-01  8.69385766862374900D-03  5.23410706148874300D-04 -8.45128752747768300D-03
65 28  1.05330079721962500D-01 -2.38341803436044300D-01  3.82828046774239000D-01 -3.92027756278545000D-04  1.32072518083064400D-02
65 29  8.43071619293152400D-02 -1.12299170555318600D+00  2.46714626971923100D-02  7.63963458007056700D-03  1.53979372407482000D-02
65 30  7.12746380391910700D-02  1.03598276566870300D-02 -1.32635767343622100D-02  2.21463085230382200D-01  3.93187173605183000D-04
65 31 -7.50837052557418700D-01  9.59224993383564200D-04 -1.02211569357194000D-03  6.28907001874223700D-05  1.80209939981123700D-03
65 32 -4.76583562030466000D-03  4.87731478541396900D-04 -2.16177448810640500D-03  5.33660819109542300D-03 -3.17483370298897600D-03
65 33  4.03633330723350600D-03  2.02834488854787900D-03  2.38920134496907300D-03
66  1  2.61989621720384800D-02 -8.01309426550155300D-03 -2.54209820103448200D+00 -5.85812276252222900D+00  1.67702973799515400D-01
66  2 -4.34414643504862500D-03  2.72027091269652500D-02 -1.35769227306056500D+00 -1.61725444594462900D+00  1.93301004208553800D+00
66  3  1.26461395336461900D+00  1.08767561077363000D-01  1.83832673274952100D+00 -1.86689762550622800D-02 -8.68749752515923400D-03
66  4  2.73564737802229500D-02 -6.00926943172323700D-03 -8.61298262480358900D-03  1.21940239956972800D-02 -3.51989384768359300D-01
66  5  1.06691611394311600D+00 -7.14926729174754700D-01 -1.44818758635869200D-02 -5.48952248058855600D-01  8.75155293582343800D-01
66  6 -3.28663738075390200D-02  8.62949761007024600D-02  1.67343169882526400D+00  2.07374621373356800D+01 -1.08334173804344800D-01
66  7 -3.19097035332589100D-02 -5.13264540972262700D-02  1.76629189685379100D+00  3.37262583862627600D-01  2.44589236301795300D+00
66  8 -3.32536526482348800D+00 -4.60226680658036300D+00 -1.23031157391547500D+00  8.22224133855911300D-03 -4.85864528079464000D-03
66  9 -3.36359605776413500D-03 -1.70422529774656600D-02  5.69134629370791400D-03  2.46811126281150600D-03 -7.27772173919304900D-01
66 10  4.50563849537959000D-01  2.77208324381346900D-01 -8.25898404234616000D-01 -3.84564132975534500D-01 -1.53219563140856300D+00
66 11 -4.18415108385182900D-02 -6.16494820701428400D-02  3.98095071708442000D+00 -1.37409960676399200D+01 -9.89193699976400700D-02
66 12 -4.48514662727235400D-02 -1.19382146657642700D-01  8.48000565050307000D-01 -1.33219983925973400D+00  1.37005894116282800D+00
66 13 -2.37812247738220700D+00 -3.38875589287351000D-01 -3.42866975466291100D+00  2.36767830085896400D-02 -1.86955938836509100D-03
66 14 -2.18072236202255700D-02  2.51609762256534500D-02  1.48670635295245000D-02  2.07395291160104500D-02 -3.51485700128906800D-01
66 15 -8.34621529768610900D-01  1.18610722989751700D+00 -2.54372080289601100D-01  1.05985010528833200D+00  8.19740245979760300D-01
66 16  1.09658880728558400D-01 -1.96757750845572100D+00 -2.40592406846218300D-01  1.21242692805696800D-02  7.04124943592984600D-03
66 17  2.32570650282818600D-02 -5.64652357088218500D-01 -6.74249044999851200D-01  2.38910263934919200D-01 -8.12098566349496200D-02
66 18  3.81292865117993100D+00 -1.72187666623721700D+00 -1.15025822848596200D-02  7.61663289358744800D-03 -1.79125359814541400D-02
66 19 -1.71519408370540500D+00 -3.29894538637970700D-01  4.11706736046212900D-01  7.38019157604032900D-02 -4.46245204243011800D+00
66 20  1.33507168620579100D+00  2.04590089061175400D-02 -9.04464160458160800D-03  2.80528616279064000D-03 -1.67865661643422600D+00
66 21 -1.11687496965223000D+00 -7.13856095132575300D-01 -9.13182289221881700D-02 -3.11313638623776700D+00  2.98833094607906800D+00
66 22 -6.09309769258100900D-03 -3.32845193931579300D-03  1.24757071988010600D-02  1.24530315582946600D+00  1.04888735230903900D+00
66 23  7.05567086544443600D-01  3.07250267668542600D-02  4.12115913087996700D-02 -1.58819215367601900D+00 -1.91305178356827200D-02
66 24 -1.09227942109512600D-02 -2.42030902214058700D-02 -8.21102843377534700D-01  6.22331754848434600D-02  5.79157851891658900D-01
66 25 -7.27972755166135700D-02  1.17058487870066100D+00 -1.26606022670881100D+00  2.39978171586431000D-03 -5.19625547891517000D-03
66 26  1.14529746484370800D-02  6.07123302633728500D-01  1.49251654998262000D+00  6.67593726571190300D-01  3.07838047504813600D-02
66 27  9.27021344390768200D-01  5.68053520816613000D-01  3.63771430365468400D-03  2.14008686578135700D-03  5.54779493911331600D-03
66 28  8.06513262887089700D-02 -1.92156417296532600D-01 -7.60377338373294900D-01 -2.81474200863976300D-03 -3.33045482441579200D-03
66 29  3.43036701635240200D-02 -1.28026632721460600D+00  2.86682868228577500D-02  5.89478301779504100D-03  7.18607450927530600D-03
66 30  8.41640503929825700D-02 -1.76630152773099300D-02  6.29507791576889000D-02  4.22375008043430200D-01  1.92142799330836000D-01
66 31  4.98876967981794600D-02  1.67487454533489600D-03 -1.35128648585735500D-03 -3.23588059478156400D-04  2.00589602773453100D-03
66 32  4.95880955532617100D-03 -7.63824512715490600D-04 -3.43765432805941300D-04 -1.83542518477151600D-02  1.86980172805210600D-02
66 33  1.31702687525076400D-02 -1.46964484893394300D-03  6.18777666069134800D-03
67  1 -4.74435418034349700D-02  2.41726957595831100D-02  3.55911235934971900D+00  2.19655538053500400D+00 -7.34254985742217600D-02
67  2  1.12353507232976800D-02 -1.76167243664515100D-01  4.39006707517647100D-01  2.32198033980097800D+00 -1.25569203194815500D+00
67  3  4.34676251700580700D-01  2.47364667493062900D+00 -1.86620830783680200D-01  5.24326998264568700D-03 -4.23884650110895300D-02
67  4  3.71451950284445500D-02 -2.28871071069391600D-02  3.58009197334783900D-04  7.76285632769672900D-03  3.32179099990962600D-01
67  5 -4.34844144482432700D-01  1.02665044491473200D-01 -9.00155751041473800D-01 -2.75017229967642100D-01 -4.79204257422250800D-01
67  6  1.56884879058211100D-02 -2.89659146065714900D-02 -9.86212030332906400D-01  2.76252207856830700D+01  1.12913490571897300D-02
67  7 -8.62976662481625100D-04 -1.57590844812361000D-01  9.28861873626663400D-01  3.70142859038307400D+00 -2.28108626283559000D+00
67  8 -4.37984654076895300D+00 -2.52433220286761200D+00 -8.30670381350577000D+00 -3.23357327800472000D-04  2.86928889427370400D-02
67  9 -2.83695316149357000D-02  2.70173336924550100D-02 -4.96441542355021500D-03  3.08056171461186000D-03 -7.96901853429594200D-01
67 10  1.80275113369939200D+00 -1.00584928026979800D+00  2.50097596581911700D-01 -2.94857791416263600D-01 -4.23447734742788400D-01
67 11  1.42776388600109400D-02 -1.31354970917705600D-02  5.23207527842329300D-01 -2.60357139237180000D+01  1.05152556056028500D-03
67 12 -5.74683275463639300D-02  6.34582294296133800D-02  4.92402702554185700D-01 -6.51237455006833800D-01  1.52706354046575400D+00
67 13 -3.60988600992653700D+00 -1.69979669137857500D+00 -4.57058210337839700D+00  9.66864152851913500D-03  3.62529539767720300D-03
67 14 -1.32939369261996600D-02  2.00894201867814400D-02  1.22387740911832800D-02  5.19036874250279000D-03  3.96028015429764100D-02
67 15 -5.26858647512818100D-01  4.87255845969845100D-01 -1.03190381982928200D+00 -2.28995473170679300D-01 -4.03411759760090000D-01
67 16  8.72424461028827500D-02 -1.73646054847768700D+00  4.43852942409351700D-02 -1.49617829547040600D-02 -9.89595410226402700D-03
67 17  1.48705761226657800D-02  7.66349923880514600D-01 -1.04465296711888400D-01  5.19122972318485800D-01  4.47048668681426400D-02
67 18 -2.55459802866664800D+00  5.12746237302086600D-01  9.67708533579138800D-03 -1.64062717979416300D-02  2.00396947452480000D-03
67 19  5.17510958794722200D-01 -9.69093880234033800D-02  5.46161044271378300D-01 -1.81734748110236400D-01  1.64592986721121400D+00
67 20  1.64512175261516100D+00  6.96173395840934700D-03  2.28429647007532800D-02 -2.60558014131723500D-02 -2.94607997381673300D-01
67 21 -3.87103158399192500D-01  6.71248681220765600D-01  2.08611057488988400D-01 -7.61627092182356100D+00  1.03818037460601200D+00
67 22  1.28854262418378200D-02  1.62641132626190400D-02  7.60718869639670700D-03  1.17049038459836500D+00  3.11953536793581000D-01
67 23  1.31123479128155100D+00 -1.06760860173882800D-02  1.31645941619151300D+00 -1.77155595321033000D+00 -1.64080675818448500D-02
67 24 -1.80426245869972300D-02  1.50958569954922500D-03 -4.80568656631216500D-01 -3.99669545799055200D-01 -1.26978766714254000D+00
67 25  7.62626307791591900D-02  1.89844398898410200D+00 -1.01195590573582000D+00 -3.11082106193159100D-03  6.97321253356736400D-03
67 26  4.28942401053123000D-03  2.68502274198370700D-01 -8.04667042490625600D-02  6.69585363983166100D-01  5.30790476120006300D-02
67 27 -2.88839939146487600D-02 -7.64144490347495100D-01 -4.73294866854803000D-03 -4.24141364554636800D-03  8.84135994647181800D-05
67 28  8.46588388743718100D-01  9.06212069910041600D-03 -9.12586884354377500D-01  8.05498191853768300D-04  1.72868732198401600D-02
67 29  4.20799811340840500D-02 -2.10406825377665500D+00  3.64550860468871400D-02  2.73338036639466000D-02  5.22471805548038600D-02
67 30  9.10261121973593300D-02  1.30456677295424300D-02  8.92588876490579000D-02  4.41582942907727100D-01 -6.16700146350503600D-01
67 31 -2.27346234396049400D-01  4.56900053542968800D-04  2.37097909369400900D-04 -6.93997962912187400D-04 -1.38380614393473100D-03
67 32  5.48666871910436900D-03 -1.83880210782537600D-04  1.06495334626149600D-02 -9.12842275528031300D-03 -1.52111070733467000D-03
67 33 -3.58915349044469600D-03 -3.72272210915231000D-03 -1.17810196887196800D-02
68  1  3.54694373207304300D-04 -1.68258230583207700D-02 -4.35948961644088400D-01  8.52971755209050700D-01  1.72876051337055500D-01
68  2 -7.56170730535071500D-02 -7.47677350628436500D-03  1.02249772562576700D+00 -2.35883750587242300D+00 -1.92689797380580800D+00
68  3  5.43155205905726700D-02  7.13030045179670500D-02 -2.17080234218963400D-01 -2.33530519249537500D-02  1.44200957532133100D-02
68  4  8.93295617174129400D-03 -4.05524341329410100D-03 -1.38655761384774400D-02  5.76370852430373100D-03 -7.91053231514198000D-01
68  5  5.80164509614019900D-01  2.10888721900179200D-01 -5.03740035788248700D-01  7.32604030257851100D-01  6.16356438919090100D-01
68  6 -4.27771297258236600D-02 -6.58968114063181800D-03  4.66587282134885300D+00  2.45333598853362800D+00 -7.56043302869024500D-03
68  7  2.31850498305642200D-02 -6.73284486339114200D-03  8.52638305993697100D-01  1.96516410799419100D+00 -4.22483002438778700D-01
68  8 -8.97376723670016000D-01 -3.85053377560121000D-01 -6.47271057170885300D-01 -1.04622748198712400D-02  7.52889621592302000D-03
68  9  2.93337860395084300D-03  1.17972248519580500D-02 -1.24608394903481400D-02  6.09735495275831000D-03  3.25185222870325500D-02
68 10 -1.53792401212056500D-01  1.21273878925022100D-01 -2.75371084825854100D-01  4.25771784379993000D-01  3.45817262408098500D-01
68 11  2.33829483491143200D-02 -3.43206863543146600D-02 -3.88203282466834900D+00 -2.86661267478438200D+00  2.62902488168523000D-02
68 12  3.74148428855439200D-02 -2.31492496334712400D-02  4.00358545610267200D-01  1.65885712563684100D+00 -1.10173123913141100D+00
68 13  3.55357366881667600D-02  2.87458107457760400D-01 -1.10475647536016200D+00 -6.50548092529882700D-03  4.54699920223320400D-03
68 14  1.95848172306399600D-03 -1.17351296649390800D-02  2.48641963648279400D-03 -1.97717181909709400D-02  3.49128814417608600D-01
68 15 -7.71101126727789700D-01  4.21972312310183500D-01  4.74051325647261300D-01 -7.17380690042425400D-01 -6.71621035462220500D-01
68 16  1.14317869431822700D-01  6.23496711924603400D+00  3.24373783991418500D-01  5.30049806035554900D-03  1.28370019968966500D-02
68 17  1.90379665818263200D-02  1.23164609537914600D+00 -1.90370595040438800D+00 -2.34726439907406500D+00 -1.17559145932403600D-01
68 18 -2.34632279361068400D+00 -1.53867272866234200D-01 -1.98732746064809100D-02 -1.19813257448658500D-03 -8.51763082367505500D-03
68 19  1.78618685951905200D+00  4.69256674839145200D-01 -5.48125062834408200D-01  9.59136919259408700D-03 -3.43291863933608800D+00
68 20 -2.65075142438167000D-02  5.00532840354459800D-03 -1.33676739642149200D-02 -4.29646159961808000D-04 -4.16656425670230400D-01
68 21 -1.03080833311405700D+00  7.00660536144769100D-01 -1.40288875748507600D-02 -4.59519148633424700D+00  2.00039210371359700D-01
68 22 -1.43520590843728700D-03  8.09016288317813400D-03 -1.46843374010382500D-04  9.61912244315562000D-01  2.17386383891147700D+00
68 23 -3.74971503673714500D-01  8.00564947983742800D-02  5.53254009731101100D+00  4.78631562701279600D-01 -8.26666397554720800D-03
68 24  5.00487479345740200D-05 -7.51607848337233600D-03  2.45133349505150900D+00  9.27493467736096000D-01 -3.31855307666456200D-01
68 25  8.55202093414257100D-02 -2.74943646206289200D+00 -7.35212575365451700D-01 -1.99287316033608900D-04 -1.55660331162736700D-03
68 26 -1.08648137657805600D-02 -9.07274841573613900D-01  1.02803361744586200D+00 -1.35206651719667500D-01 -1.17982430938836400D-02
68 27  2.71154675573910500D-02 -9.70832059935839300D-02  3.27880931466063900D-03  5.06299622330629300D-03  9.74722689492957200D-04
68 28 -2.40867335975974700D-01  2.98267568464738200D-01 -2.61468169671030600D-01 -2.83068611719385600D-03 -6.24545805741959300D-04
68 29  6.11814902374559200D-02  9.06325606932292800D-02 -2.78683703481129800D-03 -4.51214111063021100D-02  4.08967975039165900D-02
68 30 -9.85090057739532400D-03 -5.34048074690679800D-02  5.43532487334235900D-02  2.45887773341974200D-02  1.75239356242440500D-02
68 31  3.97915529105333400D-02  1.21331571462144900D-03  9.62902032978325900D-04 -2.17621774760164200D-03 -2.49798896931848900D-03
68 32  1.99431330733421700D-03 -8.72059341244993400D-05 -4.53433163590658800D-03 -1.43334265038597200D-02  1.88677581397662600D-02
68 33 -1.43142212211831000D-02  1.04426997985894200D-02 -2.60265678966861700D-03
69  1  3.80542693647754800D-02 -3.64710521389289700D-03 -2.60251790733725300D+00 -9.92760463552986900D+00 -1.94321813156202000D-02
69  2  1.54768122189674500D-02  5.81498450100793200D-02  1.71246199546680800D+00  1.91323360630676700D+00  1.25731585241881700D+00
69  3  1.46815495570833600D+00 -3.04433093001401200D-01  2.67583971808068000D+00  7.30575892615162200D-03 -1.95646045138622100D-02
69  4  1.22588455877127400D-02 -1.57301094947295400D-02  2.53350435129098500D-03 -3.02477242866655900D-03  2.66505559641533000D-02
69  5  4.34181154723896100D-01 -4.60831710688051000D-01 -1.64996366501229400D-01  2.62812342219582000D-01 -2.55428900574528700D-01
69  6 -4.07576703917804200D-02  7.47614903163247400D-02  3.73576501777654900D+00  1.76155444654676100D+01 -1.60658670802688500D-01
69  7 -1.08056645976588600D-01 -7.71553876468890600D-02 -2.39790513091426800D+00 -1.89004873803470800D+00 -2.36333702169078800D+00
69  8 -1.99696608876883700D+00 -4.59636946508175600D+00 -1.49204675294534000D-03 -9.81048205672416200D-03 -3.24933483742684800D-03
69  9  1.30598168941483100D-02  4.43034559613124000D-03 -6.23642948675563700D-03 -7.46385256860732000D-03 -4.68990290338684200D-01
69 10  4.95945377544582800D-01 -2.69550872058969500D-02  5.81580939292726800D-01  5.24363787797683200D-01  2.70457111207600200D-01
69 11  3.16849882818142900D-03 -7.84035265940991600D-02 -3.24604940378945300D-01 -2.69616589150490600D+00 -1.36046714991195700D-01
69 12  2.22238330755908700D-02 -1.22847543995037300D-01 -3.70353670914896600D+00 -3.22345214350292800D+00 -2.17548154417684400D+00
69 13  1.60277692904133200D-01 -6.47447136871367500D-01 -1.00581036800423100D+00  1.16985942428223400D-02 -1.18746021619204800D-02
69 14  1.76007919102074900D-04  6.62994460939576600D-03  1.05770260932029900D-02 -1.81961059496186300D-02  3.52863009969596400D-01
69 15  5.11020154641369600D-01 -8.63883164610963400D-01  8.61563719520045000D-01 -2.55564049247065200D-01  9.45366747762832500D-02
69 16 -4.78198258479374900D-02 -9.55435641935615400D-02 -5.49328645684421400D-01 -9.89183706347983500D-03 -4.68927726499437500D-03
69 17  1.71270285975317200D-03  1.35878161774738400D-01 -1.43976787730436100D-01  4.71744080064408300D-01  2.86124570250766400D-02
69 18 -2.50957972544951500D+00 -1.10455955592353400D+00  7.79620398274909900D-03 -7.09061661647150100D-03  1.02859286943475200D-02
69 19  9.91265466290668100D-01 -4.74848645421271400D-02 -4.90515194583541400D-01 -3.17514707559775000D-03  4.86823570853175200D+00
69 20  8.30720106116387700D-01  2.83782561935838000D-03  1.42479980138560100D-02 -9.31000522182807500D-04  7.07070564379230800D-01
69 21  2.27524537339914700D+00  3.37662933035290300D-01 -2.18252642200260700D-02 -8.43513014487149000D-01  2.39471415168921100D+00
69 22 -5.14412231197426800D-03  3.99159535461513100D-03 -5.52536114362897800D-03  2.59325550099957800D-01 -5.83243291441825600D-01
69 23  1.57403283937074800D-01  7.23344953942172100D-02 -1.13982216473194900D+01 -5.70571151498679300D-01 -7.72608436878485800D-04
69 24  1.49254600941602400D-02  2.52139614118703700D-03 -2.10526883900416400D+00 -2.16654873492760500D+00  9.16729599517994400D-01
69 25  4.33787522433554600D-02  2.46410373615822200D+00  6.76026901274617000D-03 -2.88093573389241200D-03  6.76018068446323300D-03
69 26 -1.97645592186179600D-03 -3.63543457035201900D-01 -1.26327931939515000D+00  1.25663065550397900D+00  9.40784587321160100D-02
69 27  2.62514311765545000D+00 -1.40258184319331000D+00  2.46648475757366000D-03  2.07725329127304000D-03 -3.59669870096434700D-03
69 28  9.59608928961246800D-01 -4.03752286644633000D-01 -1.72376208039880300D-01  2.85810866115844000D-04  2.76233258896756600D-02
69 29  1.12760883300242000D-01 -4.27456301592510000D+00  8.40973977813196200D-02  2.93638491069655300D-02  3.37810258167570500D-02
69 30  2.27772677265002100D-01  2.67947542134197700D-02  5.68676236890821000D-03  1.71105703537494000D+00 -3.60286931056555200D-01
69 31 -5.86766040691487500D-01  6.19484990997556500D-03 -3.16467695041160300D-03 -3.03017295956472000D-03  1.44688281186224500D-03
69 32 -6.41266250293337700D-04 -7.25721539819894900D-04  1.87217501088306000D-03  7.09516648234299000D-03 -8.96734149322594500D-03
69 33 -3.36649477234945100D-03 -8.00673669790009900D-04 -1.42291977875526700D-02
70  1 -3.86885123140706300D-02 -7.04355315511058900D-03  3.48288708022670800D+00  9.63756443944637400D+00 -1.71481072988190400D-02
70  2 -1.76729787412695300D-01 -4.76976230395104500D-02  5.29649797574049400D-02 -2.35848766329582700D-01 -7.88098948805360500D-02
70  3 -6.62299760363358500D-01  1.26469254288447600D+00 -1.91435669789667200D+00  1.40756143431050700D-02 -1.24221201751386100D-02
70  4 -1.65349416796834600D-03 -1.96623328530105500D-02  6.38173068444733400D-04 -5.92274086792054500D-04 -4.41365867194664100D-01
70  5 -8.99683560831193700D-02  5.31334223277782600D-01 -9.10715432210683900D-01 -1.12775632894674600D+00 -8.16532755343444400D-01
70  6  4.25171243506314600D-02  2.00636793839368600D-02 -4.56348354179107700D+00 -1.17529341012324700D+01 -4.03074011150470400D-02
70  7  4.57726073004794500D-02  6.76812386102928500D-02 -2.74811663289601600D+00 -2.97557021869779700D+00 -1.81824148139465700D+00
70  8 -7.03934571736892300D-01  2.73812295744079500D+00 -2.97363365633154800D+00  2.87297750376529100D-03 -2.40566761913140900D-02
70  9  2.11836986875497900D-02 -5.10809833890628300D-03  2.28491789638360900D-02  1.43747081170624000D-03  8.05366595028552900D-01
70 10 -1.11674522844902900D+00  3.11378633420473600D-01  3.20659344258532000D-01  1.85183893857034000D-01  3.34900689762343100D-01
70 11  6.78798101452375700D-02  6.50880380456876900D-02 -7.80521406359380600D+00 -1.22925777606104600D+00  1.51578242238093600D-01
70 12  4.04027015396137100D-02  7.78790600415778400D-02  5.60815102312773300D-01 -7.22144439021017200D-02 -9.39313241515621300D-01
70 13  6.35550151166833400D-02 -5.02442367344542300D-01  2.47147075138372100D-01  3.94121577971933300D-03  1.13280189697056100D-02
70 14 -1.52692347494266000D-02  7.04653014969543000D-03 -4.14081958273485500D-02  1.46555635903222900D-02  3.47169994065654000D-01
70 15  4.84844768438344600D-01 -8.32014762503997500D-01  7.62004688773391300D-01 -2.77597217899411100D-03 -7.65468272027425200D-02
70 16  3.95224578421148700D-02 -1.94731173691265200D+00  1.51505731407629500D-01 -1.32459285957643700D-02 -7.80454141884983400D-04
70 17  2.34651519119046500D-03  1.99967781716403900D-01  3.53523424962277600D-01  3.79434402983366800D-01 -3.80090687722042800D-02
70 18  5.79866517344533000D-02  1.14178472612763100D+00  9.54978554088714200D-03 -1.31333736270593700D-02 -3.58453581895939400D-03
70 19  3.92518379262061500D-01  4.41008527944297700D-01  4.07597552227114300D-01 -1.66935712023423600D-01 -2.82094989116866100D-01
70 20 -2.26404553944672300D-01  1.10363606069387000D-02  2.16034114612065500D-02 -7.33529667947053400D-03 -8.53536602825916300D-01
70 21 -5.03175568351873200D-01 -1.11499153014633000D+00 -1.00867368958326800D-01  8.44470747431018900D+00 -7.39971140574327800D-01
70 22 -5.88058002604563900D-03 -9.74904019785741700D-03 -3.49440795919483900D-03 -1.17235599725586200D+00 -2.64951187122892900D+00
70 23  5.71548768794451600D-01  8.54406727136010900D-02  3.24553858419538600D+00  3.29323291219064100D-01 -1.07543083663936200D-04
70 24  6.24678162334031200D-03  8.90717392928736000D-03  1.24217943224000900D+00  1.90927237634412500D+00  3.04857037487006900D-01
70 25 -1.79736516486070900D-02  2.39144523632272600D+00 -9.37427202245439100D-02  1.95631425958748600D-02 -1.13045919574325300D-03
70 26  8.29453764081758400D-03 -1.20732250401055400D-01 -9.01998427776224900D-01  7.02182215531785100D-01 -1.48098309450681900D-01
70 27  1.10428476882705300D+00  1.10420257502562600D-01  1.67097682026101000D-02  1.87274677314501200D-03 -1.33721803669159600D-02
70 28  1.39323294824894400D-01 -8.41442882586098300D-01 -2.27655856477954500D-01  6.59400338008791400D-03  2.88253530940202700D-02
70 29  4.11660154786212700D-03 -4.95658839549229100D-01 -2.27288794933052300D-02  3.75486171056709200D-02  1.66520306144297800D-02
70 30  3.31254219971738600D-02  1.22515401782857600D-01  4.36037042338767300D-02  5.30007155062053900D-01  1.47145965525647400D-01
70 31  1.31504380452297500D-01  1.96736512215588500D-03 -1.16800196808084000D-03 -7.99363154075026800D-04  5.24317476534757200D-03
70 32  1.93156974261824400D-03 -1.51465002373017900D-03 -3.26307435706474600D-02  3.15123854022989100D-02  1.11835816834866100D-03
70 33 -7.32391483177394200D-03 -4.99347254328912800D-03  2.91143210027894600D-02
71  1 -3.08602140060571000D-02  2.06804583672105800D-02  2.10506832559902100D+00  1.06344417193770300D+01  1.48256241864590000D-01
71  2  1.86927861892979400D-01 -2.41937057519480000D-02  7.40916860197817000D-01  1.41293897444696900D+00 -1.83279219982185700D-01
71  3 -8.89053511985792400D-02  1.66554497646194300D+00 -2.66488179958003100D+00 -4.97992383768816600D-03  4.37387579454659100D-03
71  4  6.06048043141860000D-04  3.18449096457635300D-03  3.35607760289812700D-03  3.14073412248229300D-02 -1.08390689091357000D+00
71  5  9.81538240064564400D-01  1.02368650849001500D-01  4.10296512455643500D-01  8.44177760531841200D-01  1.45215368610110000D-01
71  6  8.10459557429524900D-02  3.79612206635809600D-02 -7.57176487008448000D+00 -1.96525301224285100D+01 -1.19258016293640400D-01
71  7 -2.45775189619619400D-02 -2.38044507670360200D-01 -5.82604443990743000D-01 -1.99483251039485900D+00 -1.09316209211833800D+00
71  8  1.14354063210799100D+00  4.45549557464335000D+00 -1.36607709580488000D+00 -3.24807606266957700D-03  2.06403659291869300D-02
71  9 -1.73922898665195300D-02  9.89620719780538200D-03 -2.06755712403185800D-02 -3.66326033554943500D-03  2.78422558690609500D-01
71 10 -1.98185968440038800D-02 -2.58603961846608900D-01 -7.98568360287431600D-01 -8.41688349555864000D-01 -5.86359271346668100D-01
71 11 -3.34256497927131000D-02 -6.96057997558621600D-02  3.05079569058374600D+00  8.25916340836537800D+00 -1.65200311607589200D-01
71 12 -8.85501856977514300D-02 -1.22005467493815400D-01  9.39189824446868000D-01  2.44860165943462100D+00 -2.18069065797167900D+00
71 13  2.84806453268120700D-01 -3.00881423555952300D-01  9.13918964156756100D-01 -1.04796445897292600D-02 -1.11173896315118000D-02
71 14  2.15970342212386200D-02 -1.99329431479156000D-03  1.85037550290773600D-02 -1.24102105292916900D-02 -4.21774253244397500D-01
71 15 -5.10913321573302300D-01  9.32687574817698400D-01 -5.61925356203956700D-01  5.35844586134655600D-01 -4.65622617899850400D-01
71 16  6.70497232061409700D-04  1.85343919605724200D-01  3.98277623018034400D-01  1.37697943721701900D-02  1.81011288139785100D-02
71 17  3.41424852991505800D-03 -1.00235503890680800D+00 -1.12498548295187500D+00  1.81264584241248400D-01 -7.78561624250153900D-02
71 18 -7.62557901257324600D-01 -9.74862047377635200D-02 -1.39464241003585200D-02  1.33296683601754700D-02 -4.48293083940781200D-03
71 19  9.00068222907401400D-01 -7.12350958619697000D-01 -4.85254916794377000D-01  6.36485860362304000D-02 -7.40172640327843000D-01
71 20  1.50875545041266400D+00 -6.09791917117648900D-03 -1.47038545420726700D-02 -2.43111056127885800D-02  1.36418085757811200D-02
71 21  5.50135967068696500D-02  6.79929055920457200D-02  9.43297945208606500D-02  8.50640221328666600D+00 -1.63837711243246600D+00
71 22  1.09730299180718700D-03  1.22159920488174400D-02 -1.39728306789297700D-03 -1.19933793897059700D+00 -3.37047329972546800D+00
71 23  2.61253517144528700D-01 -8.47072107011902500D-02  5.61163412686249300D+00 -9.44257656810914800D-01 -3.82638620061638500D-05
71 24 -3.01158430038443600D-03  6.90838395523982600D-03  1.11363403997062300D+00  1.33035471366559000D+00  3.29734030419634600D-01
71 25  3.75638234874837300D-02 -8.23639400375062700D+00 -1.12702748323364400D-01 -1.07002137951542400D-02 -2.56212140576894200D-03
71 26 -1.50876164316234300D-02  2.10734654201908700D-01  2.15814204009684800D+00 -2.19806658715677400D+00  2.52409472766199200D-02
71 27 -2.01145885429770300D-01  1.58764093581128600D-01  4.40915110442771900D-03 -5.55367135931067700D-04  7.41150864864778800D-03
71 28 -3.91425958013121200D-01  9.14264797956282200D-02 -4.50559851339941400D-01 -4.91945864399819700D-03 -1.19339970460839200D-02
71 29  5.26877564600191300D-02  9.27091060211782200D-01  3.53479042861090400D-03 -2.89351612686677600D-02  2.00850686339667000D-02
71 30 -2.34234964936485800D-02  8.33466041780275000D-03  6.73573864284686300D-02 -1.55108131407054300D-01 -5.31314646991639500D-02
71 31  2.24932429283972800D-01  1.02664962406934800D-03 -9.66315923465383200D-04 -6.03337006036275700D-05 -2.27679675285328300D-03
71 32  1.05088709617885600D-03  7.81406151835087800D-04 -6.77967207712889900D-03  1.66429287366600100D-02 -9.86325665953114200D-03
71 33  1.95059664790732400D-03 -4.71607721160264100D-03  4.59209313407669500D-02
72  1 -2.63948327434491100D-02  1.03089479736326100D-02  1.65247615518479700D+00  1.31582303823037300D+01 -1.08168935263330100D-02
72  2  3.57803839745256000D-02  3.35264959078755400D-02 -1.22029398510182200D+00  6.04668434660293400D-01  1.55339319348887500D+00
72  3  2.40444345267184900D-01  2.92402128849348800D+00 -2.40009252914936200D+00  9.60309341231396800D-03 -9.83995586515326100D-03
72  4  2.36862452837735600D-04 -8.01287218323804000D-03  6.22384186019432000D-03 -6.97368871789754300D-03 -3.63574207383666900D-01
72  5  1.62420015497261800D-01  2.01154191886409000D-01  5.79279798864789200D-01  1.44585331867831400D-01  6.52997417875599500D-01
72  6 -5.52571141172059800D-02  4.15975320781205100D-02  6.62175330949567600D+00 -3.91883944478512900D+00 -1.16888263381738700D-01
72  7  4.49971989125844100D-02 -2.06602287399962700D-01 -2.76733302910422200D+00 -8.25770531105626600D-01 -2.41954902152724600D+00
72  8 -3.47902444458431200D+00  1.90015888800436100D+00 -7.92443380019855100D+00 -1.35903327211343600D-02  1.16130413510347900D-02
72  9  1.97729137010126500D-03 -5.91266113570723900D-03 -4.10193912463752300D-03 -1.05524021480340000D-03  4.69442449639896100D-02
72 10 -5.47743690573587800D-01  5.00799445609596300D-01 -1.02976762794737100D+00 -1.99212226271809900D-01 -1.05040654237794200D+00
72 11  8.75915773669053300D-02 -7.24825215770006400D-02 -7.28238800364583300D+00 -1.17591225853937600D+01 -1.91225568215915700D-02
72 12 -1.22514135601691900D-01 -2.15280323416830300D-01 -1.62536783656812400D+00 -1.40923461820499800D+00 -2.46796353341110300D+00
72 13 -2.79784214228721300D+00 -2.24391765803618100D+00 -2.09550517779352400D+00 -2.12592007051787500D-02  1.61869797584576400D-02
72 14  5.07222094671936100D-03  1.96470452628501300D-02 -3.24439025892124900D-03 -3.71989366526832500D-03  4.32922659678769900D-01
72 15  7.64876503779182100D-01 -1.19779916345795100D+00 -7.82275946725468000D-01 -3.02154552359821400D-01 -2.86882609258094200D-01
72 16 -3.94542733446264800D-02 -5.15163011536719700D+00  1.82324993996972300D-01  3.28020472409447200D-03 -1.01503339691589700D-02
72 17 -9.18680154008709400D-03 -1.64325906842155500D+00  1.10363690519348600D+00  1.28151280106590900D+00  1.70689319907385400D-02
72 18  2.28082499381928900D+00  8.24875572339854200D-01  1.30930055044394200D-03 -6.67896012337989500D-03  1.02504041216293400D-03
72 19 -7.60362962940375400D-01  5.03373436643160900D-02 -3.82084601704213700D-01 -2.60409709495874300D-02 -7.80496202473279900D-01
72 20  1.72193968092767100D+00  2.05169858649542100D-03  8.22032299781456100D-03  5.50316942483583900D-04  7.40393461042554200D-02
72 21 -1.65086076256040500D-01  8.25184082773841600D-01 -1.28020119510897500D-01  2.19784038025788900D+00  5.94323642780784300D-01
72 22 -1.47024318058645100D-02  2.50358987733407800D-03 -1.41461392401617700D-02  1.12303727105512100D+00  1.73742785246532600D-01
72 23  1.57582445437380900D+00  1.12384325945842400D-01  2.67894962927627800D+00 -2.37040807597464900D+00 -6.36997554238052100D-04
72 24 -1.67714972016782600D-02 -2.50963440406830900D-02  1.33914985619137100D+00  9.10542871121518200D-01  1.12308128948638200D+00
72 25  6.56362372123161500D-02  2.13696233609587400D+00 -6.47923780896940600D-01 -3.78064094834197400D-03  5.52874726857335900D-03
72 26 -1.97353333591312400D-02  9.09387529038101900D-01 -7.42491525117380500D-01  3.14834201551167200D-01 -9.79390827006958700D-02
72 27 -1.56385924397259800D+00 -5.36258696674090100D-03  4.76312451769045400D-03 -3.46742024155475300D-03  1.08284081677586600D-02
72 28  1.42259428592817600D-01 -2.09018879059127800D-01 -5.90398251013302700D-02  4.16269889092939000D-03 -6.34421159400165600D-03
72 29 -1.27511011617057500D-01  1.59568043991757500D+00 -6.52940574777051400D-02  5.00005160590283300D-03 -2.85526200171871900D-02
72 30 -1.13558017321574000D-01  2.45856372129936800D-02 -1.52025139162173100D-02 -3.68866872477782500D-01  2.69127019768385200D-01
72 31  3.61848684800826200D-01 -3.65817689559002600D-03  1.21169317334101600D-03  2.44648372224926500D-03  1.55294435030325700D-03
72 32  6.45701144258258400D-05  6.59872972713663600D-04  4.60188000004531600D-03 -1.62377148600495300D-03 -2.97810851404046500D-03
72 33 -9.22150569349024200D-03 -4.35744072441738400D-03 -7.47681687362258800D-03
73  1 -7.19226293130375900D-03  2.30418136053231600D-02 -2.02800774419307700D+00 -9.59025940547924700D-01 -2.25957876243870700D-02
73  2  1.05034954847048500D-01 -3.54459743229229200D-02 -3.60827560387438000D+00 -1.57524413419170100D-01 -5.74769143414864300D+00
73  3  6.37301249694405700D-02 -6.06734197808138700D-02 -6.60457542364872600D-01  1.76682871694190900D-02  7.18897279067550400D-03
73  4 -2.48572599600935100D-02  1.24916254374900000D-02  1.97239068985854700D-03  1.04017108436170800D-02 -2.01524975416680400D+00
73  5  2.68952858437553600D-02  1.98835446832305300D+00  6.68379043222824600D-01  1.04006326352651000D+00 -2.16632523775127800D+00
73  6  4.39754024572170000D-02  2.33829269594984500D-02 -6.06348556859246500D+00  5.10339508819366700D-01 -6.33389292162903400D-02
73  7  8.37056893202032000D-02 -1.29740356084941000D-01  1.55320297081415500D+00  6.58809080058040000D+00 -1.65752601689342900D+00
73  8  5.37104349452275700D-01  1.19304341413842900D+00 -4.55247982315058600D-01 -2.16167878759401700D-03  3.78462940054858200D-03
73  9 -1.62295061295096700D-03 -6.91255236184776400D-03 -1.19055790610581600D-02 -9.92509616558064300D-03  6.69544996258998900D-01
73 10  2.63528373252477900D-01 -9.33073369511474000D-01 -2.64726768335718800D-03  1.27668933998711300D-01  7.26625268133707600D-01
73 11 -1.23429845371940300D-02  1.20044478949716000D-02 -5.56596821961833800D-01 -4.41187491983625100D-01 -4.51902693918688900D-02
73 12 -4.37772615565245700D-03 -2.49646380506151600D-02  1.66012161370122300D+00  3.00667354618432500D-01  1.74327751136797300D+00
73 13 -7.44401173418672300D-01 -9.62604845415038100D-01  3.98321749165972300D-01 -1.08420270086933300D-02 -3.80409361955049100D-05
73 14  1.08800679448873600D-02  4.93160752698933900D-03  1.50611084559252000D-02  9.83480429399083100D-03  1.00543861044706500D+00
73 15 -1.05536898471762200D+00  4.99303742705555300D-02 -2.47954093904444500D-01  1.85398720054748600D+00  2.85632620239509800D-01
73 16 -9.26846550154794600D-02  6.88978999932683000D+00  6.43484220390015000D-01  1.20011027755784800D-02  4.12782000413223500D-04
73 17  1.86446290528004000D-03  3.04415146383292200D-02 -3.16827830010542100D-01 -2.59915210057676900D+00 -8.21047948105704800D-03
73 18  1.02681440134338300D+01  2.20972220188636300D-01  1.31015247571631800D-02  1.69318841139783800D-02  7.88642797870425800D-03
73 19 -3.43295858653345000D+00  2.31251064018287500D-01 -2.51905048675986300D+00 -2.09701770021742200D-02 -5.31698875979332700D+00
73 20  4.64977497833487800D-01 -1.29498345496664800D-02 -1.83129438771746700D-02  8.30152084178154900D-03 -9.97417862767852700D-01
73 21 -1.84188763273408600D+00 -7.97684622964802900D-01  1.84708137759293300D-02 -8.02447451778845900D+00 -8.74927153147895800D-01
73 22 -9.73816072929040700D-03 -9.34448721902680400D-03 -2.92226072077611100D-03  9.10801229166287400D-01  2.74701459624241000D+00
73 23 -4.78964050542684600D-01 -4.46004744801120600D-02  3.00559691975821100D+00 -1.11279696150012900D+00  1.86989171112040900D-03
73 24 -1.17791311157372200D-03 -1.37754148738303800D-03  1.32289543301017400D+00  4.14534382632828300D-01  8.09607317641145500D-01
73 25 -7.19991906251688700D-02  2.22546248354071500D+00  8.11300645201655900D-01 -6.41013911037173300D-03 -3.72409082362126500D-03
73 26  6.85204023396711200D-03  1.22407509722565600D+00  1.53457957702452000D-01  5.96987658826245300D-01  2.74555084615052300D-02
73 27  4.19804088693261100D-01 -7.26318133917811900D-02  1.72002353879547600D-02 -1.23001042310278300D-02 -7.54211275216946400D-03
73 28  1.21639990403218700D-01  3.89685484480635500D-02 -3.02836045912206600D-01 -3.44404302167952300D-04  3.24324184686390100D-03
73 29  3.04745394270915900D-02 -5.59251177997624500D-01  2.50279582088095300D-02  8.73260277711747500D-03  7.40398706388867500D-03
73 30  7.61729704384433400D-02 -1.06518959286555700D-02  6.88878898815434700D-02  1.10059961318610900D-01 -7.11377103987914600D-02
73 31 -2.57575474814340400D-01  1.72967258721883600D-03  4.62294912000504000D-04 -2.19196749921951800D-03 -3.53873284994332100D-04
73 32  7.06667305822325700D-04 -4.80912035890764100D-04 -1.91368036344295500D-02 -3.84736072729807800D-02  5.76104109074102800D-02
73 33 -4.15283418136261400D-03  1.38808448876498600D-02  5.53708983260042100D-03
74  1  4.73756960580106400D-02  6.43844588276141100D-02 -3.66067506980568500D+00 -1.71139188958614600D+00  3.49196430396308500D-02
74  2 -1.87627186926932600D-02 -6.27470961091230300D-02  1.26861962753572200D+00  2.33979342691661200D-01  5.21210751030502800D+00
74  3  2.18101081861103900D-01  6.94002003596093700D-01  1.27172562165199800D+00 -6.34013528480261000D-03 -9.59505942021753900D-03
74  4  1.59351947050191400D-02 -8.93719123993573700D-03 -1.25976041267778600D-02  1.09340588890426600D-02  9.24268873979414400D-02
74  5  2.63467594815210300D-02 -1.18773646879460300D-01 -1.53733710438827300D-01 -9.60941365569248400D-01  4.80519251806286300D-01
74  6  1.64216334744173100D-02  4.20687888454780800D-02 -6.46879781497739400D+00  2.14718371910346800D+01 -7.49555012797258900D-02
74  7 -9.77991702520322600D-02  4.07673154625446300D-02  3.57881153486079500D+00 -1.14020789477044100D+00  8.43921678560433000D+00
74  8 -2.51018321982815600D+00 -1.30203445576703200D+00 -4.66067879589608300D+00  1.07746969868922500D-03  1.81001057439505700D-02
74  9 -1.91775754426418100D-02 -2.77729779455380300D-02 -1.25635864073997800D-02 -2.01311010139369400D-02 -8.39277474423487800D-01
74 10  1.54096289954896700D+00 -7.01685425125475500D-01  1.51103832244735200D+00 -1.28352704332375500D+00 -2.66742473778169900D+00
74 11 -5.82359152647728100D-03  5.01734604339253300D-02  4.08959873618245100D+00 -2.07913297891524700D+01 -7.91132211303082500D-02
74 12  9.78489623173217500D-02 -1.14207247281014600D-01  4.47310959808697500D+00  3.46962237648056400D+00  3.92421908576580800D+00
74 13 -4.37109170344993000D+00 -2.11485763590790300D+00 -2.67746637739002000D+00 -1.18647470560093700D-02 -1.51618057270547300D-02
74 14  2.70265527830642500D-02 -1.26833755238075600D-02  2.01091996094179800D-02  2.27846293736407100D-02  1.72068894631086200D+00
74 15 -2.14640900943886100D+00  4.25720063128003600D-01  2.26471061066061500D-01  2.28181790247888600D+00  3.47903898558474600D+00
74 16  7.04074864369611100D-02 -6.25584273356514900D+00 -3.91014873911908900D-01 -3.66010443974592500D-03 -6.97060784455052400D-03
74 17  1.53858410772624300D-02 -1.06677471450406600D+00  1.32946407334434500D+00  1.34114426556897600D+00 -5.65916638889779400D-02
74 18 -1.42827938188721000D+00 -6.91485740815873200D-03 -7.59544510363258400D-03 -1.14302095358356000D-02 -1.22584831871137200D-02
74 19  6.07619434941635400D-01  5.24568205256735500D-01  6.04500484494766700D-01 -6.71367930361093200D-02  3.73303474926866800D+00
74 20  1.00188745222092800D+00  5.64428966700048600D-03  1.05247959661144200D-02 -1.61369875729521900D-02  7.77199046369146400D-01
74 21  1.32395681222180500D+00  4.16096450141976200D-01  9.96409657708307400D-02 -3.03803817073144400D+00  1.10190871137719100D+00
74 22 -5.49368153574277900D-03 -3.17340942306898900D-03 -5.45285044681324200D-04 -9.41077371019627000D-01  1.26637974421035900D-01
74 23  1.11145287030530500D+00 -1.66297965913051700D-01  7.49083726610221100D+00 -2.37749088329694800D+00 -6.34012641106748300D-06
74 24 -1.11162171998045300D-03  1.03766829858186100D-02  2.61117763764646300D+00  7.97231686583249200D-02  2.26216038350748900D+00
74 25 -2.43617819436158300D-01  5.39377827440974000D+00 -1.91303055360543500D-01  3.62203684530311000D-03 -1.55138471109719100D-02
74 26  9.68374199655889400D-05  5.48785423551828000D-01  9.47915696844519000D-01  4.09266980686546000D-01 -8.58859661341516700D-02
74 27 -4.94130581693503700D-01  9.08191045078293300D-01  2.35145589567962900D-02 -7.37988271104010900D-03 -9.08220025047410700D-03
74 28 -6.52585249455479800D-01  5.63586250849463700D-01  6.24071484976855900D-01  3.44045306899020200D-03  6.26699135413414100D-03
74 29 -1.16095671434366100D-02  1.57243708742805600D+00 -4.81668979887710900D-02 -2.24684848653914600D-02 -7.93486990019406300D-04
74 30 -7.98362062718391400D-02 -4.08586111466122800D-02 -4.92159996605676500D-02 -8.79323526713728900D-01 -2.12760949691844700D-02
74 31 -4.18779716870449700D-02 -3.35857595678953900D-03  1.58752407312046800D-03  1.77105188366968000D-03 -1.01837427198799800D-03
74 32 -2.13482292982211500D-04 -1.02637193928956000D-03 -1.58381516443438400D-02  3.14971655961863800D-02 -1.56590139518424700D-02
74 33  2.15578777761637300D-03  9.72276460262393200D-03 -1.68974495252461000D-02
75  1 -4.62799325939950800D-02 -3.29094389466125900D-02  4.35839809623794900D+00 -1.22299732984257900D+01  1.03175537620020400D-01
75  2  3.56779353136405700D-02 -1.97149442002210000D-02 -4.90842525998788600D+00  2.45452875271565100D+00 -3.41548711831499300D-01
75  3  3.76629459821739300D-01 -1.10633960444243300D+00  2.38387324639322700D+00 -2.88025206588543400D-02  4.69582942661552600D-03
75  4  2.41066912322374200D-02  1.84828554853626000D-02 -1.04260331103323200D-02 -3.77583633041439700D-03 -9.77366815358673300D-01
75  5  5.74359146188608100D-01  4.03007669170062800D-01 -5.04719350556274400D-01  1.41354068278905100D-01  5.98247255596905400D-01
75  6 -1.03079775843321600D-02 -4.47055846431995500D-02  1.91977373687701500D+00  1.34682318361900300D+01 -9.01755436775957400D-02
75  7  6.97899612654221300D-02  2.24107461576908900D-02  5.34839760562362000D-01  1.95938873721313100D+00 -2.36825162821650800D+00
75  8  7.25283693914516900D-01 -5.13135264838833500D+00  2.88665385773089600D+00  4.54671165993127700D-03  4.23265036327579000D-03
75  9 -8.77936202320532900D-03 -3.76850410840672300D-03  6.52655427711060600D-03  1.40202865341178800D-02  3.49249469471771000D-01
75 10  2.75663558567093800D-01 -6.24913028038870300D-01  2.93445781325823100D-01  8.12295163561036700D-01  8.82217271910642900D-01
75 11 -9.48918725982608000D-03 -5.56861676729035200D-02 -3.08286136311104300D+00  3.84690098231007200D+00  3.49082450162188300D-03
75 12  4.33045696108592000D-02  7.48811559065670200D-02  4.47052614914083100D-01  1.13065561477065000D+00 -1.82761832662469800D+00
75 13  2.09983548374177200D+00  1.62419223336602200D+00  5.49435908044933100D-02  8.40231695872925700D-03 -5.91493365921680600D-03
75 14 -2.48738329950817700D-03 -7.07270875826024900D-03 -7.60472830099584000D-03 -2.49977891433238300D-02 -4.24255158022050300D-01
75 15 -2.00569905042073900D-01  6.24825063064119700D-01  1.16191632740917400D+00 -1.05224410011745400D+00 -1.06655066592960400D+00
75 16 -2.86502683008599100D-04 -9.17283292731107600D+00 -9.93709891666037400D-02  2.74802642752241100D-02 -1.49787447916232700D-03
75 17  2.93941690421689400D-02 -2.37156826793228200D+00  1.46359730719425500D+00  3.21484529663956400D+00 -8.67535873372359500D-02
75 18  9.60201935464026600D+00 -9.16884190542767300D-01 -2.15373578094602500D-02  1.14322742001149300D-02 -2.66339589862820000D-02
75 19 -3.65652077259084200D+00  3.12741436284324500D-01 -2.85208998129121300D-01  2.49809388870956900D-02 -1.79065741619617100D+00
75 20 -4.49879358339281300D-01  4.63464829917202600D-03 -1.72287885891545200D-02 -1.22344692150347000D-02 -1.31436641080478700D+00
75 21 -3.85885799892533000D-01  1.40262965716699300D+00  5.40190516852811900D-02 -5.55932105666299100D+00  1.49788992378598200D+00
75 22 -6.88548775079539400D-03  1.23506376167913700D-02 -2.27217315574430600D-03 -1.57312556980796600D-01  1.58926058940610800D+00
75 23  4.17197326380061100D-01  1.24270360256593400D-01  1.64401045308997700D+00  1.74995945099398700D+00 -1.66510584459385200D-02
75 24  6.04001114215978900D-03  1.55502295018581800D-02  1.16687716443942400D+00  1.36891184658586200D+00 -1.33280062654170000D+00
75 25  1.40111979892408200D-01 -5.28037752740350500D+00 -3.13314286499376500D-01 -4.23557360870868000D-05  6.30036105098883300D-03
75 26 -1.53356032634561900D-02 -1.27254141437433500D+00  8.50356003727547900D-01 -3.17061398552614700D-01  2.11475540947088100D-01
75 27  1.20303357430639900D+00 -1.47769354019780800D+00 -3.19178637955097000D-02  1.97985642095111900D-02  1.95843348178303900D-02
75 28  8.58922498147443100D-01  2.22639031069538100D-01  3.60652359313118300D-01 -1.42546579686058100D-02 -3.43486752694460000D-02
75 29  8.39772872385212700D-02 -3.36792003385006100D+00  9.51432770327425000D-02 -3.43946154756077600D-02 -7.46233718921000800D-02
75 30  1.57340336298578100D-01 -5.74494192140312800D-02 -7.98574657712757500D-02  8.67362657010695600D-01 -5.19601624465222400D-01
75 31 -7.21679552045054000D-01  1.30870008444481100D-03 -2.27657570932633500D-03  9.67875624880329000D-04 -3.57611848486688600D-03
75 32 -5.91064018633659200D-03  1.46754931781600100D-03  1.49166562760944400D-02 -1.06409986388358500D-02 -4.27565763725858700D-03
75 33 -1.16438559168174800D-02 -6.08859968136576400D-03 -6.04026020834405300D-03
76  1  7.16135039867744500D-02  2.36337660697078200D-02 -2.33091125685953700D+00  2.45137941294556300D+00 -2.34956419874584100D-02
76  2 -1.35192800183372700D-01 -1.77097053610152200D-02 -1.96206996042804000D+00 -1.67753028134053000D+00  3.88729497474869500D+00
76  3 -1.77647311459448200D-01  3.52596444331922100D-01  8.15335777613478100D-02  1.14732260975131500D-02 -1.82468713665729000D-02
76  4  6.77364526905819200D-03 -2.04985099540861200D-02 -1.59751265398003700D-02 -4.65176601546501200D-03  7.32531258415778800D-01
76  5  8.33498636101793800D-01 -1.56602989451757600D+00 -2.07247860133352400D-02 -1.38590318332974200D+00  1.92716691649740800D+00
76  6 -5.05958945275515500D-02 -8.13843828293479700D-03  5.68030917096823000D+00  3.16270701979939300D+00 -7.83031265484018400D-02
76  7 -6.01669641216770700D-02  1.29443233005313800D-01 -4.02183170977181400D+00 -6.35607478051709600D+00  2.12170675953718000D+00
76  8 -5.71889956972370200D-01 -1.03447308099424000D+00 -5.47296880323504200D-01 -1.72092261868083000D-02 -9.91923153257122100D-04
76  9  1.82011493400637300D-02 -2.90911140697914600D-03  3.01262997248894500D-02 -4.87798433485448200D-03  7.59008758941090100D-01
76 10 -4.29158050550940500D-01 -3.29850708390154800D-01  1.08610076731221900D+00  6.89764629993733800D-01 -1.66640693572844000D-01
76 11  3.90758849922429900D-02  5.12733747302085400D-02 -3.08992504599607500D+00 -3.63580770137604800D+00  6.36727090915478900D-02
76 12  9.19770513321674400D-03 -1.56178711130493800D-02  2.71222486164263900D-02  4.22026350805868100D+00 -6.23496724243617700D+00
76 13 -4.50187157462359500D-01  5.64122409021913100D-01 -1.29543384387635500D+00 -2.50443923924321900D-02  7.73589672590640300D-03
76 14  1.73084956665252800D-02 -2.12879392705854000D-02 -1.52497039315466200D-02  8.88540684000088200D-03  1.36066884721355100D+00
76 15  8.02687657317138600D-01 -2.16335650453069100D+00 -2.94042466910315800D-01 -1.00954461847293300D-01 -1.03145183172419400D+00
76 16  9.10902084665064100D-02 -6.62454207977024900D+00 -4.36245117730126300D-01 -1.83777701563955400D-02  4.59661328925417700D-03
76 17  9.18943565447105800D-03 -6.31786831704145400D-01  1.29447041228905900D-01  1.60173265345370100D+00  6.59932717789471500D-02
76 18  4.29583475613357300D+00 -1.17592249700438400D-01  1.54198047254761800D-02 -6.92540386383427300D-03 -1.31462302038774900D-02
76 19 -2.79273875346980800D+00 -8.13336379810096300D-02  2.54232400940435200D-01 -5.23569652859109000D-02 -4.70250945634991000D+00
76 20 -3.11613631839764400D-02  1.25746173443927700D-02  2.33059536082382300D-02 -1.84758581412778500D-02 -9.35783040565197800D-01
76 21 -1.01184241337956300D+00  4.12447000132739300D-01 -7.93089568276543500D-03  7.03106542949166200D+00  6.90967555039189900D-01
76 22 -2.38353852038026000D-03  1.61660239171617900D-03  1.11851779083639000D-02 -2.24266437825350300D+00 -2.25646849147135600D+00
76 23 -1.18252273915435300D+00 -1.43541657200556200D-04  6.83512989849871300D+00  3.83064377752943500D-01  1.59676476009329500D-02
76 24  6.02043540934640600D-03  8.75757471069122200D-03  2.48652399321173500D+00  1.41866277431237700D+00 -1.76092993895519300D-01
76 25  1.10545041914614500D-02 -9.48986097025649800D+00 -8.76822321328804100D-01 -8.48713985001885900D-03 -2.49932302868949000D-03
76 26 -2.52869054777029500D-03 -9.68363042104239000D-02  1.21645905308412300D+00 -3.86463723803490000D+00 -2.69951286984208400D-02
76 27  2.61559260038705500D-01 -1.31344035802211600D-02  9.45724892889284800D-03 -1.08889271453276800D-02 -5.90281413204267600D-03
76 28  1.94487946842804400D-01  3.60466376799682200D-01 -9.90096312183838100D-01  1.41570653043638600D-03  1.68714007127474500D-02
76 29  5.38150854030861900D-02 -7.24377273471458100D-01 -8.32320953143379700D-04 -2.63040417998278500D-02  6.57954466376723100D-02
76 30  3.21706746854639700D-02 -2.61259354243576600D-02  1.37983330768338000D-01  2.69040991515250600D-01 -2.34160136207940000D-01
76 31  7.28047768012350100D-02  1.86898116283409500D-03 -2.63003050912201500D-04 -1.60597811192236700D-03 -2.30966790375676900D-03
76 32  7.75509344670900800D-03 -2.04544902774207200D-03 -1.15585469156215900D-02  3.43518943857148200D-03  8.12335747705011900D-03
76 33 -4.26562871226474100D-03  2.74861730899452300D-03  2.52735620331467100D-02
77  1 -1.52051762381425500D-02  2.79626920703522200D-03  5.88209831157619400D-01  3.97111197190704200D+00  3.44193252250881600D-02
77  2  4.30135644096621900D-02  4.42564598935612000D-02 -1.18816711857828500D+00  2.34961615268638000D+00 -1.02386675953216000D+00
77  3 -3.67681051613169600D-01  1.31775873715234400D-01 -1.46265637286948100D+00  5.08246684977300500D-03  3.10985703313380800D-03
77  4 -8.19232388290647500D-03  9.46439079696915300D-03  1.16497272254940100D-02 -1.48728362181318900D-02 -1.14166133779182200D+00
77  5  1.26672008972448000D+00 -1.25058751932656300D-01 -8.09509939049739300D-01 -6.16114656569270900D-02 -4.00897233083925800D-02
77  6  1.66990057942446500D-02  4.29472028613723100D-03 -9.61313243030266000D-01 -1.45803127657851400D+00  3.83644364920012100D-02
77  7 -8.56043000794786800D-02 -9.66346274602076600D-02  1.08597795277414700D-01  1.53981395720613900D+00 -1.50088314699091500D+00
77  8 -1.27388810802516500D-01  1.47182125404434100D+00 -6.45786134715812700D-01  4.11762399286941300D-03 -3.42572476188618900D-03
77  9 -6.91899230980777700D-04  1.72372061510620500D-02 -1.16597910335008200D-02  9.87952659114158100D-03  8.98872545153966000D-01
77 10  1.59836465554800400D-01 -1.05870901070876400D+00  1.64768671664905300D-01 -5.71560352304916400D-01 -1.02196398715123200D-01
77 11 -3.90720537832490100D-03  6.84849856829379300D-03  1.60611328565692800D+00 -4.39446373869986200D+00  5.67424726047756100D-02
77 12 -1.41353281093871800D-01 -4.15901794981886700D-02 -2.31608981361832900D-01 -2.97070707590425000D+00  2.32721447322233300D+00
77 13 -1.24367173890160500D+00 -1.39975640976675000D-01 -9.73003795581561400D-01 -1.34169944118344800D-02 -1.56497606968239300D-02
77 14  2.90667551086597400D-02  3.21186085616167600D-02  1.12891545130450600D-02 -3.50934445460603100D-03  2.24703821204361100D+00
77 15 -1.96610030260942300D+00 -2.80937909434186400D-01 -7.94260122368574800D-01 -8.38779227709184400D-01  1.03630367495384200D-01
77 16 -5.57292795702074400D-02 -3.48587991367115600D+00  3.91221365563255800D-01  1.55870149967387700D-02 -6.27272441795041200D-03
77 17 -1.28887527194159500D-02 -8.49793187319369900D-01 -5.88615308622374500D-02  1.35315347190509000D+00 -4.43614427539846700D-02
77 18  4.63648309697308800D+00  3.33409826714700900D-01 -5.23057157230572300D-03 -2.91893601305723600D-04  6.70917280243919200D-03
77 19 -1.61997459763086900D+00  7.04427326822846900D-01 -3.54079083254600900D-01  6.90358282092426700D-02  1.33120403158483700D+00
77 20  5.77001298440925300D-02  9.60395981783111900D-03 -6.98280371973548200D-03  2.25259724386236400D-02 -1.01810433602891900D+00
77 21  1.19962936551441100D+00 -1.83444581113318100D-01  6.19375877558240900D-02 -1.26938268749641900D+00 -6.11888524726605000D-01
77 22  2.77238861078542500D-02  3.82637723520701900D-03  6.12003373906298000D-03 -3.14171810111495200D-01  4.96705512157026500D-01
77 23  1.67582076732690700D-02 -5.53044260208574800D-02 -4.94526724937837400D+00 -4.46238129431505000D-01 -1.70168139685417400D-02
77 24  1.22591617351523200D-02  3.86097916545642000D-03 -4.49362763621242600D-01 -3.52335059873804400D+00 -8.23258999386750400D-01
77 25  9.30625525365872500D-03  8.66091878466759200D+00 -3.07998545310613000D-01  8.67249295888958800D-03 -5.27136846838891100D-03
77 26 -2.42521534822787700D-02  7.90569548670345600D-01 -1.42744527548382600D+00  2.55632426141641500D+00 -1.72974222259288200D-01
77 27 -9.46969154657267400D-01  7.50418813772368200D-01  2.98350659881530300D-02  3.36640748761540300D-03 -1.17724936796386600D-02
77 28  1.79942672799394200D+00 -2.54944439731097400D+00 -3.47611415469941300D-01  1.83680701209131200D-02  2.39511975802760700D-02
77 29 -3.09561881242234400D-01 -1.11192236435188100D+00  4.06232763624034600D-03  1.15148123033025900D-01 -8.68490853770142000D-03
77 30  9.80269355532021300D-02  2.53859850511514800D-01  8.14118953608057800D-03  4.03582149303310300D-01  6.03040071109001700D-01
77 31 -1.70011812911064900D-01 -2.61896599742399200D-03 -6.92320713314653200D-04  3.31128671073933200D-03  1.51337317156115200D-02
77 32  1.22493476408026700D-04 -4.71384142926575000D-04 -3.06062766696882000D-02  2.47522945821005000D-02  5.85398208758767500D-03
77 33 -1.56157077945576100D-02  3.15522857825358500D-03  7.61660514171976600D-03
78  1  1.24894886738557500D-02  1.12353252750985500D-02  8.42922884832769600D-01  2.53090008843339500D+00 -8.75402979817402800D-02
78  2 -6.50121491732110200D-02  2.44752502679733600D-03 -2.04248971353091200D+00 -5.37357772922259500D+00 -1.22984006938981400D+00
78  3  1.58943047861521200D-01 -8.65065404898839700D-01 -1.04632258987046400D+00 -2.21125891365185000D-03 -3.56031208772273800D-04
78  4  2.56729012242493800D-03 -1.60005791899559900D-02 -1.76159827939540800D-02 -2.17146324758157100D-02 -1.47923308389013300D-01
78  5  1.98635624049295200D+00 -1.83843293210393700D+00  7.50202546492386800D-01  7.97585198761321200D-01  4.67633331581538100D-01
78  6 -5.16517109502916800D-03 -3.05100043093230400D-02 -1.28339070286128100D+00 -5.13515314744248300D+00  4.71897981044568400D-02
78  7 -1.91979689371340300D-01  2.44268072690514200D-02  1.65484672288544200D+00 -3.16321086909645300D+00  3.40859195944062200D+00
78  8  1.42735903600633200D+00  4.04091461202258700D+00  4.47126542118786800D-01 -4.72778184861750800D-03 -2.50361002540218000D-02
78  9  2.97638821026439100D-02 -5.02510870018896700D-03  1.09364409562961500D-02  9.36288346633395600D-04 -1.25552279331397900D+00
78 10  2.61854366402797300D+00 -1.36302087071399400D+00  9.61442037740290500D-01 -8.97952338519484400D-01  7.28106231845866800D-01
78 11  1.54075852262621500D-02 -3.28044550507016400D-03 -6.61567150308253400D-01  2.60610918224088900D+00 -7.77427004669366200D-03
78 12  8.94018310560597700D-02  4.20225077850045600D-02  1.17779466998455500D+00  3.55890945832196900D+00  1.30743822997924200D+00
78 13 -4.38782825452810400D-01 -8.84904339957510800D-01  1.09597047359856800D+00  5.92183300930869800D-03  5.19497213279724300D-03
78 14 -1.11168051421065300D-02 -1.79502981969136500D-02 -3.74991097502287400D-03 -3.84285417893967400D-02  2.90013590624871100D-01
78 15  8.26345560793487500D-02 -3.72648146704221700D-01  1.39364397480497600D+00  2.96334267380382900D-01  2.29101638313077900D+00
78 16 -3.23265764848326200D-02  8.33383245297102500D+00  8.87261276771125400D-01  5.56179882750256300D-03  1.75445480484734100D-02
78 17 -1.21309294402728800D-03  2.25214938530549500D-01 -2.93786221154353700D+00 -1.99962414673509500D+00  3.96593071493736500D-02
78 18  5.81502489507309800D+00  9.71942238839757200D-02 -1.83301703689706700D-04 -2.55323004386000100D-04  1.43867909477667900D-02
78 19 -2.42529517015664200D+00 -3.92766263833166400D-01 -1.44692296092989000D+00 -2.70681078059059500D-02 -1.73221713056794500D+01
78 20 -4.71209900781866900D-01  7.95065302313987900D-03  2.11543350030747400D-02  8.42073164840548800D-03 -2.72719378680825300D+00
78 21 -6.34624248798417500D+00 -2.18985770002683500D-01  1.45389279855114000D-01 -1.86194588308855100D+00 -2.33505785073119400D+00
78 22 -1.27044854881459400D-02  7.22184210013058900D-04 -1.01417063712725400D-04  1.54087223745025900D-01 -7.33163671030724100D-01
78 23 -6.94533518133960800D-01  6.79191698630628200D-02  3.06120977410817500D+00 -3.01122900175018400D-01 -3.99361275600705700D-03
78 24  2.23030359521166500D-03 -1.48351945068388600D-03  1.49607574169759700D+00  3.07725429954508100D-01  2.11004144736166100D+00
78 25  4.37906808483047100D-02  3.72180724373236500D+00  7.25884203733686000D-01 -1.14382689481647900D-02  2.21707189712257800D-02
78 26 -2.04172023574953700D-02 -5.73885109148404800D-02 -9.07281415255476500D-01  5.95962897983022000D-01  1.90943306554750500D-01
78 27 -2.08016099650693700D+00  5.23091421689814600D-01 -4.56694752260296100D-02 -1.50596056074404500D-03  5.60955331818942900D-03
78 28 -9.99487595765209000D-01 -9.89780215329712900D-02  1.05048902758365900D+00 -1.50048902817353100D-02 -4.14279457872746800D-02
78 29  9.33100327331373600D-02  3.01344358579273900D+00 -8.94211530440035100D-03  4.16819620342555400D-02 -6.60970743513406200D-02
78 30 -1.73793187168502200D-01  5.09703645293555500D-02 -9.59280142504639900D-02 -1.22993952802865100D+00  2.52451717427361300D-01
78 31 -3.21306514673652200D-03  5.77294785306665000D-04 -2.16050418713041000D-03  1.58320940182163700D-03  2.25748722608383100D-03
78 32 -7.55884898194904600D-03 -1.65949940164125500D-04  5.45020138651143800D-02 -2.36736136483267200D-02 -3.08284002167876700D-02
78 33 -2.71328183392163800D-03 -9.13905973906049100D-03 -5.20610573440422100D-03
79  1 -2.42884146814898500D-02  2.28211951882939400D-03  2.47086625900262000D+00 -4.69853691757489000D+00 -6.60733534685543900D-02
79  2  1.17318480595007500D-02 -3.94335888126706600D-02 -7.88844285866826500D-01  2.64629300079790000D+00 -1.36649536528321300D+00
79  3  1.27590307268970300D+00 -3.82126818968140300D-01  2.56581516682986400D-01 -7.62352180097995500D-03  1.60857611614303100D-02
79  4 -8.46223936045127300D-03  4.75698324206107500D-03  3.70996024409185300D-03  6.44936415994619900D-03 -1.19635085554086900D-01
79  5  7.79545461626488400D-01 -6.59910376072402900D-01 -3.57118454365846300D+00  1.25798901824879900D+00 -3.77121635804544900D-01
79  6  9.92407793112991300D-03 -1.31951687934662800D-03 -2.76161270797747300D+00  1.07932273536243600D+01  1.79287861574115800D-01
79  7  1.18537679022594900D-01 -1.05115587600940800D-01  2.30728559931682700D+00  1.67569909131556500D+00 -2.80919012324936900D+00
79  8 -2.44891232092632700D+00 -3.39802783967326300D+00  7.11279697751883000D-01 -6.17581176939941900D-03 -7.01001467487661600D-03
79  9  1.31858264442771200D-02  1.62135120655897700D-02 -5.66713182625815700D-03  1.49129487788296600D-02 -2.34325664460381000D-01
79 10 -8.89221597512339300D-01  1.12354726197272000D+00 -9.68103589817418400D-01  1.42298560135449300D+00  1.77392802422822100D+00
79 11 -8.89962383942919900D-04  2.80230256884046000D-02 -3.94322129973780300D+00 -7.43091120399223200D+00 -4.25082023617532000D-02
79 12  1.28094350937447400D-02  1.49599892394965100D-01 -1.20481930200898800D+00  2.56299940563476200D-01  6.03598291594089400D-01
79 13 -9.20792824790980800D-01  5.28357627020087500D-01 -2.04742427889040400D+00  2.65274709674917900D-02  6.31419614127555900D-03
79 14 -3.28416671087670800D-02 -1.68020481389989100D-02 -2.55273932438679800D-04 -5.12977407143016700D-03 -8.73651749566725100D-01
79 15 -3.51022073640119900D-01  1.22467382320684800D+00 -6.26152223170719300D-01  1.31782183810300400D+00 -2.96847255985001300D-03
79 16 -5.43559193164193700D-02 -4.34735201671295500D+00  2.05262727974390300D-01 -7.43049302636543500D-03  1.67595716367413400D-02
79 17 -1.43318233598845200D-02 -1.03505676839710500D-01 -3.29537615579565700D-01  2.98943243107345900D+00  5.06940080267077000D-02
79 18 -1.90204789214413900D+00 -8.15959783833330200D-01 -4.00622874054613000D-03 -1.64299532386507500D-02 -1.66840882636929700D-03
79 19  5.63460249827000700D-01  2.34946184557379300D+00  3.04978070568171900D-01 -2.05257629690698100D-02  7.09112269337145600D+00
79 20  3.62837074820311500D-01  5.66793784313990000D-03 -7.19331542775564900D-03 -1.06515283031613800D-02 -4.51962510593640900D-01
79 21  3.00321979495708100D+00  8.64844979749405200D-01 -7.39584215897253600D-02 -5.38689856255536200D-01  2.16054999960038600D+00
79 22 -1.89174644424654300D-03 -9.96907779077868700D-03  5.27200142516121500D-03  4.68001705618042300D-01  7.52780301399739800D-01
79 23 -9.26118621172262200D-01 -6.39476043889919700D-02  3.32916129466871300D+00 -3.87649316387537500D-01  3.38441039833548400D-03
79 24 -7.88482504586289800D-03 -2.07363606153075800D-03  4.94430701994161200D-01  8.41665153525275500D-01  1.51925633246577900D-01
79 25  2.91352720068894300D-02 -4.01133607638885200D-01 -6.46449716980654700D-01 -2.21804814526987400D-02  1.38604165549374500D-02
79 26  1.08831984711420500D-02  1.36544065621920500D+00  6.06539991365022200D-01  2.24346492577177400D-01  1.04751492230112600D-01
79 27 -1.88289711642363300D+00  4.21904844820447000D-02 -2.84798645283114600D-02 -3.76776678644905800D-03  1.06355154607916400D-02
79 28 -1.07249462348749900D+00  5.08492890416991400D-01 -3.19247980038120000D-01 -1.54274219082202300D-02 -1.91558908742881300D-02
79 29  2.49694919256642400D-01  1.84604461487983600D+00 -2.59214373140846800D-02 -3.66114698604680100D-02 -1.28356072930727200D-03
79 30 -1.53669203831073400D-01 -5.66321458551139000D-02  3.24592453582611200D-02 -6.58399126405907900D-01  1.84898779590931200D-01
79 31  1.18426958631263500D-01  9.72687904843006000D-04 -1.27709391229513100D-03  3.04406007452913500D-04 -3.79232971235130000D-03
79 32  7.47051954016007500D-05  2.06769004758146600D-03  3.53355921303643500D-02 -1.87479040152004400D-02 -1.65876881151638900D-02
79 33  6.80636122163236900D-03 -2.09893268141166700D-02 -4.27937978610427900D-03
80  1 -2.40964418316545800D-02  3.68353800976790600D-02  3.01234019910435100D+00 -1.24346505470262800D+01  5.60371528389245000D-02
80  2 -6.26711891841242200D-03 -1.67965386455546300D-01 -7.05742538827841400D-01 -3.03796532423825300D+00 -3.84594294616779000D+00
80  3 -7.70960679057326300D-01 -9.21068651715914900D-01  1.90175461828790300D+00  1.00395589579163200D-02  1.10063587410799400D-02
80  4 -2.10459176989946200D-02 -4.99399612845244500D-03 -2.96709604122319200D-03  8.90286943473882900D-04  1.72944627311208800D-01
80  5 -8.88934672863952300D-02 -8.40511600248150200D-02  8.14656908653361600D-01 -1.23270633193484600D+00  3.90182263614892400D-02
80  6 -2.87544671865663300D-02 -4.01066184910815100D-03  2.41109520604329600D+00  1.59857506103200600D+01 -1.75992185756063700D-01
80  7  2.27652365483114500D-01 -1.99582370942830500D-01 -1.98057830993702100D+00  1.61046744909667500D+00 -3.97695582244096400D+00
80  8 -2.02438985104769400D-01 -7.24719590831580600D+00  3.82204856797771700D+00  1.61364671175507900D-02 -9.60836863723491100D-03
80  9 -6.52809848031315600D-03 -5.56653577069935200D-03  1.91306193310103000D-02  9.38813488473343300D-03  8.72034757338014800D-01
80 10 -2.50296950487844100D+00  1.63093474754043300D+00  9.88544984432332700D-01  1.23886448661059900D+00 -1.75948272408727100D-01
80 11  4.62967053281302000D-02  3.46306916650740500D-02 -5.65234987026038300D+00 -2.92799377592022100D+00 -5.80912912933501600D-02
80 12 -2.06473670482667900D-01  1.93298581685128000D-01 -2.60619192505623600D+00 -2.05046985937750300D+00 -3.56564338341797900D+00
80 13  5.99457570705131200D-01  3.65415995103793600D+00 -3.91381012163380200D+00 -3.18494359246806500D-02 -1.93228327981080500D-03
80 14  3.37817192044902000D-02 -7.07620706349671300D-03 -8.83425678009618200D-03 -2.11757935914950400D-03 -9.12292284563841000D-01
80 15 -6.89705496802289100D-01  1.60199778136612600D+00 -1.98756564958116800D+00  1.12684087247658200D+00 -1.07362550917215000D+00
80 16  3.04604962228877000D-02  5.18550048259183500D+00 -8.18189156427874000D-01 -4.91231513474945200D-03  9.54640627980969700D-03
80 17 -5.56175258375384600D-04  1.28944208951727600D+00 -9.40382206414209800D-01 -1.38712745154477600D+00 -6.30926752134065800D-02
80 18  1.19690035774351200D+00 -1.58692782186493700D-01 -3.43534232741434700D-04  1.78707848004203300D-02 -1.72657719560604600D-02
80 19 -3.40955691733654800D-01 -9.33679545123793900D-01  1.34562323970198500D+00 -5.71116328732576300D-03 -7.66141502582801800D+00
80 20 -1.64918798459102200D-01 -2.19568742332331900D-04  9.63872005902685600D-03  5.81077474131435000D-03 -4.57598521843080600D-01
80 21 -3.21644050754017100D+00  2.48210294273636400D-01 -5.36722541277961100D-02  2.52953705402230800D-01  3.49597722734248400D+00
80 22  4.13047035053146100D-03 -1.22701300583557400D-02 -1.43318009157714200D-04 -1.38230870407485400D+00  8.40732094568975500D-01
80 23  4.12474593684803300D-02 -1.00380764553725800D-01  1.17020244383668700D+00  2.15103789800197400D+00  2.36930299895846900D-03
80 24  3.03073669173309700D-03 -7.84227237188523500D-03 -6.00658983234900400D-01 -8.54588877836289500D-01  1.25806393968140200D+00
80 25  2.31931043136535300D-01 -3.42934053758826000D+00 -2.88448373277180000D+00 -1.44806487345945100D-02  1.49730988964835300D-02
80 26 -3.88929176676030200D-02  1.26731000952261100D+00  5.75276184263411200D-01  9.98764743491955400D-01  1.05937941845405300D-01
80 27  8.34660283100476000D-01 -7.29241379318174600D-01 -3.49308100799668000D-03 -7.59754795766945600D-03 -1.10209545563162100D-02
80 28 -6.76722866981696900D-02  4.06025327582246800D-01  9.07450790690857200D-01 -3.84518416879624700D-03 -3.54132779361226400D-03
80 29  7.41151775875425600D-02 -1.10325985653925100D+00  3.18290031702600100D-02 -1.50839718919630000D-02 -4.39428561681800100D-02
80 30  4.29904641505356000D-02 -3.32944953030960900D-02 -9.75510053933615100D-02  1.54757259160568700D-01 -3.50736050498849400D-01
80 31 -3.54249097471570500D-01  1.13465196638944800D-03 -1.11663522270982600D-04 -1.02298844411815300D-03 -2.11871316678986000D-03
80 32 -4.01852041819163300D-03 -2.85893903958814700D-04  1.06978746175011000D-02  1.86950999266495800D-02 -2.93929745441506900D-02
80 33  3.48360110479731300D-03  1.61546661796264200D-03  7.69411050855313400D-03
81  1  4.48924265280506200D-02  3.16519543441097400D-02 -6.99247352721707600D+00 -1.29751023352289700D+00  6.45538555467118500D-02
81  2 -4.55046968186782300D-02 -5.10458813339471800D-02  3.72538874802244300D-01 -5.87343907156677100D+00  5.74616679481044700D+00
81  3  1.92567615038519300D+00  8.59826546143332500D-01  1.30964680080194700D+00 -2.88548138061987600D-03  2.90925516765558000D-03
81  4 -2.37737870341119900D-05 -1.09852619403176200D-02 -3.51250348778916500D-04 -1.13818077384741000D-02 -4.17337996827275300D-01
81  5  2.47241152799075400D-01  1.70096844028205800D-01 -2.96906401497690300D-01  2.39026043495655600D+00  3.33714030628916700D+00
81  6  6.88514956107021900D-03  1.78682487402527400D-02 -2.16731250958607100D+00  1.32365291874238100D+01  1.34243289272250500D-01
81  7  1.21550291664286500D-01  2.13722419683333300D-01  7.25170639256073200D+00  1.67017294829234400D+00  1.12469292695052400D+01
81  8 -2.97361500476049300D+00 -4.32899255759187800D+00 -3.29251764840915500D+00 -6.83142418987665300D-03  2.58246869374406100D-02
81  9 -1.89932627475638000D-02 -2.45335357836407100D-03 -3.95137548703607100D-02 -2.76715744368825300D-03 -6.12010873925603400D-01
81 10 -1.33347144138887800D+00  1.94548231531448500D+00 -1.56140101723367500D+00 -1.40031474288181300D+00 -6.08954346775427600D+00
81 11 -7.53519799475775700D-02 -2.07412519648976300D-02  1.09422636135113400D+01 -1.09834457913874000D+01 -6.55119012991594600D-02
81 12 -1.52762005397677300D-02 -3.83596100181649100D-02  5.40115412288758000D+00 -2.21751762714552500D+00  9.01849155676610600D+00
81 13 -2.94575442307768600D-01  1.56049285741928700D-01 -1.12844786281631700D+00 -1.41679887848089600D-03 -6.10016605948920500D-03
81 14  7.51696493796863400D-03  1.86686393918659800D-05  2.78039712657820900D-03  5.21892247098306900D-03 -4.10297308182122300D-01
81 15 -4.98422701126511800D-01  9.08720009308631800D-01 -1.59808290991758100D+00  2.22650006810536800D+00 -1.84654687725480800D-01
81 16  6.52563260437698800D-02 -1.17158553330524700D+00  1.63988160956585700D-01 -9.80544114808317600D-03  1.26053527704591000D-02
81 17  5.06062729244225300D-03 -1.34932207005560500D+00 -9.68293687497814700D-01 -2.61060989491740000D-01  2.65420916936662400D-02
81 18 -2.37508858736775300D+00 -1.47588712343542800D+00 -1.34677011755805100D-02 -7.81972007195226400D-03 -1.38743260165100200D-02
81 19  5.76832233757900000D-01 -8.25232355208417000D-02 -1.34670648448952800D+00 -2.24698778218879900D-02 -5.64669869026404700D+00
81 20  7.00578879880949800D-01  9.18049150133925600D-03  2.23969696013104200D-03  3.03725957012185300D-03 -1.28189695368150100D+00
81 21 -1.71726005602802700D+00  2.06281950059935600D+00 -7.89039907881102600D-02 -1.36792363663494000D+00  2.40023823377930400D+00
81 22  1.46373814231865800D-02 -1.08299305076049100D-02 -1.08287897316473700D-02 -1.91326706066740800D-01  1.07901291665679600D+00
81 23  2.73641897774781300D+00 -9.79462498064019700D-02  1.01757064738389500D+00  3.41926328248850700D-01  1.20895104354547400D-02
81 24 -2.10746236489159300D-04 -6.08255311875613400D-03 -1.47170236555314600D+00 -1.05664239592043000D-01 -1.65060293045223300D-01
81 25 -9.63055284149287700D-02  4.85117238074262100D+00 -5.53536426825164600D-01  6.36443619671087600D-03  1.28232494545378000D-02
81 26  3.92205742837466900D-02  4.22788951799755300D-01 -1.45566261449689600D+00  7.36574002882303800D-01 -7.01610524241207400D-02
81 27  2.59337015827772000D+00 -7.10425652903230100D-01  2.54019344139285500D-02 -1.92924555036752200D-03  1.03820395837709300D-02
81 28  5.51521186457779500D-01 -1.12311268856147900D-01  1.95494601429284500D-01  6.88524658593445400D-03  3.33510705051528800D-02
81 29  4.80496355008759900D-02 -3.15898120715258500D+00  3.01699753638364400D-02  4.66938901220635300D-03 -1.60404366620851700D-02
81 30  1.58540691600700800D-01  1.50501486586319100D-03 -2.33583120949773600D-02  9.58691938805389500D-01 -2.80781480222514100D-01
81 31 -6.03339245202004800D-01 -6.70081857231244200D-04 -2.33890731655150700D-04  9.03972588886414600D-04  1.10101415018216300D-03
81 32 -1.29766210106081000D-03 -3.72308359627964800D-04 -4.64613895935592100D-02  3.69322988993195300D-02  9.52909069423970100D-03
81 33  2.36830874606388800D-02  2.62826827916979800D-02  2.10925985051581900D-02
82  1 -1.05970136575225500D-04 -8.93357071537260800D-03 -1.24208620819694800D+00  1.15022202943710500D+00 -3.40565585251409700D-02
82  2 -9.11967003739736600D-03  4.76226880772804900D-02 -1.20854447651351100D+00 -3.19522181206428900D+00  4.33089496587657100D+00
82  3  4.65976992957858000D-02  4.89118641886785200D-01 -4.61612656560352200D-02 -1.21868483482580800D-02  1.27335693532987700D-02
82  4 -5.46721005042630100D-04  1.23230171114761200D-02 -2.12219653876202400D-02 -5.23734506298710300D-03  1.88064978784168100D+00
82  5 -1.10278672947672600D+00 -7.77863058364946800D-01  1.70430520501647900D+00 -1.43908244358049400D-01  2.71259759439780500D+00
82  6  7.29199363731876000D-02  3.66084727228517000D-02 -1.18322481584203500D+01  5.52223819455622800D+00  5.25562993758860800D-02
82  7  7.47109921114807300D-02  5.38240872726752400D-02  8.66872089982336600D+00  3.27961556947676000D+00  1.58510880789031900D+01
82  8 -9.57482543936656200D-01 -3.88687788146604800D-01 -6.41657681358200100D-01  8.75054346612510000D-03  2.10971972161029400D-02
82  9 -2.98477406822249300D-02 -1.60058361176092000D-02 -1.09475959190307700D-02  1.30002342068531500D-02 -2.11984226407019300D+00
82 10  1.49468536952076800D+00  6.25156894549427200D-01 -2.61909518637487200D+00 -3.05925427369409900D+00 -2.51758134725114100D+00
82 11 -9.09608663899410400D-02 -2.86071330167921900D-02  9.13757711089417200D+00 -7.56405159800116900D+00  3.36095654583904600D-02
82 12  3.30999902328192400D-02 -1.22357077449777300D-02  8.75271087643193200D+00  2.90066554614928900D+00  1.27553440567487600D+01
82 13 -1.03397608314811900D+00 -3.83740641874744000D-01 -6.10760250823029500D-01 -1.14192151072443000D-02  8.32333686180004300D-03
82 14  3.09587824544286600D-03  4.10153642927279100D-03  1.84873858254303500D-02 -5.35678044572585400D-03  1.18462689239250000D+00
82 15 -3.40644838369514300D+00  2.22182149130264200D+00  4.95646252206786400D-02  4.62948798914266700D+00  2.11223539751002100D+00
82 16  4.18464599787279100D-02 -5.58460256755448600D+00 -3.69299992339071100D-01 -2.24588082940248800D-03 -2.54183344403590900D-03
82 17 -1.70167190491470600D-02 -6.28016133537442000D-01  2.30474745267994700D-01  1.88226982351111600D+00  3.61598471318924200D-02
82 18 -1.87310837431700900D+00 -1.58776641374219500D-01 -2.82231182160861500D-03  7.23835102016802100D-03 -2.60753734432107800D-02
82 19  6.07362561775749400D-02 -1.02627978630875600D+00  8.35496180325481900D-01  1.65987428273843000D-02 -4.87329088619612300D+00
82 20  3.47658939885432400D-01 -1.05140709565984500D-02  2.34238312603092600D-03 -4.78743892032119400D-03  1.37529123565563300D+00
82 21 -2.09766657684715500D+00  2.05166530295403300D+00 -1.66608194487462400D-02 -3.88823136336959600D+00  9.96037324258837900D-02
82 22 -2.00281596801279800D-02  4.15397960959870700D-03  1.55394202528744000D-02  1.90467028980909100D+00  5.80413680369774500D-01
82 23  3.79384412456167200D-01 -5.53218015844609800D-02  1.13155429473446800D+01 -4.75871995354036100D-01 -2.24931228235709700D-02
82 24 -1.57114803558756200D-02 -7.99795405645875600D-03  3.43822787475225300D+00  5.87398467612906000D-01  2.44644345663807400D+00
82 25 -4.53996075702786600D-02  9.93631105718091600D+00  3.87712489502152400D-01 -4.63780107655109500D-03  4.07760260536725900D-03
82 26  7.57178651773395100D-03  1.51895658576005600D+00 -7.15509288252309400D-01  2.96501537818963900D+00 -1.40983096600791300D-01
82 27  9.72539636094436300D-01  4.70789394698547200D-01  2.81191980798314300D-02 -8.06792285467127100D-03  1.98933349735888200D-02
82 28  7.04122411175624100D-01 -7.03653467751900700D-01 -1.26725400220997200D+00  7.02582494728524800D-03 -3.73645123133122900D-03
82 29 -1.85449723543159000D-01 -1.37882446229594300D+00  1.87344470044491400D-02  2.29020837029572100D-02  5.39511687760347400D-03
82 30  1.32647109575997900D-01  4.03141456277433500D-02  8.02915529405180800D-02  5.66337220439580700D-01  4.95805775535915100D-02
82 31  1.69082540406646300D-01 -1.03689156214146900D-03  4.18328096793122000D-06  1.03270828117395900D-03  3.06025871988732500D-03
82 32  4.78494242538973200D-03  3.23609649451818800D-04 -5.47983080123791100D-02  1.01459314771051100D-02  4.46523765352739400D-02
82 33  1.56718274737301100D-03 -7.23933641012640400D-03  2.11067563011831000D-02
83  1  3.19297676019823700D-02  6.14759472186098400D-02 -3.11326665757195400D+00 -2.53981656307291800D+00 -1.99850378898734600D-01
83  2  7.52174138263596700D-02  1.56267419164724000D-02 -2.66010166888344200D+00 -1.56240307978041800D+00  2.16876931152850700D+00
83  3  5.11150563507726400D-01  2.57702639278854600D-02  7.47616628950281100D-01  7.11811856089541600D-02 -1.05679317925908600D-02
83  4 -6.06132538163656300D-02  9.63904155781032300D-03  5.26684360553440400D-02 -2.25912202303541300D-02 -6.14094234127567100D-01
83  5 -1.20931528409187400D+00  1.82340951821944100D+00  9.61194432833169700D-01 -1.60420399602007400D+00  6.86066933537318100D-01
83  6 -2.10178709072780600D-02 -2.80616190531664200D-02  2.51083767707858000D+00  7.50054597494008300D+00  4.64429185530124000D-02
83  7  1.31479258724982200D-01  8.84685574955741900D-03 -2.79313871798983300D-01 -5.72662717401697500D-01 -4.54725442202250900D-01
83  8 -1.57059411307433700D+00 -3.66360945008932400D+00 -4.31990157084754900D-02  9.43152448816801500D-03 -6.37399781946286100D-03
83  9 -3.05752666870618600D-03  8.11915064851562900D-04  1.85460932002431100D-02 -2.72209920705807100D-03 -3.04061046574412900D+00
83 10 -1.37951947504386100D+00  4.42012994078798700D+00 -1.21110922353332100D-01 -1.82152039836014600D+00 -1.10352447034381200D-01
83 11  2.09344931426432700D-02  5.51140808086012200D-02  2.17381183491757600D+00 -4.99267994397229000D+00 -5.05627298123181400D-02
83 12 -8.06932811188861800D-02  1.58760462918214400D-01 -3.02245797912972100D+00  3.09812364956310900D-01 -2.62829259820932900D-01
83 13  4.42817830520998800D-01  1.67035686233552100D+00 -1.87588692023296900D+00  2.84395029643337300D-02 -8.56004558271237700D-03
83 14 -1.98794573816226200D-02 -1.63863687135161000D-02 -1.25240890299787500D-02 -9.40971303196274000D-03 -2.77610031689322200D+00
83 15  6.97942996110536800D-01  2.07815732078267900D+00 -1.49061745374558400D+00 -1.40641803366710300D+00 -8.00017738137357700D-01
83 16 -1.42840764308787100D-01 -9.61864072180083500D+00 -2.43642715679004900D-01  2.01956828298394500D-02 -2.06785879720304200D-02
83 17 -6.78135546271343800D-02 -2.35436236367660000D+00  2.02355266082386100D+00  2.17936141947800500D+00  1.29972701283037300D-01
83 18  9.86547215309554000D+00 -5.17396026771285800D-01  5.68647873239796000D-02 -1.11899429857900000D-02  3.17073639028235500D-02
83 19 -4.04011001331276300D+00  7.45652290692040000D-01 -9.66291845363236100D-01 -5.53894396505967000D-02 -1.36210326307755800D+00
83 20  7.18925164624633200D-02 -1.24830715997610600D-02  1.04278526972065900D-02  4.97372995839998300D-03 -8.03226742681151100D-01
83 21 -3.73315298897936100D-01 -1.29700435715435100D-01 -8.72081475323728000D-02  3.65353762125668500D+00  2.04559355006378300D+00
83 22 -3.22430188820375100D-03 -4.52291117408664600D-03  1.13667713391508700D-03 -1.94150970828295300D-01 -8.43286996256073800D-01
83 23  1.57080192743722200D-02 -1.22516902915223900D-01  1.47996012577904000D+00  1.38699825228498300D+00  8.40155467371147900D-03
83 24  1.58983272327195900D-02  7.09567398237062400D-03 -1.44424281135189900D+00  5.61640676273029600D-01 -1.14342256298175000D+00
83 25 -6.74967976333897100D-03 -6.54597489888199200D+00 -1.44724828992632700D+00  1.15866698857961200D-02  3.68759100795406300D-03
83 26 -4.74901051179419400D-03 -7.93505205669757100D-01  1.28022372666422500D+00 -1.48362969875370000D+00 -3.37142803965675500D-01
83 27  1.97413379436458100D+00 -5.35699864510196800D-01  5.59002829038081200D-02  3.20471281926280000D-04 -4.81491716741722400D-03
83 28  1.21090332966761700D-01  1.65365842589990500D-01 -3.50059825362830300D-01  1.20768329103348800D-02  6.09402752134898600D-02
83 29  1.32018208940943300D-01 -2.26116716608557600D+00 -3.76827206655633700D-02 -2.53982183807127600D-02 -3.37259845246690300D-04
83 30  1.06995753120771400D-01 -4.63994610535811400D-02  5.18427121041974500D-02  8.86196124481327900D-01 -2.15637378519940500D-01
83 31 -3.80605092611880000D-01 -2.22540016757928400D-03  2.87968077218909000D-03 -6.54280604608155900D-04 -1.76529124403605200D-03
83 32  2.23275494052155400D-03  2.02747200768560500D-03 -1.11148955206635100D-01  3.07925392813473400D-02  8.03564159252876900D-02
83 33  7.21183871116018100D-03  2.06879589369318900D-03 -2.32488954156892400D-02
84  1 -9.05363803132671800D-03 -1.58597374972356100D-02 -5.33093609809268500D-01  9.68168751753710900D-01 -1.18903207469071500D-01
84  2 -2.09720710803257400D-01 -1.26738519619465600D-01 -8.63336795655027600D-01 -1.09178946724778200D-01  4.74128416261849900D-01
84  3  7.69102889523585200D-01  2.70323573586680200D+00  1.24798365929572100D+00 -2.37020948298728000D-03 -2.36920190034892100D-02
84  4  2.60622284864776000D-02 -4.93550319820532900D-03 -3.03547070882809700D-02  3.10363767896640400D-02  2.45015096031030200D-01
84  5 -3.34305524370710200D+00  3.09804014767606500D+00 -6.04787725921480300D-01  3.31577155221764900D+00  2.19602237128198900D+00
84  6 -2.59046930515348500D-02  4.17980411768656600D-02  1.59125776066471300D+00 -8.53216103887058700D+00  2.37901347364206200D-01
84  7  2.58102581111898100D-01 -4.57207555789130200D-02 -4.04150693154458800D+00 -1.97430052938452500D+00 -5.23067132099863500D+00
84  8 -1.63817517267821700D+00 -2.71888055437679500D+00 -9.29817920025425600D-02  1.27325422658190600D-02  8.94535128755905900D-03
84  9 -2.16778935533779700D-02  1.99769602792155600D-02  1.05232465706760700D-02 -1.56515131815320300D-02 -3.14869038714913900D-01
84 10 -4.91681458065859100D+00  5.23168361937350000D+00 -3.16145799088515200D+00  4.97946259378012700D+00  1.23905356514858600D+00
84 11  2.27714825395309600D-02  3.04436074390826700D-02 -8.39682999779569200D+00  2.44365497156520500D+00 -3.79767841347792200D-02
84 12  1.74444190168596200D-02 -2.26291271030626900D-03 -6.68422478398445600D+00 -5.51631332209461700D+00 -4.01758671673350700D+00
84 13 -4.23362659452395200D-02  5.43182850113792700D-01  1.83958391475382300D-01  9.41772041665083800D-03  1.18354793852790000D-02
84 14 -2.12531998019285900D-02 -1.90634147453368300D-03 -2.43132208061375800D-02  2.46850466879523900D-02  1.03309640919576700D-01
84 15 -1.71853186016304800D+00  1.61522221924347400D+00 -1.25471493916575400D+00 -1.58886130822948500D+00 -2.20865427001501600D+00
84 16  1.07466992756746100D-01 -2.76224896084700500D+00 -1.92394214610464300D+00 -1.54567967815407200D-02  7.00407814403258700D-03
84 17  3.89643165807278700D-02 -1.52074702776816300D+00  4.01603179302445500D-01 -3.99806695020233800D-01  1.51686423356072500D-02
84 18 -4.64841256581198900D+00 -4.07392154754861900D-01  1.58118045438861300D-02 -5.05865036592166800D-04 -1.56437256280504200D-02
84 19  1.79870098831734400D+00 -8.64263598551044700D-01 -1.23720872644318700D+00 -9.27952319409063700D-02  7.59180812474457100D+00
84 20  2.01528426054160300D+00  1.76411362586485900D-02  4.12894044636011900D-02 -9.34028653641537200D-03  1.44192332548690600D+00
84 21  1.28388066075692400D+00  1.80229480049948800D+00 -1.99075740774505100D-01  1.80276997820652500D+01  2.48028058572650500D+00
84 22 -9.09660305652919900D-04 -3.02496716564429700D-02  5.32841554811883500D-03 -1.15407639992388600D+00 -4.17912962238882900D+00
84 23 -1.73231039799880500D+00 -6.14624499487842100D-02 -4.73871644225285900D+00 -7.40232849260755300D-01 -8.13142329765936500D-03
84 24  2.22519697971827400D-02  6.13856648642156300D-03 -4.67049963373363800D-01 -2.15037345542799200D+00 -1.03746224702022100D+00
84 25 -7.21350600567503800D-02 -2.75541697596740100D+00 -2.95816964632245000D-01  2.48108275488493800D-02 -2.60630516596381300D-02
84 26  2.06868545299828400D-02 -2.43240891025695900D-02  1.09396354399095700D+00 -1.22251797302741400D-02  1.85029329558467800D-01
84 27 -3.14807378599745500D+00  4.72001095026387200D-01 -3.79873983076098300D-02 -3.68439933093086100D-03 -1.91813089612626700D-02
84 28 -1.34441334632857300D+00 -1.98376313827580600D-01  5.25910160598907700D-01 -1.44687664418614300D-02 -1.09336836454906900D-02
84 29  2.69195896141653300D-01  3.66679761117644800D+00 -3.90626605636832900D-02  3.16619198696917300D-02  1.12680391658695500D-02
84 30 -2.43311932798943900D-01  5.48645683453096100D-02 -3.36703747126823900D-03 -1.17757094652028400D+00  5.43524048204159200D-01
84 31  4.10690813830201100D-01  3.45493500658906600D-03 -1.77400408063035900D-03 -1.68093092595513100D-03  1.57163190242770800D-03
84 32 -1.64016530841505200D-03 -2.64429528462471300D-04  8.70967176506460100D-02 -3.30004487496260600D-02 -5.40962689010199300D-02
84 33 -7.94472419459397300D-03 -1.97145993898319900D-03 -2.27507108685134200D-02
85  1  5.06398860413072700D-02  2.52616916440394000D-02 -8.83187536444969400D+00  8.76740621839065400D-01  7.76455801038837700D-02
85  2  9.11726399699571800D-02 -8.10886140457308800D-02 -1.20281726095750100D+00 -4.51367902829302700D+00  8.13687606234475600D+00
85  3 -1.30668936929507900D+00 -1.47014712633593700D+00  1.27162876249841000D-01 -1.21535923697223500D-02 -2.28677960970813300D-02
85  4  3.50213884668031400D-02 -9.93021629261309900D-03 -6.56715113768228200D-02  4.01734127952744800D-02  9.91869524374343200D-01
85  5  2.18805917910917500D+00 -3.17992870348351800D+00 -3.42957970075731900D-01 -7.83935676280788200D-01 -6.51864705227684600D-01
85  6  4.00976028571347300D-03  3.35816706244924900D-02 -3.29061741876825400D+00 -2.44068444901359900D+00  2.91224723172906700D-01
85  7 -2.14337012059107900D-02  5.63712202630596200D-02  3.60352761992413000D+00 -2.02855913796526600D+00  7.58959865797371800D+00
85  8 -9.60833236869438800D-01 -1.55060159147251800D+00  1.65703967714621700D+00  1.76949409907859700D-02 -2.19405292529225700D-03
85  9 -1.55008880654961800D-02 -1.06117031635640800D-02 -1.40132375897981600D-02 -2.14655490680278900D-02 -3.23222888841374800D+00
85 10  2.11819015301877000D+00  1.11403873539497100D+00 -4.17036507902762600D+00 -1.21349137652196900D+00 -7.16005434052413800D+00
85 11 -4.50459086336990400D-02 -3.29160721090061600D-02  8.27652436677757200D+00 -1.83199406480677400D-01 -1.60477203729788500D-01
85 12 -2.70814747403570500D-01  2.56472583883726700D-02  5.28388492388491100D+00  8.25139510283365100D-01  6.16194799558569300D+00
85 13  2.03392546788868100D+00  3.36168942724010400D+00 -1.56573491030614400D+00 -7.52131786650054700D-03  9.65726881587780300D-03
85 14 -2.13595094937952300D-03 -2.04986380374609700D-02  8.64345733652231000D-04 -4.88007314299551300D-03 -3.00432992471578000D-01
85 15 -3.02626887987185100D+00  3.32670187234343400D+00 -1.82597050357947100D+00  2.75726839896153300D-01 -1.91143248536002000D+00
85 16  1.84249209200094800D-01 -1.41892688199509600D+00 -6.15120598144310500D-01 -2.70683805389178400D-02  2.18877196081255200D-02
85 17  4.95465056257230200D-02  8.42385745376391000D-01  2.77258223708420300D-01  7.68539911919629300D-01  2.32333764635787300D-02
85 18 -1.18955619954868200D-01  1.10528047170714100D+00 -3.20931436764012200D-03 -9.33044171927651700D-03 -3.67696006330792700D-02
85 19 -4.23409324680384800D-02  1.05497403252047900D+00  3.07218027963533100D-01  2.09893292986201900D-02 -5.59147600507621900D+00
85 20 -2.09047902483469400D+00 -4.18030204150677300D-04 -1.16827413698045800D-02 -1.53026422509053600D-02 -7.97396654742375200D-01
85 21 -8.26299051506620300D-01 -1.72916786314251000D+00 -3.78540001827695100D-02  5.35528891609569300D+00  1.37235753274736800D+00
85 22 -8.03345120112801100D-03 -1.62993367061557600D-02 -5.21205901276368100D-03  1.68205786742804500D+00 -2.24917128933105200D+00
85 23  2.39721161633444900D+00 -4.39016576222809900D-02  1.06005365042302000D+01  3.41658361613310000D+00  1.64573001528354000D-02
85 24  2.08020571895061900D-02 -4.65666357111368700D-03  1.63499233158074200D+00  9.82094361265137400D-01 -1.94534978369883200D+00
85 25  9.55483317687763200D-02 -4.84839143675338700D+00 -2.75244326639366200D+00  6.77113292588178000D-03  2.26685189699085600D-02
85 26 -6.19100045100332800D-04 -4.72663949805018500D-01  1.14132220461952800D+00 -5.01123494619757000D-01  2.21125440525313300D-01
85 27 -1.58788648319645800D+00  3.71712902231611500D-01 -5.35585001446663700D-02 -9.39096799607173000D-05  8.51322838351382100D-03
85 28 -2.33471840350945200D-01 -4.81061164467991400D-02 -8.45375096947991600D-02 -1.03740655382769500D-02 -3.16646146490358700D-02
85 29  5.64338141106866500D-03  1.54754325772261900D+00  1.20459415978354000D-02  4.11445185237734000D-02  1.24306272509337400D-02
85 30 -1.17123357860775300D-01  1.74806048530968300D-02 -2.23898618650964900D-03 -6.24427185544995900D-01  2.20022199045141200D-01
85 31  4.25057211205978600D-01  9.88924524087666700D-04 -2.22060852870743600D-03  1.23168400462380000D-03  2.01387967710892500D-03
85 32  3.86476345987587800D-04 -5.45873145042722900D-04  8.99540065238646200D-02 -4.28853590814283300D-02 -4.70686474424362500D-02
85 33  4.92099322950299500D-04  9.95475414282821800D-03 -4.01329444255127800D-02
86  1 -5.48958128270399900D-03 -2.33243172342220000D-02  3.78867346397267400D-01  2.34823230185654800D+00  4.01481221959056500D-02
86  2  1.66489451744910000D-01  8.45349278844355100D-02 -1.03347126886848800D+00 -2.88356981191097200D-01  3.35839703659296400D-01
86  3 -8.65789408305405300D-01 -1.71243069597854600D-01 -8.47445717285827100D-01 -3.23018563989492500D-03  1.11587434006514300D-02
86  4 -7.92855776075911300D-03  2.07940510138738600D-02 -1.55702321899511600D-02  7.54509448365552500D-03 -5.39894602542728300D-02
86  5  5.83279623061884400D-01 -5.29290162807609000D-01  5.24015898864366700D-01 -6.45258842915508200D-01  2.78619165271816000D-01
86  6  2.60013238238070300D-02 -3.35763366282355100D-03 -1.52010923006390800D+00 -4.13840259257598000D-01  6.96564634860444400D-03
86  7 -1.31288257363316000D-01 -3.89127074404810500D-02  1.07589804192325500D+00  2.32266721651938800D+00  3.65281482422707200D+00
86  8  4.83826816972378900D-01  1.85530654836799800D+00 -8.25412529837078000D-01 -9.30449447852435200D-03  1.13152608588414300D-02
86  9 -2.01076638031651900D-03  1.07911347466084900D-02  1.82424787653270200D-02 -5.78931530792685100D-03  6.94460377310648700D-01
86 10  9.96080883952054600D-01 -1.69054126126270000D+00 -7.15333084234619800D-02 -1.54130158682121300D+00 -1.03708168317643100D+00
86 11 -9.76995059742436600D-03 -4.54422958743333600D-02  6.11550863446415500D+00 -4.00155630607118300D-01 -5.27109452381610900D-02
86 12  1.21921683394689100D-01  5.23888270276068800D-02 -4.61999032546241100D-01 -9.05776597600815000D-01  3.76566722011110800D+00
86 13 -7.88008715392327900D-01 -1.07495570949651100D+00  2.70507061566102800D-01  9.43007528024894700D-03 -1.15198163455227800D-02
86 14  2.08974106527565300D-03 -2.65720804462070500D-02 -3.33509092391381000D-02  1.25738953213544200D-02  8.09543069304595000D-01
86 15 -6.11001854335110200D-01 -1.98541214969483700D-01  1.56002132254803100D+00  1.13025958431734900D+00 -9.80953098863040100D-02
86 16 -1.02664876068034500D-02 -2.01972442095359300D+00 -1.25682975516576000D-02  1.20892911959992100D-02 -2.54067184930230600D-03
86 17 -2.26685070998995900D-02 -1.13223058306754800D-01  3.13051626840194900D-01  8.10201014804705900D-01 -1.56039821804805100D-02
86 18  3.00260159351915700D+00  1.08139204774057300D+00 -2.54574060116948600D-03  1.62830888045422500D-02 -2.14940230587686000D-02
86 19 -1.26236304931802600D+00 -4.31802322697562300D-02  2.59233498227864100D-01  9.06684689525826100D-02 -2.85912303060343600D+00
86 20 -3.12714254521204400D-01 -5.96165078593992100D-03 -4.37935284628601200D-02  4.76729681753734200D-03 -4.54665812361904300D-01
86 21 -5.17940206068129500D-01  1.42501702717309700D-01  6.83469215299566700D-02 -5.03898612753314400D+00 -1.00432009486076600D+00
86 22  2.35241325575401600D-02  2.94381078372257600D-02 -1.73170638304563200D-02  6.05288734321568700D-01  1.19758426101392900D+00
86 23  8.71220367754508300D-01 -7.34809012020528100D-02 -7.72658836424820600D+00 -9.39433934062464300D-01 -1.06414582607605400D-03
86 24  1.73759991829135100D-02  2.54310578861201700D-03 -1.57149780409079700D+00 -1.92554011186002700D+00  5.12384667776251200D-01
86 25 -5.85282544126753000D-02  4.88919452683253500D+00  6.85653191066571500D-01  3.95301670965449000D-02 -1.02367089238901600D-02
86 26 -6.54940364231466600D-03 -2.18675988462499600D-01 -7.89832431084535800D-01  1.67700691973068000D+00 -4.17729043353458200D-02
86 27 -3.41703367415626000D+00 -5.80730591950224300D-01  1.79176169882597800D-02 -2.81301763547262000D-03 -1.85415733439242300D-03
86 28 -6.84451908959523300D+00  1.26655503097229200D+00  1.25946993089062000D+00 -4.60714578287444900D-02  6.51405938909974300D-02
86 29  1.71249047234877900D+00  6.97023454624249600D+00 -1.44805074977496300D-01 -2.79228907266499600D-02 -4.04854528347261800D-02
86 30 -5.62427974931670000D-01  3.18360258166320900D-02  4.84722708729966100D-02 -1.97169121855887600D+00  1.08887531382288500D-01
86 31  1.35933203841748500D-01  9.03870809222076500D-03 -4.82190727770495800D-03 -4.21680081451545400D-03 -4.92952866888635200D-03
86 32 -5.10196313250338900D-03  1.62674340350551000D-03  3.71744320404729100D-02 -2.91971501977071200D-02 -7.97728184276569300D-03
86 33 -6.34456841555006500D-03 -1.24051426606611000D-02  2.53919616578916800D-03
87  1  1.73369975538312200D-02  1.04974772292877000D-01 -3.49996937009621900D-01 -8.40658028208671300D+00 -3.24205454918855900D-01
87  2  7.49388787182248800D-02  2.95800839054871300D-01  2.54411533627005700D+00 -3.59089585578764400D+00 -2.51291547636864800D+00
87  3  1.23081534643360900D+00 -1.94851643512951200D+00  5.50095545556456900D-01  3.61892540587139900D-02  3.33272977722943000D-03
87  4 -3.95219838359390200D-02  3.38887428201142300D-03  6.96866957057788400D-02 -7.35720358264346900D-02 -1.54292704291337100D-02
87  5  1.64316724753070000D+00 -1.62773797710156700D+00 -1.31969373536844100D+00  1.54828645939601200D+00  1.46179486626574700D-01
87  6 -1.81854200148961400D-03 -1.14222550063487400D-02  7.66100476079253100D-01  3.83725043941129300D+00  3.16072927877663600D-02
87  7  9.75023501086629300D-02 -1.33644843944739900D-01 -1.25047520440137600D+00 -4.82912157142922500D-01 -7.34148930124083600D-01
87  8  2.02193008838581400D-01 -1.31999392525158000D+00  3.04907195291478800D+00 -1.46160229747627100D-03 -2.08384005410153700D-02
87  9  2.23000028384911200D-02 -1.43079343959752800D-02 -5.46646846157910800D-02  5.10910038359339700D-02  5.89827814961435300D-01
87 10  2.39356086091853900D-01 -8.29183901053291800D-01 -1.28956344796251800D+00  3.24396345522884700D+00 -1.98111311275812800D+00
87 11  5.23354410030669400D-02  1.01832390847124800D-01 -1.35452817653446200D+00  3.29969935355750300D+00  3.59385737767659300D-02
87 12  7.41308513028970100D-03 -4.73585452394022600D-02 -8.75421223994281600D-01 -6.15850465459087600D-01 -2.70960670674124300D+00
87 13  1.14656356070790000D+00  7.81920903574041800D-01  1.52996960391566200D-01  1.27483855900560100D-02 -9.61122220722040800D-03
87 14 -3.13716338283744200D-03 -1.65308549133986500D-02  5.28818177821522800D-03  6.27443558714480500D-02  2.71080566143367800D-01
87 15 -1.18391665728446200D+00  9.12836091141098800D-01  4.18450119335225300D-02 -3.06840516568771600D-01 -1.84556083753601900D+00
87 16 -2.91626942118828700D-01  1.27150674423300700D+01  1.09239770559071000D+00  6.94903007270848000D-02 -6.93338593452259400D-02
87 17 -1.26724966674585800D-01  1.54307415106887100D+00 -2.55399081067083200D+00 -2.51670379983610300D+00 -1.25252946444020300D-01
87 18 -6.56642908634649900D+00 -8.47688173462145200D-01  2.16590789595398500D-02 -6.36227692226199300D-03  4.21582729357490200D-02
87 19  2.54031764150121400D+00 -2.12736151134027600D-01  9.37494130504922300D-01 -1.82328811775380500D-01 -5.37178143682856900D+00
87 20 -7.48789898541781700D-01  6.09872814165768800D-03  4.78101939264852700D-02  3.85437075487834900D-02 -1.64071043738405100D+00
87 21 -1.97939872089483600D+00  7.38231507588474200D-01 -7.50207668390359100D-02  2.88577831407685400D+00  4.40063840253725700D-01
87 22 -1.64141918770038800D-02 -2.15389117797982700D-02  5.43096229399520300D-03  4.69882376931455900D-02 -1.23339665200625000D+00
87 23 -1.69494200186026900D-01 -1.39929494337545700D-01  1.11342784645986400D+00  1.06590328672563700D+00  4.18259049397812700D-03
87 24  2.98654730996779200D-02  6.46853412160495200D-03  4.64970900364625400D-01  1.39291472415350800D-02 -4.62224794161027400D-01
87 25 -1.33230302938176800D-01 -6.28692344812387500D+00  4.09352954939064400D-02  2.55626452344601500D-02 -6.35479755895847900D-02
87 26  2.21556439022518100D-02 -7.60429871860066500D-01  1.59830495579850300D+00 -1.24466642224561500D+00 -6.05561452231637700D-01
87 27  5.96699598676380600D+00 -3.46025741002105000D-01  1.51492635853801900D-01 -3.16405832385672400D-02 -1.76195587830918500D-02
87 28 -7.81496341403338900D-01  1.61787758776848900D+00  1.21978185175553400D+00  3.46014667245530500D-02  6.79726837064703000D-02
87 29 -2.21587539629188000D-01 -2.00534751188365200D+00 -6.22046678140818000D-02 -4.77760821210884800D-02  1.21969377439614300D-02
87 30  2.82387107632108100D-01 -1.55815478324431700D-01 -1.44829063696963200D-01  7.99894601573685300D-01 -3.75695849606830400D-01
87 31 -2.82439469509907000D-01 -5.66631922696410300D-03  4.32004756186962900D-03  1.34627166509313900D-03 -3.57273163048258200D-03
87 32 -7.88822720551113100D-04  1.33067767447479300D-04 -2.12227940731041900D-01  8.98749210223081800D-02  1.22353019708733600D-01
87 33  5.55719140634738900D-02  6.65412258813679600D-02 -9.54187531263842500D-02
88  1 -6.19246249144436100D-03  1.02702875196835100D-01  2.48745278162861500D+00 -1.56078983126716500D+01  3.40816021637871800D-01
88  2 -3.92491533876080400D-01  3.14517688090006000D-01 -4.10180586406928800D+00  4.77745313205265900D+00 -6.22891884213173300D+00
88  3 -1.21077356213150300D+00 -9.00271712984944100D-01  2.44023512592169300D+00 -7.10091854904894700D-02 -5.18609944269456100D-02
88  4  1.22870179917434100D-01 -3.11096887000923800D-02 -4.76793292838692500D-02 -4.32979880537710000D-02 -6.28580117812940300D-01
88  5  4.46056047425186600D-01  1.82524070387752800D-01  7.59945372885088500D-01 -1.55644024234324500D+00 -1.57804913037613000D+00
88  6  2.72050037406770700D-02  4.33105049631454200D-02 -3.35671964171431500D+00  9.99421883215591400D+00  2.15574072975119500D-01
88  7  6.39977020814922200D-02 -1.86703081359786600D-01 -1.13660836284216700D+00  3.21639998703152400D+00 -4.55689928305819200D+00
88  8  8.75267612964944200D-01 -2.04834461107566000D+00  3.58961586902319500D+00  7.43126884875497400D-02  9.89141961244777700D-03
88  9 -8.42041080999955400D-02 -5.01042152939403900D-02 -7.23448912299083000D-02  2.88749489365038900D-02  1.04193235655634000D-01
88 10  5.21881321373687800D-01 -6.26074557029321100D-01  1.84102903422121100D+00 -7.66091404130056600D-01  2.39606833400762000D+00
88 11 -3.26561967120403600D-02 -4.63150870769191600D-02 -1.22740859374351200D+00  1.12650834887681900D+00 -2.09649128187943000D-01
88 12  4.44584698844927700D-05 -4.16308585991768000D-01 -3.34522684141791100D-01  2.59376452802774700D-01  1.95485150209827600D+00
88 13  6.21104885597813000D-01  7.30447968467087700D-02  1.09214780933998300D+00  5.12010017886088300D-02 -3.02908058873513200D-02
88 14 -2.09101959012549300D-02 -2.25555696958104100D-02  4.96244803800067100D-02  5.96017574215562300D-02 -8.51157967878145900D-01
88 15  1.09072607767327500D+00 -2.39568109795131700D-01  5.42379578291904600D-01 -2.27737478959952700D-01  3.70206485515370200D-02
88 16 -2.32707197983486700D-01 -6.67017594281054600D-01 -1.08857246555033300D+00  1.53125556263135000D-02 -3.36520907172300500D-02
88 17  1.61216508410590200D-02  1.85003436444145000D-01  1.95840698113099400D-01  1.43998500745046700D+00 -3.46253629662611100D-01
88 18  1.22828763185175300D+01  1.09361956606121700D+00 -1.66390524405185700D-01 -6.78435283822677200D-03 -3.95787796989340200D-02
88 19 -3.24251126608263600D+00 -1.94752652438161000D-01  1.22423447387774700D-02 -4.63809909001731900D-01  9.09031019890355200D-01
88 20  8.84444221161250200D-02  6.82269245207033200D-02  1.15594369688436300D-01  2.93994565769060000D-02 -3.66559602861067900D-03
88 21 -8.60506269486576700D-01 -3.31476546057796900D-01 -1.22877959945022300D-01 -6.32616824612943800D+00  2.30527595283691600D-01
88 22 -1.45457908709865400D-02 -7.38379425393383700D-02 -2.17377449283985300D-03  4.36372974776564800D-01  2.01734906473626700D+00
88 23 -4.99152289955505500D-01 -1.31052720317912200D-01 -2.77100960788878000D+00 -4.36602870434070000D-02  4.75269843152601500D-02
88 24  3.14046021772464800D-02 -1.58680243047119500D-02 -1.44388356167694500D+00 -1.71814217080408600D-01 -8.92751917639881300D-01
88 25 -1.39832542919899000D-01  2.56241543101356500D+00  1.32391071575184100D+00 -2.24741204656506400D-02 -5.84401835759859500D-02
88 26  8.70253707903685000D-02 -3.08486354198439000D-01 -8.21772143574687500D-01  2.27149033073446400D-01  4.07031355222776200D-02
88 27 -6.83396400119998100D-01  1.65100970279008600D-01 -5.76218805668134600D-03 -7.03917891322411600D-03 -1.06741280493983100D-02
88 28 -7.33634171359087700D-01  1.31643829787317000D-01  7.10514706423531300D-02  1.99667091860651200D-04  9.76329628706308300D-03
88 29  9.66605090105107100D-02  1.03621166796754600D+00 -1.83878161597308900D-02  2.15481272834389400D-02  2.88198679556516500D-02
88 30 -4.51914455334400000D-02 -2.20463341423013200D-02 -1.91108503529269900D-02 -4.29633111529740600D-01  4.08913467696085700D-03
88 31  2.16663946043052600D-01  7.33057718922213700D-04  1.21563508652899800D-04 -8.54621227573700600D-04 -3.04658371843640000D-04
88 32 -3.67991414559251900D-04  1.51163513165108100D-03  3.71591999620534200D-02  3.15612522805579100D-03 -4.03153251901092500D-02
88 33  8.54008912387536900D-03  4.96697175679892300D-02 -5.56415160073643000D-02
89  1 -1.12946451710101600D-02 -4.93228292411007100D-02 -2.46819984932081700D+00  4.93575624759873000D+00  5.08857143906585000D-01
89  2  4.15012848620109500D-01  1.93291581628763800D-01 -4.86367850174983100D+00 -7.53653393679068300D+00  5.63534364080602800D-01
89  3 -1.47128382708343500D+00 -1.07636804265558700D+00 -1.56859237912904200D+00 -1.26194527496288200D-01  2.22413368011470000D-01
89  4 -9.62188405151834500D-02  1.67687899021268800D-01 -3.09397581081565400D-02  2.28765821050678500D-02  1.64721248967554800D+00
89  5 -3.25187066031010200D+00  1.60465817063455200D+00 -1.60373986569763100D+00  1.52593103207566900D+00  1.70615171782027900D+00
89  6  2.00940822427554300D-03  5.89254074159914500D-02  1.71612046654394200D+00 -1.30388239741331900D+01 -7.17490707100012900D-02
89  7 -1.13396015141392500D-01 -2.49967233791887100D-01 -2.12760583312829200D-01 -1.82750666334546600D+00  9.61198221049532900D-01
89  8  1.26109261410568200D+00  2.43732294540016300D+00  1.31517422936815100D+00 -2.28870547968794700D-02  2.95142545183730700D-02
89  9 -6.62719972149305000D-03 -6.45790737530457400D-03 -1.73664981400456200D-02 -7.39435437334598700D-03 -1.72908606437320500D+00
89 10 -3.73417163676376000D+00  5.46325770113697100D+00 -2.01965607011950000D+00  3.49065313043005600D+00 -2.30449400590368800D-01
89 11  1.79637665010154700D-02 -1.53485691956900400D-04 -4.39975889452032300D+00  7.19534416445362000D+00 -2.76003044966656800D-02
89 12  9.25208412921005200D-02 -1.11335422922158500D-01 -3.79694367523899500D+00 -3.41953325490296100D+00 -6.41749248847680300D-01
89 13  8.18208533928363600D-01 -1.01945577563238100D-01  1.15815284072249900D+00  1.77938845310264200D-02 -2.58263124566268900D-02
89 14  8.03242792559919600D-03  3.34402239094122300D-02  9.35463511664144200D-02  9.69104421205372300D-03 -9.46746664049704000D-01
89 15 -1.80238910603801200D-02  9.64770555110083900D-01 -1.65932822362875000D+00 -1.38481250086748100D+00 -1.68203876607753100D+00
89 16 -2.43466420099017900D-02 -1.05992042190906700D+00  4.58537535366000200D-01  3.74443578931844800D-02  1.60351089471113400D-02
89 17 -4.41845582510536500D-02  6.41403478182376100D-01  8.48639533989930600D-01  6.81754305627933100D-02 -8.96230054817956600D-02
89 18  5.88728184614617700D-02  1.29082582673873100D+00 -1.53528047357823700D-01  5.47719872491739700D-02 -6.05133166794739000D-02
89 19  2.44383955439691700D-01  1.03091578941445500D+00 -5.69404883100010000D-01  3.31239701719323000D-01 -3.91886370549228500D+00
89 20 -1.88586224478896200D+00 -9.22701302039006400D-02 -2.38778813215547100D-01  4.69233150565439300D-03  2.88272782305002400D-01
89 21 -1.64327690050982600D+00  1.10104210377581700D+00  4.34248794013587000D-02  1.40812819866741500D+01 -8.81765059261232900D-01
89 22  2.34674417348764400D-03  5.37804335404344700D-02 -1.95505003748446200D-02 -1.33950708418263000D+00 -4.25418795057939000D+00
89 23 -8.83719194394778400D-01 -2.92647112164898900D-03 -7.60800917386960400D-01  4.42962111330553300D-02 -2.02473347399480500D-02
89 24 -1.55277246554720000D-02 -2.88363608523307400D-02 -1.88177885587425700D-01 -2.80058933091934600D-01 -8.96173137464024600D-01
89 25 -6.25018290518387200D-02 -2.57826832370201200D+00  4.69823887407066100D-01 -1.05868768225413300D-02 -1.00883401623119200D-02
89 26  3.86607528179042200D-02 -1.23985830712338800D-01  1.50958376745475600D-01 -7.29826368964456100D-01 -9.61386188416002000D-02
89 27  1.74409128572662000D+00  2.56074728272433200D-01  3.96108970258834200D-02 -3.57156376885626300D-02 -2.46635554886233700D-02
89 28  7.95832979991703400D-01  3.30242711216611600D-01  6.08619306496263500D-01  1.68975087554065300D-02  1.12824033517832600D-02
89 29 -3.34482874035287000D-01 -5.82652439254556000D-01  1.81175753802362100D-04  3.03221002703200000D-02  1.96411150265576700D-02
89 30  1.24657068174437700D-01 -5.77629457778989200D-02 -5.68216499393509000D-02  2.36349869307174100D-01 -1.38961788590070500D-02
89 31 -8.79282315860256400D-02 -1.08522520262751800D-03  2.36448027586439200D-03 -1.27925507323552300D-03  4.21358504801332900D-04
89 32 -1.42308873009279400D-05  5.68119108676688600D-04 -5.60603958932873000D-02  1.88601260996285000D-02  3.72002697936587600D-02
89 33  8.96930704870731900D-03  1.29432472665432500D-02 -9.75017145606345400D-02
90  1 -8.35376443639635100D-02 -2.06954456439295400D-01  2.61778041011985000D+00  3.67514747531872300D+00 -2.58000526988226800D-01
90  2  1.84457133919480500D-02 -7.98960490981683200D-02  1.49496412340458500D+00 -6.48972154728994200D-01 -1.04800062763864400D-02
90  3  5.62595904181151200D-01  3.90788513305085800D-01 -7.31311088152711000D-01  1.11374222225998600D-01 -3.98659012774379800D-02
90  4 -7.15083209485625800D-02  3.33873365701557700D-02  2.69800447868916900D-02  4.20408404985334200D-02 -1.11242891963906800D+00
90  5 -1.84824722766918100D-01  1.29725364240598800D+00  5.33682119571382200D-01 -1.28044487735799900D+00  9.22052216874119000D-01
90  6  4.75496839750903600D-02  1.08188719379427000D-01 -1.38071655509796200D+00 -3.26394733059035900D+00  4.62870137181780900D-01
90  7 -3.80636310574730100D-01 -4.64618506528129900D-01 -2.03057616572363500D+00  2.59538130330214900D+00  5.38829244092253700D+00
90  8  6.25468082192507500D-01  1.24724795577982100D+00  1.68413989515075200D-01  5.54960007592619600D-02  1.27392777964153900D-02
90  9 -6.82352785556763100D-02  1.07937053002687300D-02 -3.06148026175731000D-02 -7.04869504704936800D-02  1.61390117687479100D+00
90 10 -8.43768366861832300D-01 -7.70132810012957600D-01  2.05206982348453900D+00 -5.60826936235540400D-01  4.43892116331170500D-01
90 11 -3.09450234347912800D-03 -1.96168318199222500D-02 -1.17498451025060500D+00  2.18368182719200500D+00 -1.57823571078100000D-01
90 12  4.41778242579119700D-02 -9.32165488852800400D-02  4.56303749242355900D+00  1.28582329427588500D+00  3.10855065602663600D-01
90 13  4.73231959133771400D-01 -5.21625724507966600D-01  6.20005296178072700D-01 -2.73573507217048700D-02 -2.43563375884948700D-02
90 14  5.17136883102003500D-02  2.77832340480554300D-02  8.12355414827844200D-02  1.36271330166188300D-02  3.82190923128361600D-01
90 15  9.08124666312648000D-01 -1.29031558944101100D+00  6.49343752835215100D-01  1.22949963961974200D+00  8.22008074535556100D-01
90 16  1.81290321514313400D-01 -4.35676820053399900D+00  4.06497782476289100D-01 -1.75825961582464600D-02  3.91500219433434200D-02
90 17 -2.28353893190258700D-02 -1.22159505528097600D+00  5.35451141898307100D-01  6.36480753644260700D-01  2.51437413736974700D-01
90 18  1.28124988900797400D+00 -7.35906709810636200D-01  1.47650634123305600D-01 -6.53227994266354600D-04  1.73227886328192700D-02
90 19 -9.84208635032363400D-01 -2.56823635375678700D-01  2.14500509441039100D-01  2.76380287330311900D-01 -1.82479113312969300D+00
90 20  2.45021905933287700D-01 -2.60106592476697800D-02 -2.27960930957677100D-02 -4.01814546297520500D-03 -8.41427129789166100D-01
90 21 -1.72912624636925600D-01  6.48121239371507000D-01 -2.22279074873111000D-02 -4.12659460004133100D+00 -1.01070905988700000D+00
90 22  6.97528558905434300D-02 -6.61078712338075300D-03 -1.51211236977657300D-02 -2.83188941971248200D-01  1.42834441916027500D+00
90 23 -6.59888241061672400D-01  4.74483085864910900D-02  3.29042005711189400D+00 -1.30757975222913200D-01  3.33077952564174000D-02
90 24 -1.61319104863935900D-02 -9.73561725186941600D-03  5.21601727782794300D-01  1.65093667562635900D+00  1.03442030043053500D+00
90 25  1.33868885330430200D-01  1.66727986444578500D+00  5.98927965493316700D-01 -2.10631307084214200D-02 -6.90890924152011000D-03
90 26  7.46337963031134800D-05 -1.91294537649526900D-01 -4.82891940603770200D-01  2.38991788004687300D-01  6.74152680760843800D-02
90 27  2.48720147189422200D+00 -1.04819004176192200D-01  4.00719029010733800D-02 -6.68410720821064300D-02 -9.86986547555648900D-02
90 28  8.75401945288282200D-01  7.70544210802726800D-01  8.55644657814966600D-01  1.61404870909570300D-02 -3.26798696617815400D-04
90 29 -3.60113874035713500D-01 -1.65708251769943200D+00  4.02329302794816600D-02  3.36018898760756400D-03  6.47615545060708500D-02
90 30  1.93852107782907100D-01 -1.18891265172682200D-01 -1.46365655712849100D-01  3.99875998557306300D-01 -2.38649419548178100D-01
90 31 -3.64814561140811900D-01 -3.20105455490307900D-04 -5.97142920493791400D-04  9.17248375982765500D-04 -2.12188554501561400D-03
90 32 -1.18733923108438300D-03  6.29781967216140800D-03  6.49629306691612300D-03  6.44033859189628300D-02 -7.08996789858789000D-02
90 33  3.44171183069769500D-02  1.02955545432014900D-01 -2.57662074307162200D-01
91  1 -1.66996036400100200D-01 -4.07480013136522700D-01  4.02161189676201800D+00  6.45149059281009700D+00  1.56796564857497100D-02
91  2  1.23041166513464300D-02 -1.58998705416296200D-01 -8.17732235855888200D-01 -7.29007162276043100D-01  4.69090242583995500D-01
91  3  2.19362925659600700D-01  1.28427183841803100D+00 -7.61513557850551500D-01  1.34997586173651400D-01 -5.87151041127759300D-02
91  4 -7.62824820608759800D-02 -7.08414544433799400D-02 -1.19090665091414800D-02  1.88203132286872500D-01 -2.66965065951902100D-01
91  5  1.53285668384413900D+00 -1.26589161789223400D+00  3.59971712835086400D-02 -3.66115270693023000D-01 -1.32764707564948900D+00
91  6  3.95931732179996500D-03  3.50052270917108500D-02 -1.96804427036839900D+00  9.34523152611971900D+00 -2.59550159461970100D-01
91  7  3.26800190793215900D-01 -1.02190316164824300D-01  2.88978954166038000D+00 -1.34014390204450300D+00  1.28531826598077600D+00
91  8 -2.23285364138467700D+00 -1.90652040290820300D+00 -3.33292363944358300D+00 -1.98602178571547100D-02  3.67020927308177600D-02
91  9 -1.68418748736603100D-02 -7.88585291234977400D-02 -1.46674885969514500D-01 -3.12078234063171100D-02 -3.61864986954775900D-01
91 10  1.44810256655546900D+00 -1.08623757960069200D+00  5.27682924273560200D-01 -2.83451749239100600D-01  9.25899406520454700D-01
91 11 -1.63638819722018400D-02 -4.60493825454649100D-02 -4.55287077511072500D-01 -1.31258722718589000D+01 -1.56389583191723600D-01
91 12  8.82539612964828200D-02 -4.52963235444844700D-01  1.39089404930207200D+00  6.35742186226365800D-01  5.23933722185277100D+00
91 13 -1.74304044453416200D+00 -7.51321114434379000D-01 -1.54758987782363600D+00  6.80732841423738500D-02 -6.61094286499584900D-02
91 14 -1.96385549241835900D-03 -1.69880913899923400D-02  4.43134542203207200D-02  1.28064611721094800D-01 -4.46676776318936900D-01
91 15  3.50145483941054900D-01  9.65312923778841700D-02  7.52615997502544800D-01 -7.91397183144918900D-01  6.04470366286030800D-02
91 16  5.59935496266608000D-01 -9.03465343727110300D-01 -5.01926305659319500D-01 -9.78622132944961300D-02  1.05365019484376000D-01
91 17  9.71883005766344100D-02  5.04173826403341500D-01 -4.98348648143431600D-01  2.64655799735143200D-01  5.79696953100544100D-01
91 18 -1.44428503427571500D+00 -3.29900727465667500D-01  1.43176616376149500D-01 -1.26850384845258000D-02 -1.98159549813110100D-02
91 19 -1.86901412483127400D-01 -9.39737531114714200D-03  4.01313348558594700D-01  2.44665969742834800D-01 -6.33429773243162900D+00
91 20  5.19769048081116900D-01 -4.18285499650947500D-02 -4.13919773875050300D-02 -5.61633495134457000D-02 -9.65232609333236100D-01
91 21 -1.37733164200466700D+00 -8.39974869413584800D-01 -2.73376902258053800D-02 -3.81300805500263100D+00  1.20543008320921400D+00
91 22 -4.56797077430897800D-02 -6.73111747780912500D-02  3.21496119740504000D-02  8.58407912982030200D-03  1.21345729794114200D+00
91 23 -8.51959797264858800D-01 -1.16129035009838300D-01 -4.06454311848113500D-01 -1.02134104928085200D+00 -1.44156695902401300D-02
91 24  3.22614729388928400D-02 -3.06631648213606900D-03 -6.06601717689120600D-01 -6.32412753272486300D-03 -1.56317716394953500D+00
91 25 -1.31278594632090900D-01  6.59000641479229800D+00  1.39496872659788400D-01  1.00969156927204800D-02 -9.16812601187756100D-02
91 26  9.62561349998127300D-02 -6.05760078726545700D-01 -1.50429671830156200D+00  1.37074850623927500D+00 -2.09212796435217000D-01
91 27 -7.42704164419358500D-02 -2.49007419861148100D-01  1.93978239415422500D-02  1.09850844049196200D-02  6.94845938192209700D-02
91 28 -5.41593148299506700D-01 -1.04038375551781600D-01 -3.52337893832057000D-01  3.34892707822454400D-03  2.94986737033574200D-02
91 29  1.60572255244201400D-01 -9.58377115247404800D-02 -3.16714024528824800D-02 -1.67724439510031700D-03 -1.40149549217288400D-02
91 30 -2.95219183933196600D-02  2.39422900036799700D-02  1.89158022236354100D-02 -2.00242589664148000D-02  4.59154161596645800D-02
91 31 -1.40160075145562400D-01 -3.38111524268084400D-03 -1.51324775722841100D-04  3.53244001840232200D-03  1.36793620369353000D-03
91 32 -1.97859476875427000D-04 -1.76744125889476300D-03 -7.59591860005421800D-02  2.64855694877308800D-02  4.94736165128111800D-02
91 33  1.24829601650449100D-02 -1.05886621022204500D-02  5.68231549460205400D-02
92  1 -2.42440123558493100D-02 -3.56355783271074700D-02  1.70126718632958900D+00  4.65421110321024100D+00  2.91504636145508900D-01
92  2 -3.85387083417998800D-01 -4.08527993887276700D-01 -2.58399487341310100D+00  3.79861324955788500D+00  1.15531214435428400D+00
92  3 -8.25880962410713600D-01  1.98796045442843300D+00 -4.09905517653982100D-02 -8.34616152283897000D-02 -2.79516017780890600D-03
92  4  8.62567754061971500D-02 -2.06701151553333000D-02 -1.16318819668162100D-01  5.49689181807519700D-02  3.27765583452948900D-01
92  5 -4.84738972466586800D-01  1.56973389013638600D-01 -1.00335568167201800D-01  1.49680868484115100D+00 -5.80901452980193100D-01
92  6 -1.96302155421817000D-02 -6.84848931682663800D-02  2.49778800591417400D+00 -1.86846789438572400D+00  6.77412122745229100D-02
92  7 -3.25128149091423200D-01 -5.47086281205634900D-02 -2.23667305337177500D-01  2.37196293919682400D+00 -1.86764529615310300D+00
92  8 -4.39620085259153200D-01  1.69479273170411400D+00 -1.52372185270227600D+00 -5.08215734299115200D-02  7.00795270511224800D-02
92  9 -1.92579536212135400D-02  5.45206666870643100D-03  1.44753380816545600D-02  6.81479273579992000D-02 -2.70385931563173400D-02
92 10  2.13514850264989000D-01 -1.86476257108675500D-01 -7.31073987403574300D-01  1.04137792968574700D+00  8.55315915119170700D-01
92 11  2.50720220472492000D-02  3.55263536120353000D-02  1.59562689865106800D-01 -1.12142899760331000D+00 -4.12072672355963500D-02
92 12 -2.05588412555752700D-01  2.41317284652792000D-01 -2.19261529520361100D+00  1.15792256520022800D+00 -2.42860103683850600D+00
92 13 -3.94018349689442100D-01  9.92902860933238000D-02 -1.06962928077395900D+00  5.76845870839443700D-02 -5.83110771964419500D-02
92 14  6.26490112497241500D-04 -1.01774018985304900D-01  1.81410755866582900D-02 -2.13684193758688900D-02 -3.46653759577892600D-01
92 15  2.80869982889440900D-01  6.57837766884488600D-02  7.05461981263496000D-01 -2.21168247598954500D-01 -5.70348774038392700D-01
92 16  1.35045421307525900D-01 -3.78855296399595700D+00 -1.64567525340229600D+00 -9.20882715767262500D-02  1.08228070232199900D-01
92 17  1.51306188974709800D-01 -3.07768370242081400D-01  1.19919923162412500D-01  8.99523392655343000D-01 -1.13956039391912500D-02
92 18  7.77445883866403700D-01  9.26133082352021100D-01 -7.56309598765259100D-02  7.26290418848544000D-03 -1.80461378010603700D-02
92 19  2.39951064416832100D-02 -4.52420545570553300D-01 -1.40510265143048600D+00  1.34657456478156800D-01  3.65745305499792600D+00
92 20  1.56593953689201600D+00  1.81248402811407600D-02  4.38358654619184700D-02  2.23232072445563800D-02  1.03322686361196900D+00
92 21  6.12541938881013800D-01 -4.42696206980079600D-01  4.35288199947674700D-02 -3.31842271498751600D+00 -1.00412753343491600D+00
92 22  3.44688431159463100D-03  1.07439886049635200D-01  4.07185059494489300D-02  1.11912057484557600D+00  7.00563467566212500D-01
92 23 -5.81825370497765100D-01 -3.92162513460158900D-02 -1.19688143113913500D+00 -1.04830907465408500D-01  4.66559074008611900D-02
92 24  7.66266135919996500D-02 -2.42617009662327900D-02 -4.05841273108800400D-01 -2.60907476692342800D-01  8.92604538832827400D-02
92 25 -4.83221174213451000D-02 -4.24786759782274900D+00 -8.96307422286455300D-01 -7.79001232287230600D-03  3.98801828183296100D-02
92 26 -5.21112047952009700D-02 -3.99139161624430700D-01  6.64788528006268200D-01 -9.49005247267823800D-01 -5.84409134943897700D-01
92 27  4.60870671079880200D+00  1.72214482379298500D-01  1.42046596360098400D-01  9.63471207808853800D-03 -1.13304653670919800D-02
92 28 -1.58153917457210200D+00  9.15219124945651200D-01  1.17318579065132400D+00  1.99757097231910700D-02  4.41788678997159700D-02
92 29 -8.42323659117601000D-03 -4.62635842954432900D-01 -6.91066506388710000D-02 -3.95345491665879700D-02 -7.55294300536479400D-02
92 30  2.07510130298541500D-01 -7.50035950096081800D-02 -1.03509886176794200D-01  4.21560308021467300D-01 -2.19688041797281600D-01
92 31 -1.04513026201883400D-01 -5.19397332224996600D-03 -1.00840265021010200D-03  6.20237597245836100D-03 -2.37539629222992300D-03
92 32 -5.64913512653735000D-03  3.16332563336600100D-03 -2.72291003271713600D-01  1.97175966787327200D-01  7.51150364843863700D-02
92 33  3.25741843314666200D-02  3.38287557028100900D-02 -9.13932912726027800D-02
93  1  1.82298736809853200D-02  3.24581291087811900D-02 -1.14249194922229500D+00 -2.50114353159254400D+00 -2.34085755235499100D-01
93  2 -2.67749953009381300D-02  1.31010799956288100D-01  2.19901108671112800D+00 -1.03927725832373800D+00  1.51234336649760800D-01
93  3  9.44609254641631800D-01 -7.86744068217457700D-02  3.72897156288875400D-01 -3.25908533390876500D-02  5.12357510691465900D-02
93  4 -1.86448977300596100D-02  2.17837762395812700D-02  1.31171592061880600D-02 -2.74693435515552600D-03  7.85467129175808100D-01
93  5 -1.49694532851376800D+00  7.11478199337965300D-01 -7.13301457434324600D-01  1.04940333102345400D+00  1.13591754151104900D+00
93  6  2.46535384502905300D-02  6.26439427962225700D-02 -3.70488697969206600D+00  4.69168054076930700D+00 -4.61529957600647000D-01
93  7 -1.40784905594768900D-01 -1.16874860483588900D-01  5.94035839762204100D+00  1.64964506334904800D+00  7.62584382362608600D+00
93  8 -1.30212507267087700D-01 -9.40970053680983500D-01  9.62215098778733200D-01 -6.30692603426969100D-03  1.13486010482426400D-01
93  9 -1.07179084448153900D-01 -1.64195599605490700D-02 -1.26810705334770700D-01 -1.92835869177857000D-02 -7.58850251379927400D-02
93 10 -3.06806288480273500D-02  1.06565653986019200D-01  1.47977349081118400D-01  1.25656694451332200D-01  9.63878043586029700D-01
93 11 -1.92469498740970200D-02 -3.84693253622443000D-03 -7.91811555853230500D-01 -4.33209417226304800D+00 -5.04004287132266100D-01
93 12 -5.71432417973848400D-01 -2.41740850519692500D-02  7.69859045367736000D+00  7.06589708419868400D+00  4.19899522508297900D+00
93 13  1.32964956467658600D+00  2.19407423825875100D+00 -6.67085452299999900D-01 -7.90443491767034200D-02 -1.04273079329017100D-01
93 14  1.83317428505720000D-01 -8.54002902485241900D-02  1.42372883847151600D-01  1.94099149504436300D-02  6.03320794559350200D-01
93 15  1.34247160301651400D-01 -7.37567954860999900D-01  1.02465357082023300D+00  3.31955945671253600D-01  1.37420773422143900D+00
93 16 -6.85586257103627500D-02  1.00940958242335200D+00  1.94888340132813200D-01  4.34798633904903000D-02 -2.18496886695424700D-02
93 17 -6.00087680158735300D-02 -5.93708837353841400D-02 -2.43569027858233600D-01 -3.45018101880237300D-01 -1.39299475026180500D-01
93 18 -6.07207694717887000D+00 -7.23557129894858100D-01  1.30538586266535500D-02  1.51674936858904400D-02 -1.09048539398507600D-02
93 19  1.65659312018096600D+00 -1.27894275521575500D-01  6.04532167262111200D-01  4.23149716240597100D-02  3.71977010605957500D+00
93 20  1.45939591722081300D-01  8.64576323281342900D-03 -5.10265387374409600D-03 -2.67206394166393300D-03  5.95031079659881000D-01
93 21  7.73227029144829300D-01  1.11690064719440900D+00 -7.56876721318282300D-02 -5.34797598767482400D+00 -4.41854185265517800D-01
93 22 -1.06069742313719600D-02  7.06926883444746900D-02 -6.82926023659595700D-03  2.32224977585141600D-01  1.67284548635369300D+00
93 23 -7.63115814836260000D-01  7.27337623894391500D-02  1.26845705045494700D+01  3.10335082309456100D+00  1.52154607958709900D-01
93 24  1.71123119816707000D-01 -4.13183739371585100D-02  2.43889623694596900D+00  2.16664696435067300D+00  1.95366352253142100D-01
93 25  2.05306009636204900D-02  1.18294759167979700D+00 -1.13269202610369300D+00  1.67427652843850200D-02  7.73980067228179800D-02
93 26 -6.74495945444523900D-02 -1.03604552490221100D+00 -1.13917302342326100D+00 -4.48716533959466000D-01  8.82122007494480500D-02
93 27 -2.36583261447702500D+00 -7.09075533893128700D-02 -5.74940053025402000D-03  4.69214389392521400D-02 -1.15609499401350200D-02
93 28 -1.30415112182220700D-01 -6.93498842101978900D-01 -3.91911374762205400D-01 -1.63367855162473500D-03  1.91841019288563200D-02
93 29  1.66899898448917400D-01  9.15160550485360500D-01  5.55671214755618100D-03  2.71232087722903300D-02  4.13260608227576400D-02
93 30 -1.28525891577058500D-01  7.11421102512223200D-02  4.37579823569168400D-02 -4.45097305686299100D-01  1.35833968809203800D-01
93 31  4.89559874065651500D-02  7.73197096576110200D-04  2.14619500720566900D-04 -9.87816597297248900D-04  3.48984685806793000D-03
93 32  3.19648300651398700D-03 -3.45159263571849100D-03  8.63935885169573200D-02 -4.51390845674751500D-02 -4.12545039494821400D-02
93 33 -6.40696103752801700D-02 -8.73182728404543800D-03  8.64224377663971300D-02
94  1  1.63198851757061700D-01  3.09017539856808100D-01 -6.58767537732445000D+00  3.54596957169414100D-01 -1.35149420717177700D-02
94  2 -9.73750168427342200D-04 -5.18718389817796200D-01  6.79930127574334700D-01 -5.03763615074347100D+00  1.44536436665464500D+01
94  3 -1.54169600375247700D-01 -6.51988512455151900D-01  1.61104905478210900D+00  2.23436238907297600D-02 -4.02057941772275100D-02
94  4  1.78621702864944000D-02 -3.02907091803357700D-02  4.74574400623836400D-02 -2.84408478935407800D-02  1.64188041673972100D+00
94  5  7.30436695949510200D-01 -2.37231711268922500D+00  3.01258344965610500D-01 -4.41514538466069300D-01  2.83634006137665300D+00
94  6  1.02832710696123000D-03  1.24333562838290500D-02  4.18522630226251600D+00 -1.35254998714265100D-02 -2.37885765187978800D-01
94  7 -1.02028188328456500D-02 -4.50946260412211400D-01  6.62342236020212600D+00 -3.22969123220998000D+00  1.61778977599503000D+01
94  8 -4.58483837214025900D-02 -5.31512114470744600D-01  1.60999414644792600D+00 -6.81493957528758000D-02  1.79630403032395400D-03
94  9  6.63530917225505500D-02 -7.05303322040719300D-03 -3.07677971121231300D-02 -2.18023770696573900D-01 -1.76286880589111500D+00
94 10  1.27070281037616200D+00  4.92165995514951900D-01 -2.37662518283128600D+00 -2.12424787750243200D+00 -4.56232328295533800D+00
94 11  7.08043790433113100D-02  1.46298925807618900D-01  7.91397642312445400D+00 -1.71339708704647800D-02 -3.51380174952068500D-01
94 12  4.22923952165679700D-01  4.72049726467774500D-02  7.86044093971512900D+00 -1.35723126022811000D+00  8.37593152375037200D+00
94 13  1.53098127530169500D+00  2.81494734705777800D-01  7.65250398236969700D-01 -1.24822314820616100D-02 -1.71601055960064300D-03
94 14  1.41982420416648600D-02  1.63265037488799800D-01  8.24171261479067100D-02  1.07691680310468000D-01  1.59796675222340800D-01
94 15 -9.84118480172566300D-01  8.24321804950221400D-01 -1.44286407283866000D+00 -2.79911480914705200D-01 -6.34660186656831200D-01
94 16 -4.99817455704749200D-01 -9.13026525013909500D+00 -1.10004218510354600D+00  1.57556490392742400D-03 -2.10514770001103200D-03
94 17  8.53139663189896700D-03 -1.10276348711951400D+00  9.20493674190047900D-01  2.12128997677981600D+00 -2.59898112043170800D-01
94 18 -4.92161020027927400D+00 -2.61193996919907900D-01 -4.45935212166109800D-02 -7.34716376287072800D-03  4.27532518840625400D-02
94 19  1.38829924899965200D+00 -1.10521161810504100D-01  1.63642395809576100D-01 -3.70054371323750000D-01 -1.63202363564834200D+00
94 20 -9.78848883807832300D-01  4.57517889245579300D-02  8.97803708367316700D-02  7.26600098463862400D-02 -1.00861527463160700D-02
94 21  8.61678253358691000D-02 -6.02868079377085100D-01 -4.69421166656789000D-02  1.49224533297185100D+00  3.84903719709701500D-01
94 22  1.93662349456665000D-02  3.24889644977703500D-02 -6.72671270480270900D-03  3.79372942617928800D-01 -7.03666720331835100D-01
94 23  4.10641018402869500D-01  7.54883349913949800D-02  5.89334080322731900D+00  1.46496619922485700D+00 -3.39198878924407800D-02
94 24 -6.18071027043172300D-02  4.96864041415347200D-02  3.33669926728052700D-01  1.47078988644287700D+00 -1.71439838426926100D+00
94 25  1.87661860343415600D-02  5.69774548586544100D+00  5.04933053873989000D-01  3.66225032892015500D-02 -7.11226871538215000D-02
94 26  4.14157444376964300D-02 -3.67015150418782000D-01 -1.04565765512983600D+00  1.70456590606020000D+00  1.07241460442065600D-02
94 27 -2.01739586335562000D+00  1.45990590870290500D-01  1.75795117088013400D-02 -7.33035753280518000D-02 -3.27585564704721400D-02
94 28  1.70921151601081900D+00 -5.56731271042392600D-01 -5.19207866902020600D-01  3.61179845095733700D-03 -6.56772074934703900D-03
94 29 -2.00450377158606400D-01 -5.76040830489631700D-01 -2.45842915369441300D-02  4.16232710402420400D-02 -3.06509669845632500D-02
94 30  3.30614730351878100D-02  1.69980405803882200D-02  5.65782283040093800D-02  1.48007289629557400D-01  8.91227874703482000D-03
94 31  5.42754246121411100D-02 -2.42303404362618000D-03  3.95790175400421400D-03 -1.53486771037754200D-03  4.07108634293462000D-03
94 32  1.45957835670220900D-03 -2.22916401240281300D-03 -3.81455601326691200D-02 -1.49544336866382400D-01  1.87689896999051500D-01
94 33 -3.27551881296177200D-03  2.49520587522896000D-02  8.90791506026143700D-02
95  1  6.61536613961301000D-02  1.08631145608293700D-01 -2.27311661410621400D+00  6.51782214743943900D+00  4.03850936819813000D-02
95  2  1.30621473266485200D-01 -3.45921599182304800D-01  1.12711225133180900D+00 -4.36906294306406200D+00  1.01366195366403200D+01
95  3 -4.58305789109717900D-01  3.13457767155404900D-01  1.89620458014284300D-01  4.02855524044308200D-02  1.02550882769140600D-02
95  4 -5.05406406813495200D-02  1.90661029183580000D-02  6.38941613501440200D-02  6.33574705715976400D-03  9.32890379082382100D-01
95  5  1.39269490267608400D-01 -1.07215986934998900D+00  5.67603838410429700D-01 -1.06511151205582500D+00  1.81023930436998500D+00
95  6 -4.37207788132602400D-02 -1.11543231742025400D-01 -3.00602517806646800D+00 -5.74560873914335800D+00  8.25750659983876300D-02
95  7  1.62345862709521800D-01 -2.50073750104032200D-01  3.80630788180360200D+00 -6.99314703639040000D+00  1.38632587478648400D+01
95  8  1.07279396311807000D+00  2.27059896892772000D+00 -9.34320822272521900D-01 -9.58732590407461400D-02 -4.96950702115328100D-02
95  9  1.45568329252275400D-01 -1.31191888899468200D-03 -8.37006152435645500D-02 -6.57908727440554600D-02 -8.93399866244182200D-01
95 10  1.76988585695880700D+00 -8.76485990714627200D-01  1.15687151601682300D+00 -1.78741806602913700D+00 -1.26571508184081800D+00
95 11 -1.19097707734865000D-02  5.21943705794669600D-03  8.21886228673194600D+00 -1.44474185929840100D-01  5.78083028359487000D-01
95 12 -5.86846337618006400D-01 -3.74842082431381100D-01  1.35310549204963400D+00  8.36446502144555200D+00  5.77098527882251700D+00
95 13 -1.41983596253171800D+00 -6.19003806051352900D-02  9.38648309364089300D-01  6.89013155257485700D-02 -2.39179318700356800D-02
95 14 -4.49833836557116200D-02  2.76963645400281100D-02  5.41718403981506400D-02 -6.69946669325076800D-02  6.23228830966628000D-02
95 15 -1.89877269310040000D-01  1.27554386213375900D-01  2.20723377206372800D+00  2.02976393320926300D+00  2.33910048316164400D+00
95 16 -3.54422376444659000D-01 -6.31378405808589600D+00 -7.33891005974375700D-01  1.86942607596140700D-02 -1.18219225257806400D-02
95 17  1.40409224669624500D-02 -9.97750305087263400D-01  1.08598484285404300D+00  8.34652388174186600D-01 -1.32568804711694800D-01
95 18 -3.17282456742639700D+00 -1.44746066923353000D-01 -1.81972793223102700D-02  1.95859955777933000D-03  5.40273991703099400D-02
95 19  9.05235574053827400D-01 -1.97479021300420500D-01  1.06257929662969700D-01 -1.28837542853092000D-01 -3.56715614780748100D+00
95 20  4.41122838350571100D-02  7.40686709848490900D-03 -1.03131760402401400D-02  7.10820788583527800D-03 -2.57645508348355200D-01
95 21 -9.89464537800307300D-01 -5.19133198882428300D-01  2.72551090844686700D-02  2.75158646155453900D+00 -1.01828811674863500D+00
95 22  1.18348232139495200D-02 -7.62154655011599000D-02 -3.24941793399862100D-02 -9.34194678766880000D-01 -1.07421106750438300D+00
95 23 -4.19352630888612700D-01  1.14273784266616000D-01  3.01721495307855700D+00 -5.34270081588218500D-01 -2.63352334179875000D-03
95 24 -1.75199812925563100D-02  5.11496665736325000D-04  1.50600140041751300D+00 -2.42060474244845100D-01  9.34692019099184000D-01
95 25  1.78698382755027700D-01  4.55301392092607500D-01  2.32326530127787100D-01 -3.12588719516457100D-02  4.84991857973057600D-02
95 26 -2.66754960277231500D-02  1.69155064861061400D-01 -2.41847115449838600D-01 -8.60057210444033600D-01  6.85372094886916000D-02
95 27  3.10709596840108000D+00  9.78200902300021800D-01  1.50476852548954200D-02 -3.39302720310620900D-02  4.73135388759051800D-02
95 28 -3.94669771249059400D+00  1.79326827877711700D+00  7.98607109085952300D-01 -2.02322871741354200D-02 -1.94172024985000800D-02
95 29  5.16487091012857300D-01  2.74672590051126700D+00  3.81877694088125600D-02 -7.66448285436902600D-02 -6.02617438155551000D-02
95 30 -8.36344063951851800D-02 -5.03677115678408900D-02  2.64081802356687600D-02 -8.43547907957810400D-01 -1.84407412144222600D-01
95 31  2.17672709553717500D-01  7.24808787840853200D-03  7.05457864492392000D-04 -7.95354574290317200D-03 -6.36259150863569000D-03
95 32 -4.69527098986854100D-03  3.24417213556390800D-03  9.55235777000551700D-02 -2.49516236737797600D-01  1.53992659037742300D-01
95 33  1.71954512512753600D-02  2.65496972619264100D-02 -1.42653769890533600D-01
96  1 -3.06622092493166600D-02 -5.16294583075000600D-02 -4.15535554346979800D+00 -7.46778771898331600D-01 -2.65863627979145800D-01
96  2 -2.32256707311598400D-01  4.89835728228885500D-02  1.51067779635643900D-01 -8.22094527649029200D-01 -7.51058154276482100D-01
96  3  7.74400158421305600D-01  4.79621946625551500D-01 -5.78668669551267200D-02 -1.18501287422352600D-01  1.85402025118098100D-02
96  4  9.99610849105443000D-02 -9.48135552150900500D-03 -1.04045707406118100D-01 -1.29590971053301900D-02  6.41842280349386600D-01
96  5 -1.45796901586894200D+00  8.16126735519557700D-01 -9.16630201834861800D-01  2.11378444973217800D+00  3.77253312198728000D-01
96  6  4.59961090254324000D-02  7.42753176883311900D-02 -2.63978677871948400D+00  5.18375145285603400D+00 -3.18309043492309400D-01
96  7 -4.46470021695042600D-01 -2.96683805500842700D-02  8.34966467491455500D+00  1.03015581690583300D+01 -2.89249635943122900D-01
96  8 -5.95177549559178900D-01 -5.06272376104961600D-01 -7.36209041656475300D-01 -3.59391174059426100D-02  1.62779732065781800D-01
96  9 -1.26840614659839400D-01 -2.21392230755464400D-03 -1.14766012826434100D-02  2.89528915304392000D-02 -2.94611378432001300D+00
96 10 -2.73898501364373100D+00  5.68509879796374800D+00 -4.31896621448263600D+00  6.46810552257046900D-01 -3.38016397774058300D+00
96 11  8.86971476117759400D-03  2.15373615299899900D-02  4.96585489825081000D+00 -4.23916196180902700D+00  3.92353599596533300D-01
96 12  4.18080976847771700D-02 -4.09901623404281300D-01 -2.97098820656493700D+00 -6.21001236176956800D+00  1.04647733347081700D+01
96 13 -7.74257491979590700D-01 -3.61239463604465000D-01 -1.70619012222929600D-01  4.64210852545382900D-02  1.22905408849090200D-02
96 14 -5.87116261394492500D-02  1.87587429851696100D-01  1.07555040158858900D-01  9.84598910744031700D-02 -3.16207849836579100D+00
96 15 -2.29626908328038300D+00  5.45834758164617500D+00 -3.51470978916334700D+00  3.15160680616679300D-01 -3.21393888296990000D+00
96 16  2.58337244380465200D-01  1.65125672557884400D-02  1.15661539663461100D-01  8.32898585149917900D-03  3.80235461624036100D-02
96 17  2.71049335842136800D-02 -3.30688593566769400D-01 -2.76333338631222800D-01  2.99313954155452300D-01 -2.38412263241040200D-01
96 18 -3.16606472933184100D+00 -3.45461795770948300D-01  3.67002898494564700D-02 -1.17582288763771400D-02 -6.36922643048709000D-02
96 19  6.18157004288162700D-01  2.08048005381966700D-01 -1.79735688876762900D-01  1.17518042635514500D-01  4.42640311429905900D+00
96 20  7.62596191331220400D-01  4.30198760873509400D-02  5.12718135421699100D-02  5.00756284164310000D-02  2.90869596991221400D-01
96 21  1.20494740577203300D+00  5.41411296976710300D-01  3.73685321502516200D-02 -3.22814398333125100D+00 -2.22527550288248400D-01
96 22  2.83916593973487100D-02  1.96866780968069400D-01  3.29631184184789800D-02  1.36512275828564400D+00  1.14521992649896400D+00
96 23  9.68853675000084700D-01  1.68405962733255700D-01 -1.66665255995423900D-01 -7.66332229214409900D-01 -1.09247718264031600D-01
96 24 -1.67284410364129200D-01  2.41096472110384400D-02 -1.50872250237368100D+00 -3.85994694067503000D-01 -3.06911451513503500D+00
96 25 -7.03317569677075600D-02  7.82409338269494100D-01  7.21208822706076700D-01 -2.80553175556391800D-02 -9.23017910952117100D-02
96 26  8.32889294034172800D-02  1.11777043038335800D+00  5.45701018842298900D-01  1.15117265348999200D+00  1.03012829257441300D-01
96 27  1.29558245218919700D+00 -2.05643043873701200D-01  1.45873181742465700D-02 -5.04415125607223900D-02 -3.36461728080174600D-02
96 28 -1.56665808423006100D+00  7.94044600139790300D-01  4.94290504458967900D-01 -6.52988104942711800D-03 -3.19929085188170700D-03
96 29  2.32959909795322200D-01  6.18419893658193400D-01  3.26220394048554700D-02 -7.91492691700861200D-02 -3.18629947721283500D-03
96 30 -1.26023816329084300D-02  8.50548076876182800D-03 -3.05285159005246300D-02 -2.02367071392585600D-01 -1.64763736713951700D-01
96 31 -1.75133217399263100D-01  4.27590522177375400D-03 -4.59905678022823600D-03  3.23151558458810200D-04 -3.98475577762998300D-03
96 32 -1.86947200737726100D-03 -5.54000439399924000D-04  9.25979401164311500D-02  9.02488328683360400D-02 -1.82846772984767200D-01
96 33  5.40179722503600200D-02  1.09721049442652400D-03  7.04022980535784900D-02
97  1  3.08290933587471900D-02  7.30394205614973300D-02  6.91031458436389700D-01  2.25699422218214100D+00 -1.41164736159077600D-01
97  2  4.51804787592470700D-01 -2.47982480771943600D-01  2.18627523906233900D+00 -5.94248374849181300D+00  3.93043874059757800D+00
97  3  3.37510638731735400D-01 -1.77358978881312300D+00  1.11855276936438400D-01 -1.28716226420077200D-01 -8.33118486772892300D-02
97  4  2.12028075097364700D-01 -3.95802175126967800D-02 -2.06869451280642900D-01  1.02130485161749700D-01  1.10551134314254900D+00
97  5  4.32825170233969400D-01 -1.53833651337651700D+00  8.74389688718791900D-01  6.05718305346738000D-01  5.21484872192574700D-01
97  6 -6.93205808890556600D-02 -1.37627554622243300D-01  4.70750309331730800D+00 -1.07182940826524300D+01  9.87461240454127200D-02
97  7  2.36770023391373500D-01 -1.50523355269822500D-01 -1.43983371302797900D+00 -6.06514852634824100D+00  4.65822096298345300D+00
97  8  1.38824880006605900D+00  1.51465789969647600D+00  2.88272046881797100D+00 -9.54120401315323700D-02  1.52940946857487700D-01
97  9 -5.75289067259548300D-02 -1.31568407045862400D-01  1.06788769444951300D-01 -6.26136274946257800D-02  4.21251591025295600D-01
97 10 -1.11477828450853400D-02 -4.10103808180209900D-01  1.02105722096533200D+00 -5.74726473619440800D-01  1.46597466651323100D+00
97 11  2.19753095677556500D-02  4.04642949633687900D-02 -6.04668092310675000D-01  8.55572771622143700D+00 -4.34267661412819400D-03
97 12 -2.63757436468785600D-02 -6.55717293218361200D-02 -3.46104427949932700D-01  1.37128392851197300D+00 -2.88452503137859200D-01
97 13  1.29669065870471400D+00  4.61494781408629000D-01  1.87632489353115500D+00 -3.21927538536918900D-02  2.61002916617993600D-02
97 14  6.09246219189386400D-03 -1.20721424847181200D-01 -8.18730780512801400D-03 -2.36010881592413500D-02  4.93416298866989800D-01
97 15  1.29535345148242300D+00 -1.78876975034941400D+00  1.56821085653896700D+00 -7.72598358407795700D-02  1.23623761520807900D+00
97 16  1.83274484906571200D-01  2.01709948413620400D+00  2.10666577051475800D-01  2.47200853389194100D-02 -5.64803664547835100D-02
97 17  4.99312596452386700D-02 -8.91077159496431600D-02  1.28600910281647000D-01 -4.78937404305710900D-01 -6.04161853092198200D-01
97 18 -2.88558689427127100D+00 -6.58476256008476700D-01 -2.58393308357090900D-02 -2.03336007662360700D-02 -4.31306080440654400D-02
97 19  4.92789602726398600D-01  1.72983552741546900D-01 -6.65185475744015900D-01 -4.34108095223438400D-01 -5.93146861754601100D+00
97 20 -1.65603609354489800D+00  2.05404040591811100D-02 -2.70824998654112400D-02  1.71966496600797100D-02 -8.69960017793613000D-01
97 21 -1.25516631622083500D+00 -8.01209442943596100D-01  2.16079754232721200D-01  3.55487754155453400D+00 -3.73685855142713100D-01
97 22 -7.85035878958427300D-02  1.04349192118109200D-02  5.72926228320811800D-02 -5.33622980188217100D-01 -5.11989587341139300D-01
97 23 -1.16622800072430600D+00 -6.87634553427660000D-02 -3.51242115603235900D+00  1.14616795684658900D+00  4.41175415934045200D-02
97 24  3.46557431073339600D-02 -8.31555208491642700D-03 -4.51336213810962200D-01 -3.77799655580360300D-01  6.17217091361020300D-01
97 25  1.88158903136003100D-01  3.15136833721863700D+00  4.05973983954846000D-01 -9.69458927747478300D-03  2.82372191419583100D-02
97 26  5.31036075094421600D-03 -1.54805827150129400D-01 -1.14564795062886500D+00  4.06658100831663000D-01 -1.40524161233564900D-01
97 27  1.02441654051423600D+00  3.96552071488449400D-01  2.97784887845786800D-02  1.38150477204878500D-02  3.07921981072117200D-03
97 28 -2.74663211782578600D-01 -1.14784335189795700D-01  2.96202994155244900D-01  4.06244244624568900D-03  1.53101831623936100D-03
97 29 -6.21397254289913600D-02  1.75025586807150700D-01 -2.11841674087579300D-02 -5.09586362265559800D-02  4.24934021533525500D-02
97 30  6.60358651401142800D-02  5.31148209631212800D-02 -9.29746811730467100D-02  8.52191247321054900D-02  1.99422504629801100D-01
97 31  4.49328613192589400D-02 -1.66003761709990600D-03 -7.94822642471273800D-03  9.60826404180998100D-03 -9.95233985155286900D-04
97 32 -1.51236859820169400D-03 -1.20700455331087300D-03 -6.54090969481740100D-02  5.09120585038726700D-01 -4.43711488090552700D-01
97 33  5.63156405823882600D-02 -4.08204558964102800D-02  9.77749296017004400D-02
98  1  5.67498393569414900D-02  1.69371726218329500D-01  8.90277739368393600D+00 -6.31120517551870400D+00  8.13083421043791100D-02
98  2  3.70068191058173000D-01 -1.89049553816525400D-01 -4.90545830533393300D+00 -1.44734927985708100D+00 -1.01706907606763200D+01
98  3 -7.14855896042321600D-01 -1.75360473947498700D+00  5.20823351493546900D-01  9.22666076337036500D-02 -1.03038608889652800D-01
98  4  1.07720012559496800D-02 -1.22276562243307900D-01  1.62982115488984800D-01 -2.93817965700394100D-01 -1.60770951077164500D+00
98  5 -8.16592876564406500D-01  2.42430238733604700D+00  3.41480796618369400D-02 -2.05930573304271300D-01  8.32590127189433500D-01
98  6 -2.83430289074954200D-03  1.93808343898631500D-02  3.92463033632491500D+00 -2.11627457977540100D+00  1.52636575547455200D-01
98  7 -3.91149973493154300D-01  3.49985978900243500D-01 -5.09324833948304400D+00  7.96734518577958200D+00 -1.42394543781917900D+01
98  8  1.55519437664324000D+00 -9.16939418778251900D-01  4.25760537249114600D+00 -1.42780762599998000D-01  1.95494259211056300D-02
98  9  1.23231336678899900D-01  4.79539491595517400D-02 -1.65703005547053300D-01 -6.78585430859624900D-02  2.69557317906357400D+00
98 10 -4.74280393354360700D+00  2.04723075448002400D+00  3.10268357488214200D-01  4.67134500648815900D+00  5.26737185692345600D+00
98 11  2.29972435506408700D-02  2.09846296171350100D-02 -1.81631127463872800D+01  7.18087420162996800D+00 -1.86263944039026800D-01
98 12 -1.02273855559967300D-01 -2.71095976347397800D-01 -3.95660638617153900D+00 -2.50429259666233600D+00 -5.86907436020969500D+00
98 13  1.57374716184159800D+00  1.52122247661087000D+00  4.29996869082232800D-01  2.29208599034041100D-01 -6.23933607078772000D-02
98 14 -1.66815238326165300D-01 -1.03047429394215700D-02 -1.17752819640916200D-01  7.75302492406931300D-02 -1.69754837398658000D+00
98 15 -1.82618711034158000D-01  1.88016708502073500D+00 -1.21558156506856200D+00  9.65170153611721600D-02 -2.68643279501009800D+00
98 16 -1.55474769630052600D-01  4.31967109024186200D+00  2.25127988819048400D-01 -1.71878699444729700D-02 -1.13259675227046300D-01
98 17 -4.94936952488063200D-03  5.18376594708777700D-01 -2.13515956259480000D-01 -1.84125964050325500D+00  4.87768936999393800D-01
98 18  6.94421757768371100D+00  6.79184056490232500D-02  3.03260915280276800D-02 -1.05898590034196300D-01  1.08241706347839700D-02
98 19 -1.73131489262410000D+00  1.00662033533995900D-01 -3.91449053188807000D-02 -3.47658736316239200D-01 -4.31515078021331400D+00
98 20 -1.15737175739300700D+00 -2.16088803545661600D-02 -3.89504393628893700D-02  2.39411105906091700D-02 -4.64817994823682600D-01
98 21 -1.42575118722680500D+00  1.10592798788767000D+00  9.51190403601395400D-03 -9.61274757671131600D-01  1.75563059518501000D-01
98 22  5.80003696274208000D-02  8.80740107397066100D-02  3.77929994785456300D-02 -3.40236962825698200D-01  1.33220719353223300D+00
98 23 -2.03505557608429400D+00  2.07176674235717000D-01  3.42532255855943200D+00  1.28016561392983300D+00  8.60937718072923500D-03
98 24  3.45988035888238200D-02  4.83585325534508500D-02  3.12135376195808100D-01  9.51280255866576500D-01 -2.83193507750570800D-01
98 25 -3.32039518621931400D-01 -4.46052002762742500D+00 -8.89798756457680900D-02 -1.87370827876227200D-02 -8.94278478527278100D-02
98 26  5.14370267785004600D-02  7.79648960441870000D-01  1.03466550347036700D+00  2.29774785917737700D-01 -4.17514337887200900D-03
98 27  1.11221175031727700D+00 -1.14716076590684400D-02 -6.63442997329205900D-03  1.36635565305196100D-01  3.19968351085253500D-02
98 28  5.36274829446994100D-02  6.97414411341925700D-02  2.65463370957650700D-01  3.14754703920749900D-03  1.85937694268975100D-03
98 29 -8.38826664058088400D-02 -4.07572910047021000D-01 -1.63857392771825900D-02 -3.97453089201855200D-02 -1.98319369891109800D-02
98 30  4.47958462101979800D-02  6.27947767945779500D-03 -7.49270015414130600D-04  1.48576563479519900D-01  8.23655359055028600D-02
98 31 -6.33262167825106300D-02 -1.45652918968727200D-03  6.86275278796307000D-04  7.70253910891665500D-04 -3.86640229480342100D-03
98 32 -1.56661314824293400D-03 -1.68344472592865700D-03 -4.84984079493829800D-02  8.01940499224294100D-02 -3.16956419730465300D-02
98 33  9.30173680011332100D-03  3.21997222399185700D-02  1.62329266018269900D-01
99  1 -1.54819938850647800D-02 -3.52409832125915600D-02 -4.29812992260106600D+00  2.65278349119811200D+00  8.53730735682806900D-02
99  2 -5.45005320230372700D-02  6.20121790577965700D-02 -1.34694502609191600D+00 -1.72973232298081600D+00  2.89713231083820100D+00
99  3 -1.17485983504168500D-01  6.00019451564077700D-01 -4.62551683264353500D-01  1.24613084643560200D-01 -4.70467069169704000D-02
99  4 -7.75663777265903400D-02  2.40823506160198000D-02  7.25284719610228000D-02  2.94719042123787500D-02 -4.60690391058910900D-01
99  5 -3.55766102176736600D-01  8.16456493235647300D-01 -3.09013426456788800D-01  2.76824841989896900D-01  1.07935835106345500D+00
99  6  7.96444692124407800D-03  2.98255001379173900D-02  1.65547279248459500D+00 -4.44872300413067200D+00  2.45036354121818200D-01
99  7 -1.90308652592788500D-02 -2.33449265374148500D-01 -1.68488232676829200D+00 -2.50456519704219100D+00  2.59877733752476500D+00
99  8 -6.90541988344489900D-01 -1.04548835752293700D-01 -7.40743479971174500D-01 -1.07782311070913100D-01  2.57232006017733400D-01
99  9 -1.49449694946822200D-01  1.69436789044282300D-01  5.88322144149429800D-02  1.01006059737155900D-01 -2.79231759128281100D-01
99 10 -2.36788385434792900D+00  2.64711561347620800D+00 -1.86248075664974600D+00  1.33084693021968300D+00 -2.25024529538743800D+00
99 11 -1.45010240587045900D-02 -1.93618516789378900D-02  4.60960191876083500D-01  1.61603574190940500D+00  1.39107136995505300D-01
99 12 -5.16386669776644200D-03  8.47063400301140300D-03 -2.23130702177251600D+00 -3.39915756126555100D+00  1.48497518454094400D-01
99 13  1.24159393614391900D-01 -1.86906657692955000D-01  5.21143439727669000D-02 -6.11940007926224700D-02 -1.03013953559932900D-01
99 14  1.64207954352556100D-01 -1.20215787136093900D-01  3.74341700344684200D-02 -5.75180721996046000D-02  6.65423421901400700D-02
99 15  3.70333697630008200D-01 -4.36876039820147600D-01  3.77334807158947800D-01 -4.10449491635773200D-01 -4.69280448876334100D-01
99 16 -2.29649741158223100D-01 -3.25322464238267700D+00 -1.51197918252701500D-01 -2.46915076778307800D-02  5.56650655185178800D-02
99 17 -6.00608749474102800D-02 -5.50093363036880800D-01  4.67957144981940800D-01  5.49152147573635100D-01  2.72776867984890400D-01
99 18 -1.24203229818861800D-01  3.79645138021361900D-01 -1.69990222767580900D-03  1.57763027847799500D-02  5.14393405022772800D-03
99 19  4.33681500812925000D-01  4.74830654295868200D-02 -1.73854036070342500D-01  1.37921470910875300D-02  1.11228009085468700D+00
99 20  7.93773628800137500D-02 -2.54761723297122100D-02  1.90721163124201000D-02  3.91052565375751400D-02  7.26583095708002600D-02
99 21  6.05018619319259000D-01  2.15568704728026600D-01  5.29552983924504900D-01  6.99665053175841600D+00  4.97840055454366200D-01
99 22 -4.52086940243570000D-02  7.22730568285630500D-02  5.39523561039887400D-02  9.95605952383061200D-03 -1.42245509111072300D+00
99 23  4.08545070148417600D-01 -2.96993390730261600D-01 -4.73307549442095000D+00 -3.06837636856551400D-01 -5.52184156679415300D-03
99 24  6.11611396445770600D-02 -3.67699011889120000D-02 -6.72691294340176200D-01 -6.16776092214170800D-01  2.51730993130486800D-02
99 25  1.62819183558900700D-01  2.60992300195528400D-01 -2.51200844051936500D-01  2.66977887710809000D-02 -2.11483325369780700D-02
99 26 -2.52843313876233100D-02 -4.12630062201826400D-01 -3.72370981287172300D-01 -1.59972441675624900D-01  4.70260325965172100D-02
99 27  1.88368126936525500D+00 -2.11604880738657100D-01  1.05608451737089000D-02 -4.72345274375837200D-03 -1.41428952980564200D-01
99 28 -3.59854359047009000D-01  5.41355509322368000D-01  1.11683692860172900D+00 -1.40483691778778500D-02 -4.67019598655104800D-02
99 29 -7.63401496593495500D-03 -2.38009521353671800D-01 -2.48662649530149300D-03 -1.52401785207797900D-01 -1.21969531524119200D-01
99 30  9.14852006979376100D-02  1.16327000206623800D-01  6.88816519016255800D-02  1.54815959682059700D-01 -7.22952297641233600D-02
99 31 -3.76451083672278300D-01  2.92557767046553000D-03 -4.41824063865937400D-04 -2.48375360659903100D-03 -3.83636679819518100D-03
99 32 -2.31085106763520400D-03 -6.17509284318279200D-03  3.90646899564967600D-02 -2.51142207264260200D-02 -1.39504692300707700D-02
99 33  6.05694027979452200D-02  3.91576781226000800D-01  6.50446885023514200D-01
 0  1  5.44421888859266600D-02  1.46654632325041800D-01  2.30114973010803000D+00  8.26433770059022200D-01 -2.10368663250450300D-01
 0  2  6.33607182468445400D-03 -2.11089628356115300D-01  2.87293617951037600D+00  3.13849070005244000D+00 -1.23245528293289600D+00
 0  3  8.33665068525488900D-01  6.29971245077521600D-01  2.64099364920852200D-01 -2.26138799097411600D-01  2.87171451861850900D-01
 0  4 -6.10326527644385500D-02  1.53563395643433700D-01  6.22945409413065200D-02 -5.56616312399254400D-02  9.32819788929330700D-01
 0  5 -2.13796661065605200D+00  1.20514682172672000D+00 -1.22937336263976300D+00 -3.90299058673101800D-01 -3.34116507247322600D-01
 0  6 -9.73574365965505200D-02 -1.75065223961127600D-01  1.73112780832127200D+00 -5.48798111792676700D+00  1.21939669701551700D-02
 0  7  4.73838343140456600D-02  1.47914993447819900D-01 -4.94374253130464700D+00 -1.65421931327227200D+00 -7.67775993880146200D+00
 0  8  1.44782386468240100D-01  1.02555070343390600D+00 -4.54900466840969300D-01 -9.95864463230231600D-02  8.03632613480479300D-02
 0  9  1.92231849749749200D-02  4.11200628712582600D-02 -1.35265182531651500D-01  6.91340496616138400D-02  1.01942536065854900D+00
 0 10 -2.45417482655022100D+00  1.43474946589166700D+00  1.84196724324044500D-01  2.15609042008943700D+00  2.04723865992940900D+00
 0 11 -1.08820635367242400D-01 -2.51138411828841500D-01 -8.02321601464643000D+00  3.17780184358852700D+00 -1.42016841517015200D-01
 0 12  1.68835625583588100D-01 -2.74363371247362800D-01 -4.10045590669419000D+00 -5.51204727134453900D+00 -1.95366729191773800D+00
 0 13 -4.39421901105856400D-01 -9.03789977389687200D-01  1.50980645844402100D+00  9.28209071775360900D-02 -5.66071658053933000D-02
 0 14 -3.62137413721404900D-02 -3.47388043159761500D-01 -4.10872284949025000D-02 -1.38413998078197700D-01  2.39847585133338000D-01
 0 15  7.83380797896808400D-01 -1.02322838303014300D+00  5.71682944222026500D-01 -7.00800016287046800D-01  6.49167937808903400D-02
 0 16 -1.72261325636080600D-01 -5.44328417819506800D-01  1.93475005669513100D-01  9.00181983963342500D-02  1.49405011712214900D-02
 0 17  1.22716501189091300D-02  1.32641979365777300D-01  6.11399970348773500D-01 -2.47169914831899000D-01 -3.98011792410190500D-01
 0 18 -4.65730972893933300D+00 -5.49192923439398700D-01  3.33299712468869000D-02  6.50191380950082800D-02 -2.02560648503363900D-02
 0 19  1.20056727150220800D+00 -8.86926294133793800D-02  6.94517436567294500D-01  4.89725940845890300D-01  8.95113877552576100D+00
 0 20  5.41640224604735300D-01  9.02058982481374900D-02 -3.98779191530962200D-02  8.79556611921550000D-02  7.71185017348577300D-01
 0 21  2.14314267779264800D+00 -2.75837258284493600D-01  3.64113774098839500D-01  6.51892484350793000D+00 -5.63473547308712800D-01
 0 22  7.55711948775680500D-03  2.91694205626709800D-02 -8.52512961006344800D-02 -7.65733473185724700D-01 -1.54728036242664400D+00
 0 23 -3.66731054941366700D-02 -2.90239135628129000D-01 -8.02203252016604300D+00 -1.00074707485837200D+00  1.29988731065474300D-02
 0 24  1.85896365667050900D-02  4.88439327483856400D-02 -1.35609654722869800D+00 -1.03431026476789100D+00 -3.18184064853730800D-02
 0 25  4.12413332190963300D-01  4.59166512204371700D+00  8.03595607292180200D-01 -1.01085865342723100D-01  2.46231627826101400D-03
 0 26  4.19215696217590900D-02  2.47796273279940700D-01 -9.78550480511079600D-01  1.00711800099038700D+00 -1.85796937948908200D-03
 0 27 -1.08207461157719800D+00  7.26881589164724100D-01 -1.18158868078699700D-01  2.23124969797571900D-01  9.87731674855314400D-02
 0 28  7.68390502654024200D-01 -1.17993159401052900D+00 -4.35885605593308500D-01  1.70102539005369600D-04  9.30842203805274700D-03
 0 29 -6.28926395677817900D-02  1.25893066856948300D-01 -2.39939478419223100D-02  1.37367554182289900D-01  6.23112217647195100D-02
 0 30 -1.24939443707832800D-01 -8.66630704844741600D-02 -1.93540783787839400D-02  6.18412722765593100D-02  5.93047214540307400D-01
 0 31  2.89030909848992800D-01 -3.63750170751595700D-03  4.46085927126536200D-03 -8.23357563747741000D-04  4.16271533464571100D-04
 0 32  8.88928440095759600D-04  5.80883904509386900D-04 -7.12744341833130800D-02 -7.42184308599219400D-02  1.45492865043235100D-01
 0 33 -4.03726819434272100D-01  1.27200155760339100D-01 -4.80690952432246400D-02
 1  1 -1.05084915187337400D-01 -2.33668531314662900D-01 -1.00652438697104200D+00  3.89097365850748200D-01 -3.53936368721439500D-02
 1  2 -1.25747188142228100D-01  7.00386365511285600D-02  1.53452720012989900D+00  8.85887472886235700D-01  3.43020305904447300D+00
 1  3  1.02323658625094300D-02  2.50642302427576800D-01  1.44204767766855000D-01 -2.42755051669225500D-02  1.25050968448752400D-01
 1  4 -1.00775463281830000D-01  6.41854814242798500D-02  8.20071400646976000D-02  6.01616776598770800D-03  1.88275432840143100D-01
 1  5  1.00938509646768200D-01 -2.89213942486911400D-01 -1.57282478465640200D-01 -1.31172077816862200D+00  1.03753452452226900D-01
 1  6  5.20532578460915300D-02  8.42427242277504600D-02 -8.20252800775668900D+00  3.47463859474560300D+00 -1.10291773554392700D-01
 1  7  1.61359171324319500D-01  8.54567259599558800D-04  3.26899761757147100D+00 -3.28975530708570000D-01  7.05630408767987600D+00
 1  8  1.97129626779623800D-03 -7.42784269404714100D-01 -4.18020127695691700D-01 -1.88345364218723800D-01 -2.68648020651597500D-02
 1  9  2.15210166283881800D-01 -1.56974437931836400D-01 -1.94259735913549700D-01  1.24436976991845000D-01 -1.09572171178784700D-01
 1 10  1.97503546757381300D+00 -1.86546329639502900D+00  1.20963341047700600D+00 -1.41530413911216300D+00 -2.57209228333096400D+00
 1 11 -1.63969134037957800D-01 -3.64895776768918900D-01  7.20310629497389200D+00 -2.88642318873964400D+00 -1.74997524325781400D-01
 1 12  1.40845980887125800D-02  9.21399824661472700D-02  6.40777616956114600D+00  4.13639696232279500D+00  3.34185548394391900D+00
 1 13 -2.01774363717361800D-01  6.80133349464929000D-01 -8.84499674197439900D-01  2.99891726705178600D-01  5.54080280274221800D-02
 1 14 -3.55299754732600900D-01  1.81561519303004900D-01  3.39043586604427200D-02 -2.10131927187392000D-01  5.32064278385472000D-01
 1 15 -1.75933411246595800D+00  1.22726983408048700D+00 -9.74010305677172900D-01  2.00688941807344400D+00  1.87624147424538000D+00
 1 16 -3.17937560931868900D-01 -2.50661839808304300D+00 -3.36164027519840300D-02  3.93440134521824200D-02  6.05372336091155200D-03
 1 17  3.27446965435207800D-02 -1.20525490387084000D-01  4.75086251756024800D-01  2.75548251940749100D-01 -3.22654891020503400D-02
 1 18 -1.91471244612210500D+00 -2.31923155955771000D-01  3.22174119899790300D-02  6.45541372346027800D-02 -1.40905911178572300D-02
 1 19  4.42291998363299000D-01 -3.08609531711630700D-01  6.92572608826148700D-01  2.59730422161082100D-01  2.35288278203172700D-01
 1 20  1.37653507491207500D-01  9.11292764934939200D-03 -1.28351260904131400D-02 -2.33945535308972700D-03 -1.74052542780252500D-02
 1 21 -1.11963846895884100D-01 -9.33741012617708000D-02 -2.01953407257123200D-01 -1.85140582913120900D+00  2.62181504693839600D-01
 1 22 -7.68410873120034100D-02 -3.26165525969586500D-02 -2.64800694338736300D-02 -5.12978077331870200D-01 -2.50949350905358800D-02
 1 23  7.90916405465245900D-01  5.93007520380284500D-01  7.40606750371003800D+00  4.69154212269495400D-01 -1.87653488195111800D-01
 1 24 -7.52404718120130800D-02  6.86058664701931200D-02  1.29308390272163800D+00  5.14076196504635800D-01  7.74558998130523000D-01
 1 25  2.16690671649757400D-01 -6.60261783865190700D-01 -7.10694007096523600D-01 -3.02285113395730100D-02  1.08188891611008300D-01
 1 26 -1.66990014135563100D-02  5.14785992838799400D-01  8.24825331611854700D-01 -9.62850372856301100D-02 -3.25254660954578300D-02
 1 27 -4.25378311824434900D-01 -2.01490721870561600D-01 -1.50860251174523200D-01 -5.69562249642458800D-02 -3.80651636758806800D-02
 1 28  1.22025113916809000D-01  6.92339459312800900D-01  3.92587347163614600D-01  2.43653935671569500D-02  8.82029608615183500D-02
 1 29  6.68701285835776200D-02  1.31580466548013800D-01 -6.41148535065746600D-03 -1.39267811080546400D-02 -4.37322416813165800D-03
 1 30 -1.85032457949002300D-01  1.66371188586548800D-02  4.77336600632410600D-02 -1.16283041675671800D-01 -4.10366942944952000D-01
 1 31 -3.34803204426366600D-01 -2.72468333638772400D-03  9.77563518653057000D-04  1.74711981773505500D-03  1.79026654629623500D-03
 1 32  4.21855964905146200D-03 -3.36976915506143900D-03 -6.92098646644427400D-03  2.31597832186532600D-01 -2.24676845720088300D-01
 1 33  4.05330942944666200D-01  3.38550395823008100D-01 -2.34202709984443500D-03
 2  1 -8.45424967919367600D-02 -1.82873326071571800D-01 -1.85923710462197700D+00  7.64133964656318900D-01  6.88781159014546600D-02
 2  2  2.85241957984258400D-02  8.39900900665394600D-02 -9.58980418640845800D-01 -2.81419312738494700D+00  1.68106037446780500D+00
 2  3  6.17819284917345800D-02 -5.70089174469731700D-01 -6.44438255696701700D-01  9.54472419662554500D-02 -1.72766691927843700D-01
 2  4  7.73194499615884500D-02 -1.34836097005553600D-01 -7.90622672196396500D-02  5.54702104132872900D-02 -3.06726890754473000D-01
 2  5  1.34056140581150600D+00 -1.03383451505703200D+00  7.24299950194675100D-01  8.29820187311877500D-01  2.93804339232091900D-01
 2  6  1.39104537795019800D-02 -3.77163711873753500D-03 -3.91071490579172200D+00  3.07913847092085700D+00 -9.97432063319401600D-02
 2  7  4.44869084437771100D-02 -3.62105640393057500D-02  5.62863973698698000D+00  1.55828826985056900D+00  6.62496614534897700D+00
 2  8 -4.24142981232351600D-01 -7.53359045299219300D-02  1.27800608571325200D-01  4.43363935851522600D-02 -8.22365084030478700D-03
 2  9 -3.61127427448464400D-02 -1.41500558910335300D-01  2.72126515948909200D-02  7.38818794252670000D-03 -1.02338231681707000D+00
 2 10  1.36261211703175300D+00 -3.39229800214680200D-01 -6.37999930692512700D-01 -1.65582266044140400D+00 -2.27749943327328500D+00
 2 11 -1.72136582805135300D-02 -1.23728342250745600D-02  8.16414569883499500D+00 -3.37195396412356800D+00  1.23233902067979500D-01
 2 12 -6.15512427264486500D-03  9.93072892263006500D-02  3.42732360653457400D+00  1.27362301927324000D+00  5.39651110655162800D+00
 2 13 -5.30441109365045800D-01  9.59839237309444300D-02 -8.97721103172111700D-01 -2.41859376643334200D-02  1.02157990508464200D-01
 2 14 -7.79720528441321100D-02  1.80139226112143600D-01  6.33753115903639300D-02  3.34472792886331600D-02  1.68072601966955200D-01
 2 15 -1.60810378429375000D+00  1.44003118232679300D+00 -7.80452887897568200D-01  9.87382516088350600D-01  8.05589686232875900D-01
 2 16  1.01332607507526200D-01  1.18969762923692200D+00  2.95936443358976100D-01 -4.30581703625583200D-02  3.74553459556463900D-03
 2 17  9.53632350337141700D-03 -8.92079533132994900D-02 -5.93496109403569100D-01  9.45673313155427200D-02  1.47938840533386100D-01
 2 18  5.33619691027778800D-01  9.20945279737252900D-03 -2.00731681967765000D-02 -4.98481312661020100D-02  3.01410354895659600D-02
 2 19 -5.55435029824326200D-02 -3.60934888250926500D-02 -5.16741428308771600D-01 -3.14372566144405300D-01 -5.65643700373379900D+00
 2 20 -2.16505901785690700D-01 -4.60937258016293300D-02  2.22070990443357900D-02 -2.49685016296248500D-02 -5.93062415596944900D-01
 2 21 -1.24456575751911900D+00  3.29005407965544700D-02 -2.03436101237949500D-01 -3.81277920400353200D+00  1.57427591905204800D-01
 2 22 -4.95029432904884900D-03 -8.51287131833899400D-04  3.12742648708999600D-02  4.21239715695251200D-01  9.58854307880978700D-01
 2 23  3.48603816966683600D-01  3.29231614359118100D-01  2.54510109129888200D+00 -8.34241447778945900D-02 -8.24179410969513600D-02
 2 24 -6.39505019761336500D-02 -1.66569781057845200D-02  1.90165215167441400D-01 -3.89972899253939400D-01  1.24627667125167300D-01
 2 25  3.78732440556598400D-02  2.73890816614857700D+00 -3.61528801542634000D-01 -2.93290610642103600D-02  4.47816674799624600D-02
 2 26 -3.59810404647939700D-02  5.25334468140168200D-01 -4.61732259640651600D-02  8.70537127129074500D-01 -2.16963470242599100D-02
 2 27 -3.15595929912401900D-01 -6.31255380247654700D-03  2.51595251313238500D-02  1.26953575417495100D-01 -1.72662507708407300D-01
 2 28 -2.87244334619187900D-01 -8.04986054247280000D-01  7.91551617397796200D-01  4.91191300919587300D-03  1.54784445783820600D-02
 2 29  4.47534395127300700D-02  3.83385865072549600D-01  6.45839531431563500D-03  2.68001999199511200D-01 -1.87956123653941200D-01
 2 30 -1.13845246352183300D-02 -3.02186114966466200D-01  2.07720707325038000D-01 -1.69059242270976300D-01  6.04951743848508500D-01
 2 31 -6.25934520311874900D-01  7.95726300041938500D-05 -2.17079013172609200D-04  1.37506383167976000D-04 -1.09058674015914500D-03
 2 32  2.34687953644552600D-03  3.00856897665674700D-04 -1.96514540154833700D-02  1.40881655749928300D-01 -1.21230201734445000D-01
 2 33 -6.41873678706838100D-01  4.96270423652465200D-01 -1.07633300489502300D-01
 3  1  3.65434541016670300D-02  9.30458137347116400D-02  4.30600505946721900D+00 -5.21042919509105000D+00 -1.16125287865967300D-01
 3  2  1.96580357260522600D-01  2.99870504488418700D-02  2.43062998685218800D+00 -9.03987678413946900D-01 -6.53036483366253900D+00
 3  3  1.54761164270522900D-01 -2.08100633126478100D+00 -4.73552679642714700D-02 -2.48512722417522300D-01  3.78479091885631100D-03
 3  4  2.44727931498668000D-01 -7.81923695499534700D-02 -1.82932872404770500D-01  1.16570970570556800D-01  7.62980559969374300D-01
 3  5 -3.62247793348521100D-01 -4.00732766620855000D-01  8.19820331303224700D-01  6.88971035486855800D-01 -1.66704632822722700D+00
 3  6 -2.15543061747424300D-02 -5.34731933203986800D-02  4.20119095927443200D+00 -6.95355218626331300D+00  1.46055587521471300D-02
 3  7 -6.81178293103154400D-02  1.17859052291818400D-01 -4.14982817780894900D+00  1.10792111901195600D+00 -7.87741813405891500D+00
 3  8  2.75550217521126000D+00  8.03744776998710700D-01  4.21137220527034700D+00 -3.11268001753870100D-03  1.21453755450367200D-03
 3  9  1.89814246303515100D-03 -5.68193006331383300D-02  5.21627144645602700D-02 -4.60163448883158200D-02  8.21070998779104600D-01
 3 10 -9.06830766767806100D-01  8.57597679887024000D-02  1.57512192219143000D+00  6.50096764030347900D-01  3.41405634601350300D+00
 3 11 -8.40957331108023600D-02 -1.92203782967675600D-01 -4.27143314069356000D+00  1.37451793255709400D+01 -5.07359931400636400D-02
 3 12 -1.81760623197848000D-02  7.43275831609856700D-02 -4.61465787549867000D+00 -5.64569003612373700D-01 -5.70406627907843900D+00
 3 13  2.16181989617105600D+00  8.78440265082827100D-01  1.92771332715448200D+00  8.40940009904232300D-02  1.22830244111168000D-02
 3 14 -9.63770254015397200D-02 -8.56917794214489400D-02 -4.39139944555348500D-02  1.43877240529999800D-01 -1.06435002961330700D+00
 3 15  1.62073200991472900D+00 -5.56381980301422300D-01  4.18354289604933400D-01 -1.09191253885763700D+00 -1.06117681002530900D+00
 3 16  6.55230867982580100D-01  8.80075725914764100D+00  9.65671398283188700D-01  3.72812434415947900D-02 -7.27918234242196100D-02
 3 17  7.47430939331950500D-02  1.11602411047881000D+00 -6.32845047144924500D-01 -1.46589319872435500D+00 -3.82104727343199400D-01
 3 18 -1.39727149570353200D+00 -1.45567638814316900D-01  8.79423410975444300D-03 -5.56286530747543100D-02  9.06535935180615000D-03
 3 19  1.69979873685789400D-01 -1.08707232563228900D-01  1.01771128113237500D-01 -1.31173412058396300D-01 -1.61686820683152900D+00
 3 20 -1.34907973087813200D+00  6.27857890842513000D-02 -4.16668021759349600D-02 -5.58417301731201500D-02 -4.47522630964727700D-02
 3 21 -6.01897244869838000D-01 -1.81098775645718800D-01 -4.42724997244836000D-02 -9.74524132363352400D-01 -1.03102012706330200D+00
 3 22  1.73339476694563300D-02 -2.32359727594137200D-03  6.30750207864080300D-02 -3.50662965029062000D-01  4.38327792290762700D-01
 3 23 -9.20232718443746700D-01 -7.87339863431050100D-02 -5.81990513986937500D+00  1.28277018433285500D+00  2.42480331212044700D-02
 3 24 -9.93929735505958700D-03 -7.29963525019806000D-02 -1.40123141856289900D+00 -4.31652634967048400D-01 -1.34432189882863200D-01
 3 25 -2.14585475298729800D-01 -4.54376394748052400D+00  5.24041446643109100D-01 -6.46707522677160600D-02  1.53392110864893700D-02
 3 26 -9.98449842595555200D-04 -1.73138690182894100D-01  7.29870729570531900D-02 -7.23272601756043900D-01 -9.15737092855096900D-02
 3 27  1.21104514880184800D+00 -7.80069752021181700D-01 -5.39893306213167700D-02 -4.83562508973966700D-02 -6.90554844476572700D-02
 3 28  5.43402587393680400D-02  3.72364061765913500D-01  1.10242221375087100D+00  3.02252694189144000D-03  2.92524175466138100D-03
 3 29 -6.14113518876741200D-02 -6.13340338187578600D-01 -3.27008555860548100D-02 -7.11751051627824400D-02 -1.48405408499818400D-01
 3 30  5.49391580086795900D-02  7.68123054593700700D-02  8.40644091419103700D-02  2.53220513153994500D-01 -3.40073918796282200D-01
 3 31 -4.50019046771093100D-01 -2.78389359494086000D-03  2.09232217484153000D-03  6.91571420097969700D-04  2.25156070896748400D-03
 3 32 -2.76378095766633100D-03  6.12336126490084300D-05  1.67229834160133500D-02 -4.95685447263317900D-01  4.78962463847304700D-01
 3 33  2.81464122049442500D-01  4.61945188572271300D-01 -3.08865531884427700D-02
 4  1  1.35245104841358800D-01  2.66469751998721600D-01 -9.48902719568098300D+00 -1.80334007449104500D+00  3.34491622743328200D-02
 4  2 -9.12969980101258200D-03  9.91690582703345200D-02 -8.97723659073477500D-01 -5.09729956656629000D+00  2.61316744886183500D+00
 4  3  2.98139987346024000D-01  2.42188850944220100D-01  3.77278455468812500D-01  1.12328920521640500D-01 -2.34609609645613600D-01
 4  4  1.22280689123974900D-01 -3.19146992291003400D-01  1.07535501510743900D-02  1.14952745456964600D-01  1.95569068701969300D-01
 4  5 -6.23487034027351700D-01  4.27917965325386500D-01  1.21614368705150000D+00  1.92646724613664900D+00  1.58035233602106900D+00
 4  6  4.77285078034424800D-02  7.07065518765910000D-02 -5.37220008902862500D+00  3.01729167528185100D+00 -2.16113636719044900D-01
 4  7 -3.53695173801694000D-03  5.79293925639651900D-03  5.67014957503373500D+00  1.48187406617368500D+00  8.17859858569915800D+00
 4  8 -1.08414906340229600D+00 -2.08068729119325200D+00 -5.46182485602511700D-01 -1.20503643770005100D-01  3.12152079478946800D-01
 4  9 -1.91648435708940900D-01  3.63863704817203300D-01 -1.81928504238911700D-01  8.32716579997097600D-02 -1.25996448807337100D+00
 4 10 -3.68190006583060600D+00  4.94186455390397700D+00 -4.70877736274153100D+00  2.81321391091677800D-01 -4.27852480766951200D+00
 4 11  7.89719727995795600D-02  1.77991575195332800D-01  3.66988586017686000D+00 -5.81419592163388500D+00 -5.10025475175001500D-02
 4 12  1.63603426013796100D-01  4.43980025285462100D-02  3.37959553197467100D+00 -5.02808440531639300D+00  8.94316999798570400D+00
 4 13 -5.10211652760830500D-01  7.65439864640693900D-03 -3.67495335886069000D-01  9.02855567640721300D-02 -1.76028646785161400D-01
 4 14  8.57430900210882900D-02  1.12342688907484300D-01  2.12429037776978400D-02 -3.57903372406908300D-01  8.70737725157036400D-02
 4 15 -1.77898085250625700D+00  1.69190707999055600D+00 -2.03429942849170700D+00  1.84503794163121200D+00  7.67333074298061900D-01
 4 16  2.66632186815920200D-01  8.68301517546800200D-01 -1.61932485217269700D-01  3.81117133034598600D-04  1.12587903854645700D-02
 4 17 -7.12776447783783200D-02 -3.96574283310962800D-01  1.02426140538320500D-02 -1.36138893141323000D-01  1.17846161588359900D-01
 4 18 -2.64892307940218800D+00 -1.89495610026446500D-01 -3.75023349393760700D-02  2.12172638314868500D-03 -7.73338989147833900D-02
 4 19  1.16460483510136400D+00 -6.26103783056447400D-01 -6.18340317524844300D-02 -4.47167806132707200D-01  7.58902319339215600D-01
 4 20  3.50111323955150600D-01  5.15942478466195600D-02  1.11530119246689900D-02 -1.28866927691181800D-02  8.68491266574742000D-01
 4 21  7.54934916343741200D-01  4.19774039578743500D-01  6.39406203342236000D-01  5.46889986605101600D+00  1.47034819363407900D+00
 4 22  6.12112306851034300D-02  4.64286989953056500D-02  1.84135258137335100D-02  4.67431361033437000D-01 -3.21226680436237000D-01
 4 23  6.96071828375876300D-01  2.13860520374870200D-01  2.76611848006594500D+00 -4.38634954937230600D-02 -1.21022526978500400D-01
 4 24  1.68763206195946600D-02  6.18738971977796800D-02 -4.21171569337443000D-03  2.94808061503037500D-02  3.77909766408807200D-01
 4 25  5.75651523670561000D-01  7.19196961574076400D+00  1.74661793435247400D-01  6.32748637155329700D-02  6.10573928793899100D-03
 4 26 -1.28986574973776300D-02  8.65488983869585300D-01 -6.25769905311459000D-01  1.55801713938773800D+00  6.81502700974153500D-02
 4 27 -1.50554953891782000D+00  2.71884667517084300D-02  1.61628787800956000D-02  1.15376416051803400D-02 -5.98805204307183400D-02
 4 28  2.41006110725761200D-01 -5.86325493046501500D-01 -1.91109542412061900D-01 -1.08353917863914700D-02 -2.74792202814971700D-02
 4 29  5.07403345922620400D-02  4.19211122652707200D-01 -1.86965363056788300D-02 -2.17951397589929300D-01  1.81573609408621600D-02
 4 30  1.40314074758645300D-02  3.41360753893795000D-01 -8.47023751666359400D-03 -1.59716298183509100D-01  4.67444112566591200D-02
 4 31 -2.83967999104301800D-02  8.17290859583112200D-04 -6.17164007049657900D-04 -2.00126852530624100D-04  1.89744356910557400D-04
 4 32  8.30506055006010500D-04  4.19487474028601300D-04 -1.24867355220028800D-01 -1.72052253878586100D-02  1.42072580607887400D-01
 4 33  6.43624520796502700D-03 -2.49083731761188400D-02 -3.78303060751879200D-01
 5  1  7.06703109663334100D-03 -2.77653251032360100D-02 -2.62721744636215600D+00 -1.33143814099571700D+00 -5.55197669461632600D-02
 5  2 -9.80175923977309500D-02  2.15773514817529400D-01  2.10189489809560500D+00 -1.52790224335927200D+00  6.41312543102899400D-01
 5  3  3.47097936995449000D-02 -2.36628770589058500D-01  5.88929213464892500D-02 -1.17550445993765000D-01 -4.29329855593345300D-04
 5  4  1.17979775849358600D-01  7.24238875223626700D-02  5.02985306272687400D-02  1.30194608517262100D-01  6.29144998535024700D-01
 5  5 -1.65967756911876700D-01 -4.63177241623150400D-01 -3.21949393720362000D-02 -9.61085165103981900D-01 -2.84354418292854000D-01
 5  6  1.07370816578260600D-01  2.33336954818211900D-01 -6.00336415241509900D+00 -1.39212480713832500D+00  2.68541553442219500D-01
 5  7  4.14397853114052500D-02 -1.00790006945271700D-01 -1.96324454350372700D+00 -2.39319726663956400D+00  2.51140063029588600D+00
 5  8 -4.09505269033907800D-01 -1.62966613004725600D+00  1.74102367481109900D+00 -1.89776214823340600D-01  1.99540610957882400D-01
 5  9 -9.76439613454327900D-03  6.56950939033116600D-02  8.20530125619130800D-02 -7.12455342466083600D-02 -5.52466826102165100D-02
 5 10 -1.53453227484788700D+00  1.58977895745810300D+00  1.97840984840568600D-01  1.64167901310687700D-01 -1.71415966859588000D+00
 5 11  6.07219339566614800D-02  8.49393250949941200D-02 -1.17352499251313100D+00 -1.22626931715235200D+00 -1.42018169330563000D-01
 5 12 -6.52028619318319500D-02 -1.11840674202643000D-02  2.68334005120114000D+00  2.56346283656515300D+00 -4.54677231477602600D-01
 5 13  6.15257772984688800D-01  2.16736584715622500D+00 -1.25994077153537100D+00  4.53010850931108000D-02  2.30716853087549800D-01
 5 14 -2.76017938180662600D-01  4.48604608221604800D-01 -2.34253295346135000D-03 -3.25296767168952400D-02 -1.76691008515416400D-01
 5 15 -1.62368320975467100D+00  1.80037421827008800D+00 -2.43541690690627700D+00  1.60577089090884600D+00 -1.48160692679503900D-01
 5 16  2.47423143150545100D-01  4.74894407679382900D-01 -1.74978622747879100D-01  5.55928531016870100D-02 -2.01037876798908300D-02
 5 17  4.08030582298301400D-02  3.70156509286864400D-01  1.16057860705129500D-01  1.28621192788217500D-01 -1.36055974915090100D-01
 5 18 -1.96284435186402600D+00 -2.31936773006035100D-01  3.37756021183795200D-02  7.13251608923695700D-02  2.15674725354974100D-02
 5 19  2.94609257516421700D-01 -7.24776619060817800D-02  9.10189902188961500D-01  1.61549830034912200D-01  1.18455769727529400D-01
 5 20 -1.84469855960105300D-01  5.46550324276388100D-02 -3.46529387117123600D-02 -3.78363366105950400D-02 -1.79058491775580800D-01
 5 21 -2.39800020631138100D-02 -2.39338065618396800D-01  3.75620746873950900D-01  7.86783158334012000D+00  1.06702128396445500D+00
 5 22 -3.13151552418977700D-02 -2.25586104313648500D-04  5.27947719767853400D-02 -1.28354255520976500D+00 -1.90821093921681700D+00
 5 23 -1.87537580934044600D-01  7.65510046757523100D-01  8.21630722947295000D+00  1.59485786313443400D+00 -5.91941352285273000D-02
 5 24 -1.24329979119369300D-01 -1.83814947110841200D-02  6.45884977711199200D-01  4.14773694431360500D-01  3.19422634791201600D-01
 5 25 -1.17385552859838900D-01 -4.27586247215089300D+00 -1.46414613294241400D+00  2.01568756110810900D-02  4.91553604958540100D-02
 5 26  5.75925967476148000D-02  8.07606492984386200D-01  1.25152478081868800D+00 -7.73703205013594200D-01 -6.35799805360457700D-02
 5 27  9.05702760816416200D-01  7.36650825093601700D-01  1.40141132419878900D-01 -9.10332097653603800D-03  1.29423320929375600D-02
 5 28 -4.43571915849773000D-01  2.30598515602817200D-01  2.84157697684544200D-01 -1.59270086839590500D-03 -2.38917952900903000D-02
 5 29 -9.39753656693093200D-02  4.72475025893028800D-01 -2.89268060586094700D-02  3.01824262504872100D-02  8.39527249596840900D-02
 5 30  1.63052322159729000D-01 -9.47980477673574100D-02 -1.79841331910920800D-01 -2.36301130361677200D-01  2.43850317557918900D-01
 5 31  4.27852008506668300D-01 -1.40033307582179200D-03  1.36926684690860900D-03  3.10662289157842500D-05 -3.59939917802863200D-03
 5 32 -4.13967447901414700D-03  1.47025080682967500D-03 -3.14536845897863200D-01 -5.96106491770532400D-02  3.74147495074916600D-01
 5 33 -2.37932172156243600D-01 -2.94610316662136900D-01  3.39916474849370900D-01
 6  1  3.66812246827965500D-02  5.70725949296513500D-02  6.04146944493717000D-01  5.76180714995434200D+00 -9.47376315124134300D-02
 6  2 -2.59536954265465800D-02  3.50749073647319300D-02  1.82839888221906900D+00  9.15224188236623000D-01 -9.97314542820991200D-02
 6  3 -7.48764607468160600D-02  3.49382853867205100D-01 -1.72769232349530300D+00 -1.19412309791962800D-01  1.76856946122970400D-01
 6  4 -5.74446363310076900D-02 -1.69098432469342600D-01  5.03723890853709100D-02  6.97342153477621800D-03  7.77479385785029100D-02
 6  5  3.96397410259252500D-01 -4.74145348837755300D-01  1.36884603852924300D+00 -1.00692363988703900D+00 -7.53118320736610900D-01
 6  6  1.79389017315125800D-01  3.60820367090619700D-01  6.77938166519557600D+00 -1.05052310288747300D+01  2.38012722715498100D-02
 6  7  7.08723906166667900D-02 -3.87462957165081100D-02 -4.31108465223295500D+00 -2.59334498123697000D+00 -3.37525718674505500D+00
 6  8  7.97852157811847500D-01  1.72924364458909300D+00 -9.91045005105565700D-01 -3.16834696560233600D-01 -7.53343700886327100D-02
 6  9  3.92169066648865100D-01  3.31265158755916100D-01  3.21311817301892300D-02  1.51266113928261100D-01  9.50010023398885400D-01
 6 10  9.10044222874800000D-01 -1.86005424627368600D+00  6.08662941677217800D-02 -1.12562803158973600D+00 -7.53419261072029300D-02
 6 11  2.74920621029372600D-01  5.63467823056586300D-01 -3.05906756200230700D+00  4.00642722934843100D+00  3.52660518444526200D-02
 6 12  7.07807653350068800D-02  1.49126209743484600D-01 -1.28767229168163300D+00  1.32482352165811800D-01 -5.87700129535667200D+00
 6 13  4.69796157204024700D-01  3.20323311016627200D-01  6.39319008206364000D-01  3.39388609582662100D-01 -2.36010657474716400D-01
 6 14 -1.03377952107947800D-01 -5.84681970498268700D-02  3.31967723826866200D-01 -4.00364257178233500D-02 -1.09518447307185900D+00
 6 15  2.32965969351269400D+00 -1.23447522044084100D+00  5.27991528949887200D-01 -2.76957340850803000D+00 -2.01245919781807300D+00
 6 16  1.95867510441392400D-01  1.76365288831852500D+00  9.34270524503107300D-01  8.37983135487943600D-02 -1.37523672783860800D-02
 6 17  5.16859723464942700D-02  1.34924375843812600D-01  2.94993315885031700D-01 -6.96922300198908800D-01 -3.81647172667880800D-02
 6 18 -2.05281957243529900D-01  1.03432285038547600D-01  5.13193371151557200D-02 -4.54355277638499900D-02 -1.15546759327413100D-01
 6 19 -2.32947784286722900D-01 -5.27493903732194800D-01  4.45933946889098900D-01 -2.34330890441543200D-02 -1.00994183915858700D+00
 6 20 -1.52162729521437300D-01  8.16389050657801200D-02 -8.17630109342888800D-03 -5.64255374570649800D-02  4.24698880969884700D-02
 6 21 -1.64828033501964000D-01 -6.29069259998324100D-01 -3.19135666073531000D-02  1.95094504964753200D+00 -7.80704200537936100D-01
 6 22 -4.16340476740414600D-02 -5.00074612508448200D-02  1.96227740715813500D-02  1.40063498601711700D-01 -4.85918180941624200D-01
 6 23  5.70909204104789100D-01 -3.53180082780397400D-01  3.70383154194112600D-02  3.52346181697962600D-01  4.93464802033076100D-02
 6 24  1.78450692679875500D-01 -2.64368092958021000D-02 -3.04424663075970900D-01  1.21252720116298400D+00 -1.29060438102239000D+00
 6 25 -7.07405298908292100D-01 -4.53475565459844300D+00 -1.72257728972288100D-01 -1.18493217230803900D-01 -1.58288555531658100D-02
 6 26  1.15000708272410800D-01 -1.03195491727277300D+00 -1.26441247844180500D-01 -1.10167746730776000D+00  1.16729042801489500D-01
 6 27  2.68856796246348000D-01 -3.70083824043121200D-03  4.75958717732885100D-02 -2.60470098699562900D-02 -1.68828068409577500D-02
 6 28  9.77430977363411900D-01 -5.63057827820486600D-02 -1.55221585747576200D-01 -2.65065831152563300D-02 -8.94167935664349100D-02
 6 29 -1.40644610373275700D-01 -8.74497830644256500D-01 -6.11151509493164200D-02  1.70321113987293200D-01 -2.24008416694226300D-01
 6 30  2.21781776999946200D-01 -2.58854333369301400D-01  2.93404094065386500D-01  1.10891691004575000D-01  5.02352472668338600D-02
 6 31 -1.67750382656253400D-01  3.71874099367295500D-03 -2.42141859852840500D-03 -1.29732239514513600D-03 -1.09866089166124800D-03
 6 32 -2.57210262326925000D-03  1.65548673829351100D-03  1.97821215642286600D-01 -7.22214692581517800D-04 -1.97099000949705000D-01
 6 33 -6.62095488915687700D-02 -1.12313207103915300D-01 -1.48978782027720900D-02
 7  1  1.32300877837706400D-02  1.79798663012782000D-03 -2.88682599866647600D+00 -3.09514672277597200D+00 -2.81236803582398700D-02
 7  2 -6.92919076699192000D-02  6.57403357077848100D-02 -1.28503846915017500D+00 -2.24662342147220900D+00  3.38784318985217800D+00
 7  3 -1.22617568144671100D-01 -1.88692557085255700D-01  7.71965118158967500D-01  1.17918438739571200D-01 -2.64998221278221400D-01
 7  4  1.47079782538649900D-01  7.81069859420206200D-02  2.92488807477025500D-01  9.15076900001267600D-02  5.43429673715009400D-02
 7  5  4.53327707302033100D-01 -5.07670674673538300D-01 -8.76222722277715900D-01 -6.75008704165353900D-01  1.08603079606664800D+00
 7  6 -1.59838798799394300D-01 -3.00634054855325600D-01  7.01565753817570900D+00 -4.44128432457891400D+00 -1.25292406558223800D-01
 7  7  4.61493140967139900D-03 -8.91305499183452500D-02 -1.70481991965934900D+00 -3.69581780889849900D+00 -1.92212480810208600D+00
 7  8  1.85437792263919100D-01 -2.75475548579071000D+00  3.15285151938138400D+00 -4.83535886104473000D-02  3.59617001306755300D-01
 7  9 -3.11263412696309400D-01  1.05955068463033600D-01 -3.09916242328193900D-02 -1.03036271527420400D-01 -4.71949253283550700D-01
 7 10 -3.69978830329985500D+00  4.17173755658339900D+00 -3.19548378133174600D+00  1.78193604852748000D+00 -1.52052276432240300D+00
 7 11 -1.31263183184627100D-01 -2.36569140127439500D-01 -2.36459839760823200D+00  8.22108550007165200D+00  1.25481142296993000D-01
 7 12 -8.23148349548382900D-03  1.09712733130785700D-01 -3.11168654744973000D+00 -2.03157363897913900D+00 -4.18018205802959800D+00
 7 13  2.10007815397602900D+00  2.56281052292017000D+00 -2.84526027580585500D-01  1.62849532190598100D-01  2.12905818069594300D-01
 7 14 -3.75755350260191500D-01 -2.48980518676927200D-01 -4.08885367994270400D-02  4.03338888812528900D-01 -2.01782322651492100D+00
 7 15 -2.98101821474438600D-01  2.31592504798935700D+00 -1.40298984912085900D+00 -1.60120460338930900D+00 -4.35918171670090300D+00
 7 16 -2.73617109106912000D-01 -3.97485099401777000D+00 -7.20675460013018000D-01  1.21210959387912600D-01  8.11609510423171900D-02
 7 17  2.24211958553101800D-03 -2.36837523028466300D-01  6.25670120998826900D-02  1.26104949875882100D+00  1.42705288953224400D-01
 7 18 -8.79401908325761500D-01 -3.47584151050371900D-01 -8.36365837090322600D-03  8.83430880864937700D-02  6.41432598690970100D-02
 7 19  4.94905503388949200D-01  2.57259398787009100D-01  8.35611170303756400D-01  1.55731495823151300D-02  5.04176749610776200D-01
 7 20  3.01397725352662400D-03 -5.34930467820755200D-02  3.77100865557399900D-02 -1.82388524700505400D-02 -1.42603464380181100D-01
 7 21  5.49013020809778700D-01 -1.51143474857329300D-01  7.48433670001011200D-01  1.07133156181563900D+01  1.35218088007372600D+00
 7 22  2.35572917815188200D-02  9.69496610924231000D-02 -4.73649142605063200D-02 -6.62956063218748400D-01 -2.07118869858134900D+00
 7 23 -1.29489229200147100D-01 -9.37904871808154500D-03  2.20315229518021000D+00  1.65551458924424400D+00  2.64395541261474900D-02
 7 24 -1.25740391395763400D-01 -2.62626103239733100D-02  1.66000889011634800D-01  8.63907144785527900D-01 -1.96255762525745800D+00
 7 25 -7.36383435773592600D-01 -1.06903881066849700D+01 -1.25100437611652100D+00 -1.56809811864458600D-01  1.29375030240073600D-01
 7 26  1.28597470430344800D-01 -2.67752204635868700D-01  1.30676617509691400D+00 -1.49604184904644200D+00  1.66837620338257700D-01
 7 27 -9.27505369950180400D-01 -4.59120992059751300D-01 -2.15535295019358800D-01  1.63143546495349200D-01 -8.12545980415905300D-03
 7 28  4.85617193037397600D-01 -5.43228918027189100D-01 -5.91407460653290000D-01 -1.86420236438020800D-03  1.96883454371869800D-02
 7 29  9.81362976953549500D-02 -3.88392768134956800D-01  5.76958997288612300D-02  5.48249595169036900D-02 -1.43538970480829300D-01
 7 30 -2.80383127893170000D-01 -2.01268083105182000D-02  2.94631257681636700D-01  3.67022219512149300D-01  8.07613779293941700D-02
 7 31  2.49018117768429600D-02  1.51759452524649900D-04  1.72356983872078200D-03 -1.87532929124368600D-03 -8.59351158334051300D-04
 7 32  3.13624511137156100D-03 -4.48172034865643000D-04  6.47636075011781000D-02  2.73881201613799700D-02 -9.21517276625580700D-02
 7 33  1.05265401488527000D-01 -1.33460188969387400D-01 -2.13043047472125000D-01
 8  1 -1.32178992676650900D-01 -2.75120073531165300D-01 -4.18510633187710600D+00  8.12397896003241000D-02 -3.21281169830870500D-02
 8  2 -1.52474291079378800D-02  6.49176424381449900D-02  1.27664643594903700D+00 -3.88215624421170500D+00  5.30334651406295800D+00
 8  3  8.45961246852220800D-02 -7.13633569190792500D-01  6.00002783828322500D-01  9.93578635100178500D-02 -2.44424549306904600D-02
 8  4 -7.49154085793282800D-02 -2.33007623685027000D-01 -9.98366031227801300D-02  3.26392209362414400D-02  3.08359742533927000D-01
 8  5  2.11482590997299100D-01 -5.19842333531223300D-01  1.51970525304184100D+00  2.14810456724748100D-01  1.21659065206065600D+00
 8  6 -1.27436565882476200D-01 -2.36205153927955900D-01  2.53012228383682800D+00 -4.77337307528260500D+00 -3.33802672075243600D-03
 8  7 -1.16723793105978700D-01 -3.41224002186378500D-01  4.32319843941149100D+00  6.97399527028855500D-01  1.05962925575250600D+01
 8  8  1.12238639030178200D+00  1.08386668523414300D+00  1.64402311827590900D+00  1.19172482495832600D-01 -1.77863663927285700D-01
 8  9  5.86911814314499800D-02 -8.56130913243372000D-03 -7.18400779001199800D-02  1.23437766431511600D-01 -1.37073091879122600D+00
 8 10  1.29942859607203600D+00  7.13023227191895700D-02 -8.75134586334910000D-01 -2.06943503554228400D+00 -3.87748862734551800D+00
 8 11 -3.06059117933006400D-01 -5.89583126682011000D-01  1.39767151356428900D+01  9.04733672283634500D+00  2.46901083664711300D-01
 8 12 -1.10767387770407100D-01  6.09593579820411100D-02  2.16982777463331400D+00  5.43294391310037900D-01  4.11999201250313900D+00
 8 13  1.06052040992495400D+00 -7.20153441830745900D-02  1.58507041699690100D+00  2.88137246642986000D-01 -2.70543577879001900D-01
 8 14 -1.75936687639828800D-02 -1.78222196031583900D-01 -1.63704663078880600D-02  1.13986290770629800D-01 -6.07227568806175200D-01
 8 15  4.09485050442990800D-01  1.97742518363182200D-01  5.42090334636782000D-01  5.05585987944397400D-01 -2.54754193739892100D-01
 8 16  4.40357492967746700D-02 -1.33539370006241900D+00 -2.79080787582049500D-01 -2.71201398748282100D-02 -2.91753800159960700D-02
 8 17 -2.56771179868205200D-02 -7.17468218819925200D-01  5.19756871639230300D-01  1.03602022793118100D-01 -1.34054467673769300D-01
 8 18 -2.19444399289656600D+00 -4.88873110137423100D-01  3.59570544945756600D-03 -6.17995184735559900D-02 -4.64220394672321500D-02
 8 19  6.91857962335437100D-01 -4.47613544046534100D-01  7.53136088353687100D-02 -3.62628552045282300D-01 -3.25997558380151500D+00
 8 20 -3.90338304090794300D-01  5.34783595816290200D-02 -1.19593726575070800D-02 -8.19288331112240900D-02  3.89774887320899600D-02
 8 21 -6.42261038618414300D-01  2.09867807688463400D-01 -1.95818912749436200D-01 -4.02725279374305500D+00 -7.47786264502618600D-01
 8 22  2.34342680980527100D-02  1.54659037625436400D-02  1.49186948792240500D-02  1.01107610519400300D+00  9.84941397562010700D-01
 8 23  1.20259607101170700D+00 -1.52342854191216200D-01 -2.63244775041921200D+00 -1.22801268335061700D-01 -2.10632949621015000D-01
 8 24  8.77843597299073100D-02  4.44948340382078400D-02 -4.19387729486823500D-01  2.05537205548716900D-02 -1.90400960397669200D-01
 8 25 -3.89087909176566600D-02 -1.84178008564363200D+00  4.48527507881991400D-01 -1.07312021700040100D-01  8.25971035437654500D-02
 8 26 -5.21157734234788500D-02 -2.06033895368783300D-01 -2.22313849039159900D-01 -5.12884819194482800D-01  4.15394482833587800D-01
 8 27  7.20832042055514300D-03  1.74005043005802400D-02 -2.99554934793919000D-01  3.60725138752684300D-02 -1.68099566481171000D-02
 8 28 -6.72498408603978200D-01  6.05942364070467800D-01  4.84232465164810700D-01 -6.19436708365493900D-03  1.10378935652051400D-02
 8 29  1.73747406174781200D-01  8.26109638325126000D-01  2.37600400137648600D-01  1.91544549020853100D-01  2.96471887581339400D-01
 8 30 -5.87779093460613300D-01 -2.90808857091635200D-01 -4.39688588591715000D-01  3.51103603592306300D-03  1.05920221174736300D-01
 8 31  4.09840295476045200D-01  2.67855504286227800D-03 -2.35493073406440200D-03 -3.23624308798525800D-04 -1.10048598483601500D-03
 8 32 -1.28757727342936100D-03  2.45769867092581300D-04 -3.54026382268958100D-01  1.02711660815107200D-01  2.51314721453850900D-01
 8 33 -1.70549983118250800D-02 -1.72222137750411900D-01  2.13305075838955900D-01
 9  1 -1.58897444180420800D-01 -2.94806628415692900D-01 -1.10898662135677700D+00 -2.45321873346389500D+00  1.13168133215595400D-03
 9  2  7.40130396140702400D-03 -1.58244626939719900D-02 -2.49626908097477000D-02 -2.56823420120962100D+00  2.12533768995831100D+00
 9  3  7.31927532584136000D-02 -4.91056291569552700D-01  1.02999730815090200D+00  1.03914695512353000D-01  7.33790778525058200D-03
 9  4 -1.11252603297602000D-01 -3.30282292622155000D-01  5.47784678481070500D-02  3.88562759677818500D-02 -3.22295194632855400D-01
 9  5 -1.50743070670524700D-01  4.73038265303382200D-01  1.16381472715207100D+00  2.13238819057482800D-01  7.03295338113690000D-01
 9  6 -2.79040394500098400D-01 -5.69981171693970300D-01  1.31645089729273600D+00  6.63282989690976300D+00  5.86995031080654300D-02
 9  7 -3.95316768757456900D-02 -9.26717853992357600D-02  1.15854723568886200D+00  1.45801285853581900D+00  4.21818165902121200D+00
 9  8 -1.46565266053506800D-01 -1.23236361014814400D+00  3.71810704571421300D-01 -3.50854832733387500D-02  7.61192753521304400D-03
 9  9  2.74735557381251700D-02 -2.09803470483289500D-01 -2.46214023315168300D-01  2.44039889869171400D-01 -1.88036354568744200D-01
 9 10 -4.03743442408762400D-01  5.91779796977507300D-01 -2.01307283666888400D-01  4.43785722471433600D-01 -2.68957377898379000D+00
 9 11 -1.27838482114845400D-01 -2.40968274296624500D-01  5.03800982765950300D+00 -1.71608565516470100D+00 -3.37083553444893800D-02
 9 12  1.09455597715545900D-01  1.86036402182968700D-01  1.65262428089552400D+00 -2.12041146036039700D+00  1.42957704613302400D+00
 9 13 -2.93861606705056900D-01  2.10598681925442300D-01 -6.16441461763124800D-01 -8.52791899430769000D-02  2.56990960578668700D-01
 9 14 -1.71711770635591500D-01 -1.27160199547316600D-01  1.58598810754572600D-01 -8.11525368572307600D-02  8.29094220975998700D-01
 9 15 -1.47396742986586900D+00  6.44873208889870100D-01 -5.00465466190482300D-01  1.88366270412287600D-01  4.20491288308678000D-01
 9 16 -4.04605648722718100D-02 -1.01794760574307400D-01 -2.63709249406917900D-01  4.32726709419147300D-02  6.54989842755820000D-02
 9 17  9.31154266722549600D-03 -5.00854584873936700D-01  3.56598567183211300D-01 -4.62793303664658600D-01  2.47599175998580000D-02
 9 18 -1.25747734796722400D+00 -4.91144510362660700D-01 -2.55227340224409000D-02 -1.41115193947367900D-01 -5.78612606542197700D-04
 9 19  6.17045713196717500D-01 -6.57442835210680900D-01  6.92084959936270200D-02 -2.23560840598758200D-01 -2.73696592066850300D+00
 9 20 -2.17365759667573700D-01 -2.35843630108000500D-02 -3.42125187541996900D-02  2.17613410930601400D-02 -3.51911835865980600D-02
 9 21 -7.79958970161789500D-01  3.78732610848739400D-02 -1.76861784477063500D-02 -1.85848549853831600D+00  5.00243568416243100D-01
 9 22 -1.34675471591907300D-01  1.14915339357527200D-01  1.04325642695061200D-01 -4.38168576090107400D-02  4.58069943441193700D-01
 9 23  5.63363857486192100D-01  7.40136183643861200D-02 -1.57482450639833500D+00 -2.70682141355209300D-03  9.22249605187921600D-02
 9 24 -2.09145623159256200D-01 -4.52775144134152000D-02 -4.07089101095750000D-01 -8.96210293123673500D-01  1.49401517773521800D-01
 9 25  2.39987362363073500D-01  7.25820986999445500D-01 -5.55152063062643600D-01 -2.13239979961602300D-01  5.03610476059517200D-02
 9 26  1.60692717399977200D-02 -7.51872275153126200D-02  4.14763454414262700D-01  3.50163349358170000D-01 -3.61268653201075200D-01
 9 27  2.36928700497144100D+00  5.35886705590524000D-01  1.07521805494557900D-01  1.01717557479103900D-01 -6.58430292636767400D-02
 9 28  1.46350210955109800D+00 -2.06422147052684900D-01  6.31898170858409700D-01 -1.61384783654366600D-03 -3.45608644624691800D-02
 9 29 -3.53153303188823400D-01 -2.45256909977349900D+00 -3.24072387381485900D-01  7.73498610031856500D-02  2.98262013157261600D-01
 9 30  6.73673044574237600D-01 -1.23087161915848100D-01 -5.22694128297521800D-01  3.06802104726993900D-01 -4.90711743890322500D-02
 9 31 -5.31478986137359200D-02 -4.32678711842388000D-03  1.03688023259111700D-03  3.28990688583235600D-03  2.17193677812419300D-03
 9 32  2.33689524467187600D-03 -2.56896679951116300D-03  4.14405372335408800D-01 -3.46242936061758600D-01 -6.81624362736501900D-02
 9 33  1.96368926454019400D-02 -1.39204912846409900D-01  1.08371431463109500D-01
10  1  2.73901471972004600D-01  5.37322926290816200D-01 -2.17873222627591300D+00 -1.13797449030299600D+00 -4.41830711540727000D-02
10  2  1.94381804817751200D-02  5.59547311750435800D-02 -2.04435216929620200D-01  2.31490015868652100D+00 -3.93475805322172300D+00
10  3 -8.07366011131012000D-02 -3.81861680313030200D-01 -4.99830059103161500D-01  1.37143185802776500D-01 -1.78842395121956100D-01
10  4  4.16992093191803800D-02  1.16150536134813300D-01  4.83530361808951200D-02 -8.40844034275206200D-02 -1.47061727041944200D+00
10  5  9.67266439731856900D-01  5.03350830687585600D-01 -5.76556948603461700D-01  1.60829375022810600D-02 -5.59502931803917700D-01
10  6  2.58003308587060200D-01  5.25567662447641200D-01 -4.91152027841537600D+00 -3.17809215976628300D+00 -1.50912819415756000D-02
10  7 -1.60066076842611300D-01  2.73969844556861200D-02  1.61728612387342000D+00  3.98579554105834600D+00 -4.42534370847194400D-01
10  8  8.54575549911970400D-01  2.83031513577210400D+00 -4.25487908327609200D-02 -2.54228672953127800D-01  2.12449400395391000D-01
10  9  4.17792725577382200D-02 -2.51744013704433800D-01  2.02402412512375100D-01  5.29206912573464400D-03  1.56468274084868900D+00
10 10  7.65021953265630600D-01 -2.32970469411431400D+00  1.23609839058110100D+00 -2.22773581299731300D-01  4.49182110186683500D-01
10 11  8.24274017004889400D-02  1.58913883062035200D-01  1.16715556039973800D+00  1.76718814105203400D+00 -9.29886740215458300D-03
10 12  1.65851788070640000D-02 -1.17817079445386900D-01  8.20123384797727000D-01 -2.39886325394547200D+00  4.25278867651841400D+00
10 13 -4.10417024311895100D-01 -1.95474872915727800D+00  1.93504128671764300D+00 -1.96873736688837800D-01  2.80663310762841700D-01
10 14 -8.37895740740014100D-02 -2.53915034279369600D-01  2.96429817140671300D-01 -2.55512268025870900D-01  1.93975545119139700D+00
10 15 -9.92541205509148800D-01 -9.47214245682244000D-01  1.53281300780970700D+00 -4.40377950785903100D-02  1.75146208448011600D+00
10 16  7.02710354837992700D-02  3.80043565906742800D+00  6.92915897271208500D-01 -6.54726414525596700D-02 -1.02644516268104400D-01
10 17 -3.51112093642162200D-02  5.13875854499874200D-01 -5.90436675163034700D-01 -9.74388072850413200D-01  4.53198828170346300D-01
10 18  2.72903731536697200D+00  4.55574073327685500D-01 -3.16583787341962700D-02  2.36107278350075800D-02  6.82285634976490900D-02
10 19 -2.33327271677628200D-01  4.16206651112900800D-01 -1.51278720436396900D-01 -9.83643614438291500D-02  3.48558056827204900D+00
10 20 -3.49664968420034900D-02  2.20171144866868100D-02  1.78069217166476200D-02 -1.23799099401728500D-01 -4.62476668545003500D-02
10 21  1.40495882128608800D+00 -1.13836072618749000D-01 -5.39170109562693000D-01 -5.76158481792814200D+00 -1.62000624073251000D+00
10 22 -2.53833935776416800D-01  1.42843026421321200D-02  5.13453473242950900D-02  1.79682743077101400D-01  1.64236684556297600D+00
10 23  1.51469873550749200D-01 -2.50232780653271400D-01 -6.14192841378571900D+00 -1.27035915713820800D+00  6.19702974547091100D-02
10 24  2.91524952595559100D-02  1.23077847738368600D-02 -3.18881712216277100D-01 -1.67810355714176600D+00  2.01373051784303000D-01
10 25  6.53482056059788200D-01  9.44072810046442400D+00  1.92461703216182800D+00 -9.11071636210571100D-02  1.34098442433423400D-01
10 26  1.16598425945856600D-01 -2.98603676695309200D-01 -1.17208892095451100D+00  2.10793276440227700D+00  7.57242876377388400D-02
10 27 -1.12632639254138700D+00  1.07251515924928800D-01 -8.54436496075371600D-02 -1.97867061720543000D-01 -1.63291454577732500D-02
10 28 -1.29503516505489700D+00  1.81976923831912300D-01  3.36056086390982300D-01  1.57526551562428100D-02  6.46488272648002000D-02
10 29  2.36087138626509000D-01  2.01383145300644300D+00  1.67829806030275700D-01  1.77203822617804000D-01 -1.94386289954879800D-01
10 30 -4.11146879498010800D-01 -2.10747618754173100D-01  3.01210191129328200D-01 -3.97770070341533100D-01  1.48049248449250900D-01
10 31  3.54740348051146200D-02  2.76964933454564200D-03 -3.86978259310655900D-03  1.10013325856100900D-03  7.47679512239986400D-03
10 32 -3.55791662315167900D-03 -1.07062807200502700D-03 -2.03453482402852300D-01 -6.40219963542765100D-03  2.09855682038279800D-01
10 33  4.48162962985198500D-02 -1.63110801773674500D-01  9.00476261513741600D-03
11  1 -2.23873448315893000D-03 -8.68139098367693300D-05  2.43479384712213600D+00  1.58078225030774700D+00 -4.75539460066056600D-02
11  2 -1.27453905742630400D-03 -1.07121510430877400D-02  9.52561901040613800D-01  1.24023758468465800D+00 -1.84470860090415200D+00
11  3 -1.93226258300507200D-01 -3.23593261232425800D-02 -5.78584438795383800D-01  1.97942332807488900D-01 -3.18157851962623400D-01
11  4  1.20215519155135700D-01  4.06467103285586800D-01 -2.46841902290127000D-01 -1.88579673146463200D-01 -1.55986945847364700D+00
11  5  2.08427651201859800D+00 -5.24407053544951300D-01 -1.36756671450846600D+00  4.85875245692692200D-01  1.48739895067335000D-02
11  6  1.45333350002787300D-01  2.63509397143870000D-01  1.23550572988036800D+00 -6.39847726039631800D+00 -8.44228397477252600D-02
11  7  9.99921591268798800D-02  8.73342010643818600D-02 -4.38942856663552000D-01 -5.77341840114739400D-01 -3.28237035247787800D+00
11  8  8.90590622477939900D-01  1.14022798940700800D+00  4.16999087470782500D-01 -2.37819297356598800D-01  2.14280457533623100D-01
11  9  2.35388398229770700D-02 -2.17461809528105100D-01  2.91813925162928000D-01  7.31909182806696600D-02  1.79978248423195600D+00
11 10  6.57750118592479600D-02 -1.86555749609120400D+00  1.26580866539927500D+00 -7.85506717228586000D-01  2.79918945762603800D-01
11 11  6.37770671528567600D-02  1.29489808960948600D-01 -1.47138009850959700D+00  4.56748917496154000D+00 -3.05658268362606500D-03
11 12  1.77406112838188800D-02  4.24823027804205300D-02  5.08165907582049800D-01 -4.82175637679560100D-01 -2.00181932179445400D+00
11 13  7.99184861072499100D-01  4.67309863667568500D-01  6.26134437282675800D-01  3.30953248305784000D-01 -2.07843671768638000D-01
11 14 -1.23109576537145500D-01 -6.35526334838524400D-02  1.76874087859479000D-01  2.64526810792934900D-02 -5.96386239534100200D-01
11 15  1.49414154863259900D+00 -8.97755309098500100D-01  1.27991443743895500D-01 -1.05978965099617700D+00 -5.63018098611807600D-01
11 16 -3.65290493964882100D-02  1.98319470633336700D+00  3.45823830424063500D-01 -2.35694569480133300D-02 -3.47705587592940700D-02
11 17  4.52352230361787700D-02 -7.51932452822592400D-02 -1.26635871848687600D+00 -3.01159164330670200D-01  1.46811223570747400D-01
11 18  8.46833507683109300D-01  6.42294080245510900D-02  2.45816376498294300D-02  4.67246435859823400D-02 -5.43296172917415800D-02
11 19  9.01089843425424700D-02  6.53601138494798100D-01 -2.11721712790656400D-01  1.63824563298279900D-02 -1.10523861813825400D+00
11 20 -2.02740343695451900D-01 -2.52545038539145400D-01  9.53725117538673900D-02  1.43543481075349500D-01 -1.23379320790810100D+00
11 21  2.40450573386992000D-02  1.19557237658818000D-01 -4.81451746734650500D-02 -1.09648052531812400D+00 -7.01717105785065600D-01
11 22 -9.53611250030007400D-02 -1.71145176758324300D-02  1.55738703087946600D-02 -5.57961117613163700D-01  5.77073559141009000D-01
11 23  6.15708679307254400D-01 -6.93069264630395100D-02 -1.41547523207867000D+00  5.47939261006452600D-01 -1.18248054850655700D-01
11 24  1.58417939500492000D-01 -5.39329647176808100D-03 -7.56042455784993400D-01  3.09292299093137000D-01 -4.12034852387361600D-01
11 25 -2.40420638663708700D-01  6.83519227663976300D-01 -1.89217699112625500D-01 -2.50079380279832700D-02 -3.92887640137898100D-02
11 26 -3.06590249821322000D-02 -1.10486619279345900D-01 -9.85104847596741900D-01  4.00190559784053300D-01  1.11018835585059100D-01
11 27 -2.98125215125693800D-01  2.63649191104288400D-01 -3.70152209628755900D-02  1.30170755983602100D-01 -1.29244060038516400D-01
11 28  1.30367034271729700D+00 -9.46975874655327700D-01  3.36481544175949600D-01 -2.59752326736402200D-02 -7.72785571470704100D-02
11 29 -1.09083495815187300D-01 -1.07321918018015600D+00 -9.74207620385574700D-02 -2.26465974738182200D-01  3.77351909361307100D-01
11 30  1.98594138791879100D-01  4.01985329846960300D-01 -6.24393494551073600D-01  1.69377195168472000D-01 -2.49733127471674900D-02
11 31  8.26403034156671800D-02  2.16432012240672900D-03 -4.38803195624641300D-03  2.22371183383833400D-03 -4.03404248965469100D-03
11 32  1.74836413813612000D-03 -3.49350022144536600D-04  1.18018202762441300D-01 -1.80926876977829400D-01  6.29086742153880900D-02
11 33 -1.39659667186969400D-01  5.44923695293845400D-02 -1.42878962764432700D-01
12  1  2.04224478096705600D-01  4.03681521452400400D-01  1.86427657035274300D+00 -4.41705861884041100D+00  4.40470810641324400D-02
12  2  5.72024506709934100D-02 -6.63243925471350300D-02 -8.45580154762648800D-01  1.52292652440365300D+00 -3.51643532963985600D+00
12  3 -6.79708325357029500D-01 -5.89456373297456800D-01  4.49254925681529000D-01 -2.99198079032374400D-01  5.80817945523730300D-02
12  4  2.41116284480000400D-01 -8.98788054302175500D-02  3.80911061084009900D-01  3.14260048182359100D-01  4.57710676081692700D-01
12  5  3.31332062790957500D-02 -4.90843882360789900D-01  6.44228951941746500D-01 -2.72054214096540800D+00 -1.69792318771696900D+00
12  6  1.16001403515640900D-01  2.34877541334039700D-01  3.34292366202407000D+00  2.61572062527930500D+00  1.68731672615545900D-01
12  7 -8.07271485038229400D-02  7.16116018795041200D-02 -3.73829584020931300D+00  1.75442626157908100D-01 -5.29944365708364500D+00
12  8  5.27218201869655200D-01 -4.17558331086848300D-01  1.57786927017405000D+00 -1.50552428992361900D-01  1.92466355467347400D-01
12  9 -4.19139264749853300D-02 -3.05652109694214500D-01 -1.44136509518203600D-01  2.73845132512464500D-02  1.03726572793760000D+00
12 10  1.11292277820208700D-01 -1.14855800575780700D+00  2.83574667338879300D+00 -6.36267093890741100D-01  2.50446943055500900D+00
12 11  2.29873690057603700D-01  4.84934331598994700D-01 -5.67353720094613800D+00  1.84175578956743300D+00  1.69875068180654900D-01
12 12  1.12886224010502700D-03  9.83607819434678000D-02 -2.56774869381722800D+00  1.15506231501444900D+00 -4.09883866081047600D+00
12 13  4.88517052017767600D-01  3.41662374513842800D-01 -4.99636613295432500D-02  9.95252917836564200D-02 -2.76237845404170100D-01
12 14  1.76712553620513900D-01  9.70690713541135100D-02 -3.19537548900639500D-01  1.40466615314303700D-01 -1.18060717807533600D+00
12 15  2.39205442635354300D+00 -1.21144724827820800D+00  3.12718293209217700D-01  5.18531558006143700D-02 -2.50031484978701700D-01
12 16 -5.57001685991421300D-02  1.37914777618892400D+00 -3.07180189281340000D-01  9.95224063453701000D-02  1.36345956158683800D-01
12 17 -6.35141836964167900D-02  1.17136936803482800D+00  3.42581020896257600D-01 -8.97056125647612600D-02  1.21906601639600800D-01
12 18  5.29570677805049300D+00  6.27022897941775600D-01 -6.17223621473603000D-02  4.20334692694587300D-02  1.87530757607916400D-01
12 19 -1.97891648019843000D+00 -3.77103282379771200D-03  5.83919611209235600D-01  2.08389615158329800D-01 -1.45282384166929100D+00
12 20 -3.01194217845398700D-01  6.40004911616897900D-02  1.91478486910597000D-02 -1.19171275769961200D-01  2.23058544529756000D-02
12 21 -7.59968830932702500D-01 -8.75757010884127300D-01 -1.46511634861725600D-01 -3.60066211592836600D+00 -7.42027971529342800D-02
12 22 -3.67489712691413200D-01  1.22301758270080700D-01  1.40321020692996700D-01 -2.51292559004748300D-01  1.05762942107251900D+00
12 23 -4.24386032606872500D-01 -1.89367998374916100D-01 -1.02767280040308000D+00  3.43317427657609300D-01 -8.57005940889365300D-03
12 24  1.46900108961002500D-01  1.72569895645779800D-01 -6.10950050022687400D-01  6.89902811650230400D-01  3.69690580128089400D-01
12 25 -2.02666000510564500D-01 -1.71169152118959000D+00  3.60084878803085600D-02  1.77114632750432700D-01 -9.93565083225897300D-02
12 26 -1.33942676286780900D-02  2.52297538241211300D-01 -4.05896644181015800D-01 -4.44118194107303800D-01  3.18472192809275600D-02
12 27  1.08477928896710300D+00 -1.15482452769812800D-01 -2.04801786402061100D-02 -1.99821226998223300D-01 -1.27841092047843700D-01
12 28 -3.31913386260212300D-02  6.27098552794099500D-01  3.60326629905176800D-01 -3.43522230100408900D-03 -1.35860859581489600D-02
12 29 -3.35267835263522000D-02 -4.41700746345317700D-01  8.47976719402509800D-02  9.28550849780814500D-02  1.98696344567753600D-01
12 30 -6.51411663239893600D-02 -1.75101711520781400D-01 -3.18207871198351700D-01  1.22053407791883000D-01 -1.88137816050850100D-01
12 31 -7.91745002674024500D-03  8.62556354303466000D-03 -4.10792599754463200D-03 -4.51763754549038500D-03  3.84781544401700900D-03
12 32  5.69102669807590600D-03 -5.05083243661591500D-03  1.11718092590639000D-01 -6.52418402041783400D-02 -4.64762523864606400D-02
12 33 -9.90830395532868000D-02  3.75215866124299600D-02 -5.87054884380805600D-02
13  1 -1.09672009414259300D-01 -2.23743188764484000D-01  2.75543476530407700D+00  4.68326987197660800D+00  4.40899571875956200D-02
13  2 -6.60616277438922000D-02  3.64676872240156400D-02 -7.42055445246153400D-01  2.30044892573693000D+00  2.49980198126752200D-02
13  3 -1.07707551109095600D+00  6.25983355371880200D-01 -7.46494220668549500D-01 -1.74610373013370200D-01  3.43880853992479300D-01
13  4 -1.69270480979110900D-01 -3.41436041914237600D-01  5.21015997245051800D-02 -7.03791139269797200D-02  5.14985440807408800D-03
13  5 -7.79329996991436100D-01  7.74180142583362000D-01  1.68104007153563700D+00 -1.00721307167653500D+00 -2.36074052244283000D-01
13  6  7.39352377835112100D-03  6.85804714026129500D-04  3.55557096755029500D-01 -9.75936850973754100D+00  1.13159681484477400D-01
13  7  8.99698966398820900D-02 -3.46091914300320500D-03 -2.06924116742618400D+00 -1.09221925808123200D+00 -1.72245297809611000D+00
13  8  9.53626787234560200D-01  2.63266873992147500D+00 -1.37137119155463800D-01 -2.94513383674659300D-01  7.90286608962786200D-02
13  9  2.15484722778381500D-01 -1.04010861584876500D-01  1.16864331732366700D-01  6.11763815496240400D-02  6.50109289246759800D-01
13 10  5.95842417100521900D-01 -1.24595170634728100D+00  7.21301170803826400D-01 -1.26342414939664700D+00  9.21462888652343700D-01
13 11  8.34429012670947900D-03  3.17052486483904600D-02  6.93648553509802500D-01  4.59155587595083300D+00 -5.53827847255937600D-02
13 12  5.89294832845874900D-02  5.50428797735204800D-02 -1.27730203259301000D+00 -5.73609024332378500D-01 -8.72641183423912200D-01
13 13  4.84829758989541900D-01 -3.48255865566310000D-01  8.08296697623130600D-01 -2.18054976600664100D-01  2.55926894604249700D-01
13 14 -3.78719180035836200D-02  8.20633242696876400D-03  2.36680574942878700D-01  1.38990374341939400D-01  7.08323988156027200D-01
13 15 -7.83512526779561900D-02 -6.29972735478072200D-01  7.12870831517757400D-01 -1.19752387489719700D+00 -2.07580387941866000D-01
13 16 -1.00545836309985800D-01 -2.88347076978787100D+00 -6.24535542693123200D-01 -1.34124030669568100D-01  7.28045321216348200D-02
13 17 -9.58206723207558100D-02 -4.04228456887081600D-01  1.02054212890383700D+00  3.18287666569186100D-01  9.00592352288508300D-02
13 18  2.80414468724207700D+00  1.12848904399399200D+00  6.75976163993080700D-03 -5.91069209946975700D-02  1.25828378288124400D-01
13 19 -9.14434805610094200D-01 -8.63546117619712100D-01 -2.32007494403668900D-01 -1.82216244163975700D-02  4.86406980914444800D-01
13 20  1.31177919668691100D-02  1.91888566106201300D-01 -9.47610512172867300D-02  6.98158877718564400D-03  6.15586337940344100D-01
13 21 -1.89909147486829200D-01 -4.42383796928135300D-01 -5.02738629717020900D-02  1.37062117508159500D+00 -1.27448835965486500D+00
13 22 -8.88257979992719700D-02  4.24680700087104500D-02 -7.07623128298491300D-03 -2.36575692926560900D-01 -5.78150691925524300D-01
13 23  7.96513979640604400D-02 -1.91992490303646500D-01 -4.79850018112268300D+00  7.96014142221109900D-02  1.66612858705002300D-01
13 24 -7.65111447149190400D-02 -1.15815335541161300D-01 -7.98233123954788600D-01 -1.37918143634648700D+00 -2.78030728367269000D-01
13 25 -2.13700269885396900D-01  2.74083534591843800D+00  3.78152378275953200D-01  8.33839078214620400D-02 -4.83702493821983200D-02
13 26 -6.06665087661599500D-02 -1.73702298555414300D-01 -7.83859034766030500D-01  9.94104766351880400D-01  2.25044323901589100D-01
13 27 -3.47857428917796800D+00 -3.33805854096390600D-01 -7.53963663761760700D-03  2.69488432436100200D-01 -6.01829858446250300D-02
13 28 -1.09272188553627900D+00 -1.43942497416269300D+00  2.17758854707224400D-02  4.39768205900441900D-02  1.36368735421281700D-01
13 29  1.86898130683612500D-01  2.89734625133331700D+00  3.54592514211928000D-01 -4.57095199922818700D-01  8.86880888414985200D-02
13 30 -7.80605420311270900D-01  8.74111637934575000D-01 -8.88024150364777500D-02 -4.27713019162589800D-01  1.89958051648376500D-01
13 31  2.61117021596318200D-01  1.58531815224349700D-03  4.72905664572461000D-04 -2.05822381681566600D-03 -8.19181721864242900D-03
13 32  2.75790401407550900D-03 -3.32505854704131900D-03 -1.27232476519233000D-01  8.97888556307743600D-02  3.74436208884585900D-02
13 33 -1.13916284231068400D-01  5.63078962176093400D-02 -1.31959675795368400D-01
14  1  4.15090588474262300D-02  5.50155108849561100D-02  1.73130514745607300D+00 -8.30858066933195100D-01  1.04246981536278500D-01
14  2 -8.36353977290978800D-02  1.15813967199988700D-01 -1.70993500335677800D+00  1.14748169664164400D+00 -3.94685673506500400D+00
14  3 -6.79216224872619600D-01 -7.85479590258729000D-01 -5.02822737241275200D-01 -2.98842508890228100D-01 -1.34014831099712700D-02
14  4  3.12243992000199700D-01 -3.72721956810058500D-02  2.90882833453874100D-01  1.78301332484581600D-01  8.26890226057913700D-01
14  5  3.33578941383384100D-01 -1.16046916744129500D+00  4.82194480528021900D-01 -7.68577285357611300D-01 -1.79841709180580500D+00
14  6  1.93647604829380200D-01  3.66451581522068400D-01 -5.27061830437672400D+00 -8.31854748252964100D-01 -1.09760704724219600D-01
14  7 -1.58834062950489400D-02 -1.24324806964835600D-02  3.80750049194964300D+00  4.83939642676197300D+00  1.94038132490757100D+00
14  8  1.56700897322478800D+00  2.16639198504190200D+00  9.44589240975454400D-01  4.75474993904185100D-02 -1.09096951896457200D-01
14  9  6.15494525060406000D-02  1.97717774475019500D-01 -5.04921177431698200D-02 -4.69890380385044700D-01 -7.66415042310747500D-01
14 10  3.39571695237598500D+00 -2.62930191006523500D+00  6.06539270980678200D-01 -1.28899929567120800D+00  1.99901387907586600D+00
14 11 -8.00577048831706300D-02 -1.17221966480700000D-01  5.33577323004769400D+00  2.13888547834890300D+00  1.03874202131714800D-01
14 12 -5.99997765953131900D-02  3.13090232851280700D-02  1.74458531009533800D+00  1.05340022509899700D+00  4.96289737553175300D+00
14 13 -2.15727610201767400D-01 -5.17248227733436600D-01  9.37243930873082400D-01 -9.33314322916895100D-02  1.69080129789964400D-01
14 14 -7.57486974982755600D-02 -1.22935311565145600D-01  1.25271087677942300D-01 -1.16860025485022400D-01  9.46647965588330100D-01
14 15 -9.57423660611131700D-01  1.07756950228007500D-02  1.44579960430380800D+00  3.45478881442860900D-01  1.67809193657065000D+00
14 16  3.54626879164855900D-01  3.40835230401378900D+00  3.68520278525307900D-01  2.32435999922178500D-01  1.60513715643973400D-01
14 17  7.84605251693135500D-02  1.04431432897856300D+00 -4.63446538162246700D-01 -1.94676964205527000D-01  8.26069280926691300D-02
14 18  3.41070907578772400D+00  6.13877754811290100D-01 -3.18865142153114700D-02 -2.10930320365000600D-01  9.39370377253730100D-02
14 19 -1.40171649796182400D+00  3.39509068729535300D-01  2.93495719779132600D-01  5.30314250119950200D-02 -2.61667144167670900D+00
14 20 -6.23784230826261600D-01 -2.43941591419373800D-01  6.87996679373598400D-02  6.48333269031991400D-02  3.25989049269654100D-01
14 21 -1.13465861080265700D+00 -6.75517670407027500D-01 -8.58900697791417000D-01 -1.01278225218230900D+01 -1.67254153759006700D+00
14 22  1.52775444818098500D-01 -1.32944468823782000D-01 -2.59803369267886800D-01  1.44682933398856400D+00  2.19171877447784300D+00
14 23 -6.12033087456476200D-01 -3.05705430314813300D-01 -1.90039964819760300D+00 -1.93576800097363100D-01 -9.95444735974103100D-02
14 24  9.13653835776712800D-02  8.31321451443440300D-02  3.84734485079368800D-01 -1.00601568462123800D+00  5.39107327106093000D-01
14 25  2.15231433394385300D-01  6.67888128873596000D+00  6.80642027717273800D-01 -1.21549114366727200D-01  1.33467844441855100D-01
14 26  6.26048684209381700D-02  1.48015225681234400D-01 -9.23175957517142800D-01  1.78032398784087600D+00  1.37684462727774400D-02
14 27 -1.34040059831154700D-02  3.77524345256870800D-01 -1.35466279527096900D-02  2.96237179265042600D-02 -2.70424568071227600D-01
14 28 -3.33750179239405000D-02 -3.64086819255982600D-01  4.10918981630747000D-01 -3.37900697883140700D-02 -8.98515711877399000D-02
14 29  6.42336039792254600D-02  5.28447758997433700D-02 -1.31252100225325400D-01 -2.17794845211378100D-01  1.13007911380500400D-01
14 30  2.63382612303202700D-01  3.60330917061554600D-01 -2.12335286263182900D-01 -1.47949414671835000D-01  3.66126000875342900D-03
14 31 -3.57340282944400400D-02  9.53070021525069400D-04  2.21095814945209600D-03 -3.16402817097845000D-03 -3.90039464016381400D-03
14 32  5.23407147150851400D-03  4.65366663491726600D-03 -1.34558590567792000D-01  1.55183300283474200D-01 -2.06247097156822700D-02
14 33 -7.78203714347835100D-02 -1.40535498875867600D-02  1.42382129081190900D-01
15  1 -1.40583688871235100D-01 -2.79414060841390400D-01  3.84433104756955000D+00 -2.13295358120609400D+00  3.20838756628382300D-02
15  2 -6.00741024065358000D-02  4.18564803099990600D-02  1.69877622179081800D-01  1.11026726582180600D+00 -2.73729104726357600D+00
15  3  4.20578275677368800D-01 -1.86686994438824300D-01  3.66086076713132600D-01 -2.39347036347718200D-02 -1.67775999367351000D-02
15  4  4.07123035715077800D-02 -7.16229913595979900D-03 -1.63375198218489600D-01 -6.20683358012671900D-02 -1.43017107717995100D-01
15  5 -3.35287369921385700D-01  4.78304477639380300D-01 -4.48022460296447300D-02  1.10186904965836600D+00 -9.04614386466433300D-02
15  6 -6.10841787222924600D-02 -1.13020958312962900D-01  1.43004507949613700D+00  2.79793257843483000D+00 -9.00792855723804700D-02
15  7 -3.91262648827781900D-03 -1.09040466542704300D-01  4.28139437604165600D-01  2.39666117777662000D+00 -1.40877077992782200D+00
15  8  4.04528310949170400D-01 -8.51873786038951700D-01  1.04406056373146500D+00 -7.22697795453708000D-02  1.82918875953684100D-01
15  9 -1.10649096408313700D-01  1.48219736928433900D-01 -2.39777156220187500D-02 -2.84853965348436200D-01  6.16780820285835100D-01
15 10  1.04147055923610500D-01 -7.20927876209444900D-01  8.36345008032871400D-01  4.00350798843230200D-01  2.36384381691526800D+00
15 11 -3.52105435677447000D-01 -6.64071967920340400D-01  4.29740373825377200D+00  2.53016589107049400D+00  4.78913385538557700D-02
15 12 -9.23392161729211500D-02  5.65734093745134500D-02 -1.26191336820526300D+00  1.42629946317962800D+00 -3.08221722049525200D+00
15 13  3.82338844926047900D-02  2.69993697505841200D-01 -3.28741666112607300D-02 -3.36427062862217100D-02 -2.76621463792276200D-02
15 14  6.13048526654487200D-02  2.87909336151972000D-02 -1.14706864322437300D-01 -2.72238166114705800D-01 -1.44803859640475000D-01
15 15  6.71465651509741600D-01 -5.26661791869268200D-01  5.75520443827689900D-01  7.35394701475318300D-02  2.90447687156005300D-01
15 16  1.51107264911893700D-01  1.24681988677032300D+00 -5.15793554324525900D-02 -4.61925967093647800D-01 -1.51301308856639200D-01
15 17 -1.52606733374809700D-01  3.53099169579722100D-01 -2.63481629005979500D-01  6.87339653790725600D-02 -1.27613172259667000D-02
15 18 -1.05639505491767700D+00 -5.51265968653495100D-01  8.26959052848465100D-04  4.09772459104092800D-01  2.58363501024577700D-01
15 19  2.78334914182066000D-01 -6.13118972705586500D-01 -5.41003682246889600D-01 -1.15302958283463200D-02  5.72435579107965700D-01
15 20  2.11882738594049800D-01  3.95359249608525900D-01 -2.49213457610641900D-01  1.84360926591128000D-01 -3.59805156949179100D-01
15 21  3.49859222061426600D-01  4.17070703145939300D-01 -4.65546956798101800D-01 -4.76496828477368000D+00  1.21384701462403300D-01
15 22 -7.03570797708230600D-02 -2.37724096447115300D-02 -5.51094297744310000D-02  3.46899703706588000D-01  1.51475711029758200D+00
15 23 -9.73047145898347000D-01 -2.27600705432622500D-01 -3.00049211313927300D+00 -1.81353748051223300D-01 -1.27579661283270100D-02
15 24 -2.37933473778777900D-02  2.91724647218039500D-01 -5.16223278977598100D-01 -3.69426366287311900D-01  1.56506702918416000D-01
15 25 -5.95666889118442700D-01 -3.87287750057774800D+00 -2.06471004586283400D-01 -9.52735399775161700D-02  6.77865179892962300D-02
15 26  6.35345428283904400D-02  1.78380786995781100D-01  7.84068298319889400D-01 -1.17913952024579600D+00 -9.01979684386233500D-02
15 27  1.38174484007328800D+00 -8.14538497491024100D-02  5.02276085355945600D-02  8.09947366478651300D-02 -3.17911452705967200D-01
15 28  7.25616408893455200D-01 -2.56776614762230100D-02  3.26142117134214100D-01 -1.60727305950019600D-02 -5.68717390819290900D-02
15 29 -1.17900806280829300D-01 -1.70767753894344700D+00 -1.20034197380602900D-01  3.49899879517384200D-02  4.19736700943894600D-03
15 30  3.66439042408824100D-01 -1.01887491107548300D-01 -2.34047268395515900D-02  3.39315664291300100D-01 -6.88465266815070500D-02
15 31 -4.03431565985252100D-01  3.36310137808151900D-03  1.37287852670262700D-04 -3.50038923075442300D-03 -3.83205595778881200D-03
15 32  7.40219038932490300D-03  5.02596728147446400D-04  7.49755300200604900D-02 -3.27077698783117100D-02 -4.22677601417487700D-02
15 33  3.74891581372880400D-02 -9.92131305846558100D-02  7.91696018372262500D-03
16  1  5.32741984793300600D-02  9.05676562169325800D-02 -3.13649196817069300D+00 -1.22334987229259000D+00 -1.83481454766514100D-02
16  2 -1.11182118540172300D-02  4.02374905942689500D-02  3.87067685798448900D-01 -1.55308733104718500D+00  2.49083499052759400D+00
16  3  7.17873773661547200D-02 -4.51950176446501000D-01  3.21271594171603800D-02  3.60539471839385300D-02 -1.65170847009522800D-01
16  4  1.29116899825584600D-01  1.56215324751520200D-01  1.84725922714529100D-01  1.80624096828120000D-01  2.07524522314408000D-01
16  5  1.77926839959015800D+00 -1.98679292190456400D+00 -5.97700127032601800D-01 -1.10895311700341500D+00 -6.96032622250624600D-01
16  6  4.03318115953470700D-02  9.79902700207001400D-02  7.14244371823258800D-01  9.83427755813730000D+00  1.64313445300318500D-02
16  7 -1.09297826607552300D-02 -6.80867075089026900D-02  1.50718469125382100D+00 -9.78932781980077900D-01  3.70879608512805800D+00
16  8 -1.12342411322946200D+00 -1.22694586449777600D+00 -1.57859526619847400D+00  2.21501520071803700D-01 -4.11068221124412300D-01
16  9  1.89566701052609400D-01 -1.85553731543901600D-01 -9.57802841668399900D-02  1.63784046539398600D-01 -9.52041302370797000D-01
16 10  2.29484472644119000D+00 -1.34280342407039300D+00 -9.43544409804053800D-02 -9.83846197663870300D-01 -2.83673945672512800D+00
16 11  3.45924977591101500D-01  6.68303846066868800D-01 -9.94877480699152600D-01 -8.34903806710017300D+00  1.61263163503219000D-02
16 12  1.13584698739477300D-01 -2.43220479585462300D-03  3.56748738924608500D+00 -7.23965568272522900D-01  3.66909175686684000D+00
16 13 -4.94120462397439400D-01 -1.14688930471992500D-01 -1.10397453337709300D+00  2.16833563002686700D-01 -1.38210497289513700D-01
16 14 -7.86230657131724700D-02 -1.46835179934689600D-01  4.61625962904980600D-02  1.94185297655453000D-01  3.24971387528275100D-01
16 15 -9.79675006906125800D-02 -2.27003886837660400D-01 -2.48732912689768900D-01 -4.37742005106320300D-01 -6.55427739971407200D-02
16 16  1.47643023218473500D-02  8.65264218500510400D-01  4.76163737702322600D-01 -1.61947101782498900D-01 -3.81875697354061200D-01
16 17  1.21655671630783000D-01  9.69819431871094800D-01 -4.89391687146094700D-02  1.79139554232522100D-01 -2.78528570867724400D-02
16 18  1.67083052718425200D-01  1.15002121948914700D-01 -3.98604651164109600D-02  3.11624141503319900D-01  2.02008406562130500D-01
16 19 -1.88605665802666200D-01  2.83731627190684100D-01  3.99073173183355300D-01  4.05683093846330100D-02 -3.86194114442008800D+00
16 20 -4.92624349398668400D-01  2.10665470544970600D-01 -1.04681743097602900D-02 -5.45935811655255500D-01 -1.32998073611973100D+00
16 21 -7.64581734200021500D-01 -2.58470708757373300D-01  8.68356872839294200D-02 -3.17473000430100600D+00  5.63835502540763200D-01
16 22  5.86576451140139900D-02  6.43752695024247100D-02 -1.38132185535211200D-01  6.31850507643428400D-01  2.86307721205097200D-02
16 23  1.18558113356336900D+00  1.65524301012006500D-01  3.44172857658705700D+00  3.77110266636162300D-01  1.86016772678862000D-02
16 24  1.77432359065731000D-02 -2.00018323114224300D-02  4.82125579028890400D-01  9.03331370910205200D-01 -7.54580200192669100D-01
16 25  4.49357516113614500D-01  4.86131462444076900D+00 -2.20725621854444100D-01 -1.63255902234900400D-01 -5.77020495887065400D-02
16 26 -1.52053149774821000D-02 -1.87821299629618600D-01 -1.30859787727996600D+00  1.21647343553579100D+00  1.00083706747496900D-02
16 27  3.79048669935195900D-01 -3.36136162624813200D-01 -3.67650212916454800D-02  2.16680108006932200D-01  1.02494619682051600D-01
16 28  1.47884849453782200D+00 -7.05785786529719200D-01 -2.69498861524847600D-01 -1.36285826025332200D-02 -4.09951266731884300D-02
16 29 -1.55346684257039800D-01 -1.87203087379704900D+00 -1.29487673218867900D-01 -2.57207407931777300D-01 -5.40731923984541200D-02
16 30  2.43846333114148700D-01  4.57975381813494900D-01  9.59713243648792500D-02  4.09823605256786100D-01 -1.79532138742351000D-01
16 31 -2.55109714769062400D-01 -2.02404877784179800D-03  3.21326597075266800D-03 -1.18921719291061400D-03 -6.02993863255086000D-03
16 32 -1.41291761956600600D-03  1.41026192504012100D-03  8.77606225799158200D-02  6.25647557372064400D-03 -9.40170981536363900D-02
16 33 -9.12834224371857200D-02 -3.13835613126607800D-02  9.52396810201942600D-02
17  1  1.37825877039785900D-01  2.91907241349585100D-01  7.70673061453168400D-01 -9.88485356954316400D-02  3.29112004158176500D-02
17  2  2.87487731347789600D-02 -1.00765028611020800D-01 -2.13305977686435400D+00  7.23274909324048500D-01 -3.00335241338855900D+00
17  3 -6.42048895934874800D-01 -1.19707857476882400D-01 -4.00726315172500000D-01 -1.62376277463548400D-01  3.59888109911493300D-03
17  4  1.58777396364433000D-01 -1.12387666903004100D-01  1.33637581056132700D-01 -4.36650261861848300D-02  8.64962554559594700D-02
17  5 -3.28003187289935400D-01  2.41506931833974000D-01  3.40737148944547400D-01  1.24120182475945900D-01 -6.29135059417824100D-01
17  6  1.96099568475754400D-01  2.95409939418657900D-01 -4.30542398039556700D+00 -8.83019047733020400D+00 -3.69900575741424500D-02
17  7  9.92043375654413500D-02  3.50896702102161000D-01 -7.06440464756855500D-01  1.19314253613446100D+00 -4.49338238813004000D+00
17  8  1.01878826401197700D+00  7.71475583510546500D-01  1.66000119225677300D+00  5.90196373183313700D-02  4.75843662167814600D-02
17  9 -1.06604003535110400D-01  1.74844455498558000D-01  1.43698713657524600D-01 -8.08944625932708800D-02 -2.41903833328750400D-01
17 10 -1.16251848201518200D+00  1.40442231534393200D+00 -1.63700675663488700D+00  7.48783020685130700D-01  1.35830660867694600D+00
17 11  2.54681383968784400D-01  4.77976708108072300D-01 -7.71956089109290200D+00  5.06967218797659300D+00 -2.55186532909711800D-02
17 12  4.49612157499144200D-02 -9.33059659162899200D-02 -1.00912653161388300D+00 -9.01000280646544900D-01  1.94583891015864400D+00
17 13  9.44786565540379000D-01  5.56259006757278500D-01  1.00937030938477700D+00  3.85191965821449400D-02  5.10862915038525700D-02
17 14 -8.96054880859972200D-02 -2.80642891092914500D-02  3.21661545338940400D-01  2.00615682158840200D-01 -7.17547842713152800D-01
17 15 -7.02308471568564000D-01  1.41985631428171800D+00  1.99561051246244200D-02 -5.80511140489781000D-01 -8.64597525187866700D-01
17 16  1.66421993793164000D-01  1.38371708500199700D+00 -1.07950682668966800D-01 -2.89769145337252700D-01  1.29769940398168300D-01
17 17 -1.89608239501944200D-01  4.67606374134163400D-01 -7.14801612074757300D-02 -1.79065457060448100D-02  3.20896409367138100D-02
17 18  3.37771193523315500D+00  5.68210978353877900D-01 -1.07629044787267600D-01  1.49656316508532000D-01  3.31991796224885900D-01
17 19 -1.01526099301626600D+00 -1.38094710330407400D-01 -5.14575127267888200D-01  7.48590735074893700D-02 -3.19958982251002000D-01
17 20 -3.10137040699603400D-01  7.91928725893735200D-02 -3.41362699209471600D-02  3.75607665867929600D-02  1.52452957527788800D-01
17 21 -2.62316049574922000D-01 -1.54856737694685300D-01  4.17048767633666300D-01  3.52820807447616300D+00 -3.34105212910541600D-01
17 22  3.17359270525740000D-01 -1.71033100968867100D-01  4.21250879282859500D-02  8.88472992343420200D-02 -4.44104791168829100D-01
17 23 -3.74719457325785900D-01  2.36901685241357400D-01  2.42482485271700100D+00  5.80162409350716400D-01 -7.56578254934092700D-02
17 24  6.10646923034234900D-02 -2.96855022717128000D-01  6.42417390085672000D-01  5.36082129775834600D-01 -5.82045957199469100D-01
17 25  3.87035110104423000D-01  1.24186635610617800D+00  3.41927219557733400D-01 -1.23998204280214400D-01 -6.48491317206241500D-02
17 26 -9.85418879442846300D-02 -3.31619020826135900D-01 -8.69408552634957400D-02  1.02286764134869100D+00 -2.40515235582243400D-01
17 27 -5.63239156484851200D-01  3.22059246901641700D-01 -2.84031386756296600D-02 -2.79737548985075900D-01  3.05007200121767800D-05
17 28 -1.57248393919935600D+00  7.36219946191727600D-01  6.07973901255126500D-01  1.79312401558984500D-02  6.38499223581105300D-02
17 29  2.39014949050824000D-01  1.92881816349464800D+00  1.23140300927259400D-02  2.46278978017483300D-01  3.27113979168361000D-01
17 30 -1.46938024322635500D-01 -4.32963976546813000D-01 -5.90935313158177800D-01 -6.02071588195496700D-01  1.71849864433886300D-01
17 31  2.97054715102864900D-01 -1.13284780532993200D-03  2.66501615552273500D-03 -1.53216835019091000D-03  1.07066285206342200D-02
17 32  6.83021521263844500D-04  4.02788744337814700D-03  6.46315443043888700D-02  5.15672216720070700D-02 -1.16198765976396000D-01
17 33  8.62712753991923400D-02  2.12824337923730200D-01 -1.02401808384395400D-02
18  1 -5.39870598967983400D-01 -1.04985201130681700D+00  5.53221704944373900D+00  2.54739866792680600D+00 -2.82456538772319000D-02
18  2 -7.43764609309881300D-02  1.84933698285011800D-01 -1.07943696243319700D+00 -1.58662001799071100D+00 -1.67478067839350200D+00
18  3  1.40123288278453000D-01 -1.13242729779996300D-01 -3.50617662425664700D-01 -8.69911681070959400D-02 -1.38778161063018400D-01
18  4  2.25769329170113500D-01  2.35019100472613200D-01  2.93279112346305100D-01 -2.89649009280356900D-03  2.07127212352130300D-02
18  5  4.56506119967596000D-01 -4.77218841202804900D-01 -8.50283610317199300D-01 -2.86729659730778600D-01 -1.32237981167400700D-03
18  6 -5.79190637528517500D-01 -1.20270035080008000D+00  1.55359876528775900D+00  6.09705658752580000D+00  6.76228303461303100D-02
18  7  2.23473722135012300D-02  5.20553153143175900D-02  3.69297911675333300D+00  4.97432356388378100D+00  1.32662087319273800D+00
18  8 -8.23410088318181700D-01 -1.28071047740240700D-01 -1.17676701684979000D+00 -3.50915576944870400D-01  2.68073111697863500D-01
18  9  8.28424652470086700D-02  2.40330399261027200D-01 -8.53425348506759400D-03 -1.31696145086661900D-01  9.15266805086116100D-02
18 10 -6.41185087889024700D-01  5.49658407380415300D-01 -4.90401242893156500D-01  3.92441559774288900D-01 -2.09724565633855500D-01
18 11 -3.73364239779494300D-01 -6.66306721676407500D-01  4.63547296454155000D+00 -4.73598063233738500D+00 -1.11049989385320800D-01
18 12  4.62102593628517100D-02  8.65708175948043300D-02  9.99538780623148200D-01 -1.93444454339963100D+00  4.19250065855979900D+00
18 13 -1.03117221277731500D+00 -6.57770798403670300D-01 -1.16249669844023000D+00 -8.82011550074698200D-02 -9.83218679547884400D-02
18 14  1.86523022962256100D-01  1.60262831331616000D-01  1.17951496487818500D-01 -7.37943689609385800D-02 -2.99427947163133000D-02
18 15 -1.83505611387860300D-01  2.13448406104174600D-01 -1.24807939103022800D-01  9.03411345892550600D-01  2.32083724857122900D-01
18 16 -7.14465788385685500D-03 -9.11452488570240400D-01  2.26563021122303100D-01  4.38688999981425000D-02 -1.88120915159402500D-01
18 17  2.69168913914990600D-01  4.84455336775933100D-01 -5.75548541612288900D-02  4.47353588507426600D-01  6.67132393080838000D-02
18 18 -1.86318137736222500D+00 -3.82837390114514600D-01  4.53125729691206000D-02 -4.45372119877296600D-02  4.68591438843689100D-02
18 19  4.64055968955643700D-01  4.60809372747381900D-01  9.19171071016430100D-01 -3.30855831086184000D-01 -2.97769063829491000D+00
18 20 -1.80233632967386100D-01  2.97797482496216500D-02 -1.11765434562876800D-01 -2.35590709267604400D-02 -6.68813717360506300D-01
18 21 -6.09361826731572500D-01  6.90150650286806400D-02 -4.06846904067898800D-01 -7.89442113645057100D+00  9.07784538771385900D-02
18 22 -1.64686119703693100D-01  8.50955399060003400D-02 -4.44745123241854100D-02  1.11458678304562400D+00  2.82421250197651500D+00
18 23  4.06974638963230000D-02 -3.66741693266935300D-01 -2.01073129971714200D+00 -7.78838899528804600D-01 -7.37735352877668300D-02
18 24 -5.99728774166247800D-02 -2.83762887335382200D-01 -6.31239349510426300D-01 -4.12142999765565800D-01  2.06235787456396000D-01
18 25  1.95499183992055400D-01  2.99162955909705300D+00 -3.29798059192614500D-01  4.39915236148562700D-04 -3.49870258680040100D-01
18 26 -3.91046429645722800D-01  2.19165701924883700D-01 -1.59034103196144800D-01  7.90386990301191300D-01 -5.05439518954929000D-02
18 27 -9.24193800914645700D-02  4.00971465608419300D-02  6.10482322666898400D-02 -1.26646443349324500D-01  1.66124146990225700D-01
18 28 -3.17912876520291100D-01  1.92329667280687000D-01 -4.06235132701864300D-01  1.79015710200369800D-02  4.57823124406725800D-02
18 29  9.46294773875169300D-06  7.49431556338053300D-02  3.23438094016471200D-02  7.97295265860299400D-02 -2.38165508087403300D-02
18 30 -4.72578675650777900D-02 -1.34070785091723200D-01  5.55341132231535400D-02 -4.27750719469465800D-03  4.51767100066440600D-02
18 31  6.75178882648822700D-02 -9.94261106122105900D-04  7.99868406373041800D-04  1.94392699747567800D-04  4.11787129030649900D-03
18 32 -5.33240463731429200D-03 -2.80548955106352600D-03 -3.67536195077998400D-04  2.26650424849003800D-02 -2.22975062898223600D-02
18 33 -2.33691458222912200D-02  1.67984272790310000D-03 -5.80689316255390300D-02
19  1 -3.26550987183554900D-02 -1.22708263300159000D-02  2.46053048565990200D+00  1.73909056667825500D+00  2.02266192685861000D-02
19  2  1.61998193423148300D-01 -2.35018265172803300D-01 -5.41374818927050300D-02 -3.35537284852796800D-01 -8.88343206412123400D-01
19  3 -6.23472781175838200D-01 -6.13556412590935000D-01 -6.18480296122382000D-01 -2.62068503852114300D-02 -1.25541713656076800D-01
19  4  1.51748564041287800D-01  2.37155387137071500D-01  9.47023594424543200D-02  2.92295864730099400D-01  5.54819934852215800D-02
19  5  1.38655566911325900D+00 -1.44203766259848100D+00 -7.49130486904117800D-01 -8.03084875387282900D-01 -1.52404854382006600D+00
19  6 -2.25841915369039500D-01 -4.21069748252381600D-01  6.42139803018851400D+00 -2.67791668487674200D+00  1.83029089351807100D-02
19  7  1.77225504941611600D-02  1.73935187177692800D-01 -2.89547715742834500D+00 -9.61349171625753800D-01 -5.04556091699167900D+00
19  8  2.14798487676758000D-01  1.65420472272274800D+00  4.06030422667260900D-01  1.60097836039949500D-01 -5.59394531893803900D-02
19  9 -1.04158382850569100D-01  7.17569287675859500D-02 -2.59847252215736300D-02  3.15268325314632300D-01  1.42879073789931900D-01
19 10  1.32555893425104300D+00 -1.46843800804097800D+00  7.23472680614880800D-01  4.76462309084041500D-01  3.31990541165388400D-01
19 11  1.30973069599234200D-01  2.17515633753632600D-01 -5.27646925698812900D+00  4.77371321836294800D-01 -4.62269483545160300D-02
19 12 -5.03395328752949700D-02  6.01881580358143800D-02 -1.43579401086603400D+00  2.52874175039975000D+00 -5.46588102500562400D+00
19 13  1.68058489746537100D-04  2.78992870303525500D-01 -5.47481982124729200D-01 -8.10470847107330600D-02 -5.81847332016024700D-02
19 14  1.39231817912334500D-01  8.38937514485213200D-02  2.20446571902753700D-01 -2.73084588926737400D-01 -1.58659253344271300D-01
19 15  5.04365213062761700D-01 -3.45705959718489800D-01  1.01113752539369800D-01 -1.23924219730112900D+00 -7.01894346190190400D-01
19 16 -5.84159404416671600D-02  3.16150386784321500D+00 -2.20370281670247500D-02  1.11963184415209400D-01  3.02630778988634200D-02
19 17  1.96681926082963100D-02  9.71555631025344800D-01 -3.86721252078432900D-01 -5.48712335609229800D-01 -1.21137685806380300D-01
19 18  9.50994246434765900D-01  7.27024960145934500D-01 -2.73864331584817800D-02  5.47170120286799900D-02  1.09321512397336200D-01
19 19 -2.34936967387192600D-01  7.79671166854058400D-01  1.50252103054333900D-01 -1.49044440174737800D-01 -3.01404175967620000D+00
19 20 -5.24190825871302100D-01 -1.11211037176939400D-01  7.56646871079518800D-02  6.26315046510726700D-02 -9.00551103886512800D-01
19 21 -8.55391912191933100D-01 -1.22503805128024400D+00 -3.93582108062157400D-01 -1.44135804805912200D+00 -6.98823435026120100D-01
19 22  2.15475909453994400D-01 -1.23550278730018100D-01  2.58191609265621200D-01  3.45829685966576300D-01  2.36241785824271700D-01
19 23  1.12737050941826300D-01  3.24006317671462600D-01  3.38459479824399000D+00  4.15398400931091900D-01  1.95218405432586400D-01
19 24 -2.02537202193722400D-01  2.56076720560367000D-01  6.08965999451552800D-01  1.00347436063840900D+00 -4.19217625848582500D-01
19 25 -6.55959347715198600D-01 -5.40704211307598800D+00 -5.09984903522801100D-01 -3.39992148757674100D-01 -3.51397436999204500D-01
19 26  7.39390160395180100D-02 -1.43047045134773500D-01  1.13535355370488600D+00 -1.51774519287191600D+00  4.44221762621364700D-02
19 27 -1.44234647869713600D+00  1.35823229871655500D-01  1.03041552418889300D-01  2.46067213878754700D-01 -1.30314898275097100D-01
19 28 -1.63990987143276600D+00  2.37801193292008300D-01  7.38079810994836100D-01  5.23386498814991100D-02  1.36119647996840800D-01
19 29  4.09177685305980700D-02  2.99767604580601900D+00  2.57550826731462100D-01  3.00419234057973600D-02  5.16056724346572600D-02
19 30 -5.43869960117389900D-01 -7.27140010371131300D-02 -1.09074182296658200D-01 -7.44964870861852000D-01  2.75636771698770800D-01
19 31  2.31144242091363200D-01 -2.32771823781900700D-03  1.12716976895451700D-03  1.20054846886391300D-03 -4.88491915570803600D-03
19 32  4.62286805083989700D-03  2.25940303362924600D-03 -1.01259161134628400D-01  2.41098563654192500D-02  7.71493047692092700D-02
19 33  1.63091691745204900D-01  3.08767619331948900D-02  4.66721052584459800D-02
20  1 -1.73419592493531500D-01 -3.32965783668400200D-01  1.34627683167924800D+00  1.74035092448102800D+00  3.56407958318208000D-02
20  2  8.53237221891198500D-02  4.39701899181129700D-03  1.28506472469346700D-01 -3.20420399092882600D-01  2.08530884651798500D+00
20  3 -3.22331878635406100D-01  2.33236196335145000D-01 -6.49478806315374900D-02 -2.78618386998658300D-01  3.59858069857717200D-01
20  4 -8.12396828590609000D-02  2.10200711432618600D-02  3.36228716933145900D-02  8.47234664606902600D-02  1.78554751359566400D-01
20  5 -3.34597570367018100D-01  1.56042819007454800D-01  1.46730042621434500D+00 -2.28847533356222600D+00  2.07582877673937800D-01
20  6  3.42199443710718500D-02  8.03762186967437300D-02 -4.37546987151278000D+00  6.03423077574018100D+00  2.13219286751842200D-02
20  7  1.03109808863088800D-02 -5.43334859883835800D-02  1.61859523663673400D+00  8.36500617065830100D-01  5.83216691216030800D+00
20  8 -5.66052310103933300D-01 -7.87129619781415300D-01 -1.77955174633036100D+00 -6.30668428354676800D-02  1.78480644268874200D-01
20  9 -1.15413801433406000D-01 -1.63249239460179000D-01  5.39270929388502900D-01  1.32980808450685800D-01  1.66476151456390900D-01
20 10  8.85723121507567300D-01 -1.05219927296395700D+00  1.79844607652031600D+00 -3.38665873880203200D+00 -1.20089565250492900D+00
20 11 -2.27519574872517400D-01 -4.83399896550398400D-01  5.13975383687121800D+00 -6.35456110781118300D+00 -2.07204347486338900D-01
20 12 -7.69973846636316100D-02 -2.24212628409633600D-01  6.50767366968029700D+00  3.09671588623849200D+00  3.78461161082677600D+00
20 13 -6.72339873554771100D-01  4.20557496590409400D-02 -8.96213172448994700D-01  1.85175559065388200D-01 -3.25955348620120800D-01
20 14  1.40779789554731500D-01 -2.19709590692663700D-03 -1.70164762363539200D-01  2.28512640030954700D-02  2.09696307196216000D-01
20 15  5.40025278853398800D-01 -7.49721586049617600D-01 -4.01053453258513500D-01  1.92375697321062700D+00  1.50231581942541400D+00
20 16 -2.38891011927847600D-01 -4.80751771601823700D+00 -1.70477963772167600D-02 -1.89961354275423000D-01  2.04060436772515800D-01
20 17 -2.56012452000435500D-01 -2.23245097722798000D-01  1.08261806286504100D+00  1.09199781452906800D+00  1.11653083818526500D-01
20 18  2.36422697253375200D+00  2.03444440287593800D-01 -5.76570754631117100D-02 -3.75302868819572700D-01  3.39017994157640500D-01
20 19 -1.09969336320487200D+00 -1.12285083139866500D-01  1.49618277003157500D-01 -2.59148112388206000D-01 -2.45767184782285100D+00
20 20 -2.58378346229489000D-01 -8.90982906576041100D-02  1.43746183839894400D-01 -1.59915317063791400D-01  2.86618097703451800D-01
20 21 -9.10901914618052900D-01 -1.87831054475361700D-01 -1.34135464497927500D-01 -4.79385090009132100D+00  2.93875731866025400D-01
20 22  3.80800917974591400D-02 -5.98561340123618600D-02  1.60537787763227200D-02 -1.40546134047336500D-01  1.36515318031420600D+00
20 23  9.93329608912065700D-01  4.23311793167459000D-01  6.18905869441626000D+00  1.22263346830291800D-01 -1.76568170358203900D-01
20 24 -3.56932281794680400D-02  6.03083164184125100D-02  7.83419895657788100D-01  1.47661789745425500D+00  7.00654728118330600D-01
20 25  1.65166563332890000D-01  2.46716745354715900D+00 -4.24060796609767200D-01 -2.10891754578435300D-01 -5.61607594501352300D-02
20 26 -8.14742395203030400D-02  5.39774472240094400D-01 -6.20065313926817300D-01  5.96282858427264500D-02  9.97672423916603900D-02
20 27  7.87210578580469400D-02 -4.75332043029558900D-02 -1.27832729677840900D-01  2.49196182478915300D-01 -2.70741895693144800D-03
20 28  1.99253154699988500D+00 -8.20236938867152900D-01 -1.35850873190952900D+00 -1.82202642503039300D-02 -4.47600010113166500D-02
20 29 -1.09935365894591200D-01 -2.60199917782051500D+00 -2.60405133861898500D-01 -1.39241205996921200D-02 -2.46410171921732200D-01
20 30  4.56315815127766300D-01  5.37649160536734800D-02  5.51225061436600100D-01  6.30499216327722500D-01 -1.79581428986075300D-01
20 31 -2.54677444946865400D-01 -2.56701690786368400D-03  2.95083555837483100D-03 -3.83818650511697700D-04 -3.55676297585562800D-03
20 32 -3.29655198345038000D-03 -3.68699875123663600D-03  2.89065280218734100D-02 -5.15724234596605000D-02  2.26658954377871300D-02
20 33  9.84035132433801500D-02 -2.67868638930199000D-01 -8.55136021520660200D-02
21  1  1.31270310625543000D-02 -8.42431295491764100D-03  1.77052771412786900D+00  2.51720480054738200D+00  4.39167167707955700D-02
21  2 -2.20145861067685900D-01  1.65251447434856100D-01  1.72333623191104600D+00  3.28966719536321700D+00 -1.73020717204109800D+00
21  3  2.93539240069562200D-01  1.23782552063851100D+00 -3.92839060997062500D-01 -8.16866894133848100D-02 -3.28225918940311200D-02
21  4  1.14509281307415500D-01 -1.12881728848203200D-01 -3.38862493659062900D-01 -2.02975390811958400D-01 -8.32852753164458800D-02
21  5 -9.45821491980467400D-01  1.02910676729691300D+00 -1.13207755629992500D-01  3.95642911170065900D-01  9.64142143860497300D-02
21  6 -1.58029271611605800D-01 -3.51475598917919500D-01  4.15162239702765100D+00 -2.98063037273250700D+00  6.94071024369446300D-02
21  7  2.55735390596843100D-01 -6.13792130375030000D-02 -6.24509689311945800D+00 -5.31194711370820400D+00 -4.52439347153839700D+00
21  8 -6.11063150764116700D-01  7.89354752418958000D-01 -1.64994829982401100D+00 -9.67232830301179200D-03 -6.77866385981633600D-02
21  9  7.74589669011743300D-02 -2.46503041818987800D-01 -1.13511384290578100D-01 -2.54639117787930200D-01  1.67993450575306800D+00
21 10 -1.83887973077390800D+00  1.58945225020838500D-01  1.61373496368065400D+00  1.67134274483616600D+00  3.37947060547196500D+00
21 11  3.48042643290460000D-01  6.82814814709663100D-01 -1.10544193208742800D+01 -1.19374858921500300D+00  7.58785137827866500D-02
21 12  9.92834800354190600D-03  1.57058375466421600D-01 -3.81618037398403400D+00  3.71989827088158300D-01 -6.86179292035250900D+00
21 13 -8.08302420705606800D-01 -1.31837296726039200D+00  3.57778969032428900D-01  1.51279102924913000D-01 -3.12852532519733100D-01
21 14  1.61573429594822000D-01  1.46826646717547300D-01 -2.08391848240430600D-02 -2.10795751144522500D-01  1.90042992276883600D-01
21 15  2.45201263282407900D+00 -2.64205562510096400D+00  1.27007542909006900D+00 -9.44139597319650800D-01  7.04122453913195600D-01
21 16  3.27821600658239200D-02 -1.11254224947595600D+00 -2.44011377927785700D-01 -9.23051334926457100D-02 -7.39141080628097500D-02
21 17 -3.38050246280076300D-02 -3.89318026626966100D-01  8.68960467983991400D-02  3.56450158223769200D-01  6.24428708281151200D-02
21 18 -2.42137195869111600D+00  2.00863125231462000D-01 -4.45409278774510000D-02 -2.87819781626358400D-01  2.93848731005348500D-01
21 19  8.35587687573228200D-01 -3.24734410539683800D-01  1.65709440848105700D-02  4.75904143438078100D-01  5.98162217607555100D+00
21 20  9.72186602781946100D-01 -2.95623757186530900D-01 -3.14965143165035400D-03 -1.13595367471244600D-01  1.04080799336341600D+00
21 21  1.61948525834194000D+00  5.67530300475916500D-01  7.86183171939442800D-01  5.66092064953343700D+00 -7.78889448487815500D-02
21 22 -6.64103665316891800D-02  1.77230652814466800D-01 -4.92129183678061900D-01 -1.24461862458870400D+00 -1.13630221313895600D+00
21 23 -1.12136890988427100D+00 -1.37556363706829600D-01 -3.35015698333469200D+00 -1.32391967452756000D+00  2.64484233661747500D-01
21 24 -1.34900861472496500D-02  1.10530297234840500D-01 -5.11852335184362700D-01  2.59863545109348100D-01  7.83186761973364600D-01
21 25 -5.02088148223813900D-02  9.87299891771706300D-02  8.13483673381040400D-01 -2.86892914132779000D-01 -8.37006834403990500D-02
21 26  7.63827274184865500D-02 -1.51433241399556700D-01 -4.43253890752300900D-01 -6.48312276397109400D-01 -6.17388704388525000D-02
21 27 -6.40171203976006000D-01 -7.08862405429808900D-02  1.46474851933653200D-01  8.91747359050000200D-02 -6.91294881506628100D-03
21 28 -1.01926608555142100D+00  6.57541783304265700D-01  3.97446361582763100D-01  3.14644511998668600D-02  7.34993245070334800D-02
21 29 -1.61026362605270400D-02  1.82164754537464000D+00  2.00543203446994100D-01  1.48413272289681400D-01  2.06898743228025300D-02
21 30 -3.51889274421349600D-01 -3.38145273643297000D-01 -6.78228938554046000D-02 -4.23477871718167100D-01  1.17613468183806200D-01
21 31  1.70358144196746800D-01  2.71684364832756000D-04  1.73501197637714700D-04 -4.45185562471208400D-04 -1.22937616131531700D-04
21 32  5.01915250490618100D-04  4.18601033282091500D-03  6.59004764565243900D-03 -3.82017812586701400D-02  3.16117336130177000D-02
21 33  2.01533309837624000D-01  5.30019831206813500D-02  2.42763390081451700D-02
22  1  3.47097468503524100D-01  6.14432887326297400D-01 -7.78992849847277500D+00 -4.98207590131707600D-01  2.92198030141525500D-02
22  2 -2.84936101256349700D-01  1.74784978978050300D-01  1.16507302921614000D-01  1.52919693269462000D+00  2.22110942917683400D+00
22  3 -3.35526747496310100D-02  2.04414336298476600D-02 -1.85764475824176300D-01 -4.38128035204906600D-02 -2.41379470877549500D-01
22  4  2.85192274398040300D-01 -3.06827539430006500D-01 -1.40944498550818300D-01 -1.15333390309537800D-01 -3.22801075558092300D-01
22  5  6.37618922721094900D-01 -3.14817847163001100D-01  5.50516036104635700D-01 -3.47462278101644300D-01  1.89529273595439200D-01
22  6  3.40151626949276500D-01  6.16791935765595100D-01 -1.03272793031418000D+01 -1.32080898779088100D+00  8.47827170266058900D-02
22  7  1.81512567379825900D-01 -1.57823546128604100D-01  4.19209431926124300D+00 -2.17936227843134800D+00  1.07358650664249900D+01
22  8  1.11058483971142700D+00  1.77509634472835700D+00  1.54332181609476400D-01 -2.53811948788649500D-01 -5.31153665995043900D-02
22  9  3.06927315388151200D-01 -3.65582948372499900D-01 -9.08518241844605600D-02 -1.54068083193488300D-01  1.42263193279864100D-01
22 10  2.78617976564132900D+00 -2.92844295892119300D+00  1.50840490748053900D+00 -2.66206724312453800D+00 -1.33945346981877000D+00
22 11 -1.16030170119222700D-01 -2.07293122169767800D-01  1.09941135734659600D+01  1.28681563154689900D+00  1.16059242631112500D-02
22 12 -5.40761845630592100D-02  1.31018340451630400D-01  6.66561210491061500D+00  4.46661119364339600D+00  6.07636372489509200D+00
22 13 -1.96680707522304400D-01 -1.14322635542982400D+00  1.42188533145599500D+00  3.90257462575004000D-02 -1.91596293779875900D-01
22 14  1.52570547522377500D-01 -9.13492265968049700D-02 -5.51666662450659800D-04  2.53687729958142500D-01  1.51165018686455000D+00
22 15  4.49838769419448400D-01 -1.96148895628399900D+00  1.80463289491551000D+00  1.48374594919149800D+00  2.75902069931642000D+00
22 16 -3.78995708550322800D-02 -9.42717605052160400D-01  2.21667839271668900D-01  2.76863069469792000D-01  2.11595452310851300D-01
22 17 -8.41049470619858600D-02 -4.71084714952820900D-01 -1.79501504696555300D-01  3.03994309023374700D-01  4.19619666320220800D-01
22 18  2.89438246417410100D+00 -5.33649488486546600D-02  1.07564632789336000D-01  3.45139987532881900D-01 -1.29930420973453300D-01
22 19 -1.05889473568991900D+00 -3.90542056866323500D-01 -2.39304552674688700D-01  3.48327720221743900D-01  1.45999286135506300D+00
22 20  4.32791337576928500D-01  3.65489413001692000D-02 -1.62677636879475100D-01  2.79904197080816100D-01  2.56715745827019900D-01
22 21  7.69728220293962300D-01 -2.79394683636249700D-01  7.84054941754098300D-02 -3.13214946159031000D+00 -1.29088777411831600D+00
22 22  2.29322040893656700D-01 -9.62914064387419800D-02  2.29534931811311000D-01 -4.55851548422234000D-01  2.12292140845435000D-01
22 23  2.32928790597490000D-01  6.87789840206803800D-02  1.24594935138881700D+00 -8.16000554649354600D-01  1.06603666732841600D-01
22 24 -1.36720991697794500D-01  2.68281133121106200D-01  6.22778817131036900D-01  5.98398634225978500D-01  5.60211132825101900D-01
22 25  5.89320362641750100D-01  4.77714156097364100D+00  1.44434412463685300D+00 -2.62058415404046800D-01 -3.10038412138605000D-01
22 26 -3.27800481406428000D-01 -1.93898081115625300D-01 -9.52831289227426400D-01  1.61818765277621500D-01 -1.74117545445594500D-02
22 27  3.97458982088877300D-01  1.47783810966673200D-02 -5.97339779485681100D-02  1.02604549013057700D-01  1.17857742580586200D-01
22 28  2.21581375776910100D-01 -1.20933124313762300D-02 -5.96057152770786100D-01  1.64844908380241500D-02  4.41339199656790100D-02
22 29 -5.57497328830410300D-02 -3.89618047536477400D-01 -4.96237353769818000D-02  5.57522336103073100D-04 -1.34339202299570100D-01
22 30  4.43512945365396900D-02 -6.51338856678283700D-03  2.91451629881358300D-01  1.28867023116610400D-01 -8.47565910908602400D-02
22 31 -4.47113573952152300D-02 -3.09609286094161800D-03  2.46075210867097200D-03  6.35340752269931600D-04 -2.34838303822111800D-03
22 32 -6.99558084736248800D-03  1.67739611228592700D-03  5.26427686038822200D-02 -7.62504895635603600D-03 -4.50177196475261600D-02
22 33  2.79338277041107100D-02 -1.15736276587106100D-01  1.79199402737920700D-02
23  1 -2.83221839827099000D-02 -6.23402434189669800D-02  2.34531620714888700D-01 -2.97178051055662100D+00  1.20992471799006200D-01
23  2 -1.04673124592350300D-01 -8.30709699047649200D-02 -6.00574108917722300D-01  1.27102554126056100D+00  2.23229918543314400D+00
23  3 -3.01686871236139000D-01 -1.13830095676889900D-01  9.58059805026125600D-01 -1.65681402891874700D-01  1.64918499962051700D-01
23  4  7.62902929822183400D-04 -7.57454236520178200D-02 -2.10939690224527400D-01  2.54449085990443700D-01 -1.82055641254064500D-01
23  5  2.10650312325553100D-01 -2.85946710714896000D-02  4.26711596087275300D-02 -3.63824409313188300D-01  1.82846117875854000D-01
23  6  7.17948467104128500D-02  1.77778245589799800D-01  1.00235245332148300D+00  2.48738066428271700D+00 -1.17772483747237400D-01
23  7 -1.43257707083487200D-01 -8.24301634115204000D-02 -1.04225903436747600D-01 -3.15360498497355000D-01  1.60852417486019000D+00
23  8  4.23932646607788100D-01 -1.70964999863632600D+00  7.95888091792412400D-01 -5.34488070635811900D-01  4.09615697642756700D-01
23  9  1.24872372993053300D-01 -1.54693802257175600D-01 -2.51674082934740700D-02  2.78556204412505100D-01  7.78674197116496700D-01
23 10  2.77723116631176300D-02 -8.06446508779616200D-01  5.83603616097358100D-01 -1.60011308843570900D-01 -6.79450147430317800D-01
23 11 -1.21851765934900000D-01 -2.52772342927434700D-01  2.98411171085076800D+00  2.02710080305041300D+00 -5.68898211329878600D-02
23 12 -7.15483237236164100D-02  9.16370941052724600D-02  4.62606615778699000D-01  2.13932798583788000D+00 -2.09674956022580700D+00
23 13  4.90622434926720700D-01  7.74051917253768200D-01 -8.24890948687814600D-02 -1.61645306037472800D-01  3.41131272302568300D-01
23 14 -1.79485966265094700D-01 -3.52550699079893600D-01 -1.78280368491227700D-02  1.02856573526980200D-01  4.22556883457815300D-02
23 15 -1.93548069401626000D-01  1.51292381055842200D-01  6.45608827666208500D-01  3.44388729386986800D-01 -3.17345274942575000D-01
23 16 -4.19446586953999700D-01 -3.61876657024097400D+00 -4.66458174030702600D-01 -1.08326229270147800D-01 -3.52179878386343300D-01
23 17 -7.87593591586000400D-02 -5.36169947397710100D-01  8.15712337952965600D-01  9.95632195563384600D-01  1.77635926799173500D-01
23 18  9.38565532371346300D-01  4.53430205535670800D-02  4.99765280714035800D-02 -1.21242605996981900D-01 -8.61239761945135700D-03
23 19 -3.16396816926308700D-01  2.45712499448298600D-02 -2.79399759897562000D-03  6.59872562329094400D-02  1.13432435774457800D+00
23 20 -2.19089446068758700D-01 -1.90538704311236700D-01  3.89291293504032200D-02 -2.15133562085188700D-01  2.51109865951430600D-01
23 21  3.74666547130426800D-01  1.81775311068507800D-01 -6.15814406183486600D-02 -1.47246452366308100D+00  6.78138957636340200D-01
23 22  5.27236468582272200D-01 -3.05523478902909500D-01 -3.50500269124104600D-01 -5.96351064265972700D-01  9.17618064448291400D-01
23 23  4.65612459141220800D-01  1.51481895532073800D-01  7.01661120621283400D-01  5.51196445443339000D-01 -5.18836827639050900D-02
23 24 -5.62531091440519500D-02  2.85472019909214400D-01  5.03895647048360200D-01  2.30629042145476200D-01 -4.38784283394992100D-03
23 25 -2.90473577700500900D-01 -4.77576665418402800D+00 -4.55795773730788600D-01  3.67129027771940800D-01 -2.67733678044039200D-01
23 26 -1.27319620808626000D-01 -4.72792467182755000D-01  1.13076599301584500D+00 -9.26539182996671800D-01 -9.70359219367309800D-02
23 27  1.82852314203527700D+00 -2.22874233168688800D-01  1.44443347000100400D-02 -2.91762839727664200D-01  8.86812270741601500D-02
23 28 -3.39365235736053100D-01  6.84104518080865600D-01  4.47894042110235600D-01 -2.14746829260096300D-02 -5.69708915496512000D-02
23 29  3.62486533489344200D-02 -7.96704768808751300D-01  2.70410468288872700D-02  3.49075050389363000D-02  5.86912300543585900D-02
23 30  4.04906074778250100D-02 -9.89981040170388500D-02 -1.77132572948286000D-01  1.45129226872554600D-01 -1.67369538117707900D-01
23 31 -9.37834245660321600D-02  6.51907878636796500D-03 -4.97931988207335800D-03 -1.53975890429596100D-03  2.87349472946770900D-03
23 32 -6.11922796865896900D-03  2.88581600968184000D-03  9.56337429493022400D-02 -3.50708278649804100D-02 -6.05629150843217700D-02
23 33 -1.42833053249449100D-01  3.97005510859228000D-02  4.14766180787222900D-02
24  1 -2.85090669224717800D-01 -5.50966071012560600D-01  7.41881299574884900D+00  5.21450006825017100D-02 -4.09048664421925000D-02
24  2 -9.93578117386607700D-03 -1.12984782841666400D-01 -2.20512524668791000D+00  9.78096503443902600D-01  5.40794891862083800D-02
24  3 -6.74511932638140500D-02  7.05887818352589000D-01  6.46848063024659000D-01  2.46817014669075800D-01 -3.48452861784728800D-02
24  4 -2.11971728490605500D-01 -2.08934377176053100D-01 -1.24965885302755200D-02  2.23238365364970100D-01 -2.84154850665247400D-01
24  5 -1.64014902701721100D+00  1.92430387768245700D+00  1.10897183714492200D-01 -8.74896154019604300D-01  6.89457107837675700D-01
24  6 -2.77880553742266500D-01 -5.21674233742595300D-01  8.33564117183470200D+00  6.35402247963485200D+00  1.45459762020824300D-01
24  7 -1.06274332461343200D-01  3.59621131977997200D-01 -3.36202934939218500D+00  6.31098195628671200D-01 -4.84058908823401300D+00
24  8 -5.26688498712251200D-01 -1.46524853736826000D+00 -9.68016180102942900D-01  2.64082243407313600D-01  2.51199137890705300D-01
24  9 -5.15281381298015800D-01 -4.43329811295386100D-01  9.17114928172526300D-02 -3.25217127707682800D-01  5.56941034678877000D-01
24 10 -1.77076827343323200D+00  1.21382723875435100D+00  2.13260800555615600D+00  1.28017489579217900D+00  3.57536378680179800D+00
24 11  3.41515559290151300D-01  6.96018401094028100D-01 -1.12019102942850400D+01 -4.76350072467089400D+00  2.04454927277823700D-01
24 12 -4.99241233755052600D-03  1.64533280519441200D-01 -2.27116072890906200D+00  1.38721090106601400D-01 -4.79037117893979800D+00
24 13 -5.31546081090836600D-01  1.64193430250917100D-01 -1.05505338589731200D+00  1.11907217226741300D-01  2.66005323216227000D-02
24 14 -1.38507749548362300D-01 -1.53410422117705400D-02  4.84169715652167500D-01 -2.00391508467678900D-01 -6.96130323934338200D-01
24 15  1.45583633083691000D+00 -7.59706006902575200D-01 -3.37897455887739100D-03 -1.93915086425403000D+00 -4.53957728237676300D-01
24 16 -5.80767645275883100D-01 -7.59652572054568000D+00 -5.76051413417320000D-01  2.67740794967353300D-01  1.78075996942631200D-01
24 17 -1.36018737156494200D-01 -1.32741438732758400D+00  1.48728319753437300D+00  1.48780287315920800D+00 -3.20009720782546800D-02
24 18  2.98560300253435000D+00 -3.25159755927830000D-01  3.53595658813531300D-02  1.09585516866658700D-01 -1.30953236307806600D-01
24 19 -1.03141501566246500D+00 -1.86094756610088300D-01 -1.89598479026067300D-01 -5.64116934565602300D-03  9.76854999268352500D-01
24 20  5.90566780407454500D-01  3.15600113212569300D-01 -2.16686762238648900D-01  9.64782538548283700D-02  3.29069838556691500D-02
24 21  7.16245099861672200D-02  1.78947267962318600D-01 -2.78134498315216900D-01 -1.09061402291234700D+00  6.25312830846819700D-01
24 22  2.74424261413797500D-02 -1.45612790394604400D-02 -3.73265558933632100D-01 -7.90507286885299600D-01  5.54369592774633900D-01
24 23 -9.67381592057650400D-01  1.08426701693045100D-01  8.37362373516729300D-01  1.90999514219623000D-02 -2.04815360070028700D-01
24 24  2.84405506992875400D-01 -1.98853846238783600D-03  8.78297756636947400D-04  6.14711688183172700D-01 -6.07304286646030500D-01
24 25 -2.73337299101025300D-01 -6.48413228305180300D-01 -4.16825535526776100D-01 -5.68845475169699600D-02 -1.98911190193568300D-01
24 26 -7.44948102536882200D-02 -5.23099321791345700D-01 -2.25834771957636800D-01 -3.20476769637816200D-03  3.29569775016410700D-01
24 27  3.38633490359600600D-02 -6.92453768029902500D-02  1.57479473753641300D-01 -1.05308395816904400D-01  3.07241637852883700D-01
24 28  1.00807368702729700D+00 -2.87913420175332600D-01 -1.19171932500861300D-01 -6.82206253895041200D-02 -1.82147127129656800D-01
24 29  5.09355361843498900D-02 -1.49620247201921200D+00 -8.83131235536553200D-02 -5.24582630330195300D-02 -4.21677475139518400D-02
24 30  3.80737220039542400D-01  1.02105845618519600D-01  8.58134989141934300D-03  3.34871529928569500D-01 -1.54447678078940600D-01
24 31 -2.19403218218511700D-01  2.41123482301623500D-03 -5.54715263951859900D-03  3.13591781650151000D-03  2.88499280597455000D-03
24 32 -1.14542777800154500D-02  4.50249416515333200D-03 -2.05733503930057700D-01  6.84232506919870100D-02  1.37310253238070700D-01
24 33  1.78574873524086500D-03  1.70033658869260100D-01  4.09559249622992400D-02
25  1 -3.00256490936897700D-01 -5.68189064777671800D-01  6.38353461433420700D+00  2.47797201030932000D+00  2.36161528597575500D-01
25  2  1.19592498017958200D-01 -1.19941392827832900D-01 -2.59204449864566800D+00 -3.03627217360633900D+00 -9.66158585761606200D-01
25  3 -1.91657658046945400D-01 -1.17117643651396600D-01 -4.96705143348336600D-01 -1.03907539373680900D-01  8.20099911563889300D-02
25  4  2.18975482172899300D-02  1.17899994047432700D-01 -2.00448133289372800D-01  2.77426006737095000D-01 -1.36602181173827500D-01
25  5  8.91405535496510300D-03  1.27688125818864800D-01 -4.02065930619552500D-01  1.14637559232856300D+00  5.84433604027238800D-01
25  6  2.54909893860188500D-01  4.69818228207578700D-01 -5.93218472872817000D+00 -2.38366073854747600D+00  6.31229313347521500D-02
25  7 -1.82933325954968000D-01  2.44879992478732500D-01  3.45439215638656900D+00  3.10299651084823200D+00  2.54215737189939100D+00
25  8  1.32596082121589300D-01  1.26137832467137500D+00  1.04086903963689800D-02 -1.47942242671196900D-01  1.19153604381593400D-01
25  9  2.87886382896077300D-02  4.38582510920807700D-02 -3.10071739083219700D-01  3.68370800832280900D-02  2.93020987944984000D-01
25 10 -9.42370231426477200D-02 -1.98783964802338300D-01 -4.00064857981349600D-02  9.68922155975118200D-01  1.03497608182500800D+00
25 11  3.67598506549735000D-01  7.39025163998765300D-01 -4.37220102057611500D+00 -1.13105685356283800D+00  8.61699465048806900D-02
25 12  2.13670801320076200D-01  1.78874723517830500D-03  2.60750603431173300D+00  1.53046514708591200D+00  4.79361681378083700D+00
25 13  1.92172399323739200D-02 -2.70189375401739000D-01  2.52587785099520700D-01  7.31160121592083400D-02 -2.86607390486394200D-01
25 14  2.13491378327184800D-01 -7.42587668528177100D-02 -1.76019763048846700D-01  1.63292135800732500D-01 -9.85746939316968700D-03
25 15 -6.00448491123760600D-01  6.10305960516931300D-01  2.08844173056082500D-01  1.41380907601186800D+00  7.70603371209569700D-01
25 16 -2.62777763570583800D-01  6.20994861140885100D-01 -1.03684313872955300D-01  5.75707255767280800D-02  2.98822822582116700D-02
25 17 -1.57858890431682600D-01 -1.83258404323507100D-01 -3.22095363900166200D-01 -5.18117224775648700D-02  1.61212214341125700D-01
25 18  7.15055978579535300D-03  2.76666125059411700D-01  2.29926856449577000D-01  2.21500655821933600D-01 -1.53494952287421400D-01
25 19  5.65856532596663100D-02  7.08595645898021900D-02 -2.77775152525154000D-01 -5.55834171603448500D-01 -5.90599716024710500D+00
25 20 -2.29643544030649700D-01 -3.67114331784112200D-03  1.21489002773905800D-01  2.20393298125881500D-01 -7.16542355651866600D-01
25 21 -2.07437476234163500D+00  3.80875459897463900D-01 -3.20014028031485200D-01 -2.04648997158727900D+00 -5.72836463370915600D-01
25 22 -1.44129511703464700D-01 -1.03479136310899500D-01 -4.61124084721705500D-01  1.34778784911558500D-01  5.37144545402686400D-01
25 23 -4.76673968279767900D-01  4.87796542907990300D-01  5.17924606498603100D+00  1.77804407490886800D-01  1.20920079173692900D-01
25 24 -1.68392097610359300D-01 -4.33102287359800000D-01  1.09660493401586800D+00  1.09349476682568300D+00  6.38523098655987900D-01
25 25  4.43072730696147600D-01  4.64530465104931300D+00  4.16497709589989400D-01 -5.26111165808970500D-02  1.25468342917681400D-01
25 26 -1.42357103878617900D-01  4.46528600759686100D-01 -7.41604559646436200D-01  1.32694371541167500D+00 -3.17659173853882400D-01
25 27  1.02475978664520700D+00  3.30384349893218200D-02  8.51468038729525400D-02  2.73358069044788200D-01 -4.30891452510829400D-01
25 28 -1.31823752824043000D+00  7.85030133873200900D-01  7.47925998598511800D-01  4.78673457397096700D-02  1.09528298953475300D-01
25 29 -1.06523754641152600D-01  1.47794611565253300D+00  1.48705971766185200D-01  1.05379787819354400D-01 -5.62447997778737800D-02
25 30 -2.60888223035212000D-01 -3.00612712622364200D-01  8.43173544014105100D-02 -4.05100382485283700D-01  4.10271892672165500D-02
25 31  4.76482583109897500D-02  4.57585985936981300D-05 -2.53494537011802000D-03  2.48918677152341000D-03 -4.86035920616822000D-03
25 32  2.51317716280491800D-03  4.51131527785169100D-03  8.11266981984240200D-02 -1.17826919457720800D-01  3.67002212592967700D-02
25 33  2.16617870479752500D-01 -2.57641475335623900D-01  5.41027774446700600D-02
26  1  3.71328845952423900D-01  7.25523090423803900D-01 -2.81368085104257300D+00  1.08527322145287300D+00 -3.86672013146721100D-02
26  2 -1.06736028751252400D-02 -1.04060563472104400D-01 -5.85959028735124300D-01  4.05951716196304600D+00  8.27687922272493000D-01
26  3 -1.80153089669189900D-01  3.57754671419423700D-01 -5.41295705724202200D-01 -7.18660449982680000D-02  1.29583125345418800D-01
26  4 -5.77170803471524200D-02 -1.02317931490529000D-01  1.44357490060604800D-01 -3.59460862657774700D-01 -2.23501343344077500D-02
26  5  2.64954309873806600D-01 -2.42604175539399800D-01  2.55568364064338900D-01 -3.23092307474488700D-01 -3.12275828848265900D-01
26  6  4.25184381412267200D-01  7.27632032327525200D-01 -1.08342460386198700D+01 -4.13010828177245400D+00  3.92600132412511100D-02
26  7  1.11158406502465600D-01 -1.10450540866707900D-01  4.27988922010189900D+00 -6.11359380647935500D-01  6.04110765224763300D+00
26  8  3.92561967149056600D-01  1.56211845977658700D+00 -2.69151300179005300D-02  1.89879670561550200D-01  9.98289368121633400D-02
26  9 -2.89708607373714000D-01  1.61684409039101000D-01  1.39622005786938500D-01 -3.31222828331296000D-02 -3.13586667374750800D-01
26 10  2.97434948380045700D+00 -2.66076281642570900D+00  8.98473275031804200D-01 -2.77509393491743600D+00  1.03152959145533400D+00
26 11  1.43735994558468200D-01  2.42470391873317000D-01  3.38333683338751000D+00 -6.69548455184412500D-02  5.62576224221132300D-04
26 12 -2.19428497188270700D-01  1.60230876901078800D-01  6.77932321932369700D+00  9.37413256315169200D+00  3.61183777882309400D+00
26 13  3.35729584299599200D-01  3.22819560675531200D-01  4.16817838325711700D-01 -2.28086638159745900D-01 -1.42695288410543400D-01
26 14  3.70781926570289700D-01 -2.76284513261883700D-01  2.90408901038880700D-02  1.53129999335657200D-01  3.55799482004456900D-01
26 15 -1.77247669826232200D-01 -1.78551812178225900D-01  1.16008673537031700D+00  1.15307008080793500D+00  1.78812108162258500D+00
26 16  5.86234417677103000D-02 -2.93633005267425200D+00  1.89466776981228700D-01  8.10361751340436700D-02 -2.74062531064713300D-01
26 17  2.33273888109902800D-01 -5.46059819914409800D-01  3.09354774550453500D-01  8.31791718078291800D-01  1.99256510888135100D-01
26 18  3.60455117438724800D+00  2.93150592760022600D-01  1.20589250772549900D-02 -1.95648794122046500D-01 -3.42856504987021200D-01
26 19 -1.26540407360735600D+00  5.30208739873766100D-02 -2.42345461279273700D-01  4.11741887029913700D-01  3.11675994853697700D+00
26 20  2.59488172450952800D-01  2.04577352471347300D-01 -1.48771595525288600D-01 -1.96495897894924100D-01  4.73700053838682200D-01
26 21  8.79058391819556800D-01  2.14740128907853200D-01 -1.90737521736400700D-01 -3.68476498522188000D+00 -9.72828215455436400D-01
26 22 -3.76190803251642000D-01 -7.64923508244810800D-02 -2.04364458176980800D-01  5.19334039434628300D-01  6.89876812713464500D-01
26 23 -2.09152395416726100D-01  1.13001208611224200D+00  1.09709051565932800D+01  5.95033063495788300D-01 -1.98054001326596600D-01
26 24 -2.57875232517445700D-01  2.43149757060281100D-02  2.57241331320511300D+00  2.22665814864249700D+00  3.63557596381305300D-01
26 25 -2.72791066906763700D-01 -1.51511961627503000D-01  5.48797026541640400D-02 -1.71713685715646500D-01 -2.36026823169633400D-01
26 26  6.49339515260241700D-02 -7.36052224167488100D-02  9.75358364574100700D-03 -5.38167291414410100D-01 -1.42085068366371100D-01
26 27 -8.19768987113645200D-01  3.22051677505349400D-01 -1.63578659742091200D-01  6.60629672651111000D-02 -4.35375681179721400D-02
26 28 -9.30518568584047200D-01 -2.86971975450254500D-02  6.37536539599430700D-03  3.01555398030995400D-02  9.62761272541013100D-02
26 29  1.59185011834027900D-01  1.32918766676104400D+00 -7.32908590477786700D-02  3.20209305148172400D-02  1.34852198051950800D-01
26 30 -8.35600969577411100D-02 -3.89414157037133200D-02 -2.31967614295101200D-01 -4.03762215869869700D-01  7.10786494809255200D-02
26 31  1.78177038427319200D-01 -8.50689723464403300D-03  4.55729083613042200D-03  3.94960639851356700D-03  1.13066674788748300D-03
26 32  8.89509862598408800D-03 -1.60092757419798500D-03  4.96917158905305100D-02  1.46468747448934700D-02 -6.43385906354241000D-02
26 33  5.14344791711448500D-02  1.00721545604023100D-01 -6.27036681418900500D-02
27  1 -5.56999870021073200D-01 -1.11691522170476200D+00  1.11341240405552700D+01  6.79187236599221200D+00 -1.58709986133634000D-01
27  2 -6.37039853289865200D-03  5.49899724538268200D-02  4.17851642440807400D+00 -6.51888981845352000D-01  1.21831573523689400D+00
27  3  1.49117071211531200D-01  2.19197747497720200D-01 -9.78822711871601700D-01  3.66887879618343000D-01  1.90704934212465800D-03
27  4 -3.68794928960470600D-01 -2.69264223872897700D-03 -7.72681960863408600D-02  2.95639554510203500D-01  5.56259564172754100D-01
27  5  4.91415805654245000D-02 -6.05401144738177500D-01  3.86212926209402300D-01  9.82118674929079200D-02 -2.53000892660096600D-01
27  6  4.67336926509672100D-01  9.64512710741927100D-01 -3.54943891639858300D+00 -9.68717492252950600D+00  1.11901247127930100D-01
27  7 -8.03352696290086100D-02  3.23213582863686400D-01 -1.17215195955018100D+00 -3.72517951785564100D+00  1.88268099793992200D+00
27  8  8.81101724333302200D-01  2.50842015396068700D+00 -2.25618699660510000D-01 -2.98523076156764700D-01 -1.10982739806213300D-01
27  9  4.09505815962979400D-01  1.81333276413577500D-01 -5.92226468432592700D-02 -4.46133336656836500D-01  1.58586729270314100D+00
27 10  1.55867067464701400D+00 -3.14453796735015700D+00  1.80420912549552800D+00 -9.64114710882154600D-01  3.43010921479421100D+00
27 11  4.47599949062530600D-02  8.36593125493361700D-02 -1.19079504168447700D+00  3.77654380251544900D+00 -9.77089702170415000D-02
27 12 -1.72305956346086800D-01  7.44454292954267600D-02  1.83171059691599600D+00  5.12561351718256500D+00 -1.06002431627269700D+00
27 13  1.45284484055145100D-01 -4.25371716734492900D-01  1.16737661085635700D+00 -7.26424729639063400D-02 -3.58845638129732000D-02
27 14  1.08527036776879000D-01 -1.08132507568581300D-01 -1.27119642950202900D-02  1.68495517163593600D-01  9.48460283154491000D-01
27 15  1.05546616676256000D+00 -2.00392644991704800D+00  2.60145632564652500D+00  1.03700480916698100D-01  1.62173461784613700D+00
27 16 -5.71150167737437600D-02  7.60513388484320000D-01  9.88976107946932400D-02 -1.99328629507706800D-01  2.22487534211460400D-01
27 17 -1.70682269508366400D-01  2.84595269759098400D-02 -9.57978515811674000D-02 -1.96547756884775300D-01 -9.33609327253706800D-01
27 18 -7.42963186157872500D+00 -2.63777121465036900D-01 -1.98874092737399500D-01  1.68863984312702100D-01 -1.12289504292054400D-01
27 19  2.40616470835106200D+00 -4.57988313792952600D-01  4.50377036820565600D-01 -3.24099977230525700D-01 -1.91426589953301200D+00
27 20 -1.98893158776352300D-01 -2.76602162381517400D-01  1.26357551795305100D-01 -1.66895227347276400D-01 -1.43652415832258100D-01
27 21 -6.22818694003458800D-01 -3.80556322025868900D-01  9.95142794110251100D-02  3.74458748163370000D-01 -1.07870534384894300D+00
27 22 -2.96717343968940200D-01  1.27806428311553600D-01 -6.87319531132889600D-02 -3.23266740371185300D-01 -3.63926128469776200D-01
27 23 -1.07472402817248700D+00  5.51418400064841300D-02  6.42245651597384300D-01 -7.82279945355260100D-02  1.81443416038771600D-01
27 24 -2.51241639879462700D-01  2.58418245742089700D-01  8.45041445799982400D-01  5.80789475753243800D-01  7.62208741115060500D-01
27 25 -7.11208134003295500D-02  2.18858363094605000D+00  5.04585914358608400D-01 -2.70060686624286800D-01 -1.96529034338106000D-01
27 26 -5.89544066690113700D-02 -2.36240847728872100D-01 -6.89767215720571000D-01  2.11705582685027900D-01  1.44922596518629600D-01
27 27 -1.15907495828916400D-01  2.30692840696463800D-01 -6.68636043906014700D-02 -2.95380136081136800D-01  1.21535807142116400D-01
27 28 -8.11901058183611100D-01 -1.30164766439646400D-01  7.91069163227152000D-02 -2.34485250592597400D-02 -4.79690857079359600D-02
27 29  2.14522033670299800D-01  7.86243309179430500D-01 -9.07174736926227700D-02 -5.47627460448482900D-02  4.03774413780349500D-02
27 30  1.40682485154219500D-01  1.64500949303728000D-01 -1.12580701760467500D-01 -1.66957996933244500D-01  5.51506527638421600D-02
27 31  7.65940453174812100D-02 -5.44365378548792400D-03 -1.88660689071231400D-03  7.33026067619613500D-03  4.13412572045576300D-03
27 32 -4.85788950821733300D-05 -2.86015833560246700D-03 -1.79281776895373600D-01  9.75872693949159000D-02  8.16945075004577200D-02
27 33 -1.53426893338740900D-01  1.72884931253872100D-01 -4.60849312396988100D-02
28  1 -1.66362118083171700D-01 -3.25486441996046600D-01  3.07100278166434500D+00  1.13440228417354700D+00  3.29457902771595900D-01
28  2  6.95286887596248000D-03 -5.70052497306833800D-03 -5.45280179412848700D+00  1.10162724990070900D+00  3.84861534160349400D-01
28  3 -3.12096217323079700D-01  5.16711560711478400D-01  1.07259587353502400D-01 -1.71582916571080600D-01  1.77249041804738500D-01
28  4 -5.66612523365843200D-03  1.00535797852010300D-01 -2.41874505151509000D-01  1.18077834186174100D-01 -8.29456963223172600D-01
28  5  6.19725143754124400D-01  2.09731819469046600D-01 -7.61816554926535500D-01  6.69704612682492800D-01  4.41233861512261800D-01
28  6 -8.85112670833909800D-02 -1.87783042860555700D-01  2.46349399529550200D+00 -1.23484225301931400D+00  4.15126300041975300D-02
28  7  1.25516172506649800D-01  2.77776725525433000D-01 -1.63999719948116900D+00 -2.43060740795675800D+00 -5.37988838461273500D+00
28  8 -3.98807988248993400D-01 -1.01901086808727900D+00 -4.91359282526382100D-01 -1.96110730647995700D-01  6.49155374864180400D-03
28  9  1.89619176899356000D-01  3.43626371226962100D-02 -9.78524149132024800D-02 -7.33886525010541800D-02  7.29311867167213100D-01
28 10 -1.58704846709192800D+00  8.57736599924712200D-01 -1.73677016591237000D+00  1.93885285907841500D+00  1.18951611847491000D+00
28 11 -1.98743701495332100D-02 -2.25231269951661600D-02 -4.62799726217589800D+00  3.14926840198492100D-02  2.59374847085727000D-02
28 12 -1.04050121810368100D-01 -3.10915021547230400D-02 -4.01835294777321000D+00 -2.78880880805581300D+00 -1.71434813540741600D+00
28 13 -3.12309998402796100D-01  1.36114804178393000D-01 -1.61329374833580400D-01 -5.49845417051804000D-01  2.07006018901096800D-01
28 14  3.42839398150708600D-01  3.08720259136549100D-01  8.36248876302342900D-02  2.22460174401471900D-01  5.23197054100482300D-01
28 15 -1.60006660984896000D-01 -3.63190393115588000D-01  3.96724380178417700D-01 -1.18381606627804300D+00 -1.17424787677494200D+00
28 16 -6.47878372514076700D-01 -4.65000916333223200D+00 -3.70869640392144600D-01  1.71328310657123100D-01 -2.08350158850304000D-01
28 17  7.28634347931035200D-02 -7.55879275086612000D-01  4.52259207555996600D-01  1.19628566378878800D+00  7.30044355843163500D-01
28 18  4.42569722563375600D+00  1.00686573937075000D-01  3.18223225878514100D-01 -2.25116830796095700D-03 -9.33659683274758700D-02
28 19 -1.28962150390566300D+00  3.12346746771056000D-01 -5.73640548836183800D-01 -3.30865175101903300D-01 -8.49690946449369700D-01
28 20  7.08643175380415800D-02  1.85291759629715000D-01  1.28447398119932600D-01 -1.45047237332105400D-01 -4.13578534420411600D-01
28 21 -1.31773608036769300D-01  1.15952377352492300D-01  6.47401948238032200D-01  5.14442504913892600D+00  8.59852207354701100D-01
28 22  9.56365076890785800D-02  1.54049352205681700D-01  1.34714142003717300D-01 -3.52721376447264900D-01 -9.11889762768430100D-01
28 23 -4.49984008130164900D-01 -4.29604077698459200D-01 -4.92745040457741200D+00 -3.71002091407349400D-01 -8.47102231157832700D-02
28 24  2.00018269703445900D-01  1.23400891330233900D-01 -3.77243798612262800D-01 -1.32348863804672100D+00 -7.29778666131764500D-01
28 25 -4.03268369107714100D-02  7.20208701494059900D-01 -3.27803942699177100D-01 -3.59562856736874300D-01  1.22073765502761900D-01
28 26  1.79193859020490300D-01  2.51691976716858400D-02 -4.42845268867729300D-01  2.44890346677193400D-01  4.87821557880085600D-01
28 27 -1.40624610546538600D+00  2.18386366304273500D-01 -8.46553613248074400D-02 -2.19352712848437500D-01 -3.28712366562775300D-01
28 28 -6.72130810352981100D-01 -4.58869423960889000D-01 -1.09252268637703100D-01 -9.42186128909709700D-02 -2.07744743721964900D-01
28 29  5.82906720071325300D-01  2.21967324655855900D-01 -2.36883303985570300D-01  1.54059674549781100D-02  1.01502786268573600D-01
28 30  4.64468805553577100D-01  5.01604149879869600D-02 -1.48474571402254600D-01 -1.29744616602423700D-01  8.28502305921893200D-02
28 31  1.48093137510685600D-02 -1.15394814824303600D-03  2.75707825468827600D-03 -1.60313010644537100D-03  1.06196930799879500D-02
28 32  1.26549139657402900D-02 -1.36669389329175400D-02 -4.01457770556714800D-01  2.49960655200811800D-01  1.51497115355903000D-01
28 33  4.33856613514603500D-03  1.82903046618416900D-02 -1.28913418888069500D-01
29  1 -3.47384172268070200D-01 -6.76201622313653900D-01  4.07991040519753900D+00  4.48182374950709700D+00 -2.08656302559643200D-02
29  2 -9.23203469362605800D-02  8.67065729682998900D-02 -4.81122680855145400D-02  2.65808836522679500D-01  6.99506651661530700D-01
29  3 -2.40395405301607500D-01  5.31383775192777400D-01 -6.64676664515704300D-01  8.65629644044841100D-02  9.85577439887300500D-03
29  4 -9.64187388033579800D-02  2.04439006423257600D-02  1.86587907095744500D-01  7.55586791179819500D-02  8.38686763723436500D-02
29  5  2.55322710097710300D-01 -3.39191386470052100D-01  6.96167532116569900D-02  8.14310455405773700D-02 -1.83967466367025700D-01
29  6 -2.18556123666802700D-02  9.95928743116652500D-04  2.47367917298498500D+00 -2.13507491485820000D+00 -5.34215822787585900D-02
29  7 -1.81446593167669100D-01 -1.03321724745501200D-01 -1.58970367782151400D+00  6.78338228102597100D-02 -1.30709158349986900D+00
29  8 -3.67749366156771200D-01  9.40114504276897700D-01 -1.42958175939609700D+00 -3.29030424306953400D-01  1.60215841087738600D-01
29  9  1.68814583219215800D-01  7.37650176656564600D-02  3.60685547751375800D-01 -3.30035633140497200D-02  5.90326272215281900D-01
29 10 -2.68027037149140300D-02 -5.63523568500366900D-01 -1.52233379107873100D-01 -1.55349056507500500D-02 -3.78869278805501100D-01
29 11  1.75754744641308800D-01  3.00153945227759600D-01 -3.37214752787773200D+00 -2.67519492580333800D+00 -4.01643399529500600D-02
29 12  9.51618723108358700D-02 -1.85207854538342300D-01 -5.88285639516425700D-01 -2.89896689063803600D+00 -7.54454212977055900D-01
29 13 -9.71991500700157500D-01 -6.93977314128263800D-01 -2.56290652038514900D-01 -3.48942470123961100D-01  2.40446408643157800D-01
29 14  1.08496061480803100D-01  1.37966839266392300D-01 -2.84835344952036300D-01  2.25216755944604400D-01  1.04274789850567400D+00
29 15 -1.09072651737346400D-01 -9.33675246768325500D-01 -4.54921503180851800D-01 -6.62016434129832500D-02  4.08656791391859500D-01
29 16 -7.98056306431746500D-02 -1.46837957987871300D+00 -1.35308906886781500D-01  5.46545745083166300D-04 -3.24844373849982000D-02
29 17  5.22520405255474700D-02 -1.29901581881874300D-01  2.83286752284049300D-01  3.76305493595457100D-01 -2.20968372266686300D-01
29 18 -1.21557698616070100D+00  2.15820190015701700D-01  1.72588075344414400D-02 -1.93875956611625300D-02 -2.86921722542885500D-01
29 19  4.09529865687580300D-01 -3.30974474747577400D-02  1.56712604487314900D-01 -2.00390563858324300D-01 -8.79814567023953600D-01
29 20  1.46339071624179000D-01  8.28024721036764200D-02 -9.57208141818810400D-02 -1.34422192541000900D-01 -1.38415614709427800D-01
29 21 -1.55677667488531700D-01 -1.83752537074287000D-01 -9.44787418100402900D-02  3.70280128122256500D-01 -1.02784270608930600D-01
29 22  1.34328659458366200D-01 -1.50619312668055700D-01  3.54487415024524300D-02  5.32099917342914700D-02  1.04399759297566900D-01
29 23  3.01174971078151500D-01 -9.22327538092463700D-02 -1.86077974140665500D+00 -8.03408259300193200D-01 -2.66693585068048100D-01
29 24  4.39166546340862900D-01  4.10427994081365800D-01 -7.16736486283197200D-02 -7.32631539484723100D-01  3.11423836568885500D-01
29 25  4.00280691249627600D-01  4.11878643497374900D+00  1.29892386260612000D-01 -3.55090558161589200D-01  3.18448023314865200D-01
29 26  1.19309895862880200D-01  5.72765439203876600D-01 -6.39283190437614600D-01  9.23492599763574700D-01 -6.34042540224789600D-01
29 27 -1.20880863719986900D+00  2.76966626242400800D-01  2.23486499025326300D-01  3.29463276266277000D-01  2.84593581981321300D-01
29 28  1.99104993075299400D-01 -8.37223524138248900D-02  4.00233523422294800D-01  5.49965338062889700D-02  1.20858713231259300D-01
29 29 -2.91027900583339200D-01  1.29775267316977200D+00  2.75955124011897400D-01  6.64443536833033800D-02  1.07611561298551400D-01
29 30 -5.79649346582738700D-01 -1.70634997226266100D-01 -3.04863755765350200D-01 -3.90874561241079300D-01  1.40540457731220800D-01
29 31  1.25706235695993500D-01  4.86949092260836700D-03 -8.39785807323100900D-03  3.52836715062236200D-03 -2.08345548027105900D-03
29 32 -2.70693390291405800D-03  4.84222777958530400D-03  4.46443941907225600D-01 -2.64700934986323100D-01 -1.81743006920902500D-01
29 33  1.89867649062461900D-01  1.96504291604679800D-01 -4.43952030736349700D-02
30  1 -2.11425062312368400D-01 -4.06994329383300400D-01  4.28388240371184100D+00  6.27838402138216800D-01 -3.48365913251700700D-02
30  2  3.55643734665589400D-01  3.27208254826738000D-01 -3.61463780453291100D-01 -2.41504620478718800D+00 -4.03292318381027700D+00
30  3 -2.63000340970705400D-02 -1.11778903712672800D-01 -3.02475097800496400D-01  1.06902623452840900D-01  2.19850831495477600D-01
30  4 -3.26753454948318400D-01  1.28753537968413400D-02  1.86652996250032700D-01 -2.62532575641179300D-01  5.50012899593004600D-02
30  5 -4.95488376366574700D-01  4.40487086407273500D-01  1.04834869827192800D+00  7.33718686712453400D-01 -2.47027745684181900D-01
30  6  1.19921236442394200D-01  2.40057480400916900D-01  2.06563253345988500D-01 -3.36789822831195600D+00 -3.61613762931947600D-02
30  7  2.29453253935076800D-01 -4.95544765683024500D-02 -3.19141679687877200D+00 -2.66419966416914600D+00 -3.65067648362137600D+00
30  8  3.46089569545939800D-01  4.36639846165798700D-02  4.58780380675100400D-01  1.31761452529056600D-01  1.95797956856560200D-02
30  9 -1.51341248214710300D-01 -2.14583011093140800D-01  1.90458463221280100D-01 -1.70110978908047500D-01  3.34499935659157300D-01
30 10 -1.51843829446276500D+00  1.18393835880360900D+00  3.94657226285824600D-01  5.24280761028970100D-01  2.91941386839290900D+00
30 11  2.23229490259235200D-01  4.08283801055190800D-01 -7.52212544083411400D+00  1.62255703911925900D+00 -2.44626480269250600D-02
30 12 -9.91732216500229000D-02 -5.17308257732021500D-02 -2.76095994293733400D+00  6.36964116670846800D-01 -3.19592340602177300D+00
30 13 -4.19436970192793000D-02 -1.22837408676059100D-01  3.98012147640161800D-01  1.95049675848583300D-02  2.53182723060649200D-01
30 14 -2.72687690645508100D-01 -2.62443216198809200D-01  2.78064367813421300D-02 -1.36280204905673600D-01 -1.96246873972569700D-01
30 15  1.24114644378934600D+00 -1.04489956981677500D+00  9.11680159614249900D-01 -1.32335628300820200D-01  8.27193210501789100D-01
30 16  6.04391153766538100D-01  3.54254624589395300D+00  1.56610374680912600D-01 -3.66559134613295100D-04  2.08324280533388600D-01
30 17  4.37240921207756800D-01  2.54480375370633300D-01 -4.85756575067097300D-01 -9.08020650228465500D-01 -1.81829571240247700D-01
30 18  4.23357855139766500D-01 -6.88151603967849500D-02  1.61128471608765900D-02  3.70213565937154100D-02 -9.57866582589938500D-02
30 19 -1.45336712898289200D-01 -3.23707200734615300D-01 -1.59734613018001800D-01 -5.45048074718108200D-01 -3.99628355154745600D+00
30 20 -2.05060988706019200D-01  2.51653906994478600D-01  2.48713632656874100D-01 -4.20027258898339400D-02 -2.12098118098984700D-01
30 21 -1.48565344047463200D+00  1.03496390602366200D-01  5.79030448066815500D-01  3.89105947693799600D+00  1.88231656811705400D-01
30 22  2.67872813986875000D-01  1.91920641725289100D-01 -8.12590807415625400D-02 -5.68665686754303300D-01 -6.62119389841947100D-01
30 23 -9.55266978013466700D-01  5.58004847441053000D-02 -1.00656548676781000D+00 -1.88601422656874100D-01 -8.87934127550431600D-02
30 24  1.55384643363341400D-01  2.75425770162946700D-01  8.55446705507384000D-02  2.35171977218376300D-01  7.97106826059323600D-01
30 25  1.26330974976303700D-01  2.37277980083186300D-01  2.92902921201284700D-01  1.64370238879032500D-01 -3.60544875797046300D-01
30 26 -2.86794722836149700D-01 -8.14124296211573100D-02 -2.10407891641754800D-02 -9.81324861165116000D-02 -1.94071352651316300D-01
30 27 -6.10403753585281600D-01  5.55924125053522200D-02  3.22411373172299800D-02 -7.21790296045138500D-02 -5.80315920687077800D-01
30 28 -6.94098306412604300D-01  2.60686112526034600D-01  2.56149901677225200D-01 -1.49924471678402300D-02 -3.85819739150250100D-02
30 29  8.32455938992079500D-02  1.16622546148758200D+00  1.00165415729477000D-01  7.32196796196647200D-02 -5.12204828693970700D-02
30 30 -1.64056840932346700D-01 -1.71502386439237700D-01  1.38567021916638800D-01 -3.87885248244759500D-01  1.09633848804610500D-01
30 31  5.04166972877817300D-02  8.21314158934110600D-03 -7.44383721442979800D-03 -7.69304374912718800D-04  4.40981436173249500D-03
30 32  1.00150155715136700D-02 -3.85711741483545000D-03  1.40721295652401100D-02 -8.47549399401105500D-02  7.06828103748705200D-02
30 33  5.89329646911971000D-02 -2.58048640576545200D-01 -1.56234635449941400D-02
31  1  2.59053024058904500D-01  4.87898999080057000D-01 -6.15065045231949600D+00 -1.40766882900805600D+00 -3.31328174710830500D-02
31  2  3.18232190611823000D-01  2.38951211845903100D-01 -1.14082415581292200D+00 -7.30057663572082700D+00 -2.59310088996725200D+00
31  3 -4.31204326346952500D-02 -6.49322711155456900D-01 -1.45560585802135000D-01 -9.47103974764311700D-02  1.89375082256079200D-01
31  4 -9.46646847796452800D-02 -8.10650498238518800D-02 -4.62554833775401800D-02 -1.57095115671934500D-01 -3.64299982678159300D-01
31  5 -1.51770396382135400D-01  5.16070379060295600D-01  1.09856232256771500D+00  1.04388132704059000D+00  1.04375883095779000D+00
31  6 -1.48898524606618400D-01 -3.04571179053199400D-01  1.80900434032802500D+00 -1.71331913819499700D+00  1.24561613480909900D-02
31  7 -1.47846295750723700D-01 -1.95597649282495100D-01  1.11412815278944000D+00  1.13496533522627100D+00  4.18081536316574800D+00
31  8  7.35514124695340700D-01  4.32268929205013900D-02  6.92029751980858000D-01 -2.82481624117181700D-01  1.16635094211890300D-01
31  9  1.65846529905292200D-01 -1.72762596922546000D-01 -8.85627855362205200D-02  4.39070200657639400D-01  2.30218748053220900D-01
31 10 -1.80373516752354200D+00  1.57351641947032400D+00 -3.86691309896711300D-01  6.34074317665091800D-01 -1.48317466281614800D+00
31 11 -2.41348754846837300D-02 -5.77436049183179800D-02  1.90103595030478000D+00  2.69486420991112100D+00  2.26286193600601300D-02
31 12 -1.46684288113443200D-01  2.38190899661189300D-01  7.31295902860831900D-01  5.94146570808562800D-02 -6.62420895955103700D-02
31 13  4.52266814308103500D-01  3.34511740434199800D-01  5.20779948343571800D-01 -2.38973636484847000D-01 -1.00862596924337600D-01
31 14  3.39836233409183100D-01  2.11639227839483700D-03 -6.28981077121660000D-02  1.83593605316674800D-01  1.41329573898316400D-01
31 15 -2.31555488140733900D-01  9.02259142424168300D-02 -5.15684738384017800D-01  1.49002477080040400D-01 -5.27703138608814000D-01
31 16  7.61684645874532300D-01  7.13675534221893500D+00  4.70447076352844700D-01  6.94809466178548000D-02  2.72172551420949000D-01
31 17  2.93280551493740700D-01  6.26814050987882700D-01 -9.97945874379366300D-01 -2.13408708193065200D+00  4.52425975947080000D-01
31 18  1.74490037276978600D+00 -6.61154623679525200D-02 -5.09889039777090200D-02  4.13063279975814300D-01  3.00649834582279000D-01
31 19 -4.41551678876344800D-01 -4.02493186328614100D-01 -5.02321619913957500D-01 -7.75567479377543900D-01 -7.17610392460841700D+00
31 20 -3.43025318506499900D-01 -1.84624361529658900D-02  2.70166295403709300D-01  2.88742939902496200D-01 -6.69336216353657500D-01
31 21 -2.13078743212077400D+00  3.58112168362623800D-01  3.33168338287330500D-02  1.02050407524711300D+00 -1.77495224323199900D-01
31 22  3.07064798722311200D-02 -8.84960768723071200D-02 -4.80942299747774700D-01 -5.07596386880721700D-01  1.68298627985645200D-01
31 23  1.82252863586994000D-01  2.76736169348533800D-01  1.00958655685477500D+00  3.38682603106301400D-01 -5.68666544859234700D-02
31 24 -6.53254366302982900D-02  5.30191382698303700D-02  2.12983368791953300D-01  2.28613329304759100D-02 -3.81593005893609200D-02
31 25 -9.22036564696669800D-02 -2.01583098162263400D+00  6.97623687725659700D-02 -6.06680435155855000D-02  8.68779958909779300D-02
31 26  3.54026695590829700D-01 -2.68129906303893400D-02  2.06088541289863200D-01 -6.89100813253124900D-01  3.53161484209302700D-01
31 27  1.12551115484367800D+00 -1.11276755657601700D-01  1.04801239035677400D-01 -5.13715306829811700D-02  5.20544858836469300D-01
31 28 -4.24340556951618400D-02  1.21338490885524300D-01  3.38989834972857100D-01 -4.00497815172262200D-02 -9.97115928095578000D-02
31 29  1.16043837211061100D-01 -7.62018595090273800D-01 -7.36300685398158500D-02 -9.12228888024302500D-03  5.62215667341959700D-02
31 30  2.65782517457937000D-01  1.03355685295673700D-02 -1.94159262125045900D-01  1.90849189129647900D-01 -7.65917749237863500D-02
31 31 -1.61459624017009100D-01  1.58782733024886400D-03  1.36852338928385600D-03 -2.95635071953298500D-03  3.80322798760612800D-04
31 32 -8.66604138579949400D-03  1.68715425815337300D-03 -1.38601331647120900D-01  9.93393782197142400D-02  3.92619534274066400D-02
31 33 -4.71779689275464400D-03  2.90202006930495100D-01 -7.94737209799910800D-03
32  1 -1.56457003449334400D-01 -2.99398397727220400D-01  1.47197312389582900D+00  1.65127369441810100D+00  4.52582344999046100D-01
32  2 -5.30645535043525500D-02  3.44045077921664400D-02 -5.23272731964440900D+00 -1.89856758864753900D+00 -7.94796994302320500D-01
32  3 -3.94349146556211700D-01 -1.90426221509104300D-01 -4.86054948811465700D-01  5.14747015958570400D-02 -5.02596696879848700D-02
32  4 -1.21503190787280300D-03  1.89937180544831900D-01 -2.31611354290401100D-01 -3.76108005005620800D-02 -1.09954406994246300D+00
32  5  8.95814453112981600D-01  2.03729616829480100D-01  4.72873849749160800D-01  1.84493562355043900D-01  2.97836973976436000D-01
32  6  1.33605726611193200D-01  3.16298338302713400D-01  4.59881084237948000D-01 -4.26357196122028800D+00 -2.31617586987972100D-01
32  7 -7.07720610610421700D-02 -2.24261975397432800D-01 -1.00821208953762800D+00 -4.07642261763967800D-01 -1.02028218975679800D+00
32  8  2.35092247547457000D-02  8.05973897652421600D-01  3.13152070089731900D-01  3.59259195236070700D-01 -4.20696211570484000D-01
32  9  6.14370163344141600D-02  3.31720678204159600D-01  4.80463274633192600D-01 -1.78156803394884700D-01 -1.97066895285571500D-02
32 10 -3.66733197581223900D-01  3.86439887109779400D-01 -7.93897595637877700D-01  3.56249409890809200D-01 -5.38405817612118000D-03
32 11 -6.26985725739606600D-02 -1.86226135762477500D-01 -8.90738698958809100D-01  2.26078875658288600D+00 -2.34846333344715200D-01
32 12 -1.25033070206471500D-01 -1.53830363412605900D-01 -9.52952080773849300D-01 -6.12758781088895600D-01 -2.05862559456948900D+00
32 13  2.45818229768997500D-01 -1.08091073745888400D-01  1.02039320893390300D-01  4.70304296196203700D-01 -2.46108768426314800D-02
32 14 -4.45693419353573000D-01 -2.86970909668786700D-01 -1.64324936285152700D-01 -3.12804352564089200D-01 -5.73516426655152300D-02
32 15 -2.57103364267601400D-01  3.14455006933114200D-01  1.57680505249347100D-01 -1.13929617933964000D-01  2.34876567625854200D-01
32 16 -1.30378492033004800D-01 -1.59917682315494200D+00 -1.78217955320465900D-02  3.98963899348868300D-01  1.49914152216375100D-01
32 17 -1.53759649585005500D-01 -6.21079120883068000D-01  9.87472755836405200D-02  4.80943770427796700D-01  5.98089311040170200D-01
32 18  7.05783616213143800D+00  3.09316609739803600D-01  4.06087689861550000D-01 -3.76008705714995200D-02  2.27298696646484400D-01
32 19 -2.10114990921171300D+00  2.40413036875262600D-01 -8.87572295520433400D-01 -6.45659786028586100D-01 -6.22134867348685800D+00
32 20 -2.37458564124399400D-01  3.15415320897604600D-01  2.56630042813970600D-02 -1.39833035972719800D-01 -9.52522944225944400D-01
32 21 -1.74879536710086700D+00 -6.86216517628956000D-02  2.19613995572800600D-01  1.92666680807960000D+00 -6.77676647511352400D-02
32 22 -2.44484269967879900D-01  1.30015596813260000D-01  5.32946274084302000D-02  2.76355325656391600D-01 -4.54822732572813800D-01
32 23 -9.04325766330344700D-02  3.91583448673566100D-02 -3.86362847414779100D-01 -1.38920367881404700D-01  2.50206716732945600D-01
32 24 -2.96374100750838500D-01  1.06853956610182100D-01 -2.92144711959088500D-02 -1.77925501388037300D-02  6.03564524568329200D-01
32 25 -9.91998542970295000D-03 -1.26917380052575200D+00 -5.18263353312201100D-02  1.12085360499017100D-01 -3.84409374071388400D-02
32 26  2.77340573753765000D-02 -9.84839312275723600D-02  6.38278606332785800D-01 -1.02805770506039300D-01 -4.79624511257352100D-01
32 27  3.21074287714856100D-01  6.43055172477423700D-02 -2.65167346562037900D-03 -1.77183307578348100D-01  3.13687973046118800D-01
32 28 -1.27982952044194400D-01  7.07590815966079500D-02  5.54437112508776700D-01  4.42970185688423500D-02  1.05804220129027100D-01
32 29 -1.72283851463825900D-01  5.66420756127942500D-01  1.24941216387578500D-01 -2.71257769895762400D-02  1.46999257711804200D-01
32 30 -3.41717204267366100D-01  7.45507804816758900D-02 -3.87071727162289500D-01 -1.26683578852960600D-01  1.02060185215103100D-01
32 31  1.50826617491298900D-02  3.07550252500980300D-03 -1.82117861119641600D-03 -1.25432391381431800D-03 -1.11401126841990400D-03
32 32 -1.46858747969459600D-03  2.61663486547693800D-03  3.16527398130326400D-01 -9.69632168474782600D-02 -2.19564181282848100D-01
32 33 -1.64735798969864500D-01  2.21023925044262800D-01 -9.73359208106536900D-03
33  1  2.77174188761550100D-01  4.39571572984101600D-01 -5.66721066568529400D+00 -1.20587249657383900D+00 -1.71121533168557100D-01
33  2 -1.45102203595005200D-01 -1.04352746097230400D-01  6.48324108070819400D-03  1.27985985502581000D+00  4.66523261886307400D-02
33  3 -2.04786046623699600D-01 -5.23292723789913800D-01  9.77282476399831500D-02  6.48776913884191700D-01  4.96249807548573900D-02
33  4 -6.98401894639048700D-01 -2.23612156915237600D-02 -1.59640379486327100D-01  6.75681160174669900D-01 -2.20553202206944600D-01
33  5  7.40616403708348200D-02  1.46491561836108000D-01  2.09138230084957100D-01 -1.53828347235501300D-01 -1.29628000674000500D+00
33  6  1.99860169569313500D-01  4.54097788563393600D-01 -3.07050893449895400D+00 -7.55606189373755600D+00 -7.83008525933575100D-03
33  7 -1.53431154864770000D-01  2.85993343563718600D-01  2.94844951862332300D-01 -1.84202336630902600D+00  7.40581302844351800D-01
33  8  1.29429730673020500D+00  1.65483348404124000D+00  1.20416631483534100D+00 -2.27899305860772300D-01 -7.95925561892061200D-02
33  9  3.07491862049975600D-01 -1.44323058151485700D-02  4.08445829600758100D-01 -1.67224980229584900D-01 -3.82679685769275200D-01
33 10  8.51225534080970700D-01 -4.68545848311694300D-01  1.78298946663640400D-01 -1.11457249130437700D+00  4.05580991390184700D-01
33 11 -2.00498058546384800D-01 -3.90054763361457200D-01  4.49477041889506800D+00  7.01408155963643000D+00 -7.84117879938350100D-02
33 12  2.74866335989118800D-02 -2.62806123577878300D-01 -1.04602929344260600D+00  8.80713981038350400D-01  1.14928536783702100D+00
33 13  6.75756373016672900D-01 -1.47932675973862000D-01  1.65723289398986400D+00  6.03898303565707700D-02 -1.43873047064393600D-01
33 14  8.34832167078238100D-02  1.00376254274981000D-01 -9.45069508927999700D-02  7.25528620187026800D-03 -2.14327413109365500D-01
33 15  6.12762851230924900D-01 -3.98435438121559300D-01  8.00194138337257200D-01  3.00879942784040400D-01  7.00744061752014200D-01
33 16  2.05533407472979000D-01  1.60712275797325200D+00  2.08486706333242600D-01  4.94419108624643600D-01 -4.24529755395509100D-01
33 17  3.59330599092937900D-01 -1.17194033150976400D-02  3.82741592866366800D-01 -4.60352709313870700D-01  6.31906979402103700D-02
33 18  3.17515401964960800D+00  1.73917787477490700D-01 -4.55403468252353200D-01 -1.92503522726527400D-01  4.49079604370571800D-01
33 19 -6.34984209907124600D-01  4.02683701948655700D-01 -7.30991505023114400D-01  1.28352366732736700D-01  2.90493738015696400D+00
33 20 -2.68941487268037900D-01  2.43708594991398300D-01 -1.91824214749676300D-01  3.82887367975593300D-01  2.31207690577423800D-01
33 21  9.41863127790470300D-01 -9.46124291755690800D-01  2.04609294129448200D-01  9.74130899820035100D-01 -8.30891663446511800D-01
33 22  2.29566289196977300D-02 -3.30946399152652200D-02 -1.60848698786056300D-01  5.88936678062824300D-02 -2.81441745624734700D-01
33 23  1.90156523006141400D-02 -2.05455861028248400D-01 -3.66875800760603100D+00 -4.75768453313091300D-03  2.25539629652435700D-01
33 24 -9.51716300233972400D-02  4.77225079402020000D-02 -7.98687686143769800D-01 -4.33059087329063100D-01  2.01312070859149100D-01
33 25  5.70013328761674000D-02  1.37863918371649200D-01  6.01905021064476500D-01  4.75096040077179000D-02  1.15015003758911800D-01
33 26 -1.56642751582111700D-01 -1.90322963685752000D-03 -2.06462537572401500D-01 -1.86822547360284700D-01 -2.03017840147854500D-02
33 27  4.19719781595124100D-01  2.41728207984087500D-01 -5.94110032772022900D-02  1.05426433679702300D-01 -1.43403975599239900D-01
33 28 -8.57846866622928600D-01  4.00065347269090400D-01  9.69293637416581000D-02  2.45752124991258500D-03  1.58821695033804500D-02
33 29  1.39260170637316200D-01  6.94406373373653900D-01 -4.07186823928296600D-02  6.92073824495030200D-02  4.81121568550754300D-02
33 30  1.91578812972232100D-02 -1.82127517808540800D-01 -6.89437571260954500D-02 -1.49228545629696100D-01  8.55412623207824600D-03
33 31  1.48288046659106300D-01 -2.05442114976735100D-03  9.58239952610798400D-03 -7.52797837634037100D-03  2.22699321676862900D-03
33 32  5.96942102987688900D-03 -1.44234386848165700D-03 -5.02640975271356800D-03  4.13664402265139600D-02 -3.63400304738004200D-02
33 33  1.23555441791216900D-01 -1.68721554466744400D-02 -3.60449104480611800D-02
34  1 -3.76580342947703300D-01 -6.51152339955014900D-01  8.34242012590323000D+00  8.80493633987714700D-01 -2.71660925379727300D-01
34  2 -3.50297774926240400D-02 -1.21579543003098300D-02 -2.42888800095727600D+00  2.04684781599714200D+00 -3.04693263228519100D+00
34  3 -1.70411629851062400D-01  1.78350024671047700D-01 -2.61735754070410100D-01 -1.23705883061060500D-01 -1.64896981243505800D-01
34  4  2.88602864304565100D-01  9.66869536721633400D-02  2.64526176449037100D-01 -2.77889872721772000D-01  8.41010805580949400D-02
34  5 -9.50920590560343400D-03 -7.45918746524925600D-02  1.47092293877774200D-02  6.44678279689966700D-02 -8.80101423851604300D-01
34  6  1.02025125849021200D-01  1.68902070889976700D-01 -3.11484919248979500D-01  2.08513953676528400D+00 -1.51182175865754800D-01
34  7  2.83923089697568500D-02 -4.14535750372904200D-02 -3.73906218795407800D-01  3.17968270524911000D+00 -6.50543664104189900D+00
34  8 -4.51189265004151800D-02 -7.08958470071934700D-02 -7.86204789657718800D-01 -9.25243560397256700D-02  1.49924656462342300D-01
34  9 -5.74003004226162000D-02 -2.21642919383980300D-01  3.69478177763552200D-01  2.46504320410976200D-01 -3.57241819720635300D-01
34 10  2.16717031223195400D-01  1.40524788497439200D-01 -3.08130527126244900D-01  2.53104657068331600D-01  1.48559095078893200D+00
34 11 -2.06892420685714600D-02 -4.08002604038427600D-02  1.12378456051484900D-01 -6.30306594168314100D-01  7.50953919274498700D-03
34 12  3.03640493322094700D-02 -1.07616918000332200D-01 -6.02383127075826900D+00 -2.21918839523946500D+00 -2.89937361124055700D-01
34 13 -6.64967083207102500D-01 -4.96888691230603800D-01 -2.69173603674489600D-01  3.72210318511724900D-01 -5.15233288872673600D-01
34 14  1.43022970360947800D-01  2.04706116017587300D-01 -2.29395929352991000D-01 -1.16087212952333900D-01 -1.03281304273035100D+00
34 15  2.58297054234652900D-01  7.74515988495697500D-01  5.98718081429788200D-01 -1.70509154308477500D-01 -6.17099042137528300D-01
34 16 -1.83369395286101900D-01 -1.42625005884237800D+00  9.68002260605737900D-02  7.08709570627049400D-03  3.17583937212381500D-01
34 17  7.72482957998243300D-02  8.35136832500683200D-03  9.12267335815844500D-02  7.52567206645137300D-01 -2.68935309202369900D-02
34 18  2.06512552500313400D+00  1.96661898153602700D-03 -1.05703184854488400D-01 -3.46898693907180400D-02 -3.95356355208575800D-01
34 19 -6.92968185685028200D-01  4.04201951096063000D-02  7.62688942751181400D-02 -1.78697460741777600D-01 -1.85408544410584100D+00
34 20  1.24382126076382700D-01  2.49074239828966600D-01 -3.39467559073368000D-01 -3.32180612324323700D-01 -2.14756408593562600D-01
34 21 -6.97100517191811000D-01  3.92354961599825600D-03 -1.23257455803196700D-01 -2.74858265936175000D+00  3.56752793831612800D-02
34 22  3.99090709305921500D-01 -1.91851452384008300D-01 -1.96483152236729500D-01  4.73753604396677100D-01  6.43268302269455200D-01
34 23  1.32280625688451000D-01 -4.77361016709472800D-01 -7.51309227848064800D+00 -8.23270113391607900D-01  7.03594501072326100D-01
34 24 -4.51265723264219600D-01 -1.27076187056614200D-01 -1.78249334414370600D+00 -1.31420720948477200D+00  5.05939665187208700D-03
34 25  2.70491612063696200D-02 -3.20223021961839500D-01  5.04566854758893400D-02  1.49161096098396400D-01  2.43531821246193500D-01
34 26  2.18946459958860400D-01  1.20254242342683100D-01  8.42900100301980500D-02  1.84773114428882800D-01  3.35800822167240700D-01
34 27  2.05973396615643300D+00 -1.46706439980521600D-01  9.80613890802967500D-02  2.11796534409136100D-02 -1.57228098590460500D-01
34 28 -2.28931080915718300D+00  9.06991523037566700D-01  9.27895276793625900D-01 -7.14135955770249800D-02 -1.61430539022604300D-01
34 29  5.38213570831090600D-01  2.65427687877321200D-01 -1.28932788774939700D-01  8.37426397208149300D-02  1.15462242720999300D-01
34 30  4.12272412235417100D-01 -2.66918367448943400D-01 -3.21733508983853100D-01 -7.73261116361146800D-02 -1.16267472052273200D-01
34 31 -1.31460404750006800D-01 -4.53141374482723300D-03  9.87269987873191900D-04  3.54414375695362400D-03  6.01751122115499800D-04
34 32  1.18519917629021700D-02  3.02927454064531500D-03 -3.13302083640961300D-01  1.49992744540891400D-01  1.63309339100070000D-01
34 33  1.49716112809015600D-01  1.50848737612648400D-01 -2.12635942492919400D-02
35  1  3.81028454712472200D-02  5.02441501449907600D-02 -2.00776158999627000D+00 -3.41266248755553200D-01 -3.37380949158349800D-03
35  2 -1.56005024811360500D-01 -2.04893272127827900D-01 -9.41403757756555400D-01 -4.90041008841137200D+00  2.98229030634017700D+00
35  3 -1.03070275780101500D-01 -5.48947514561760700D-01  4.19702797129572400D-02 -1.09596737605796600D-01 -2.23174015314882100D-03
35  4  1.11828477758944100D-01 -6.06205911603772800D-02  6.26700094165610300D-02 -2.32172731551554200D-02  6.31573641554123700D-01
35  5  3.75501830995640800D-01 -1.00707547254976400D+00  9.82673617698400900D-02 -2.94891654517672800D-01  1.11680653635391000D+00
35  6  3.57868758295264100D-01  6.87154591280551300D-01 -6.62916207878808000D+00 -1.59929730708108300D-01  1.52128179193620700D-01
35  7  7.37027352099662600D-02  5.47538799869085300D-02  4.68234313185417100D+00  6.31078294404774900D-01  7.75734813785314500D+00
35  8  3.41518989387399900D-01 -4.72172694682383500D-01  8.96872951291449200D-01 -1.17291220977665700D-02 -1.38064753395425500D-01
35  9  1.49793875493190600D-01  8.16806308589676500D-02  5.40029226311389400D-02 -8.96197529250193600D-02 -9.59850557296772200D-01
35 10 -6.25993584132377200D-01  1.58584414142914600D+00 -1.16707783674040300D+00 -8.08260851730593000D-01 -2.01585905902058300D+00
35 11 -5.46361808025963500D-01 -1.05244059516586100D+00  1.12021051784084600D+01  1.73263056003688700D+00  1.43628410930795400D-01
35 12 -1.72400658532475600D-01  1.94568465316459700D-02  8.85796973096655100D-01  1.18241447126436500D+00  6.39294579907261800D+00
35 13  1.72701393344999600D-01  4.27736586910209000D-01  1.76818149368974600D-01 -1.79689732968221600D-01  1.84211999935336500D-01
35 14 -4.52226696711738800D-03  4.72635314926247600D-02  4.05385315138944900D-01  2.43212015835446100D-02 -1.44122894373411000D+00
35 15 -7.45932298405525800D-01  2.18716124213963400D+00 -3.64914023488576000D-01  1.91625359674046800D+00 -4.66234367396398600D-01
35 16  9.71371880448571700D-02 -1.00625453506462100D+00  3.25390899453036600D-02  1.75539692373292400D-01  3.64487705953208700D-02
35 17 -2.36734123433253400D-01  5.13500550100686500D-02 -1.07867225616200500D-01  5.33591236399794800D-01  5.62163005658844300D-02
35 18 -2.39308581092238500D-01 -1.40508851871722900D-01 -2.64423679646007900D-02  3.39752093862789500D-01 -2.43934101013313100D-02
35 19 -1.49780719931328200D-01  9.46394655121522400D-03  3.41204196858194500D-01 -2.46841401865677100D-01 -5.68914438444903700D+00
35 20 -4.46223637110245500D-01 -2.25856116200404400D-01  2.10985781970591300D-02 -3.04866684773695700D-01 -6.47132634066776300D-01
35 21 -1.55197496296744300D+00  3.11425108964981800D-01  2.36104274228086200D-01  1.45458439519436800D+00  2.34822898887859600D-01
35 22 -1.13348765113545900D-01  2.80075485313917700D-01 -1.07349224293520000D-01 -1.67598267750641500D-01 -4.39827600039674700D-01
35 23  1.06425079373313600D-01 -1.58209801853514500D-01  4.10774658019602200D-01  8.66924719574673100D-02 -1.74324816315963400D-01
35 24  1.37572131723104000D-01 -1.36913563761328500D-02 -4.59070558511373800D-01 -1.39622457589237800D-01 -5.89569706615364000D-02
35 25 -2.69698499713822000D-02 -2.20394012431419400D+00 -1.13380336842505700D-01  6.30586962536336300D-01 -2.73496213457701400D-01
35 26  1.28587429281567800D-01  9.36546140373693500D-02  7.35335091033978200D-01 -4.79468919331602000D-01  2.18424033508383900D-01
35 27  3.63736741028514400D+00  4.19075583801219700D-02  2.77913005776061800D-01  6.84592272691966800D-01  2.79743447033752100D-02
35 28 -2.34277907855445500D+00  1.61773899047851600D+00  8.04346923907855000D-01 -8.13657072476023900D-02 -1.90624099172578100D-01
35 29  5.07921649899511900D-01 -2.52049274532541000D-01 -8.92317003602551700D-02  2.67407836275884300D-01  7.98699102379813000D-02
35 30  4.03965919631809400D-01 -7.94949347598918900D-01 -2.51061628691256400D-01  7.03751572056914700D-02 -2.09256933870563500D-01
35 31 -1.68156304767289100D-01  4.20495889597857300D-03 -1.88546930862341600D-03 -2.31948958735557400D-03  1.54211718081883300D-03
35 32  1.30736309040488300D-03 -1.47811531607908100D-03 -1.54064075219672400D-01  3.60620168027135700D-02  1.18002058416958900D-01
35 33  5.92741959596624800D-01  1.48317290106915000D-01 -1.00818824345035900D-01
36  1 -6.03741125524643000D-01 -1.04312917110221500D+00  1.52703629749217300D+01  1.08247243379477700D+00 -6.40255830748773000D-03
36  2 -1.37027656008530700D-01  1.25592731301215400D-02 -1.33388707180027000D-01  8.55383130438919200D+00 -1.14505269476245200D+01
36  3 -1.52700562792773300D-02  1.00909979031006100D+00 -6.20065159803676500D-01 -1.15327023204446700D-01 -1.25650333893493200D-01
36  4  2.40977357097939900D-01 -1.34669258922691200D-01 -6.00975541187013400D-02 -2.00893916052008700D-01 -1.41420052952119100D+00
36  5 -3.31626846420468100D-01  1.74582737594165600D+00 -6.75100469653672000D-01 -4.35323876315996100D-01 -2.59031366147376600D+00
36  6 -1.25285478147784400D-01 -2.52848519665655600D-01  4.68279719725041300D+00  4.72699334332934100D+00 -1.52077468090311400D-01
36  7 -4.56344160979483000D-02 -2.40907882811801100D-01 -9.93771692347206900D+00  3.07266689018565200D+00 -2.16563394637722800D+01
36  8 -9.67628647925198200D-01 -5.83450887066790600D-01 -2.42894081687024200D+00  1.42421475806084600D-01 -3.10995826731675300D-01
36  9  1.68574350925594600D-01  3.14970387853093900D-01  3.05429258846723200D-01  4.95081137933298600D-01  2.39370197030419000D+00
36 10 -8.65145667053707800D-01 -1.52855630325048500D+00  2.34908561289957900D+00  2.12687997311514900D+00  4.82452980833610100D+00
36 11  1.01281866878695100D+00  1.87637298029101400D+00 -2.35865783254883900D+01 -5.88105574680073100D+00 -1.79606473013492100D-01
36 12  5.40711989380483600D-02 -5.63792199959953700D-01 -8.68603854762268500D+00 -1.66143815368955800D+00 -1.14636613777400200D+01
36 13 -1.02570596034446300D+00 -3.85871482345834100D-01 -1.33316738324266400D+00 -2.64728339690808500D-01  3.63799614084901000D-01
36 14 -9.90712743940925900D-02 -4.58704202763817100D-01 -2.45240386848255700D-01  1.85075477616613600D-03  1.05573335228635200D-01
36 15  1.31560292481439200D+00 -1.42117626004302600D+00  5.54845229846185800D-01 -1.40938943866513500D+00 -7.29411949422337400D-01
36 16 -2.42918650951300700D-01  2.36113400471708000D+00  1.09926830198176700D-01  3.90350741330756100D-02 -7.82343953994903700D-03
36 17  1.41338609931635900D-01  4.85379368222287600D-01 -1.60811829749420900D-01 -4.12023006708408000D-01 -1.77340622128696400D-01
36 18  2.23931193117241400D+00  3.24262518800939700D-01  7.74983015036204600D-02  1.01057533634093200D-02  3.24161995206263900D-01
36 19 -5.13796512705690300D-01 -3.96061156126635600D-02  1.13017200887185500D-01  2.23801791660740400D-01  4.01611057169866300D+00
36 20  7.33968018824153100D-01 -1.58156621738889700D-01 -2.87899645732632000D-01  2.48620168360959600D-01  2.02405736193733000D-01
36 21  8.64011369483072700D-01  5.37141803721310200D-02 -1.08659714600093100D-01 -2.15673821146918600D+00  3.43755778687325000D-01
36 22 -2.58848052776855600D-01 -4.22388223433709200D-02  7.18685687963258000D-02 -9.46256807232014200D-02  6.28751572623045000D-01
36 23 -3.22993348681528700D-02  4.28258419816668900D-01 -3.13750892339001400D+00 -4.49885526317610600D-01 -5.28874075438002700D-03
36 24  3.78033829916776500D-02  3.48337808093085700D-01 -5.53435100583331500D-02 -2.55676957742353700D-01  4.36129816044176600D-01
36 25 -7.05806131928909300D-02 -1.84829185662906400D+00 -3.45903406069376500D-01  2.27740588378602300D-01  1.85531513526504200D-01
36 26 -3.44712745314259300D-01  8.96112576849196500D-02  2.12388348719591300D-01  2.36945459554893500D-02  8.10788797098114100D-01
36 27 -7.15414942667484000D-04 -4.26879520384615200D-01  2.69815909008029000D-01  4.30722850112803400D-02 -8.27228237682414400D-02
36 28 -1.54066344963532300D+00  4.16409539780725600D-01  1.42679118997267500D-01 -1.63419481470574400D-01 -3.84732236393984900D-01
36 29  7.90018266370937200D-01  9.83530981071578200D-02 -1.06294668460462900D-01  7.92126887752123700D-02 -8.49166673029468100D-03
36 30  5.29146551540534600D-01 -2.33364935370011300D-01 -2.82038197184619800D-03 -7.97485890206671100D-03 -1.48436912087642500D-01
36 31 -1.43738906806771700D-01  6.94854569561306200D-03 -5.89782262683578600D-03 -1.05072306877713200D-03  7.74651221579401800D-03
36 32  4.30826081280283800D-03 -3.93198112788601900D-03 -5.30515978665667200D-01  2.25784300932330700D-01  3.04731677733336600D-01
36 33  2.53178817379710500D-01  1.28012712930479200D-01 -5.31619362001662700D-02
37  1 -5.89593645030794700D-01 -1.02656966398939800D+00  1.34096197266793900D+01  1.39693125744831800D+00 -2.42387353097513300D-01
37  2 -1.85824285502992700D-01 -3.11270498459614600D-01 -1.90265795928826800D+00  2.59658036814490200D+00 -9.15142082729298200D+00
37  3 -3.22981779211923300D-01 -5.91748704233853500D-02 -8.31715068929429500D-01 -1.24883775540949600D-01 -1.65131118456571800D-01
37  4  2.90014893997522200D-01  3.44735042173705100D-02 -1.39308440012823300D-02 -2.95228214467572700D-01 -1.58260540444643200D-01
37  5 -1.19934234301996900D+00  1.35760288346461000D+00 -1.03786101755658100D+00  6.14058608081425600D-03 -1.06278702643093200D+00
37  6  1.18492898207598400D-01  2.07589548015883100D-01 -3.91979952765240400D+00 -5.29829765500399800D+00  2.96222718327560600D-01
37  7  4.08021340090170900D-01  2.61711849963738800D-01 -4.49220847631771600D+00  4.79032047152057800D+00 -1.39708408342743900D+01
37  8  5.61863612328418900D-01  9.32739913640952700D-01  7.21824533378216300D-01  5.27628817474444300D-02 -8.19680763439488100D-03
37  9 -4.45660741130452900D-02  6.58602254546271800D-02 -2.86763880933095900D-03  4.40480778449790600D-01  1.10787651831474400D+00
37 10 -3.06771655867879600D+00  1.95984004036404900D+00 -1.60891574015260600D-01  3.16226886728468700D+00  3.70582428605739800D+00
37 11 -1.28620727031173800D-01 -2.55688035952914800D-01 -1.23293057351209000D+01  3.25582652262031100D+00 -3.60249148522987300D-01
37 12 -1.11948250485436100D-01 -1.37865370985053300D-01 -1.81349989904124300D+00 -2.31903498767273000D+00 -4.81793367590773200D+00
37 13  5.83685595308798500D-01  2.56763641683152900D-01  2.20015761221301400D-01 -3.00081733540007200D-01 -1.12767158425715400D-01
37 14  4.12848891965719900D-01 -3.41078061225519000D-02  2.23163563974315900D-01  8.17405145241720900D-02 -4.51948848913813500D-01
37 15 -3.84824978398020400D-01  8.36773827311833700D-01 -1.88106183600432900D+00 -4.18354192100560100D-01 -1.52765849982359400D+00
37 16 -1.24292157647195400D-01  1.76332492185240100D+00  2.31634496421304700D-01  3.57390653358255600D-01  1.61289614394219700D-01
37 17 -5.99299164218394500D-02  5.87353342001265900D-01 -1.83367102738905000D-01 -8.05604152709089000D-02 -7.00485773939795200D-02
37 18  2.38343052425525900D-01  2.71112114472936500D-01 -2.02125716316724000D-01  1.76170388774640800D-01  1.91202951795597900D-01
37 19  1.04979320702622500D-01  1.85437903103516900D-01  5.98727613758607900D-01 -1.95015140012389500D-01  6.25630504374322100D-01
37 20 -2.15557121290408000D-01 -1.10217905522882500D-01 -4.47815286663116800D-01 -2.17425797967435900D-02  2.44216000367986400D-01
37 21 -2.13782129003451300D-01  4.70974641843819500D-01 -1.57627382236168300D-02  3.56408144419834100D+00 -5.40385372444838900D-01
37 22  2.16767338201605000D-01  4.68934244808589500D-01 -2.40462633890400300D-01 -5.73673873635453100D-01 -8.40832440648173900D-01
37 23 -8.85838337099235300D-01  2.77807286533490300D-01  3.96291129286470600D+00  2.26385626695261700D-01 -4.27129335532335500D-01
37 24 -3.53292340761791800D-03  9.54544603001454800D-02  9.10951027880345500D-01  6.99269049187558800D-01 -2.47813648935584800D-01
37 25 -2.99484480437056800D-01 -3.45862221881871400D+00  3.81635437816627800D-02  1.57120542921707400D-01  2.93473088037615200D-01
37 26  2.69216337079799500D-01  5.05005177449544700D-01  7.22426875728857600D-01 -5.55457297599020200D-01 -7.91966120064994200D-01
37 27 -1.85190934491037900D+00 -4.11502154256752100D-02 -4.12721054175278000D-01 -3.15489504870808800D-01 -2.21282373309825900D-01
37 28  2.41164308341264100D+00 -8.64521161575702900D-01 -6.46039370206593100D-01  1.67333340554257100D-01  3.93201671644909500D-01
37 29 -8.65526438082735000D-01 -6.25605136087559200D-02  8.63340390674947500D-02 -1.00318565505433700D-01 -1.14561691671124200D-01
37 30 -5.34356382051992400D-01  3.44883154003741000D-01  3.46877661860240000D-01  2.93570176821006900D-03  1.27536638625431500D-01
37 31  1.35899088861809700D-01 -9.63551398610652300D-03 -3.96618715517160700D-03  1.36017011412799700D-02  3.17824625645156100D-03
37 32 -1.47917465742184900D-03 -6.39689847261576500D-04  4.38845082690302000D-01 -2.83367806347201700D-01 -1.55477276343099900D-01
37 33 -3.25562968214490300D-01 -3.12434974529567000D-01  5.81757527436603500D-02
38  1  1.28075622456285800D-01  2.03065094129717500D-01 -5.32575719450843300D+00 -7.16845294803852300D-01 -1.70611625093596300D-01
38  2 -1.43543065511014200D-02 -9.94583671572362600D-03 -8.51180238741010600D-01 -7.82478403168619900D-01  2.67440405929539900D+00
38  3 -1.99159705010343500D-02 -1.83560233336466800D-01  9.51173336716924800D-02  3.20734977802695400D-02 -2.87905092042069900D-01
38  4  2.55831594261799600D-01  5.46273089438382900D-01 -6.34695625306055100D-02  1.95943288153371300D-01  3.23856826416183300D-01
38  5 -4.30384887215549000D-01  1.06528060799365700D-01  2.17091592969853800D-01  2.00923593934423800D-01  6.88901243051088100D-01
38  6  3.16583983685968400D-01  6.43030214195498700D-01 -6.19227694050091100D+00  1.36146413963593200D+00  2.24744241974551100D-02
38  7  3.25535032397188700D-01 -1.09145966652633500D-03  4.11185275338276900D+00  1.60166455172821100D+00  6.19450753363648000D+00
38  8 -1.20944635377710900D-01 -2.28713692610918300D-01  1.40862304320139300D-01 -2.18023171136754800D-01  3.35872628480219100D-02
38  9  1.84435908288732200D-01  1.84362934040305400D-01 -1.94782300804424500D-01  6.44321533437398800D-02 -9.36303114838172500D-01
38 10 -2.78272826990509900D-01  1.21457594182868300D+00 -1.80752289964490600D+00 -7.99308860043973700D-01 -2.33750408318233300D+00
38 11 -1.81043415870296400D-01 -3.84085640831152200D-01  6.59935259179045200D+00 -1.21484989561918300D+00 -1.62553887053101400D-01
38 12 -2.26819940832806100D-01  2.53150324132977300D-01  3.49616259950851000D+00  2.04440550817956900D-01  5.79202829645861200D+00
38 13  2.43885436132230800D-02  2.53146666058568300D-01 -1.03792165323924200D-01 -6.18253027496032400D-02  7.07554474384253000D-02
38 14 -8.93014468882239800D-03 -1.60039386998975100D-01 -2.53244763671514400D-01  1.42585751682826200D-01 -1.25352560838998100D-01
38 15 -1.49314570174061200D+00  1.61849826257960900D+00 -7.73649830818907000D-01  1.21088242267165800D+00 -3.19361184731560100D-01
38 16  8.84981167109528900D-04 -2.70442704114145400D+00  7.19809013635587100D-02 -1.35579936268904400D-01  1.99267501058522500D-01
38 17 -2.05323019518770000D-01 -3.48571270688063400D-01  3.89713094132313600D-01  8.18255701535600000D-01  2.59549105303068400D-01
38 18  5.32504881155502000D-01  1.15599813404635200D-02 -2.92184292108267900D-01 -4.96196488874503600D-01 -5.41773143037578100D-02
38 19 -2.24605755179328000D-01  2.64209399475611300D-02 -1.35923336323852500D-01 -1.66339404524424800D-02  1.41487550071909700D+00
38 20 -1.47699124500269100D-01  4.44235105654930300D-01 -2.20102005148846700D-01  1.58204368082900800D-01  2.86583433467775800D-01
38 21  5.98321496275053000D-01  1.59386899197668100D-01 -1.31450473388912400D-01  7.32393183340290500D-01  6.13344201606484100D-02
38 22  2.36253722957789000D-01  4.83200083714383100D-01  2.57111235170856200D-02  1.83973573023878800D-01 -4.03766789526747600D-01
38 23  4.58867595272868200D-01  2.40379973424472000D-01  2.97230641744589900D+00  2.21425033305811300D-01 -3.46325332826134400D-01
38 24 -1.35587511444077800D-01 -2.86622303372373900D-01  1.86459291061784000D-01  2.91648193348881800D-01 -3.78050947853719400D-01
38 25  2.29241420198383700D-01  7.75538366596755500D-01 -1.33510312715053400D-01 -1.28258231654365300D-01 -1.68088056431554200D-01
38 26  2.84782204885850600D-01  1.86559865378610600D-01  2.01143325543491700D-01  3.03017214947312200D-01  5.21721624489733800D-01
38 27 -9.07449631947169800D-01  1.25185380051909800D-01  8.93204461211933900D-01 -1.48461171699731200D-01 -6.70220688760552900D-02
38 28 -1.70060816933152100D+00  1.70006200747389900D-01 -2.67701487043332900D-04 -2.45462098445443400D-01 -6.03204515251436700D-01
38 29  8.95282778880433600D-01  8.49011038182546200D-01  1.72620840400544900D-01 -1.53844497627337800D-02 -1.54181117704097800D-02
38 30  3.14782596943470000D-01 -3.69506692997344400D-02 -3.76364660167668500D-02 -2.57113667421944300D-01 -9.44122772130916200D-03
38 31 -2.07646405298285400D-02  4.46136119194972700D-02 -1.78479981686065600D-02 -2.67656137508884100D-02 -5.22402105580655000D-03
38 32 -9.73994251631737900D-03 -7.08749726717266100D-03 -4.70118954815916700D-01  2.66027733642513000D-01  2.04091221173403500D-01
38 33  9.42023233637747900D-02  1.32784663946350200D-01 -5.32733978080487900D-02
39  1  1.75695788063520800D-01  3.26910376776067700D-01  1.47363476140616300D+00 -1.25474442025765200D+00 -2.36546930812583700D-01
39  2 -1.28564944343452700D-01 -1.16648392954304600D-01  1.82750559167303800D-01 -2.82576814131891200D-01  1.76544091272366200D+00
39  3  4.89285026023463500D-02 -7.27484604124378100D-02  4.05742772326443300D-01  1.62080945484356300D-01  1.78036351670143100D-01
39  4 -3.40117297154499800D-01 -2.60038635962486300D-01 -5.55197066950927900D-01 -3.40465085711338300D-01  8.11024614753603700D-01
39  5  7.61674506576292700D-01 -1.57269912132989700D+00 -1.52435988732519700D-01 -1.43079768574692900D+00 -4.53152633449260400D-01
39  6 -2.77152276680097100D-01 -5.07319173707966600D-01  5.44905184350010800D+00  3.72977260696745700D+00 -2.36896731974997200D-01
39  7 -2.63747501563194300D-01 -9.40883860096908000D-02 -1.73818604211475900D+00 -2.26217863262259300D+00 -1.67424516558042000D+00
39  8 -2.70573272345989400D-01 -8.92567683012220400D-01  1.32506955225621600D-01 -1.31991948101703200D-01 -6.52492267674120700D-02
39  9  1.97241174869116200D-01 -2.60949485147460600D-02  1.44123748426290100D-01 -1.54061314519566300D-01 -5.89948934682812300D-02
39 10  1.72022468253336300D+00 -1.66122978906508400D+00  1.36178082847033000D+00 -3.28138738185759300D-01  1.11426561940318600D+00
39 11 -3.12933366556333100D-02 -9.96540056149329000D-02 -3.58949998982916800D+00 -1.44883412862008400D+00 -1.81091108930816600D-01
39 12 -2.83313062437967700D-02 -1.50722858751977400D-01 -4.53232305169473000D-01  1.63464979735520900D+00 -2.18265233998457300D+00
39 13 -2.40795126383501100D-01  3.19323283749537000D-01 -7.53389430953412200D-01 -1.42570011749053600D-01  2.09850252250369600D-01
39 14 -6.72802405013155200D-02 -2.76540954183119000D-02 -6.22048263721959500D-01 -3.10059338683745000D-01 -3.59462869005311000D-02
39 15  1.35116783797827200D-01 -9.91704968972970800D-02  1.95674383489003700D-01  8.05362653062378100D-02 -8.38562608297656300D-02
39 16 -2.26053332043566200D-01 -3.56607918010792400D-02 -1.70385734602533000D-01  5.35696316646915200D-01  2.78674363187490600D-01
39 17  1.82806064514504700D-01  4.53939324543963400D-01 -1.03491610649345700D-01  8.18095837318479800D-02 -5.03704152192810300D-02
39 18  9.32147868557862800D-01 -1.92406479919203600D-01 -2.43235386700646800D-01  4.56750159532921000D-01  3.30124596111086000D-01
39 19 -6.09967486666896200D-01  1.22473864619233600D-01  2.26498474563552700D-01  2.01164473513798300D-01 -3.55242293030881800D+00
39 20  1.42065063524172000D-01 -2.18383406063370100D-01 -2.98572936689496400D-02 -7.60524558870898100D-01 -4.53493195253712500D-01
39 21 -1.26095267853629000D+00 -2.24157151313065800D-01 -1.30969166295290700D-01 -1.92750387262750900D+00  4.89813589687068200D-01
39 22 -7.13950578079859700D-02 -4.39195051672371200D-01  1.42194559029465400D-01  6.32430897814145300D-02  3.05135986460876000D-01
39 23 -2.28558292699302700D-01 -2.04035034355479800D-02  1.35566815418576700D+00  5.37349707606830400D-02 -2.39656446880360700D-01
39 24  5.34603137911385200D-02 -5.59285768996625300D-01  4.49516933521224800D-01  1.37175208996449600D-01  5.31062705905960700D-01
39 25 -3.33097528023314000D-01 -5.14784186043731700D-01 -4.87466368475282400D-01 -2.95645426151633500D-01 -9.40962207744832200D-02
39 26 -8.26609331914510100D-02  2.93004196304415700D-01  1.08803248933252600D-02  2.22424082688721400D-01  6.50011676434544400D-02
39 27 -7.63787029662317700D-01 -2.24391285084388300D-02  3.02923129073930500D-01 -9.95271546862182000D-02 -3.11760096770309300D-01
39 28 -4.19606650962484400D-01 -5.08454208119777900D-02 -1.97665366156541600D-02 -1.12715746237337200D-01 -2.72707320055189400D-01
39 29  3.72552545909340600D-01  3.10718506294812800D-01  9.62678186392943200D-02 -5.03463698387079200D-02 -1.23791063403345100D-02
39 30  2.60954171614537700D-02  1.02348800701082700D-01  4.02284901666933300D-02 -1.13765784629302300D-01 -6.51430363594481700D-03
39 31  3.06518516634321500D-03  1.88622764424817500D-02 -1.23310808228727600D-03 -1.76291683601954700D-02 -5.32886833882543400D-03
39 32  4.35686789489395500D-03 -2.53048717077817600D-04 -1.50182806845054800D-01  1.06706005686974800D-01  4.34768011580800800D-02
39 33 -2.54903874588785900D-02 -5.85845531607180500D-02  1.57671654586024800D-02
40  1  7.96111978381554300D-02  1.31672137806143000D-01 -1.38678553103056900D+00  3.69716832813377400D-02  5.62282850786248200D-02
40  2  1.93528211025008300D-01  1.29337060980523900D-01  1.36200317283676700D+00 -4.96483818337384000D-01  1.72707565378454600D+00
40  3  3.02746123921710100D-01  3.46360143655716000D-02  9.69412392145486300D-02  4.85662591524202300D-01 -6.17167523170870600D-01
40  4  1.31504931646667700D-01  5.16091551895421600D-01 -5.16812624342734900D-01 -2.35194742564301700D-01  4.50891179809729500D-01
40  5 -1.38434707466527100D-04 -4.50752745102261200D-01  1.14623270926048600D+00 -8.09341485543542600D-01 -1.27813549043970900D-01
40  6 -5.57830010405008900D-02 -1.77182178201817000D-01 -1.41343293235910500D+00  1.91875121622155300D+00  2.18723216926141300D-02
40  7 -2.53097169574670200D-01  4.24908786245476900D-02  7.45118673401268900D-01 -9.54297227482736400D-01  5.59060458165651500D+00
40  8 -2.05600988655934400D-01 -4.98107742847091800D-02 -2.25183263311891800D-01 -2.22885580108320800D-01 -6.33896361612577000D-02
40  9  2.86275216269577700D-01 -1.22755223909140900D-03 -6.68624317613119000D-01  2.87720849607419700D-02 -2.59361086600694300D-01
40 10  1.86136455160699400D+00 -1.60200346500629900D+00  1.47438576123880800D+00 -1.74244706178379700D+00 -1.04852384715388600D-01
40 11  9.69771945511393700D-02  2.39175447100169100D-01  4.47958675319691000D+00 -1.52349019434731000D+00  2.57320129248773300D-01
40 12  1.63205806397900200D-01  1.42320383162825400D-01  2.32260106078611900D+00  3.55345474336992100D+00  1.47501798362393400D+00
40 13 -1.29559133377141800D-01 -9.68405890632746400D-02 -5.64542479848549900D-02 -3.18138254018702900D-01  1.25347461644960000D-01
40 14  1.92790792373742700D-01  5.70531371006724900D-02  3.35413005895854700D-01  2.97753438800564600D-01  3.18035711085489700D-01
40 15  5.75040100821641800D-01 -8.93075811907132700D-01  8.32504029372300900D-01  5.37266982787878900D-01  1.09923015706329200D+00
40 16  1.34086799150047500D-01 -5.72424285775142000D-01 -2.94363553288995500D-03  1.44650677708598400D-01  6.53295980465641100D-01
40 17 -1.39052052710174500D-01 -2.16182201032367900D-01  1.60830093388384400D-01  1.53465289892709200D-01 -2.94890904244914700D-01
40 18  6.06815597901390100D-01 -2.12664019373556700D-01 -7.37552217455430700D-02 -5.25320224725015700D-01  3.30928567857010400D-01
40 19 -5.62295344452081200D-01 -2.34890547364527600D-01 -9.50372705638463200D-02  2.83215607834524400D-01 -1.81340570638656700D+00
40 20  1.16051058345301900D-01  6.56598406276751400D-01  3.70829202134776900D-02 -3.53857722300606700D-01 -1.23946092405341900D-01
40 21 -6.43122256563804300D-01 -1.38041483644501400D-01  7.17137806515811300D-02 -3.39119911414094600D+00 -3.11115821396176900D-02
40 22 -1.53764345588172800D-01 -4.88198523167867400D-01 -5.53664390388219700D-02  1.61619674109976800D-01  7.97617710027804000D-01
40 23 -1.20770263817295300D-01  1.19474125940080700D-01  1.70402622798983000D+00  3.98628457185738700D-02  5.96426220311941900D-04
40 24  2.05028108256467600D-01  2.96656108473747900D-01  5.07430256148106800D-01  3.53630848420609300D-01  3.02090533803056000D-01
40 25 -2.37868818360493100D-02  6.09219470799888300D-01  7.38171472706154600D-02  1.86181412198519700D-01 -3.52359065860580500D-02
40 26 -1.85261476165090400D-01 -1.50210514679445700D-01 -3.19048793357026900D-01 -2.75762964618407800D-01 -1.47540318250269300D-01
40 27  1.62389606942619800D+00 -2.84770736113065100D-02 -3.60771960085100400D-01  2.27202847644815900D-01  5.02436562803107900D-02
40 28  4.03356712027146400D-01  3.06706502599681000D-01  8.48626067540616000D-02  1.03629639473227700D-01  2.52476439048665800D-01
40 29 -3.65242990294727600D-01 -7.70349148390679700D-01 -1.10211244865512400D-01  3.30078458352446900D-02  1.00565603255007200D-03
40 30 -1.41126271557691800D-03 -9.99590134134097100D-02  2.10223460700091700D-02  2.01756939331739700D-01 -7.84895861043525000D-02
40 31 -9.42226037503205300D-02 -2.03771732535155600D-02  1.44698871908789300D-02  5.90728606263569400D-03  1.21764329296965400D-03
40 32  3.40682191776215100D-04  1.01579528570455500D-02  1.69131525333851200D-01 -8.08297913789161500D-02 -8.83017339549354600D-02
40 33  5.48167943853215500D-02 -6.19914291961601000D-02  5.06977365730744600D-02
41  1  9.56881793349765300D-01  1.74119417601160100D+00 -1.81966653496630500D+01 -8.17683204407401200D-01 -6.77654520658944400D-03
41  2 -1.24275900695069600D-01 -1.74092009972407000D-01  1.79031774131157200D+00 -9.39990101046269000D+00  1.31464933400625600D+01
41  3  1.50143007689639700D-01 -8.71047085536258100D-01  6.70453162397726900D-01 -1.15040697113635700D-02  2.24292214836669500D-01
41  4 -2.12788145125306400D-01  2.95929055760680700D-01  7.38723408535949800D-02 -6.70440509687919600D-02  1.68885994290846900D+00
41  5  2.00262506066261200D-02 -1.70888619351509200D+00  8.64997510695879700D-01  1.25059360275816300D-01  3.16320072653189600D+00
41  6 -4.18267012209445700D-01 -7.17955119033951900D-01  4.21724485572397300D+00  7.52961738541426100D-01  2.02272930702944200D-01
41  7  3.89254312077741800D-01  3.50619366037344900D-02  6.11313603589574900D+00 -7.92216518825526200D+00  2.26360264793787700D+01
41  8  3.38685117609736200D-01 -3.95631683867271500D-01  1.21004508701743900D+00 -1.06286426783955100D-01  2.64366364051134300D-01
41  9 -1.58079937267184200D-01  2.90694446183493000D-01  4.24866526503257600D-03  9.31281005727634000D-02 -1.53184941956737400D+00
41 10  1.32622992227047500D+00  2.05619497296900200D-01 -1.76887429990894400D-01 -1.93812993571063100D+00 -3.96176570616263800D+00
41 11 -3.01775744254791200D-01 -4.19800050540066600D-01  1.66242222248798800D+01  1.53644624698316300D+00 -1.38188313146415400D-01
41 12  4.12683332675021100D-01 -6.35191704516472700D-01  7.03768138485467400D+00  5.39589151232547700D+00  5.71230826993460900D+00
41 13  6.62628572106030700D-01  8.04132935745228300D-01  2.71453282547504900D-02 -3.33837035433535800D-01  4.01374521063699100D-02
41 14  2.93699583327168800D-01  1.74350077920437500D-01  2.73467727519878600D-01 -3.83272947322615900D-01  1.63047437470411900D+00
41 15 -6.21974798945925600D-01 -1.00849957575819300D+00  1.29158027297508000D+00  1.77396258346915800D+00  2.79246415012859700D+00
41 16  6.19437203036607700D-01 -2.55142893307791200D+00 -5.78635297429022400D-02  1.72673934651698400D-02  1.28316253920473000D-01
41 17 -3.90168289392055700D-01 -4.50682367857000800D-01  3.47571677497490600D-01  2.17581672027724200D-01  2.43564100568105500D-01
41 18 -3.73999552401726200D+00 -3.44173381439566000D-01 -6.67548775335550100D-03  7.54911429611210300D-02 -2.91815297115948700D-01
41 19  7.60500113096874600D-01 -1.07986241656482600D-01 -7.94886014181299300D-02 -4.10495768100640800D-01 -3.25834156608067900D+00
41 20 -6.66991149354412600D-01 -9.14417724280223200D-02 -1.30780917729484100D-01 -2.73315073579196300D-01 -6.69189411103522900D-03
41 21 -3.27312751641751900D-01  1.12136461609220700D-01 -5.02445941181332000D-01  1.42019863314146200D+00  1.14410007586264500D-01
41 22  4.76090903274720400D-02  5.58092282622436600D-01 -3.73722321437181500D-01 -3.15113888783455500D-01 -5.73023202303554300D-01
41 23  1.79766351511040900D-01  2.65348716341426600D-02  2.15528718764762500D+00  1.09817380635517100D+00  2.49647221769159200D-02
41 24 -1.13019029697247900D-01  3.05182168857317900D-01  7.77391050618825200D-01 -2.13681267932236700D-01  1.31930700803984600D+00
41 25 -7.95157074457031900D-01  1.45293231537983400D+00 -5.48445794071290500D-01 -1.80177713299249100D-01  6.58796058269058200D-01
41 26 -1.12421225960923800D+00 -3.62431991126510000D-01 -4.67999522852256800D-01 -1.45910594643992900D-01  3.16998072483060400D-02
41 27  4.00183872508548900D-01 -1.51866023256586100D-03  2.46629329928486200D-01 -1.19774760738702100D-01  6.10464839091276700D-03
41 28 -5.88794146944777500D-01  1.81684660697991700D-01  3.52771525802044000D-01 -5.94906092214476100D-02 -1.42028968259869900D-01
41 29  2.55232794294899000D-01  3.12091605936797200D-02  1.97217606686178000D-02 -9.51609749024202000D-03  2.67051480032705000D-02
41 30  1.16777862875492600D-01  2.12839670993164300D-02 -8.81385337090848100D-02 -1.26624993030791000D-02 -3.34970017913147000D-02
41 31 -8.60979716937663500D-02  7.52201933005944500D-03  1.68351335866671400D-03 -9.20553268872854000D-03  3.62400979670241700D-03
41 32  7.38821082016249300D-03  4.08722709860457800D-03 -1.24991723250993600D-01  9.68800281741587200D-02  2.81116950768348600D-02
41 33 -7.64489197386123200D-03  8.00536025440973200D-02  2.84469858377420100D-02
42  1  1.22888876615118000D-01  2.33811244660993200D-01  2.14285257563067500D+00  2.13661135899186100D+00 -2.19687210938484600D-01
42  2 -2.65532967264354500D-01 -2.57047582186129400D-01 -3.66711158424900500D-02 -6.19587142234527600D-01 -1.51908196234819000D+00
42  3 -3.09184332507062600D-01 -5.96493257066571700D-02 -7.10622572240021700D-01 -2.13835835704273200D-01  2.03456156492989400D-01
42  4  1.03796792112833700D-02  4.30235251223706500D-01  1.44801395223226000D-01  3.03520317374364400D-02 -4.94064770181341100D-03
42  5 -7.30725067811102800D-01  7.35665715512914300D-01  2.01086577591394100D-01 -3.42254519285810800D-02  2.40108359961247200D-01
42  6 -1.29958013554302400D-02  1.31306434368852500D-01  1.52833808408606800D+01 -6.31110918362659500D+00 -2.57420031844379100D-01
42  7 -4.30074355275093000D-02 -4.99663942913874800D-01 -8.08451028715915900D+00 -4.59501162936604800D+00 -9.20657454708846100D+00
42  8  5.21120480709592900D-01  1.19219471024458700D+00 -2.01592367304877600D-02 -9.78581020451483600D-02 -2.22331069544034600D-01
42  9  3.20189171589182700D-01  2.74152423013585300D-01  4.63882913762766800D-01  5.40889017304467600D-01  1.12927037067448300D+00
42 10 -1.68840006832572900D+00  5.59129697651246000D-01  9.16846595472000300D-01  1.71778370383821300D+00  2.95931733088695600D+00
42 11  2.89534816897491600D-01  4.26205423860500900D-01 -1.61052235390828400D+01  4.19548420596688100D+00  1.56976679144800900D-01
42 12  1.30874787035977400D-02 -1.42643445853796500D-01 -8.20118850573340600D+00 -1.40747164852988000D+00 -1.12784096116154500D+01
42 13 -4.84400100840789500D-02 -2.75652477869000500D-01  2.74765921416239200D-01 -2.90377232420722200D-01  7.39284448951891300D-01
42 14 -4.48907216531167700D-01 -1.43904649996753800D-01 -9.98717348026317200D-01 -3.65502916789802600D-01 -5.55725103556563600D-01
42 15  2.40713814753807000D+00 -1.85141304398151000D+00  1.01165884361304900D+00 -2.32386378557447200D+00 -1.31546025360225300D+00
42 16  3.69607905949699200D-01  6.96834084640737000D-01  2.75017411908046400D-01 -1.37725330247408600D-02  5.70252903072913500D-02
42 17 -3.71395989361964900D-01 -5.14799423800283700D-03  2.82730878439194000D-01 -3.43494682698311000D-01  2.83397437009805100D-01
42 18  4.47337932069118500D-01  3.01487391178226300D-01 -2.13287768466581100D-01 -4.05234036656913300D-02 -2.09426990902891300D-01
42 19  2.86013145605321800D-02  4.92912066032260300D-02 -9.02689279969083300D-02 -5.42458724034702000D-01  2.66192403917495500D-01
42 20 -1.09472699989709300D-01 -8.67517126441278800D-02 -5.17672970941233300D-01  1.38518586766228000D-01  2.69428427478894200D-01
42 21  1.48917081219177500D-01  1.31516252185695200D-01 -4.49658782409068200D-02  5.49678898731570300D+00 -3.46907321536893600D-01
42 22  3.22926820316039700D-02  3.29207644175294500D-01 -3.56400369846525600D-01 -6.39631584615050300D-01 -1.31694576726770700D+00
42 23 -3.79588191940376000D-01 -1.70380778430536400D-01 -3.75640214766244300D+00 -4.48419791217749900D-01  1.34530131169127100D-01
42 24  6.21137312033492300D-01 -4.85492849447503600D-01  7.86732403721301500D-02  4.09134391821739800D-02  3.32450930807856500D-01
42 25 -3.26983447137163800D-01 -3.71620027260072800D+00  5.46787003992234800D-02 -3.51087146070287300D-01 -5.66768620052579300D-01
42 26 -7.39557246820759700D-02 -9.14510072766784000D-02  1.08556558328043200D-01 -6.59166618691046100D-01  1.03280914996108000D-02
42 27  6.96403803077729100D-01 -2.46458905372998600D-02 -6.75164487981079100D-01  9.91818738473457900D-02  7.09799136051177700D-02
42 28  8.00066520213432600D-01 -1.22051631105586500D-01  3.54526865681870900D-02  1.04920686095996400D-01  2.69137317976951300D-01
42 29 -3.32053654489099000D-01 -3.80577836655448500D-01 -1.31028807598752500D-01  1.82984368660841500D-02  3.39438391474870700D-02
42 30 -1.77333482410102500D-01  1.43019383643799500D-02 -1.99369674405332000D-02  2.16484671609932900D-01  4.71318505633940800D-02
42 31  4.31949052285973700D-02 -3.27535623188460000D-02  1.65338034561479500D-02  1.62197588626960900D-02  5.21394756249829500D-03
42 32  1.49526538156405800D-02 -1.09141977825961700D-03  2.37456413322661900D-01 -1.20867873481629700D-01 -1.16588539841032000D-01
42 33 -4.77063242877488500D-02 -2.66695163843984600D-02 -2.94288149454534000D-03
43  1  6.11130591168400300D-01  1.41794833298140600D+00  1.57071843614636200D+00  7.01924747256990000D+00 -3.40311836873178800D-02
43  2 -4.37752947994565000D-01  5.60867812912868500D-01  3.40710726450007000D-02 -2.61905307145205700D+00  3.39349042367520700D+00
43  3 -4.70607229195884700D-02  4.00941134340354000D-01 -9.08553532607076800D-01  3.31430848057541900D-01  1.90858622518832300D-01
43  4 -5.22289470576376300D-01  2.26561530423174300D-01 -9.91418363558550400D-02  7.52569205617015500D-01  2.76074709384750400D-01
43  5 -1.61210399023486200D-01 -1.14864310361263100D-01 -6.39401293123928600D-06 -6.83470209237097800D-02  3.74543273272152200D-01
43  6  1.11787850939782900D-02  5.92069315993190400D-02  1.83814118457101600D+00 -4.33064028324619000D+00  4.01912094793406600D-02
43  7 -1.72949067468709200D-01  2.84245371475025100D-01  2.12653554014413900D-01 -1.50075943497255600D+00  1.98532949294827700D+00
43  8 -2.78212757480250200D-01  7.70398039579916900D-01 -1.16513565722393500D+00 -1.12516737765086000D-01 -6.75727202670019600D-02
43  9  1.80089458032088300D-01 -7.05514956732852200D-02 -1.24658898729762700D-02 -2.74636716263629200D-01 -1.19786497668219800D-01
43 10 -2.76090440571727300D-01  3.95876938239945300D-01 -1.51714210525202100D-01  2.45088676795878200D-03  1.03120820731046900D-01
43 11 -1.78639531466622500D-02 -4.82474528894133000D-02 -7.03153247192712000D-01 -8.17326061684543100D-01 -1.55844682652403400D-02
43 12 -9.48974669478636500D-02  9.03162065155996700D-02  3.93584900696759000D-01  2.61993154628131400D-01  5.09325293394516400D-01
43 13 -1.96596295928576900D-01 -7.27145683853739300D-02 -1.71232562582918200D-01  4.10795256239425000D-02 -6.28469668642443300D-02
43 14  2.17674412402998900D-02 -1.57790011974599300D-03  7.23194026536735000D-02  1.13923215340287200D-01 -2.12486650081837900D-01
43 15  1.65559442809540400D-01  4.69272072722967400D-02 -1.55062434484882600D-01 -1.44686016311159700D-02 -2.23526958564199500D-01
43 16 -8.08463073248681700D-01 -2.72249087599979500D+00  1.21943425261584500D-02 -4.68798921633321900D-01  4.57922555201474300D-01
43 17  6.98978082493672300D-01 -1.67839729408199900D-01  4.59567123200633100D-01  5.05263910684207200D-02 -7.21678361728315300D-01
43 18 -2.09526815073671300D+00 -1.10148581686518300D-01  8.36647750297552700D-01 -1.38516934001452300D-01  2.12726594497494600D-01
43 19  1.70699898831534800D-01  2.67603065766043900D-01 -2.56978224651751500D-01 -1.01535471738358100D+00 -2.63154506981756800D+00
43 20 -2.11037398024425000D-01 -4.20091599921972100D-01 -1.04596211262282600D+00 -8.09794833079047500D-02 -1.62897931091159600D-01
43 21 -1.61361483915842700D-01 -2.93902775574565800D-01  1.29025721679578500D-01  1.86902058534756100D+00 -9.51877068087945600D-02
43 22 -3.21933264999796300D-02 -5.08909974158735700D-02 -8.19888769303160600D-04 -2.40880302404862000D-01 -4.32085668096126500D-01
43 23 -3.53906469796837700D-01 -1.72977659730989000D-04  1.20053577803345600D+00 -8.02909035957763000D-02 -7.52663151529939700D-02
43 24 -7.24654856926401500D-03 -4.17450393556765800D-03  1.92099269884212000D-01  3.41212316217470700D-01 -1.97930509432711200D-01
43 25  9.07302954817572200D-02  4.03207769090997500D-01 -2.20861134357807800D-01  6.47262504369622600D-02 -8.59824370710855800D-02
43 26  1.50723135446128600D-01  5.04695661384455500D-02 -1.79289010441802900D-01  9.37957165727064000D-02 -8.17223843763664200D-02
43 27 -1.61996380944182200D-03  7.15779431211595900D-02 -2.39160671227423700D-02  3.29093807835690500D-02 -5.47962297809226200D-02
43 28  1.25526590766186700D-01  6.21285147446035600D-03 -1.29933258812088800D-01 -8.46632615813336000D-03 -1.78012913145919200D-02
43 29  1.64907394785329000D-02 -3.10645877896612300D-02  7.97975338605302200D-03  6.57357329032082800D-03 -1.02616175059056600D-02
43 30 -4.42307514864138000D-02 -1.82045260820734700D-02  4.24662846050440800D-02  1.05202617205414100D-02  4.91699764781633900D-02
43 31 -2.79134287312000700D-02  1.08739066288302900D-03  2.49952597372743200D-03 -3.58691663661120000D-03 -2.54414075246118200D-04
43 32 -3.21708363560469700D-04 -5.61502934444545700D-04  4.32702356426021700D-02 -1.27140782578272800D-02 -3.05561573847749500D-02
43 33  7.94076663655806900D-03 -3.85944343745662800D-02 -1.55147394227139700D-03
44  1 -5.00219669984223100D-03 -4.26848631432864500D-02 -3.61450509347921200D+00  2.10537107287718300D+00 -4.20072080649049300D-01
44  2  3.99438291273170300D-01  5.52708551125945400D-01 -2.08941610101299300D+00 -1.75564414442574100D+00  3.25094067321709300D+00
44  3 -5.70276163770805100D-01  5.16063686867733300D-01 -1.03934567008385700D-01 -3.11729680183256800D-01 -6.08720322040991100D-02
44  4  3.72601712387355800D-01 -3.24582955354842800D-01 -7.62448466314447800D-01  6.15308544318276400D-01  1.31587149345267200D-01
44  5  1.47403144435831300D-01 -2.78990293781097200D-01  8.44117089356205400D-02  8.34788381688627500D-01  5.17127070135084700D-01
44  6  8.76553836243655200D-02  2.96843144107657200D-01  6.54498153461298400D+00 -2.08725169604620600D+00  1.09898206103539300D-01
44  7  3.43543368216771500D-01 -1.95086208590113500D-01  5.44347232601553000D-01  6.74978494506205400D-01  1.61587015438187200D-01
44  8 -6.55520839771010800D-02  4.30442437037221100D-01 -3.35502919664581700D-01 -4.09665719247946400D-01  4.36724002078590900D-01
44  9 -2.70582828306456500D-02  2.33394762908407900D-01 -8.43216930234763400D-02 -4.49926041683375000D-01 -8.91572157334573500D-01
44 10 -1.48194774081044200D+00  2.37351989814501200D+00 -2.18368365680747800D+00  1.09083016082682400D+00 -2.57697625543081700D+00
44 11  5.85480932911715900D-01  1.15203017007952700D+00 -2.45655640510479100D+00  1.32297235610835500D-01  7.34263464179289600D-02
44 12  9.90233200123539200D-02 -8.33935542794554300D-02 -2.67043021848950700D+00 -2.52400486240510200D+00 -1.17066730222381700D+00
44 13 -1.61632731723219300D-02  2.74657578853029800D-01 -5.69516170312723600D-01 -2.57070422627326200D-01 -4.96488648977147300D-02
44 14  3.06719287525040300D-01 -2.23465952885573000D-01 -1.62441562868958300D-01 -6.52785858451597400D-01 -1.07698448899887700D+00
44 15 -5.83637096595035600D-01  1.66062158559391300D+00 -1.49164996585126100D+00 -4.34891868540221900D-01 -1.76280291723988300D+00
44 16 -1.16678915419013900D+00 -1.24591441166072700D+00 -5.51169197030203700D-01 -3.78262969136311100D-01  3.55507040064918400D-01
44 17  7.36604819979835500D-01 -1.32618902953810400D-01 -2.85162770493940000D-02  7.54613040242439100D-02  7.29296648295825400D-01
44 18  4.60701011598388400D-02  4.59861420744951700D-01 -4.57669209346147100D-01  6.22340156737487800D-02 -6.12309374615075800D-02
44 19  2.83168063750267200D-01 -1.61217968856273500D-01 -5.53258243127826200D-01  2.29356075925419100D-01 -1.21775381791270800D+00
44 20  2.94362521738307700D-01  1.23857513723853900D-01  3.57707436317209500D-01 -2.85356763303193800D-02  1.45590832135835200D-01
44 21 -4.17591559063674400D-01 -2.35312283190985700D-01 -6.46982850078452100D-01  2.63723570876870800D+00 -1.18336359976628300D-01
44 22  5.05970804254715900D-01  6.89730506722886300D-01  3.89786845977607500D-01  1.45946934344444700D-01 -6.55543046185982100D-01
44 23  3.62666532546620100D-01  1.10906535086642600D-01  1.43365290037389500D+00  9.56798000422624500D-02 -1.95882222423720000D-01
44 24 -1.73902915762193200D-01 -3.82469691849666200D-01  9.29038208756104000D-02  2.60051985421781800D-01 -4.59575076027629600D-01
44 25 -7.49455003270803400D-01 -3.52753929841985300D+00 -4.49256070344139700D-01  1.39246921070761100D-01  3.87296697240842400D-01
44 26 -3.03834727081802100D-01  1.86238620867040000D-01  7.05223033417307900D-01 -3.26425280043090800D-01 -1.71525726518701900D-01
44 27  2.01765409638895600D+00  6.63112945234950300D-02 -3.02460215389235100D-01  2.65179417715347300D-01  2.72363920314003700D-01
44 28 -1.46912651961095300D-01  5.49205520519938500D-01  8.14146153785286500D-01  8.89877695397790400D-02  2.15117634826182400D-01
44 29 -2.89984575347487100D-01 -8.58678398468545300D-02 -6.19134941702556400D-02  6.44232321174511000D-02  8.67886391630366300D-02
44 30 -1.03134867096115800D-01 -1.88548966894351100D-01 -2.76133845533396800D-01  3.98564697882845300D-02 -7.91584109312166700D-02
44 31 -7.66117395062128200D-03 -1.79554953624872700D-02 -1.15124906132433200D-03  1.91067444238117700D-02  6.53731271834325400D-03
44 32  6.12315593342777900D-03  1.00816398764950600D-03  2.16951941318248900D-01 -1.25781139891234100D-01 -9.11708014270147000D-02
44 33  9.47413353778104900D-02  1.19119971968946100D-01 -2.35025787158132600D-02
45  1 -9.75255912953923900D-02 -1.53311753946013900D-01  2.80169496572666100D+00  1.79303810633970300D-01 -9.97206556380096400D-01
45  2  1.97687909785168300D-01  2.37058895143285500D-02 -2.67762257081116900D+00  2.68000767108556900D+00 -1.84741065576222100D+00
45  3 -8.46390659578643500D-01  8.68724092493344000D-02 -2.94267582112304200D-02 -1.24015102224112300D+00  5.92608350329974100D-01
45  4  6.47542671911146000D-01  1.42503715476329500D-01 -7.92577661284892700D-01  3.35825268490087300D-01  1.46147133224351300D-01
45  5 -1.57433341391417200D-02 -1.30403799085209500D-01 -6.57379054288582100D-02  3.86997817194070800D-01 -9.07407635244034800D-01
45  6  2.35254768543985700D-01  3.29891061970932900D-01 -1.02922053787710000D+01 -2.73581896098758100D+00 -7.02266839493827000D-02
45  7 -1.94966406138329500D-01  9.43128221401227800D-02  1.92426805534418300D+00  1.99152223740246000D-01  1.89920452252429500D+00
45  8  4.32921001290235300D-01  1.08953714545020500D+00  2.81188243404896400D-01  5.70076606960280200D-01 -3.91472482407158800D-01
45  9 -1.78604124553120400D-01  7.08263692268713800D-02 -1.25391662677566500D-01  1.53000945123996300D-01  3.19869360865996700D-01
45 10  1.88637512970712900D+00 -2.20624449057312700D+00  7.87678567916706800D-01 -8.49476358566784900D-01  1.40604838376783900D+00
45 11 -5.10532344244179800D-01 -9.61724467107725600D-01  6.98165503911242900D+00  1.59081712766674500D+00  1.63744207200106700D-01
45 12  2.00472668067154100D-01 -1.15264848608833100D-02  2.83797332500448500D+00  2.24996380674560800D+00  2.98804047256135900D+00
45 13  1.29126401756712300D-02 -3.60431262275980500D-01  5.98776184737840200D-01  1.28330372528513200D-01  4.73271933849085300D-02
45 14 -1.75657565913422900D-01  7.74029905794876300D-02  3.18811887273442600D-01  3.02034490234943400D-01  1.21314765495823400D+00
45 15 -8.55760410582839500D-03 -1.20459005085240500D+00  1.44004472075114700D+00  6.75093622185013000D-01  1.92671133410470200D+00
45 16 -9.73409644601418800D-01 -1.86670794745333500D-01 -4.37990986668317400D-01 -3.73093791730125600D-01  3.08635800296081000D-01
45 17  5.78060548161243500D-01  5.20660157580573900D-01 -3.38802696948413100D-02  3.68102690412302500D-01  1.54728013738819200D+00
45 18  2.30692763859832300D+00  7.40034376116024600D-01 -1.13047796150860900D+00  1.16646061148795900D-01 -3.32977181499101200D-01
45 19 -2.49636056553245100D-01  2.32946197615009600D-02 -4.09203905571375500D-01 -4.49447023495762000D-01  6.04515280862488300D-01
45 20 -1.27867385166790500D-01 -1.65031782126267200D-01 -2.96936463466985200D-01  2.29179525385860000D-02  6.15108309373062900D-01
45 21 -1.47510252456515300D-01 -2.19218087009204200D-01  4.24520954411824300D-01 -1.99419246688588000D+00 -4.83376208455728000D-01
45 22 -4.63497881072005200D-01 -4.01177567088068300D-01 -1.66870300523883500D-01  3.26637376642562900D-01  2.71734493528744200D-01
45 23 -2.96602983391359200D-01  1.07105985905614300D-01 -2.34492976852401900D+00 -3.09816622224944200D-01  3.13843617268530500D-01
45 24  2.72329663716991100D-01  3.83801609788625000D-01 -2.47100847278552300D-01 -8.58668398607542100D-01  5.31458688953709500D-01
45 25  3.61189070315650300D-01  3.71015361798896400D+00  2.86449909493955700D-01 -5.40611174073098300D-02 -1.29029140201885200D-01
45 26 -8.32105236661306000D-02 -1.85232273647182900D-01 -6.40878134567670300D-01  4.23563172307422500D-01 -2.28017505612440200D-01
45 27 -8.18969873057422000D-01  3.25109820407636800D-01  1.50191116366462800D-01 -1.22920051987919600D-01 -7.99504504867088900D-02
45 28 -3.63287554593727900D-01 -2.19806722345844000D-01  5.38196939994652200D-03 -3.57430826229334100D-02 -8.73213974475354800D-02
45 29  1.05480871758156100D-01  9.51943093310372700D-01  7.18327085443204400D-02 -4.16508490908785200D-02 -1.98944338093755700D-02
45 30 -1.02689476046374900D-01  1.18926989462269300D-01  2.48209673232814400D-02 -2.87879378824232600D-01  9.03574064715141900D-02
45 31  1.58301576588902500D-01  7.41629279100867800D-03 -9.70320355827613100D-03  2.28691076726715300D-03 -4.57287890750969700D-03
45 32 -9.18952900583858800D-03  1.75029510251476600D-03 -5.31915655293130900D-03 -6.33015777571468600D-04  5.95217233050275300D-03
45 33 -6.26889800015047600D-02 -2.87544320726776800D-02  1.24478194301923800D-02
46  1 -4.87467880728474700D-01 -7.36490031534495900D-01  1.22722260553882600D+01  2.11863220892928900D+00  2.60945516390877800D-01
46  2  2.63366265510691100D-01 -9.29223109497991400D-02 -1.24473509760795700D+00  6.43091480937095400D+00 -1.01546606220015500D+01
46  3  2.51887007342339800D-02  5.68981668969610600D-01 -1.04315056247042100D+00  1.77504591535815900D-01 -2.03378475126249100D-01
46  4  2.58738835904335800D-02 -3.16594841831846600D-01 -6.33274692756239500D-02 -5.24699106552148000D-01 -1.21719652498320000D+00
46  5  8.33300621100410600D-02  1.13386646287315700D+00 -3.32152446333123600D-01  3.24808835298471800D-01 -1.91708938495962500D+00
46  6  1.23107206505469900D+00  2.25736523741058800D+00 -2.10902566806622000D+01 -2.76313429162204300D+00  1.43459463544004900D-01
46  7  3.85160830774279600D-01  5.08223868268435600D-03  4.37978244672848300D+00  1.05273275721550000D+01 -4.28626072461477700D+00
46  8  6.22487949879102200D-01  1.80832954034325800D+00 -6.59840075354955300D-01  1.82574532732976400D-01  7.85934674652294500D-01
46  9 -9.68509207385267700D-01  4.45348517133564400D-01 -3.76356871335850300D-01  4.99580919878424300D-01  1.01286869934897400D+00
46 10  7.12911367497753200D-01 -1.72578006684672500D+00 -3.67393771710585000D-01 -9.61000447901913400D-01  1.76613552201401100D+00
46 11 -6.38992889065677100D-01 -1.17293092530374000D+00  8.26818282731378300D+00  7.79097507191054000D-01  5.84897902292418200D-01
46 12  6.66828634640626400D-01  7.55914435753972200D-02  3.14760211265836900D+00 -1.77313242421090500D-01  6.71968165862372300D+00
46 13 -1.93605132031085900D-01 -4.67842525405761700D-01  5.50183252680204600D-01 -3.27883329955298400D-02 -1.52373998136697900D-02
46 14  4.80257328091951200D-02  4.29857754735404700D-02  6.35270936914710400D-02  1.59052701111570200D-01  2.22842597913886200D-01
46 15 -7.67443236004533100D-01  5.44600638090647500D-01  8.53850059769252700D-01  1.14073743933934900D+00  5.41390964643610500D-01
46 16 -2.50418233500458400D-01  2.35680799331461900D+00  4.44310213743216400D-01  1.54857015134121800D-01 -5.94671300240360300D-02
46 17  3.99690494346930500D-01  2.88493682226480400D-01 -7.08096020578769900D-01 -1.82429829109364200D-01 -5.39191577194128000D-01
46 18  2.06015616630033800D+00  8.14488062525602100D-02  4.12326288704355100D-01 -5.91546853218910900D-02  4.86077921623362100D-01
46 19 -6.14893232438288200D-01 -1.27313894481944100D-01  1.94650198233199500D-01  1.93759514368425400D-01  1.73695312711150400D+00
46 20  4.66874129989581000D-01  1.15725826330959600D-02  1.09614084480631300D-01 -8.55181782443860900D-02  9.22980839760925000D-02
46 21  1.41485773448709500D-01  2.78694435502156100D-01 -7.83514328565915500D-01 -8.29293755369952200D+00 -1.27996948568909600D+00
46 22  2.43330408062821500D-01  5.94930259483578400D-01 -1.34952303020101000D-02  1.02115935417466600D+00  2.06256935403149300D+00
46 23  9.65100164686587800D-02  2.58270997826245500D-01 -1.27027382380013200D+00 -4.39951928684051800D-01  5.74413902947156800D-01
46 24  5.96571179423599100D-01 -5.33841685127371200D-02 -3.88392331700847600D-01 -5.09872232809674300D-01  7.21619329475035000D-02
46 25  6.30936670055105800D-02  4.33958754528005100D+00  3.97393629559580000D-01 -2.61867477488356800D-01 -5.15561807063833900D-02
46 26 -1.89369995403578400D-01  3.84472287316040600D-02 -6.59078948888579400D-01  1.12201883170133300D+00  2.32465531345868300D-01
46 27 -7.91310995508222900D-02  7.45021461853027900D-02  2.79416931005289600D-01 -7.72184329219639300D-02  1.54187697203722700D-01
46 28 -6.67530686631043500D-01 -2.71742071883237500D-01 -1.31372696375091500D-01  5.31166743891758900D-03 -1.27567529011717200D-03
46 29  4.14527918482864400D-02  1.31438479914178000D-01 -5.24093050792488900D-03 -9.71916723743886400D-03  1.05986282297263800D-02
46 30  2.59939020705240900D-01  1.66696740379510600D-02 -8.79629375175338000D-02 -3.50863821906206900D-02 -2.04321417699932000D-02
46 31 -2.36729625663627700D-02  1.35487784392534300D-02 -1.43882872833486800D-02  8.39508844096066400D-04 -2.99599362983292000D-03
46 32 -1.40638307053712700D-02 -6.87382082683534900D-03 -1.75029189517658200D-01  8.14585503420667000D-02  9.35706391755914300D-02
46 33  1.72540525410354500D-02  1.09969702870682900D-01 -4.88798799418591800D-02
47  1  3.44625712048709700D-01  6.58967450779832900D-01 -6.70235521013652800D-01 -5.32174060932798800D-01  2.34232009678276000D-01
47  2  7.68257487100806800D-01  3.19473797202824200D-01  1.34490697220322600D+00  1.66561675703298700D+00  3.98341600357798800D+00
47  3  2.55706061462885900D-01  7.07088908253678400D-01  8.34053259640271300D-01  4.44461840320514300D-01 -1.23411396718740500D+00
47  4  7.89652126866891200D-01 -9.68123763410469900D-01 -1.03402852047631500D-01  4.01556707260893500D-01  4.45827141441014600D-01
47  5  4.31912782154013600D-01 -8.77739923595027700D-01  2.11192493631020000D-01 -3.75647402912696900D-01  2.43040870967007200D-01
47  6 -2.72542106458829900D-01 -4.55092811512795100D-01  5.77404728754256800D+00  3.30061468485203100D+00 -9.91248318659504500D-02
47  7 -8.29231440293946400D-02  1.71124354373324200D-02 -9.35109754590074700D-01 -3.09881748958841400D+00  5.62858788764847700D-01
47  8 -4.83718533476882600D-01 -6.97781496700553100D-01 -4.52031907828899500D-01  5.12538308303286900D-02 -4.85265366628357100D-01
47  9  4.34011535798028300D-01  1.94981139846878000D-01  6.60355140646658000D-01  4.66134970631294900D-01  1.48909447572567900D-01
47 10  8.15888585022775100D-01 -9.64798032595344700D-01  8.77499921088181900D-01 -2.38984731471868600D-01  1.37042616432856200D+00
47 11 -4.21861677321922800D-01 -8.53555935098198800D-01 -2.08691881785840700D-01 -1.47723098316386400D+00 -3.44223811428742800D-01
47 12 -1.73510372692023200D-01 -3.64386637437852600D-01 -7.18329996254238900D-01  1.37937536527132400D+00 -1.41142651646437100D+00
47 13 -4.16798013192764000D-01 -1.02675094538144800D-01 -3.59629574747412400D-01 -8.02769483171301100D-02  2.99192909718550200D-01
47 14 -2.18915961401418500D-01  1.38899469687361500D-01 -2.87709171274315000D-01 -2.35310325559460300D-02  6.18314775150542500D-02
47 15  5.61593168012439000D-01 -6.23424645527495200D-01  8.81329877367820000D-01 -8.83559340284843900D-02  4.12453830537700800D-01
47 16 -1.02974177158002400D+00 -2.80722779287257000D+00 -6.92638065390154200D-01 -4.00017872063441900D-01  4.74473863798104900D-01
47 17  4.31991207997501900D-01 -4.25269114074811900D-01 -6.67859681780257500D-02  6.10151204251629800D-01 -6.09153106427025600D-01
47 18 -1.25679762471004400D+00 -2.60038887521231200D-01  4.41855576345911700D-01  6.31725293646563800D-02 -1.10238291060220800D-01
47 19  1.22042245534552200D-01 -4.48240226971131200D-01 -1.52586267837621500D-02  1.55289814405625500D+00  1.72814004539690100D+00
47 20  7.52876112137112400D-01  4.08302751477362700D-01  8.98269293886867200D-01  1.54164218309524900D-01  1.38962010741929200D-01
47 21  4.38758507512848700D-01 -4.83588377093629100D-01  9.52606606690395400D-02 -1.46941014209265300D+00  3.16935155045617400D-01
47 22 -2.50426158194259900D-01  2.97103739660055800D-02 -5.57592621196870100D-01  7.09907923989381600D-02  4.21004094010320700D-01
47 23 -4.38891193449288100D-01 -2.99396006629340200D-01 -1.59052277617047900D+00 -3.47466147578276900D-01 -5.19456661419280700D-02
47 24  6.35232217276710700D-02 -2.95012757017283300D-02 -1.90406740058813600D-01 -1.84730481273274000D-01  1.74152639155767600D-01
47 25 -5.53647547119849400D-02 -1.27510120652037500D-02 -1.95699509098387100D-01 -1.25326199617395400D-01 -1.83067416526444700D-01
47 26  3.91858385604650900D-03 -2.13019286379990500D-02 -5.07406490621536200D-02 -1.88578285388499400D-02 -2.72705493802190600D-01
47 27 -5.11488849019446500D-01  9.94028919939500800D-02 -8.27178232906057300D-02 -8.70918218367051800D-02 -1.83346729714600100D-01
47 28 -3.14119865903409600D-01  3.58881520775340500D-03 -6.37367800188665700D-02 -7.00128704746875400D-02 -1.47689803872000500D-01
47 29  3.04527505037000200D-01  4.34007753674917500D-01  4.26319319124660000D-02 -4.56430382614722600D-03 -6.41997974021130600D-03
47 30 -2.19367494052306200D-01  3.76297989011594900D-02  4.22137185558070400D-02 -1.34256640443500700D-01  1.93836715827821000D-02
47 31  1.01229297363858500D-01 -4.08171201611397300D-03 -2.86684346270950200D-03  6.94855547882224400D-03  1.78912888205236100D-03
47 32  3.76356365869017000D-04 -4.01940770517990600D-03  8.58812550838305700D-02 -4.64427997899101700D-02 -3.94384552939204300D-02
47 33 -5.42683406970935200D-02 -8.52055871140995600D-02 -1.41495716940887000D-03
48  1 -4.03207354819608800D-01 -6.82821195068056100D-01  5.53084691781431500D+00  2.00405012165118900D+00  5.68537793173757000D-02
48  2 -4.46334894144163600D-03 -1.14361717379579200D-04 -8.33952019033787000D-01  2.30866696180175700D+00 -4.84989531907220300D+00
48  3 -2.46077179716121500D-01 -2.37697659794004700D-01 -1.09199472600369600D+00 -4.52329834138469900D-02 -2.51625821198530000D-01
48  4  2.96858804612377200D-01  1.39966325069248000D-02  3.95910220183062000D-01  8.08330923684738600D-02 -7.93402982849612400D-01
48  5  5.86017114182411000D-01  2.07385868667199400D-01  4.69767135424941400D-01  1.98017159439066900D-01 -1.05820808465631900D+00
48  6  1.22728522160851300D+00  2.09725490706014400D+00 -2.82257954438659300D+01 -6.75141956991807300D+00 -2.71204064890186900D-01
48  7 -4.77525131427478200D-01 -1.87783489205702900D-01  7.88953433062887000D+00  6.38537346974387000D+00  7.11776781130691000D+00
48  8  1.16810064909785900D+00  1.69845944577907400D+00  7.65018296845977900D-01  3.32484579626134600D-01 -8.33730582018836000D-01
48  9  5.01246002392700700D-01 -9.48817227555834100D-01 -1.39672710945609000D-01  4.56926382643228600D-04  1.84208401998240000D-01
48 10  2.00560010383813600D+00 -2.18980850583637600D+00 -4.92713076213857800D-01 -2.92048402815790700D+00 -7.88948178848877800D-01
48 11 -5.15825592042698500D-01 -7.82219602791549500D-01  2.04384173347580000D+01  4.25237810771826400D+00 -1.57964356048120000D-01
48 12  1.22709369787553000D-01 -2.51220797898511900D-01  8.95692791084054100D+00  3.61720594833469900D+00  1.01558157411402800D+01
48 13  4.86707471989441500D-01  1.34329133639213700D-01  8.49534386878214700D-01 -7.02825588747049600D-01  1.25069069969779800D-01
48 14  5.77756518777265200D-01 -5.27229851072067300D-03 -1.55981345662886500D-02 -1.23739427046227100D+00  6.80618431107588000D-01
48 15 -1.71123955062183600D+00  1.03062111951424700D+00  3.76816102991169700D-01  2.67605889319276600D+00  1.96687455801689800D+00
48 16  4.71093626267264400D-04  1.78267038443548500D+00  5.91015294420736400D-01 -1.21608644721050700D-01 -8.21986772882022800D-02
48 17  6.32266862738260800D-02  1.49670535061864300D-01 -4.55272033654338500D-01  9.27188771350814300D-03 -1.70312714944690700D-01
48 18  1.63690169660813700D+00  5.36934685915300600D-02  1.81289034511108800D-01 -1.62738253070184200D-01 -8.49701185656630800D-03
48 19 -3.88728127386078500D-01 -1.19796461502896400D-01  1.73524331002473600D-01 -2.24080975143821600D-01 -1.70431691517546900D+00
48 20 -3.02504208974347300D-01  7.46590323997911300D-02 -3.87210427645264200D-02  2.22216759984581500D-01 -3.01867879890617400D-02
48 21 -5.22542272109796300D-01  9.20029524981018800D-02  1.45119058346624000D+00 -4.70292985520582400D+00 -9.70422765333871800D-01
48 22 -3.13212240382651400D-01 -9.49568679077695400D-01 -3.37415798123889500D-02  5.44595787433097600D-01  1.09639890058956000D+00
48 23  2.90332881984941900D-01 -3.14259026448438100D-01  3.57869080541524800D+00  1.19684993539319600D-01 -4.76266405237888400D-01
48 24 -9.01387040539564500D-02 -4.74779794058166600D-01  7.44804707456117300D-01  1.60705541215256000D-01  8.24708094849744800D-01
48 25 -1.34772241292265400D+00  3.14547317827590200D+00  1.74617955296976400D-01 -2.07310378661863800D-01  5.83853554853292000D-01
48 26 -9.31323751042414000D-01  2.87165472246515400D-01 -1.62485720823761300D-01  6.94754141985357900D-01  4.69016050910097800D-01
48 27  6.03373205063656200D-01  2.21267651511056300D-01  5.51087656561110800D-01 -7.48853464407189700D-02  8.82915781992292400D-02
48 28  7.10336439702917400D-01 -3.66271078201415400D-01 -2.62617219034269700D-01  2.40288660994485700D-01  4.83080856967302500D-01
48 29 -1.12256752347265900D+00 -8.44672789666722900D-01 -4.41288825332357900D-02 -8.45386140821806200D-03  7.15943694096341100D-03
48 30  7.21015139113848800D-01 -4.13499918666175400D-02 -1.30406505471848700D-01  2.19057742371309600D-01 -4.71337080804376900D-03
48 31 -3.16368556530481400D-02  4.58915695116229500D-02 -2.73923438483083800D-02 -1.84992256633145300D-02 -1.77812498728184800D-02
48 32 -2.55619096916426700D-02 -1.71766104963154900D-03 -3.28896143945664600D-01  1.70083544874004900D-01  1.58812599071659500D-01
48 33  5.44081593710346600D-02  1.28280422335671300D-01 -2.98511302867334500D-02
49  1 -2.57821250006347000D-02 -1.12639216943002300D-01 -2.12686995229574000D-01 -1.46178710015947900D+00  7.87520295380071000D-02
49  2 -1.51601966313205700D-01  1.95494521562156600D-01  2.92864835587340400D-01 -9.52829716437588100D-01  9.55515668596371600D-01
49  3 -2.45008436210000200D-02 -1.76987119096486500D-01  4.95356373389442700D-01  1.79562213472120200D-01 -1.22989393263962100D-01
49  4 -5.65728202081584600D-02  2.16543624438863400D-02  2.04863510454559400D-01  2.56893265330278200D-01  5.99636204142244400D-02
49  5 -3.23710134380002000D-02 -2.75926069762243200D-02  2.08351370519266300D-02 -2.29704912253677800D-01  2.85815250044852900D-01
49  6 -5.26991523550125600D-01 -9.44692392587681200D-01  8.88682142407097200D+00  1.84953756043470900D+00  1.51138756616137600D-04
49  7 -3.06795136430943000D-02  2.47679432013785400D-02 -3.46557606078094800D+00 -3.46948474166513000D+00 -2.56714927574884100D+00
49  8 -2.59920251753511100D-01 -1.18770391588368000D+00  6.28292671723856900D-01 -3.08041053345064300D-01 -4.49774124337193800D-01
49  9  7.57815177682259400D-01 -3.78971117486694900D-01  2.11940528397392800D-01 -5.09164962557791900D-01  5.19017225931668100D-01
49 10 -5.96675315587536400D-01  7.76580896558662600D-02  5.92166895188591300D-01  9.56586497034806000D-01  1.24128113816366800D+00
49 11 -4.70921571182286200D-01 -1.00272051075601300D+00 -8.64372300459703700D+00 -6.91295408332864200D-01  7.92752171838726400D-01
49 12  9.87951590151319500D-01 -2.35430991149022100D-01 -1.32486269188721200D+00  1.83692417351986500D+00 -5.13868050947266800D+00
49 13  4.75633981562942100D-01  1.10190216993127000D+00 -6.64122844861884300D-01 -4.87721121884920200D-01 -6.12521424273757400D-01
49 14  1.10024254615867900D+00 -1.46746404275472300D+00  1.18264284860307800D-01 -3.35721137944835800D-01  2.47532074876303100D-01
49 15  7.43340294621613000D-01 -9.90872369497917600D-01  6.23334087330350000D-01 -1.00443123030401100D+00 -3.25884737197778900D-01
49 16  6.05522343616777700D-02 -1.08753826287284700D-01 -3.11096255506582000D-01 -3.02007329259431400D-02 -9.28285322176764700D-03
49 17 -1.19771114993796600D-01 -1.28540670354988000D-02  1.28945278906519400D-01 -1.62605137510630800D-01 -1.06491184830067000D-01
49 18 -3.27908113497408500D-01 -5.69843071769229500D-02  9.00986161689052000D-02 -6.72365288715888700D-03 -7.64349139214503100D-02
49 19  8.79796205787545900D-02  3.51214046044710800D-02  6.79955582581331200D-02  6.54924170899077800D-03 -3.43777667448809300D-01
49 20 -1.49427743727684700D-01  1.79544278063346600D-02  3.35105739997004400D-02  8.58290357502562900D-02 -6.61869332906264700D-02
49 21 -6.41531091244053900D-02 -7.74333765228748000D-02  4.62780592774995500D-01  1.63988754944379900D+00  5.84727112036874700D-01
49 22 -1.84238650386555000D-02 -2.33129127100020700D-01  1.66035845878846700D-01 -3.15662514331328500D-01 -1.73869758044878500D-01
49 23 -4.30142826278314600D-01  2.72303265160627000D+00  1.42199539008249300D+00  1.12708677636814100D+00  1.10779244161211900D+00
49 24  1.24694168224578000D+00 -2.56087662006987000D-01  3.81674956232381000D-01  1.69932600559846300D-01  2.03047505503183900D-01
49 25 -6.01527503403723500D-01 -2.37495684349153000D+00 -8.82926200952454700D-01  1.70872026675912300D-01  3.00654665882639100D-01
49 26 -2.14586357634084200D-02 -5.96368330468616300D-01 -1.11117228261717500D-01 -6.75598507273240400D-01 -4.33630330308598400D-01
49 27 -1.93178476318153500D+00 -7.72011065519687500D-02 -3.26628722597317900D-01 -9.89018957813590400D-02 -2.99299798057257900D-02
49 28 -8.63676981187439700D-01 -2.54598381342500300D-01 -1.09843473380377400D-02 -2.53961197831662700D-01 -5.21483577448109500D-01
49 29  1.18942528075135200D+00  1.31146420488871300D+00  7.59932100483614300D-02 -3.41148312456472900D-02 -1.05924207971614000D-02
49 30 -6.55380669756317900D-01  1.94405914660875500D-01  1.14604555126127000D-01 -3.90886872973665300D-01  1.14810443762188800D-01
49 31  8.78204236885484600D-02 -2.88159643474269300D-02  1.55532335530091000D-02  1.32627307944166800D-02  1.11558789988810200D-03
49 32  1.51102379404778900D-02 -1.32165362326051300D-02  2.30142249023252800D-01 -1.09874662928728600D-01 -1.20267586094524300D-01
49 33 -1.27128362117467800D-01 -8.02988668710799800D-02  7.51390348478022900D-03
50  1  1.92120349016589500D-01  3.14951529936516800D-01 -2.73540316756144800D+00 -1.57185580716315800D+00 -3.31287563436824900D-02
50  2  1.42380673518078500D-02  7.80901132072232400D-02  2.98640568173000300D-01 -2.55180685753418800D+00  3.47000885650745700D+00
50  3  2.70335299125485500D-01 -3.33531036541478800D-01  6.60066567118415900D-01  4.79896266890882200D-02 -3.19756746430404100D-02
50  4 -1.60139520460472800D-02 -6.11094704295641300D-02 -1.29907828424165700D-01  1.79165734207898800D-01  6.25597867833862500D-01
50  5 -8.19914238044905500D-02 -5.43606444029370100D-01 -6.97368909622071800D-02  2.60392720809505300D-02  7.08102756045670500D-01
50  6 -5.56560938465913900D-01 -9.61330337927543200D-01  1.23670760979497700D+01  2.10491945329109600D+00  3.38803305666829000D-02
50  7  9.31459490617805900D-02  7.31987125731935600D-02 -3.38762600108939300D+00 -3.89828423525435100D+00 -1.13504287873879200D+00
50  8 -3.57087176348206600D-01 -1.29320859853436300D+00  7.09183732610835900D-01 -1.48136884122436200D-01  1.13285028444131200D-02
50  9  1.36808381278022100D-01  1.95648933577003000D-01  2.53580112586077200D-01 -2.11111725910401900D-01 -1.43601229014286700D-01
50 10 -9.66232629835346700D-01  1.10983385884963000D+00  9.02704046821472800D-02  1.34119260099052600D+00  1.94742522290510000D-01
50 11 -1.49170983633958300D-01 -3.68655349266971300D-01 -7.43562614931301400D+00  2.76950841198732500D-01  1.41336843450139700D-01
50 12  1.97884228089320100D-01 -2.09376739320339700D-02 -1.43755009296116100D+00 -1.30921128403104300D+00 -5.06709471292220900D+00
50 13  6.07895312594151000D-01  5.37103585667111700D-01 -3.63527388147202600D-01  1.71440465255532300D-01 -1.67744881696162400D-01
50 14 -3.69558355936825500D-03 -4.82466666107962600D-01 -6.18053103205684400D-02  2.79720809919508200D-01 -2.65164015058322800D-01
50 15  8.54906617643783200D-01 -5.89742602585459900D-01 -5.90608981694455500D-01 -9.30228773641724200D-01 -5.78627801502729400D-01
50 16 -1.24035970721785300D-01 -5.67813596390809100D-01 -1.08205874268095600D-01 -1.88731187279124200D-02  1.02110923802746900D-01
50 17  1.25359011679413900D-02  1.36891405482177600D-03  9.46065260955397800D-02  5.65104674415758100D-03  4.65092891882369000D-02
50 18 -1.46404885614433900D+00 -4.19446242429042700D-01 -5.44533190460652300D-02  8.55012164488189900D-02 -8.81659757247190800D-02
50 19  3.98613247535255900D-01  1.08696554614800100D-02 -1.19332905882910100D-01  1.21934805221707800D-01 -1.21857511619605600D+00
50 20 -2.72238770155184200D-01  1.15038491822833300D-02  6.50770073675395000D-02 -9.41328109984350100D-02 -1.00728814444734100D-01
50 21 -3.04966536915190900D-01 -6.27684208143691600D-02 -1.82318592123980000D-01  3.14903325721922400D+00  6.82232906958148500D-01
50 22  5.38598318355061000D-02  1.83272158474578600D-01 -9.68249089044079900D-03 -2.80595340678449400D-01 -7.00972514743315000D-01
50 23 -3.75586253974976500D-01  7.46027801678074100D-01  1.14989775521625500D+00  6.78128711341458700D-01  2.78610156832157500D-01
50 24  3.85878744752561500D-01  1.00523815515344300D-01  1.28614476055880900D-01  6.13570967100989500D-01 -3.13957523474246500D-02
50 25  3.18574967042649400D-01 -2.57016584875546600D+00 -4.44098513028566900D-01  1.22238507457377900D-01 -7.80211415787557300D-02
50 26  2.91423263929673500D-01 -1.63242091489431900D-01  2.65825932754575100D-01 -6.29217437071908800D-01  1.87466593699861700D+00
50 27  4.11275251120376200D+00  4.96908469664045000D-02  1.40672099907313600D+00 -2.56335213707681500D-01 -3.06323787935669900D-01
50 28  3.78858670657413900D+00 -4.71177704958570200D-01 -3.49720129809526700D-01  8.78978436788404800D-01  1.77883532503894100D+00
50 29 -4.21478611388480500D+00 -4.80188812816383100D+00 -2.46837582508085000D-01  1.53379015218256200D-02  2.33004762522930000D-02
50 30  2.54931543980448700D+00 -2.55531807614246500D-01 -3.07642529914937200D-01  1.37531437808075100D+00 -1.56918210101838000D-01
50 31 -2.23558149603469900D-01  1.39301104053781200D-01 -7.74106050576685000D-02 -6.18904989961141500D-02 -3.41623052213169900D-02
50 32 -2.58254245515322900D-02  1.64281698993644100D-02 -1.12283065705312200D+00  5.58956415541144500D-01  5.63874241511977500D-01
50 33  1.99439320096324400D-01  2.29335214295226700D-01 -9.24974434935086800D-03
51  1 -8.77130887198382300D-02 -1.52420924113539700D-01  2.09326426423791600D+00 -5.37915052912604900D-01 -2.32640111688353700D-02
51  2  2.91506971243149800D-02  7.80701953719596800D-03  4.27893367110096600D-01  5.59749949736259800D-01 -1.49117978171180100D+00
51  3 -3.87640553448832200D-02 -1.82138954802630300D-02  3.66237565560694200D-02 -2.85876280073519600D-02 -1.85325716057855100D-02
51  4  4.71201996131377200D-02 -3.03206560982844000D-02 -1.46471093061894000D-02 -4.94325045307822500D-03 -7.31283064284096700D-02
51  5 -1.40801998285082500D-01  2.13930304713491600D-01 -2.45783091353022500D-02  1.57142457869638200D-01 -1.95279987681741000D-01
51  6  3.27996981641198700D-02  6.08264968710621200D-02 -6.82087789571575300D-02 -7.95184814112239000D-01  6.81259913590199100D-03
51  7  9.39816280569937500D-03  1.36232453267873200D-02 -1.00594188818856300D+00  3.98241106000228800D-01 -2.36862333561882900D+00
51  8  3.09466786908922100D-01  2.03113396153513200D-01  1.97398048067133300D-01 -2.22980727761851600D-03  3.56660013442122000D-02
51  9 -3.34361940665933600D-02 -1.47012781296814000D-02  2.78065696803628800D-02  3.06230328022366300D-02  3.98373430990227000D-01
51 10 -6.11783251663876400D-01  2.13409820673649900D-01  2.09664754779093000D-01  3.06811985827650300D-01  5.67780160876295200D-01
51 11  1.27910902534815900D-02  1.93686713697334500D-02 -1.81663370968780200D+00  1.12812217332426800D+00  3.95832936421054900D-04
51 12  1.72089774058880800D-02 -3.77220737647400900D-03 -9.25884312229928000D-01 -7.12050701832146800D-01 -1.11088156580462400D+00
51 13  6.41883639702657700D-02 -5.99106655289554100D-02  2.61467568074389100D-01 -1.47735062219901700D-02  4.70973566235104400D-03
51 14  1.00637705596392700D-02 -2.70702753637131300D-02 -5.00034828718028500D-03 -1.47970505345571100D-02 -5.74333238279165000D-02
51 15  2.01102152474812600D-01 -1.43668828646896100D-01 -8.62695921579481200D-02 -1.76210656013301600D-01 -1.52082315944208200D-01
51 16 -1.37934809604607000D-02  8.91372263683688800D-01  2.15703917192545300D-02 -2.21572109216994000D-02  6.48355452195855200D-03
51 17  2.57683243554740000D-02  8.53505305769013100D-02 -1.13437600452724100D-01 -1.28556697343814800D-01 -3.50878928185797600D-02
51 18 -7.90938060072602100D-01  4.66751947844672200D-02 -1.84239106717306200D-03  6.10865437192407800D-03 -2.58592586534927100D-02
51 19  3.53800738239225600D-01 -8.98636379832865300D-02  1.77795218209684700D-01 -1.91267268959381500D-02  7.76334748799354200D-01
51 20  4.27618904931423400D-02 -9.51424871083495100D-03  1.71832333294787500D-02  1.60357328944788500D-02  1.20638948171813400D-01
51 21  1.42680151705970600D-01  5.51609191019453600D-02  1.52437873612251000D-02  6.70861917408655600D-01 -2.04004217549752600D-01
51 22 -4.56949577215632700D-03  4.22801428017915500D-02  8.26664652578552200D-03 -2.41521949449317700D-01 -1.30411986079858300D-01
51 23 -4.09375336122794300D-02  2.83247544256318000D-02 -1.07686122236871800D+00 -6.03512728063542900D-02  8.19489677154288500D-03
51 24  2.91760450372587600D-02  6.34972588445679000D-03 -2.49544667653198500D-01 -1.61080126877334600D-01  3.23126509490523700D-02
51 25 -1.87039831688504100D-02 -1.18325269703598800D-01  1.57513977982403300D-01  5.50221424011079200D-03  6.34972969448125600D-03
51 26  8.48861528722058400D-03  4.32428362794021200D-02 -5.27713517164834700D-02 -1.38286897065557300D-02 -3.00874499650553900D-03
51 27 -1.54485677498648400D-01  2.16110558555802400D-02 -7.52172503072889500D-03 -4.25950877330605200D-03 -7.04222038060192000D-04
51 28  1.07856336035405800D-01 -1.60155127290748700D-01  1.07018907738131100D-01  9.56866466401990300D-03  1.94939422752119000D-02
51 29 -5.72979213924766800D-02  4.56949733604136300D-02  1.51123775036252700D-03 -6.74509114743195200D-03  5.97506495112579700D-03
51 30 -5.78305311725715000D-03  3.27267640883189900D-02 -3.22779023341475800D-02 -2.30363535184320100D-02  4.94849479541651000D-03
51 31  2.92599957541644400D-02  2.01074882071439000D-02  9.32239448308778600D-01 -9.52346936515923100D-01  2.06992583992771400D-01
51 32 -1.71642108693934700D-01  3.62518568539061800D-01 -6.53288254065459600D-03 -5.08738490950792900D-01  5.15271373491447100D-01
51 33 -1.20443346992666100D-01  9.91556804021573000D-02 -1.98168286228167000D-01
52  1  7.07436260699561200D-03  1.06876946382712300D-02 -2.57527604411700000D-01 -4.06769975934541600D-01 -1.96760194682420200D-02
52  2  5.42876468743697000D-03  4.91935876216208400D-03  4.23288604686173400D-01 -5.76078020427731800D-01  7.33031064121870600D-02
52  3  3.11939349703805500D-02 -2.44855487351326000D-01  4.05254903217682500D-02 -9.98433044379378100D-03 -7.81446996689641500D-04
52  4  1.07657774404835000D-02  1.21875799072659100D-02 -2.32437043200084900D-02  4.31911318038025400D-03  1.43916566890245700D-01
52  5 -1.35757506497038100D-01 -8.15906039320758000D-03 -2.21456765063818600D-02 -1.57881344972389700D-02 -5.60189066045402000D-03
52  6 -5.04911138183776500D-02 -8.50495886525887600D-02  1.62596998157798700D+00 -3.72646323260608700D-01  5.33065050846411000D-02
52  7 -3.47117144562984300D-02 -3.64646877990624600D-02 -8.93077591549286900D-01 -1.17102979498635200D-01  6.23639581401566100D-03
52  8  8.82848036462306800D-02  5.11294337135251000D-02  3.95230043019812400D-01  2.11061242452338800D-02 -6.49544037637411400D-03
52  9 -1.46106838688601700D-02 -6.70423556779745800D-03 -2.31064323575234900D-02  1.50759206240877500D-03 -9.00932084447951700D-02
52 10 -2.09021961703768800D-02  1.10995404615171800D-01  3.27009336719923500D-01  4.19260320231034000D-01 -6.62802901462260100D-02
52 11  5.57155265116987600D-02  1.02105140221158300D-01 -9.57890198734552500D-01  1.11472906818817600D+00  1.01082856443435200D-02
52 12 -5.35244839330748100D-03  3.92650984326966500D-03 -6.21740522586428600D-01 -1.30076714241654200D-01 -9.25362616187885400D-01
52 13  2.51779783867263600D-01  1.00597083662459900D-01  8.47294088981876000D-02  2.78721617082283200D-02  1.64825135786989800D-04
52 14 -2.80369868440150400D-02  5.92031071961466900D-03  1.90597879320599800D-02 -7.87419891343983300D-03 -3.21348950540823200D-04
52 15  8.88003617280946300D-02 -8.84790127775530500D-02  2.06673569334325600D-02 -1.72975706890999300D-01 -3.66926609339942100D-02
52 16  3.49752544900582700D-02  6.69305732756780100D-01  5.96645138824178400D-02  2.48417544260143600D-03  2.07339885125022900D-02
52 17 -1.20499828837423100D-02  1.07120403342332200D-01  1.56612041666039900D-02 -2.01737852055701700D-01 -1.84140295539288500D-02
52 18 -6.38273985946461000D-01  5.23377811656543000D-03 -1.94235446463054100D-02  1.26576155492513900D-02 -1.16835741150148300D-02
52 19  1.92496573253755700D-01  1.82940599563055400D-02  7.16947409855608300D-02  1.71732521724412700D-02 -2.61828380004882200D-01
52 20 -2.20168977994772800D-01 -7.37457872091448900D-03 -9.21282564558275700D-03 -1.08895595240847600D-02 -4.01384723793894400D-02
52 21 -1.00187050792024400D-01  1.88305575260160300D-02 -7.56410529030818500D-02  8.37289747189757500D-02 -3.44373875375210300D-02
52 22  1.89815196238156500D-02 -1.49104102725876900D-02 -2.71263530846903000D-02 -2.25150318361790200D-02 -8.67014317009191000D-02
52 23 -4.19574523915643800D-02 -6.08822108101244000D-03 -6.04971747161455700D-01  1.85161813509638200D-01  7.57465681494618100D-03
52 24 -1.75853737301593100D-02  1.76472439706766000D-02 -1.03162982329584600D-01 -9.37264673245046800D-02  3.25744829977211600D-02
52 25  1.85541140812885600D-02 -6.61253499812290100D-01 -6.56448355333014200D-02  9.70619381040947900D-03  1.20278458623457700D-02
52 26  4.99625735371952600D-04 -8.86491418531698300D-02  8.16166765896080400D-02 -1.29652337182811400D-01 -3.10473563402398400D-02
52 27  8.53611984747986700D-01 -1.56785161181190800D-02  6.39131817793998300D-03  4.85135303001757300D-03  1.47115712751243900D-02
52 28  1.13291504862474000D-02  3.25231161332454900D-01  4.60533695129038900D-01  2.83438989790678300D-02  5.67611622755450100D-02
52 29 -1.64692538370752500D-01 -1.35968282920894000D-01 -1.49549720301219500D-03  1.00608255329020600D-02  1.29524399397385600D-02
52 30  3.40910910754109200D-02 -5.88775003831795300D-02 -8.01807904388954400D-02  2.89592316893665300D-02 -1.64876638158180200D-02
52 31 -3.06019486804785000D-02  1.56347844539855400D-02  2.85387164451170300D-01 -3.01021948905156000D-01 -6.65855675871164000D-02
52 32 -2.57476504339462000D-01 -1.09983763172682800D+00 -7.27489283023921000D-03 -1.59675903678506300D-01  1.66950796508745500D-01
52 33  4.63012748339492600D-02  1.60732979089973900D-01  6.11749455260920700D-01
53  1 -3.82997716183999000D-02 -6.54273440700511300D-02  5.47373686164774000D-01 -6.27319685833184100D-01 -1.44365856724142200D-02
53  2  6.50065341118997600D-03  1.73678628054166900D-03  4.26146222678581100D-01  2.79055381610925600D-01 -4.13482119795990900D-01
53  3  1.96379640102603400D-02  6.95750496367211300D-02  2.86129053053756100D-01 -5.71584360674862800D-03 -1.57590744345920700D-02
53  4  2.14749180413406200D-02 -1.26975926015957900D-02 -3.72112407382045600D-03 -9.59679547655491200D-03  3.41675024828276900D-02
53  5 -1.91464934056721400D-01  1.57297431573893600D-01 -5.86967408978025800D-02 -1.78659606778306100D-01 -2.34330920667906900D-02
53  6  1.92233672273437100D-02  2.96073155195821300D-02 -1.19703150858338500D+00  1.31895426604422600D+00  4.19224814034135400D-02
53  7 -9.21597466518359100D-03  7.02465014376343700D-03 -7.95153515286447000D-02  5.16199230042483600D-01  5.34895251320029600D-04
53  8 -6.57258257863954200D-02 -2.71233196573597200D-01 -9.28889581566039900D-02  1.58454937561641300D-02  1.24273899606564100D-02
53  9 -2.82728837168209100D-02 -3.24476951783482900D-02 -3.82552574088178700D-02  2.90558058277714700D-02  6.58182780059851800D-02
53 10 -1.86440056045968900D-01  1.20621778039983500D-01  1.88054655821712100D-01  6.06529765878752200D-02  5.93643425721463400D-03
53 11  3.38233908400634500D-03  9.34658756004140400D-03 -1.39784458699555100D-01 -6.56159626897066400D-01 -8.15667349854153400D-03
53 12 -1.46477864724823400D-02 -9.27317757425902100D-03  3.48308962655135100D-01  2.49024067621340300D-01  3.36459307477015500D-01
53 13 -2.77064560205606800D-02 -5.79655065596727900D-02  4.03190971168308800D-02  2.18747092251729200D-03 -9.03837568425192000D-04
53 14 -1.28363335409205400D-03  2.67827754667504500D-02  3.07084782166585600D-02  2.55651670663580500D-02 -6.74288135884724700D-02
53 15  7.94934492287138600D-02 -1.20646356402414000D-02 -1.28727110811605600D-01  3.51195854139957500D-01 -1.84099688719300500D-02
53 16 -2.09699840156425500D-02 -1.05922642203148100D-01 -1.32994380155206500D-01 -1.44988508878932200D-03  5.04975243817772700D-03
53 17  4.91362495710533800D-03  3.76948635868914200D-02  4.86723318530592100D-02 -8.29760733919914400D-04 -3.66407475670358500D-02
53 18 -6.14703233892198600D-01 -8.55289437338736000D-02  2.09753813849734900D-03 -3.96530299269869300D-03  1.33424042017215500D-02
53 19  1.85767796344012400D-01 -8.57148591330840300D-03  2.43538678941620700D-01  2.33378061603721300D-02  7.55396212932751200D-01
53 20  6.93950084340469700D-02 -1.56360166344918800D-02  6.77926955541831200D-03  2.00728715310535300D-02  1.57379515334427900D-01
53 21  1.58283653418885400D-01  5.50762283738177000D-02  1.79851102967861600D-02 -1.68965202553236300D-01  9.27432054217909200D-02
53 22  1.02377712642613900D-03 -7.41226646581818200D-03 -7.57305820662935600D-03 -8.98295679738734500D-02  3.56975469474900800D-02
53 23  3.35587952907885000D-03 -2.51369276946522500D-02  9.21362230904516200D-01 -4.57569382249527300D-02 -3.96705977825404100D-02
53 24  3.21464340471270100D-04  4.63810360526320500D-03  1.45443357288891900D-01  2.80558771558028100D-01  3.15496714743058500D-03
53 25  8.16336999004831600D-02 -5.45915727467396700D-01  1.33865118542028200D-01  3.04982603417852300D-02 -2.36771009746583200D-02
53 26 -1.34010536696057000D-02  1.75890726392993100D-02  1.42901164722656800D-01 -2.41577026348131800D-01 -8.29734681067674200D-03
53 27  2.98493704249216700D-01  2.22009595378150800D-02 -1.41503417628242200D-02  5.37738976106767300D-02 -5.83980087491430500D-02
53 28 -6.79121488340728700D-02  4.61714055357154400D-01 -4.36893518701954000D-01 -5.08108825668758900D-04 -1.06098964477642900D-03
53 29 -3.51684888137563100D-03 -1.03300838462273100D-01 -2.04620360516056300D-03  2.77628024354371300D-02 -3.32867998284987500D-02
53 30  6.03132565656029300D-03 -1.21139432583306700D-01  1.36680775206583400D-01  3.66328119253042400D-02 -1.85117958950879500D-01
53 31  2.44511045378167000D-01  1.31308633617564800D-01  1.93622554999732100D-01 -3.24931188617297200D-01 -6.46207292591926900D-01
53 32  9.60687810016798300D-01 -8.95281518110637200D-02 -8.03147511112539100D-02 -1.31467204819370100D-01  2.11781955930623900D-01
53 33  4.40304603121351700D-01 -6.48586309469078900D-01  5.74601970566025500D-02
54  1  1.66297747023833600D-02  2.90792570577676600D-02 -3.03263956318525800D-01 -3.26159443592780400D-01  1.10623250931693500D-02
54  2  4.62483685736273500D-03  3.65033875061115300D-03 -4.48022752687969900D-01 -6.19129412322558400D-01  2.39497066053091300D-01
54  3 -9.74814201548734700D-02 -9.32577830827747600D-02  2.14266469581150300D-03  5.88078302872057600D-04 -9.87600042637466200D-04
54  4  3.99521739765197100D-04 -6.55005401159366700D-03 -7.47349477342200100D-03  2.30114168621649600D-02 -7.70351116220886500D-03
54  5  7.02864777816532700D-02 -6.25829666194447100D-02  7.02434419544047500D-02  1.47684696807091100D-01  1.08686663630651800D-01
54  6  3.54317108750022100D-02  6.55695649277807900D-02  7.29339731961139700D-02  4.91571348743930600D-02 -2.63335064568139700D-02
54  7  1.51160770770552100D-02  2.22246168326570800D-03  2.82742894039337200D-01  1.20076418262295500D-01  3.99950729362457300D-01
54  8  2.34537198405866000D-01 -1.81009090684917800D-01  1.24096617097461700D-01 -2.89027158162418400D-02  3.25242073347767800D-02
54  9 -3.62149151853563900D-03  3.57087184592383600D-02  4.28292219218263600D-02 -2.99748181735454900D-02 -7.79912923260212600D-02
54 10 -2.51401070078953000D-01  3.29392362404973400D-01 -2.04211082555032700D-01  5.61767600122555600D-02 -2.32995672016694700D-01
54 11  1.71711663252552900D-02  2.83616714298123500D-02  2.30383990505522800D-01  6.43313370542874600D-01 -1.99661267521159200D-03
54 12 -3.72233739668425500D-03  2.06336839591500000D-03 -3.89134933975386600D-01 -7.12785909779918100D-03 -2.08177264415728500D-02
54 13  7.68105922587382500D-02  5.63722090384181600D-02  3.15872646579741800D-02  3.65634232934281400D-04  9.25938044639429800D-03
54 14 -9.62501467932851800D-03  2.34727445113644800D-03 -1.35008178520501200D-02 -1.20496156139402200D-02 -3.56167325395662400D-01
54 15  8.91832935857161700D-02  2.66984031809946800D-01 -1.16853311044052300D-01  1.50931927558655300D-01 -9.34208055246424800D-02
54 16 -7.22413952101474600D-03  2.64215406886545700D-02  4.58792995283330900D-02 -1.70752503434715600D-03  2.24621646539584700D-03
54 17  1.34134073579348800D-02 -3.53523360707572600D-02 -2.50773975773926100D-02  3.54135935316970100D-02  3.23700699108702100D-02
54 18  4.02704090798096700D-01  7.30418066038997600D-02 -1.28036845039237400D-03  7.90125001188558300D-03 -7.24312076402448000D-03
54 19 -1.17844993373432500D-01 -2.13412995170390000D-02 -1.11322099728313300D-01 -2.15722159364290800D-02 -1.01009561521577400D+00
54 20 -1.11203162596229700D-01  1.11090963547599700D-02  7.12928710600234300D-03 -1.97641319455245000D-02 -1.15583850588668400D-01
54 21 -2.88796162463255100D-01  7.08306077017798600D-02  1.02141952689822500D-02  1.57163784654037600D-01  7.69977690751845700D-02
54 22  1.59862576568537500D-02  4.30784086084308700D-02  1.76321129263893900D-03 -4.64325174461380800D-02  2.31925282948139400D-02
54 23  2.32379897375398100D-02 -2.96433987363474300D-02  2.21633599537314100D-01  3.14081476607302900D-02 -3.52699288175533600D-02
54 24  1.07778903455469300D-03  1.32423633066674400D-02 -2.77331533621116100D-02  1.80202505012899700D-01  4.78346599025277700D-02
54 25  1.30846983255111600D-02 -1.11054665652135300D+00  1.65313043317831000D-02  3.42221296343483000D-02  9.78540508482125600D-03
54 26 -1.49931122710340400D-03 -2.50667332934977400D-02  2.59567797773472200D-01 -2.34860896519394400D-01 -4.38496173782289600D-02
54 27  6.95794282148065200D-01 -2.10441057633557400D-01  1.90892470557677700D-01  6.38550696953899100D-02  1.06623202836555100D-02
54 28 -3.62329690923654600D-01  7.80101703373206500D-01  5.15533531004010600D-01  2.51646012803103900D-02  4.63557641844046200D-02
54 29 -1.01489854555984800D-01  6.93242349761533600D-02  1.37610763295126400D-02  4.66148101423771300D-02  2.75116551640586200D-02
54 30  9.36613973747624500D-02 -2.16672819212350300D-01 -1.37907633110585200D-01 -1.31007164026676300D-01 -2.81337199446077700D-01
54 31 -1.95064660547526600D-01 -7.46454127882311600D-01  4.13322324445807100D-01  3.33131803436503900D-01 -8.22352329919466800D-01
54 32 -4.49757367684204900D-01  1.57683695800381900D-01  4.16021999603567800D-01 -2.34884976028898100D-01 -1.81137023574669600D-01
54 33  6.01333117813696500D-01  3.38723079419545700D-01 -1.16079078546105200D-01
55  1 -2.62203220263851700D-03 -6.61462185171544200D-03  8.06177968660903300D-01  2.62405853115717500D-01  4.08162160651607900D-03
55  2 -5.87182924619853800D-03 -4.65073937669531700D-03 -1.51948257913919200D-01  5.67295482703030400D-01 -6.10031582059193100D-01
55  3 -4.76997148992430700D-02  6.36672141856228500D-02 -9.56410190810832600D-02  5.52867409926532200D-03  1.27534507686899300D-02
55  4 -1.82821248679555400D-02  6.05583543854522500D-03  8.27730159640160800D-03 -1.18263414889818500D-02 -5.84025224885854600D-02
55  5 -8.85720240617887700D-02  1.46974546550373100D-01 -7.60421034323530100D-03  1.07083562090609600D-01 -1.47422566614385900D-01
55  6 -1.94139116556159700D-02 -2.90749428906668100D-02  2.03417276795813700D+00 -1.87177033842500600D+00 -1.93567450917549900D-02
55  7  1.43616964454406000D-02 -4.74945346053191400D-03 -1.14823212120048000D+00 -5.25160151142256900D-01 -2.31435663796239000D+00
55  8  2.74266322941321600D-01  3.59865587357415400D-01  7.99340094156540300D-02 -4.53347922654200600D-02  2.83632209245990100D-02
55  9  1.69715713408210300D-02  5.49112043597495400D-02  3.31920845705765500D-02  1.25038470824278000D-02  1.45777536814366000D-01
55 10 -1.96135749467043400D-01  5.03582126526768200D-02  6.73521245007257100D-02  2.97454597954278600D-01  7.88015135978084800D-01
55 11  1.65390299580687800D-01  2.94090302612451000D-01 -2.63746973812955400D+00  1.93104487949010700D+00  5.90547815555327600D-02
55 12 -2.95867813246369600D-02 -2.89665510974674100D-02 -2.91836881829279100D+00  1.46169970886954500D-01 -1.50819659096993000D+00
55 13  1.41527223581556100D-01 -1.33293956730423300D-01  3.14504972395752100D-01 -7.16636490179782100D-02  4.28318617662472800D-02
55 14  2.88317872517315500D-02  2.14610773994517100D-02 -1.79762946080383000D-02 -8.20373860703168400D-03 -2.76107002418753900D-01
55 15  3.78620403930238800D-01 -1.02513401511484800D-01  6.03165367788935900D-01 -3.71048345961585300D-01 -3.33023867525135900D-01
55 16  2.52268394648091300D-02  1.05519652630359800D-01 -1.06904221647619600D-02  3.65434875062448900D-03 -5.45191717680255900D-03
55 17 -8.15320478300765200D-03 -3.14538183923170400D-02  3.50058108563461900D-02 -1.30970911701143100D-02 -7.41094139113172500D-03
55 18  3.43484003506796600D-01  9.15159217641664000D-02 -3.31259691241521500D-03 -2.95768574922935100D-03 -8.92894801984261100D-03
55 19 -5.48678451968874100D-02 -8.88338048325919800D-04 -1.18086215839201800D-01 -2.28244193284890600D-04  5.81587119115489800D-01
55 20  7.49905867008459100D-02  6.71465727251239000D-04 -1.01825208326936100D-02  4.82398273101701200D-03  7.65093104850868800D-02
55 21  1.57814112754375000D-01 -2.14636202653290900D-02 -3.01724069630950600D-02  5.50788530366010800D-01 -1.90867188801932500D-01
55 22  1.07811003823948200D-02  4.62318103370567400D-02 -1.51837787677076800D-03 -8.34587066751321300D-03 -1.11967714817650600D-01
55 23 -1.26995396740005000D-01 -3.83627745322264500D-02 -2.46894865006536100D+00 -8.85232149225870000D-02  8.40868528514112100D-02
55 24 -1.56505965153896100D-02 -1.10335545937383600D-02 -2.79591862667688600D-01 -3.51136571748887700D-01 -3.66868106803938700D-02
55 25 -4.03255537555930500D-02 -1.04336223668199200D+00  2.15231044489632700D-01  2.35248295011344400D-02 -2.67341916696283800D-02
55 26 -1.02059870707570600D-02 -1.07585515686772800D-01  4.61401518687495100D-02 -1.61076467225673800D-01  1.04447792225330900D-01
55 27  5.65038344662353100D-01 -3.22335409686466400D-01 -3.44904392563205200D-01  1.07756922879151700D-01  5.78805030692606300D-02
55 28 -1.64444808280506300D+00  6.25561660162409800D-01  4.35962057595273300D-01 -1.32717394995611700D-01 -2.53680689390934400D-01
55 29  8.96949578031057800D-01  6.45239387788386100D-01 -4.43919275446820400D-02  3.67196350133210400D-02  2.43653528857144700D-02
55 30 -2.06924843201177700D-01 -1.04869014271449200D-01 -4.33606847233364200D-02  6.87742181244296300D-02 -1.59415176262994400D-01
55 31 -9.32102682019167500D-02  9.44698896861678000D-01 -5.02209668609603500D-01 -4.42489228252075100D-01 -5.73201109732707200D-01
55 32 -4.88515688703942600D-01  1.49431092826959900D-01 -5.38013098951410100D-01  2.87181846602212000D-01  2.50831252349198100D-01
55 33  4.13749298146701100D-01  3.29890687961029300D-01 -1.08790471219302600D-01
56  1  0.00000000000000000D+00  0.00000000000000000D+00  0.00000000000000000D+00  0.00000000000000000D+00  0.00000000000000000D+00
56  2  0.00000000000000000D+00  0.00000000000000000D+00  0.00000000000000000D+00  0.00000000000000000D+00  0.00000000000000000D+00
56  3  0.00000000000000000D+00  0.00000000000000000D+00  0.00000000000000000D+00  0.00000000000000000D+00  0.00000000000000000D+00
56  4  0.00000000000000000D+00  0.00000000000000000D+00  0.00000000000000000D+00  0.00000000000000000D+00  4.47213595499945000D-01
56  5  4.47213595499964800D-01  4.47213595499960400D-01  0.00000000000000000D+00  0.00000000000000000D+00  0.00000000000000000D+00
56  6  0.00000000000000000D+00  0.00000000000000000D+00  0.00000000000000000D+00  0.00000000000000000D+00  0.00000000000000000D+00
56  7  0.00000000000000000D+00  0.00000000000000000D+00  0.00000000000000000D+00  0.00000000000000000D+00  0.00000000000000000D+00
56  8  0.00000000000000000D+00  0.00000000000000000D+00  0.00000000000000000D+00  0.00000000000000000D+00  0.00000000000000000D+00
56  9  0.00000000000000000D+00  0.00000000000000000D+00  0.00000000000000000D+00  0.00000000000000000D+00  0.00000000000000000D+00
56 10  0.00000000000000000D+00  0.00000000000000000D+00  0.00000000000000000D+00  0.00000000000000000D+00  0.00000000000000000D+00
56 11  0.00000000000000000D+00  0.00000000000000000D+00  0.00000000000000000D+00  0.00000000000000000D+00  0.00000000000000000D+00
56 12  0.00000000000000000D+00  0.00000000000000000D+00  0.00000000000000000D+00  0.00000000000000000D+00  0.00000000000000000D+00
56 13  0.00000000000000000D+00  0.00000000000000000D+00  0.00000000000000000D+00  0.00000000000000000D+00  0.00000000000000000D+00
56 14  0.00000000000000000D+00  0.00000000000000000D+00  0.00000000000000000D+00  0.00000000000000000D+00  0.00000000000000000D+00
56 15  0.00000000000000000D+00  0.00000000000000000D+00  0.00000000000000000D+00  0.00000000000000000D+00  0.00000000000000000D+00
56 16  0.00000000000000000D+00  0.00000000000000000D+00  0.00000000000000000D+00  0.00000000000000000D+00  0.00000000000000000D+00
56 17  0.00000000000000000D+00  0.00000000000000000D+00  0.00000000000000000D+00  0.00000000000000000D+00  0.00000000000000000D+00
56 18  0.00000000000000000D+00  0.00000000000000000D+00  0.00000000000000000D+00  0.00000000000000000D+00  0.00000000000000000D+00
56 19  0.00000000000000000D+00  0.00000000000000000D+00  0.00000000000000000D+00  0.00000000000000000D+00  0.00000000000000000D+00
56 20  0.00000000000000000D+00  0.00000000000000000D+00  0.00000000000000000D+00  0.00000000000000000D+00  0.00000000000000000D+00
56 21  0.00000000000000000D+00  0.00000000000000000D+00  0.00000000000000000D+00  0.00000000000000000D+00  0.00000000000000000D+00
56 22  0.00000000000000000D+00  0.00000000000000000D+00  0.00000000000000000D+00  0.00000000000000000D+00  0.00000000000000000D+00
56 23  0.00000000000000000D+00  0.00000000000000000D+00  0.00000000000000000D+00  0.00000000000000000D+00  0.00000000000000000D+00
56 24  0.00000000000000000D+00  0.00000000000000000D+00  0.00000000000000000D+00  0.00000000000000000D+00  0.00000000000000000D+00
56 25  0.00000000000000000D+00  0.00000000000000000D+00  0.00000000000000000D+00  0.00000000000000000D+00  0.00000000000000000D+00
56 26  0.00000000000000000D+00  0.00000000000000000D+00  0.00000000000000000D+00  0.00000000000000000D+00  0.00000000000000000D+00
56 27  0.00000000000000000D+00  0.00000000000000000D+00  0.00000000000000000D+00  0.00000000000000000D+00  0.00000000000000000D+00
56 28  0.00000000000000000D+00  0.00000000000000000D+00  0.00000000000000000D+00  0.00000000000000000D+00  0.00000000000000000D+00
56 29  0.00000000000000000D+00  0.00000000000000000D+00  0.00000000000000000D+00  0.00000000000000000D+00  0.00000000000000000D+00
56 30  0.00000000000000000D+00  0.00000000000000000D+00  0.00000000000000000D+00  0.00000000000000000D+00  0.00000000000000000D+00
56 31  0.00000000000000000D+00  0.00000000000000000D+00  0.00000000000000000D+00  0.00000000000000000D+00  0.00000000000000000D+00
56 32  0.00000000000000000D+00  0.00000000000000000D+00  0.00000000000000000D+00  0.00000000000000000D+00  0.00000000000000000D+00
56 33  0.00000000000000000D+00  0.00000000000000000D+00  0.00000000000000000D+00
57  1  0.00000000000000000D+00  0.00000000000000000D+00  0.00000000000000000D+00  0.00000000000000000D+00  0.00000000000000000D+00
57  2  0.00000000000000000D+00  0.00000000000000000D+00  0.00000000000000000D+00  0.00000000000000000D+00  0.00000000000000000D+00
57  3  0.00000000000000000D+00  0.00000000000000000D+00  0.00000000000000000D+00  0.00000000000000000D+00  0.00000000000000000D+00
57  4  0.00000000000000000D+00  0.00000000000000000D+00  0.00000000000000000D+00  0.00000000000000000D+00  0.00000000000000000D+00
57  5  0.00000000000000000D+00  0.00000000000000000D+00  0.00000000000000000D+00  0.00000000000000000D+00  0.00000000000000000D+00
57  6  0.00000000000000000D+00  0.00000000000000000D+00  0.00000000000000000D+00  0.00000000000000000D+00  0.00000000000000000D+00
57  7  0.00000000000000000D+00  0.00000000000000000D+00  0.00000000000000000D+00  0.00000000000000000D+00  0.00000000000000000D+00
57  8  0.00000000000000000D+00  0.00000000000000000D+00  0.00000000000000000D+00  0.00000000000000000D+00  0.00000000000000000D+00
57  9  0.00000000000000000D+00  0.00000000000000000D+00  0.00000000000000000D+00  0.00000000000000000D+00  0.00000000000000000D+00
57 10  0.00000000000000000D+00  0.00000000000000000D+00  0.00000000000000000D+00  0.00000000000000000D+00  0.00000000000000000D+00
57 11  0.00000000000000000D+00  0.00000000000000000D+00  0.00000000000000000D+00  0.00000000000000000D+00  0.00000000000000000D+00
57 12  0.00000000000000000D+00  0.00000000000000000D+00  0.00000000000000000D+00  0.00000000000000000D+00  0.00000000000000000D+00
57 13  0.00000000000000000D+00  0.00000000000000000D+00  0.00000000000000000D+00  0.00000000000000000D+00  0.00000000000000000D+00
57 14  0.00000000000000000D+00  0.00000000000000000D+00  0.00000000000000000D+00  0.00000000000000000D+00  4.47213595500004200D-01
57 15  4.47213595499866100D-01  4.47213595500001100D-01  0.00000000000000000D+00  0.00000000000000000D+00  0.00000000000000000D+00
57 16  0.00000000000000000D+00  0.00000000000000000D+00  0.00000000000000000D+00  0.00000000000000000D+00  0.00000000000000000D+00
57 17  0.00000000000000000D+00  0.00000000000000000D+00  0.00000000000000000D+00  0.00000000000000000D+00  0.00000000000000000D+00
57 18  0.00000000000000000D+00  0.00000000000000000D+00  0.00000000000000000D+00  0.00000000000000000D+00  0.00000000000000000D+00
57 19  0.00000000000000000D+00  0.00000000000000000D+00  0.00000000000000000D+00  0.00000000000000000D+00  0.00000000000000000D+00
57 20  0.00000000000000000D+00  0.00000000000000000D+00  0.00000000000000000D+00  0.00000000000000000D+00  0.00000000000000000D+00
57 21  0.00000000000000000D+00  0.00000000000000000D+00  0.00000000000000000D+00  0.00000000000000000D+00  0.00000000000000000D+00
57 22  0.00000000000000000D+00  0.00000000000000000D+00  0.00000000000000000D+00  0.00000000000000000D+00  0.00000000000000000D+00
57 23  0.00000000000000000D+00  0.00000000000000000D+00  0.00000000000000000D+00  0.00000000000000000D+00  0.00000000000000000D+00
57 24  0.00000000000000000D+00  0.00000000000000000D+00  0.00000000000000000D+00  0.00000000000000000D+00  0.00000000000000000D+00
57 25  0.00000000000000000D+00  0.00000000000000000D+00  0.00000000000000000D+00  0.00000000000000000D+00  0.00000000000000000D+00
57 26  0.00000000000000000D+00  0.00000000000000000D+00  0.00000000000000000D+00  0.00000000000000000D+00  0.00000000000000000D+00
57 27  0.00000000000000000D+00  0.00000000000000000D+00  0.00000000000000000D+00  0.00000000000000000D+00  0.00000000000000000D+00
57 28  0.00000000000000000D+00  0.00000000000000000D+00  0.00000000000000000D+00  0.00000000000000000D+00  0.00000000000000000D+00
57 29  0.00000000000000000D+00  0.00000000000000000D+00  0.00000000000000000D+00  0.00000000000000000D+00  0.00000000000000000D+00
57 30  0.00000000000000000D+00  0.00000000000000000D+00  0.00000000000000000D+00  0.00000000000000000D+00  0.00000000000000000D+00
57 31  0.00000000000000000D+00  0.00000000000000000D+00  0.00000000000000000D+00  0.00000000000000000D+00  0.00000000000000000D+00
57 32  0.00000000000000000D+00  0.00000000000000000D+00  0.00000000000000000D+00  0.00000000000000000D+00  0.00000000000000000D+00
57 33  0.00000000000000000D+00  0.00000000000000000D+00  0.00000000000000000D+00
58  1  0.00000000000000000D+00  0.00000000000000000D+00  0.00000000000000000D+00  0.00000000000000000D+00  0.00000000000000000D+00
58  2  0.00000000000000000D+00  0.00000000000000000D+00  0.00000000000000000D+00  0.00000000000000000D+00  0.00000000000000000D+00
58  3  0.00000000000000000D+00  0.00000000000000000D+00  0.00000000000000000D+00  0.00000000000000000D+00  0.00000000000000000D+00
58  4  0.00000000000000000D+00  0.00000000000000000D+00  0.00000000000000000D+00  0.00000000000000000D+00  0.00000000000000000D+00
58  5  0.00000000000000000D+00  0.00000000000000000D+00  0.00000000000000000D+00  0.00000000000000000D+00  0.00000000000000000D+00
58  6  0.00000000000000000D+00  0.00000000000000000D+00  0.00000000000000000D+00  0.00000000000000000D+00  0.00000000000000000D+00
58  7  0.00000000000000000D+00  0.00000000000000000D+00  0.00000000000000000D+00  0.00000000000000000D+00  0.00000000000000000D+00
58  8  0.00000000000000000D+00  0.00000000000000000D+00  0.00000000000000000D+00  0.00000000000000000D+00  0.00000000000000000D+00
58  9  0.00000000000000000D+00  0.00000000000000000D+00  0.00000000000000000D+00  0.00000000000000000D+00 -4.47213595500109100D-01
58 10 -4.47213595499767300D-01 -4.47213595499994200D-01  0.00000000000000000D+00  0.00000000000000000D+00  0.00000000000000000D+00
58 11  0.00000000000000000D+00  0.00000000000000000D+00  0.00000000000000000D+00  0.00000000000000000D+00  0.00000000000000000D+00
58 12  0.00000000000000000D+00  0.00000000000000000D+00  0.00000000000000000D+00  0.00000000000000000D+00  0.00000000000000000D+00
58 13  0.00000000000000000D+00  0.00000000000000000D+00  0.00000000000000000D+00  0.00000000000000000D+00  0.00000000000000000D+00
58 14  0.00000000000000000D+00  0.00000000000000000D+00  0.00000000000000000D+00  0.00000000000000000D+00  0.00000000000000000D+00
58 15  0.00000000000000000D+00  0.00000000000000000D+00  0.00000000000000000D+00  0.00000000000000000D+00  0.00000000000000000D+00
58 16  0.00000000000000000D+00  0.00000000000000000D+00  0.00000000000000000D+00  0.00000000000000000D+00  0.00000000000000000D+00
58 17  0.00000000000000000D+00  0.00000000000000000D+00  0.00000000000000000D+00  0.00000000000000000D+00  0.00000000000000000D+00
58 18  0.00000000000000000D+00  0.00000000000000000D+00  0.00000000000000000D+00  0.00000000000000000D+00  0.00000000000000000D+00
58 19  0.00000000000000000D+00  0.00000000000000000D+00  0.00000000000000000D+00  0.00000000000000000D+00  0.00000000000000000D+00
58 20  0.00000000000000000D+00  0.00000000000000000D+00  0.00000000000000000D+00  0.00000000000000000D+00  0.00000000000000000D+00
58 21  0.00000000000000000D+00  0.00000000000000000D+00  0.00000000000000000D+00  0.00000000000000000D+00  0.00000000000000000D+00
58 22  0.00000000000000000D+00  0.00000000000000000D+00  0.00000000000000000D+00  0.00000000000000000D+00  0.00000000000000000D+00
58 23  0.00000000000000000D+00  0.00000000000000000D+00  0.00000000000000000D+00  0.00000000000000000D+00  0.00000000000000000D+00
58 24  0.00000000000000000D+00  0.00000000000000000D+00  0.00000000000000000D+00  0.00000000000000000D+00  0.00000000000000000D+00
58 25  0.00000000000000000D+00  0.00000000000000000D+00  0.00000000000000000D+00  0.00000000000000000D+00  0.00000000000000000D+00
58 26  0.00000000000000000D+00  0.00000000000000000D+00  0.00000000000000000D+00  0.00000000000000000D+00  0.00000000000000000D+00
58 27  0.00000000000000000D+00  0.00000000000000000D+00  0.00000000000000000D+00  0.00000000000000000D+00  0.00000000000000000D+00
58 28  0.00000000000000000D+00  0.00000000000000000D+00  0.00000000000000000D+00  0.00000000000000000D+00  0.00000000000000000D+00
58 29  0.00000000000000000D+00  0.00000000000000000D+00  0.00000000000000000D+00  0.00000000000000000D+00  0.00000000000000000D+00
58 30  0.00000000000000000D+00  0.00000000000000000D+00  0.00000000000000000D+00  0.00000000000000000D+00  0.00000000000000000D+00
58 31  0.00000000000000000D+00  0.00000000000000000D+00  0.00000000000000000D+00  0.00000000000000000D+00  0.00000000000000000D+00
58 32  0.00000000000000000D+00  0.00000000000000000D+00  0.00000000000000000D+00  0.00000000000000000D+00  0.00000000000000000D+00
58 33  0.00000000000000000D+00  0.00000000000000000D+00  0.00000000000000000D+00
59  1  0.00000000000000000D+00  0.00000000000000000D+00  0.00000000000000000D+00  0.00000000000000000D+00  0.00000000000000000D+00
59  2  0.00000000000000000D+00  0.00000000000000000D+00  0.00000000000000000D+00  0.00000000000000000D+00  0.00000000000000000D+00
59  3  0.00000000000000000D+00  0.00000000000000000D+00  0.00000000000000000D+00  0.00000000000000000D+00  0.00000000000000000D+00
59  4  0.00000000000000000D+00  0.00000000000000000D+00  0.00000000000000000D+00  0.00000000000000000D+00  0.00000000000000000D+00
59  5  0.00000000000000000D+00  0.00000000000000000D+00  0.00000000000000000D+00  0.00000000000000000D+00  0.00000000000000000D+00
59  6  0.00000000000000000D+00  0.00000000000000000D+00  0.00000000000000000D+00  0.00000000000000000D+00  0.00000000000000000D+00
59  7  0.00000000000000000D+00  0.00000000000000000D+00  0.00000000000000000D+00  0.00000000000000000D+00  0.00000000000000000D+00
59  8  0.00000000000000000D+00  0.00000000000000000D+00  0.00000000000000000D+00  0.00000000000000000D+00  0.00000000000000000D+00
59  9  0.00000000000000000D+00  0.00000000000000000D+00  0.00000000000000000D+00  0.00000000000000000D+00  0.00000000000000000D+00
59 10  0.00000000000000000D+00  0.00000000000000000D+00  0.00000000000000000D+00  0.00000000000000000D+00  0.00000000000000000D+00
59 11  0.00000000000000000D+00  0.00000000000000000D+00  0.00000000000000000D+00  0.00000000000000000D+00  0.00000000000000000D+00
59 12  0.00000000000000000D+00  0.00000000000000000D+00  0.00000000000000000D+00  0.00000000000000000D+00  0.00000000000000000D+00
59 13  0.00000000000000000D+00  0.00000000000000000D+00  0.00000000000000000D+00  0.00000000000000000D+00  0.00000000000000000D+00
59 14  0.00000000000000000D+00  0.00000000000000000D+00  0.00000000000000000D+00  0.00000000000000000D+00  0.00000000000000000D+00
59 15  0.00000000000000000D+00  0.00000000000000000D+00  0.00000000000000000D+00  0.00000000000000000D+00  0.00000000000000000D+00
59 16  0.00000000000000000D+00  0.00000000000000000D+00  0.00000000000000000D+00  0.00000000000000000D+00  0.00000000000000000D+00
59 17  0.00000000000000000D+00  0.00000000000000000D+00  0.00000000000000000D+00  0.00000000000000000D+00  0.00000000000000000D+00
59 18  0.00000000000000000D+00  0.00000000000000000D+00  0.00000000000000000D+00  0.00000000000000000D+00  0.00000000000000000D+00
59 19  0.00000000000000000D+00  0.00000000000000000D+00  0.00000000000000000D+00  0.00000000000000000D+00  0.00000000000000000D+00
59 20  0.00000000000000000D+00  0.00000000000000000D+00  0.00000000000000000D+00  0.00000000000000000D+00  0.00000000000000000D+00
59 21  0.00000000000000000D+00  0.00000000000000000D+00  0.00000000000000000D+00  0.00000000000000000D+00  0.00000000000000000D+00
59 22  0.00000000000000000D+00  0.00000000000000000D+00  0.00000000000000000D+00  0.00000000000000000D+00  0.00000000000000000D+00
59 23  0.00000000000000000D+00  0.00000000000000000D+00  0.00000000000000000D+00  0.00000000000000000D+00  0.00000000000000000D+00
59 24  0.00000000000000000D+00  0.00000000000000000D+00  0.00000000000000000D+00  0.00000000000000000D+00  0.00000000000000000D+00
59 25  0.00000000000000000D+00  0.00000000000000000D+00  0.00000000000000000D+00  0.00000000000000000D+00  0.00000000000000000D+00
59 26  0.00000000000000000D+00  0.00000000000000000D+00  0.00000000000000000D+00  0.00000000000000000D+00  0.00000000000000000D+00
59 27  0.00000000000000000D+00  0.00000000000000000D+00  0.00000000000000000D+00  0.00000000000000000D+00  0.00000000000000000D+00
59 28  0.00000000000000000D+00  0.00000000000000000D+00  0.00000000000000000D+00  0.00000000000000000D+00  0.00000000000000000D+00
59 29  0.00000000000000000D+00  0.00000000000000000D+00  0.00000000000000000D+00  0.00000000000000000D+00  0.00000000000000000D+00
59 30  0.00000000000000000D+00  0.00000000000000000D+00  0.00000000000000000D+00  0.00000000000000000D+00  0.00000000000000000D+00
59 31  0.00000000000000000D+00  0.00000000000000000D+00  0.00000000000000000D+00  0.00000000000000000D+00  0.00000000000000000D+00
59 32  0.00000000000000000D+00  0.00000000000000000D+00 -4.47213595499956800D-01 -4.47213595499956900D-01 -4.47213595499956800D-01
59 33  0.00000000000000000D+00  0.00000000000000000D+00  0.00000000000000000D+00
60  1  0.00000000000000000D+00  0.00000000000000000D+00  0.00000000000000000D+00  0.00000000000000000D+00  0.00000000000000000D+00
60  2  0.00000000000000000D+00  0.00000000000000000D+00  0.00000000000000000D+00  0.00000000000000000D+00  0.00000000000000000D+00
60  3  0.00000000000000000D+00  0.00000000000000000D+00  0.00000000000000000D+00  4.47213595499956600D-01  4.47213595499957200D-01
60  4  4.47213595499956000D-01  0.00000000000000000D+00  0.00000000000000000D+00  0.00000000000000000D+00  0.00000000000000000D+00
60  5  0.00000000000000000D+00  0.00000000000000000D+00  0.00000000000000000D+00  0.00000000000000000D+00  0.00000000000000000D+00
60  6  0.00000000000000000D+00  0.00000000000000000D+00  0.00000000000000000D+00  0.00000000000000000D+00  0.00000000000000000D+00
60  7  0.00000000000000000D+00  0.00000000000000000D+00  0.00000000000000000D+00  0.00000000000000000D+00  0.00000000000000000D+00
60  8  0.00000000000000000D+00  0.00000000000000000D+00  0.00000000000000000D+00  0.00000000000000000D+00  0.00000000000000000D+00
60  9  0.00000000000000000D+00  0.00000000000000000D+00  0.00000000000000000D+00  0.00000000000000000D+00  0.00000000000000000D+00
60 10  0.00000000000000000D+00  0.00000000000000000D+00  0.00000000000000000D+00  0.00000000000000000D+00  0.00000000000000000D+00
60 11  0.00000000000000000D+00  0.00000000000000000D+00  0.00000000000000000D+00  0.00000000000000000D+00  0.00000000000000000D+00
60 12  0.00000000000000000D+00  0.00000000000000000D+00  0.00000000000000000D+00  0.00000000000000000D+00  0.00000000000000000D+00
60 13  0.00000000000000000D+00  0.00000000000000000D+00  0.00000000000000000D+00  0.00000000000000000D+00  0.00000000000000000D+00
60 14  0.00000000000000000D+00  0.00000000000000000D+00  0.00000000000000000D+00  0.00000000000000000D+00  0.00000000000000000D+00
60 15  0.00000000000000000D+00  0.00000000000000000D+00  0.00000000000000000D+00  0.00000000000000000D+00  0.00000000000000000D+00
60 16  0.00000000000000000D+00  0.00000000000000000D+00  0.00000000000000000D+00  0.00000000000000000D+00  0.00000000000000000D+00
60 17  0.00000000000000000D+00  0.00000000000000000D+00  0.00000000000000000D+00  0.00000000000000000D+00  0.00000000000000000D+00
60 18  0.00000000000000000D+00  0.00000000000000000D+00  0.00000000000000000D+00  0.00000000000000000D+00  0.00000000000000000D+00
60 19  0.00000000000000000D+00  0.00000000000000000D+00  0.00000000000000000D+00  0.00000000000000000D+00  0.00000000000000000D+00
60 20  0.00000000000000000D+00  0.00000000000000000D+00  0.00000000000000000D+00  0.00000000000000000D+00  0.00000000000000000D+00
60 21  0.00000000000000000D+00  0.00000000000000000D+00  0.00000000000000000D+00  0.00000000000000000D+00  0.00000000000000000D+00
60 22  0.00000000000000000D+00  0.00000000000000000D+00  0.00000000000000000D+00  0.00000000000000000D+00  0.00000000000000000D+00
60 23  0.00000000000000000D+00  0.00000000000000000D+00  0.00000000000000000D+00  0.00000000000000000D+00  0.00000000000000000D+00
60 24  0.00000000000000000D+00  0.00000000000000000D+00  0.00000000000000000D+00  0.00000000000000000D+00  0.00000000000000000D+00
60 25  0.00000000000000000D+00  0.00000000000000000D+00  0.00000000000000000D+00  0.00000000000000000D+00  0.00000000000000000D+00
60 26  0.00000000000000000D+00  0.00000000000000000D+00  0.00000000000000000D+00  0.00000000000000000D+00  0.00000000000000000D+00
60 27  0.00000000000000000D+00  0.00000000000000000D+00  0.00000000000000000D+00  0.00000000000000000D+00  0.00000000000000000D+00
60 28  0.00000000000000000D+00  0.00000000000000000D+00  0.00000000000000000D+00  0.00000000000000000D+00  0.00000000000000000D+00
60 29  0.00000000000000000D+00  0.00000000000000000D+00  0.00000000000000000D+00  0.00000000000000000D+00  0.00000000000000000D+00
60 30  0.00000000000000000D+00  0.00000000000000000D+00  0.00000000000000000D+00  0.00000000000000000D+00  0.00000000000000000D+00
60 31  0.00000000000000000D+00  0.00000000000000000D+00  0.00000000000000000D+00  0.00000000000000000D+00  0.00000000000000000D+00
60 32  0.00000000000000000D+00  0.00000000000000000D+00  0.00000000000000000D+00  0.00000000000000000D+00  0.00000000000000000D+00
60 33  0.00000000000000000D+00  0.00000000000000000D+00  0.00000000000000000D+00
61  1  0.00000000000000000D+00  0.00000000000000000D+00  0.00000000000000000D+00  0.00000000000000000D+00  0.00000000000000000D+00
61  2  0.00000000000000000D+00  0.00000000000000000D+00  0.00000000000000000D+00  0.00000000000000000D+00  0.00000000000000000D+00
61  3  0.00000000000000000D+00  0.00000000000000000D+00  0.00000000000000000D+00  0.00000000000000000D+00  0.00000000000000000D+00
61  4  0.00000000000000000D+00  0.00000000000000000D+00  0.00000000000000000D+00  0.00000000000000000D+00  0.00000000000000000D+00
61  5  0.00000000000000000D+00  0.00000000000000000D+00  0.00000000000000000D+00  0.00000000000000000D+00  0.00000000000000000D+00
61  6  0.00000000000000000D+00  0.00000000000000000D+00  0.00000000000000000D+00  0.00000000000000000D+00  0.00000000000000000D+00
61  7  0.00000000000000000D+00  0.00000000000000000D+00  0.00000000000000000D+00  0.00000000000000000D+00  0.00000000000000000D+00
61  8  0.00000000000000000D+00  0.00000000000000000D+00  0.00000000000000000D+00  0.00000000000000000D+00  0.00000000000000000D+00
61  9  0.00000000000000000D+00  0.00000000000000000D+00  0.00000000000000000D+00  0.00000000000000000D+00  0.00000000000000000D+00
61 10  0.00000000000000000D+00  0.00000000000000000D+00  0.00000000000000000D+00  0.00000000000000000D+00  0.00000000000000000D+00
61 11  0.00000000000000000D+00  0.00000000000000000D+00  0.00000000000000000D+00  0.00000000000000000D+00  0.00000000000000000D+00
61 12  0.00000000000000000D+00  0.00000000000000000D+00  0.00000000000000000D+00  0.00000000000000000D+00  0.00000000000000000D+00
61 13  0.00000000000000000D+00  0.00000000000000000D+00  0.00000000000000000D+00 -4.47213595499951400D-01 -4.47213595499954600D-01
61 14 -4.47213595499964000D-01  0.00000000000000000D+00  0.00000000000000000D+00  0.00000000000000000D+00  0.00000000000000000D+00
61 15  0.00000000000000000D+00  0.00000000000000000D+00  0.00000000000000000D+00  0.00000000000000000D+00  0.00000000000000000D+00
61 16  0.00000000000000000D+00  0.00000000000000000D+00  0.00000000000000000D+00  0.00000000000000000D+00  0.00000000000000000D+00
61 17  0.00000000000000000D+00  0.00000000000000000D+00  0.00000000000000000D+00  0.00000000000000000D+00  0.00000000000000000D+00
61 18  0.00000000000000000D+00  0.00000000000000000D+00  0.00000000000000000D+00  0.00000000000000000D+00  0.00000000000000000D+00
61 19  0.00000000000000000D+00  0.00000000000000000D+00  0.00000000000000000D+00  0.00000000000000000D+00  0.00000000000000000D+00
61 20  0.00000000000000000D+00  0.00000000000000000D+00  0.00000000000000000D+00  0.00000000000000000D+00  0.00000000000000000D+00
61 21  0.00000000000000000D+00  0.00000000000000000D+00  0.00000000000000000D+00  0.00000000000000000D+00  0.00000000000000000D+00
61 22  0.00000000000000000D+00  0.00000000000000000D+00  0.00000000000000000D+00  0.00000000000000000D+00  0.00000000000000000D+00
61 23  0.00000000000000000D+00  0.00000000000000000D+00  0.00000000000000000D+00  0.00000000000000000D+00  0.00000000000000000D+00
61 24  0.00000000000000000D+00  0.00000000000000000D+00  0.00000000000000000D+00  0.00000000000000000D+00  0.00000000000000000D+00
61 25  0.00000000000000000D+00  0.00000000000000000D+00  0.00000000000000000D+00  0.00000000000000000D+00  0.00000000000000000D+00
61 26  0.00000000000000000D+00  0.00000000000000000D+00  0.00000000000000000D+00  0.00000000000000000D+00  0.00000000000000000D+00
61 27  0.00000000000000000D+00  0.00000000000000000D+00  0.00000000000000000D+00  0.00000000000000000D+00  0.00000000000000000D+00
61 28  0.00000000000000000D+00  0.00000000000000000D+00  0.00000000000000000D+00  0.00000000000000000D+00  0.00000000000000000D+00
61 29  0.00000000000000000D+00  0.00000000000000000D+00  0.00000000000000000D+00  0.00000000000000000D+00  0.00000000000000000D+00
61 30  0.00000000000000000D+00  0.00000000000000000D+00  0.00000000000000000D+00  0.00000000000000000D+00  0.00000000000000000D+00
61 31  0.00000000000000000D+00  0.00000000000000000D+00  0.00000000000000000D+00  0.00000000000000000D+00  0.00000000000000000D+00
61 32  0.00000000000000000D+00  0.00000000000000000D+00  0.00000000000000000D+00  0.00000000000000000D+00  0.00000000000000000D+00
61 33  0.00000000000000000D+00  0.00000000000000000D+00  0.00000000000000000D+00
62  1  0.00000000000000000D+00  0.00000000000000000D+00  0.00000000000000000D+00  0.00000000000000000D+00  0.00000000000000000D+00
62  2  0.00000000000000000D+00  0.00000000000000000D+00  0.00000000000000000D+00  0.00000000000000000D+00  0.00000000000000000D+00
62  3  0.00000000000000000D+00  0.00000000000000000D+00  0.00000000000000000D+00  0.00000000000000000D+00  0.00000000000000000D+00
62  4  0.00000000000000000D+00  0.00000000000000000D+00  0.00000000000000000D+00  0.00000000000000000D+00  0.00000000000000000D+00
62  5  0.00000000000000000D+00  0.00000000000000000D+00  0.00000000000000000D+00  0.00000000000000000D+00  0.00000000000000000D+00
62  6  0.00000000000000000D+00  0.00000000000000000D+00  0.00000000000000000D+00  0.00000000000000000D+00  0.00000000000000000D+00
62  7  0.00000000000000000D+00  0.00000000000000000D+00  0.00000000000000000D+00  0.00000000000000000D+00  0.00000000000000000D+00
62  8  0.00000000000000000D+00  0.00000000000000000D+00  0.00000000000000000D+00 -4.47213595499964500D-01 -4.47213595499955000D-01
62  9 -4.47213595499951500D-01  0.00000000000000000D+00  0.00000000000000000D+00  0.00000000000000000D+00  0.00000000000000000D+00
62 10  0.00000000000000000D+00  0.00000000000000000D+00  0.00000000000000000D+00  0.00000000000000000D+00  0.00000000000000000D+00
62 11  0.00000000000000000D+00  0.00000000000000000D+00  0.00000000000000000D+00  0.00000000000000000D+00  0.00000000000000000D+00
62 12  0.00000000000000000D+00  0.00000000000000000D+00  0.00000000000000000D+00  0.00000000000000000D+00  0.00000000000000000D+00
62 13  0.00000000000000000D+00  0.00000000000000000D+00  0.00000000000000000D+00  0.00000000000000000D+00  0.00000000000000000D+00
62 14  0.00000000000000000D+00  0.00000000000000000D+00  0.00000000000000000D+00  0.00000000000000000D+00  0.00000000000000000D+00
62 15  0.00000000000000000D+00  0.00000000000000000D+00  0.00000000000000000D+00  0.00000000000000000D+00  0.00000000000000000D+00
62 16  0.00000000000000000D+00  0.00000000000000000D+00  0.00000000000000000D+00  0.00000000000000000D+00  0.00000000000000000D+00
62 17  0.00000000000000000D+00  0.00000000000000000D+00  0.00000000000000000D+00  0.00000000000000000D+00  0.00000000000000000D+00
62 18  0.00000000000000000D+00  0.00000000000000000D+00  0.00000000000000000D+00  0.00000000000000000D+00  0.00000000000000000D+00
62 19  0.00000000000000000D+00  0.00000000000000000D+00  0.00000000000000000D+00  0.00000000000000000D+00  0.00000000000000000D+00
62 20  0.00000000000000000D+00  0.00000000000000000D+00  0.00000000000000000D+00  0.00000000000000000D+00  0.00000000000000000D+00
62 21  0.00000000000000000D+00  0.00000000000000000D+00  0.00000000000000000D+00  0.00000000000000000D+00  0.00000000000000000D+00
62 22  0.00000000000000000D+00  0.00000000000000000D+00  0.00000000000000000D+00  0.00000000000000000D+00  0.00000000000000000D+00
62 23  0.00000000000000000D+00  0.00000000000000000D+00  0.00000000000000000D+00  0.00000000000000000D+00  0.00000000000000000D+00
62 24  0.00000000000000000D+00  0.00000000000000000D+00  0.00000000000000000D+00  0.00000000000000000D+00  0.00000000000000000D+00
62 25  0.00000000000000000D+00  0.00000000000000000D+00  0.00000000000000000D+00  0.00000000000000000D+00  0.00000000000000000D+00
62 26  0.00000000000000000D+00  0.00000000000000000D+00  0.00000000000000000D+00  0.00000000000000000D+00  0.00000000000000000D+00
62 27  0.00000000000000000D+00  0.00000000000000000D+00  0.00000000000000000D+00  0.00000000000000000D+00  0.00000000000000000D+00
62 28  0.00000000000000000D+00  0.00000000000000000D+00  0.00000000000000000D+00  0.00000000000000000D+00  0.00000000000000000D+00
62 29  0.00000000000000000D+00  0.00000000000000000D+00  0.00000000000000000D+00  0.00000000000000000D+00  0.00000000000000000D+00
62 30  0.00000000000000000D+00  0.00000000000000000D+00  0.00000000000000000D+00  0.00000000000000000D+00  0.00000000000000000D+00
62 31  0.00000000000000000D+00  0.00000000000000000D+00  0.00000000000000000D+00  0.00000000000000000D+00  0.00000000000000000D+00
62 32  0.00000000000000000D+00  0.00000000000000000D+00  0.00000000000000000D+00  0.00000000000000000D+00  0.00000000000000000D+00
62 33  0.00000000000000000D+00  0.00000000000000000D+00  0.00000000000000000D+00
63  1  0.00000000000000000D+00  0.00000000000000000D+00  0.00000000000000000D+00  0.00000000000000000D+00  0.00000000000000000D+00
63  2  0.00000000000000000D+00  0.00000000000000000D+00  0.00000000000000000D+00  0.00000000000000000D+00  0.00000000000000000D+00
63  3  0.00000000000000000D+00  0.00000000000000000D+00  0.00000000000000000D+00  0.00000000000000000D+00  0.00000000000000000D+00
63  4  0.00000000000000000D+00  0.00000000000000000D+00  0.00000000000000000D+00  0.00000000000000000D+00  0.00000000000000000D+00
63  5  0.00000000000000000D+00  0.00000000000000000D+00  0.00000000000000000D+00  0.00000000000000000D+00  0.00000000000000000D+00
63  6  0.00000000000000000D+00  0.00000000000000000D+00  0.00000000000000000D+00  0.00000000000000000D+00  0.00000000000000000D+00
63  7  0.00000000000000000D+00  0.00000000000000000D+00  0.00000000000000000D+00  0.00000000000000000D+00  0.00000000000000000D+00
63  8  0.00000000000000000D+00  0.00000000000000000D+00  0.00000000000000000D+00  0.00000000000000000D+00  0.00000000000000000D+00
63  9  0.00000000000000000D+00  0.00000000000000000D+00  0.00000000000000000D+00  0.00000000000000000D+00  0.00000000000000000D+00
63 10  0.00000000000000000D+00  0.00000000000000000D+00  0.00000000000000000D+00  0.00000000000000000D+00  0.00000000000000000D+00
63 11  0.00000000000000000D+00  0.00000000000000000D+00  0.00000000000000000D+00  0.00000000000000000D+00  0.00000000000000000D+00
63 12  0.00000000000000000D+00  0.00000000000000000D+00  0.00000000000000000D+00  0.00000000000000000D+00  0.00000000000000000D+00
63 13  0.00000000000000000D+00  0.00000000000000000D+00  0.00000000000000000D+00  0.00000000000000000D+00  0.00000000000000000D+00
63 14  0.00000000000000000D+00  0.00000000000000000D+00  0.00000000000000000D+00  0.00000000000000000D+00  0.00000000000000000D+00
63 15  0.00000000000000000D+00  0.00000000000000000D+00  0.00000000000000000D+00  0.00000000000000000D+00  0.00000000000000000D+00
63 16  0.00000000000000000D+00  0.00000000000000000D+00  0.00000000000000000D+00  0.00000000000000000D+00  0.00000000000000000D+00
63 17  0.00000000000000000D+00  0.00000000000000000D+00  0.00000000000000000D+00  0.00000000000000000D+00  0.00000000000000000D+00
63 18  0.00000000000000000D+00  0.00000000000000000D+00  0.00000000000000000D+00  0.00000000000000000D+00  0.00000000000000000D+00
63 19  0.00000000000000000D+00  0.00000000000000000D+00  0.00000000000000000D+00  0.00000000000000000D+00  0.00000000000000000D+00
63 20  0.00000000000000000D+00  0.00000000000000000D+00  0.00000000000000000D+00  0.00000000000000000D+00  0.00000000000000000D+00
63 21  0.00000000000000000D+00  0.00000000000000000D+00  0.00000000000000000D+00  0.00000000000000000D+00  0.00000000000000000D+00
63 22  0.00000000000000000D+00  0.00000000000000000D+00  0.00000000000000000D+00  0.00000000000000000D+00  0.00000000000000000D+00
63 23  0.00000000000000000D+00  0.00000000000000000D+00  0.00000000000000000D+00  0.00000000000000000D+00  0.00000000000000000D+00
63 24  0.00000000000000000D+00  0.00000000000000000D+00  0.00000000000000000D+00  0.00000000000000000D+00  0.00000000000000000D+00
63 25  0.00000000000000000D+00  0.00000000000000000D+00  0.00000000000000000D+00  0.00000000000000000D+00  0.00000000000000000D+00
63 26  0.00000000000000000D+00  0.00000000000000000D+00  0.00000000000000000D+00  0.00000000000000000D+00  0.00000000000000000D+00
63 27  0.00000000000000000D+00  0.00000000000000000D+00  0.00000000000000000D+00  0.00000000000000000D+00  0.00000000000000000D+00
63 28  0.00000000000000000D+00  0.00000000000000000D+00  0.00000000000000000D+00  0.00000000000000000D+00  0.00000000000000000D+00
63 29  0.00000000000000000D+00  0.00000000000000000D+00  0.00000000000000000D+00  0.00000000000000000D+00  0.00000000000000000D+00
63 30  0.00000000000000000D+00  0.00000000000000000D+00  0.00000000000000000D+00  0.00000000000000000D+00  0.00000000000000000D+00
63 31  0.00000000000000000D+00  4.47213595499956500D-01  4.47213595499956900D-01  4.47213595499958000D-01  0.00000000000000000D+00
63 32  0.00000000000000000D+00  0.00000000000000000D+00  0.00000000000000000D+00  0.00000000000000000D+00  0.00000000000000000D+00
63 33  0.00000000000000000D+00  0.00000000000000000D+00  0.00000000000000000D+00
 $END
 POPULATION ANALYSIS
C            5.04126   0.95874   5.96778   0.03222
C            5.33952   0.66048   6.10275  -0.10275
C            4.61902   1.38098   5.95802   0.04198
H            1.26466  -0.26466   0.96784   0.03216
H            1.21912  -0.21912   0.97032   0.02968
H            1.40675  -0.40675   0.96473   0.03527
H            1.68962  -0.68962   0.92767   0.07233
H            1.88048  -0.88048   1.05057  -0.05057
H            1.50101  -0.50101   0.94299   0.05701
H            0.49538   0.50462   0.95201   0.04799
F            9.54318  -0.54318   9.19531  -0.19531
 MOMENTS AT POINT    1 X,Y,Z=  3.375676  7.159838 -3.958372
 DIPOLE      -2.868897  1.101090  2.009170
