source_file,calculation_group,calculation_type,status,R_A,state,energy_Ha,spin_S,multiplicity,alpha,beta,coefficient,weight,notes
new_runs/single_points_properties/outputs/lif_sp_R_1_30.out,single_points_properties,single_point,normal,1.300000,1,-106.940928693400,0.000,1.000,11100000000000000000000000000,11100000000000000000000000000,0.99177090,0.98360952,printed_ci_coefficient_threshold_from_output
new_runs/single_points_properties/outputs/lif_sp_R_1_30.out,single_points_properties,single_point,normal,1.300000,2,-106.660578391200,1.000,3.000,01110000000000000000000000000,11100000000000000000000000000,-0.49013760,0.24023487,printed_ci_coefficient_threshold_from_output
new_runs/single_points_properties/outputs/lif_sp_R_1_30.out,single_points_properties,single_point,normal,1.300000,2,-106.660578391200,1.000,3.000,11100000000000000000000000000,01110000000000000000000000000,0.49013760,0.24023487,printed_ci_coefficient_threshold_from_output
new_runs/single_points_properties/outputs/lif_sp_R_1_30.out,single_points_properties,single_point,normal,1.300000,2,-106.660578391200,1.000,3.000,01100001000000000000000000000,11100000000000000000000000000,-0.28853470,0.08325227,printed_ci_coefficient_threshold_from_output
new_runs/single_points_properties/outputs/lif_sp_R_1_30.out,single_points_properties,single_point,normal,1.300000,2,-106.660578391200,1.000,3.000,11100000000000000000000000000,01100001000000000000000000000,0.28853470,0.08325227,printed_ci_coefficient_threshold_from_output
new_runs/single_points_properties/outputs/lif_sp_R_1_30.out,single_points_properties,single_point,normal,1.300000,2,-106.660578391200,1.000,3.000,01100000001000000000000000000,11100000000000000000000000000,0.24411750,0.05959335,printed_ci_coefficient_threshold_from_output
new_runs/single_points_properties/outputs/lif_sp_R_1_30.out,single_points_properties,single_point,normal,1.300000,2,-106.660578391200,1.000,3.000,11100000000000000000000000000,01100000001000000000000000000,-0.24411750,0.05959335,printed_ci_coefficient_threshold_from_output
new_runs/single_points_properties/outputs/lif_sp_R_1_30.out,single_points_properties,single_point,normal,1.300000,2,-106.660578391200,1.000,3.000,01100010000000000000000000000,11100000000000000000000000000,0.23202620,0.05383616,printed_ci_coefficient_threshold_from_output
new_runs/single_points_properties/outputs/lif_sp_R_1_30.out,single_points_properties,single_point,normal,1.300000,2,-106.660578391200,1.000,3.000,11100000000000000000000000000,01100010000000000000000000000,-0.23202620,0.05383616,printed_ci_coefficient_threshold_from_output
new_runs/single_points_properties/outputs/lif_sp_R_1_30.out,single_points_properties,single_point,normal,1.300000,2,-106.660578391200,1.000,3.000,01100000000000001000000000000,11100000000000000000000000000,0.12006570,0.01441577,printed_ci_coefficient_threshold_from_output
new_runs/single_points_properties/outputs/lif_sp_R_1_30.out,single_points_properties,single_point,normal,1.300000,2,-106.660578391200,1.000,3.000,11100000000000000000000000000,01100000000000001000000000000,-0.12006570,0.01441577,printed_ci_coefficient_threshold_from_output
new_runs/single_points_properties/outputs/lif_sp_R_1_30.out,single_points_properties,single_point,normal,1.300000,2,-106.660578391200,1.000,3.000,01100000000000000001000000000,11100000000000000000000000000,0.08146720,0.00663690,printed_ci_coefficient_threshold_from_output
new_runs/single_points_properties/outputs/lif_sp_R_1_30.out,single_points_properties,single_point,normal,1.300000,2,-106.660578391200,1.000,3.000,11100000000000000000000000000,01100000000000000001000000000,-0.08146720,0.00663690,printed_ci_coefficient_threshold_from_output
new_runs/single_points_properties/outputs/lif_sp_R_1_30.out,single_points_properties,single_point,normal,1.300000,2,-106.660578391200,1.000,3.000,01100000000001000000000000000,11100000000000000000000000000,-0.05505500,0.00303105,printed_ci_coefficient_threshold_from_output
new_runs/single_points_properties/outputs/lif_sp_R_1_30.out,single_points_properties,single_point,normal,1.300000,2,-106.660578391200,1.000,3.000,11100000000000000000000000000,01100000000001000000000000000,0.05505500,0.00303105,printed_ci_coefficient_threshold_from_output
new_runs/single_points_properties/outputs/lif_sp_R_1_30.out,single_points_properties,single_point,normal,1.300000,2,-106.660578391200,1.000,3.000,01110000000000000000000000000,11000000000000000010000000000,0.05192970,0.00269669,printed_ci_coefficient_threshold_from_output
new_runs/single_points_properties/outputs/lif_sp_R_1_30.out,single_points_properties,single_point,normal,1.300000,2,-106.660578391200,1.000,3.000,01110000000000000000000000000,10100000000000000100000000000,-0.05192970,0.00269669,printed_ci_coefficient_threshold_from_output
new_runs/single_points_properties/outputs/lif_sp_R_1_30.out,single_points_properties,single_point,normal,1.300000,2,-106.660578391200,1.000,3.000,11000000000000000010000000000,01110000000000000000000000000,-0.05192970,0.00269669,printed_ci_coefficient_threshold_from_output
new_runs/single_points_properties/outputs/lif_sp_R_1_30.out,single_points_properties,single_point,normal,1.300000,2,-106.660578391200,1.000,3.000,10100000000000000100000000000,01110000000000000000000000000,0.05192970,0.00269669,printed_ci_coefficient_threshold_from_output
new_runs/single_points_properties/outputs/lif_sp_R_1_30.out,single_points_properties,single_point,normal,1.300000,3,-106.658587611400,0.000,1.000,11100000000000000000000000000,01110000000000000000000000000,-0.49635660,0.24636987,printed_ci_coefficient_threshold_from_output
new_runs/single_points_properties/outputs/lif_sp_R_1_30.out,single_points_properties,single_point,normal,1.300000,3,-106.658587611400,0.000,1.000,01110000000000000000000000000,11100000000000000000000000000,-0.49635660,0.24636987,printed_ci_coefficient_threshold_from_output
new_runs/single_points_properties/outputs/lif_sp_R_1_30.out,single_points_properties,single_point,normal,1.300000,3,-106.658587611400,0.000,1.000,11100000000000000000000000000,01100001000000000000000000000,-0.29154010,0.08499563,printed_ci_coefficient_threshold_from_output
new_runs/single_points_properties/outputs/lif_sp_R_1_30.out,single_points_properties,single_point,normal,1.300000,3,-106.658587611400,0.000,1.000,01100001000000000000000000000,11100000000000000000000000000,-0.29154010,0.08499563,printed_ci_coefficient_threshold_from_output
new_runs/single_points_properties/outputs/lif_sp_R_1_30.out,single_points_properties,single_point,normal,1.300000,3,-106.658587611400,0.000,1.000,11100000000000000000000000000,01100000001000000000000000000,0.23425570,0.05487573,printed_ci_coefficient_threshold_from_output
new_runs/single_points_properties/outputs/lif_sp_R_1_30.out,single_points_properties,single_point,normal,1.300000,3,-106.658587611400,0.000,1.000,01100000001000000000000000000,11100000000000000000000000000,0.23425570,0.05487573,printed_ci_coefficient_threshold_from_output
new_runs/single_points_properties/outputs/lif_sp_R_1_30.out,single_points_properties,single_point,normal,1.300000,3,-106.658587611400,0.000,1.000,11100000000000000000000000000,01100010000000000000000000000,0.23179710,0.05372990,printed_ci_coefficient_threshold_from_output
new_runs/single_points_properties/outputs/lif_sp_R_1_30.out,single_points_properties,single_point,normal,1.300000,3,-106.658587611400,0.000,1.000,01100010000000000000000000000,11100000000000000000000000000,0.23179710,0.05372990,printed_ci_coefficient_threshold_from_output
new_runs/single_points_properties/outputs/lif_sp_R_1_30.out,single_points_properties,single_point,normal,1.300000,3,-106.658587611400,0.000,1.000,11100000000000000000000000000,01100000000000001000000000000,0.11802670,0.01393030,printed_ci_coefficient_threshold_from_output
new_runs/single_points_properties/outputs/lif_sp_R_1_30.out,single_points_properties,single_point,normal,1.300000,3,-106.658587611400,0.000,1.000,01100000000000001000000000000,11100000000000000000000000000,0.11802670,0.01393030,printed_ci_coefficient_threshold_from_output
new_runs/single_points_properties/outputs/lif_sp_R_1_30.out,single_points_properties,single_point,normal,1.300000,3,-106.658587611400,0.000,1.000,11100000000000000000000000000,01100000000000000001000000000,0.07103640,0.00504617,printed_ci_coefficient_threshold_from_output
new_runs/single_points_properties/outputs/lif_sp_R_1_30.out,single_points_properties,single_point,normal,1.300000,3,-106.658587611400,0.000,1.000,01100000000000000001000000000,11100000000000000000000000000,0.07103640,0.00504617,printed_ci_coefficient_threshold_from_output
new_runs/single_points_properties/outputs/lif_sp_R_1_30.out,single_points_properties,single_point,normal,1.300000,3,-106.658587611400,0.000,1.000,11100000000000000000000000000,01100000000001000000000000000,-0.05832640,0.00340197,printed_ci_coefficient_threshold_from_output
new_runs/single_points_properties/outputs/lif_sp_R_1_30.out,single_points_properties,single_point,normal,1.300000,3,-106.658587611400,0.000,1.000,01100000000001000000000000000,11100000000000000000000000000,-0.05832640,0.00340197,printed_ci_coefficient_threshold_from_output
new_runs/single_points_properties/outputs/lif_sp_R_1_30.out,single_points_properties,single_point,normal,1.300000,3,-106.658587611400,0.000,1.000,11000000000000000010000000000,01110000000000000000000000000,0.05242810,0.00274871,printed_ci_coefficient_threshold_from_output
new_runs/single_points_properties/outputs/lif_sp_R_1_30.out,single_points_properties,single_point,normal,1.300000,3,-106.658587611400,0.000,1.000,10100000000000000100000000000,01110000000000000000000000000,-0.05242810,0.00274871,printed_ci_coefficient_threshold_from_output
new_runs/single_points_properties/outputs/lif_sp_R_1_30.out,single_points_properties,single_point,normal,1.300000,3,-106.658587611400,0.000,1.000,01110000000000000000000000000,11000000000000000010000000000,0.05242810,0.00274871,printed_ci_coefficient_threshold_from_output
new_runs/single_points_properties/outputs/lif_sp_R_1_30.out,single_points_properties,single_point,normal,1.300000,3,-106.658587611400,0.000,1.000,01110000000000000000000000000,10100000000000000100000000000,-0.05242810,0.00274871,printed_ci_coefficient_threshold_from_output
new_runs/single_points_properties/outputs/lif_sp_R_1_40.out,single_points_properties,single_point,normal,1.400000,1,-106.968001152700,0.000,1.000,11100000000000000000000000000,11100000000000000000000000000,0.99098590,0.98205305,printed_ci_coefficient_threshold_from_output
new_runs/single_points_properties/outputs/lif_sp_R_1_40.out,single_points_properties,single_point,normal,1.400000,2,-106.695619724400,1.000,3.000,11100000000000000000000000000,01110000000000000000000000000,-0.50759350,0.25765116,printed_ci_coefficient_threshold_from_output
new_runs/single_points_properties/outputs/lif_sp_R_1_40.out,single_points_properties,single_point,normal,1.400000,2,-106.695619724400,1.000,3.000,01110000000000000000000000000,11100000000000000000000000000,0.50759350,0.25765116,printed_ci_coefficient_threshold_from_output
new_runs/single_points_properties/outputs/lif_sp_R_1_40.out,single_points_properties,single_point,normal,1.400000,2,-106.695619724400,1.000,3.000,11100000000000000000000000000,01100001000000000000000000000,-0.25933090,0.06725252,printed_ci_coefficient_threshold_from_output
new_runs/single_points_properties/outputs/lif_sp_R_1_40.out,single_points_properties,single_point,normal,1.400000,2,-106.695619724400,1.000,3.000,01100001000000000000000000000,11100000000000000000000000000,0.25933090,0.06725252,printed_ci_coefficient_threshold_from_output
new_runs/single_points_properties/outputs/lif_sp_R_1_40.out,single_points_properties,single_point,normal,1.400000,2,-106.695619724400,1.000,3.000,11100000000000000000000000000,01100010000000000000000000000,0.23811110,0.05669690,printed_ci_coefficient_threshold_from_output
new_runs/single_points_properties/outputs/lif_sp_R_1_40.out,single_points_properties,single_point,normal,1.400000,2,-106.695619724400,1.000,3.000,01100010000000000000000000000,11100000000000000000000000000,-0.23811110,0.05669690,printed_ci_coefficient_threshold_from_output
new_runs/single_points_properties/outputs/lif_sp_R_1_40.out,single_points_properties,single_point,normal,1.400000,2,-106.695619724400,1.000,3.000,11100000000000000000000000000,01100000001000000000000000000,0.23795120,0.05662077,printed_ci_coefficient_threshold_from_output
new_runs/single_points_properties/outputs/lif_sp_R_1_40.out,single_points_properties,single_point,normal,1.400000,2,-106.695619724400,1.000,3.000,01100000001000000000000000000,11100000000000000000000000000,-0.23795120,0.05662077,printed_ci_coefficient_threshold_from_output
new_runs/single_points_properties/outputs/lif_sp_R_1_40.out,single_points_properties,single_point,normal,1.400000,2,-106.695619724400,1.000,3.000,11100000000000000000000000000,01100000000000001000000000000,0.11087810,0.01229395,printed_ci_coefficient_threshold_from_output
new_runs/single_points_properties/outputs/lif_sp_R_1_40.out,single_points_properties,single_point,normal,1.400000,2,-106.695619724400,1.000,3.000,01100000000000001000000000000,11100000000000000000000000000,-0.11087810,0.01229395,printed_ci_coefficient_threshold_from_output
new_runs/single_points_properties/outputs/lif_sp_R_1_40.out,single_points_properties,single_point,normal,1.400000,2,-106.695619724400,1.000,3.000,11100000000000000000000000000,01100000000000000001000000000,-0.07993560,0.00638970,printed_ci_coefficient_threshold_from_output
new_runs/single_points_properties/outputs/lif_sp_R_1_40.out,single_points_properties,single_point,normal,1.400000,2,-106.695619724400,1.000,3.000,01100000000000000001000000000,11100000000000000000000000000,0.07993560,0.00638970,printed_ci_coefficient_threshold_from_output
new_runs/single_points_properties/outputs/lif_sp_R_1_40.out,single_points_properties,single_point,normal,1.400000,2,-106.695619724400,1.000,3.000,11100000000000000000000000000,01100000000100000000000000000,0.05601150,0.00313729,printed_ci_coefficient_threshold_from_output
new_runs/single_points_properties/outputs/lif_sp_R_1_40.out,single_points_properties,single_point,normal,1.400000,2,-106.695619724400,1.000,3.000,01100000000100000000000000000,11100000000000000000000000000,-0.05601150,0.00313729,printed_ci_coefficient_threshold_from_output
new_runs/single_points_properties/outputs/lif_sp_R_1_40.out,single_points_properties,single_point,normal,1.400000,2,-106.695619724400,1.000,3.000,10100000000000000010000000000,01110000000000000000000000000,0.05198470,0.00270241,printed_ci_coefficient_threshold_from_output
new_runs/single_points_properties/outputs/lif_sp_R_1_40.out,single_points_properties,single_point,normal,1.400000,2,-106.695619724400,1.000,3.000,11000000000000000100000000000,01110000000000000000000000000,-0.05198470,0.00270241,printed_ci_coefficient_threshold_from_output
new_runs/single_points_properties/outputs/lif_sp_R_1_40.out,single_points_properties,single_point,normal,1.400000,2,-106.695619724400,1.000,3.000,01110000000000000000000000000,10100000000000000010000000000,-0.05198470,0.00270241,printed_ci_coefficient_threshold_from_output
new_runs/single_points_properties/outputs/lif_sp_R_1_40.out,single_points_properties,single_point,normal,1.400000,2,-106.695619724400,1.000,3.000,01110000000000000000000000000,11000000000000000100000000000,0.05198470,0.00270241,printed_ci_coefficient_threshold_from_output
new_runs/single_points_properties/outputs/lif_sp_R_1_40.out,single_points_properties,single_point,normal,1.400000,3,-106.693581980400,0.000,1.000,01110000000000000000000000000,11100000000000000000000000000,0.51426580,0.26446931,printed_ci_coefficient_threshold_from_output
new_runs/single_points_properties/outputs/lif_sp_R_1_40.out,single_points_properties,single_point,normal,1.400000,3,-106.693581980400,0.000,1.000,11100000000000000000000000000,01110000000000000000000000000,0.51426580,0.26446931,printed_ci_coefficient_threshold_from_output
new_runs/single_points_properties/outputs/lif_sp_R_1_40.out,single_points_properties,single_point,normal,1.400000,3,-106.693581980400,0.000,1.000,01100001000000000000000000000,11100000000000000000000000000,0.26160300,0.06843613,printed_ci_coefficient_threshold_from_output
new_runs/single_points_properties/outputs/lif_sp_R_1_40.out,single_points_properties,single_point,normal,1.400000,3,-106.693581980400,0.000,1.000,11100000000000000000000000000,01100001000000000000000000000,0.26160300,0.06843613,printed_ci_coefficient_threshold_from_output
new_runs/single_points_properties/outputs/lif_sp_R_1_40.out,single_points_properties,single_point,normal,1.400000,3,-106.693581980400,0.000,1.000,01100010000000000000000000000,11100000000000000000000000000,-0.23851090,0.05688745,printed_ci_coefficient_threshold_from_output
new_runs/single_points_properties/outputs/lif_sp_R_1_40.out,single_points_properties,single_point,normal,1.400000,3,-106.693581980400,0.000,1.000,11100000000000000000000000000,01100010000000000000000000000,-0.23851090,0.05688745,printed_ci_coefficient_threshold_from_output
new_runs/single_points_properties/outputs/lif_sp_R_1_40.out,single_points_properties,single_point,normal,1.400000,3,-106.693581980400,0.000,1.000,01100000001000000000000000000,11100000000000000000000000000,-0.22887890,0.05238555,printed_ci_coefficient_threshold_from_output
new_runs/single_points_properties/outputs/lif_sp_R_1_40.out,single_points_properties,single_point,normal,1.400000,3,-106.693581980400,0.000,1.000,11100000000000000000000000000,01100000001000000000000000000,-0.22887890,0.05238555,printed_ci_coefficient_threshold_from_output
new_runs/single_points_properties/outputs/lif_sp_R_1_40.out,single_points_properties,single_point,normal,1.400000,3,-106.693581980400,0.000,1.000,01100000000000001000000000000,11100000000000000000000000000,-0.10691450,0.01143071,printed_ci_coefficient_threshold_from_output
new_runs/single_points_properties/outputs/lif_sp_R_1_40.out,single_points_properties,single_point,normal,1.400000,3,-106.693581980400,0.000,1.000,11100000000000000000000000000,01100000000000001000000000000,-0.10691450,0.01143071,printed_ci_coefficient_threshold_from_output
new_runs/single_points_properties/outputs/lif_sp_R_1_40.out,single_points_properties,single_point,normal,1.400000,3,-106.693581980400,0.000,1.000,01100000000000000001000000000,11100000000000000000000000000,0.06989120,0.00488478,printed_ci_coefficient_threshold_from_output
new_runs/single_points_properties/outputs/lif_sp_R_1_40.out,single_points_properties,single_point,normal,1.400000,3,-106.693581980400,0.000,1.000,11100000000000000000000000000,01100000000000000001000000000,0.06989120,0.00488478,printed_ci_coefficient_threshold_from_output
new_runs/single_points_properties/outputs/lif_sp_R_1_40.out,single_points_properties,single_point,normal,1.400000,3,-106.693581980400,0.000,1.000,01100000000100000000000000000,11100000000000000000000000000,-0.06072270,0.00368725,printed_ci_coefficient_threshold_from_output
new_runs/single_points_properties/outputs/lif_sp_R_1_40.out,single_points_properties,single_point,normal,1.400000,3,-106.693581980400,0.000,1.000,11100000000000000000000000000,01100000000100000000000000000,-0.06072270,0.00368725,printed_ci_coefficient_threshold_from_output
new_runs/single_points_properties/outputs/lif_sp_R_1_40.out,single_points_properties,single_point,normal,1.400000,3,-106.693581980400,0.000,1.000,01110000000000000000000000000,10100000000000000010000000000,-0.05256980,0.00276358,printed_ci_coefficient_threshold_from_output
new_runs/single_points_properties/outputs/lif_sp_R_1_40.out,single_points_properties,single_point,normal,1.400000,3,-106.693581980400,0.000,1.000,01110000000000000000000000000,11000000000000000100000000000,0.05256980,0.00276358,printed_ci_coefficient_threshold_from_output
new_runs/single_points_properties/outputs/lif_sp_R_1_40.out,single_points_properties,single_point,normal,1.400000,3,-106.693581980400,0.000,1.000,10100000000000000010000000000,01110000000000000000000000000,-0.05256980,0.00276358,printed_ci_coefficient_threshold_from_output
new_runs/single_points_properties/outputs/lif_sp_R_1_40.out,single_points_properties,single_point,normal,1.400000,3,-106.693581980400,0.000,1.000,11000000000000000100000000000,01110000000000000000000000000,0.05256980,0.00276358,printed_ci_coefficient_threshold_from_output
new_runs/single_points_properties/outputs/lif_sp_R_1_50.out,single_points_properties,single_point,normal,1.500000,1,-106.980387499000,0.000,1.000,11100000000000000000000000000,11100000000000000000000000000,0.99016620,0.98042910,printed_ci_coefficient_threshold_from_output
new_runs/single_points_properties/outputs/lif_sp_R_1_50.out,single_points_properties,single_point,normal,1.500000,2,-106.718439369500,1.000,3.000,11100000000000000000000000000,01110000000000000000000000000,0.52320180,0.27374012,printed_ci_coefficient_threshold_from_output
new_runs/single_points_properties/outputs/lif_sp_R_1_50.out,single_points_properties,single_point,normal,1.500000,2,-106.718439369500,1.000,3.000,01110000000000000000000000000,11100000000000000000000000000,-0.52320180,0.27374012,printed_ci_coefficient_threshold_from_output
new_runs/single_points_properties/outputs/lif_sp_R_1_50.out,single_points_properties,single_point,normal,1.500000,2,-106.718439369500,1.000,3.000,11100000000000000000000000000,01100010000000000000000000000,0.24258800,0.05884894,printed_ci_coefficient_threshold_from_output
new_runs/single_points_properties/outputs/lif_sp_R_1_50.out,single_points_properties,single_point,normal,1.500000,2,-106.718439369500,1.000,3.000,01100010000000000000000000000,11100000000000000000000000000,-0.24258800,0.05884894,printed_ci_coefficient_threshold_from_output
new_runs/single_points_properties/outputs/lif_sp_R_1_50.out,single_points_properties,single_point,normal,1.500000,2,-106.718439369500,1.000,3.000,11100000000000000000000000000,01100000001000000000000000000,-0.23494160,0.05519756,printed_ci_coefficient_threshold_from_output
new_runs/single_points_properties/outputs/lif_sp_R_1_50.out,single_points_properties,single_point,normal,1.500000,2,-106.718439369500,1.000,3.000,01100000001000000000000000000,11100000000000000000000000000,0.23494160,0.05519756,printed_ci_coefficient_threshold_from_output
new_runs/single_points_properties/outputs/lif_sp_R_1_50.out,single_points_properties,single_point,normal,1.500000,2,-106.718439369500,1.000,3.000,11100000000000000000000000000,01100001000000000000000000000,0.22734190,0.05168434,printed_ci_coefficient_threshold_from_output
new_runs/single_points_properties/outputs/lif_sp_R_1_50.out,single_points_properties,single_point,normal,1.500000,2,-106.718439369500,1.000,3.000,01100001000000000000000000000,11100000000000000000000000000,-0.22734190,0.05168434,printed_ci_coefficient_threshold_from_output
new_runs/single_points_properties/outputs/lif_sp_R_1_50.out,single_points_properties,single_point,normal,1.500000,2,-106.718439369500,1.000,3.000,11100000000000000000000000000,01100000000000001000000000000,0.10167590,0.01033799,printed_ci_coefficient_threshold_from_output
new_runs/single_points_properties/outputs/lif_sp_R_1_50.out,single_points_properties,single_point,normal,1.500000,2,-106.718439369500,1.000,3.000,01100000000000001000000000000,11100000000000000000000000000,-0.10167590,0.01033799,printed_ci_coefficient_threshold_from_output
new_runs/single_points_properties/outputs/lif_sp_R_1_50.out,single_points_properties,single_point,normal,1.500000,2,-106.718439369500,1.000,3.000,11100000000000000000000000000,01100000000000000001000000000,0.08162330,0.00666236,printed_ci_coefficient_threshold_from_output
new_runs/single_points_properties/outputs/lif_sp_R_1_50.out,single_points_properties,single_point,normal,1.500000,2,-106.718439369500,1.000,3.000,01100000000000000001000000000,11100000000000000000000000000,-0.08162330,0.00666236,printed_ci_coefficient_threshold_from_output
new_runs/single_points_properties/outputs/lif_sp_R_1_50.out,single_points_properties,single_point,normal,1.500000,2,-106.718439369500,1.000,3.000,11100000000000000000000000000,01100000000100000000000000000,-0.05275430,0.00278302,printed_ci_coefficient_threshold_from_output
new_runs/single_points_properties/outputs/lif_sp_R_1_50.out,single_points_properties,single_point,normal,1.500000,2,-106.718439369500,1.000,3.000,01100000000100000000000000000,11100000000000000000000000000,0.05275430,0.00278302,printed_ci_coefficient_threshold_from_output
new_runs/single_points_properties/outputs/lif_sp_R_1_50.out,single_points_properties,single_point,normal,1.500000,2,-106.718439369500,1.000,3.000,11000000000000000100000000000,01110000000000000000000000000,0.05123170,0.00262469,printed_ci_coefficient_threshold_from_output
new_runs/single_points_properties/outputs/lif_sp_R_1_50.out,single_points_properties,single_point,normal,1.500000,2,-106.718439369500,1.000,3.000,01110000000000000000000000000,11000000000000000100000000000,-0.05123170,0.00262469,printed_ci_coefficient_threshold_from_output
new_runs/single_points_properties/outputs/lif_sp_R_1_50.out,single_points_properties,single_point,normal,1.500000,2,-106.718439369500,1.000,3.000,10100000000000000010000000000,01110000000000000000000000000,-0.05123170,0.00262469,printed_ci_coefficient_threshold_from_output
new_runs/single_points_properties/outputs/lif_sp_R_1_50.out,single_points_properties,single_point,normal,1.500000,2,-106.718439369500,1.000,3.000,01110000000000000000000000000,10100000000000000010000000000,0.05123170,0.00262469,printed_ci_coefficient_threshold_from_output
new_runs/single_points_properties/outputs/lif_sp_R_1_50.out,single_points_properties,single_point,normal,1.500000,3,-106.716138735200,0.000,1.000,01110000000000000000000000000,11100000000000000000000000000,-0.53079660,0.28174503,printed_ci_coefficient_threshold_from_output
new_runs/single_points_properties/outputs/lif_sp_R_1_50.out,single_points_properties,single_point,normal,1.500000,3,-106.716138735200,0.000,1.000,11100000000000000000000000000,01110000000000000000000000000,-0.53079660,0.28174503,printed_ci_coefficient_threshold_from_output
new_runs/single_points_properties/outputs/lif_sp_R_1_50.out,single_points_properties,single_point,normal,1.500000,3,-106.716138735200,0.000,1.000,01100010000000000000000000000,11100000000000000000000000000,-0.24324960,0.05917037,printed_ci_coefficient_threshold_from_output
new_runs/single_points_properties/outputs/lif_sp_R_1_50.out,single_points_properties,single_point,normal,1.500000,3,-106.716138735200,0.000,1.000,11100000000000000000000000000,01100010000000000000000000000,-0.24324960,0.05917037,printed_ci_coefficient_threshold_from_output
new_runs/single_points_properties/outputs/lif_sp_R_1_50.out,single_points_properties,single_point,normal,1.500000,3,-106.716138735200,0.000,1.000,01100001000000000000000000000,11100000000000000000000000000,-0.22898020,0.05243193,printed_ci_coefficient_threshold_from_output
new_runs/single_points_properties/outputs/lif_sp_R_1_50.out,single_points_properties,single_point,normal,1.500000,3,-106.716138735200,0.000,1.000,11100000000000000000000000000,01100001000000000000000000000,-0.22898020,0.05243193,printed_ci_coefficient_threshold_from_output
new_runs/single_points_properties/outputs/lif_sp_R_1_50.out,single_points_properties,single_point,normal,1.500000,3,-106.716138735200,0.000,1.000,01100000001000000000000000000,11100000000000000000000000000,0.22524100,0.05073351,printed_ci_coefficient_threshold_from_output
new_runs/single_points_properties/outputs/lif_sp_R_1_50.out,single_points_properties,single_point,normal,1.500000,3,-106.716138735200,0.000,1.000,11100000000000000000000000000,01100000001000000000000000000,0.22524100,0.05073351,printed_ci_coefficient_threshold_from_output
new_runs/single_points_properties/outputs/lif_sp_R_1_50.out,single_points_properties,single_point,normal,1.500000,3,-106.716138735200,0.000,1.000,01100000000000001000000000000,11100000000000000000000000000,-0.09575270,0.00916858,printed_ci_coefficient_threshold_from_output
new_runs/single_points_properties/outputs/lif_sp_R_1_50.out,single_points_properties,single_point,normal,1.500000,3,-106.716138735200,0.000,1.000,11100000000000000000000000000,01100000000000001000000000000,-0.09575270,0.00916858,printed_ci_coefficient_threshold_from_output
new_runs/single_points_properties/outputs/lif_sp_R_1_50.out,single_points_properties,single_point,normal,1.500000,3,-106.716138735200,0.000,1.000,01100000000000000001000000000,11100000000000000000000000000,-0.07007410,0.00491038,printed_ci_coefficient_threshold_from_output
new_runs/single_points_properties/outputs/lif_sp_R_1_50.out,single_points_properties,single_point,normal,1.500000,3,-106.716138735200,0.000,1.000,11100000000000000000000000000,01100000000000000001000000000,-0.07007410,0.00491038,printed_ci_coefficient_threshold_from_output
new_runs/single_points_properties/outputs/lif_sp_R_1_50.out,single_points_properties,single_point,normal,1.500000,3,-106.716138735200,0.000,1.000,01100000000100000000000000000,11100000000000000000000000000,0.05888630,0.00346760,printed_ci_coefficient_threshold_from_output
new_runs/single_points_properties/outputs/lif_sp_R_1_50.out,single_points_properties,single_point,normal,1.500000,3,-106.716138735200,0.000,1.000,11100000000000000000000000000,01100000000100000000000000000,0.05888630,0.00346760,printed_ci_coefficient_threshold_from_output
new_runs/single_points_properties/outputs/lif_sp_R_1_50.out,single_points_properties,single_point,normal,1.500000,3,-106.716138735200,0.000,1.000,01110000000000000000000000000,10100000000000000010000000000,0.05188710,0.00269227,printed_ci_coefficient_threshold_from_output
new_runs/single_points_properties/outputs/lif_sp_R_1_50.out,single_points_properties,single_point,normal,1.500000,3,-106.716138735200,0.000,1.000,10100000000000000010000000000,01110000000000000000000000000,0.05188710,0.00269227,printed_ci_coefficient_threshold_from_output
new_runs/single_points_properties/outputs/lif_sp_R_1_50.out,single_points_properties,single_point,normal,1.500000,3,-106.716138735200,0.000,1.000,01110000000000000000000000000,11000000000000000100000000000,-0.05188710,0.00269227,printed_ci_coefficient_threshold_from_output
new_runs/single_points_properties/outputs/lif_sp_R_1_50.out,single_points_properties,single_point,normal,1.500000,3,-106.716138735200,0.000,1.000,11000000000000000100000000000,01110000000000000000000000000,-0.05188710,0.00269227,printed_ci_coefficient_threshold_from_output
new_runs/single_points_properties/outputs/lif_sp_R_1_50.out,single_points_properties,single_point,normal,1.500000,3,-106.716138735200,0.000,1.000,01110000000000000000000000000,01100000000000000000001000000,-0.05001940,0.00250194,printed_ci_coefficient_threshold_from_output
new_runs/single_points_properties/outputs/lif_sp_R_1_50.out,single_points_properties,single_point,normal,1.500000,3,-106.716138735200,0.000,1.000,01100000000000000000001000000,01110000000000000000000000000,-0.05001940,0.00250194,printed_ci_coefficient_threshold_from_output
new_runs/single_points_properties/outputs/lif_sp_R_1_60.out,single_points_properties,single_point,normal,1.600000,1,-106.983628672600,0.000,1.000,11100000000000000000000000000,11100000000000000000000000000,-0.98931890,0.97875189,printed_ci_coefficient_threshold_from_output
new_runs/single_points_properties/outputs/lif_sp_R_1_60.out,single_points_properties,single_point,normal,1.600000,2,-106.733594631600,1.000,3.000,01110000000000000000000000000,11100000000000000000000000000,0.53700660,0.28837609,printed_ci_coefficient_threshold_from_output
new_runs/single_points_properties/outputs/lif_sp_R_1_60.out,single_points_properties,single_point,normal,1.600000,2,-106.733594631600,1.000,3.000,11100000000000000000000000000,01110000000000000000000000000,-0.53700660,0.28837609,printed_ci_coefficient_threshold_from_output
new_runs/single_points_properties/outputs/lif_sp_R_1_60.out,single_points_properties,single_point,normal,1.600000,2,-106.733594631600,1.000,3.000,01100010000000000000000000000,11100000000000000000000000000,-0.24422940,0.05964800,printed_ci_coefficient_threshold_from_output
new_runs/single_points_properties/outputs/lif_sp_R_1_60.out,single_points_properties,single_point,normal,1.600000,2,-106.733594631600,1.000,3.000,11100000000000000000000000000,01100010000000000000000000000,0.24422940,0.05964800,printed_ci_coefficient_threshold_from_output
new_runs/single_points_properties/outputs/lif_sp_R_1_60.out,single_points_properties,single_point,normal,1.600000,2,-106.733594631600,1.000,3.000,01100000001000000000000000000,11100000000000000000000000000,-0.23287470,0.05423063,printed_ci_coefficient_threshold_from_output
new_runs/single_points_properties/outputs/lif_sp_R_1_60.out,single_points_properties,single_point,normal,1.600000,2,-106.733594631600,1.000,3.000,11100000000000000000000000000,01100000001000000000000000000,0.23287470,0.05423063,printed_ci_coefficient_threshold_from_output
new_runs/single_points_properties/outputs/lif_sp_R_1_60.out,single_points_properties,single_point,normal,1.600000,2,-106.733594631600,1.000,3.000,01100001000000000000000000000,11100000000000000000000000000,0.19555550,0.03824195,printed_ci_coefficient_threshold_from_output
new_runs/single_points_properties/outputs/lif_sp_R_1_60.out,single_points_properties,single_point,normal,1.600000,2,-106.733594631600,1.000,3.000,11100000000000000000000000000,01100001000000000000000000000,-0.19555550,0.03824195,printed_ci_coefficient_threshold_from_output
new_runs/single_points_properties/outputs/lif_sp_R_1_60.out,single_points_properties,single_point,normal,1.600000,2,-106.733594631600,1.000,3.000,01100000000000001000000000000,11100000000000000000000000000,-0.09368900,0.00877763,printed_ci_coefficient_threshold_from_output
new_runs/single_points_properties/outputs/lif_sp_R_1_60.out,single_points_properties,single_point,normal,1.600000,2,-106.733594631600,1.000,3.000,11100000000000000000000000000,01100000000000001000000000000,0.09368900,0.00877763,printed_ci_coefficient_threshold_from_output
new_runs/single_points_properties/outputs/lif_sp_R_1_60.out,single_points_properties,single_point,normal,1.600000,2,-106.733594631600,1.000,3.000,01100000000000000001000000000,11100000000000000000000000000,0.08468030,0.00717075,printed_ci_coefficient_threshold_from_output
new_runs/single_points_properties/outputs/lif_sp_R_1_60.out,single_points_properties,single_point,normal,1.600000,2,-106.733594631600,1.000,3.000,11100000000000000000000000000,01100000000000000001000000000,-0.08468030,0.00717075,printed_ci_coefficient_threshold_from_output
new_runs/single_points_properties/outputs/lif_sp_R_1_60.out,single_points_properties,single_point,normal,1.600000,2,-106.733594631600,1.000,3.000,01110000000000000000000000000,01100000000000000000001000000,0.05393700,0.00290920,printed_ci_coefficient_threshold_from_output
new_runs/single_points_properties/outputs/lif_sp_R_1_60.out,single_points_properties,single_point,normal,1.600000,2,-106.733594631600,1.000,3.000,01100000000000000000001000000,01110000000000000000000000000,-0.05393700,0.00290920,printed_ci_coefficient_threshold_from_output
new_runs/single_points_properties/outputs/lif_sp_R_1_60.out,single_points_properties,single_point,normal,1.600000,3,-106.730905397900,0.000,1.000,11100000000000000000000000000,01110000000000000000000000000,0.54552890,0.29760178,printed_ci_coefficient_threshold_from_output
new_runs/single_points_properties/outputs/lif_sp_R_1_60.out,single_points_properties,single_point,normal,1.600000,3,-106.730905397900,0.000,1.000,01110000000000000000000000000,11100000000000000000000000000,0.54552890,0.29760178,printed_ci_coefficient_threshold_from_output
new_runs/single_points_properties/outputs/lif_sp_R_1_60.out,single_points_properties,single_point,normal,1.600000,3,-106.730905397900,0.000,1.000,11100000000000000000000000000,01100010000000000000000000000,-0.24483170,0.05994256,printed_ci_coefficient_threshold_from_output
new_runs/single_points_properties/outputs/lif_sp_R_1_60.out,single_points_properties,single_point,normal,1.600000,3,-106.730905397900,0.000,1.000,01100010000000000000000000000,11100000000000000000000000000,-0.24483170,0.05994256,printed_ci_coefficient_threshold_from_output
new_runs/single_points_properties/outputs/lif_sp_R_1_60.out,single_points_properties,single_point,normal,1.600000,3,-106.730905397900,0.000,1.000,11100000000000000000000000000,01100000001000000000000000000,-0.22142530,0.04902916,printed_ci_coefficient_threshold_from_output
new_runs/single_points_properties/outputs/lif_sp_R_1_60.out,single_points_properties,single_point,normal,1.600000,3,-106.730905397900,0.000,1.000,01100000001000000000000000000,11100000000000000000000000000,-0.22142530,0.04902916,printed_ci_coefficient_threshold_from_output
new_runs/single_points_properties/outputs/lif_sp_R_1_60.out,single_points_properties,single_point,normal,1.600000,3,-106.730905397900,0.000,1.000,11100000000000000000000000000,01100001000000000000000000000,0.19672650,0.03870132,printed_ci_coefficient_threshold_from_output
new_runs/single_points_properties/outputs/lif_sp_R_1_60.out,single_points_properties,single_point,normal,1.600000,3,-106.730905397900,0.000,1.000,01100001000000000000000000000,11100000000000000000000000000,0.19672650,0.03870132,printed_ci_coefficient_threshold_from_output
new_runs/single_points_properties/outputs/lif_sp_R_1_60.out,single_points_properties,single_point,normal,1.600000,3,-106.730905397900,0.000,1.000,11100000000000000000000000000,01100000000000001000000000000,-0.08587400,0.00737434,printed_ci_coefficient_threshold_from_output
new_runs/single_points_properties/outputs/lif_sp_R_1_60.out,single_points_properties,single_point,normal,1.600000,3,-106.730905397900,0.000,1.000,01100000000000001000000000000,11100000000000000000000000000,-0.08587400,0.00737434,printed_ci_coefficient_threshold_from_output
new_runs/single_points_properties/outputs/lif_sp_R_1_60.out,single_points_properties,single_point,normal,1.600000,3,-106.730905397900,0.000,1.000,11100000000000000000000000000,01100000000000000001000000000,0.07014260,0.00491998,printed_ci_coefficient_threshold_from_output
new_runs/single_points_properties/outputs/lif_sp_R_1_60.out,single_points_properties,single_point,normal,1.600000,3,-106.730905397900,0.000,1.000,01100000000000000001000000000,11100000000000000000000000000,0.07014260,0.00491998,printed_ci_coefficient_threshold_from_output
new_runs/single_points_properties/outputs/lif_sp_R_1_60.out,single_points_properties,single_point,normal,1.600000,3,-106.730905397900,0.000,1.000,11100000000000000000000000000,01100000000100000000000000000,-0.05578510,0.00311198,printed_ci_coefficient_threshold_from_output
new_runs/single_points_properties/outputs/lif_sp_R_1_60.out,single_points_properties,single_point,normal,1.600000,3,-106.730905397900,0.000,1.000,01100000000100000000000000000,11100000000000000000000000000,-0.05578510,0.00311198,printed_ci_coefficient_threshold_from_output
new_runs/single_points_properties/outputs/lif_sp_R_1_60.out,single_points_properties,single_point,normal,1.600000,3,-106.730905397900,0.000,1.000,01100000000000000000001000000,01110000000000000000000000000,0.05555580,0.00308645,printed_ci_coefficient_threshold_from_output
new_runs/single_points_properties/outputs/lif_sp_R_1_60.out,single_points_properties,single_point,normal,1.600000,3,-106.730905397900,0.000,1.000,01110000000000000000000000000,01100000000000000000001000000,0.05555580,0.00308645,printed_ci_coefficient_threshold_from_output
new_runs/single_points_properties/outputs/lif_sp_R_1_60.out,single_points_properties,single_point,normal,1.600000,3,-106.730905397900,0.000,1.000,11000000000000000100000000000,01110000000000000000000000000,0.05049900,0.00255015,printed_ci_coefficient_threshold_from_output
new_runs/single_points_properties/outputs/lif_sp_R_1_60.out,single_points_properties,single_point,normal,1.600000,3,-106.730905397900,0.000,1.000,10100000000000000010000000000,01110000000000000000000000000,-0.05049900,0.00255015,printed_ci_coefficient_threshold_from_output
new_runs/single_points_properties/outputs/lif_sp_R_1_60.out,single_points_properties,single_point,normal,1.600000,3,-106.730905397900,0.000,1.000,01110000000000000000000000000,11000000000000000100000000000,0.05049900,0.00255015,printed_ci_coefficient_threshold_from_output
new_runs/single_points_properties/outputs/lif_sp_R_1_60.out,single_points_properties,single_point,normal,1.600000,3,-106.730905397900,0.000,1.000,01110000000000000000000000000,10100000000000000010000000000,-0.05049900,0.00255015,printed_ci_coefficient_threshold_from_output
new_runs/single_points_properties/outputs/lif_sp_R_1_70.out,single_points_properties,single_point,normal,1.700000,1,-106.981032272600,0.000,1.000,11100000000000000000000000000,11100000000000000000000000000,0.98849790,0.97712810,printed_ci_coefficient_threshold_from_output
new_runs/single_points_properties/outputs/lif_sp_R_1_70.out,single_points_properties,single_point,normal,1.700000,2,-106.743701022100,1.000,3.000,11100000000000000000000000000,01110000000000000000000000000,0.54909790,0.30150850,printed_ci_coefficient_threshold_from_output
new_runs/single_points_properties/outputs/lif_sp_R_1_70.out,single_points_properties,single_point,normal,1.700000,2,-106.743701022100,1.000,3.000,01110000000000000000000000000,11100000000000000000000000000,-0.54909790,0.30150850,printed_ci_coefficient_threshold_from_output
new_runs/single_points_properties/outputs/lif_sp_R_1_70.out,single_points_properties,single_point,normal,1.700000,2,-106.743701022100,1.000,3.000,11100000000000000000000000000,01100010000000000000000000000,0.24269620,0.05890145,printed_ci_coefficient_threshold_from_output
new_runs/single_points_properties/outputs/lif_sp_R_1_70.out,single_points_properties,single_point,normal,1.700000,2,-106.743701022100,1.000,3.000,01100010000000000000000000000,11100000000000000000000000000,-0.24269620,0.05890145,printed_ci_coefficient_threshold_from_output
new_runs/single_points_properties/outputs/lif_sp_R_1_70.out,single_points_properties,single_point,normal,1.700000,2,-106.743701022100,1.000,3.000,11100000000000000000000000000,01100000001000000000000000000,-0.23177200,0.05371826,printed_ci_coefficient_threshold_from_output
new_runs/single_points_properties/outputs/lif_sp_R_1_70.out,single_points_properties,single_point,normal,1.700000,2,-106.743701022100,1.000,3.000,01100000001000000000000000000,11100000000000000000000000000,0.23177200,0.05371826,printed_ci_coefficient_threshold_from_output
new_runs/single_points_properties/outputs/lif_sp_R_1_70.out,single_points_properties,single_point,normal,1.700000,2,-106.743701022100,1.000,3.000,11100000000000000000000000000,01100001000000000000000000000,0.16525060,0.02730776,printed_ci_coefficient_threshold_from_output
new_runs/single_points_properties/outputs/lif_sp_R_1_70.out,single_points_properties,single_point,normal,1.700000,2,-106.743701022100,1.000,3.000,01100001000000000000000000000,11100000000000000000000000000,-0.16525060,0.02730776,printed_ci_coefficient_threshold_from_output
new_runs/single_points_properties/outputs/lif_sp_R_1_70.out,single_points_properties,single_point,normal,1.700000,2,-106.743701022100,1.000,3.000,11100000000000000000000000000,01100000000000000001000000000,0.08872850,0.00787275,printed_ci_coefficient_threshold_from_output
new_runs/single_points_properties/outputs/lif_sp_R_1_70.out,single_points_properties,single_point,normal,1.700000,2,-106.743701022100,1.000,3.000,01100000000000000001000000000,11100000000000000000000000000,-0.08872850,0.00787275,printed_ci_coefficient_threshold_from_output
new_runs/single_points_properties/outputs/lif_sp_R_1_70.out,single_points_properties,single_point,normal,1.700000,2,-106.743701022100,1.000,3.000,11100000000000000000000000000,01100000000000001000000000000,-0.08648510,0.00747967,printed_ci_coefficient_threshold_from_output
new_runs/single_points_properties/outputs/lif_sp_R_1_70.out,single_points_properties,single_point,normal,1.700000,2,-106.743701022100,1.000,3.000,01100000000000001000000000000,11100000000000000000000000000,0.08648510,0.00747967,printed_ci_coefficient_threshold_from_output
new_runs/single_points_properties/outputs/lif_sp_R_1_70.out,single_points_properties,single_point,normal,1.700000,2,-106.743701022100,1.000,3.000,01100000000000000000001000000,01110000000000000000000000000,-0.05752730,0.00330939,printed_ci_coefficient_threshold_from_output
new_runs/single_points_properties/outputs/lif_sp_R_1_70.out,single_points_properties,single_point,normal,1.700000,2,-106.743701022100,1.000,3.000,01110000000000000000000000000,01100000000000000000001000000,0.05752730,0.00330939,printed_ci_coefficient_threshold_from_output
new_runs/single_points_properties/outputs/lif_sp_R_1_70.out,single_points_properties,single_point,normal,1.700000,3,-106.740548110600,0.000,1.000,01110000000000000000000000000,11100000000000000000000000000,-0.55850370,0.31192638,printed_ci_coefficient_threshold_from_output
new_runs/single_points_properties/outputs/lif_sp_R_1_70.out,single_points_properties,single_point,normal,1.700000,3,-106.740548110600,0.000,1.000,11100000000000000000000000000,01110000000000000000000000000,-0.55850370,0.31192638,printed_ci_coefficient_threshold_from_output
new_runs/single_points_properties/outputs/lif_sp_R_1_70.out,single_points_properties,single_point,normal,1.700000,3,-106.740548110600,0.000,1.000,01100010000000000000000000000,11100000000000000000000000000,-0.24301020,0.05905396,printed_ci_coefficient_threshold_from_output
new_runs/single_points_properties/outputs/lif_sp_R_1_70.out,single_points_properties,single_point,normal,1.700000,3,-106.740548110600,0.000,1.000,11100000000000000000000000000,01100010000000000000000000000,-0.24301020,0.05905396,printed_ci_coefficient_threshold_from_output
new_runs/single_points_properties/outputs/lif_sp_R_1_70.out,single_points_properties,single_point,normal,1.700000,3,-106.740548110600,0.000,1.000,01100000001000000000000000000,11100000000000000000000000000,0.21773400,0.04740809,printed_ci_coefficient_threshold_from_output
new_runs/single_points_properties/outputs/lif_sp_R_1_70.out,single_points_properties,single_point,normal,1.700000,3,-106.740548110600,0.000,1.000,11100000000000000000000000000,01100000001000000000000000000,0.21773400,0.04740809,printed_ci_coefficient_threshold_from_output
new_runs/single_points_properties/outputs/lif_sp_R_1_70.out,single_points_properties,single_point,normal,1.700000,3,-106.740548110600,0.000,1.000,01100001000000000000000000000,11100000000000000000000000000,-0.16605530,0.02757436,printed_ci_coefficient_threshold_from_output
new_runs/single_points_properties/outputs/lif_sp_R_1_70.out,single_points_properties,single_point,normal,1.700000,3,-106.740548110600,0.000,1.000,11100000000000000000000000000,01100001000000000000000000000,-0.16605530,0.02757436,printed_ci_coefficient_threshold_from_output
new_runs/single_points_properties/outputs/lif_sp_R_1_70.out,single_points_properties,single_point,normal,1.700000,3,-106.740548110600,0.000,1.000,01100000000000001000000000000,11100000000000000000000000000,0.07683020,0.00590288,printed_ci_coefficient_threshold_from_output
new_runs/single_points_properties/outputs/lif_sp_R_1_70.out,single_points_properties,single_point,normal,1.700000,3,-106.740548110600,0.000,1.000,11100000000000000000000000000,01100000000000001000000000000,0.07683020,0.00590288,printed_ci_coefficient_threshold_from_output
new_runs/single_points_properties/outputs/lif_sp_R_1_70.out,single_points_properties,single_point,normal,1.700000,3,-106.740548110600,0.000,1.000,01100000000000000001000000000,11100000000000000000000000000,-0.06996170,0.00489464,printed_ci_coefficient_threshold_from_output
new_runs/single_points_properties/outputs/lif_sp_R_1_70.out,single_points_properties,single_point,normal,1.700000,3,-106.740548110600,0.000,1.000,11100000000000000000000000000,01100000000000000001000000000,-0.06996170,0.00489464,printed_ci_coefficient_threshold_from_output
new_runs/single_points_properties/outputs/lif_sp_R_1_70.out,single_points_properties,single_point,normal,1.700000,3,-106.740548110600,0.000,1.000,01110000000000000000000000000,01100000000000000000001000000,0.05929200,0.00351554,printed_ci_coefficient_threshold_from_output
new_runs/single_points_properties/outputs/lif_sp_R_1_70.out,single_points_properties,single_point,normal,1.700000,3,-106.740548110600,0.000,1.000,01100000000000000000001000000,01110000000000000000000000000,0.05929200,0.00351554,printed_ci_coefficient_threshold_from_output
new_runs/single_points_properties/outputs/lif_sp_R_1_70.out,single_points_properties,single_point,normal,1.700000,3,-106.740548110600,0.000,1.000,01100000000100000000000000000,11100000000000000000000000000,-0.05146540,0.00264869,printed_ci_coefficient_threshold_from_output
new_runs/single_points_properties/outputs/lif_sp_R_1_70.out,single_points_properties,single_point,normal,1.700000,3,-106.740548110600,0.000,1.000,11100000000000000000000000000,01100000000100000000000000000,-0.05146540,0.00264869,printed_ci_coefficient_threshold_from_output
new_runs/single_points_properties/outputs/lif_sp_R_1_80.out,single_points_properties,single_point,normal,1.800000,1,-106.974784590700,0.000,1.000,11100000000000000000000000000,11100000000000000000000000000,-0.98774190,0.97563406,printed_ci_coefficient_threshold_from_output
new_runs/single_points_properties/outputs/lif_sp_R_1_80.out,single_points_properties,single_point,normal,1.800000,2,-106.750327532100,1.000,3.000,01110000000000000000000000000,11100000000000000000000000000,0.55932340,0.31284267,printed_ci_coefficient_threshold_from_output
new_runs/single_points_properties/outputs/lif_sp_R_1_80.out,single_points_properties,single_point,normal,1.800000,2,-106.750327532100,1.000,3.000,11100000000000000000000000000,01110000000000000000000000000,-0.55932340,0.31284267,printed_ci_coefficient_threshold_from_output
new_runs/single_points_properties/outputs/lif_sp_R_1_80.out,single_points_properties,single_point,normal,1.800000,2,-106.750327532100,1.000,3.000,01100010000000000000000000000,11100000000000000000000000000,0.23830980,0.05679156,printed_ci_coefficient_threshold_from_output
new_runs/single_points_properties/outputs/lif_sp_R_1_80.out,single_points_properties,single_point,normal,1.800000,2,-106.750327532100,1.000,3.000,11100000000000000000000000000,01100010000000000000000000000,-0.23830980,0.05679156,printed_ci_coefficient_threshold_from_output
new_runs/single_points_properties/outputs/lif_sp_R_1_80.out,single_points_properties,single_point,normal,1.800000,2,-106.750327532100,1.000,3.000,01100000001000000000000000000,11100000000000000000000000000,-0.23164300,0.05365848,printed_ci_coefficient_threshold_from_output
new_runs/single_points_properties/outputs/lif_sp_R_1_80.out,single_points_properties,single_point,normal,1.800000,2,-106.750327532100,1.000,3.000,11100000000000000000000000000,01100000001000000000000000000,0.23164300,0.05365848,printed_ci_coefficient_threshold_from_output
new_runs/single_points_properties/outputs/lif_sp_R_1_80.out,single_points_properties,single_point,normal,1.800000,2,-106.750327532100,1.000,3.000,01100001000000000000000000000,11100000000000000000000000000,-0.13770720,0.01896327,printed_ci_coefficient_threshold_from_output
new_runs/single_points_properties/outputs/lif_sp_R_1_80.out,single_points_properties,single_point,normal,1.800000,2,-106.750327532100,1.000,3.000,11100000000000000000000000000,01100001000000000000000000000,0.13770720,0.01896327,printed_ci_coefficient_threshold_from_output
new_runs/single_points_properties/outputs/lif_sp_R_1_80.out,single_points_properties,single_point,normal,1.800000,2,-106.750327532100,1.000,3.000,01100000000000000001000000000,11100000000000000000000000000,0.09337520,0.00871893,printed_ci_coefficient_threshold_from_output
new_runs/single_points_properties/outputs/lif_sp_R_1_80.out,single_points_properties,single_point,normal,1.800000,2,-106.750327532100,1.000,3.000,11100000000000000000000000000,01100000000000000001000000000,-0.09337520,0.00871893,printed_ci_coefficient_threshold_from_output
new_runs/single_points_properties/outputs/lif_sp_R_1_80.out,single_points_properties,single_point,normal,1.800000,2,-106.750327532100,1.000,3.000,01100000000000001000000000000,11100000000000000000000000000,0.07993780,0.00639005,printed_ci_coefficient_threshold_from_output
new_runs/single_points_properties/outputs/lif_sp_R_1_80.out,single_points_properties,single_point,normal,1.800000,2,-106.750327532100,1.000,3.000,11100000000000000000000000000,01100000000000001000000000000,-0.07993780,0.00639005,printed_ci_coefficient_threshold_from_output
new_runs/single_points_properties/outputs/lif_sp_R_1_80.out,single_points_properties,single_point,normal,1.800000,2,-106.750327532100,1.000,3.000,01110000000000000000000000000,01100000000000000000001000000,-0.05899610,0.00348054,printed_ci_coefficient_threshold_from_output
new_runs/single_points_properties/outputs/lif_sp_R_1_80.out,single_points_properties,single_point,normal,1.800000,2,-106.750327532100,1.000,3.000,01100000000000000000001000000,01110000000000000000000000000,0.05899610,0.00348054,printed_ci_coefficient_threshold_from_output
new_runs/single_points_properties/outputs/lif_sp_R_1_80.out,single_points_properties,single_point,normal,1.800000,3,-106.746670705900,0.000,1.000,11100000000000000000000000000,01110000000000000000000000000,-0.56975990,0.32462634,printed_ci_coefficient_threshold_from_output
new_runs/single_points_properties/outputs/lif_sp_R_1_80.out,single_points_properties,single_point,normal,1.800000,3,-106.746670705900,0.000,1.000,01110000000000000000000000000,11100000000000000000000000000,-0.56975990,0.32462634,printed_ci_coefficient_threshold_from_output
new_runs/single_points_properties/outputs/lif_sp_R_1_80.out,single_points_properties,single_point,normal,1.800000,3,-106.746670705900,0.000,1.000,11100000000000000000000000000,01100010000000000000000000000,-0.23804830,0.05666699,printed_ci_coefficient_threshold_from_output
new_runs/single_points_properties/outputs/lif_sp_R_1_80.out,single_points_properties,single_point,normal,1.800000,3,-106.746670705900,0.000,1.000,01100010000000000000000000000,11100000000000000000000000000,-0.23804830,0.05666699,printed_ci_coefficient_threshold_from_output
new_runs/single_points_properties/outputs/lif_sp_R_1_80.out,single_points_properties,single_point,normal,1.800000,3,-106.746670705900,0.000,1.000,11100000000000000000000000000,01100000001000000000000000000,0.21423140,0.04589509,printed_ci_coefficient_threshold_from_output
new_runs/single_points_properties/outputs/lif_sp_R_1_80.out,single_points_properties,single_point,normal,1.800000,3,-106.746670705900,0.000,1.000,01100000001000000000000000000,11100000000000000000000000000,0.21423140,0.04589509,printed_ci_coefficient_threshold_from_output
new_runs/single_points_properties/outputs/lif_sp_R_1_80.out,single_points_properties,single_point,normal,1.800000,3,-106.746670705900,0.000,1.000,11100000000000000000000000000,01100001000000000000000000000,0.13825540,0.01911456,printed_ci_coefficient_threshold_from_output
new_runs/single_points_properties/outputs/lif_sp_R_1_80.out,single_points_properties,single_point,normal,1.800000,3,-106.746670705900,0.000,1.000,01100001000000000000000000000,11100000000000000000000000000,0.13825540,0.01911456,printed_ci_coefficient_threshold_from_output
new_runs/single_points_properties/outputs/lif_sp_R_1_80.out,single_points_properties,single_point,normal,1.800000,3,-106.746670705900,0.000,1.000,11100000000000000000000000000,01100000000000000001000000000,-0.06943500,0.00482122,printed_ci_coefficient_threshold_from_output
new_runs/single_points_properties/outputs/lif_sp_R_1_80.out,single_points_properties,single_point,normal,1.800000,3,-106.746670705900,0.000,1.000,01100000000000000001000000000,11100000000000000000000000000,-0.06943500,0.00482122,printed_ci_coefficient_threshold_from_output
new_runs/single_points_properties/outputs/lif_sp_R_1_80.out,single_points_properties,single_point,normal,1.800000,3,-106.746670705900,0.000,1.000,11100000000000000000000000000,01100000000000001000000000000,-0.06856760,0.00470152,printed_ci_coefficient_threshold_from_output
new_runs/single_points_properties/outputs/lif_sp_R_1_80.out,single_points_properties,single_point,normal,1.800000,3,-106.746670705900,0.000,1.000,01100000000000001000000000000,11100000000000000000000000000,-0.06856760,0.00470152,printed_ci_coefficient_threshold_from_output
new_runs/single_points_properties/outputs/lif_sp_R_1_80.out,single_points_properties,single_point,normal,1.800000,3,-106.746670705900,0.000,1.000,01100000000000000000001000000,01110000000000000000000000000,0.06081870,0.00369891,printed_ci_coefficient_threshold_from_output
new_runs/single_points_properties/outputs/lif_sp_R_1_80.out,single_points_properties,single_point,normal,1.800000,3,-106.746670705900,0.000,1.000,01110000000000000000000000000,01100000000000000000001000000,0.06081870,0.00369891,printed_ci_coefficient_threshold_from_output
new_runs/single_points_properties/outputs/lif_sp_R_4_50.out,single_points_properties,single_point,normal,4.500000,1,-106.808420404200,0.000,1.000,11100000000000000000000000000,11100000000000000000000000000,-0.97271020,0.94616513,printed_ci_coefficient_threshold_from_output
new_runs/single_points_properties/outputs/lif_sp_R_4_50.out,single_points_properties,single_point,normal,4.500000,1,-106.808420404200,0.000,1.000,11010000000000000000000000000,11100000000000000000000000000,0.08210230,0.00674079,printed_ci_coefficient_threshold_from_output
new_runs/single_points_properties/outputs/lif_sp_R_4_50.out,single_points_properties,single_point,normal,4.500000,1,-106.808420404200,0.000,1.000,11100000000000000000000000000,11010000000000000000000000000,0.08210230,0.00674079,printed_ci_coefficient_threshold_from_output
new_runs/single_points_properties/outputs/lif_sp_R_4_50.out,single_points_properties,single_point,normal,4.500000,2,-106.771739266200,1.000,3.000,11100000000000000000000000000,11010000000000000000000000000,0.63400780,0.40196589,printed_ci_coefficient_threshold_from_output
new_runs/single_points_properties/outputs/lif_sp_R_4_50.out,single_points_properties,single_point,normal,4.500000,2,-106.771739266200,1.000,3.000,11010000000000000000000000000,11100000000000000000000000000,-0.63400780,0.40196589,printed_ci_coefficient_threshold_from_output
new_runs/single_points_properties/outputs/lif_sp_R_4_50.out,single_points_properties,single_point,normal,4.500000,2,-106.771739266200,1.000,3.000,11100000000000000000000000000,11000010000000000000000000000,0.16613450,0.02760067,printed_ci_coefficient_threshold_from_output
new_runs/single_points_properties/outputs/lif_sp_R_4_50.out,single_points_properties,single_point,normal,4.500000,2,-106.771739266200,1.000,3.000,11000010000000000000000000000,11100000000000000000000000000,-0.16613450,0.02760067,printed_ci_coefficient_threshold_from_output
new_runs/single_points_properties/outputs/lif_sp_R_4_50.out,single_points_properties,single_point,normal,4.500000,2,-106.771739266200,1.000,3.000,11100000000000000000000000000,11000001000000000000000000000,0.15035560,0.02260681,printed_ci_coefficient_threshold_from_output
new_runs/single_points_properties/outputs/lif_sp_R_4_50.out,single_points_properties,single_point,normal,4.500000,2,-106.771739266200,1.000,3.000,11000001000000000000000000000,11100000000000000000000000000,-0.15035560,0.02260681,printed_ci_coefficient_threshold_from_output
new_runs/single_points_properties/outputs/lif_sp_R_4_50.out,single_points_properties,single_point,normal,4.500000,2,-106.771739266200,1.000,3.000,01100000000000000000100000000,11010000000000000000000000000,0.07253410,0.00526120,printed_ci_coefficient_threshold_from_output
new_runs/single_points_properties/outputs/lif_sp_R_4_50.out,single_points_properties,single_point,normal,4.500000,2,-106.771739266200,1.000,3.000,11010000000000000000000000000,01100000000000000000100000000,-0.07253410,0.00526120,printed_ci_coefficient_threshold_from_output
new_runs/single_points_properties/outputs/lif_sp_R_4_50.out,single_points_properties,single_point,normal,4.500000,2,-106.771739266200,1.000,3.000,10100000000000000000010000000,11010000000000000000000000000,-0.07253400,0.00526118,printed_ci_coefficient_threshold_from_output
new_runs/single_points_properties/outputs/lif_sp_R_4_50.out,single_points_properties,single_point,normal,4.500000,2,-106.771739266200,1.000,3.000,11010000000000000000000000000,10100000000000000000010000000,0.07253400,0.00526118,printed_ci_coefficient_threshold_from_output
new_runs/single_points_properties/outputs/lif_sp_R_4_50.out,single_points_properties,single_point,normal,4.500000,2,-106.771739266200,1.000,3.000,11100000000000000000000000000,01010000000000000000100000000,0.06781030,0.00459824,printed_ci_coefficient_threshold_from_output
new_runs/single_points_properties/outputs/lif_sp_R_4_50.out,single_points_properties,single_point,normal,4.500000,2,-106.771739266200,1.000,3.000,01010000000000000000100000000,11100000000000000000000000000,-0.06781030,0.00459824,printed_ci_coefficient_threshold_from_output
new_runs/single_points_properties/outputs/lif_sp_R_4_50.out,single_points_properties,single_point,normal,4.500000,2,-106.771739266200,1.000,3.000,11100000000000000000000000000,10010000000000000000010000000,-0.06781030,0.00459824,printed_ci_coefficient_threshold_from_output
new_runs/single_points_properties/outputs/lif_sp_R_4_50.out,single_points_properties,single_point,normal,4.500000,2,-106.771739266200,1.000,3.000,10010000000000000000010000000,11100000000000000000000000000,0.06781030,0.00459824,printed_ci_coefficient_threshold_from_output
new_runs/single_points_properties/outputs/lif_sp_R_4_50.out,single_points_properties,single_point,normal,4.500000,2,-106.771739266200,1.000,3.000,11000000000000000000000000010,11010000000000000000000000000,-0.06231490,0.00388315,printed_ci_coefficient_threshold_from_output
new_runs/single_points_properties/outputs/lif_sp_R_4_50.out,single_points_properties,single_point,normal,4.500000,2,-106.771739266200,1.000,3.000,11010000000000000000000000000,11000000000000000000000000010,0.06231490,0.00388315,printed_ci_coefficient_threshold_from_output
new_runs/single_points_properties/outputs/lif_sp_R_4_50.out,single_points_properties,single_point,normal,4.500000,2,-106.771739266200,1.000,3.000,11000000000000000000001000000,11010000000000000000000000000,0.05373450,0.00288740,printed_ci_coefficient_threshold_from_output
new_runs/single_points_properties/outputs/lif_sp_R_4_50.out,single_points_properties,single_point,normal,4.500000,2,-106.771739266200,1.000,3.000,11010000000000000000000000000,11000000000000000000001000000,-0.05373450,0.00288740,printed_ci_coefficient_threshold_from_output
new_runs/single_points_properties/outputs/lif_sp_R_4_50.out,single_points_properties,single_point,normal,4.500000,3,-106.769486885700,0.000,1.000,11010000000000000000000000000,11100000000000000000000000000,0.63469650,0.40283965,printed_ci_coefficient_threshold_from_output
new_runs/single_points_properties/outputs/lif_sp_R_4_50.out,single_points_properties,single_point,normal,4.500000,3,-106.769486885700,0.000,1.000,11100000000000000000000000000,11010000000000000000000000000,0.63469650,0.40283965,printed_ci_coefficient_threshold_from_output
new_runs/single_points_properties/outputs/lif_sp_R_4_50.out,single_points_properties,single_point,normal,4.500000,3,-106.769486885700,0.000,1.000,11000010000000000000000000000,11100000000000000000000000000,0.15046550,0.02263987,printed_ci_coefficient_threshold_from_output
new_runs/single_points_properties/outputs/lif_sp_R_4_50.out,single_points_properties,single_point,normal,4.500000,3,-106.769486885700,0.000,1.000,11100000000000000000000000000,11000010000000000000000000000,0.15046550,0.02263987,printed_ci_coefficient_threshold_from_output
new_runs/single_points_properties/outputs/lif_sp_R_4_50.out,single_points_properties,single_point,normal,4.500000,3,-106.769486885700,0.000,1.000,11100000000000000000000000000,11100000000000000000000000000,0.14890390,0.02217237,printed_ci_coefficient_threshold_from_output
new_runs/single_points_properties/outputs/lif_sp_R_4_50.out,single_points_properties,single_point,normal,4.500000,3,-106.769486885700,0.000,1.000,11000001000000000000000000000,11100000000000000000000000000,0.12799640,0.01638308,printed_ci_coefficient_threshold_from_output
new_runs/single_points_properties/outputs/lif_sp_R_4_50.out,single_points_properties,single_point,normal,4.500000,3,-106.769486885700,0.000,1.000,11100000000000000000000000000,11000001000000000000000000000,0.12799640,0.01638308,printed_ci_coefficient_threshold_from_output
new_runs/single_points_properties/outputs/lif_sp_R_4_50.out,single_points_properties,single_point,normal,4.500000,3,-106.769486885700,0.000,1.000,11010000000000000000000000000,01100000000000000000100000000,0.07144530,0.00510443,printed_ci_coefficient_threshold_from_output
new_runs/single_points_properties/outputs/lif_sp_R_4_50.out,single_points_properties,single_point,normal,4.500000,3,-106.769486885700,0.000,1.000,01100000000000000000100000000,11010000000000000000000000000,0.07144530,0.00510443,printed_ci_coefficient_threshold_from_output
new_runs/single_points_properties/outputs/lif_sp_R_4_50.out,single_points_properties,single_point,normal,4.500000,3,-106.769486885700,0.000,1.000,11010000000000000000000000000,10100000000000000000010000000,-0.07144530,0.00510443,printed_ci_coefficient_threshold_from_output
new_runs/single_points_properties/outputs/lif_sp_R_4_50.out,single_points_properties,single_point,normal,4.500000,3,-106.769486885700,0.000,1.000,10100000000000000000010000000,11010000000000000000000000000,-0.07144530,0.00510443,printed_ci_coefficient_threshold_from_output
new_runs/single_points_properties/outputs/lif_sp_R_4_50.out,single_points_properties,single_point,normal,4.500000,3,-106.769486885700,0.000,1.000,10010000000000000000010000000,11100000000000000000000000000,-0.06670270,0.00444925,printed_ci_coefficient_threshold_from_output
new_runs/single_points_properties/outputs/lif_sp_R_4_50.out,single_points_properties,single_point,normal,4.500000,3,-106.769486885700,0.000,1.000,11100000000000000000000000000,10010000000000000000010000000,-0.06670270,0.00444925,printed_ci_coefficient_threshold_from_output
new_runs/single_points_properties/outputs/lif_sp_R_4_50.out,single_points_properties,single_point,normal,4.500000,3,-106.769486885700,0.000,1.000,01010000000000000000100000000,11100000000000000000000000000,0.06670270,0.00444925,printed_ci_coefficient_threshold_from_output
new_runs/single_points_properties/outputs/lif_sp_R_4_50.out,single_points_properties,single_point,normal,4.500000,3,-106.769486885700,0.000,1.000,11100000000000000000000000000,01010000000000000000100000000,0.06670270,0.00444925,printed_ci_coefficient_threshold_from_output
new_runs/single_points_properties/outputs/lif_sp_R_4_50.out,single_points_properties,single_point,normal,4.500000,3,-106.769486885700,0.000,1.000,11010000000000000000000000000,11000000000000000000000000010,-0.06200610,0.00384476,printed_ci_coefficient_threshold_from_output
new_runs/single_points_properties/outputs/lif_sp_R_4_50.out,single_points_properties,single_point,normal,4.500000,3,-106.769486885700,0.000,1.000,11000000000000000000000000010,11010000000000000000000000000,-0.06200610,0.00384476,printed_ci_coefficient_threshold_from_output
new_runs/single_points_properties/outputs/lif_sp_R_4_50.out,single_points_properties,single_point,normal,4.500000,3,-106.769486885700,0.000,1.000,11010000000000000000000000000,11000000000000000000001000000,0.05349090,0.00286128,printed_ci_coefficient_threshold_from_output
new_runs/single_points_properties/outputs/lif_sp_R_4_50.out,single_points_properties,single_point,normal,4.500000,3,-106.769486885700,0.000,1.000,11000000000000000000001000000,11010000000000000000000000000,0.05349090,0.00286128,printed_ci_coefficient_threshold_from_output
new_runs/single_points_properties/outputs/lif_sp_R_5_00.out,single_points_properties,single_point,normal,5.000000,1,-106.795476558300,0.000,1.000,11100000000000000000000000000,11100000000000000000000000000,-0.97051150,0.94189257,printed_ci_coefficient_threshold_from_output
new_runs/single_points_properties/outputs/lif_sp_R_5_00.out,single_points_properties,single_point,normal,5.000000,1,-106.795476558300,0.000,1.000,11100000000000000000000000000,11010000000000000000000000000,0.09741090,0.00948888,printed_ci_coefficient_threshold_from_output
new_runs/single_points_properties/outputs/lif_sp_R_5_00.out,single_points_properties,single_point,normal,5.000000,1,-106.795476558300,0.000,1.000,11010000000000000000000000000,11100000000000000000000000000,0.09741090,0.00948888,printed_ci_coefficient_threshold_from_output
new_runs/single_points_properties/outputs/lif_sp_R_5_00.out,single_points_properties,single_point,normal,5.000000,1,-106.795476558300,0.000,1.000,11100000000000000000000000000,11000010000000000000000000000,0.05103420,0.00260449,printed_ci_coefficient_threshold_from_output
new_runs/single_points_properties/outputs/lif_sp_R_5_00.out,single_points_properties,single_point,normal,5.000000,1,-106.795476558300,0.000,1.000,11000010000000000000000000000,11100000000000000000000000000,0.05103420,0.00260449,printed_ci_coefficient_threshold_from_output
new_runs/single_points_properties/outputs/lif_sp_R_5_00.out,single_points_properties,single_point,normal,5.000000,2,-106.771407520000,1.000,3.000,11010000000000000000000000000,11100000000000000000000000000,-0.64349150,0.41408131,printed_ci_coefficient_threshold_from_output
new_runs/single_points_properties/outputs/lif_sp_R_5_00.out,single_points_properties,single_point,normal,5.000000,2,-106.771407520000,1.000,3.000,11100000000000000000000000000,11010000000000000000000000000,0.64349150,0.41408131,printed_ci_coefficient_threshold_from_output
new_runs/single_points_properties/outputs/lif_sp_R_5_00.out,single_points_properties,single_point,normal,5.000000,2,-106.771407520000,1.000,3.000,11000010000000000000000000000,11100000000000000000000000000,-0.17850980,0.03186575,printed_ci_coefficient_threshold_from_output
new_runs/single_points_properties/outputs/lif_sp_R_5_00.out,single_points_properties,single_point,normal,5.000000,2,-106.771407520000,1.000,3.000,11100000000000000000000000000,11000010000000000000000000000,0.17850980,0.03186575,printed_ci_coefficient_threshold_from_output
new_runs/single_points_properties/outputs/lif_sp_R_5_00.out,single_points_properties,single_point,normal,5.000000,2,-106.771407520000,1.000,3.000,11000001000000000000000000000,11100000000000000000000000000,0.08824190,0.00778663,printed_ci_coefficient_threshold_from_output
new_runs/single_points_properties/outputs/lif_sp_R_5_00.out,single_points_properties,single_point,normal,5.000000,2,-106.771407520000,1.000,3.000,11100000000000000000000000000,11000001000000000000000000000,-0.08824190,0.00778663,printed_ci_coefficient_threshold_from_output
new_runs/single_points_properties/outputs/lif_sp_R_5_00.out,single_points_properties,single_point,normal,5.000000,2,-106.771407520000,1.000,3.000,11010000000000000000000000000,11000000000000000000000000010,0.08320260,0.00692267,printed_ci_coefficient_threshold_from_output
new_runs/single_points_properties/outputs/lif_sp_R_5_00.out,single_points_properties,single_point,normal,5.000000,2,-106.771407520000,1.000,3.000,11000000000000000000000000010,11010000000000000000000000000,-0.08320260,0.00692267,printed_ci_coefficient_threshold_from_output
new_runs/single_points_properties/outputs/lif_sp_R_5_00.out,single_points_properties,single_point,normal,5.000000,2,-106.771407520000,1.000,3.000,11010000000000000000000000000,10100000000000000000010000000,0.06543040,0.00428114,printed_ci_coefficient_threshold_from_output
new_runs/single_points_properties/outputs/lif_sp_R_5_00.out,single_points_properties,single_point,normal,5.000000,2,-106.771407520000,1.000,3.000,11010000000000000000000000000,01100000000000000000100000000,-0.06543040,0.00428114,printed_ci_coefficient_threshold_from_output
new_runs/single_points_properties/outputs/lif_sp_R_5_00.out,single_points_properties,single_point,normal,5.000000,2,-106.771407520000,1.000,3.000,10100000000000000000010000000,11010000000000000000000000000,-0.06543040,0.00428114,printed_ci_coefficient_threshold_from_output
new_runs/single_points_properties/outputs/lif_sp_R_5_00.out,single_points_properties,single_point,normal,5.000000,2,-106.771407520000,1.000,3.000,01100000000000000000100000000,11010000000000000000000000000,0.06543040,0.00428114,printed_ci_coefficient_threshold_from_output
new_runs/single_points_properties/outputs/lif_sp_R_5_00.out,single_points_properties,single_point,normal,5.000000,2,-106.771407520000,1.000,3.000,10010000000000000000010000000,11100000000000000000000000000,0.06126310,0.00375317,printed_ci_coefficient_threshold_from_output
new_runs/single_points_properties/outputs/lif_sp_R_5_00.out,single_points_properties,single_point,normal,5.000000,2,-106.771407520000,1.000,3.000,01010000000000000000100000000,11100000000000000000000000000,-0.06126310,0.00375317,printed_ci_coefficient_threshold_from_output
new_runs/single_points_properties/outputs/lif_sp_R_5_00.out,single_points_properties,single_point,normal,5.000000,2,-106.771407520000,1.000,3.000,11100000000000000000000000000,10010000000000000000010000000,-0.06126310,0.00375317,printed_ci_coefficient_threshold_from_output
new_runs/single_points_properties/outputs/lif_sp_R_5_00.out,single_points_properties,single_point,normal,5.000000,2,-106.771407520000,1.000,3.000,11100000000000000000000000000,01010000000000000000100000000,0.06126310,0.00375317,printed_ci_coefficient_threshold_from_output
new_runs/single_points_properties/outputs/lif_sp_R_5_00.out,single_points_properties,single_point,normal,5.000000,2,-106.771407520000,1.000,3.000,11010000000000000000000000000,01100000000000000000000000100,-0.05448080,0.00296816,printed_ci_coefficient_threshold_from_output
new_runs/single_points_properties/outputs/lif_sp_R_5_00.out,single_points_properties,single_point,normal,5.000000,2,-106.771407520000,1.000,3.000,11010000000000000000000000000,10100000000000000000000001000,0.05448080,0.00296816,printed_ci_coefficient_threshold_from_output
new_runs/single_points_properties/outputs/lif_sp_R_5_00.out,single_points_properties,single_point,normal,5.000000,2,-106.771407520000,1.000,3.000,01100000000000000000000000100,11010000000000000000000000000,0.05448080,0.00296816,printed_ci_coefficient_threshold_from_output
new_runs/single_points_properties/outputs/lif_sp_R_5_00.out,single_points_properties,single_point,normal,5.000000,2,-106.771407520000,1.000,3.000,10100000000000000000000001000,11010000000000000000000000000,-0.05448080,0.00296816,printed_ci_coefficient_threshold_from_output
new_runs/single_points_properties/outputs/lif_sp_R_5_00.out,single_points_properties,single_point,normal,5.000000,2,-106.771407520000,1.000,3.000,01010000000000000000000000100,11100000000000000000000000000,-0.05082630,0.00258331,printed_ci_coefficient_threshold_from_output
new_runs/single_points_properties/outputs/lif_sp_R_5_00.out,single_points_properties,single_point,normal,5.000000,2,-106.771407520000,1.000,3.000,10010000000000000000000001000,11100000000000000000000000000,0.05082630,0.00258331,printed_ci_coefficient_threshold_from_output
new_runs/single_points_properties/outputs/lif_sp_R_5_00.out,single_points_properties,single_point,normal,5.000000,2,-106.771407520000,1.000,3.000,11100000000000000000000000000,01010000000000000000000000100,0.05082630,0.00258331,printed_ci_coefficient_threshold_from_output
new_runs/single_points_properties/outputs/lif_sp_R_5_00.out,single_points_properties,single_point,normal,5.000000,2,-106.771407520000,1.000,3.000,11100000000000000000000000000,10010000000000000000000001000,-0.05082630,0.00258331,printed_ci_coefficient_threshold_from_output
new_runs/single_points_properties/outputs/lif_sp_R_5_00.out,single_points_properties,single_point,normal,5.000000,3,-106.770018540900,0.000,1.000,11100000000000000000000000000,11010000000000000000000000000,0.63900360,0.40832560,printed_ci_coefficient_threshold_from_output
new_runs/single_points_properties/outputs/lif_sp_R_5_00.out,single_points_properties,single_point,normal,5.000000,3,-106.770018540900,0.000,1.000,11010000000000000000000000000,11100000000000000000000000000,0.63900360,0.40832560,printed_ci_coefficient_threshold_from_output
new_runs/single_points_properties/outputs/lif_sp_R_5_00.out,single_points_properties,single_point,normal,5.000000,3,-106.770018540900,0.000,1.000,11100000000000000000000000000,11100000000000000000000000000,0.16684820,0.02783832,printed_ci_coefficient_threshold_from_output
new_runs/single_points_properties/outputs/lif_sp_R_5_00.out,single_points_properties,single_point,normal,5.000000,3,-106.770018540900,0.000,1.000,11100000000000000000000000000,11000010000000000000000000000,0.16368400,0.02679245,printed_ci_coefficient_threshold_from_output
new_runs/single_points_properties/outputs/lif_sp_R_5_00.out,single_points_properties,single_point,normal,5.000000,3,-106.770018540900,0.000,1.000,11000010000000000000000000000,11100000000000000000000000000,0.16368400,0.02679245,printed_ci_coefficient_threshold_from_output
new_runs/single_points_properties/outputs/lif_sp_R_5_00.out,single_points_properties,single_point,normal,5.000000,3,-106.770018540900,0.000,1.000,11000000000000000000000000010,11010000000000000000000000000,-0.08213460,0.00674609,printed_ci_coefficient_threshold_from_output
new_runs/single_points_properties/outputs/lif_sp_R_5_00.out,single_points_properties,single_point,normal,5.000000,3,-106.770018540900,0.000,1.000,11010000000000000000000000000,11000000000000000000000000010,-0.08213460,0.00674609,printed_ci_coefficient_threshold_from_output
new_runs/single_points_properties/outputs/lif_sp_R_5_00.out,single_points_properties,single_point,normal,5.000000,3,-106.770018540900,0.000,1.000,11100000000000000000000000000,11000001000000000000000000000,-0.07654160,0.00585862,printed_ci_coefficient_threshold_from_output
new_runs/single_points_properties/outputs/lif_sp_R_5_00.out,single_points_properties,single_point,normal,5.000000,3,-106.770018540900,0.000,1.000,11000001000000000000000000000,11100000000000000000000000000,-0.07654160,0.00585862,printed_ci_coefficient_threshold_from_output
new_runs/single_points_properties/outputs/lif_sp_R_5_00.out,single_points_properties,single_point,normal,5.000000,3,-106.770018540900,0.000,1.000,10100000000000000000010000000,11010000000000000000000000000,-0.06422880,0.00412534,printed_ci_coefficient_threshold_from_output
new_runs/single_points_properties/outputs/lif_sp_R_5_00.out,single_points_properties,single_point,normal,5.000000,3,-106.770018540900,0.000,1.000,01100000000000000000100000000,11010000000000000000000000000,0.06422880,0.00412534,printed_ci_coefficient_threshold_from_output
new_runs/single_points_properties/outputs/lif_sp_R_5_00.out,single_points_properties,single_point,normal,5.000000,3,-106.770018540900,0.000,1.000,11010000000000000000000000000,10100000000000000000010000000,-0.06422880,0.00412534,printed_ci_coefficient_threshold_from_output
new_runs/single_points_properties/outputs/lif_sp_R_5_00.out,single_points_properties,single_point,normal,5.000000,3,-106.770018540900,0.000,1.000,11010000000000000000000000000,01100000000000000000100000000,0.06422880,0.00412534,printed_ci_coefficient_threshold_from_output
new_runs/single_points_properties/outputs/lif_sp_R_5_00.out,single_points_properties,single_point,normal,5.000000,3,-106.770018540900,0.000,1.000,11100000000000000000000000000,10010000000000000000010000000,-0.06009490,0.00361140,printed_ci_coefficient_threshold_from_output
new_runs/single_points_properties/outputs/lif_sp_R_5_00.out,single_points_properties,single_point,normal,5.000000,3,-106.770018540900,0.000,1.000,11100000000000000000000000000,01010000000000000000100000000,0.06009490,0.00361140,printed_ci_coefficient_threshold_from_output
new_runs/single_points_properties/outputs/lif_sp_R_5_00.out,single_points_properties,single_point,normal,5.000000,3,-106.770018540900,0.000,1.000,10010000000000000000010000000,11100000000000000000000000000,-0.06009490,0.00361140,printed_ci_coefficient_threshold_from_output
new_runs/single_points_properties/outputs/lif_sp_R_5_00.out,single_points_properties,single_point,normal,5.000000,3,-106.770018540900,0.000,1.000,01010000000000000000100000000,11100000000000000000000000000,0.06009490,0.00361140,printed_ci_coefficient_threshold_from_output
new_runs/single_points_properties/outputs/lif_sp_R_5_00.out,single_points_properties,single_point,normal,5.000000,3,-106.770018540900,0.000,1.000,01100000000000000000000000100,11010000000000000000000000000,0.05349030,0.00286121,printed_ci_coefficient_threshold_from_output
new_runs/single_points_properties/outputs/lif_sp_R_5_00.out,single_points_properties,single_point,normal,5.000000,3,-106.770018540900,0.000,1.000,10100000000000000000000001000,11010000000000000000000000000,-0.05349030,0.00286121,printed_ci_coefficient_threshold_from_output
new_runs/single_points_properties/outputs/lif_sp_R_5_00.out,single_points_properties,single_point,normal,5.000000,3,-106.770018540900,0.000,1.000,11010000000000000000000000000,01100000000000000000000000100,0.05349030,0.00286121,printed_ci_coefficient_threshold_from_output
new_runs/single_points_properties/outputs/lif_sp_R_5_00.out,single_points_properties,single_point,normal,5.000000,3,-106.770018540900,0.000,1.000,11010000000000000000000000000,10100000000000000000000001000,-0.05349030,0.00286121,printed_ci_coefficient_threshold_from_output
new_runs/single_points_properties/outputs/lif_sp_R_5_30.out,single_points_properties,single_point,normal,5.300000,1,-106.788958436800,0.000,1.000,11100000000000000000000000000,11100000000000000000000000000,-0.96782770,0.93669046,printed_ci_coefficient_threshold_from_output
new_runs/single_points_properties/outputs/lif_sp_R_5_30.out,single_points_properties,single_point,normal,5.300000,1,-106.788958436800,0.000,1.000,11010000000000000000000000000,11100000000000000000000000000,0.11086020,0.01228998,printed_ci_coefficient_threshold_from_output
new_runs/single_points_properties/outputs/lif_sp_R_5_30.out,single_points_properties,single_point,normal,5.300000,1,-106.788958436800,0.000,1.000,11100000000000000000000000000,11010000000000000000000000000,0.11086020,0.01228998,printed_ci_coefficient_threshold_from_output
new_runs/single_points_properties/outputs/lif_sp_R_5_30.out,single_points_properties,single_point,normal,5.300000,1,-106.788958436800,0.000,1.000,11000010000000000000000000000,11100000000000000000000000000,0.05415480,0.00293274,printed_ci_coefficient_threshold_from_output
new_runs/single_points_properties/outputs/lif_sp_R_5_30.out,single_points_properties,single_point,normal,5.300000,1,-106.788958436800,0.000,1.000,11100000000000000000000000000,11000010000000000000000000000,0.05415480,0.00293274,printed_ci_coefficient_threshold_from_output
new_runs/single_points_properties/outputs/lif_sp_R_5_30.out,single_points_properties,single_point,normal,5.300000,2,-106.771197420400,1.000,3.000,11010000000000000000000000000,11100000000000000000000000000,0.64812300,0.42006342,printed_ci_coefficient_threshold_from_output
new_runs/single_points_properties/outputs/lif_sp_R_5_30.out,single_points_properties,single_point,normal,5.300000,2,-106.771197420400,1.000,3.000,11100000000000000000000000000,11010000000000000000000000000,-0.64812300,0.42006342,printed_ci_coefficient_threshold_from_output
new_runs/single_points_properties/outputs/lif_sp_R_5_30.out,single_points_properties,single_point,normal,5.300000,2,-106.771197420400,1.000,3.000,11000010000000000000000000000,11100000000000000000000000000,0.17465860,0.03050563,printed_ci_coefficient_threshold_from_output
new_runs/single_points_properties/outputs/lif_sp_R_5_30.out,single_points_properties,single_point,normal,5.300000,2,-106.771197420400,1.000,3.000,11100000000000000000000000000,11000010000000000000000000000,-0.17465860,0.03050563,printed_ci_coefficient_threshold_from_output
new_runs/single_points_properties/outputs/lif_sp_R_5_30.out,single_points_properties,single_point,normal,5.300000,2,-106.771197420400,1.000,3.000,11010000000000000000000000000,11000000000000000000000000010,0.07473340,0.00558508,printed_ci_coefficient_threshold_from_output
new_runs/single_points_properties/outputs/lif_sp_R_5_30.out,single_points_properties,single_point,normal,5.300000,2,-106.771197420400,1.000,3.000,11000000000000000000000000010,11010000000000000000000000000,-0.07473340,0.00558508,printed_ci_coefficient_threshold_from_output
new_runs/single_points_properties/outputs/lif_sp_R_5_30.out,single_points_properties,single_point,normal,5.300000,2,-106.771197420400,1.000,3.000,11010000000000000000000000000,10100000000000000000000001000,0.06356890,0.00404101,printed_ci_coefficient_threshold_from_output
new_runs/single_points_properties/outputs/lif_sp_R_5_30.out,single_points_properties,single_point,normal,5.300000,2,-106.771197420400,1.000,3.000,11010000000000000000000000000,01100000000000000000000000100,-0.06356890,0.00404101,printed_ci_coefficient_threshold_from_output
new_runs/single_points_properties/outputs/lif_sp_R_5_30.out,single_points_properties,single_point,normal,5.300000,2,-106.771197420400,1.000,3.000,10100000000000000000000001000,11010000000000000000000000000,-0.06356890,0.00404101,printed_ci_coefficient_threshold_from_output
new_runs/single_points_properties/outputs/lif_sp_R_5_30.out,single_points_properties,single_point,normal,5.300000,2,-106.771197420400,1.000,3.000,01100000000000000000000000100,11010000000000000000000000000,0.06356890,0.00404101,printed_ci_coefficient_threshold_from_output
new_runs/single_points_properties/outputs/lif_sp_R_5_30.out,single_points_properties,single_point,normal,5.300000,2,-106.771197420400,1.000,3.000,11000001000000000000000000000,11100000000000000000000000000,-0.06134070,0.00376268,printed_ci_coefficient_threshold_from_output
new_runs/single_points_properties/outputs/lif_sp_R_5_30.out,single_points_properties,single_point,normal,5.300000,2,-106.771197420400,1.000,3.000,11100000000000000000000000000,11000001000000000000000000000,0.06134070,0.00376268,printed_ci_coefficient_threshold_from_output
new_runs/single_points_properties/outputs/lif_sp_R_5_30.out,single_points_properties,single_point,normal,5.300000,2,-106.771197420400,1.000,3.000,10010000000000000000000001000,11100000000000000000000000000,0.05937950,0.00352593,printed_ci_coefficient_threshold_from_output
new_runs/single_points_properties/outputs/lif_sp_R_5_30.out,single_points_properties,single_point,normal,5.300000,2,-106.771197420400,1.000,3.000,01010000000000000000000000100,11100000000000000000000000000,-0.05937950,0.00352593,printed_ci_coefficient_threshold_from_output
new_runs/single_points_properties/outputs/lif_sp_R_5_30.out,single_points_properties,single_point,normal,5.300000,2,-106.771197420400,1.000,3.000,11100000000000000000000000000,10010000000000000000000001000,-0.05937950,0.00352593,printed_ci_coefficient_threshold_from_output
new_runs/single_points_properties/outputs/lif_sp_R_5_30.out,single_points_properties,single_point,normal,5.300000,2,-106.771197420400,1.000,3.000,11100000000000000000000000000,01010000000000000000000000100,0.05937950,0.00352593,printed_ci_coefficient_threshold_from_output
new_runs/single_points_properties/outputs/lif_sp_R_5_30.out,single_points_properties,single_point,normal,5.300000,2,-106.771197420400,1.000,3.000,11010000000000000000000000000,01100000000000000000010000000,-0.05873220,0.00344947,printed_ci_coefficient_threshold_from_output
new_runs/single_points_properties/outputs/lif_sp_R_5_30.out,single_points_properties,single_point,normal,5.300000,2,-106.771197420400,1.000,3.000,11010000000000000000000000000,10100000000000000000100000000,0.05873220,0.00344947,printed_ci_coefficient_threshold_from_output
new_runs/single_points_properties/outputs/lif_sp_R_5_30.out,single_points_properties,single_point,normal,5.300000,2,-106.771197420400,1.000,3.000,01100000000000000000010000000,11010000000000000000000000000,0.05873220,0.00344947,printed_ci_coefficient_threshold_from_output
new_runs/single_points_properties/outputs/lif_sp_R_5_30.out,single_points_properties,single_point,normal,5.300000,2,-106.771197420400,1.000,3.000,10100000000000000000100000000,11010000000000000000000000000,-0.05873220,0.00344947,printed_ci_coefficient_threshold_from_output
new_runs/single_points_properties/outputs/lif_sp_R_5_30.out,single_points_properties,single_point,normal,5.300000,2,-106.771197420400,1.000,3.000,01010000000000000000010000000,11100000000000000000000000000,-0.05502470,0.00302772,printed_ci_coefficient_threshold_from_output
new_runs/single_points_properties/outputs/lif_sp_R_5_30.out,single_points_properties,single_point,normal,5.300000,2,-106.771197420400,1.000,3.000,10010000000000000000100000000,11100000000000000000000000000,0.05502470,0.00302772,printed_ci_coefficient_threshold_from_output
new_runs/single_points_properties/outputs/lif_sp_R_5_30.out,single_points_properties,single_point,normal,5.300000,2,-106.771197420400,1.000,3.000,11100000000000000000000000000,01010000000000000000010000000,0.05502470,0.00302772,printed_ci_coefficient_threshold_from_output
new_runs/single_points_properties/outputs/lif_sp_R_5_30.out,single_points_properties,single_point,normal,5.300000,2,-106.771197420400,1.000,3.000,11100000000000000000000000000,10010000000000000000100000000,-0.05502470,0.00302772,printed_ci_coefficient_threshold_from_output
new_runs/single_points_properties/outputs/lif_sp_R_5_30.out,single_points_properties,single_point,normal,5.300000,3,-106.770128250100,0.000,1.000,11100000000000000000000000000,11010000000000000000000000000,-0.64048070,0.41021553,printed_ci_coefficient_threshold_from_output
new_runs/single_points_properties/outputs/lif_sp_R_5_30.out,single_points_properties,single_point,normal,5.300000,3,-106.770128250100,0.000,1.000,11010000000000000000000000000,11100000000000000000000000000,-0.64048070,0.41021553,printed_ci_coefficient_threshold_from_output
new_runs/single_points_properties/outputs/lif_sp_R_5_30.out,single_points_properties,single_point,normal,5.300000,3,-106.770128250100,0.000,1.000,11100000000000000000000000000,11100000000000000000000000000,-0.18385200,0.03380156,printed_ci_coefficient_threshold_from_output
new_runs/single_points_properties/outputs/lif_sp_R_5_30.out,single_points_properties,single_point,normal,5.300000,3,-106.770128250100,0.000,1.000,11100000000000000000000000000,11000010000000000000000000000,-0.16084210,0.02587018,printed_ci_coefficient_threshold_from_output
new_runs/single_points_properties/outputs/lif_sp_R_5_30.out,single_points_properties,single_point,normal,5.300000,3,-106.770128250100,0.000,1.000,11000010000000000000000000000,11100000000000000000000000000,-0.16084210,0.02587018,printed_ci_coefficient_threshold_from_output
new_runs/single_points_properties/outputs/lif_sp_R_5_30.out,single_points_properties,single_point,normal,5.300000,3,-106.770128250100,0.000,1.000,11000000000000000000000000010,11010000000000000000000000000,-0.07336440,0.00538234,printed_ci_coefficient_threshold_from_output
new_runs/single_points_properties/outputs/lif_sp_R_5_30.out,single_points_properties,single_point,normal,5.300000,3,-106.770128250100,0.000,1.000,11010000000000000000000000000,11000000000000000000000000010,-0.07336440,0.00538234,printed_ci_coefficient_threshold_from_output
new_runs/single_points_properties/outputs/lif_sp_R_5_30.out,single_points_properties,single_point,normal,5.300000,3,-106.770128250100,0.000,1.000,10100000000000000000000001000,11010000000000000000000000000,-0.06222120,0.00387148,printed_ci_coefficient_threshold_from_output
new_runs/single_points_properties/outputs/lif_sp_R_5_30.out,single_points_properties,single_point,normal,5.300000,3,-106.770128250100,0.000,1.000,01100000000000000000000000100,11010000000000000000000000000,0.06222120,0.00387148,printed_ci_coefficient_threshold_from_output
new_runs/single_points_properties/outputs/lif_sp_R_5_30.out,single_points_properties,single_point,normal,5.300000,3,-106.770128250100,0.000,1.000,11010000000000000000000000000,10100000000000000000000001000,-0.06222120,0.00387148,printed_ci_coefficient_threshold_from_output
new_runs/single_points_properties/outputs/lif_sp_R_5_30.out,single_points_properties,single_point,normal,5.300000,3,-106.770128250100,0.000,1.000,11010000000000000000000000000,01100000000000000000000000100,0.06222120,0.00387148,printed_ci_coefficient_threshold_from_output
new_runs/single_points_properties/outputs/lif_sp_R_5_30.out,single_points_properties,single_point,normal,5.300000,3,-106.770128250100,0.000,1.000,11100000000000000000000000000,10010000000000000000000001000,-0.05809500,0.00337503,printed_ci_coefficient_threshold_from_output
new_runs/single_points_properties/outputs/lif_sp_R_5_30.out,single_points_properties,single_point,normal,5.300000,3,-106.770128250100,0.000,1.000,11100000000000000000000000000,01010000000000000000000000100,0.05809500,0.00337503,printed_ci_coefficient_threshold_from_output
new_runs/single_points_properties/outputs/lif_sp_R_5_30.out,single_points_properties,single_point,normal,5.300000,3,-106.770128250100,0.000,1.000,10010000000000000000000001000,11100000000000000000000000000,-0.05809500,0.00337503,printed_ci_coefficient_threshold_from_output
new_runs/single_points_properties/outputs/lif_sp_R_5_30.out,single_points_properties,single_point,normal,5.300000,3,-106.770128250100,0.000,1.000,01010000000000000000000000100,11100000000000000000000000000,0.05809500,0.00337503,printed_ci_coefficient_threshold_from_output
new_runs/single_points_properties/outputs/lif_sp_R_5_30.out,single_points_properties,single_point,normal,5.300000,3,-106.770128250100,0.000,1.000,01100000000000000000010000000,11010000000000000000000000000,0.05747960,0.00330390,printed_ci_coefficient_threshold_from_output
new_runs/single_points_properties/outputs/lif_sp_R_5_30.out,single_points_properties,single_point,normal,5.300000,3,-106.770128250100,0.000,1.000,10100000000000000000100000000,11010000000000000000000000000,-0.05747960,0.00330390,printed_ci_coefficient_threshold_from_output
new_runs/single_points_properties/outputs/lif_sp_R_5_30.out,single_points_properties,single_point,normal,5.300000,3,-106.770128250100,0.000,1.000,11010000000000000000000000000,01100000000000000000010000000,0.05747960,0.00330390,printed_ci_coefficient_threshold_from_output
new_runs/single_points_properties/outputs/lif_sp_R_5_30.out,single_points_properties,single_point,normal,5.300000,3,-106.770128250100,0.000,1.000,11010000000000000000000000000,10100000000000000000100000000,-0.05747960,0.00330390,printed_ci_coefficient_threshold_from_output
new_runs/single_points_properties/outputs/lif_sp_R_5_30.out,single_points_properties,single_point,normal,5.300000,3,-106.770128250100,0.000,1.000,11100000000000000000000000000,01010000000000000000010000000,0.05382510,0.00289714,printed_ci_coefficient_threshold_from_output
new_runs/single_points_properties/outputs/lif_sp_R_5_30.out,single_points_properties,single_point,normal,5.300000,3,-106.770128250100,0.000,1.000,11100000000000000000000000000,10010000000000000000100000000,-0.05382510,0.00289714,printed_ci_coefficient_threshold_from_output
new_runs/single_points_properties/outputs/lif_sp_R_5_30.out,single_points_properties,single_point,normal,5.300000,3,-106.770128250100,0.000,1.000,01010000000000000000010000000,11100000000000000000000000000,0.05382510,0.00289714,printed_ci_coefficient_threshold_from_output
new_runs/single_points_properties/outputs/lif_sp_R_5_30.out,single_points_properties,single_point,normal,5.300000,3,-106.770128250100,0.000,1.000,10010000000000000000100000000,11100000000000000000000000000,-0.05382510,0.00289714,printed_ci_coefficient_threshold_from_output
new_runs/single_points_properties/outputs/lif_sp_R_5_30.out,single_points_properties,single_point,normal,5.300000,3,-106.770128250100,0.000,1.000,11100000000000000000000000000,11000001000000000000000000000,0.05312090,0.00282183,printed_ci_coefficient_threshold_from_output
new_runs/single_points_properties/outputs/lif_sp_R_5_30.out,single_points_properties,single_point,normal,5.300000,3,-106.770128250100,0.000,1.000,11000001000000000000000000000,11100000000000000000000000000,0.05312090,0.00282183,printed_ci_coefficient_threshold_from_output
new_runs/single_points_properties/outputs/lif_sp_R_5_50.out,single_points_properties,single_point,normal,5.500000,1,-106.785040242100,0.000,1.000,11100000000000000000000000000,11100000000000000000000000000,0.96452300,0.93030462,printed_ci_coefficient_threshold_from_output
new_runs/single_points_properties/outputs/lif_sp_R_5_50.out,single_points_properties,single_point,normal,5.500000,1,-106.785040242100,0.000,1.000,11100000000000000000000000000,11010000000000000000000000000,-0.12412240,0.01540637,printed_ci_coefficient_threshold_from_output
new_runs/single_points_properties/outputs/lif_sp_R_5_50.out,single_points_properties,single_point,normal,5.500000,1,-106.785040242100,0.000,1.000,11010000000000000000000000000,11100000000000000000000000000,-0.12412240,0.01540637,printed_ci_coefficient_threshold_from_output
new_runs/single_points_properties/outputs/lif_sp_R_5_50.out,single_points_properties,single_point,normal,5.500000,1,-106.785040242100,0.000,1.000,11100000000000000000000000000,11000010000000000000000000000,0.05592070,0.00312712,printed_ci_coefficient_threshold_from_output
new_runs/single_points_properties/outputs/lif_sp_R_5_50.out,single_points_properties,single_point,normal,5.500000,1,-106.785040242100,0.000,1.000,11000010000000000000000000000,11100000000000000000000000000,0.05592070,0.00312712,printed_ci_coefficient_threshold_from_output
new_runs/single_points_properties/outputs/lif_sp_R_5_50.out,single_points_properties,single_point,normal,5.500000,2,-106.771057842500,1.000,3.000,11010000000000000000000000000,11100000000000000000000000000,0.65088020,0.42364503,printed_ci_coefficient_threshold_from_output
new_runs/single_points_properties/outputs/lif_sp_R_5_50.out,single_points_properties,single_point,normal,5.500000,2,-106.771057842500,1.000,3.000,11100000000000000000000000000,11010000000000000000000000000,-0.65088020,0.42364503,printed_ci_coefficient_threshold_from_output
new_runs/single_points_properties/outputs/lif_sp_R_5_50.out,single_points_properties,single_point,normal,5.500000,2,-106.771057842500,1.000,3.000,11000010000000000000000000000,11100000000000000000000000000,-0.16929730,0.02866158,printed_ci_coefficient_threshold_from_output
new_runs/single_points_properties/outputs/lif_sp_R_5_50.out,single_points_properties,single_point,normal,5.500000,2,-106.771057842500,1.000,3.000,11100000000000000000000000000,11000010000000000000000000000,0.16929730,0.02866158,printed_ci_coefficient_threshold_from_output
new_runs/single_points_properties/outputs/lif_sp_R_5_50.out,single_points_properties,single_point,normal,5.500000,2,-106.771057842500,1.000,3.000,11010000000000000000000000000,11000000000000000000000000010,-0.06971550,0.00486025,printed_ci_coefficient_threshold_from_output
new_runs/single_points_properties/outputs/lif_sp_R_5_50.out,single_points_properties,single_point,normal,5.500000,2,-106.771057842500,1.000,3.000,11000000000000000000000000010,11010000000000000000000000000,0.06971550,0.00486025,printed_ci_coefficient_threshold_from_output
new_runs/single_points_properties/outputs/lif_sp_R_5_50.out,single_points_properties,single_point,normal,5.500000,2,-106.771057842500,1.000,3.000,11010000000000000000000000000,10100000000000000000000001000,0.06946710,0.00482568,printed_ci_coefficient_threshold_from_output
new_runs/single_points_properties/outputs/lif_sp_R_5_50.out,single_points_properties,single_point,normal,5.500000,2,-106.771057842500,1.000,3.000,11010000000000000000000000000,01100000000000000000000000100,-0.06946710,0.00482568,printed_ci_coefficient_threshold_from_output
new_runs/single_points_properties/outputs/lif_sp_R_5_50.out,single_points_properties,single_point,normal,5.500000,2,-106.771057842500,1.000,3.000,10100000000000000000000001000,11010000000000000000000000000,-0.06946710,0.00482568,printed_ci_coefficient_threshold_from_output
new_runs/single_points_properties/outputs/lif_sp_R_5_50.out,single_points_properties,single_point,normal,5.500000,2,-106.771057842500,1.000,3.000,01100000000000000000000000100,11010000000000000000000000000,0.06946710,0.00482568,printed_ci_coefficient_threshold_from_output
new_runs/single_points_properties/outputs/lif_sp_R_5_50.out,single_points_properties,single_point,normal,5.500000,2,-106.771057842500,1.000,3.000,10010000000000000000000001000,11100000000000000000000000000,0.06493300,0.00421629,printed_ci_coefficient_threshold_from_output
new_runs/single_points_properties/outputs/lif_sp_R_5_50.out,single_points_properties,single_point,normal,5.500000,2,-106.771057842500,1.000,3.000,01010000000000000000000000100,11100000000000000000000000000,-0.06493300,0.00421629,printed_ci_coefficient_threshold_from_output
new_runs/single_points_properties/outputs/lif_sp_R_5_50.out,single_points_properties,single_point,normal,5.500000,2,-106.771057842500,1.000,3.000,11100000000000000000000000000,10010000000000000000000001000,-0.06493300,0.00421629,printed_ci_coefficient_threshold_from_output
new_runs/single_points_properties/outputs/lif_sp_R_5_50.out,single_points_properties,single_point,normal,5.500000,2,-106.771057842500,1.000,3.000,11100000000000000000000000000,01010000000000000000000000100,0.06493300,0.00421629,printed_ci_coefficient_threshold_from_output
new_runs/single_points_properties/outputs/lif_sp_R_5_50.out,single_points_properties,single_point,normal,5.500000,2,-106.771057842500,1.000,3.000,11010000000000000000000000000,01100000000000000000010000000,-0.05289780,0.00279818,printed_ci_coefficient_threshold_from_output
new_runs/single_points_properties/outputs/lif_sp_R_5_50.out,single_points_properties,single_point,normal,5.500000,2,-106.771057842500,1.000,3.000,11010000000000000000000000000,10100000000000000000100000000,0.05289780,0.00279818,printed_ci_coefficient_threshold_from_output
new_runs/single_points_properties/outputs/lif_sp_R_5_50.out,single_points_properties,single_point,normal,5.500000,2,-106.771057842500,1.000,3.000,01100000000000000000010000000,11010000000000000000000000000,0.05289780,0.00279818,printed_ci_coefficient_threshold_from_output
new_runs/single_points_properties/outputs/lif_sp_R_5_50.out,single_points_properties,single_point,normal,5.500000,2,-106.771057842500,1.000,3.000,10100000000000000000100000000,11010000000000000000000000000,-0.05289780,0.00279818,printed_ci_coefficient_threshold_from_output
new_runs/single_points_properties/outputs/lif_sp_R_5_50.out,single_points_properties,single_point,normal,5.500000,3,-106.770133262500,0.000,1.000,11100000000000000000000000000,11010000000000000000000000000,0.64036490,0.41006721,printed_ci_coefficient_threshold_from_output
new_runs/single_points_properties/outputs/lif_sp_R_5_50.out,single_points_properties,single_point,normal,5.500000,3,-106.770133262500,0.000,1.000,11010000000000000000000000000,11100000000000000000000000000,0.64036490,0.41006721,printed_ci_coefficient_threshold_from_output
new_runs/single_points_properties/outputs/lif_sp_R_5_50.out,single_points_properties,single_point,normal,5.500000,3,-106.770133262500,0.000,1.000,11100000000000000000000000000,11100000000000000000000000000,0.20165550,0.04066494,printed_ci_coefficient_threshold_from_output
new_runs/single_points_properties/outputs/lif_sp_R_5_50.out,single_points_properties,single_point,normal,5.500000,3,-106.770133262500,0.000,1.000,11100000000000000000000000000,11000010000000000000000000000,-0.15586260,0.02429315,printed_ci_coefficient_threshold_from_output
new_runs/single_points_properties/outputs/lif_sp_R_5_50.out,single_points_properties,single_point,normal,5.500000,3,-106.770133262500,0.000,1.000,11000010000000000000000000000,11100000000000000000000000000,-0.15586260,0.02429315,printed_ci_coefficient_threshold_from_output
new_runs/single_points_properties/outputs/lif_sp_R_5_50.out,single_points_properties,single_point,normal,5.500000,3,-106.770133262500,0.000,1.000,11000000000000000000000000010,11010000000000000000000000000,-0.06812990,0.00464168,printed_ci_coefficient_threshold_from_output
new_runs/single_points_properties/outputs/lif_sp_R_5_50.out,single_points_properties,single_point,normal,5.500000,3,-106.770133262500,0.000,1.000,11010000000000000000000000000,11000000000000000000000000010,-0.06812990,0.00464168,printed_ci_coefficient_threshold_from_output
new_runs/single_points_properties/outputs/lif_sp_R_5_50.out,single_points_properties,single_point,normal,5.500000,3,-106.770133262500,0.000,1.000,10100000000000000000000001000,11010000000000000000000000000,0.06774340,0.00458917,printed_ci_coefficient_threshold_from_output
new_runs/single_points_properties/outputs/lif_sp_R_5_50.out,single_points_properties,single_point,normal,5.500000,3,-106.770133262500,0.000,1.000,01100000000000000000000000100,11010000000000000000000000000,-0.06774340,0.00458917,printed_ci_coefficient_threshold_from_output
new_runs/single_points_properties/outputs/lif_sp_R_5_50.out,single_points_properties,single_point,normal,5.500000,3,-106.770133262500,0.000,1.000,11010000000000000000000000000,10100000000000000000000001000,0.06774340,0.00458917,printed_ci_coefficient_threshold_from_output
new_runs/single_points_properties/outputs/lif_sp_R_5_50.out,single_points_properties,single_point,normal,5.500000,3,-106.770133262500,0.000,1.000,11010000000000000000000000000,01100000000000000000000000100,-0.06774340,0.00458917,printed_ci_coefficient_threshold_from_output
new_runs/single_points_properties/outputs/lif_sp_R_5_50.out,single_points_properties,single_point,normal,5.500000,3,-106.770133262500,0.000,1.000,11100000000000000000000000000,10010000000000000000000001000,0.06330060,0.00400697,printed_ci_coefficient_threshold_from_output
new_runs/single_points_properties/outputs/lif_sp_R_5_50.out,single_points_properties,single_point,normal,5.500000,3,-106.770133262500,0.000,1.000,11100000000000000000000000000,01010000000000000000000000100,-0.06330060,0.00400697,printed_ci_coefficient_threshold_from_output
new_runs/single_points_properties/outputs/lif_sp_R_5_50.out,single_points_properties,single_point,normal,5.500000,3,-106.770133262500,0.000,1.000,10010000000000000000000001000,11100000000000000000000000000,0.06330060,0.00400697,printed_ci_coefficient_threshold_from_output
new_runs/single_points_properties/outputs/lif_sp_R_5_50.out,single_points_properties,single_point,normal,5.500000,3,-106.770133262500,0.000,1.000,01010000000000000000000000100,11100000000000000000000000000,-0.06330060,0.00400697,printed_ci_coefficient_threshold_from_output
new_runs/single_points_properties/outputs/lif_sp_R_5_50.out,single_points_properties,single_point,normal,5.500000,3,-106.770133262500,0.000,1.000,01100000000000000000010000000,11010000000000000000000000000,-0.05157920,0.00266041,printed_ci_coefficient_threshold_from_output
new_runs/single_points_properties/outputs/lif_sp_R_5_50.out,single_points_properties,single_point,normal,5.500000,3,-106.770133262500,0.000,1.000,10100000000000000000100000000,11010000000000000000000000000,0.05157920,0.00266041,printed_ci_coefficient_threshold_from_output
new_runs/single_points_properties/outputs/lif_sp_R_5_50.out,single_points_properties,single_point,normal,5.500000,3,-106.770133262500,0.000,1.000,11010000000000000000000000000,01100000000000000000010000000,-0.05157920,0.00266041,printed_ci_coefficient_threshold_from_output
new_runs/single_points_properties/outputs/lif_sp_R_5_50.out,single_points_properties,single_point,normal,5.500000,3,-106.770133262500,0.000,1.000,11010000000000000000000000000,10100000000000000000100000000,0.05157920,0.00266041,printed_ci_coefficient_threshold_from_output
new_runs/single_points_properties/outputs/lif_sp_R_5_60.out,single_points_properties,single_point,normal,5.600000,1,-106.783197728900,0.000,1.000,11100000000000000000000000000,11100000000000000000000000000,-0.96197270,0.92539148,printed_ci_coefficient_threshold_from_output
new_runs/single_points_properties/outputs/lif_sp_R_5_60.out,single_points_properties,single_point,normal,5.600000,1,-106.783197728900,0.000,1.000,11100000000000000000000000000,11010000000000000000000000000,0.13301190,0.01769217,printed_ci_coefficient_threshold_from_output
new_runs/single_points_properties/outputs/lif_sp_R_5_60.out,single_points_properties,single_point,normal,5.600000,1,-106.783197728900,0.000,1.000,11010000000000000000000000000,11100000000000000000000000000,0.13301190,0.01769217,printed_ci_coefficient_threshold_from_output
new_runs/single_points_properties/outputs/lif_sp_R_5_60.out,single_points_properties,single_point,normal,5.600000,1,-106.783197728900,0.000,1.000,11100000000000000000000000000,11000010000000000000000000000,0.05711660,0.00326231,printed_ci_coefficient_threshold_from_output
new_runs/single_points_properties/outputs/lif_sp_R_5_60.out,single_points_properties,single_point,normal,5.600000,1,-106.783197728900,0.000,1.000,11000010000000000000000000000,11100000000000000000000000000,0.05711660,0.00326231,printed_ci_coefficient_threshold_from_output
new_runs/single_points_properties/outputs/lif_sp_R_5_60.out,single_points_properties,single_point,normal,5.600000,2,-106.770989154200,1.000,3.000,11010000000000000000000000000,11100000000000000000000000000,0.65217840,0.42533667,printed_ci_coefficient_threshold_from_output
new_runs/single_points_properties/outputs/lif_sp_R_5_60.out,single_points_properties,single_point,normal,5.600000,2,-106.770989154200,1.000,3.000,11100000000000000000000000000,11010000000000000000000000000,-0.65217840,0.42533667,printed_ci_coefficient_threshold_from_output
new_runs/single_points_properties/outputs/lif_sp_R_5_60.out,single_points_properties,single_point,normal,5.600000,2,-106.770989154200,1.000,3.000,11000010000000000000000000000,11100000000000000000000000000,0.16610010,0.02758924,printed_ci_coefficient_threshold_from_output
new_runs/single_points_properties/outputs/lif_sp_R_5_60.out,single_points_properties,single_point,normal,5.600000,2,-106.770989154200,1.000,3.000,11100000000000000000000000000,11000010000000000000000000000,-0.16610010,0.02758924,printed_ci_coefficient_threshold_from_output
new_runs/single_points_properties/outputs/lif_sp_R_5_60.out,single_points_properties,single_point,normal,5.600000,2,-106.770989154200,1.000,3.000,11010000000000000000000000000,10100000000000000000000000100,0.07232100,0.00523033,printed_ci_coefficient_threshold_from_output
new_runs/single_points_properties/outputs/lif_sp_R_5_60.out,single_points_properties,single_point,normal,5.600000,2,-106.770989154200,1.000,3.000,11010000000000000000000000000,01100000000000000000000001000,-0.07232100,0.00523033,printed_ci_coefficient_threshold_from_output
new_runs/single_points_properties/outputs/lif_sp_R_5_60.out,single_points_properties,single_point,normal,5.600000,2,-106.770989154200,1.000,3.000,10100000000000000000000000100,11010000000000000000000000000,-0.07232100,0.00523033,printed_ci_coefficient_threshold_from_output
new_runs/single_points_properties/outputs/lif_sp_R_5_60.out,single_points_properties,single_point,normal,5.600000,2,-106.770989154200,1.000,3.000,01100000000000000000000001000,11010000000000000000000000000,0.07232100,0.00523033,printed_ci_coefficient_threshold_from_output
new_runs/single_points_properties/outputs/lif_sp_R_5_60.out,single_points_properties,single_point,normal,5.600000,2,-106.770989154200,1.000,3.000,11010000000000000000000000000,11000000000000000000000000010,-0.06799710,0.00462361,printed_ci_coefficient_threshold_from_output
new_runs/single_points_properties/outputs/lif_sp_R_5_60.out,single_points_properties,single_point,normal,5.600000,2,-106.770989154200,1.000,3.000,11000000000000000000000000010,11010000000000000000000000000,0.06799710,0.00462361,printed_ci_coefficient_threshold_from_output
new_runs/single_points_properties/outputs/lif_sp_R_5_60.out,single_points_properties,single_point,normal,5.600000,2,-106.770989154200,1.000,3.000,10010000000000000000000000100,11100000000000000000000000000,0.06762120,0.00457263,printed_ci_coefficient_threshold_from_output
new_runs/single_points_properties/outputs/lif_sp_R_5_60.out,single_points_properties,single_point,normal,5.600000,2,-106.770989154200,1.000,3.000,01010000000000000000000001000,11100000000000000000000000000,-0.06762120,0.00457263,printed_ci_coefficient_threshold_from_output
new_runs/single_points_properties/outputs/lif_sp_R_5_60.out,single_points_properties,single_point,normal,5.600000,2,-106.770989154200,1.000,3.000,11100000000000000000000000000,10010000000000000000000000100,-0.06762120,0.00457263,printed_ci_coefficient_threshold_from_output
new_runs/single_points_properties/outputs/lif_sp_R_5_60.out,single_points_properties,single_point,normal,5.600000,2,-106.770989154200,1.000,3.000,11100000000000000000000000000,01010000000000000000000001000,0.06762120,0.00457263,printed_ci_coefficient_threshold_from_output
new_runs/single_points_properties/outputs/lif_sp_R_5_60.out,single_points_properties,single_point,normal,5.600000,2,-106.770989154200,1.000,3.000,11010000000000000000000000000,11000000000000000000000000001,-0.05028930,0.00252901,printed_ci_coefficient_threshold_from_output
new_runs/single_points_properties/outputs/lif_sp_R_5_60.out,single_points_properties,single_point,normal,5.600000,2,-106.770989154200,1.000,3.000,11000000000000000000000000001,11010000000000000000000000000,0.05028930,0.00252901,printed_ci_coefficient_threshold_from_output
new_runs/single_points_properties/outputs/lif_sp_R_5_60.out,single_points_properties,single_point,normal,5.600000,3,-106.770117169200,0.000,1.000,11100000000000000000000000000,11010000000000000000000000000,-0.63968280,0.40919408,printed_ci_coefficient_threshold_from_output
new_runs/single_points_properties/outputs/lif_sp_R_5_60.out,single_points_properties,single_point,normal,5.600000,3,-106.770117169200,0.000,1.000,11010000000000000000000000000,11100000000000000000000000000,-0.63968280,0.40919408,printed_ci_coefficient_threshold_from_output
new_runs/single_points_properties/outputs/lif_sp_R_5_60.out,single_points_properties,single_point,normal,5.600000,3,-106.770117169200,0.000,1.000,11100000000000000000000000000,11100000000000000000000000000,-0.21399120,0.04579223,printed_ci_coefficient_threshold_from_output
new_runs/single_points_properties/outputs/lif_sp_R_5_60.out,single_points_properties,single_point,normal,5.600000,3,-106.770117169200,0.000,1.000,11100000000000000000000000000,11000010000000000000000000000,-0.15267610,0.02330999,printed_ci_coefficient_threshold_from_output
new_runs/single_points_properties/outputs/lif_sp_R_5_60.out,single_points_properties,single_point,normal,5.600000,3,-106.770117169200,0.000,1.000,11000010000000000000000000000,11100000000000000000000000000,-0.15267610,0.02330999,printed_ci_coefficient_threshold_from_output
new_runs/single_points_properties/outputs/lif_sp_R_5_60.out,single_points_properties,single_point,normal,5.600000,3,-106.770117169200,0.000,1.000,01100000000000000000000001000,11010000000000000000000000000,0.07033100,0.00494645,printed_ci_coefficient_threshold_from_output
new_runs/single_points_properties/outputs/lif_sp_R_5_60.out,single_points_properties,single_point,normal,5.600000,3,-106.770117169200,0.000,1.000,10100000000000000000000000100,11010000000000000000000000000,-0.07033100,0.00494645,printed_ci_coefficient_threshold_from_output
new_runs/single_points_properties/outputs/lif_sp_R_5_60.out,single_points_properties,single_point,normal,5.600000,3,-106.770117169200,0.000,1.000,11010000000000000000000000000,10100000000000000000000000100,-0.07033100,0.00494645,printed_ci_coefficient_threshold_from_output
new_runs/single_points_properties/outputs/lif_sp_R_5_60.out,single_points_properties,single_point,normal,5.600000,3,-106.770117169200,0.000,1.000,11010000000000000000000000000,01100000000000000000000001000,0.07033100,0.00494645,printed_ci_coefficient_threshold_from_output
new_runs/single_points_properties/outputs/lif_sp_R_5_60.out,single_points_properties,single_point,normal,5.600000,3,-106.770117169200,0.000,1.000,11000000000000000000000000010,11010000000000000000000000000,0.06624830,0.00438884,printed_ci_coefficient_threshold_from_output
new_runs/single_points_properties/outputs/lif_sp_R_5_60.out,single_points_properties,single_point,normal,5.600000,3,-106.770117169200,0.000,1.000,11010000000000000000000000000,11000000000000000000000000010,0.06624830,0.00438884,printed_ci_coefficient_threshold_from_output
new_runs/single_points_properties/outputs/lif_sp_R_5_60.out,single_points_properties,single_point,normal,5.600000,3,-106.770117169200,0.000,1.000,11100000000000000000000000000,10010000000000000000000000100,-0.06574130,0.00432192,printed_ci_coefficient_threshold_from_output
new_runs/single_points_properties/outputs/lif_sp_R_5_60.out,single_points_properties,single_point,normal,5.600000,3,-106.770117169200,0.000,1.000,11100000000000000000000000000,01010000000000000000000001000,0.06574130,0.00432192,printed_ci_coefficient_threshold_from_output
new_runs/single_points_properties/outputs/lif_sp_R_5_60.out,single_points_properties,single_point,normal,5.600000,3,-106.770117169200,0.000,1.000,10010000000000000000000000100,11100000000000000000000000000,-0.06574130,0.00432192,printed_ci_coefficient_threshold_from_output
new_runs/single_points_properties/outputs/lif_sp_R_5_60.out,single_points_properties,single_point,normal,5.600000,3,-106.770117169200,0.000,1.000,01010000000000000000000001000,11100000000000000000000000000,0.06574130,0.00432192,printed_ci_coefficient_threshold_from_output
new_runs/single_points_properties/outputs/lif_sp_R_5_65.out,single_points_properties,single_point,normal,5.650000,1,-106.782304495900,0.000,1.000,11100000000000000000000000000,11100000000000000000000000000,-0.96035500,0.92228173,printed_ci_coefficient_threshold_from_output
new_runs/single_points_properties/outputs/lif_sp_R_5_65.out,single_points_properties,single_point,normal,5.650000,1,-106.782304495900,0.000,1.000,11100000000000000000000000000,11010000000000000000000000000,0.13828500,0.01912274,printed_ci_coefficient_threshold_from_output
new_runs/single_points_properties/outputs/lif_sp_R_5_65.out,single_points_properties,single_point,normal,5.650000,1,-106.782304495900,0.000,1.000,11010000000000000000000000000,11100000000000000000000000000,0.13828500,0.01912274,printed_ci_coefficient_threshold_from_output
new_runs/single_points_properties/outputs/lif_sp_R_5_65.out,single_points_properties,single_point,normal,5.650000,1,-106.782304495900,0.000,1.000,11100000000000000000000000000,11000010000000000000000000000,-0.05780100,0.00334096,printed_ci_coefficient_threshold_from_output
new_runs/single_points_properties/outputs/lif_sp_R_5_65.out,single_points_properties,single_point,normal,5.650000,1,-106.782304495900,0.000,1.000,11000010000000000000000000000,11100000000000000000000000000,-0.05780100,0.00334096,printed_ci_coefficient_threshold_from_output
new_runs/single_points_properties/outputs/lif_sp_R_5_65.out,single_points_properties,single_point,normal,5.650000,2,-106.770955225400,1.000,3.000,11010000000000000000000000000,11100000000000000000000000000,-0.65279040,0.42613531,printed_ci_coefficient_threshold_from_output
new_runs/single_points_properties/outputs/lif_sp_R_5_65.out,single_points_properties,single_point,normal,5.650000,2,-106.770955225400,1.000,3.000,11100000000000000000000000000,11010000000000000000000000000,0.65279040,0.42613531,printed_ci_coefficient_threshold_from_output
new_runs/single_points_properties/outputs/lif_sp_R_5_65.out,single_points_properties,single_point,normal,5.650000,2,-106.770955225400,1.000,3.000,11000010000000000000000000000,11100000000000000000000000000,0.16447980,0.02705360,printed_ci_coefficient_threshold_from_output
new_runs/single_points_properties/outputs/lif_sp_R_5_65.out,single_points_properties,single_point,normal,5.650000,2,-106.770955225400,1.000,3.000,11100000000000000000000000000,11000010000000000000000000000,-0.16447980,0.02705360,printed_ci_coefficient_threshold_from_output
new_runs/single_points_properties/outputs/lif_sp_R_5_65.out,single_points_properties,single_point,normal,5.650000,2,-106.770955225400,1.000,3.000,11010000000000000000000000000,10100000000000000000000001000,-0.07369710,0.00543126,printed_ci_coefficient_threshold_from_output
new_runs/single_points_properties/outputs/lif_sp_R_5_65.out,single_points_properties,single_point,normal,5.650000,2,-106.770955225400,1.000,3.000,11010000000000000000000000000,01100000000000000000000000100,0.07369710,0.00543126,printed_ci_coefficient_threshold_from_output
new_runs/single_points_properties/outputs/lif_sp_R_5_65.out,single_points_properties,single_point,normal,5.650000,2,-106.770955225400,1.000,3.000,10100000000000000000000001000,11010000000000000000000000000,0.07369710,0.00543126,printed_ci_coefficient_threshold_from_output
new_runs/single_points_properties/outputs/lif_sp_R_5_65.out,single_points_properties,single_point,normal,5.650000,2,-106.770955225400,1.000,3.000,01100000000000000000000000100,11010000000000000000000000000,-0.07369710,0.00543126,printed_ci_coefficient_threshold_from_output
new_runs/single_points_properties/outputs/lif_sp_R_5_65.out,single_points_properties,single_point,normal,5.650000,2,-106.770955225400,1.000,3.000,10010000000000000000000001000,11100000000000000000000000000,-0.06891740,0.00474961,printed_ci_coefficient_threshold_from_output
new_runs/single_points_properties/outputs/lif_sp_R_5_65.out,single_points_properties,single_point,normal,5.650000,2,-106.770955225400,1.000,3.000,01010000000000000000000000100,11100000000000000000000000000,0.06891740,0.00474961,printed_ci_coefficient_threshold_from_output
new_runs/single_points_properties/outputs/lif_sp_R_5_65.out,single_points_properties,single_point,normal,5.650000,2,-106.770955225400,1.000,3.000,11100000000000000000000000000,10010000000000000000000001000,0.06891740,0.00474961,printed_ci_coefficient_threshold_from_output
new_runs/single_points_properties/outputs/lif_sp_R_5_65.out,single_points_properties,single_point,normal,5.650000,2,-106.770955225400,1.000,3.000,11100000000000000000000000000,01010000000000000000000000100,-0.06891740,0.00474961,printed_ci_coefficient_threshold_from_output
new_runs/single_points_properties/outputs/lif_sp_R_5_65.out,single_points_properties,single_point,normal,5.650000,2,-106.770955225400,1.000,3.000,11010000000000000000000000000,11000000000000000000000000010,0.06732430,0.00453256,printed_ci_coefficient_threshold_from_output
new_runs/single_points_properties/outputs/lif_sp_R_5_65.out,single_points_properties,single_point,normal,5.650000,2,-106.770955225400,1.000,3.000,11000000000000000000000000010,11010000000000000000000000000,-0.06732430,0.00453256,printed_ci_coefficient_threshold_from_output
new_runs/single_points_properties/outputs/lif_sp_R_5_65.out,single_points_properties,single_point,normal,5.650000,2,-106.770955225400,1.000,3.000,11010000000000000000000000000,11000000000000000000000000001,-0.05087500,0.00258827,printed_ci_coefficient_threshold_from_output
new_runs/single_points_properties/outputs/lif_sp_R_5_65.out,single_points_properties,single_point,normal,5.650000,2,-106.770955225400,1.000,3.000,11000000000000000000000000001,11010000000000000000000000000,0.05087500,0.00258827,printed_ci_coefficient_threshold_from_output
new_runs/single_points_properties/outputs/lif_sp_R_5_65.out,single_points_properties,single_point,normal,5.650000,3,-106.770104419800,0.000,1.000,11100000000000000000000000000,11010000000000000000000000000,-0.63909460,0.40844191,printed_ci_coefficient_threshold_from_output
new_runs/single_points_properties/outputs/lif_sp_R_5_65.out,single_points_properties,single_point,normal,5.650000,3,-106.770104419800,0.000,1.000,11010000000000000000000000000,11100000000000000000000000000,-0.63909460,0.40844191,printed_ci_coefficient_threshold_from_output
new_runs/single_points_properties/outputs/lif_sp_R_5_65.out,single_points_properties,single_point,normal,5.650000,3,-106.770104419800,0.000,1.000,11100000000000000000000000000,11100000000000000000000000000,-0.22138730,0.04901234,printed_ci_coefficient_threshold_from_output
new_runs/single_points_properties/outputs/lif_sp_R_5_65.out,single_points_properties,single_point,normal,5.650000,3,-106.770104419800,0.000,1.000,11100000000000000000000000000,11000010000000000000000000000,0.15097010,0.02279197,printed_ci_coefficient_threshold_from_output
new_runs/single_points_properties/outputs/lif_sp_R_5_65.out,single_points_properties,single_point,normal,5.650000,3,-106.770104419800,0.000,1.000,11000010000000000000000000000,11100000000000000000000000000,0.15097010,0.02279197,printed_ci_coefficient_threshold_from_output
new_runs/single_points_properties/outputs/lif_sp_R_5_65.out,single_points_properties,single_point,normal,5.650000,3,-106.770104419800,0.000,1.000,10100000000000000000000001000,11010000000000000000000000000,-0.07154410,0.00511856,printed_ci_coefficient_threshold_from_output
new_runs/single_points_properties/outputs/lif_sp_R_5_65.out,single_points_properties,single_point,normal,5.650000,3,-106.770104419800,0.000,1.000,01100000000000000000000000100,11010000000000000000000000000,0.07154410,0.00511856,printed_ci_coefficient_threshold_from_output
new_runs/single_points_properties/outputs/lif_sp_R_5_65.out,single_points_properties,single_point,normal,5.650000,3,-106.770104419800,0.000,1.000,11010000000000000000000000000,10100000000000000000000001000,-0.07154410,0.00511856,printed_ci_coefficient_threshold_from_output
new_runs/single_points_properties/outputs/lif_sp_R_5_65.out,single_points_properties,single_point,normal,5.650000,3,-106.770104419800,0.000,1.000,11010000000000000000000000000,01100000000000000000000000100,0.07154410,0.00511856,printed_ci_coefficient_threshold_from_output
new_runs/single_points_properties/outputs/lif_sp_R_5_65.out,single_points_properties,single_point,normal,5.650000,3,-106.770104419800,0.000,1.000,11100000000000000000000000000,10010000000000000000000001000,-0.06688590,0.00447372,printed_ci_coefficient_threshold_from_output
new_runs/single_points_properties/outputs/lif_sp_R_5_65.out,single_points_properties,single_point,normal,5.650000,3,-106.770104419800,0.000,1.000,11100000000000000000000000000,01010000000000000000000000100,0.06688590,0.00447372,printed_ci_coefficient_threshold_from_output
new_runs/single_points_properties/outputs/lif_sp_R_5_65.out,single_points_properties,single_point,normal,5.650000,3,-106.770104419800,0.000,1.000,10010000000000000000000001000,11100000000000000000000000000,-0.06688590,0.00447372,printed_ci_coefficient_threshold_from_output
new_runs/single_points_properties/outputs/lif_sp_R_5_65.out,single_points_properties,single_point,normal,5.650000,3,-106.770104419800,0.000,1.000,01010000000000000000000000100,11100000000000000000000000000,0.06688590,0.00447372,printed_ci_coefficient_threshold_from_output
new_runs/single_points_properties/outputs/lif_sp_R_5_65.out,single_points_properties,single_point,normal,5.650000,3,-106.770104419800,0.000,1.000,11000000000000000000000000010,11010000000000000000000000000,0.06546920,0.00428622,printed_ci_coefficient_threshold_from_output
new_runs/single_points_properties/outputs/lif_sp_R_5_65.out,single_points_properties,single_point,normal,5.650000,3,-106.770104419800,0.000,1.000,11010000000000000000000000000,11000000000000000000000000010,0.06546920,0.00428622,printed_ci_coefficient_threshold_from_output
new_runs/single_points_properties/outputs/lif_sp_R_5_70.out,single_points_properties,single_point,normal,5.700000,1,-106.781429719700,0.000,1.000,11100000000000000000000000000,11100000000000000000000000000,0.95843020,0.91858845,printed_ci_coefficient_threshold_from_output
new_runs/single_points_properties/outputs/lif_sp_R_5_70.out,single_points_properties,single_point,normal,5.700000,1,-106.781429719700,0.000,1.000,11100000000000000000000000000,11010000000000000000000000000,-0.14424670,0.02080711,printed_ci_coefficient_threshold_from_output
new_runs/single_points_properties/outputs/lif_sp_R_5_70.out,single_points_properties,single_point,normal,5.700000,1,-106.781429719700,0.000,1.000,11010000000000000000000000000,11100000000000000000000000000,-0.14424670,0.02080711,printed_ci_coefficient_threshold_from_output
new_runs/single_points_properties/outputs/lif_sp_R_5_70.out,single_points_properties,single_point,normal,5.700000,1,-106.781429719700,0.000,1.000,11100000000000000000000000000,11000010000000000000000000000,-0.05859740,0.00343366,printed_ci_coefficient_threshold_from_output
new_runs/single_points_properties/outputs/lif_sp_R_5_70.out,single_points_properties,single_point,normal,5.700000,1,-106.781429719700,0.000,1.000,11000010000000000000000000000,11100000000000000000000000000,-0.05859740,0.00343366,printed_ci_coefficient_threshold_from_output
new_runs/single_points_properties/outputs/lif_sp_R_5_70.out,single_points_properties,single_point,normal,5.700000,2,-106.770921719500,1.000,3.000,11010000000000000000000000000,11100000000000000000000000000,0.65338570,0.42691287,printed_ci_coefficient_threshold_from_output
new_runs/single_points_properties/outputs/lif_sp_R_5_70.out,single_points_properties,single_point,normal,5.700000,2,-106.770921719500,1.000,3.000,11100000000000000000000000000,11010000000000000000000000000,-0.65338570,0.42691287,printed_ci_coefficient_threshold_from_output
new_runs/single_points_properties/outputs/lif_sp_R_5_70.out,single_points_properties,single_point,normal,5.700000,2,-106.770921719500,1.000,3.000,11000010000000000000000000000,11100000000000000000000000000,0.16282880,0.02651322,printed_ci_coefficient_threshold_from_output
new_runs/single_points_properties/outputs/lif_sp_R_5_70.out,single_points_properties,single_point,normal,5.700000,2,-106.770921719500,1.000,3.000,11100000000000000000000000000,11000010000000000000000000000,-0.16282880,0.02651322,printed_ci_coefficient_threshold_from_output
new_runs/single_points_properties/outputs/lif_sp_R_5_70.out,single_points_properties,single_point,normal,5.700000,2,-106.770921719500,1.000,3.000,11010000000000000000000000000,10100000000000000000000001000,0.07503420,0.00563013,printed_ci_coefficient_threshold_from_output
new_runs/single_points_properties/outputs/lif_sp_R_5_70.out,single_points_properties,single_point,normal,5.700000,2,-106.770921719500,1.000,3.000,11010000000000000000000000000,01100000000000000000000000100,-0.07503420,0.00563013,printed_ci_coefficient_threshold_from_output
new_runs/single_points_properties/outputs/lif_sp_R_5_70.out,single_points_properties,single_point,normal,5.700000,2,-106.770921719500,1.000,3.000,10100000000000000000000001000,11010000000000000000000000000,-0.07503420,0.00563013,printed_ci_coefficient_threshold_from_output
new_runs/single_points_properties/outputs/lif_sp_R_5_70.out,single_points_properties,single_point,normal,5.700000,2,-106.770921719500,1.000,3.000,01100000000000000000000000100,11010000000000000000000000000,0.07503420,0.00563013,printed_ci_coefficient_threshold_from_output
new_runs/single_points_properties/outputs/lif_sp_R_5_70.out,single_points_properties,single_point,normal,5.700000,2,-106.770921719500,1.000,3.000,10010000000000000000000001000,11100000000000000000000000000,0.07017690,0.00492480,printed_ci_coefficient_threshold_from_output
new_runs/single_points_properties/outputs/lif_sp_R_5_70.out,single_points_properties,single_point,normal,5.700000,2,-106.770921719500,1.000,3.000,01010000000000000000000000100,11100000000000000000000000000,-0.07017690,0.00492480,printed_ci_coefficient_threshold_from_output
new_runs/single_points_properties/outputs/lif_sp_R_5_70.out,single_points_properties,single_point,normal,5.700000,2,-106.770921719500,1.000,3.000,11100000000000000000000000000,10010000000000000000000001000,-0.07017690,0.00492480,printed_ci_coefficient_threshold_from_output
new_runs/single_points_properties/outputs/lif_sp_R_5_70.out,single_points_properties,single_point,normal,5.700000,2,-106.770921719500,1.000,3.000,11100000000000000000000000000,01010000000000000000000000100,0.07017690,0.00492480,printed_ci_coefficient_threshold_from_output
new_runs/single_points_properties/outputs/lif_sp_R_5_70.out,single_points_properties,single_point,normal,5.700000,2,-106.770921719500,1.000,3.000,11010000000000000000000000000,11000000000000000000000000010,0.06677540,0.00445895,printed_ci_coefficient_threshold_from_output
new_runs/single_points_properties/outputs/lif_sp_R_5_70.out,single_points_properties,single_point,normal,5.700000,2,-106.770921719500,1.000,3.000,11000000000000000000000000010,11010000000000000000000000000,-0.06677540,0.00445895,printed_ci_coefficient_threshold_from_output
new_runs/single_points_properties/outputs/lif_sp_R_5_70.out,single_points_properties,single_point,normal,5.700000,2,-106.770921719500,1.000,3.000,11010000000000000000000000000,11000000000000000000000000001,0.05139740,0.00264169,printed_ci_coefficient_threshold_from_output
new_runs/single_points_properties/outputs/lif_sp_R_5_70.out,single_points_properties,single_point,normal,5.700000,2,-106.770921719500,1.000,3.000,11000000000000000000000000001,11010000000000000000000000000,-0.05139740,0.00264169,printed_ci_coefficient_threshold_from_output
new_runs/single_points_properties/outputs/lif_sp_R_5_70.out,single_points_properties,single_point,normal,5.700000,3,-106.770088472800,0.000,1.000,11100000000000000000000000000,11010000000000000000000000000,0.63829930,0.40742600,printed_ci_coefficient_threshold_from_output
new_runs/single_points_properties/outputs/lif_sp_R_5_70.out,single_points_properties,single_point,normal,5.700000,3,-106.770088472800,0.000,1.000,11010000000000000000000000000,11100000000000000000000000000,0.63829930,0.40742600,printed_ci_coefficient_threshold_from_output
new_runs/single_points_properties/outputs/lif_sp_R_5_70.out,single_points_properties,single_point,normal,5.700000,3,-106.770088472800,0.000,1.000,11100000000000000000000000000,11100000000000000000000000000,0.22981520,0.05281503,printed_ci_coefficient_threshold_from_output
new_runs/single_points_properties/outputs/lif_sp_R_5_70.out,single_points_properties,single_point,normal,5.700000,3,-106.770088472800,0.000,1.000,11100000000000000000000000000,11000010000000000000000000000,0.14915570,0.02224742,printed_ci_coefficient_threshold_from_output
new_runs/single_points_properties/outputs/lif_sp_R_5_70.out,single_points_properties,single_point,normal,5.700000,3,-106.770088472800,0.000,1.000,11000010000000000000000000000,11100000000000000000000000000,0.14915570,0.02224742,printed_ci_coefficient_threshold_from_output
new_runs/single_points_properties/outputs/lif_sp_R_5_70.out,single_points_properties,single_point,normal,5.700000,3,-106.770088472800,0.000,1.000,10100000000000000000000001000,11010000000000000000000000000,0.07269030,0.00528388,printed_ci_coefficient_threshold_from_output
new_runs/single_points_properties/outputs/lif_sp_R_5_70.out,single_points_properties,single_point,normal,5.700000,3,-106.770088472800,0.000,1.000,01100000000000000000000000100,11010000000000000000000000000,-0.07269030,0.00528388,printed_ci_coefficient_threshold_from_output
new_runs/single_points_properties/outputs/lif_sp_R_5_70.out,single_points_properties,single_point,normal,5.700000,3,-106.770088472800,0.000,1.000,11010000000000000000000000000,10100000000000000000000001000,0.07269030,0.00528388,printed_ci_coefficient_threshold_from_output
new_runs/single_points_properties/outputs/lif_sp_R_5_70.out,single_points_properties,single_point,normal,5.700000,3,-106.770088472800,0.000,1.000,11010000000000000000000000000,01100000000000000000000000100,-0.07269030,0.00528388,printed_ci_coefficient_threshold_from_output
new_runs/single_points_properties/outputs/lif_sp_R_5_70.out,single_points_properties,single_point,normal,5.700000,3,-106.770088472800,0.000,1.000,11100000000000000000000000000,10010000000000000000000001000,0.06796760,0.00461959,printed_ci_coefficient_threshold_from_output
new_runs/single_points_properties/outputs/lif_sp_R_5_70.out,single_points_properties,single_point,normal,5.700000,3,-106.770088472800,0.000,1.000,11100000000000000000000000000,01010000000000000000000000100,-0.06796760,0.00461959,printed_ci_coefficient_threshold_from_output
new_runs/single_points_properties/outputs/lif_sp_R_5_70.out,single_points_properties,single_point,normal,5.700000,3,-106.770088472800,0.000,1.000,10010000000000000000000001000,11100000000000000000000000000,0.06796760,0.00461959,printed_ci_coefficient_threshold_from_output
new_runs/single_points_properties/outputs/lif_sp_R_5_70.out,single_points_properties,single_point,normal,5.700000,3,-106.770088472800,0.000,1.000,01010000000000000000000000100,11100000000000000000000000000,-0.06796760,0.00461959,printed_ci_coefficient_threshold_from_output
new_runs/single_points_properties/outputs/lif_sp_R_5_70.out,single_points_properties,single_point,normal,5.700000,3,-106.770088472800,0.000,1.000,11000000000000000000000000010,11010000000000000000000000000,0.06479220,0.00419803,printed_ci_coefficient_threshold_from_output
new_runs/single_points_properties/outputs/lif_sp_R_5_70.out,single_points_properties,single_point,normal,5.700000,3,-106.770088472800,0.000,1.000,11010000000000000000000000000,11000000000000000000000000010,0.06479220,0.00419803,printed_ci_coefficient_threshold_from_output
new_runs/single_points_properties/outputs/lif_sp_R_5_75.out,single_points_properties,single_point,normal,5.750000,1,-106.780573329900,0.000,1.000,11100000000000000000000000000,11100000000000000000000000000,0.95611720,0.91416010,printed_ci_coefficient_threshold_from_output
new_runs/single_points_properties/outputs/lif_sp_R_5_75.out,single_points_properties,single_point,normal,5.750000,1,-106.780573329900,0.000,1.000,11100000000000000000000000000,11010000000000000000000000000,0.15103510,0.02281160,printed_ci_coefficient_threshold_from_output
new_runs/single_points_properties/outputs/lif_sp_R_5_75.out,single_points_properties,single_point,normal,5.750000,1,-106.780573329900,0.000,1.000,11010000000000000000000000000,11100000000000000000000000000,0.15103510,0.02281160,printed_ci_coefficient_threshold_from_output
new_runs/single_points_properties/outputs/lif_sp_R_5_75.out,single_points_properties,single_point,normal,5.750000,1,-106.780573329900,0.000,1.000,11100000000000000000000000000,11000010000000000000000000000,-0.05953620,0.00354456,printed_ci_coefficient_threshold_from_output
new_runs/single_points_properties/outputs/lif_sp_R_5_75.out,single_points_properties,single_point,normal,5.750000,1,-106.780573329900,0.000,1.000,11000010000000000000000000000,11100000000000000000000000000,-0.05953620,0.00354456,printed_ci_coefficient_threshold_from_output
new_runs/single_points_properties/outputs/lif_sp_R_5_75.out,single_points_properties,single_point,normal,5.750000,2,-106.770888670700,1.000,3.000,11010000000000000000000000000,11100000000000000000000000000,-0.65396450,0.42766957,printed_ci_coefficient_threshold_from_output
new_runs/single_points_properties/outputs/lif_sp_R_5_75.out,single_points_properties,single_point,normal,5.750000,2,-106.770888670700,1.000,3.000,11100000000000000000000000000,11010000000000000000000000000,0.65396450,0.42766957,printed_ci_coefficient_threshold_from_output
new_runs/single_points_properties/outputs/lif_sp_R_5_75.out,single_points_properties,single_point,normal,5.750000,2,-106.770888670700,1.000,3.000,11000010000000000000000000000,11100000000000000000000000000,0.16115430,0.02597071,printed_ci_coefficient_threshold_from_output
new_runs/single_points_properties/outputs/lif_sp_R_5_75.out,single_points_properties,single_point,normal,5.750000,2,-106.770888670700,1.000,3.000,11100000000000000000000000000,11000010000000000000000000000,-0.16115430,0.02597071,printed_ci_coefficient_threshold_from_output
new_runs/single_points_properties/outputs/lif_sp_R_5_75.out,single_points_properties,single_point,normal,5.750000,2,-106.770888670700,1.000,3.000,11010000000000000000000000000,10100000000000000000000000100,-0.07632570,0.00582561,printed_ci_coefficient_threshold_from_output
new_runs/single_points_properties/outputs/lif_sp_R_5_75.out,single_points_properties,single_point,normal,5.750000,2,-106.770888670700,1.000,3.000,10100000000000000000000000100,11010000000000000000000000000,0.07632570,0.00582561,printed_ci_coefficient_threshold_from_output
new_runs/single_points_properties/outputs/lif_sp_R_5_75.out,single_points_properties,single_point,normal,5.750000,2,-106.770888670700,1.000,3.000,11010000000000000000000000000,01100000000000000000000001000,0.07632570,0.00582561,printed_ci_coefficient_threshold_from_output
new_runs/single_points_properties/outputs/lif_sp_R_5_75.out,single_points_properties,single_point,normal,5.750000,2,-106.770888670700,1.000,3.000,01100000000000000000000001000,11010000000000000000000000000,-0.07632570,0.00582561,printed_ci_coefficient_threshold_from_output
new_runs/single_points_properties/outputs/lif_sp_R_5_75.out,single_points_properties,single_point,normal,5.750000,2,-106.770888670700,1.000,3.000,10010000000000000000000000100,11100000000000000000000000000,-0.07139370,0.00509706,printed_ci_coefficient_threshold_from_output
new_runs/single_points_properties/outputs/lif_sp_R_5_75.out,single_points_properties,single_point,normal,5.750000,2,-106.770888670700,1.000,3.000,11100000000000000000000000000,10010000000000000000000000100,0.07139370,0.00509706,printed_ci_coefficient_threshold_from_output
new_runs/single_points_properties/outputs/lif_sp_R_5_75.out,single_points_properties,single_point,normal,5.750000,2,-106.770888670700,1.000,3.000,01010000000000000000000001000,11100000000000000000000000000,0.07139370,0.00509706,printed_ci_coefficient_threshold_from_output
new_runs/single_points_properties/outputs/lif_sp_R_5_75.out,single_points_properties,single_point,normal,5.750000,2,-106.770888670700,1.000,3.000,11100000000000000000000000000,01010000000000000000000001000,-0.07139370,0.00509706,printed_ci_coefficient_threshold_from_output
new_runs/single_points_properties/outputs/lif_sp_R_5_75.out,single_points_properties,single_point,normal,5.750000,2,-106.770888670700,1.000,3.000,11010000000000000000000000000,11000000000000000000000000010,-0.06635240,0.00440264,printed_ci_coefficient_threshold_from_output
new_runs/single_points_properties/outputs/lif_sp_R_5_75.out,single_points_properties,single_point,normal,5.750000,2,-106.770888670700,1.000,3.000,11000000000000000000000000010,11010000000000000000000000000,0.06635240,0.00440264,printed_ci_coefficient_threshold_from_output
new_runs/single_points_properties/outputs/lif_sp_R_5_75.out,single_points_properties,single_point,normal,5.750000,2,-106.770888670700,1.000,3.000,11010000000000000000000000000,11000000000000000000000000001,-0.05184790,0.00268820,printed_ci_coefficient_threshold_from_output
new_runs/single_points_properties/outputs/lif_sp_R_5_75.out,single_points_properties,single_point,normal,5.750000,2,-106.770888670700,1.000,3.000,11000000000000000000000000001,11010000000000000000000000000,0.05184790,0.00268820,printed_ci_coefficient_threshold_from_output
new_runs/single_points_properties/outputs/lif_sp_R_5_75.out,single_points_properties,single_point,normal,5.750000,3,-106.770069114600,0.000,1.000,11100000000000000000000000000,11010000000000000000000000000,-0.63724210,0.40607749,printed_ci_coefficient_threshold_from_output
new_runs/single_points_properties/outputs/lif_sp_R_5_75.out,single_points_properties,single_point,normal,5.750000,3,-106.770069114600,0.000,1.000,11010000000000000000000000000,11100000000000000000000000000,-0.63724210,0.40607749,printed_ci_coefficient_threshold_from_output
new_runs/single_points_properties/outputs/lif_sp_R_5_75.out,single_points_properties,single_point,normal,5.750000,3,-106.770069114600,0.000,1.000,11100000000000000000000000000,11100000000000000000000000000,0.23948110,0.05735120,printed_ci_coefficient_threshold_from_output
new_runs/single_points_properties/outputs/lif_sp_R_5_75.out,single_points_properties,single_point,normal,5.750000,3,-106.770069114600,0.000,1.000,11100000000000000000000000000,11000010000000000000000000000,0.14722930,0.02167647,printed_ci_coefficient_threshold_from_output
new_runs/single_points_properties/outputs/lif_sp_R_5_75.out,single_points_properties,single_point,normal,5.750000,3,-106.770069114600,0.000,1.000,11000010000000000000000000000,11100000000000000000000000000,0.14722930,0.02167647,printed_ci_coefficient_threshold_from_output
new_runs/single_points_properties/outputs/lif_sp_R_5_75.out,single_points_properties,single_point,normal,5.750000,3,-106.770069114600,0.000,1.000,10100000000000000000000000100,11010000000000000000000000000,-0.07375620,0.00543998,printed_ci_coefficient_threshold_from_output
new_runs/single_points_properties/outputs/lif_sp_R_5_75.out,single_points_properties,single_point,normal,5.750000,3,-106.770069114600,0.000,1.000,11010000000000000000000000000,10100000000000000000000000100,-0.07375620,0.00543998,printed_ci_coefficient_threshold_from_output
new_runs/single_points_properties/outputs/lif_sp_R_5_75.out,single_points_properties,single_point,normal,5.750000,3,-106.770069114600,0.000,1.000,01100000000000000000000001000,11010000000000000000000000000,0.07375610,0.00543996,printed_ci_coefficient_threshold_from_output
new_runs/single_points_properties/outputs/lif_sp_R_5_75.out,single_points_properties,single_point,normal,5.750000,3,-106.770069114600,0.000,1.000,11010000000000000000000000000,01100000000000000000000001000,0.07375610,0.00543996,printed_ci_coefficient_threshold_from_output
new_runs/single_points_properties/outputs/lif_sp_R_5_75.out,single_points_properties,single_point,normal,5.750000,3,-106.770069114600,0.000,1.000,11100000000000000000000000000,10010000000000000000000000100,-0.06897400,0.00475741,printed_ci_coefficient_threshold_from_output
new_runs/single_points_properties/outputs/lif_sp_R_5_75.out,single_points_properties,single_point,normal,5.750000,3,-106.770069114600,0.000,1.000,10010000000000000000000000100,11100000000000000000000000000,-0.06897400,0.00475741,printed_ci_coefficient_threshold_from_output
new_runs/single_points_properties/outputs/lif_sp_R_5_75.out,single_points_properties,single_point,normal,5.750000,3,-106.770069114600,0.000,1.000,11100000000000000000000000000,01010000000000000000000001000,0.06897390,0.00475740,printed_ci_coefficient_threshold_from_output
new_runs/single_points_properties/outputs/lif_sp_R_5_75.out,single_points_properties,single_point,normal,5.750000,3,-106.770069114600,0.000,1.000,01010000000000000000000001000,11100000000000000000000000000,0.06897390,0.00475740,printed_ci_coefficient_threshold_from_output
new_runs/single_points_properties/outputs/lif_sp_R_5_75.out,single_points_properties,single_point,normal,5.750000,3,-106.770069114600,0.000,1.000,11000000000000000000000000010,11010000000000000000000000000,-0.06421350,0.00412337,printed_ci_coefficient_threshold_from_output
new_runs/single_points_properties/outputs/lif_sp_R_5_75.out,single_points_properties,single_point,normal,5.750000,3,-106.770069114600,0.000,1.000,11010000000000000000000000000,11000000000000000000000000010,-0.06421350,0.00412337,printed_ci_coefficient_threshold_from_output
new_runs/single_points_properties/outputs/lif_sp_R_5_75.out,single_points_properties,single_point,normal,5.750000,3,-106.770069114600,0.000,1.000,11000000000000000000000000001,11010000000000000000000000000,-0.05022070,0.00252212,printed_ci_coefficient_threshold_from_output
new_runs/single_points_properties/outputs/lif_sp_R_5_75.out,single_points_properties,single_point,normal,5.750000,3,-106.770069114600,0.000,1.000,11010000000000000000000000000,11000000000000000000000000001,-0.05022070,0.00252212,printed_ci_coefficient_threshold_from_output
new_runs/single_points_properties/outputs/lif_sp_R_5_80.out,single_points_properties,single_point,normal,5.800000,1,-106.779735367800,0.000,1.000,11100000000000000000000000000,11100000000000000000000000000,-0.95331160,0.90880301,printed_ci_coefficient_threshold_from_output
new_runs/single_points_properties/outputs/lif_sp_R_5_80.out,single_points_properties,single_point,normal,5.800000,1,-106.779735367800,0.000,1.000,11100000000000000000000000000,11010000000000000000000000000,-0.15883290,0.02522789,printed_ci_coefficient_threshold_from_output
new_runs/single_points_properties/outputs/lif_sp_R_5_80.out,single_points_properties,single_point,normal,5.800000,1,-106.779735367800,0.000,1.000,11010000000000000000000000000,11100000000000000000000000000,-0.15883290,0.02522789,printed_ci_coefficient_threshold_from_output
new_runs/single_points_properties/outputs/lif_sp_R_5_80.out,single_points_properties,single_point,normal,5.800000,1,-106.779735367800,0.000,1.000,11100000000000000000000000000,11000010000000000000000000000,0.06062980,0.00367597,printed_ci_coefficient_threshold_from_output
new_runs/single_points_properties/outputs/lif_sp_R_5_80.out,single_points_properties,single_point,normal,5.800000,1,-106.779735367800,0.000,1.000,11000010000000000000000000000,11100000000000000000000000000,0.06062980,0.00367597,printed_ci_coefficient_threshold_from_output
new_runs/single_points_properties/outputs/lif_sp_R_5_80.out,single_points_properties,single_point,normal,5.800000,2,-106.770856110300,1.000,3.000,11010000000000000000000000000,11100000000000000000000000000,-0.65450320,0.42837444,printed_ci_coefficient_threshold_from_output
new_runs/single_points_properties/outputs/lif_sp_R_5_80.out,single_points_properties,single_point,normal,5.800000,2,-106.770856110300,1.000,3.000,11100000000000000000000000000,11010000000000000000000000000,0.65450320,0.42837444,printed_ci_coefficient_threshold_from_output
new_runs/single_points_properties/outputs/lif_sp_R_5_80.out,single_points_properties,single_point,normal,5.800000,2,-106.770856110300,1.000,3.000,11000010000000000000000000000,11100000000000000000000000000,0.15956950,0.02546243,printed_ci_coefficient_threshold_from_output
new_runs/single_points_properties/outputs/lif_sp_R_5_80.out,single_points_properties,single_point,normal,5.800000,2,-106.770856110300,1.000,3.000,11100000000000000000000000000,11000010000000000000000000000,-0.15956950,0.02546243,printed_ci_coefficient_threshold_from_output
new_runs/single_points_properties/outputs/lif_sp_R_5_80.out,single_points_properties,single_point,normal,5.800000,2,-106.770856110300,1.000,3.000,11010000000000000000000000000,10100000000000000000000000100,-0.07755040,0.00601406,printed_ci_coefficient_threshold_from_output
new_runs/single_points_properties/outputs/lif_sp_R_5_80.out,single_points_properties,single_point,normal,5.800000,2,-106.770856110300,1.000,3.000,10100000000000000000000000100,11010000000000000000000000000,0.07755040,0.00601406,printed_ci_coefficient_threshold_from_output
new_runs/single_points_properties/outputs/lif_sp_R_5_80.out,single_points_properties,single_point,normal,5.800000,2,-106.770856110300,1.000,3.000,11010000000000000000000000000,01100000000000000000000001000,0.07755030,0.00601405,printed_ci_coefficient_threshold_from_output
new_runs/single_points_properties/outputs/lif_sp_R_5_80.out,single_points_properties,single_point,normal,5.800000,2,-106.770856110300,1.000,3.000,01100000000000000000000001000,11010000000000000000000000000,-0.07755030,0.00601405,printed_ci_coefficient_threshold_from_output
new_runs/single_points_properties/outputs/lif_sp_R_5_80.out,single_points_properties,single_point,normal,5.800000,2,-106.770856110300,1.000,3.000,10010000000000000000000000100,11100000000000000000000000000,-0.07254780,0.00526318,printed_ci_coefficient_threshold_from_output
new_runs/single_points_properties/outputs/lif_sp_R_5_80.out,single_points_properties,single_point,normal,5.800000,2,-106.770856110300,1.000,3.000,11100000000000000000000000000,10010000000000000000000000100,0.07254780,0.00526318,printed_ci_coefficient_threshold_from_output
new_runs/single_points_properties/outputs/lif_sp_R_5_80.out,single_points_properties,single_point,normal,5.800000,2,-106.770856110300,1.000,3.000,01010000000000000000000001000,11100000000000000000000000000,0.07254770,0.00526317,printed_ci_coefficient_threshold_from_output
new_runs/single_points_properties/outputs/lif_sp_R_5_80.out,single_points_properties,single_point,normal,5.800000,2,-106.770856110300,1.000,3.000,11100000000000000000000000000,01010000000000000000000001000,-0.07254770,0.00526317,printed_ci_coefficient_threshold_from_output
new_runs/single_points_properties/outputs/lif_sp_R_5_80.out,single_points_properties,single_point,normal,5.800000,2,-106.770856110300,1.000,3.000,11010000000000000000000000000,11000000000000000000000000010,-0.06605150,0.00436280,printed_ci_coefficient_threshold_from_output
new_runs/single_points_properties/outputs/lif_sp_R_5_80.out,single_points_properties,single_point,normal,5.800000,2,-106.770856110300,1.000,3.000,11000000000000000000000000010,11010000000000000000000000000,0.06605150,0.00436280,printed_ci_coefficient_threshold_from_output
new_runs/single_points_properties/outputs/lif_sp_R_5_80.out,single_points_properties,single_point,normal,5.800000,2,-106.770856110300,1.000,3.000,11010000000000000000000000000,11000000000000000000000000001,-0.05220760,0.00272563,printed_ci_coefficient_threshold_from_output
new_runs/single_points_properties/outputs/lif_sp_R_5_80.out,single_points_properties,single_point,normal,5.800000,2,-106.770856110300,1.000,3.000,11000000000000000000000000001,11010000000000000000000000000,0.05220760,0.00272563,printed_ci_coefficient_threshold_from_output
new_runs/single_points_properties/outputs/lif_sp_R_5_80.out,single_points_properties,single_point,normal,5.800000,3,-106.770046016100,0.000,1.000,11100000000000000000000000000,11010000000000000000000000000,-0.63583270,0.40428322,printed_ci_coefficient_threshold_from_output
new_runs/single_points_properties/outputs/lif_sp_R_5_80.out,single_points_properties,single_point,normal,5.800000,3,-106.770046016100,0.000,1.000,11010000000000000000000000000,11100000000000000000000000000,-0.63583270,0.40428322,printed_ci_coefficient_threshold_from_output
new_runs/single_points_properties/outputs/lif_sp_R_5_80.out,single_points_properties,single_point,normal,5.800000,3,-106.770046016100,0.000,1.000,11100000000000000000000000000,11100000000000000000000000000,0.25065290,0.06282688,printed_ci_coefficient_threshold_from_output
new_runs/single_points_properties/outputs/lif_sp_R_5_80.out,single_points_properties,single_point,normal,5.800000,3,-106.770046016100,0.000,1.000,11100000000000000000000000000,11000010000000000000000000000,0.14526260,0.02110122,printed_ci_coefficient_threshold_from_output
new_runs/single_points_properties/outputs/lif_sp_R_5_80.out,single_points_properties,single_point,normal,5.800000,3,-106.770046016100,0.000,1.000,11000010000000000000000000000,11100000000000000000000000000,0.14526260,0.02110122,printed_ci_coefficient_threshold_from_output
new_runs/single_points_properties/outputs/lif_sp_R_5_80.out,single_points_properties,single_point,normal,5.800000,3,-106.770046016100,0.000,1.000,10100000000000000000000000100,11010000000000000000000000000,-0.07471920,0.00558296,printed_ci_coefficient_threshold_from_output
new_runs/single_points_properties/outputs/lif_sp_R_5_80.out,single_points_properties,single_point,normal,5.800000,3,-106.770046016100,0.000,1.000,11010000000000000000000000000,10100000000000000000000000100,-0.07471920,0.00558296,printed_ci_coefficient_threshold_from_output
new_runs/single_points_properties/outputs/lif_sp_R_5_80.out,single_points_properties,single_point,normal,5.800000,3,-106.770046016100,0.000,1.000,01100000000000000000000001000,11010000000000000000000000000,0.07471910,0.00558294,printed_ci_coefficient_threshold_from_output
new_runs/single_points_properties/outputs/lif_sp_R_5_80.out,single_points_properties,single_point,normal,5.800000,3,-106.770046016100,0.000,1.000,11010000000000000000000000000,01100000000000000000000001000,0.07471910,0.00558294,printed_ci_coefficient_threshold_from_output
new_runs/single_points_properties/outputs/lif_sp_R_5_80.out,single_points_properties,single_point,normal,5.800000,3,-106.770046016100,0.000,1.000,11100000000000000000000000000,10010000000000000000000000100,-0.06988420,0.00488380,printed_ci_coefficient_threshold_from_output
new_runs/single_points_properties/outputs/lif_sp_R_5_80.out,single_points_properties,single_point,normal,5.800000,3,-106.770046016100,0.000,1.000,10010000000000000000000000100,11100000000000000000000000000,-0.06988420,0.00488380,printed_ci_coefficient_threshold_from_output
new_runs/single_points_properties/outputs/lif_sp_R_5_80.out,single_points_properties,single_point,normal,5.800000,3,-106.770046016100,0.000,1.000,11100000000000000000000000000,01010000000000000000000001000,0.06988420,0.00488380,printed_ci_coefficient_threshold_from_output
new_runs/single_points_properties/outputs/lif_sp_R_5_80.out,single_points_properties,single_point,normal,5.800000,3,-106.770046016100,0.000,1.000,01010000000000000000000001000,11100000000000000000000000000,0.06988420,0.00488380,printed_ci_coefficient_threshold_from_output
new_runs/single_points_properties/outputs/lif_sp_R_5_80.out,single_points_properties,single_point,normal,5.800000,3,-106.770046016100,0.000,1.000,11000000000000000000000000010,11010000000000000000000000000,-0.06372400,0.00406075,printed_ci_coefficient_threshold_from_output
new_runs/single_points_properties/outputs/lif_sp_R_5_80.out,single_points_properties,single_point,normal,5.800000,3,-106.770046016100,0.000,1.000,11010000000000000000000000000,11000000000000000000000000010,-0.06372400,0.00406075,printed_ci_coefficient_threshold_from_output
new_runs/single_points_properties/outputs/lif_sp_R_5_80.out,single_points_properties,single_point,normal,5.800000,3,-106.770046016100,0.000,1.000,11000000000000000000000000001,11010000000000000000000000000,-0.05040340,0.00254050,printed_ci_coefficient_threshold_from_output
new_runs/single_points_properties/outputs/lif_sp_R_5_80.out,single_points_properties,single_point,normal,5.800000,3,-106.770046016100,0.000,1.000,11010000000000000000000000000,11000000000000000000000000001,-0.05040340,0.00254050,printed_ci_coefficient_threshold_from_output
new_runs/single_points_properties/outputs/lif_sp_R_5_85.out,single_points_properties,single_point,normal,5.850000,1,-106.778916046100,0.000,1.000,11100000000000000000000000000,11100000000000000000000000000,-0.94985420,0.90222300,printed_ci_coefficient_threshold_from_output
new_runs/single_points_properties/outputs/lif_sp_R_5_85.out,single_points_properties,single_point,normal,5.850000,1,-106.778916046100,0.000,1.000,11010000000000000000000000000,11100000000000000000000000000,0.16785040,0.02817376,printed_ci_coefficient_threshold_from_output
new_runs/single_points_properties/outputs/lif_sp_R_5_85.out,single_points_properties,single_point,normal,5.850000,1,-106.778916046100,0.000,1.000,11100000000000000000000000000,11010000000000000000000000000,0.16785040,0.02817376,printed_ci_coefficient_threshold_from_output
new_runs/single_points_properties/outputs/lif_sp_R_5_85.out,single_points_properties,single_point,normal,5.850000,1,-106.778916046100,0.000,1.000,11000010000000000000000000000,11100000000000000000000000000,0.06197060,0.00384036,printed_ci_coefficient_threshold_from_output
new_runs/single_points_properties/outputs/lif_sp_R_5_85.out,single_points_properties,single_point,normal,5.850000,1,-106.778916046100,0.000,1.000,11100000000000000000000000000,11000010000000000000000000000,0.06197060,0.00384036,printed_ci_coefficient_threshold_from_output
new_runs/single_points_properties/outputs/lif_sp_R_5_85.out,single_points_properties,single_point,normal,5.850000,2,-106.770824080500,1.000,3.000,11100000000000000000000000000,11010000000000000000000000000,-0.65505030,0.42909090,printed_ci_coefficient_threshold_from_output
new_runs/single_points_properties/outputs/lif_sp_R_5_85.out,single_points_properties,single_point,normal,5.850000,2,-106.770824080500,1.000,3.000,11010000000000000000000000000,11100000000000000000000000000,0.65505030,0.42909090,printed_ci_coefficient_threshold_from_output
new_runs/single_points_properties/outputs/lif_sp_R_5_85.out,single_points_properties,single_point,normal,5.850000,2,-106.770824080500,1.000,3.000,11100000000000000000000000000,11000010000000000000000000000,-0.15786830,0.02492240,printed_ci_coefficient_threshold_from_output
new_runs/single_points_properties/outputs/lif_sp_R_5_85.out,single_points_properties,single_point,normal,5.850000,2,-106.770824080500,1.000,3.000,11000010000000000000000000000,11100000000000000000000000000,0.15786830,0.02492240,printed_ci_coefficient_threshold_from_output
new_runs/single_points_properties/outputs/lif_sp_R_5_85.out,single_points_properties,single_point,normal,5.850000,2,-106.770824080500,1.000,3.000,01100000000000000000000000100,11010000000000000000000000000,0.07873210,0.00619874,printed_ci_coefficient_threshold_from_output
new_runs/single_points_properties/outputs/lif_sp_R_5_85.out,single_points_properties,single_point,normal,5.850000,2,-106.770824080500,1.000,3.000,11010000000000000000000000000,01100000000000000000000000100,-0.07873210,0.00619874,printed_ci_coefficient_threshold_from_output
new_runs/single_points_properties/outputs/lif_sp_R_5_85.out,single_points_properties,single_point,normal,5.850000,2,-106.770824080500,1.000,3.000,10100000000000000000000001000,11010000000000000000000000000,-0.07873210,0.00619874,printed_ci_coefficient_threshold_from_output
new_runs/single_points_properties/outputs/lif_sp_R_5_85.out,single_points_properties,single_point,normal,5.850000,2,-106.770824080500,1.000,3.000,11010000000000000000000000000,10100000000000000000000001000,0.07873210,0.00619874,printed_ci_coefficient_threshold_from_output
new_runs/single_points_properties/outputs/lif_sp_R_5_85.out,single_points_properties,single_point,normal,5.850000,2,-106.770824080500,1.000,3.000,11100000000000000000000000000,10010000000000000000000001000,-0.07366150,0.00542602,printed_ci_coefficient_threshold_from_output
new_runs/single_points_properties/outputs/lif_sp_R_5_85.out,single_points_properties,single_point,normal,5.850000,2,-106.770824080500,1.000,3.000,11100000000000000000000000000,01010000000000000000000000100,0.07366150,0.00542602,printed_ci_coefficient_threshold_from_output
new_runs/single_points_properties/outputs/lif_sp_R_5_85.out,single_points_properties,single_point,normal,5.850000,2,-106.770824080500,1.000,3.000,10010000000000000000000001000,11100000000000000000000000000,0.07366150,0.00542602,printed_ci_coefficient_threshold_from_output
new_runs/single_points_properties/outputs/lif_sp_R_5_85.out,single_points_properties,single_point,normal,5.850000,2,-106.770824080500,1.000,3.000,01010000000000000000000000100,11100000000000000000000000000,-0.07366150,0.00542602,printed_ci_coefficient_threshold_from_output
new_runs/single_points_properties/outputs/lif_sp_R_5_85.out,single_points_properties,single_point,normal,5.850000,2,-106.770824080500,1.000,3.000,11000000000000000000000000010,11010000000000000000000000000,-0.06589710,0.00434243,printed_ci_coefficient_threshold_from_output
new_runs/single_points_properties/outputs/lif_sp_R_5_85.out,single_points_properties,single_point,normal,5.850000,2,-106.770824080500,1.000,3.000,11010000000000000000000000000,11000000000000000000000000010,0.06589710,0.00434243,printed_ci_coefficient_threshold_from_output
new_runs/single_points_properties/outputs/lif_sp_R_5_85.out,single_points_properties,single_point,normal,5.850000,2,-106.770824080500,1.000,3.000,11000000000000000000000000001,11010000000000000000000000000,-0.05248020,0.00275417,printed_ci_coefficient_threshold_from_output
new_runs/single_points_properties/outputs/lif_sp_R_5_85.out,single_points_properties,single_point,normal,5.850000,2,-106.770824080500,1.000,3.000,11010000000000000000000000000,11000000000000000000000000001,0.05248020,0.00275417,printed_ci_coefficient_threshold_from_output
new_runs/single_points_properties/outputs/lif_sp_R_5_85.out,single_points_properties,single_point,normal,5.850000,3,-106.770018732600,0.000,1.000,11010000000000000000000000000,11100000000000000000000000000,-0.63400920,0.40196767,printed_ci_coefficient_threshold_from_output
new_runs/single_points_properties/outputs/lif_sp_R_5_85.out,single_points_properties,single_point,normal,5.850000,3,-106.770018732600,0.000,1.000,11100000000000000000000000000,11010000000000000000000000000,-0.63400920,0.40196767,printed_ci_coefficient_threshold_from_output
new_runs/single_points_properties/outputs/lif_sp_R_5_85.out,single_points_properties,single_point,normal,5.850000,3,-106.770018732600,0.000,1.000,11100000000000000000000000000,11100000000000000000000000000,-0.26365030,0.06951148,printed_ci_coefficient_threshold_from_output
new_runs/single_points_properties/outputs/lif_sp_R_5_85.out,single_points_properties,single_point,normal,5.850000,3,-106.770018732600,0.000,1.000,11000010000000000000000000000,11100000000000000000000000000,-0.14306280,0.02046696,printed_ci_coefficient_threshold_from_output
new_runs/single_points_properties/outputs/lif_sp_R_5_85.out,single_points_properties,single_point,normal,5.850000,3,-106.770018732600,0.000,1.000,11100000000000000000000000000,11000010000000000000000000000,-0.14306280,0.02046696,printed_ci_coefficient_threshold_from_output
new_runs/single_points_properties/outputs/lif_sp_R_5_85.out,single_points_properties,single_point,normal,5.850000,3,-106.770018732600,0.000,1.000,11010000000000000000000000000,10100000000000000000000001000,-0.07557290,0.00571126,printed_ci_coefficient_threshold_from_output
new_runs/single_points_properties/outputs/lif_sp_R_5_85.out,single_points_properties,single_point,normal,5.850000,3,-106.770018732600,0.000,1.000,10100000000000000000000001000,11010000000000000000000000000,-0.07557290,0.00571126,printed_ci_coefficient_threshold_from_output
new_runs/single_points_properties/outputs/lif_sp_R_5_85.out,single_points_properties,single_point,normal,5.850000,3,-106.770018732600,0.000,1.000,11010000000000000000000000000,01100000000000000000000000100,0.07557290,0.00571126,printed_ci_coefficient_threshold_from_output
new_runs/single_points_properties/outputs/lif_sp_R_5_85.out,single_points_properties,single_point,normal,5.850000,3,-106.770018732600,0.000,1.000,01100000000000000000000000100,11010000000000000000000000000,0.07557290,0.00571126,printed_ci_coefficient_threshold_from_output
new_runs/single_points_properties/outputs/lif_sp_R_5_85.out,single_points_properties,single_point,normal,5.850000,3,-106.770018732600,0.000,1.000,10010000000000000000000001000,11100000000000000000000000000,-0.07069160,0.00499730,printed_ci_coefficient_threshold_from_output
new_runs/single_points_properties/outputs/lif_sp_R_5_85.out,single_points_properties,single_point,normal,5.850000,3,-106.770018732600,0.000,1.000,11100000000000000000000000000,10010000000000000000000001000,-0.07069160,0.00499730,printed_ci_coefficient_threshold_from_output
new_runs/single_points_properties/outputs/lif_sp_R_5_85.out,single_points_properties,single_point,normal,5.850000,3,-106.770018732600,0.000,1.000,01010000000000000000000000100,11100000000000000000000000000,0.07069160,0.00499730,printed_ci_coefficient_threshold_from_output
new_runs/single_points_properties/outputs/lif_sp_R_5_85.out,single_points_properties,single_point,normal,5.850000,3,-106.770018732600,0.000,1.000,11100000000000000000000000000,01010000000000000000000000100,0.07069160,0.00499730,printed_ci_coefficient_threshold_from_output
new_runs/single_points_properties/outputs/lif_sp_R_5_85.out,single_points_properties,single_point,normal,5.850000,3,-106.770018732600,0.000,1.000,11010000000000000000000000000,11000000000000000000000000010,-0.06333130,0.00401085,printed_ci_coefficient_threshold_from_output
new_runs/single_points_properties/outputs/lif_sp_R_5_85.out,single_points_properties,single_point,normal,5.850000,3,-106.770018732600,0.000,1.000,11000000000000000000000000010,11010000000000000000000000000,-0.06333130,0.00401085,printed_ci_coefficient_threshold_from_output
new_runs/single_points_properties/outputs/lif_sp_R_5_85.out,single_points_properties,single_point,normal,5.850000,3,-106.770018732600,0.000,1.000,11010000000000000000000000000,11000000000000000000000000001,-0.05046650,0.00254687,printed_ci_coefficient_threshold_from_output
new_runs/single_points_properties/outputs/lif_sp_R_5_85.out,single_points_properties,single_point,normal,5.850000,3,-106.770018732600,0.000,1.000,11000000000000000000000000001,11010000000000000000000000000,-0.05046650,0.00254687,printed_ci_coefficient_threshold_from_output
new_runs/single_points_properties/outputs/lif_sp_R_5_90.out,single_points_properties,single_point,normal,5.900000,1,-106.778115801600,0.000,1.000,11100000000000000000000000000,11100000000000000000000000000,-0.94554090,0.89404759,printed_ci_coefficient_threshold_from_output
new_runs/single_points_properties/outputs/lif_sp_R_5_90.out,single_points_properties,single_point,normal,5.900000,1,-106.778115801600,0.000,1.000,11100000000000000000000000000,11010000000000000000000000000,0.17838150,0.03181996,printed_ci_coefficient_threshold_from_output
new_runs/single_points_properties/outputs/lif_sp_R_5_90.out,single_points_properties,single_point,normal,5.900000,1,-106.778115801600,0.000,1.000,11010000000000000000000000000,11100000000000000000000000000,0.17838150,0.03181996,printed_ci_coefficient_threshold_from_output
new_runs/single_points_properties/outputs/lif_sp_R_5_90.out,single_points_properties,single_point,normal,5.900000,1,-106.778115801600,0.000,1.000,11100000000000000000000000000,11000010000000000000000000000,0.06359170,0.00404390,printed_ci_coefficient_threshold_from_output
new_runs/single_points_properties/outputs/lif_sp_R_5_90.out,single_points_properties,single_point,normal,5.900000,1,-106.778115801600,0.000,1.000,11000010000000000000000000000,11100000000000000000000000000,0.06359170,0.00404390,printed_ci_coefficient_threshold_from_output
new_runs/single_points_properties/outputs/lif_sp_R_5_90.out,single_points_properties,single_point,normal,5.900000,2,-106.770792705300,1.000,3.000,11010000000000000000000000000,11100000000000000000000000000,-0.65558210,0.42978789,printed_ci_coefficient_threshold_from_output
new_runs/single_points_properties/outputs/lif_sp_R_5_90.out,single_points_properties,single_point,normal,5.900000,2,-106.770792705300,1.000,3.000,11100000000000000000000000000,11010000000000000000000000000,0.65558210,0.42978789,printed_ci_coefficient_threshold_from_output
new_runs/single_points_properties/outputs/lif_sp_R_5_90.out,single_points_properties,single_point,normal,5.900000,2,-106.770792705300,1.000,3.000,11000010000000000000000000000,11100000000000000000000000000,-0.15615960,0.02438582,printed_ci_coefficient_threshold_from_output
new_runs/single_points_properties/outputs/lif_sp_R_5_90.out,single_points_properties,single_point,normal,5.900000,2,-106.770792705300,1.000,3.000,11100000000000000000000000000,11000010000000000000000000000,0.15615960,0.02438582,printed_ci_coefficient_threshold_from_output
new_runs/single_points_properties/outputs/lif_sp_R_5_90.out,single_points_properties,single_point,normal,5.900000,2,-106.770792705300,1.000,3.000,11010000000000000000000000000,01100000000000000000000000100,0.07985080,0.00637615,printed_ci_coefficient_threshold_from_output
new_runs/single_points_properties/outputs/lif_sp_R_5_90.out,single_points_properties,single_point,normal,5.900000,2,-106.770792705300,1.000,3.000,01100000000000000000000000100,11010000000000000000000000000,-0.07985080,0.00637615,printed_ci_coefficient_threshold_from_output
new_runs/single_points_properties/outputs/lif_sp_R_5_90.out,single_points_properties,single_point,normal,5.900000,2,-106.770792705300,1.000,3.000,11010000000000000000000000000,10100000000000000000000001000,-0.07985080,0.00637615,printed_ci_coefficient_threshold_from_output
new_runs/single_points_properties/outputs/lif_sp_R_5_90.out,single_points_properties,single_point,normal,5.900000,2,-106.770792705300,1.000,3.000,10100000000000000000000001000,11010000000000000000000000000,0.07985080,0.00637615,printed_ci_coefficient_threshold_from_output
new_runs/single_points_properties/outputs/lif_sp_R_5_90.out,single_points_properties,single_point,normal,5.900000,2,-106.770792705300,1.000,3.000,10010000000000000000000001000,11100000000000000000000000000,-0.07471610,0.00558250,printed_ci_coefficient_threshold_from_output
new_runs/single_points_properties/outputs/lif_sp_R_5_90.out,single_points_properties,single_point,normal,5.900000,2,-106.770792705300,1.000,3.000,11100000000000000000000000000,10010000000000000000000001000,0.07471610,0.00558250,printed_ci_coefficient_threshold_from_output
new_runs/single_points_properties/outputs/lif_sp_R_5_90.out,single_points_properties,single_point,normal,5.900000,2,-106.770792705300,1.000,3.000,01010000000000000000000000100,11100000000000000000000000000,0.07471610,0.00558250,printed_ci_coefficient_threshold_from_output
new_runs/single_points_properties/outputs/lif_sp_R_5_90.out,single_points_properties,single_point,normal,5.900000,2,-106.770792705300,1.000,3.000,11100000000000000000000000000,01010000000000000000000000100,-0.07471610,0.00558250,printed_ci_coefficient_threshold_from_output
new_runs/single_points_properties/outputs/lif_sp_R_5_90.out,single_points_properties,single_point,normal,5.900000,2,-106.770792705300,1.000,3.000,11010000000000000000000000000,11000000000000000000000000010,-0.06589070,0.00434158,printed_ci_coefficient_threshold_from_output
new_runs/single_points_properties/outputs/lif_sp_R_5_90.out,single_points_properties,single_point,normal,5.900000,2,-106.770792705300,1.000,3.000,11000000000000000000000000010,11010000000000000000000000000,0.06589070,0.00434158,printed_ci_coefficient_threshold_from_output
new_runs/single_points_properties/outputs/lif_sp_R_5_90.out,single_points_properties,single_point,normal,5.900000,2,-106.770792705300,1.000,3.000,11010000000000000000000000000,11000000000000000000000000001,-0.05264140,0.00277112,printed_ci_coefficient_threshold_from_output
new_runs/single_points_properties/outputs/lif_sp_R_5_90.out,single_points_properties,single_point,normal,5.900000,2,-106.770792705300,1.000,3.000,11000000000000000000000000001,11010000000000000000000000000,0.05264140,0.00277112,printed_ci_coefficient_threshold_from_output
new_runs/single_points_properties/outputs/lif_sp_R_5_90.out,single_points_properties,single_point,normal,5.900000,3,-106.769986677200,0.000,1.000,11100000000000000000000000000,11010000000000000000000000000,0.63161610,0.39893890,printed_ci_coefficient_threshold_from_output
new_runs/single_points_properties/outputs/lif_sp_R_5_90.out,single_points_properties,single_point,normal,5.900000,3,-106.769986677200,0.000,1.000,11010000000000000000000000000,11100000000000000000000000000,0.63161610,0.39893890,printed_ci_coefficient_threshold_from_output
new_runs/single_points_properties/outputs/lif_sp_R_5_90.out,single_points_properties,single_point,normal,5.900000,3,-106.769986677200,0.000,1.000,11100000000000000000000000000,11100000000000000000000000000,0.27890730,0.07778928,printed_ci_coefficient_threshold_from_output
new_runs/single_points_properties/outputs/lif_sp_R_5_90.out,single_points_properties,single_point,normal,5.900000,3,-106.769986677200,0.000,1.000,11100000000000000000000000000,11000010000000000000000000000,0.14068260,0.01979159,printed_ci_coefficient_threshold_from_output
new_runs/single_points_properties/outputs/lif_sp_R_5_90.out,single_points_properties,single_point,normal,5.900000,3,-106.769986677200,0.000,1.000,11000010000000000000000000000,11100000000000000000000000000,0.14068260,0.01979159,printed_ci_coefficient_threshold_from_output
new_runs/single_points_properties/outputs/lif_sp_R_5_90.out,single_points_properties,single_point,normal,5.900000,3,-106.769986677200,0.000,1.000,10100000000000000000000001000,11010000000000000000000000000,0.07628690,0.00581969,printed_ci_coefficient_threshold_from_output
new_runs/single_points_properties/outputs/lif_sp_R_5_90.out,single_points_properties,single_point,normal,5.900000,3,-106.769986677200,0.000,1.000,11010000000000000000000000000,10100000000000000000000001000,0.07628690,0.00581969,printed_ci_coefficient_threshold_from_output
new_runs/single_points_properties/outputs/lif_sp_R_5_90.out,single_points_properties,single_point,normal,5.900000,3,-106.769986677200,0.000,1.000,01100000000000000000000000100,11010000000000000000000000000,-0.07628690,0.00581969,printed_ci_coefficient_threshold_from_output
new_runs/single_points_properties/outputs/lif_sp_R_5_90.out,single_points_properties,single_point,normal,5.900000,3,-106.769986677200,0.000,1.000,11010000000000000000000000000,01100000000000000000000000100,-0.07628690,0.00581969,printed_ci_coefficient_threshold_from_output
new_runs/single_points_properties/outputs/lif_sp_R_5_90.out,single_points_properties,single_point,normal,5.900000,3,-106.769986677200,0.000,1.000,11100000000000000000000000000,10010000000000000000000001000,0.07136790,0.00509338,printed_ci_coefficient_threshold_from_output
new_runs/single_points_properties/outputs/lif_sp_R_5_90.out,single_points_properties,single_point,normal,5.900000,3,-106.769986677200,0.000,1.000,10010000000000000000000001000,11100000000000000000000000000,0.07136790,0.00509338,printed_ci_coefficient_threshold_from_output
new_runs/single_points_properties/outputs/lif_sp_R_5_90.out,single_points_properties,single_point,normal,5.900000,3,-106.769986677200,0.000,1.000,11100000000000000000000000000,01010000000000000000000000100,-0.07136790,0.00509338,printed_ci_coefficient_threshold_from_output
new_runs/single_points_properties/outputs/lif_sp_R_5_90.out,single_points_properties,single_point,normal,5.900000,3,-106.769986677200,0.000,1.000,01010000000000000000000000100,11100000000000000000000000000,-0.07136790,0.00509338,printed_ci_coefficient_threshold_from_output
new_runs/single_points_properties/outputs/lif_sp_R_5_90.out,single_points_properties,single_point,normal,5.900000,3,-106.769986677200,0.000,1.000,11000000000000000000000000010,11010000000000000000000000000,0.06302370,0.00397199,printed_ci_coefficient_threshold_from_output
new_runs/single_points_properties/outputs/lif_sp_R_5_90.out,single_points_properties,single_point,normal,5.900000,3,-106.769986677200,0.000,1.000,11010000000000000000000000000,11000000000000000000000000010,0.06302370,0.00397199,printed_ci_coefficient_threshold_from_output
new_runs/single_points_properties/outputs/lif_sp_R_5_90.out,single_points_properties,single_point,normal,5.900000,3,-106.769986677200,0.000,1.000,11000000000000000000000000001,11010000000000000000000000000,0.05037470,0.00253761,printed_ci_coefficient_threshold_from_output
new_runs/single_points_properties/outputs/lif_sp_R_5_90.out,single_points_properties,single_point,normal,5.900000,3,-106.769986677200,0.000,1.000,11010000000000000000000000000,11000000000000000000000000001,0.05037470,0.00253761,printed_ci_coefficient_threshold_from_output
new_runs/single_points_properties/outputs/lif_sp_R_5_95.out,single_points_properties,single_point,normal,5.950000,1,-106.777335329000,0.000,1.000,11100000000000000000000000000,11100000000000000000000000000,0.94007710,0.88374495,printed_ci_coefficient_threshold_from_output
new_runs/single_points_properties/outputs/lif_sp_R_5_95.out,single_points_properties,single_point,normal,5.950000,1,-106.777335329000,0.000,1.000,11100000000000000000000000000,11010000000000000000000000000,0.19081020,0.03640853,printed_ci_coefficient_threshold_from_output
new_runs/single_points_properties/outputs/lif_sp_R_5_95.out,single_points_properties,single_point,normal,5.950000,1,-106.777335329000,0.000,1.000,11010000000000000000000000000,11100000000000000000000000000,0.19081020,0.03640853,printed_ci_coefficient_threshold_from_output
new_runs/single_points_properties/outputs/lif_sp_R_5_95.out,single_points_properties,single_point,normal,5.950000,1,-106.777335329000,0.000,1.000,11100000000000000000000000000,11000010000000000000000000000,-0.06553060,0.00429426,printed_ci_coefficient_threshold_from_output
new_runs/single_points_properties/outputs/lif_sp_R_5_95.out,single_points_properties,single_point,normal,5.950000,1,-106.777335329000,0.000,1.000,11000010000000000000000000000,11100000000000000000000000000,-0.06553060,0.00429426,printed_ci_coefficient_threshold_from_output
new_runs/single_points_properties/outputs/lif_sp_R_5_95.out,single_points_properties,single_point,normal,5.950000,2,-106.770761985800,1.000,3.000,11010000000000000000000000000,11100000000000000000000000000,0.65611820,0.43049109,printed_ci_coefficient_threshold_from_output
new_runs/single_points_properties/outputs/lif_sp_R_5_95.out,single_points_properties,single_point,normal,5.950000,2,-106.770761985800,1.000,3.000,11100000000000000000000000000,11010000000000000000000000000,-0.65611820,0.43049109,printed_ci_coefficient_threshold_from_output
new_runs/single_points_properties/outputs/lif_sp_R_5_95.out,single_points_properties,single_point,normal,5.950000,2,-106.770761985800,1.000,3.000,11000010000000000000000000000,11100000000000000000000000000,-0.15435910,0.02382673,printed_ci_coefficient_threshold_from_output
new_runs/single_points_properties/outputs/lif_sp_R_5_95.out,single_points_properties,single_point,normal,5.950000,2,-106.770761985800,1.000,3.000,11100000000000000000000000000,11000010000000000000000000000,0.15435910,0.02382673,printed_ci_coefficient_threshold_from_output
new_runs/single_points_properties/outputs/lif_sp_R_5_95.out,single_points_properties,single_point,normal,5.950000,2,-106.770761985800,1.000,3.000,11010000000000000000000000000,10100000000000000000000000100,0.08091400,0.00654708,printed_ci_coefficient_threshold_from_output
new_runs/single_points_properties/outputs/lif_sp_R_5_95.out,single_points_properties,single_point,normal,5.950000,2,-106.770761985800,1.000,3.000,10100000000000000000000000100,11010000000000000000000000000,-0.08091400,0.00654708,printed_ci_coefficient_threshold_from_output
new_runs/single_points_properties/outputs/lif_sp_R_5_95.out,single_points_properties,single_point,normal,5.950000,2,-106.770761985800,1.000,3.000,11010000000000000000000000000,01100000000000000000000001000,-0.08091390,0.00654706,printed_ci_coefficient_threshold_from_output
new_runs/single_points_properties/outputs/lif_sp_R_5_95.out,single_points_properties,single_point,normal,5.950000,2,-106.770761985800,1.000,3.000,01100000000000000000000001000,11010000000000000000000000000,0.08091390,0.00654706,printed_ci_coefficient_threshold_from_output
new_runs/single_points_properties/outputs/lif_sp_R_5_95.out,single_points_properties,single_point,normal,5.950000,2,-106.770761985800,1.000,3.000,10010000000000000000000000100,11100000000000000000000000000,0.07571880,0.00573334,printed_ci_coefficient_threshold_from_output
new_runs/single_points_properties/outputs/lif_sp_R_5_95.out,single_points_properties,single_point,normal,5.950000,2,-106.770761985800,1.000,3.000,11100000000000000000000000000,10010000000000000000000000100,-0.07571880,0.00573334,printed_ci_coefficient_threshold_from_output
new_runs/single_points_properties/outputs/lif_sp_R_5_95.out,single_points_properties,single_point,normal,5.950000,2,-106.770761985800,1.000,3.000,01010000000000000000000001000,11100000000000000000000000000,-0.07571870,0.00573332,printed_ci_coefficient_threshold_from_output
new_runs/single_points_properties/outputs/lif_sp_R_5_95.out,single_points_properties,single_point,normal,5.950000,2,-106.770761985800,1.000,3.000,11100000000000000000000000000,01010000000000000000000001000,0.07571870,0.00573332,printed_ci_coefficient_threshold_from_output
new_runs/single_points_properties/outputs/lif_sp_R_5_95.out,single_points_properties,single_point,normal,5.950000,2,-106.770761985800,1.000,3.000,11010000000000000000000000000,11000000000000000000000000010,0.06605210,0.00436288,printed_ci_coefficient_threshold_from_output
new_runs/single_points_properties/outputs/lif_sp_R_5_95.out,single_points_properties,single_point,normal,5.950000,2,-106.770761985800,1.000,3.000,11000000000000000000000000010,11010000000000000000000000000,-0.06605210,0.00436288,printed_ci_coefficient_threshold_from_output
new_runs/single_points_properties/outputs/lif_sp_R_5_95.out,single_points_properties,single_point,normal,5.950000,2,-106.770761985800,1.000,3.000,11010000000000000000000000000,11000000000000000000000000001,0.05267650,0.00277481,printed_ci_coefficient_threshold_from_output
new_runs/single_points_properties/outputs/lif_sp_R_5_95.out,single_points_properties,single_point,normal,5.950000,2,-106.770761985800,1.000,3.000,11000000000000000000000000001,11010000000000000000000000000,-0.05267650,0.00277481,printed_ci_coefficient_threshold_from_output
new_runs/single_points_properties/outputs/lif_sp_R_5_95.out,single_points_properties,single_point,normal,5.950000,3,-106.769948874300,0.000,1.000,11100000000000000000000000000,11010000000000000000000000000,0.62847160,0.39497655,printed_ci_coefficient_threshold_from_output
new_runs/single_points_properties/outputs/lif_sp_R_5_95.out,single_points_properties,single_point,normal,5.950000,3,-106.769948874300,0.000,1.000,11010000000000000000000000000,11100000000000000000000000000,0.62847160,0.39497655,printed_ci_coefficient_threshold_from_output
new_runs/single_points_properties/outputs/lif_sp_R_5_95.out,single_points_properties,single_point,normal,5.950000,3,-106.769948874300,0.000,1.000,11100000000000000000000000000,11100000000000000000000000000,-0.29697660,0.08819510,printed_ci_coefficient_threshold_from_output
new_runs/single_points_properties/outputs/lif_sp_R_5_95.out,single_points_properties,single_point,normal,5.950000,3,-106.769948874300,0.000,1.000,11100000000000000000000000000,11000010000000000000000000000,-0.13803050,0.01905242,printed_ci_coefficient_threshold_from_output
new_runs/single_points_properties/outputs/lif_sp_R_5_95.out,single_points_properties,single_point,normal,5.950000,3,-106.769948874300,0.000,1.000,11000010000000000000000000000,11100000000000000000000000000,-0.13803050,0.01905242,printed_ci_coefficient_threshold_from_output
new_runs/single_points_properties/outputs/lif_sp_R_5_95.out,single_points_properties,single_point,normal,5.950000,3,-106.769948874300,0.000,1.000,10100000000000000000000000100,11010000000000000000000000000,0.07682730,0.00590243,printed_ci_coefficient_threshold_from_output
new_runs/single_points_properties/outputs/lif_sp_R_5_95.out,single_points_properties,single_point,normal,5.950000,3,-106.769948874300,0.000,1.000,11010000000000000000000000000,10100000000000000000000000100,0.07682730,0.00590243,printed_ci_coefficient_threshold_from_output
new_runs/single_points_properties/outputs/lif_sp_R_5_95.out,single_points_properties,single_point,normal,5.950000,3,-106.769948874300,0.000,1.000,01100000000000000000000001000,11010000000000000000000000000,-0.07682720,0.00590242,printed_ci_coefficient_threshold_from_output
new_runs/single_points_properties/outputs/lif_sp_R_5_95.out,single_points_properties,single_point,normal,5.950000,3,-106.769948874300,0.000,1.000,11010000000000000000000000000,01100000000000000000000001000,-0.07682720,0.00590242,printed_ci_coefficient_threshold_from_output
new_runs/single_points_properties/outputs/lif_sp_R_5_95.out,single_points_properties,single_point,normal,5.950000,3,-106.769948874300,0.000,1.000,11100000000000000000000000000,10010000000000000000000000100,0.07188120,0.00516691,printed_ci_coefficient_threshold_from_output
new_runs/single_points_properties/outputs/lif_sp_R_5_95.out,single_points_properties,single_point,normal,5.950000,3,-106.769948874300,0.000,1.000,10010000000000000000000000100,11100000000000000000000000000,0.07188120,0.00516691,printed_ci_coefficient_threshold_from_output
new_runs/single_points_properties/outputs/lif_sp_R_5_95.out,single_points_properties,single_point,normal,5.950000,3,-106.769948874300,0.000,1.000,11100000000000000000000000000,01010000000000000000000001000,-0.07188110,0.00516689,printed_ci_coefficient_threshold_from_output
new_runs/single_points_properties/outputs/lif_sp_R_5_95.out,single_points_properties,single_point,normal,5.950000,3,-106.769948874300,0.000,1.000,01010000000000000000000001000,11100000000000000000000000000,-0.07188110,0.00516689,printed_ci_coefficient_threshold_from_output
new_runs/single_points_properties/outputs/lif_sp_R_5_95.out,single_points_properties,single_point,normal,5.950000,3,-106.769948874300,0.000,1.000,11000000000000000000000000010,11010000000000000000000000000,0.06279300,0.00394296,printed_ci_coefficient_threshold_from_output
new_runs/single_points_properties/outputs/lif_sp_R_5_95.out,single_points_properties,single_point,normal,5.950000,3,-106.769948874300,0.000,1.000,11010000000000000000000000000,11000000000000000000000000010,0.06279300,0.00394296,printed_ci_coefficient_threshold_from_output
new_runs/single_points_properties/outputs/lif_sp_R_5_95.out,single_points_properties,single_point,normal,5.950000,3,-106.769948874300,0.000,1.000,11000000000000000000000000001,11010000000000000000000000000,0.05009380,0.00250939,printed_ci_coefficient_threshold_from_output
new_runs/single_points_properties/outputs/lif_sp_R_5_95.out,single_points_properties,single_point,normal,5.950000,3,-106.769948874300,0.000,1.000,11010000000000000000000000000,11000000000000000000000000001,0.05009380,0.00250939,printed_ci_coefficient_threshold_from_output
new_runs/single_points_properties/outputs/lif_sp_R_6_00.out,single_points_properties,single_point,normal,6.000000,1,-106.776575741400,0.000,1.000,11100000000000000000000000000,11100000000000000000000000000,0.93302490,0.87053546,printed_ci_coefficient_threshold_from_output
new_runs/single_points_properties/outputs/lif_sp_R_6_00.out,single_points_properties,single_point,normal,6.000000,1,-106.776575741400,0.000,1.000,11100000000000000000000000000,11010000000000000000000000000,0.20561060,0.04227572,printed_ci_coefficient_threshold_from_output
new_runs/single_points_properties/outputs/lif_sp_R_6_00.out,single_points_properties,single_point,normal,6.000000,1,-106.776575741400,0.000,1.000,11010000000000000000000000000,11100000000000000000000000000,0.20561060,0.04227572,printed_ci_coefficient_threshold_from_output
new_runs/single_points_properties/outputs/lif_sp_R_6_00.out,single_points_properties,single_point,normal,6.000000,1,-106.776575741400,0.000,1.000,11100000000000000000000000000,11000010000000000000000000000,0.06794260,0.00461620,printed_ci_coefficient_threshold_from_output
new_runs/single_points_properties/outputs/lif_sp_R_6_00.out,single_points_properties,single_point,normal,6.000000,1,-106.776575741400,0.000,1.000,11000010000000000000000000000,11100000000000000000000000000,0.06794260,0.00461620,printed_ci_coefficient_threshold_from_output
new_runs/single_points_properties/outputs/lif_sp_R_6_00.out,single_points_properties,single_point,normal,6.000000,2,-106.770731962800,1.000,3.000,11010000000000000000000000000,11100000000000000000000000000,-0.65662090,0.43115101,printed_ci_coefficient_threshold_from_output
new_runs/single_points_properties/outputs/lif_sp_R_6_00.out,single_points_properties,single_point,normal,6.000000,2,-106.770731962800,1.000,3.000,11100000000000000000000000000,11010000000000000000000000000,0.65662090,0.43115101,printed_ci_coefficient_threshold_from_output
new_runs/single_points_properties/outputs/lif_sp_R_6_00.out,single_points_properties,single_point,normal,6.000000,2,-106.770731962800,1.000,3.000,11000010000000000000000000000,11100000000000000000000000000,-0.15264530,0.02330059,printed_ci_coefficient_threshold_from_output
new_runs/single_points_properties/outputs/lif_sp_R_6_00.out,single_points_properties,single_point,normal,6.000000,2,-106.770731962800,1.000,3.000,11100000000000000000000000000,11000010000000000000000000000,0.15264530,0.02330059,printed_ci_coefficient_threshold_from_output
new_runs/single_points_properties/outputs/lif_sp_R_6_00.out,single_points_properties,single_point,normal,6.000000,2,-106.770731962800,1.000,3.000,11010000000000000000000000000,10100000000000000000000000100,-0.08189540,0.00670686,printed_ci_coefficient_threshold_from_output
new_runs/single_points_properties/outputs/lif_sp_R_6_00.out,single_points_properties,single_point,normal,6.000000,2,-106.770731962800,1.000,3.000,11010000000000000000000000000,01100000000000000000000001000,0.08189540,0.00670686,printed_ci_coefficient_threshold_from_output
new_runs/single_points_properties/outputs/lif_sp_R_6_00.out,single_points_properties,single_point,normal,6.000000,2,-106.770731962800,1.000,3.000,10100000000000000000000000100,11010000000000000000000000000,0.08189540,0.00670686,printed_ci_coefficient_threshold_from_output
new_runs/single_points_properties/outputs/lif_sp_R_6_00.out,single_points_properties,single_point,normal,6.000000,2,-106.770731962800,1.000,3.000,01100000000000000000000001000,11010000000000000000000000000,-0.08189540,0.00670686,printed_ci_coefficient_threshold_from_output
new_runs/single_points_properties/outputs/lif_sp_R_6_00.out,single_points_properties,single_point,normal,6.000000,2,-106.770731962800,1.000,3.000,10010000000000000000000000100,11100000000000000000000000000,-0.07664430,0.00587435,printed_ci_coefficient_threshold_from_output
new_runs/single_points_properties/outputs/lif_sp_R_6_00.out,single_points_properties,single_point,normal,6.000000,2,-106.770731962800,1.000,3.000,01010000000000000000000001000,11100000000000000000000000000,0.07664430,0.00587435,printed_ci_coefficient_threshold_from_output
new_runs/single_points_properties/outputs/lif_sp_R_6_00.out,single_points_properties,single_point,normal,6.000000,2,-106.770731962800,1.000,3.000,11100000000000000000000000000,10010000000000000000000000100,0.07664430,0.00587435,printed_ci_coefficient_threshold_from_output
new_runs/single_points_properties/outputs/lif_sp_R_6_00.out,single_points_properties,single_point,normal,6.000000,2,-106.770731962800,1.000,3.000,11100000000000000000000000000,01010000000000000000000001000,-0.07664430,0.00587435,printed_ci_coefficient_threshold_from_output
new_runs/single_points_properties/outputs/lif_sp_R_6_00.out,single_points_properties,single_point,normal,6.000000,2,-106.770731962800,1.000,3.000,11010000000000000000000000000,11000000000000000000000000010,0.06638230,0.00440661,printed_ci_coefficient_threshold_from_output
new_runs/single_points_properties/outputs/lif_sp_R_6_00.out,single_points_properties,single_point,normal,6.000000,2,-106.770731962800,1.000,3.000,11000000000000000000000000010,11010000000000000000000000000,-0.06638230,0.00440661,printed_ci_coefficient_threshold_from_output
new_runs/single_points_properties/outputs/lif_sp_R_6_00.out,single_points_properties,single_point,normal,6.000000,2,-106.770731962800,1.000,3.000,11010000000000000000000000000,11000000000000000000000000001,-0.05254910,0.00276141,printed_ci_coefficient_threshold_from_output
new_runs/single_points_properties/outputs/lif_sp_R_6_00.out,single_points_properties,single_point,normal,6.000000,2,-106.770731962800,1.000,3.000,11000000000000000000000000001,11010000000000000000000000000,0.05254910,0.00276141,printed_ci_coefficient_threshold_from_output
new_runs/single_points_properties/outputs/lif_sp_R_6_00.out,single_points_properties,single_point,normal,6.000000,3,-106.769903981200,0.000,1.000,11100000000000000000000000000,11010000000000000000000000000,-0.62425890,0.38969917,printed_ci_coefficient_threshold_from_output
new_runs/single_points_properties/outputs/lif_sp_R_6_00.out,single_points_properties,single_point,normal,6.000000,3,-106.769903981200,0.000,1.000,11010000000000000000000000000,11100000000000000000000000000,-0.62425890,0.38969917,printed_ci_coefficient_threshold_from_output
new_runs/single_points_properties/outputs/lif_sp_R_6_00.out,single_points_properties,single_point,normal,6.000000,3,-106.769903981200,0.000,1.000,11100000000000000000000000000,11100000000000000000000000000,0.31859560,0.10150316,printed_ci_coefficient_threshold_from_output
new_runs/single_points_properties/outputs/lif_sp_R_6_00.out,single_points_properties,single_point,normal,6.000000,3,-106.769903981200,0.000,1.000,11100000000000000000000000000,11000010000000000000000000000,-0.13513070,0.01826031,printed_ci_coefficient_threshold_from_output
new_runs/single_points_properties/outputs/lif_sp_R_6_00.out,single_points_properties,single_point,normal,6.000000,3,-106.769903981200,0.000,1.000,11000010000000000000000000000,11100000000000000000000000000,-0.13513070,0.01826031,printed_ci_coefficient_threshold_from_output
new_runs/single_points_properties/outputs/lif_sp_R_6_00.out,single_points_properties,single_point,normal,6.000000,3,-106.769903981200,0.000,1.000,10100000000000000000000000100,11010000000000000000000000000,-0.07715940,0.00595357,printed_ci_coefficient_threshold_from_output
new_runs/single_points_properties/outputs/lif_sp_R_6_00.out,single_points_properties,single_point,normal,6.000000,3,-106.769903981200,0.000,1.000,01100000000000000000000001000,11010000000000000000000000000,0.07715940,0.00595357,printed_ci_coefficient_threshold_from_output
new_runs/single_points_properties/outputs/lif_sp_R_6_00.out,single_points_properties,single_point,normal,6.000000,3,-106.769903981200,0.000,1.000,11010000000000000000000000000,10100000000000000000000000100,-0.07715940,0.00595357,printed_ci_coefficient_threshold_from_output
new_runs/single_points_properties/outputs/lif_sp_R_6_00.out,single_points_properties,single_point,normal,6.000000,3,-106.769903981200,0.000,1.000,11010000000000000000000000000,01100000000000000000000001000,0.07715940,0.00595357,printed_ci_coefficient_threshold_from_output
new_runs/single_points_properties/outputs/lif_sp_R_6_00.out,single_points_properties,single_point,normal,6.000000,3,-106.769903981200,0.000,1.000,11100000000000000000000000000,10010000000000000000000000100,-0.07219950,0.00521277,printed_ci_coefficient_threshold_from_output
new_runs/single_points_properties/outputs/lif_sp_R_6_00.out,single_points_properties,single_point,normal,6.000000,3,-106.769903981200,0.000,1.000,11100000000000000000000000000,01010000000000000000000001000,0.07219950,0.00521277,printed_ci_coefficient_threshold_from_output
new_runs/single_points_properties/outputs/lif_sp_R_6_00.out,single_points_properties,single_point,normal,6.000000,3,-106.769903981200,0.000,1.000,10010000000000000000000000100,11100000000000000000000000000,-0.07219950,0.00521277,printed_ci_coefficient_threshold_from_output
new_runs/single_points_properties/outputs/lif_sp_R_6_00.out,single_points_properties,single_point,normal,6.000000,3,-106.769903981200,0.000,1.000,01010000000000000000000001000,11100000000000000000000000000,0.07219950,0.00521277,printed_ci_coefficient_threshold_from_output
new_runs/single_points_properties/outputs/lif_sp_R_6_00.out,single_points_properties,single_point,normal,6.000000,3,-106.769903981200,0.000,1.000,11000000000000000000000000010,11010000000000000000000000000,0.06261700,0.00392089,printed_ci_coefficient_threshold_from_output
new_runs/single_points_properties/outputs/lif_sp_R_6_00.out,single_points_properties,single_point,normal,6.000000,3,-106.769903981200,0.000,1.000,11010000000000000000000000000,11000000000000000000000000010,0.06261700,0.00392089,printed_ci_coefficient_threshold_from_output
new_runs/single_points_properties/outputs/lif_sp_R_6_05.out,single_points_properties,single_point,normal,6.050000,1,-106.775838763100,0.000,1.000,11100000000000000000000000000,11100000000000000000000000000,-0.92374990,0.85331388,printed_ci_coefficient_threshold_from_output
new_runs/single_points_properties/outputs/lif_sp_R_6_05.out,single_points_properties,single_point,normal,6.050000,1,-106.775838763100,0.000,1.000,11010000000000000000000000000,11100000000000000000000000000,0.22342720,0.04991971,printed_ci_coefficient_threshold_from_output
new_runs/single_points_properties/outputs/lif_sp_R_6_05.out,single_points_properties,single_point,normal,6.050000,1,-106.775838763100,0.000,1.000,11100000000000000000000000000,11010000000000000000000000000,0.22342720,0.04991971,printed_ci_coefficient_threshold_from_output
new_runs/single_points_properties/outputs/lif_sp_R_6_05.out,single_points_properties,single_point,normal,6.050000,1,-106.775838763100,0.000,1.000,11000010000000000000000000000,11100000000000000000000000000,0.07091720,0.00502925,printed_ci_coefficient_threshold_from_output
new_runs/single_points_properties/outputs/lif_sp_R_6_05.out,single_points_properties,single_point,normal,6.050000,1,-106.775838763100,0.000,1.000,11100000000000000000000000000,11000010000000000000000000000,0.07091720,0.00502925,printed_ci_coefficient_threshold_from_output
new_runs/single_points_properties/outputs/lif_sp_R_6_05.out,single_points_properties,single_point,normal,6.050000,2,-106.770702704900,1.000,3.000,11010000000000000000000000000,11100000000000000000000000000,0.65710360,0.43178514,printed_ci_coefficient_threshold_from_output
new_runs/single_points_properties/outputs/lif_sp_R_6_05.out,single_points_properties,single_point,normal,6.050000,2,-106.770702704900,1.000,3.000,11100000000000000000000000000,11010000000000000000000000000,-0.65710360,0.43178514,printed_ci_coefficient_threshold_from_output
new_runs/single_points_properties/outputs/lif_sp_R_6_05.out,single_points_properties,single_point,normal,6.050000,2,-106.770702704900,1.000,3.000,11000010000000000000000000000,11100000000000000000000000000,0.15096000,0.02278892,printed_ci_coefficient_threshold_from_output
new_runs/single_points_properties/outputs/lif_sp_R_6_05.out,single_points_properties,single_point,normal,6.050000,2,-106.770702704900,1.000,3.000,11100000000000000000000000000,11000010000000000000000000000,-0.15096000,0.02278892,printed_ci_coefficient_threshold_from_output
new_runs/single_points_properties/outputs/lif_sp_R_6_05.out,single_points_properties,single_point,normal,6.050000,2,-106.770702704900,1.000,3.000,11010000000000000000000000000,10100000000000000000000000100,0.08280320,0.00685637,printed_ci_coefficient_threshold_from_output
new_runs/single_points_properties/outputs/lif_sp_R_6_05.out,single_points_properties,single_point,normal,6.050000,2,-106.770702704900,1.000,3.000,10100000000000000000000000100,11010000000000000000000000000,-0.08280320,0.00685637,printed_ci_coefficient_threshold_from_output
new_runs/single_points_properties/outputs/lif_sp_R_6_05.out,single_points_properties,single_point,normal,6.050000,2,-106.770702704900,1.000,3.000,11010000000000000000000000000,01100000000000000000000001000,-0.08280320,0.00685637,printed_ci_coefficient_threshold_from_output
new_runs/single_points_properties/outputs/lif_sp_R_6_05.out,single_points_properties,single_point,normal,6.050000,2,-106.770702704900,1.000,3.000,01100000000000000000000001000,11010000000000000000000000000,0.08280320,0.00685637,printed_ci_coefficient_threshold_from_output
new_runs/single_points_properties/outputs/lif_sp_R_6_05.out,single_points_properties,single_point,normal,6.050000,2,-106.770702704900,1.000,3.000,10010000000000000000000000100,11100000000000000000000000000,0.07750070,0.00600636,printed_ci_coefficient_threshold_from_output
new_runs/single_points_properties/outputs/lif_sp_R_6_05.out,single_points_properties,single_point,normal,6.050000,2,-106.770702704900,1.000,3.000,11100000000000000000000000000,10010000000000000000000000100,-0.07750070,0.00600636,printed_ci_coefficient_threshold_from_output
new_runs/single_points_properties/outputs/lif_sp_R_6_05.out,single_points_properties,single_point,normal,6.050000,2,-106.770702704900,1.000,3.000,01010000000000000000000001000,11100000000000000000000000000,-0.07750070,0.00600636,printed_ci_coefficient_threshold_from_output
new_runs/single_points_properties/outputs/lif_sp_R_6_05.out,single_points_properties,single_point,normal,6.050000,2,-106.770702704900,1.000,3.000,11100000000000000000000000000,01010000000000000000000001000,0.07750070,0.00600636,printed_ci_coefficient_threshold_from_output
new_runs/single_points_properties/outputs/lif_sp_R_6_05.out,single_points_properties,single_point,normal,6.050000,2,-106.770702704900,1.000,3.000,11010000000000000000000000000,11000000000000000000000000010,0.06690610,0.00447643,printed_ci_coefficient_threshold_from_output
new_runs/single_points_properties/outputs/lif_sp_R_6_05.out,single_points_properties,single_point,normal,6.050000,2,-106.770702704900,1.000,3.000,11000000000000000000000000010,11010000000000000000000000000,-0.06690610,0.00447643,printed_ci_coefficient_threshold_from_output
new_runs/single_points_properties/outputs/lif_sp_R_6_05.out,single_points_properties,single_point,normal,6.050000,2,-106.770702704900,1.000,3.000,11010000000000000000000000000,11000000000000000000000000001,0.05223230,0.00272821,printed_ci_coefficient_threshold_from_output
new_runs/single_points_properties/outputs/lif_sp_R_6_05.out,single_points_properties,single_point,normal,6.050000,2,-106.770702704900,1.000,3.000,11000000000000000000000000001,11010000000000000000000000000,-0.05223230,0.00272821,printed_ci_coefficient_threshold_from_output
new_runs/single_points_properties/outputs/lif_sp_R_6_05.out,single_points_properties,single_point,normal,6.050000,3,-106.769850092300,0.000,1.000,11100000000000000000000000000,11010000000000000000000000000,-0.61856980,0.38262860,printed_ci_coefficient_threshold_from_output
new_runs/single_points_properties/outputs/lif_sp_R_6_05.out,single_points_properties,single_point,normal,6.050000,3,-106.769850092300,0.000,1.000,11010000000000000000000000000,11100000000000000000000000000,-0.61856980,0.38262860,printed_ci_coefficient_threshold_from_output
new_runs/single_points_properties/outputs/lif_sp_R_6_05.out,single_points_properties,single_point,normal,6.050000,3,-106.769850092300,0.000,1.000,11100000000000000000000000000,11100000000000000000000000000,-0.34470470,0.11882133,printed_ci_coefficient_threshold_from_output
new_runs/single_points_properties/outputs/lif_sp_R_6_05.out,single_points_properties,single_point,normal,6.050000,3,-106.769850092300,0.000,1.000,11100000000000000000000000000,11000010000000000000000000000,-0.13184220,0.01738237,printed_ci_coefficient_threshold_from_output
new_runs/single_points_properties/outputs/lif_sp_R_6_05.out,single_points_properties,single_point,normal,6.050000,3,-106.769850092300,0.000,1.000,11000010000000000000000000000,11100000000000000000000000000,-0.13184220,0.01738237,printed_ci_coefficient_threshold_from_output
new_runs/single_points_properties/outputs/lif_sp_R_6_05.out,single_points_properties,single_point,normal,6.050000,3,-106.769850092300,0.000,1.000,01100000000000000000000001000,11010000000000000000000000000,0.07722010,0.00596294,printed_ci_coefficient_threshold_from_output
new_runs/single_points_properties/outputs/lif_sp_R_6_05.out,single_points_properties,single_point,normal,6.050000,3,-106.769850092300,0.000,1.000,11010000000000000000000000000,01100000000000000000000001000,0.07722010,0.00596294,printed_ci_coefficient_threshold_from_output
new_runs/single_points_properties/outputs/lif_sp_R_6_05.out,single_points_properties,single_point,normal,6.050000,3,-106.769850092300,0.000,1.000,10100000000000000000000000100,11010000000000000000000000000,-0.07722010,0.00596294,printed_ci_coefficient_threshold_from_output
new_runs/single_points_properties/outputs/lif_sp_R_6_05.out,single_points_properties,single_point,normal,6.050000,3,-106.769850092300,0.000,1.000,11010000000000000000000000000,10100000000000000000000000100,-0.07722010,0.00596294,printed_ci_coefficient_threshold_from_output
new_runs/single_points_properties/outputs/lif_sp_R_6_05.out,single_points_properties,single_point,normal,6.050000,3,-106.769850092300,0.000,1.000,11100000000000000000000000000,01010000000000000000000001000,0.07226350,0.00522201,printed_ci_coefficient_threshold_from_output
new_runs/single_points_properties/outputs/lif_sp_R_6_05.out,single_points_properties,single_point,normal,6.050000,3,-106.769850092300,0.000,1.000,01010000000000000000000001000,11100000000000000000000000000,0.07226350,0.00522201,printed_ci_coefficient_threshold_from_output
new_runs/single_points_properties/outputs/lif_sp_R_6_05.out,single_points_properties,single_point,normal,6.050000,3,-106.769850092300,0.000,1.000,11100000000000000000000000000,10010000000000000000000000100,-0.07226350,0.00522201,printed_ci_coefficient_threshold_from_output
new_runs/single_points_properties/outputs/lif_sp_R_6_05.out,single_points_properties,single_point,normal,6.050000,3,-106.769850092300,0.000,1.000,10010000000000000000000000100,11100000000000000000000000000,-0.07226350,0.00522201,printed_ci_coefficient_threshold_from_output
new_runs/single_points_properties/outputs/lif_sp_R_6_05.out,single_points_properties,single_point,normal,6.050000,3,-106.769850092300,0.000,1.000,11000000000000000000000000010,11010000000000000000000000000,-0.06246530,0.00390191,printed_ci_coefficient_threshold_from_output
new_runs/single_points_properties/outputs/lif_sp_R_6_05.out,single_points_properties,single_point,normal,6.050000,3,-106.769850092300,0.000,1.000,11010000000000000000000000000,11000000000000000000000000010,-0.06246530,0.00390191,printed_ci_coefficient_threshold_from_output
new_runs/single_points_properties/outputs/lif_sp_R_6_10.out,single_points_properties,single_point,normal,6.100000,1,-106.775126982300,0.000,1.000,11100000000000000000000000000,11100000000000000000000000000,0.91129370,0.83045621,printed_ci_coefficient_threshold_from_output
new_runs/single_points_properties/outputs/lif_sp_R_6_10.out,single_points_properties,single_point,normal,6.100000,1,-106.775126982300,0.000,1.000,11010000000000000000000000000,11100000000000000000000000000,-0.24507640,0.06006244,printed_ci_coefficient_threshold_from_output
new_runs/single_points_properties/outputs/lif_sp_R_6_10.out,single_points_properties,single_point,normal,6.100000,1,-106.775126982300,0.000,1.000,11100000000000000000000000000,11010000000000000000000000000,-0.24507640,0.06006244,printed_ci_coefficient_threshold_from_output
new_runs/single_points_properties/outputs/lif_sp_R_6_10.out,single_points_properties,single_point,normal,6.100000,1,-106.775126982300,0.000,1.000,11000010000000000000000000000,11100000000000000000000000000,-0.07462820,0.00556937,printed_ci_coefficient_threshold_from_output
new_runs/single_points_properties/outputs/lif_sp_R_6_10.out,single_points_properties,single_point,normal,6.100000,1,-106.775126982300,0.000,1.000,11100000000000000000000000000,11000010000000000000000000000,-0.07462820,0.00556937,printed_ci_coefficient_threshold_from_output
new_runs/single_points_properties/outputs/lif_sp_R_6_10.out,single_points_properties,single_point,normal,6.100000,2,-106.770674244800,1.000,3.000,11010000000000000000000000000,11100000000000000000000000000,0.65759090,0.43242579,printed_ci_coefficient_threshold_from_output
new_runs/single_points_properties/outputs/lif_sp_R_6_10.out,single_points_properties,single_point,normal,6.100000,2,-106.770674244800,1.000,3.000,11100000000000000000000000000,11010000000000000000000000000,-0.65759090,0.43242579,printed_ci_coefficient_threshold_from_output
new_runs/single_points_properties/outputs/lif_sp_R_6_10.out,single_points_properties,single_point,normal,6.100000,2,-106.770674244800,1.000,3.000,11000010000000000000000000000,11100000000000000000000000000,0.14919720,0.02225980,printed_ci_coefficient_threshold_from_output
new_runs/single_points_properties/outputs/lif_sp_R_6_10.out,single_points_properties,single_point,normal,6.100000,2,-106.770674244800,1.000,3.000,11100000000000000000000000000,11000010000000000000000000000,-0.14919720,0.02225980,printed_ci_coefficient_threshold_from_output
new_runs/single_points_properties/outputs/lif_sp_R_6_10.out,single_points_properties,single_point,normal,6.100000,2,-106.770674244800,1.000,3.000,11010000000000000000000000000,10100000000000000000000000100,0.08364520,0.00699652,printed_ci_coefficient_threshold_from_output
new_runs/single_points_properties/outputs/lif_sp_R_6_10.out,single_points_properties,single_point,normal,6.100000,2,-106.770674244800,1.000,3.000,11010000000000000000000000000,01100000000000000000000001000,-0.08364520,0.00699652,printed_ci_coefficient_threshold_from_output
new_runs/single_points_properties/outputs/lif_sp_R_6_10.out,single_points_properties,single_point,normal,6.100000,2,-106.770674244800,1.000,3.000,10100000000000000000000000100,11010000000000000000000000000,-0.08364520,0.00699652,printed_ci_coefficient_threshold_from_output
new_runs/single_points_properties/outputs/lif_sp_R_6_10.out,single_points_properties,single_point,normal,6.100000,2,-106.770674244800,1.000,3.000,01100000000000000000000001000,11010000000000000000000000000,0.08364520,0.00699652,printed_ci_coefficient_threshold_from_output
new_runs/single_points_properties/outputs/lif_sp_R_6_10.out,single_points_properties,single_point,normal,6.100000,2,-106.770674244800,1.000,3.000,10010000000000000000000000100,11100000000000000000000000000,0.07829450,0.00613003,printed_ci_coefficient_threshold_from_output
new_runs/single_points_properties/outputs/lif_sp_R_6_10.out,single_points_properties,single_point,normal,6.100000,2,-106.770674244800,1.000,3.000,01010000000000000000000001000,11100000000000000000000000000,-0.07829450,0.00613003,printed_ci_coefficient_threshold_from_output
new_runs/single_points_properties/outputs/lif_sp_R_6_10.out,single_points_properties,single_point,normal,6.100000,2,-106.770674244800,1.000,3.000,11100000000000000000000000000,10010000000000000000000000100,-0.07829450,0.00613003,printed_ci_coefficient_threshold_from_output
new_runs/single_points_properties/outputs/lif_sp_R_6_10.out,single_points_properties,single_point,normal,6.100000,2,-106.770674244800,1.000,3.000,11100000000000000000000000000,01010000000000000000000001000,0.07829450,0.00613003,printed_ci_coefficient_threshold_from_output
new_runs/single_points_properties/outputs/lif_sp_R_6_10.out,single_points_properties,single_point,normal,6.100000,2,-106.770674244800,1.000,3.000,11010000000000000000000000000,11000000000000000000000000010,0.06765430,0.00457710,printed_ci_coefficient_threshold_from_output
new_runs/single_points_properties/outputs/lif_sp_R_6_10.out,single_points_properties,single_point,normal,6.100000,2,-106.770674244800,1.000,3.000,11000000000000000000000000010,11010000000000000000000000000,-0.06765430,0.00457710,printed_ci_coefficient_threshold_from_output
new_runs/single_points_properties/outputs/lif_sp_R_6_10.out,single_points_properties,single_point,normal,6.100000,2,-106.770674244800,1.000,3.000,11010000000000000000000000000,11000000000000000000000000001,0.05169650,0.00267253,printed_ci_coefficient_threshold_from_output
new_runs/single_points_properties/outputs/lif_sp_R_6_10.out,single_points_properties,single_point,normal,6.100000,2,-106.770674244800,1.000,3.000,11000000000000000000000000001,11010000000000000000000000000,-0.05169650,0.00267253,printed_ci_coefficient_threshold_from_output
new_runs/single_points_properties/outputs/lif_sp_R_6_10.out,single_points_properties,single_point,normal,6.100000,3,-106.769784404300,0.000,1.000,11100000000000000000000000000,11010000000000000000000000000,-0.61077110,0.37304134,printed_ci_coefficient_threshold_from_output
new_runs/single_points_properties/outputs/lif_sp_R_6_10.out,single_points_properties,single_point,normal,6.100000,3,-106.769784404300,0.000,1.000,11010000000000000000000000000,11100000000000000000000000000,-0.61077110,0.37304134,printed_ci_coefficient_threshold_from_output
new_runs/single_points_properties/outputs/lif_sp_R_6_10.out,single_points_properties,single_point,normal,6.100000,3,-106.769784404300,0.000,1.000,11100000000000000000000000000,11100000000000000000000000000,-0.37652520,0.14177123,printed_ci_coefficient_threshold_from_output
new_runs/single_points_properties/outputs/lif_sp_R_6_10.out,single_points_properties,single_point,normal,6.100000,3,-106.769784404300,0.000,1.000,11100000000000000000000000000,11000010000000000000000000000,-0.12799190,0.01638193,printed_ci_coefficient_threshold_from_output
new_runs/single_points_properties/outputs/lif_sp_R_6_10.out,single_points_properties,single_point,normal,6.100000,3,-106.769784404300,0.000,1.000,11000010000000000000000000000,11100000000000000000000000000,-0.12799190,0.01638193,printed_ci_coefficient_threshold_from_output
new_runs/single_points_properties/outputs/lif_sp_R_6_10.out,single_points_properties,single_point,normal,6.100000,3,-106.769784404300,0.000,1.000,10100000000000000000000000100,11010000000000000000000000000,-0.07692900,0.00591807,printed_ci_coefficient_threshold_from_output
new_runs/single_points_properties/outputs/lif_sp_R_6_10.out,single_points_properties,single_point,normal,6.100000,3,-106.769784404300,0.000,1.000,01100000000000000000000001000,11010000000000000000000000000,0.07692900,0.00591807,printed_ci_coefficient_threshold_from_output
new_runs/single_points_properties/outputs/lif_sp_R_6_10.out,single_points_properties,single_point,normal,6.100000,3,-106.769784404300,0.000,1.000,11010000000000000000000000000,10100000000000000000000000100,-0.07692900,0.00591807,printed_ci_coefficient_threshold_from_output
new_runs/single_points_properties/outputs/lif_sp_R_6_10.out,single_points_properties,single_point,normal,6.100000,3,-106.769784404300,0.000,1.000,11010000000000000000000000000,01100000000000000000000001000,0.07692900,0.00591807,printed_ci_coefficient_threshold_from_output
new_runs/single_points_properties/outputs/lif_sp_R_6_10.out,single_points_properties,single_point,normal,6.100000,3,-106.769784404300,0.000,1.000,11100000000000000000000000000,10010000000000000000000000100,-0.07199680,0.00518354,printed_ci_coefficient_threshold_from_output
new_runs/single_points_properties/outputs/lif_sp_R_6_10.out,single_points_properties,single_point,normal,6.100000,3,-106.769784404300,0.000,1.000,11100000000000000000000000000,01010000000000000000000001000,0.07199680,0.00518354,printed_ci_coefficient_threshold_from_output
new_runs/single_points_properties/outputs/lif_sp_R_6_10.out,single_points_properties,single_point,normal,6.100000,3,-106.769784404300,0.000,1.000,10010000000000000000000000100,11100000000000000000000000000,-0.07199680,0.00518354,printed_ci_coefficient_threshold_from_output
new_runs/single_points_properties/outputs/lif_sp_R_6_10.out,single_points_properties,single_point,normal,6.100000,3,-106.769784404300,0.000,1.000,01010000000000000000000001000,11100000000000000000000000000,0.07199680,0.00518354,printed_ci_coefficient_threshold_from_output
new_runs/single_points_properties/outputs/lif_sp_R_6_10.out,single_points_properties,single_point,normal,6.100000,3,-106.769784404300,0.000,1.000,11000000000000000000000000010,11010000000000000000000000000,-0.06228940,0.00387997,printed_ci_coefficient_threshold_from_output
new_runs/single_points_properties/outputs/lif_sp_R_6_10.out,single_points_properties,single_point,normal,6.100000,3,-106.769784404300,0.000,1.000,11010000000000000000000000000,11000000000000000000000000010,-0.06228940,0.00387997,printed_ci_coefficient_threshold_from_output
new_runs/single_points_properties/outputs/lif_sp_R_6_20.out,single_points_properties,single_point,normal,6.200000,1,-106.773796354900,0.000,1.000,11100000000000000000000000000,11100000000000000000000000000,-0.87040910,0.75761200,printed_ci_coefficient_threshold_from_output
new_runs/single_points_properties/outputs/lif_sp_R_6_20.out,single_points_properties,single_point,normal,6.200000,1,-106.773796354900,0.000,1.000,11100000000000000000000000000,11010000000000000000000000000,0.30410510,0.09247991,printed_ci_coefficient_threshold_from_output
new_runs/single_points_properties/outputs/lif_sp_R_6_20.out,single_points_properties,single_point,normal,6.200000,1,-106.773796354900,0.000,1.000,11010000000000000000000000000,11100000000000000000000000000,0.30410510,0.09247991,printed_ci_coefficient_threshold_from_output
new_runs/single_points_properties/outputs/lif_sp_R_6_20.out,single_points_properties,single_point,normal,6.200000,1,-106.773796354900,0.000,1.000,11100000000000000000000000000,11000010000000000000000000000,0.08476420,0.00718497,printed_ci_coefficient_threshold_from_output
new_runs/single_points_properties/outputs/lif_sp_R_6_20.out,single_points_properties,single_point,normal,6.200000,1,-106.773796354900,0.000,1.000,11000010000000000000000000000,11100000000000000000000000000,0.08476420,0.00718497,printed_ci_coefficient_threshold_from_output
new_runs/single_points_properties/outputs/lif_sp_R_6_20.out,single_points_properties,single_point,normal,6.200000,2,-106.770619847700,1.000,3.000,11010000000000000000000000000,11100000000000000000000000000,0.65849170,0.43361132,printed_ci_coefficient_threshold_from_output
new_runs/single_points_properties/outputs/lif_sp_R_6_20.out,single_points_properties,single_point,normal,6.200000,2,-106.770619847700,1.000,3.000,11100000000000000000000000000,11010000000000000000000000000,-0.65849170,0.43361132,printed_ci_coefficient_threshold_from_output
new_runs/single_points_properties/outputs/lif_sp_R_6_20.out,single_points_properties,single_point,normal,6.200000,2,-106.770619847700,1.000,3.000,11000010000000000000000000000,11100000000000000000000000000,0.14586780,0.02127742,printed_ci_coefficient_threshold_from_output
new_runs/single_points_properties/outputs/lif_sp_R_6_20.out,single_points_properties,single_point,normal,6.200000,2,-106.770619847700,1.000,3.000,11100000000000000000000000000,11000010000000000000000000000,-0.14586780,0.02127742,printed_ci_coefficient_threshold_from_output
new_runs/single_points_properties/outputs/lif_sp_R_6_20.out,single_points_properties,single_point,normal,6.200000,2,-106.770619847700,1.000,3.000,11010000000000000000000000000,01100000000000000000000001000,-0.08510270,0.00724247,printed_ci_coefficient_threshold_from_output
new_runs/single_points_properties/outputs/lif_sp_R_6_20.out,single_points_properties,single_point,normal,6.200000,2,-106.770619847700,1.000,3.000,11010000000000000000000000000,10100000000000000000000000100,0.08510270,0.00724247,printed_ci_coefficient_threshold_from_output
new_runs/single_points_properties/outputs/lif_sp_R_6_20.out,single_points_properties,single_point,normal,6.200000,2,-106.770619847700,1.000,3.000,01100000000000000000000001000,11010000000000000000000000000,0.08510270,0.00724247,printed_ci_coefficient_threshold_from_output
new_runs/single_points_properties/outputs/lif_sp_R_6_20.out,single_points_properties,single_point,normal,6.200000,2,-106.770619847700,1.000,3.000,10100000000000000000000000100,11010000000000000000000000000,-0.08510270,0.00724247,printed_ci_coefficient_threshold_from_output
new_runs/single_points_properties/outputs/lif_sp_R_6_20.out,single_points_properties,single_point,normal,6.200000,2,-106.770619847700,1.000,3.000,01010000000000000000000001000,11100000000000000000000000000,-0.07967150,0.00634755,printed_ci_coefficient_threshold_from_output
new_runs/single_points_properties/outputs/lif_sp_R_6_20.out,single_points_properties,single_point,normal,6.200000,2,-106.770619847700,1.000,3.000,10010000000000000000000000100,11100000000000000000000000000,0.07967150,0.00634755,printed_ci_coefficient_threshold_from_output
new_runs/single_points_properties/outputs/lif_sp_R_6_20.out,single_points_properties,single_point,normal,6.200000,2,-106.770619847700,1.000,3.000,11100000000000000000000000000,01010000000000000000000001000,0.07967150,0.00634755,printed_ci_coefficient_threshold_from_output
new_runs/single_points_properties/outputs/lif_sp_R_6_20.out,single_points_properties,single_point,normal,6.200000,2,-106.770619847700,1.000,3.000,11100000000000000000000000000,10010000000000000000000000100,-0.07967150,0.00634755,printed_ci_coefficient_threshold_from_output
new_runs/single_points_properties/outputs/lif_sp_R_6_20.out,single_points_properties,single_point,normal,6.200000,2,-106.770619847700,1.000,3.000,11010000000000000000000000000,11000000000000000000000000010,0.06985560,0.00487980,printed_ci_coefficient_threshold_from_output
new_runs/single_points_properties/outputs/lif_sp_R_6_20.out,single_points_properties,single_point,normal,6.200000,2,-106.770619847700,1.000,3.000,11000000000000000000000000010,11010000000000000000000000000,-0.06985560,0.00487980,printed_ci_coefficient_threshold_from_output
new_runs/single_points_properties/outputs/lif_sp_R_6_20.out,single_points_properties,single_point,normal,6.200000,3,-106.769599412900,0.000,1.000,11100000000000000000000000000,11010000000000000000000000000,0.58457380,0.34172653,printed_ci_coefficient_threshold_from_output
new_runs/single_points_properties/outputs/lif_sp_R_6_20.out,single_points_properties,single_point,normal,6.200000,3,-106.769599412900,0.000,1.000,11010000000000000000000000000,11100000000000000000000000000,0.58457380,0.34172653,printed_ci_coefficient_threshold_from_output
new_runs/single_points_properties/outputs/lif_sp_R_6_20.out,single_points_properties,single_point,normal,6.200000,3,-106.769599412900,0.000,1.000,11100000000000000000000000000,11100000000000000000000000000,0.46345630,0.21479174,printed_ci_coefficient_threshold_from_output
new_runs/single_points_properties/outputs/lif_sp_R_6_20.out,single_points_properties,single_point,normal,6.200000,3,-106.769599412900,0.000,1.000,11100000000000000000000000000,11000010000000000000000000000,0.11766740,0.01384562,printed_ci_coefficient_threshold_from_output
new_runs/single_points_properties/outputs/lif_sp_R_6_20.out,single_points_properties,single_point,normal,6.200000,3,-106.769599412900,0.000,1.000,11000010000000000000000000000,11100000000000000000000000000,0.11766740,0.01384562,printed_ci_coefficient_threshold_from_output
new_runs/single_points_properties/outputs/lif_sp_R_6_20.out,single_points_properties,single_point,normal,6.200000,3,-106.769599412900,0.000,1.000,01100000000000000000000001000,11010000000000000000000000000,-0.07468930,0.00557849,printed_ci_coefficient_threshold_from_output
new_runs/single_points_properties/outputs/lif_sp_R_6_20.out,single_points_properties,single_point,normal,6.200000,3,-106.769599412900,0.000,1.000,10100000000000000000000000100,11010000000000000000000000000,0.07468930,0.00557849,printed_ci_coefficient_threshold_from_output
new_runs/single_points_properties/outputs/lif_sp_R_6_20.out,single_points_properties,single_point,normal,6.200000,3,-106.769599412900,0.000,1.000,11010000000000000000000000000,01100000000000000000000001000,-0.07468930,0.00557849,printed_ci_coefficient_threshold_from_output
new_runs/single_points_properties/outputs/lif_sp_R_6_20.out,single_points_properties,single_point,normal,6.200000,3,-106.769599412900,0.000,1.000,11010000000000000000000000000,10100000000000000000000000100,0.07468930,0.00557849,printed_ci_coefficient_threshold_from_output
new_runs/single_points_properties/outputs/lif_sp_R_6_20.out,single_points_properties,single_point,normal,6.200000,3,-106.769599412900,0.000,1.000,11100000000000000000000000000,01010000000000000000000001000,-0.06991280,0.00488780,printed_ci_coefficient_threshold_from_output
new_runs/single_points_properties/outputs/lif_sp_R_6_20.out,single_points_properties,single_point,normal,6.200000,3,-106.769599412900,0.000,1.000,11100000000000000000000000000,10010000000000000000000000100,0.06991280,0.00488780,printed_ci_coefficient_threshold_from_output
new_runs/single_points_properties/outputs/lif_sp_R_6_20.out,single_points_properties,single_point,normal,6.200000,3,-106.769599412900,0.000,1.000,01010000000000000000000001000,11100000000000000000000000000,-0.06991280,0.00488780,printed_ci_coefficient_threshold_from_output
new_runs/single_points_properties/outputs/lif_sp_R_6_20.out,single_points_properties,single_point,normal,6.200000,3,-106.769599412900,0.000,1.000,10010000000000000000000000100,11100000000000000000000000000,0.06991280,0.00488780,printed_ci_coefficient_threshold_from_output
new_runs/single_points_properties/outputs/lif_sp_R_6_20.out,single_points_properties,single_point,normal,6.200000,3,-106.769599412900,0.000,1.000,11000000000000000000000000010,11010000000000000000000000000,0.06137210,0.00376653,printed_ci_coefficient_threshold_from_output
new_runs/single_points_properties/outputs/lif_sp_R_6_20.out,single_points_properties,single_point,normal,6.200000,3,-106.769599412900,0.000,1.000,11010000000000000000000000000,11000000000000000000000000010,0.06137210,0.00376653,printed_ci_coefficient_threshold_from_output
new_runs/single_points_properties/outputs/lif_sp_R_6_50.out,single_points_properties,single_point,normal,6.500000,1,-106.771180928700,0.000,1.000,11010000000000000000000000000,11100000000000000000000000000,0.57544320,0.33113488,printed_ci_coefficient_threshold_from_output
new_runs/single_points_properties/outputs/lif_sp_R_6_50.out,single_points_properties,single_point,normal,6.500000,1,-106.771180928700,0.000,1.000,11100000000000000000000000000,11010000000000000000000000000,0.57544320,0.33113488,printed_ci_coefficient_threshold_from_output
new_runs/single_points_properties/outputs/lif_sp_R_6_50.out,single_points_properties,single_point,normal,6.500000,1,-106.771180928700,0.000,1.000,11100000000000000000000000000,11100000000000000000000000000,-0.47910080,0.22953758,printed_ci_coefficient_threshold_from_output
new_runs/single_points_properties/outputs/lif_sp_R_6_50.out,single_points_properties,single_point,normal,6.500000,1,-106.771180928700,0.000,1.000,11000010000000000000000000000,11100000000000000000000000000,0.12615670,0.01591551,printed_ci_coefficient_threshold_from_output
new_runs/single_points_properties/outputs/lif_sp_R_6_50.out,single_points_properties,single_point,normal,6.500000,1,-106.771180928700,0.000,1.000,11100000000000000000000000000,11000010000000000000000000000,0.12615670,0.01591551,printed_ci_coefficient_threshold_from_output
new_runs/single_points_properties/outputs/lif_sp_R_6_50.out,single_points_properties,single_point,normal,6.500000,1,-106.771180928700,0.000,1.000,11010000000000000000000000000,01100000000000000000000001000,-0.07733710,0.00598103,printed_ci_coefficient_threshold_from_output
new_runs/single_points_properties/outputs/lif_sp_R_6_50.out,single_points_properties,single_point,normal,6.500000,1,-106.771180928700,0.000,1.000,01100000000000000000000001000,11010000000000000000000000000,-0.07733710,0.00598103,printed_ci_coefficient_threshold_from_output
new_runs/single_points_properties/outputs/lif_sp_R_6_50.out,single_points_properties,single_point,normal,6.500000,1,-106.771180928700,0.000,1.000,11010000000000000000000000000,10100000000000000000000000100,0.07733710,0.00598103,printed_ci_coefficient_threshold_from_output
new_runs/single_points_properties/outputs/lif_sp_R_6_50.out,single_points_properties,single_point,normal,6.500000,1,-106.771180928700,0.000,1.000,10100000000000000000000000100,11010000000000000000000000000,0.07733710,0.00598103,printed_ci_coefficient_threshold_from_output
new_runs/single_points_properties/outputs/lif_sp_R_6_50.out,single_points_properties,single_point,normal,6.500000,1,-106.771180928700,0.000,1.000,01010000000000000000000001000,11100000000000000000000000000,-0.07242470,0.00524534,printed_ci_coefficient_threshold_from_output
new_runs/single_points_properties/outputs/lif_sp_R_6_50.out,single_points_properties,single_point,normal,6.500000,1,-106.771180928700,0.000,1.000,11100000000000000000000000000,01010000000000000000000001000,-0.07242470,0.00524534,printed_ci_coefficient_threshold_from_output
new_runs/single_points_properties/outputs/lif_sp_R_6_50.out,single_points_properties,single_point,normal,6.500000,1,-106.771180928700,0.000,1.000,10010000000000000000000000100,11100000000000000000000000000,0.07242470,0.00524534,printed_ci_coefficient_threshold_from_output
new_runs/single_points_properties/outputs/lif_sp_R_6_50.out,single_points_properties,single_point,normal,6.500000,1,-106.771180928700,0.000,1.000,11100000000000000000000000000,10010000000000000000000000100,0.07242470,0.00524534,printed_ci_coefficient_threshold_from_output
new_runs/single_points_properties/outputs/lif_sp_R_6_50.out,single_points_properties,single_point,normal,6.500000,1,-106.771180928700,0.000,1.000,11010000000000000000000000000,11000000000000000000000000010,-0.07208750,0.00519661,printed_ci_coefficient_threshold_from_output
new_runs/single_points_properties/outputs/lif_sp_R_6_50.out,single_points_properties,single_point,normal,6.500000,1,-106.771180928700,0.000,1.000,11000000000000000000000000010,11010000000000000000000000000,-0.07208750,0.00519661,printed_ci_coefficient_threshold_from_output
new_runs/single_points_properties/outputs/lif_sp_R_6_50.out,single_points_properties,single_point,normal,6.500000,2,-106.770478169200,1.000,3.000,11100000000000000000000000000,11010000000000000000000000000,0.66093780,0.43683878,printed_ci_coefficient_threshold_from_output
new_runs/single_points_properties/outputs/lif_sp_R_6_50.out,single_points_properties,single_point,normal,6.500000,2,-106.770478169200,1.000,3.000,11010000000000000000000000000,11100000000000000000000000000,-0.66093780,0.43683878,printed_ci_coefficient_threshold_from_output
new_runs/single_points_properties/outputs/lif_sp_R_6_50.out,single_points_properties,single_point,normal,6.500000,2,-106.770478169200,1.000,3.000,11100000000000000000000000000,11000010000000000000000000000,0.13594970,0.01848232,printed_ci_coefficient_threshold_from_output
new_runs/single_points_properties/outputs/lif_sp_R_6_50.out,single_points_properties,single_point,normal,6.500000,2,-106.770478169200,1.000,3.000,11000010000000000000000000000,11100000000000000000000000000,-0.13594970,0.01848232,printed_ci_coefficient_threshold_from_output
new_runs/single_points_properties/outputs/lif_sp_R_6_50.out,single_points_properties,single_point,normal,6.500000,2,-106.770478169200,1.000,3.000,01100000000000000000000001000,11010000000000000000000000000,-0.08807240,0.00775675,printed_ci_coefficient_threshold_from_output
new_runs/single_points_properties/outputs/lif_sp_R_6_50.out,single_points_properties,single_point,normal,6.500000,2,-106.770478169200,1.000,3.000,11010000000000000000000000000,01100000000000000000000001000,0.08807240,0.00775675,printed_ci_coefficient_threshold_from_output
new_runs/single_points_properties/outputs/lif_sp_R_6_50.out,single_points_properties,single_point,normal,6.500000,2,-106.770478169200,1.000,3.000,10100000000000000000000000100,11010000000000000000000000000,0.08807240,0.00775675,printed_ci_coefficient_threshold_from_output
new_runs/single_points_properties/outputs/lif_sp_R_6_50.out,single_points_properties,single_point,normal,6.500000,2,-106.770478169200,1.000,3.000,11010000000000000000000000000,10100000000000000000000000100,-0.08807240,0.00775675,printed_ci_coefficient_threshold_from_output
new_runs/single_points_properties/outputs/lif_sp_R_6_50.out,single_points_properties,single_point,normal,6.500000,2,-106.770478169200,1.000,3.000,11100000000000000000000000000,01010000000000000000000001000,-0.08248160,0.00680321,printed_ci_coefficient_threshold_from_output
new_runs/single_points_properties/outputs/lif_sp_R_6_50.out,single_points_properties,single_point,normal,6.500000,2,-106.770478169200,1.000,3.000,01010000000000000000000001000,11100000000000000000000000000,0.08248160,0.00680321,printed_ci_coefficient_threshold_from_output
new_runs/single_points_properties/outputs/lif_sp_R_6_50.out,single_points_properties,single_point,normal,6.500000,2,-106.770478169200,1.000,3.000,11100000000000000000000000000,10010000000000000000000000100,0.08248160,0.00680321,printed_ci_coefficient_threshold_from_output
new_runs/single_points_properties/outputs/lif_sp_R_6_50.out,single_points_properties,single_point,normal,6.500000,2,-106.770478169200,1.000,3.000,10010000000000000000000000100,11100000000000000000000000000,-0.08248160,0.00680321,printed_ci_coefficient_threshold_from_output
new_runs/single_points_properties/outputs/lif_sp_R_6_50.out,single_points_properties,single_point,normal,6.500000,2,-106.770478169200,1.000,3.000,11000000000000000000000000010,11010000000000000000000000000,-0.08209210,0.00673911,printed_ci_coefficient_threshold_from_output
new_runs/single_points_properties/outputs/lif_sp_R_6_50.out,single_points_properties,single_point,normal,6.500000,2,-106.770478169200,1.000,3.000,11010000000000000000000000000,11000000000000000000000000010,0.08209210,0.00673911,printed_ci_coefficient_threshold_from_output
new_runs/single_points_properties/outputs/lif_sp_R_6_50.out,single_points_properties,single_point,normal,6.500000,3,-106.767966914100,0.000,1.000,11100000000000000000000000000,11100000000000000000000000000,0.86219440,0.74337918,printed_ci_coefficient_threshold_from_output
new_runs/single_points_properties/outputs/lif_sp_R_6_50.out,single_points_properties,single_point,normal,6.500000,3,-106.767966914100,0.000,1.000,11010000000000000000000000000,11100000000000000000000000000,0.32567320,0.10606303,printed_ci_coefficient_threshold_from_output
new_runs/single_points_properties/outputs/lif_sp_R_6_50.out,single_points_properties,single_point,normal,6.500000,3,-106.767966914100,0.000,1.000,11100000000000000000000000000,11010000000000000000000000000,0.32567320,0.10606303,printed_ci_coefficient_threshold_from_output
new_runs/single_points_properties/outputs/lif_sp_R_7_00.out,single_points_properties,single_point,normal,7.000000,1,-106.770394208100,0.000,1.000,11010000000000000000000000000,11100000000000000000000000000,0.65941680,0.43483052,printed_ci_coefficient_threshold_from_output
new_runs/single_points_properties/outputs/lif_sp_R_7_00.out,single_points_properties,single_point,normal,7.000000,1,-106.770394208100,0.000,1.000,11100000000000000000000000000,11010000000000000000000000000,0.65941680,0.43483052,printed_ci_coefficient_threshold_from_output
new_runs/single_points_properties/outputs/lif_sp_R_7_00.out,single_points_properties,single_point,normal,7.000000,1,-106.770394208100,0.000,1.000,11000010000000000000000000000,11100000000000000000000000000,-0.12112950,0.01467236,printed_ci_coefficient_threshold_from_output
new_runs/single_points_properties/outputs/lif_sp_R_7_00.out,single_points_properties,single_point,normal,7.000000,1,-106.770394208100,0.000,1.000,11100000000000000000000000000,11000010000000000000000000000,-0.12112950,0.01467236,printed_ci_coefficient_threshold_from_output
new_runs/single_points_properties/outputs/lif_sp_R_7_00.out,single_points_properties,single_point,normal,7.000000,1,-106.770394208100,0.000,1.000,11100000000000000000000000000,11100000000000000000000000000,0.11378670,0.01294741,printed_ci_coefficient_threshold_from_output
new_runs/single_points_properties/outputs/lif_sp_R_7_00.out,single_points_properties,single_point,normal,7.000000,1,-106.770394208100,0.000,1.000,11010000000000000000000000000,11000000000000000000000000010,-0.09354080,0.00874988,printed_ci_coefficient_threshold_from_output
new_runs/single_points_properties/outputs/lif_sp_R_7_00.out,single_points_properties,single_point,normal,7.000000,1,-106.770394208100,0.000,1.000,11000000000000000000000000010,11010000000000000000000000000,-0.09354080,0.00874988,printed_ci_coefficient_threshold_from_output
new_runs/single_points_properties/outputs/lif_sp_R_7_00.out,single_points_properties,single_point,normal,7.000000,1,-106.770394208100,0.000,1.000,11010000000000000000000000000,01100000000000000000000001000,0.08959830,0.00802786,printed_ci_coefficient_threshold_from_output
new_runs/single_points_properties/outputs/lif_sp_R_7_00.out,single_points_properties,single_point,normal,7.000000,1,-106.770394208100,0.000,1.000,11010000000000000000000000000,10100000000000000000000000100,-0.08959830,0.00802786,printed_ci_coefficient_threshold_from_output
new_runs/single_points_properties/outputs/lif_sp_R_7_00.out,single_points_properties,single_point,normal,7.000000,1,-106.770394208100,0.000,1.000,01100000000000000000000001000,11010000000000000000000000000,0.08959830,0.00802786,printed_ci_coefficient_threshold_from_output
new_runs/single_points_properties/outputs/lif_sp_R_7_00.out,single_points_properties,single_point,normal,7.000000,1,-106.770394208100,0.000,1.000,10100000000000000000000000100,11010000000000000000000000000,-0.08959830,0.00802786,printed_ci_coefficient_threshold_from_output
new_runs/single_points_properties/outputs/lif_sp_R_7_00.out,single_points_properties,single_point,normal,7.000000,1,-106.770394208100,0.000,1.000,10010000000000000000000000100,11100000000000000000000000000,-0.08393740,0.00704549,printed_ci_coefficient_threshold_from_output
new_runs/single_points_properties/outputs/lif_sp_R_7_00.out,single_points_properties,single_point,normal,7.000000,1,-106.770394208100,0.000,1.000,01010000000000000000000001000,11100000000000000000000000000,0.08393740,0.00704549,printed_ci_coefficient_threshold_from_output
new_runs/single_points_properties/outputs/lif_sp_R_7_00.out,single_points_properties,single_point,normal,7.000000,1,-106.770394208100,0.000,1.000,11100000000000000000000000000,10010000000000000000000000100,-0.08393740,0.00704549,printed_ci_coefficient_threshold_from_output
new_runs/single_points_properties/outputs/lif_sp_R_7_00.out,single_points_properties,single_point,normal,7.000000,1,-106.770394208100,0.000,1.000,11100000000000000000000000000,01010000000000000000000001000,0.08393740,0.00704549,printed_ci_coefficient_threshold_from_output
new_runs/single_points_properties/outputs/lif_sp_R_7_00.out,single_points_properties,single_point,normal,7.000000,2,-106.770312899600,1.000,3.000,11100000000000000000000000000,11010000000000000000000000000,0.66418110,0.44113653,printed_ci_coefficient_threshold_from_output
new_runs/single_points_properties/outputs/lif_sp_R_7_00.out,single_points_properties,single_point,normal,7.000000,2,-106.770312899600,1.000,3.000,11010000000000000000000000000,11100000000000000000000000000,-0.66418110,0.44113653,printed_ci_coefficient_threshold_from_output
new_runs/single_points_properties/outputs/lif_sp_R_7_00.out,single_points_properties,single_point,normal,7.000000,2,-106.770312899600,1.000,3.000,11100000000000000000000000000,11000010000000000000000000000,-0.12089530,0.01461567,printed_ci_coefficient_threshold_from_output
new_runs/single_points_properties/outputs/lif_sp_R_7_00.out,single_points_properties,single_point,normal,7.000000,2,-106.770312899600,1.000,3.000,11000010000000000000000000000,11100000000000000000000000000,0.12089530,0.01461567,printed_ci_coefficient_threshold_from_output
new_runs/single_points_properties/outputs/lif_sp_R_7_00.out,single_points_properties,single_point,normal,7.000000,2,-106.770312899600,1.000,3.000,11000000000000000000000000010,11010000000000000000000000000,-0.09409200,0.00885330,printed_ci_coefficient_threshold_from_output
new_runs/single_points_properties/outputs/lif_sp_R_7_00.out,single_points_properties,single_point,normal,7.000000,2,-106.770312899600,1.000,3.000,11010000000000000000000000000,11000000000000000000000000010,0.09409200,0.00885330,printed_ci_coefficient_threshold_from_output
new_runs/single_points_properties/outputs/lif_sp_R_7_00.out,single_points_properties,single_point,normal,7.000000,2,-106.770312899600,1.000,3.000,01100000000000000000000001000,11010000000000000000000000000,0.09013690,0.00812466,printed_ci_coefficient_threshold_from_output
new_runs/single_points_properties/outputs/lif_sp_R_7_00.out,single_points_properties,single_point,normal,7.000000,2,-106.770312899600,1.000,3.000,10100000000000000000000000100,11010000000000000000000000000,-0.09013690,0.00812466,printed_ci_coefficient_threshold_from_output
new_runs/single_points_properties/outputs/lif_sp_R_7_00.out,single_points_properties,single_point,normal,7.000000,2,-106.770312899600,1.000,3.000,11010000000000000000000000000,01100000000000000000000001000,-0.09013690,0.00812466,printed_ci_coefficient_threshold_from_output
new_runs/single_points_properties/outputs/lif_sp_R_7_00.out,single_points_properties,single_point,normal,7.000000,2,-106.770312899600,1.000,3.000,11010000000000000000000000000,10100000000000000000000000100,0.09013690,0.00812466,printed_ci_coefficient_threshold_from_output
new_runs/single_points_properties/outputs/lif_sp_R_7_00.out,single_points_properties,single_point,normal,7.000000,2,-106.770312899600,1.000,3.000,11100000000000000000000000000,10010000000000000000000000100,-0.08444310,0.00713064,printed_ci_coefficient_threshold_from_output
new_runs/single_points_properties/outputs/lif_sp_R_7_00.out,single_points_properties,single_point,normal,7.000000,2,-106.770312899600,1.000,3.000,11100000000000000000000000000,01010000000000000000000001000,0.08444310,0.00713064,printed_ci_coefficient_threshold_from_output
new_runs/single_points_properties/outputs/lif_sp_R_7_00.out,single_points_properties,single_point,normal,7.000000,2,-106.770312899600,1.000,3.000,10010000000000000000000000100,11100000000000000000000000000,0.08444310,0.00713064,printed_ci_coefficient_threshold_from_output
new_runs/single_points_properties/outputs/lif_sp_R_7_00.out,single_points_properties,single_point,normal,7.000000,2,-106.770312899600,1.000,3.000,01010000000000000000000001000,11100000000000000000000000000,-0.08444310,0.00713064,printed_ci_coefficient_threshold_from_output
new_runs/single_points_properties/outputs/lif_sp_R_7_00.out,single_points_properties,single_point,normal,7.000000,3,-106.762563136200,0.000,1.000,11100000000000000000000000000,11100000000000000000000000000,0.98011570,0.96062679,printed_ci_coefficient_threshold_from_output
new_runs/single_points_properties/outputs/lif_sp_R_7_00.out,single_points_properties,single_point,normal,7.000000,3,-106.762563136200,0.000,1.000,11100000000000000000000000000,11010000000000000000000000000,-0.08022490,0.00643603,printed_ci_coefficient_threshold_from_output
new_runs/single_points_properties/outputs/lif_sp_R_7_00.out,single_points_properties,single_point,normal,7.000000,3,-106.762563136200,0.000,1.000,11010000000000000000000000000,11100000000000000000000000000,-0.08022490,0.00643603,printed_ci_coefficient_threshold_from_output
new_runs/single_points_properties/outputs/lif_sp_R_7_50.out,single_points_properties,single_point,normal,7.500000,1,-106.770235531000,0.000,1.000,11100000000000000000000000000,11010000000000000000000000000,-0.66585180,0.44335862,printed_ci_coefficient_threshold_from_output
new_runs/single_points_properties/outputs/lif_sp_R_7_50.out,single_points_properties,single_point,normal,7.500000,1,-106.770235531000,0.000,1.000,11010000000000000000000000000,11100000000000000000000000000,-0.66585180,0.44335862,printed_ci_coefficient_threshold_from_output
new_runs/single_points_properties/outputs/lif_sp_R_7_50.out,single_points_properties,single_point,normal,7.500000,1,-106.770235531000,0.000,1.000,11100000000000000000000000000,11000010000000000000000000000,0.10772780,0.01160528,printed_ci_coefficient_threshold_from_output
new_runs/single_points_properties/outputs/lif_sp_R_7_50.out,single_points_properties,single_point,normal,7.500000,1,-106.770235531000,0.000,1.000,11000010000000000000000000000,11100000000000000000000000000,0.10772780,0.01160528,printed_ci_coefficient_threshold_from_output
new_runs/single_points_properties/outputs/lif_sp_R_7_50.out,single_points_properties,single_point,normal,7.500000,1,-106.770235531000,0.000,1.000,11000000000000000000000000010,11010000000000000000000000000,0.09879990,0.00976142,printed_ci_coefficient_threshold_from_output
new_runs/single_points_properties/outputs/lif_sp_R_7_50.out,single_points_properties,single_point,normal,7.500000,1,-106.770235531000,0.000,1.000,11010000000000000000000000000,11000000000000000000000000010,0.09879990,0.00976142,printed_ci_coefficient_threshold_from_output
new_runs/single_points_properties/outputs/lif_sp_R_7_50.out,single_points_properties,single_point,normal,7.500000,1,-106.770235531000,0.000,1.000,01100000000000000000000001000,11010000000000000000000000000,-0.09085220,0.00825412,printed_ci_coefficient_threshold_from_output
new_runs/single_points_properties/outputs/lif_sp_R_7_50.out,single_points_properties,single_point,normal,7.500000,1,-106.770235531000,0.000,1.000,10100000000000000000000000100,11010000000000000000000000000,0.09085220,0.00825412,printed_ci_coefficient_threshold_from_output
new_runs/single_points_properties/outputs/lif_sp_R_7_50.out,single_points_properties,single_point,normal,7.500000,1,-106.770235531000,0.000,1.000,11010000000000000000000000000,01100000000000000000000001000,-0.09085220,0.00825412,printed_ci_coefficient_threshold_from_output
new_runs/single_points_properties/outputs/lif_sp_R_7_50.out,single_points_properties,single_point,normal,7.500000,1,-106.770235531000,0.000,1.000,11010000000000000000000000000,10100000000000000000000000100,0.09085220,0.00825412,printed_ci_coefficient_threshold_from_output
new_runs/single_points_properties/outputs/lif_sp_R_7_50.out,single_points_properties,single_point,normal,7.500000,1,-106.770235531000,0.000,1.000,11100000000000000000000000000,10010000000000000000000000100,0.08513050,0.00724720,printed_ci_coefficient_threshold_from_output
new_runs/single_points_properties/outputs/lif_sp_R_7_50.out,single_points_properties,single_point,normal,7.500000,1,-106.770235531000,0.000,1.000,11100000000000000000000000000,01010000000000000000000001000,-0.08513050,0.00724720,printed_ci_coefficient_threshold_from_output
new_runs/single_points_properties/outputs/lif_sp_R_7_50.out,single_points_properties,single_point,normal,7.500000,1,-106.770235531000,0.000,1.000,10010000000000000000000000100,11100000000000000000000000000,0.08513050,0.00724720,printed_ci_coefficient_threshold_from_output
new_runs/single_points_properties/outputs/lif_sp_R_7_50.out,single_points_properties,single_point,normal,7.500000,1,-106.770235531000,0.000,1.000,01010000000000000000000001000,11100000000000000000000000000,-0.08513050,0.00724720,printed_ci_coefficient_threshold_from_output
new_runs/single_points_properties/outputs/lif_sp_R_7_50.out,single_points_properties,single_point,normal,7.500000,2,-106.770218208000,1.000,3.000,11010000000000000000000000000,11100000000000000000000000000,-0.66663670,0.44440449,printed_ci_coefficient_threshold_from_output
new_runs/single_points_properties/outputs/lif_sp_R_7_50.out,single_points_properties,single_point,normal,7.500000,2,-106.770218208000,1.000,3.000,11100000000000000000000000000,11010000000000000000000000000,0.66663670,0.44440449,printed_ci_coefficient_threshold_from_output
new_runs/single_points_properties/outputs/lif_sp_R_7_50.out,single_points_properties,single_point,normal,7.500000,2,-106.770218208000,1.000,3.000,11000010000000000000000000000,11100000000000000000000000000,0.10758730,0.01157503,printed_ci_coefficient_threshold_from_output
new_runs/single_points_properties/outputs/lif_sp_R_7_50.out,single_points_properties,single_point,normal,7.500000,2,-106.770218208000,1.000,3.000,11100000000000000000000000000,11000010000000000000000000000,-0.10758730,0.01157503,printed_ci_coefficient_threshold_from_output
new_runs/single_points_properties/outputs/lif_sp_R_7_50.out,single_points_properties,single_point,normal,7.500000,2,-106.770218208000,1.000,3.000,11010000000000000000000000000,11000000000000000000000000010,0.09886130,0.00977356,printed_ci_coefficient_threshold_from_output
new_runs/single_points_properties/outputs/lif_sp_R_7_50.out,single_points_properties,single_point,normal,7.500000,2,-106.770218208000,1.000,3.000,11000000000000000000000000010,11010000000000000000000000000,-0.09886130,0.00977356,printed_ci_coefficient_threshold_from_output
new_runs/single_points_properties/outputs/lif_sp_R_7_50.out,single_points_properties,single_point,normal,7.500000,2,-106.770218208000,1.000,3.000,11010000000000000000000000000,10100000000000000000000000100,0.09091590,0.00826570,printed_ci_coefficient_threshold_from_output
new_runs/single_points_properties/outputs/lif_sp_R_7_50.out,single_points_properties,single_point,normal,7.500000,2,-106.770218208000,1.000,3.000,11010000000000000000000000000,01100000000000000000000001000,-0.09091590,0.00826570,printed_ci_coefficient_threshold_from_output
new_runs/single_points_properties/outputs/lif_sp_R_7_50.out,single_points_properties,single_point,normal,7.500000,2,-106.770218208000,1.000,3.000,10100000000000000000000000100,11010000000000000000000000000,-0.09091590,0.00826570,printed_ci_coefficient_threshold_from_output
new_runs/single_points_properties/outputs/lif_sp_R_7_50.out,single_points_properties,single_point,normal,7.500000,2,-106.770218208000,1.000,3.000,01100000000000000000000001000,11010000000000000000000000000,0.09091590,0.00826570,printed_ci_coefficient_threshold_from_output
new_runs/single_points_properties/outputs/lif_sp_R_7_50.out,single_points_properties,single_point,normal,7.500000,2,-106.770218208000,1.000,3.000,01010000000000000000000001000,11100000000000000000000000000,-0.08519030,0.00725739,printed_ci_coefficient_threshold_from_output
new_runs/single_points_properties/outputs/lif_sp_R_7_50.out,single_points_properties,single_point,normal,7.500000,2,-106.770218208000,1.000,3.000,10010000000000000000000000100,11100000000000000000000000000,0.08519030,0.00725739,printed_ci_coefficient_threshold_from_output
new_runs/single_points_properties/outputs/lif_sp_R_7_50.out,single_points_properties,single_point,normal,7.500000,2,-106.770218208000,1.000,3.000,11100000000000000000000000000,01010000000000000000000001000,0.08519030,0.00725739,printed_ci_coefficient_threshold_from_output
new_runs/single_points_properties/outputs/lif_sp_R_7_50.out,single_points_properties,single_point,normal,7.500000,2,-106.770218208000,1.000,3.000,11100000000000000000000000000,10010000000000000000000000100,-0.08519030,0.00725739,printed_ci_coefficient_threshold_from_output
new_runs/single_points_properties/outputs/lif_sp_R_7_50.out,single_points_properties,single_point,normal,7.500000,3,-106.757452507100,0.000,1.000,11100000000000000000000000000,11100000000000000000000000000,0.98590650,0.97201163,printed_ci_coefficient_threshold_from_output
new_runs/single_points_properties/outputs/lif_sp_R_8_00.out,single_points_properties,single_point,normal,8.000000,1,-106.770172152900,0.000,1.000,11010000000000000000000000000,11100000000000000000000000000,-0.66828840,0.44660939,printed_ci_coefficient_threshold_from_output
new_runs/single_points_properties/outputs/lif_sp_R_8_00.out,single_points_properties,single_point,normal,8.000000,1,-106.770172152900,0.000,1.000,11100000000000000000000000000,11010000000000000000000000000,-0.66828840,0.44660939,printed_ci_coefficient_threshold_from_output
new_runs/single_points_properties/outputs/lif_sp_R_8_00.out,single_points_properties,single_point,normal,8.000000,1,-106.770172152900,0.000,1.000,11010000000000000000000000000,11000000000000000000000000010,-0.10125610,0.01025280,printed_ci_coefficient_threshold_from_output
new_runs/single_points_properties/outputs/lif_sp_R_8_00.out,single_points_properties,single_point,normal,8.000000,1,-106.770172152900,0.000,1.000,11000000000000000000000000010,11010000000000000000000000000,-0.10125610,0.01025280,printed_ci_coefficient_threshold_from_output
new_runs/single_points_properties/outputs/lif_sp_R_8_00.out,single_points_properties,single_point,normal,8.000000,1,-106.770172152900,0.000,1.000,11000010000000000000000000000,11100000000000000000000000000,0.09621550,0.00925742,printed_ci_coefficient_threshold_from_output
new_runs/single_points_properties/outputs/lif_sp_R_8_00.out,single_points_properties,single_point,normal,8.000000,1,-106.770172152900,0.000,1.000,11100000000000000000000000000,11000010000000000000000000000,0.09621550,0.00925742,printed_ci_coefficient_threshold_from_output
new_runs/single_points_properties/outputs/lif_sp_R_8_00.out,single_points_properties,single_point,normal,8.000000,1,-106.770172152900,0.000,1.000,11010000000000000000000000000,10100000000000000000000000100,0.09131180,0.00833784,printed_ci_coefficient_threshold_from_output
new_runs/single_points_properties/outputs/lif_sp_R_8_00.out,single_points_properties,single_point,normal,8.000000,1,-106.770172152900,0.000,1.000,10100000000000000000000000100,11010000000000000000000000000,0.09131180,0.00833784,printed_ci_coefficient_threshold_from_output
new_runs/single_points_properties/outputs/lif_sp_R_8_00.out,single_points_properties,single_point,normal,8.000000,1,-106.770172152900,0.000,1.000,11010000000000000000000000000,01100000000000000000000001000,-0.09131170,0.00833783,printed_ci_coefficient_threshold_from_output
new_runs/single_points_properties/outputs/lif_sp_R_8_00.out,single_points_properties,single_point,normal,8.000000,1,-106.770172152900,0.000,1.000,01100000000000000000000001000,11010000000000000000000000000,-0.09131170,0.00833783,printed_ci_coefficient_threshold_from_output
new_runs/single_points_properties/outputs/lif_sp_R_8_00.out,single_points_properties,single_point,normal,8.000000,1,-106.770172152900,0.000,1.000,10010000000000000000000000100,11100000000000000000000000000,0.08557060,0.00732233,printed_ci_coefficient_threshold_from_output
new_runs/single_points_properties/outputs/lif_sp_R_8_00.out,single_points_properties,single_point,normal,8.000000,1,-106.770172152900,0.000,1.000,11100000000000000000000000000,10010000000000000000000000100,0.08557060,0.00732233,printed_ci_coefficient_threshold_from_output
new_runs/single_points_properties/outputs/lif_sp_R_8_00.out,single_points_properties,single_point,normal,8.000000,1,-106.770172152900,0.000,1.000,01010000000000000000000001000,11100000000000000000000000000,-0.08557050,0.00732231,printed_ci_coefficient_threshold_from_output
new_runs/single_points_properties/outputs/lif_sp_R_8_00.out,single_points_properties,single_point,normal,8.000000,1,-106.770172152900,0.000,1.000,11100000000000000000000000000,01010000000000000000000001000,-0.08557050,0.00732231,printed_ci_coefficient_threshold_from_output
new_runs/single_points_properties/outputs/lif_sp_R_8_00.out,single_points_properties,single_point,normal,8.000000,2,-106.770167709100,1.000,3.000,11100000000000000000000000000,11010000000000000000000000000,-0.66846470,0.44684506,printed_ci_coefficient_threshold_from_output
new_runs/single_points_properties/outputs/lif_sp_R_8_00.out,single_points_properties,single_point,normal,8.000000,2,-106.770167709100,1.000,3.000,11010000000000000000000000000,11100000000000000000000000000,0.66846470,0.44684506,printed_ci_coefficient_threshold_from_output
new_runs/single_points_properties/outputs/lif_sp_R_8_00.out,single_points_properties,single_point,normal,8.000000,2,-106.770167709100,1.000,3.000,11000000000000000000000000010,11010000000000000000000000000,-0.10127020,0.01025565,printed_ci_coefficient_threshold_from_output
new_runs/single_points_properties/outputs/lif_sp_R_8_00.out,single_points_properties,single_point,normal,8.000000,2,-106.770167709100,1.000,3.000,11010000000000000000000000000,11000000000000000000000000010,0.10127020,0.01025565,printed_ci_coefficient_threshold_from_output
new_runs/single_points_properties/outputs/lif_sp_R_8_00.out,single_points_properties,single_point,normal,8.000000,2,-106.770167709100,1.000,3.000,11100000000000000000000000000,11000010000000000000000000000,0.09619540,0.00925355,printed_ci_coefficient_threshold_from_output
new_runs/single_points_properties/outputs/lif_sp_R_8_00.out,single_points_properties,single_point,normal,8.000000,2,-106.770167709100,1.000,3.000,11000010000000000000000000000,11100000000000000000000000000,-0.09619540,0.00925355,printed_ci_coefficient_threshold_from_output
new_runs/single_points_properties/outputs/lif_sp_R_8_00.out,single_points_properties,single_point,normal,8.000000,2,-106.770167709100,1.000,3.000,10100000000000000000000000100,11010000000000000000000000000,0.09132950,0.00834108,printed_ci_coefficient_threshold_from_output
new_runs/single_points_properties/outputs/lif_sp_R_8_00.out,single_points_properties,single_point,normal,8.000000,2,-106.770167709100,1.000,3.000,11010000000000000000000000000,10100000000000000000000000100,-0.09132950,0.00834108,printed_ci_coefficient_threshold_from_output
new_runs/single_points_properties/outputs/lif_sp_R_8_00.out,single_points_properties,single_point,normal,8.000000,2,-106.770167709100,1.000,3.000,01100000000000000000000001000,11010000000000000000000000000,-0.09132940,0.00834106,printed_ci_coefficient_threshold_from_output
new_runs/single_points_properties/outputs/lif_sp_R_8_00.out,single_points_properties,single_point,normal,8.000000,2,-106.770167709100,1.000,3.000,11010000000000000000000000000,01100000000000000000000001000,0.09132940,0.00834106,printed_ci_coefficient_threshold_from_output
new_runs/single_points_properties/outputs/lif_sp_R_8_00.out,single_points_properties,single_point,normal,8.000000,2,-106.770167709100,1.000,3.000,11100000000000000000000000000,10010000000000000000000000100,0.08558750,0.00732522,printed_ci_coefficient_threshold_from_output
new_runs/single_points_properties/outputs/lif_sp_R_8_00.out,single_points_properties,single_point,normal,8.000000,2,-106.770167709100,1.000,3.000,10010000000000000000000000100,11100000000000000000000000000,-0.08558750,0.00732522,printed_ci_coefficient_threshold_from_output
new_runs/single_points_properties/outputs/lif_sp_R_8_00.out,single_points_properties,single_point,normal,8.000000,2,-106.770167709100,1.000,3.000,11100000000000000000000000000,01010000000000000000000001000,-0.08558750,0.00732522,printed_ci_coefficient_threshold_from_output
new_runs/single_points_properties/outputs/lif_sp_R_8_00.out,single_points_properties,single_point,normal,8.000000,2,-106.770167709100,1.000,3.000,01010000000000000000000001000,11100000000000000000000000000,0.08558750,0.00732522,printed_ci_coefficient_threshold_from_output
new_runs/single_points_properties/outputs/lif_sp_R_8_00.out,single_points_properties,single_point,normal,8.000000,3,-106.752974046600,0.000,1.000,11100000000000000000000000000,11100000000000000000000000000,-0.98684980,0.97387253,printed_ci_coefficient_threshold_from_output
new_runs/single_points_properties/outputs/lif_sp_R_8_25.out,single_points_properties,single_point,normal,8.250000,1,-106.770154571700,0.000,1.000,11010000000000000000000000000,11100000000000000000000000000,0.66911830,0.44771930,printed_ci_coefficient_threshold_from_output
new_runs/single_points_properties/outputs/lif_sp_R_8_25.out,single_points_properties,single_point,normal,8.250000,1,-106.770154571700,0.000,1.000,11100000000000000000000000000,11010000000000000000000000000,0.66911830,0.44771930,printed_ci_coefficient_threshold_from_output
new_runs/single_points_properties/outputs/lif_sp_R_8_25.out,single_points_properties,single_point,normal,8.250000,1,-106.770154571700,0.000,1.000,11010000000000000000000000000,11000000000000000000000000010,0.10178990,0.01036118,printed_ci_coefficient_threshold_from_output
new_runs/single_points_properties/outputs/lif_sp_R_8_25.out,single_points_properties,single_point,normal,8.250000,1,-106.770154571700,0.000,1.000,11000000000000000000000000010,11010000000000000000000000000,0.10178990,0.01036118,printed_ci_coefficient_threshold_from_output
new_runs/single_points_properties/outputs/lif_sp_R_8_25.out,single_points_properties,single_point,normal,8.250000,1,-106.770154571700,0.000,1.000,11010000000000000000000000000,10100000000000000000000001000,-0.09147170,0.00836707,printed_ci_coefficient_threshold_from_output
new_runs/single_points_properties/outputs/lif_sp_R_8_25.out,single_points_properties,single_point,normal,8.250000,1,-106.770154571700,0.000,1.000,11010000000000000000000000000,01100000000000000000000000100,0.09147170,0.00836707,printed_ci_coefficient_threshold_from_output
new_runs/single_points_properties/outputs/lif_sp_R_8_25.out,single_points_properties,single_point,normal,8.250000,1,-106.770154571700,0.000,1.000,10100000000000000000000001000,11010000000000000000000000000,-0.09147170,0.00836707,printed_ci_coefficient_threshold_from_output
new_runs/single_points_properties/outputs/lif_sp_R_8_25.out,single_points_properties,single_point,normal,8.250000,1,-106.770154571700,0.000,1.000,01100000000000000000000000100,11010000000000000000000000000,0.09147170,0.00836707,printed_ci_coefficient_threshold_from_output
new_runs/single_points_properties/outputs/lif_sp_R_8_25.out,single_points_properties,single_point,normal,8.250000,1,-106.770154571700,0.000,1.000,11000010000000000000000000000,11100000000000000000000000000,-0.09109590,0.00829846,printed_ci_coefficient_threshold_from_output
new_runs/single_points_properties/outputs/lif_sp_R_8_25.out,single_points_properties,single_point,normal,8.250000,1,-106.770154571700,0.000,1.000,11100000000000000000000000000,11000010000000000000000000000,-0.09109590,0.00829846,printed_ci_coefficient_threshold_from_output
new_runs/single_points_properties/outputs/lif_sp_R_8_25.out,single_points_properties,single_point,normal,8.250000,1,-106.770154571700,0.000,1.000,01010000000000000000000000100,11100000000000000000000000000,0.08572390,0.00734859,printed_ci_coefficient_threshold_from_output
new_runs/single_points_properties/outputs/lif_sp_R_8_25.out,single_points_properties,single_point,normal,8.250000,1,-106.770154571700,0.000,1.000,10010000000000000000000001000,11100000000000000000000000000,-0.08572390,0.00734859,printed_ci_coefficient_threshold_from_output
new_runs/single_points_properties/outputs/lif_sp_R_8_25.out,single_points_properties,single_point,normal,8.250000,1,-106.770154571700,0.000,1.000,11100000000000000000000000000,01010000000000000000000000100,0.08572390,0.00734859,printed_ci_coefficient_threshold_from_output
new_runs/single_points_properties/outputs/lif_sp_R_8_25.out,single_points_properties,single_point,normal,8.250000,1,-106.770154571700,0.000,1.000,11100000000000000000000000000,10010000000000000000000001000,-0.08572390,0.00734859,printed_ci_coefficient_threshold_from_output
new_runs/single_points_properties/outputs/lif_sp_R_8_25.out,single_points_properties,single_point,normal,8.250000,2,-106.770152246400,1.000,3.000,11100000000000000000000000000,11010000000000000000000000000,-0.66920880,0.44784042,printed_ci_coefficient_threshold_from_output
new_runs/single_points_properties/outputs/lif_sp_R_8_25.out,single_points_properties,single_point,normal,8.250000,2,-106.770152246400,1.000,3.000,11010000000000000000000000000,11100000000000000000000000000,0.66920880,0.44784042,printed_ci_coefficient_threshold_from_output
new_runs/single_points_properties/outputs/lif_sp_R_8_25.out,single_points_properties,single_point,normal,8.250000,2,-106.770152246400,1.000,3.000,11000000000000000000000000010,11010000000000000000000000000,-0.10179640,0.01036251,printed_ci_coefficient_threshold_from_output
new_runs/single_points_properties/outputs/lif_sp_R_8_25.out,single_points_properties,single_point,normal,8.250000,2,-106.770152246400,1.000,3.000,11010000000000000000000000000,11000000000000000000000000010,0.10179640,0.01036251,printed_ci_coefficient_threshold_from_output
new_runs/single_points_properties/outputs/lif_sp_R_8_25.out,single_points_properties,single_point,normal,8.250000,2,-106.770152246400,1.000,3.000,01100000000000000000000000100,11010000000000000000000000000,-0.09148070,0.00836872,printed_ci_coefficient_threshold_from_output
new_runs/single_points_properties/outputs/lif_sp_R_8_25.out,single_points_properties,single_point,normal,8.250000,2,-106.770152246400,1.000,3.000,10100000000000000000000001000,11010000000000000000000000000,0.09148070,0.00836872,printed_ci_coefficient_threshold_from_output
new_runs/single_points_properties/outputs/lif_sp_R_8_25.out,single_points_properties,single_point,normal,8.250000,2,-106.770152246400,1.000,3.000,11010000000000000000000000000,01100000000000000000000000100,0.09148070,0.00836872,printed_ci_coefficient_threshold_from_output
new_runs/single_points_properties/outputs/lif_sp_R_8_25.out,single_points_properties,single_point,normal,8.250000,2,-106.770152246400,1.000,3.000,11010000000000000000000000000,10100000000000000000000001000,-0.09148070,0.00836872,printed_ci_coefficient_threshold_from_output
new_runs/single_points_properties/outputs/lif_sp_R_8_25.out,single_points_properties,single_point,normal,8.250000,2,-106.770152246400,1.000,3.000,11100000000000000000000000000,11000010000000000000000000000,0.09108660,0.00829677,printed_ci_coefficient_threshold_from_output
new_runs/single_points_properties/outputs/lif_sp_R_8_25.out,single_points_properties,single_point,normal,8.250000,2,-106.770152246400,1.000,3.000,11000010000000000000000000000,11100000000000000000000000000,-0.09108660,0.00829677,printed_ci_coefficient_threshold_from_output
new_runs/single_points_properties/outputs/lif_sp_R_8_25.out,single_points_properties,single_point,normal,8.250000,2,-106.770152246400,1.000,3.000,11100000000000000000000000000,10010000000000000000000001000,0.08573260,0.00735008,printed_ci_coefficient_threshold_from_output
new_runs/single_points_properties/outputs/lif_sp_R_8_25.out,single_points_properties,single_point,normal,8.250000,2,-106.770152246400,1.000,3.000,11100000000000000000000000000,01010000000000000000000000100,-0.08573260,0.00735008,printed_ci_coefficient_threshold_from_output
new_runs/single_points_properties/outputs/lif_sp_R_8_25.out,single_points_properties,single_point,normal,8.250000,2,-106.770152246400,1.000,3.000,10010000000000000000000001000,11100000000000000000000000000,-0.08573260,0.00735008,printed_ci_coefficient_threshold_from_output
new_runs/single_points_properties/outputs/lif_sp_R_8_25.out,single_points_properties,single_point,normal,8.250000,2,-106.770152246400,1.000,3.000,01010000000000000000000000100,11100000000000000000000000000,0.08573260,0.00735008,printed_ci_coefficient_threshold_from_output
new_runs/single_points_properties/outputs/lif_sp_R_8_25.out,single_points_properties,single_point,normal,8.250000,3,-106.750944209200,0.000,1.000,11100000000000000000000000000,11100000000000000000000000000,-0.98701690,0.97420236,printed_ci_coefficient_threshold_from_output
new_runs/single_points_properties/outputs/lif_sp_R_8_50.out,single_points_properties,single_point,normal,8.500000,1,-106.770142108300,0.000,1.000,11010000000000000000000000000,11100000000000000000000000000,-0.66981290,0.44864932,printed_ci_coefficient_threshold_from_output
new_runs/single_points_properties/outputs/lif_sp_R_8_50.out,single_points_properties,single_point,normal,8.500000,1,-106.770142108300,0.000,1.000,11100000000000000000000000000,11010000000000000000000000000,-0.66981290,0.44864932,printed_ci_coefficient_threshold_from_output
new_runs/single_points_properties/outputs/lif_sp_R_8_50.out,single_points_properties,single_point,normal,8.500000,1,-106.770142108300,0.000,1.000,11010000000000000000000000000,11000000000000000000000001000,-0.10208660,0.01042167,printed_ci_coefficient_threshold_from_output
new_runs/single_points_properties/outputs/lif_sp_R_8_50.out,single_points_properties,single_point,normal,8.500000,1,-106.770142108300,0.000,1.000,11000000000000000000000001000,11010000000000000000000000000,-0.10208660,0.01042167,printed_ci_coefficient_threshold_from_output
new_runs/single_points_properties/outputs/lif_sp_R_8_50.out,single_points_properties,single_point,normal,8.500000,1,-106.770142108300,0.000,1.000,11010000000000000000000000000,10100000000000000000000000010,0.09160490,0.00839146,printed_ci_coefficient_threshold_from_output
new_runs/single_points_properties/outputs/lif_sp_R_8_50.out,single_points_properties,single_point,normal,8.500000,1,-106.770142108300,0.000,1.000,10100000000000000000000000010,11010000000000000000000000000,0.09160490,0.00839146,printed_ci_coefficient_threshold_from_output
new_runs/single_points_properties/outputs/lif_sp_R_8_50.out,single_points_properties,single_point,normal,8.500000,1,-106.770142108300,0.000,1.000,11010000000000000000000000000,01100000000000000000000000100,-0.09160480,0.00839144,printed_ci_coefficient_threshold_from_output
new_runs/single_points_properties/outputs/lif_sp_R_8_50.out,single_points_properties,single_point,normal,8.500000,1,-106.770142108300,0.000,1.000,01100000000000000000000000100,11010000000000000000000000000,-0.09160480,0.00839144,printed_ci_coefficient_threshold_from_output
new_runs/single_points_properties/outputs/lif_sp_R_8_50.out,single_points_properties,single_point,normal,8.500000,1,-106.770142108300,0.000,1.000,11000010000000000000000000000,11100000000000000000000000000,0.08633760,0.00745418,printed_ci_coefficient_threshold_from_output
new_runs/single_points_properties/outputs/lif_sp_R_8_50.out,single_points_properties,single_point,normal,8.500000,1,-106.770142108300,0.000,1.000,11100000000000000000000000000,11000010000000000000000000000,0.08633760,0.00745418,printed_ci_coefficient_threshold_from_output
new_runs/single_points_properties/outputs/lif_sp_R_8_50.out,single_points_properties,single_point,normal,8.500000,1,-106.770142108300,0.000,1.000,10010000000000000000000000010,11100000000000000000000000000,0.08585150,0.00737048,printed_ci_coefficient_threshold_from_output
new_runs/single_points_properties/outputs/lif_sp_R_8_50.out,single_points_properties,single_point,normal,8.500000,1,-106.770142108300,0.000,1.000,11100000000000000000000000000,10010000000000000000000000010,0.08585150,0.00737048,printed_ci_coefficient_threshold_from_output
new_runs/single_points_properties/outputs/lif_sp_R_8_50.out,single_points_properties,single_point,normal,8.500000,1,-106.770142108300,0.000,1.000,01010000000000000000000000100,11100000000000000000000000000,-0.08585140,0.00737046,printed_ci_coefficient_threshold_from_output
new_runs/single_points_properties/outputs/lif_sp_R_8_50.out,single_points_properties,single_point,normal,8.500000,1,-106.770142108300,0.000,1.000,11100000000000000000000000000,01010000000000000000000000100,-0.08585140,0.00737046,printed_ci_coefficient_threshold_from_output
new_runs/single_points_properties/outputs/lif_sp_R_8_50.out,single_points_properties,single_point,normal,8.500000,2,-106.770140876600,1.000,3.000,11100000000000000000000000000,11010000000000000000000000000,0.66986050,0.44871309,printed_ci_coefficient_threshold_from_output
new_runs/single_points_properties/outputs/lif_sp_R_8_50.out,single_points_properties,single_point,normal,8.500000,2,-106.770140876600,1.000,3.000,11010000000000000000000000000,11100000000000000000000000000,-0.66986050,0.44871309,printed_ci_coefficient_threshold_from_output
new_runs/single_points_properties/outputs/lif_sp_R_8_50.out,single_points_properties,single_point,normal,8.500000,2,-106.770140876600,1.000,3.000,11000000000000000000000001000,11010000000000000000000000000,0.10208960,0.01042229,printed_ci_coefficient_threshold_from_output
new_runs/single_points_properties/outputs/lif_sp_R_8_50.out,single_points_properties,single_point,normal,8.500000,2,-106.770140876600,1.000,3.000,11010000000000000000000000000,11000000000000000000000001000,-0.10208960,0.01042229,printed_ci_coefficient_threshold_from_output
new_runs/single_points_properties/outputs/lif_sp_R_8_50.out,single_points_properties,single_point,normal,8.500000,2,-106.770140876600,1.000,3.000,10100000000000000000000000010,11010000000000000000000000000,-0.09160970,0.00839234,printed_ci_coefficient_threshold_from_output
new_runs/single_points_properties/outputs/lif_sp_R_8_50.out,single_points_properties,single_point,normal,8.500000,2,-106.770140876600,1.000,3.000,11010000000000000000000000000,10100000000000000000000000010,0.09160970,0.00839234,printed_ci_coefficient_threshold_from_output
new_runs/single_points_properties/outputs/lif_sp_R_8_50.out,single_points_properties,single_point,normal,8.500000,2,-106.770140876600,1.000,3.000,01100000000000000000000000100,11010000000000000000000000000,0.09160960,0.00839232,printed_ci_coefficient_threshold_from_output
new_runs/single_points_properties/outputs/lif_sp_R_8_50.out,single_points_properties,single_point,normal,8.500000,2,-106.770140876600,1.000,3.000,11010000000000000000000000000,01100000000000000000000000100,-0.09160960,0.00839232,printed_ci_coefficient_threshold_from_output
new_runs/single_points_properties/outputs/lif_sp_R_8_50.out,single_points_properties,single_point,normal,8.500000,2,-106.770140876600,1.000,3.000,11100000000000000000000000000,11000010000000000000000000000,-0.08633400,0.00745356,printed_ci_coefficient_threshold_from_output
new_runs/single_points_properties/outputs/lif_sp_R_8_50.out,single_points_properties,single_point,normal,8.500000,2,-106.770140876600,1.000,3.000,11000010000000000000000000000,11100000000000000000000000000,0.08633400,0.00745356,printed_ci_coefficient_threshold_from_output
new_runs/single_points_properties/outputs/lif_sp_R_8_50.out,single_points_properties,single_point,normal,8.500000,2,-106.770140876600,1.000,3.000,11100000000000000000000000000,10010000000000000000000000010,-0.08585610,0.00737127,printed_ci_coefficient_threshold_from_output
new_runs/single_points_properties/outputs/lif_sp_R_8_50.out,single_points_properties,single_point,normal,8.500000,2,-106.770140876600,1.000,3.000,10010000000000000000000000010,11100000000000000000000000000,0.08585610,0.00737127,printed_ci_coefficient_threshold_from_output
new_runs/single_points_properties/outputs/lif_sp_R_8_50.out,single_points_properties,single_point,normal,8.500000,2,-106.770140876600,1.000,3.000,11100000000000000000000000000,01010000000000000000000000100,0.08585600,0.00737125,printed_ci_coefficient_threshold_from_output
new_runs/single_points_properties/outputs/lif_sp_R_8_50.out,single_points_properties,single_point,normal,8.500000,2,-106.770140876600,1.000,3.000,01010000000000000000000000100,11100000000000000000000000000,-0.08585600,0.00737125,printed_ci_coefficient_threshold_from_output
new_runs/single_points_properties/outputs/lif_sp_R_8_50.out,single_points_properties,single_point,normal,8.500000,3,-106.749037255800,0.000,1.000,11100000000000000000000000000,11100000000000000000000000000,-0.98711570,0.97439741,printed_ci_coefficient_threshold_from_output
new_runs/single_points_properties/outputs/lif_sp_R_8_75.out,single_points_properties,single_point,normal,8.750000,1,-106.770132759200,0.000,1.000,11010000000000000000000000000,11100000000000000000000000000,0.67040740,0.44944608,printed_ci_coefficient_threshold_from_output
new_runs/single_points_properties/outputs/lif_sp_R_8_75.out,single_points_properties,single_point,normal,8.750000,1,-106.770132759200,0.000,1.000,11100000000000000000000000000,11010000000000000000000000000,0.67040740,0.44944608,printed_ci_coefficient_threshold_from_output
new_runs/single_points_properties/outputs/lif_sp_R_8_75.out,single_points_properties,single_point,normal,8.750000,1,-106.770132759200,0.000,1.000,11010000000000000000000000000,11000000000000000000000001000,-0.10225420,0.01045592,printed_ci_coefficient_threshold_from_output
new_runs/single_points_properties/outputs/lif_sp_R_8_75.out,single_points_properties,single_point,normal,8.750000,1,-106.770132759200,0.000,1.000,11000000000000000000000001000,11010000000000000000000000000,-0.10225420,0.01045592,printed_ci_coefficient_threshold_from_output
new_runs/single_points_properties/outputs/lif_sp_R_8_75.out,single_points_properties,single_point,normal,8.750000,1,-106.770132759200,0.000,1.000,11010000000000000000000000000,01100000000000000000000000010,0.09171860,0.00841230,printed_ci_coefficient_threshold_from_output
new_runs/single_points_properties/outputs/lif_sp_R_8_75.out,single_points_properties,single_point,normal,8.750000,1,-106.770132759200,0.000,1.000,11010000000000000000000000000,10100000000000000000000000100,-0.09171860,0.00841230,printed_ci_coefficient_threshold_from_output
new_runs/single_points_properties/outputs/lif_sp_R_8_75.out,single_points_properties,single_point,normal,8.750000,1,-106.770132759200,0.000,1.000,01100000000000000000000000010,11010000000000000000000000000,0.09171860,0.00841230,printed_ci_coefficient_threshold_from_output
new_runs/single_points_properties/outputs/lif_sp_R_8_75.out,single_points_properties,single_point,normal,8.750000,1,-106.770132759200,0.000,1.000,10100000000000000000000000100,11010000000000000000000000000,-0.09171860,0.00841230,printed_ci_coefficient_threshold_from_output
new_runs/single_points_properties/outputs/lif_sp_R_8_75.out,single_points_properties,single_point,normal,8.750000,1,-106.770132759200,0.000,1.000,01010000000000000000000000010,11100000000000000000000000000,0.08596030,0.00738917,printed_ci_coefficient_threshold_from_output
new_runs/single_points_properties/outputs/lif_sp_R_8_75.out,single_points_properties,single_point,normal,8.750000,1,-106.770132759200,0.000,1.000,10010000000000000000000000100,11100000000000000000000000000,-0.08596030,0.00738917,printed_ci_coefficient_threshold_from_output
new_runs/single_points_properties/outputs/lif_sp_R_8_75.out,single_points_properties,single_point,normal,8.750000,1,-106.770132759200,0.000,1.000,11100000000000000000000000000,01010000000000000000000000010,0.08596030,0.00738917,printed_ci_coefficient_threshold_from_output
new_runs/single_points_properties/outputs/lif_sp_R_8_75.out,single_points_properties,single_point,normal,8.750000,1,-106.770132759200,0.000,1.000,11100000000000000000000000000,10010000000000000000000000100,-0.08596030,0.00738917,printed_ci_coefficient_threshold_from_output
new_runs/single_points_properties/outputs/lif_sp_R_8_75.out,single_points_properties,single_point,normal,8.750000,1,-106.770132759200,0.000,1.000,11000010000000000000000000000,11100000000000000000000000000,-0.08191090,0.00670940,printed_ci_coefficient_threshold_from_output
new_runs/single_points_properties/outputs/lif_sp_R_8_75.out,single_points_properties,single_point,normal,8.750000,1,-106.770132759200,0.000,1.000,11100000000000000000000000000,11000010000000000000000000000,-0.08191090,0.00670940,printed_ci_coefficient_threshold_from_output
new_runs/single_points_properties/outputs/lif_sp_R_8_75.out,single_points_properties,single_point,normal,8.750000,2,-106.770132101800,1.000,3.000,11100000000000000000000000000,11010000000000000000000000000,0.67043300,0.44948041,printed_ci_coefficient_threshold_from_output
new_runs/single_points_properties/outputs/lif_sp_R_8_75.out,single_points_properties,single_point,normal,8.750000,2,-106.770132101800,1.000,3.000,11010000000000000000000000000,11100000000000000000000000000,-0.67043300,0.44948041,printed_ci_coefficient_threshold_from_output
new_runs/single_points_properties/outputs/lif_sp_R_8_75.out,single_points_properties,single_point,normal,8.750000,2,-106.770132101800,1.000,3.000,11000000000000000000000001000,11010000000000000000000000000,-0.10225550,0.01045619,printed_ci_coefficient_threshold_from_output
new_runs/single_points_properties/outputs/lif_sp_R_8_75.out,single_points_properties,single_point,normal,8.750000,2,-106.770132101800,1.000,3.000,11010000000000000000000000000,11000000000000000000000001000,0.10225550,0.01045619,printed_ci_coefficient_threshold_from_output
new_runs/single_points_properties/outputs/lif_sp_R_8_75.out,single_points_properties,single_point,normal,8.750000,2,-106.770132101800,1.000,3.000,01100000000000000000000000010,11010000000000000000000000000,0.09172110,0.00841276,printed_ci_coefficient_threshold_from_output
new_runs/single_points_properties/outputs/lif_sp_R_8_75.out,single_points_properties,single_point,normal,8.750000,2,-106.770132101800,1.000,3.000,10100000000000000000000000100,11010000000000000000000000000,-0.09172110,0.00841276,printed_ci_coefficient_threshold_from_output
new_runs/single_points_properties/outputs/lif_sp_R_8_75.out,single_points_properties,single_point,normal,8.750000,2,-106.770132101800,1.000,3.000,11010000000000000000000000000,01100000000000000000000000010,-0.09172110,0.00841276,printed_ci_coefficient_threshold_from_output
new_runs/single_points_properties/outputs/lif_sp_R_8_75.out,single_points_properties,single_point,normal,8.750000,2,-106.770132101800,1.000,3.000,11010000000000000000000000000,10100000000000000000000000100,0.09172110,0.00841276,printed_ci_coefficient_threshold_from_output
new_runs/single_points_properties/outputs/lif_sp_R_8_75.out,single_points_properties,single_point,normal,8.750000,2,-106.770132101800,1.000,3.000,11100000000000000000000000000,10010000000000000000000000100,-0.08596280,0.00738960,printed_ci_coefficient_threshold_from_output
new_runs/single_points_properties/outputs/lif_sp_R_8_75.out,single_points_properties,single_point,normal,8.750000,2,-106.770132101800,1.000,3.000,11100000000000000000000000000,01010000000000000000000000010,0.08596280,0.00738960,printed_ci_coefficient_threshold_from_output
new_runs/single_points_properties/outputs/lif_sp_R_8_75.out,single_points_properties,single_point,normal,8.750000,2,-106.770132101800,1.000,3.000,10010000000000000000000000100,11100000000000000000000000000,0.08596280,0.00738960,printed_ci_coefficient_threshold_from_output
new_runs/single_points_properties/outputs/lif_sp_R_8_75.out,single_points_properties,single_point,normal,8.750000,2,-106.770132101800,1.000,3.000,01010000000000000000000000010,11100000000000000000000000000,-0.08596280,0.00738960,printed_ci_coefficient_threshold_from_output
new_runs/single_points_properties/outputs/lif_sp_R_8_75.out,single_points_properties,single_point,normal,8.750000,2,-106.770132101800,1.000,3.000,11100000000000000000000000000,11000010000000000000000000000,-0.08190950,0.00670917,printed_ci_coefficient_threshold_from_output
new_runs/single_points_properties/outputs/lif_sp_R_8_75.out,single_points_properties,single_point,normal,8.750000,2,-106.770132101800,1.000,3.000,11000010000000000000000000000,11100000000000000000000000000,0.08190950,0.00670917,printed_ci_coefficient_threshold_from_output
new_runs/single_points_properties/outputs/lif_sp_R_8_75.out,single_points_properties,single_point,normal,8.750000,3,-106.747241919500,0.000,1.000,11100000000000000000000000000,11100000000000000000000000000,-0.98717860,0.97452159,printed_ci_coefficient_threshold_from_output
new_runs/single_points_properties/outputs/lif_sp_R_8_80.out,single_points_properties,single_point,normal,8.800000,1,-106.770131177600,0.000,1.000,11010000000000000000000000000,11100000000000000000000000000,0.67051610,0.44959184,printed_ci_coefficient_threshold_from_output
new_runs/single_points_properties/outputs/lif_sp_R_8_80.out,single_points_properties,single_point,normal,8.800000,1,-106.770131177600,0.000,1.000,11100000000000000000000000000,11010000000000000000000000000,0.67051610,0.44959184,printed_ci_coefficient_threshold_from_output
new_runs/single_points_properties/outputs/lif_sp_R_8_80.out,single_points_properties,single_point,normal,8.800000,1,-106.770131177600,0.000,1.000,11010000000000000000000000000,11000000000000000000000001000,-0.10227820,0.01046083,printed_ci_coefficient_threshold_from_output
new_runs/single_points_properties/outputs/lif_sp_R_8_80.out,single_points_properties,single_point,normal,8.800000,1,-106.770131177600,0.000,1.000,11000000000000000000000001000,11010000000000000000000000000,-0.10227820,0.01046083,printed_ci_coefficient_threshold_from_output
new_runs/single_points_properties/outputs/lif_sp_R_8_80.out,single_points_properties,single_point,normal,8.800000,1,-106.770131177600,0.000,1.000,11010000000000000000000000000,01100000000000000000000000100,0.09173940,0.00841612,printed_ci_coefficient_threshold_from_output
new_runs/single_points_properties/outputs/lif_sp_R_8_80.out,single_points_properties,single_point,normal,8.800000,1,-106.770131177600,0.000,1.000,11010000000000000000000000000,10100000000000000000000000010,-0.09173940,0.00841612,printed_ci_coefficient_threshold_from_output
new_runs/single_points_properties/outputs/lif_sp_R_8_80.out,single_points_properties,single_point,normal,8.800000,1,-106.770131177600,0.000,1.000,01100000000000000000000000100,11010000000000000000000000000,0.09173940,0.00841612,printed_ci_coefficient_threshold_from_output
new_runs/single_points_properties/outputs/lif_sp_R_8_80.out,single_points_properties,single_point,normal,8.800000,1,-106.770131177600,0.000,1.000,10100000000000000000000000010,11010000000000000000000000000,-0.09173940,0.00841612,printed_ci_coefficient_threshold_from_output
new_runs/single_points_properties/outputs/lif_sp_R_8_80.out,single_points_properties,single_point,normal,8.800000,1,-106.770131177600,0.000,1.000,01010000000000000000000000100,11100000000000000000000000000,0.08598020,0.00739259,printed_ci_coefficient_threshold_from_output
new_runs/single_points_properties/outputs/lif_sp_R_8_80.out,single_points_properties,single_point,normal,8.800000,1,-106.770131177600,0.000,1.000,10010000000000000000000000010,11100000000000000000000000000,-0.08598020,0.00739259,printed_ci_coefficient_threshold_from_output
new_runs/single_points_properties/outputs/lif_sp_R_8_80.out,single_points_properties,single_point,normal,8.800000,1,-106.770131177600,0.000,1.000,11100000000000000000000000000,01010000000000000000000000100,0.08598020,0.00739259,printed_ci_coefficient_threshold_from_output
new_runs/single_points_properties/outputs/lif_sp_R_8_80.out,single_points_properties,single_point,normal,8.800000,1,-106.770131177600,0.000,1.000,11100000000000000000000000000,10010000000000000000000000010,-0.08598020,0.00739259,printed_ci_coefficient_threshold_from_output
new_runs/single_points_properties/outputs/lif_sp_R_8_80.out,single_points_properties,single_point,normal,8.800000,1,-106.770131177600,0.000,1.000,11000010000000000000000000000,11100000000000000000000000000,0.08106390,0.00657136,printed_ci_coefficient_threshold_from_output
new_runs/single_points_properties/outputs/lif_sp_R_8_80.out,single_points_properties,single_point,normal,8.800000,1,-106.770131177600,0.000,1.000,11100000000000000000000000000,11000010000000000000000000000,0.08106390,0.00657136,printed_ci_coefficient_threshold_from_output
new_runs/single_points_properties/outputs/lif_sp_R_8_80.out,single_points_properties,single_point,normal,8.800000,2,-106.770130597500,1.000,3.000,11100000000000000000000000000,11010000000000000000000000000,0.67053870,0.44962215,printed_ci_coefficient_threshold_from_output
new_runs/single_points_properties/outputs/lif_sp_R_8_80.out,single_points_properties,single_point,normal,8.800000,2,-106.770130597500,1.000,3.000,11010000000000000000000000000,11100000000000000000000000000,-0.67053870,0.44962215,printed_ci_coefficient_threshold_from_output
new_runs/single_points_properties/outputs/lif_sp_R_8_80.out,single_points_properties,single_point,normal,8.800000,2,-106.770130597500,1.000,3.000,11000000000000000000000001000,11010000000000000000000000000,-0.10227940,0.01046108,printed_ci_coefficient_threshold_from_output
new_runs/single_points_properties/outputs/lif_sp_R_8_80.out,single_points_properties,single_point,normal,8.800000,2,-106.770130597500,1.000,3.000,11010000000000000000000000000,11000000000000000000000001000,0.10227940,0.01046108,printed_ci_coefficient_threshold_from_output
new_runs/single_points_properties/outputs/lif_sp_R_8_80.out,single_points_properties,single_point,normal,8.800000,2,-106.770130597500,1.000,3.000,01100000000000000000000000100,11010000000000000000000000000,0.09174170,0.00841654,printed_ci_coefficient_threshold_from_output
new_runs/single_points_properties/outputs/lif_sp_R_8_80.out,single_points_properties,single_point,normal,8.800000,2,-106.770130597500,1.000,3.000,10100000000000000000000000010,11010000000000000000000000000,-0.09174170,0.00841654,printed_ci_coefficient_threshold_from_output
new_runs/single_points_properties/outputs/lif_sp_R_8_80.out,single_points_properties,single_point,normal,8.800000,2,-106.770130597500,1.000,3.000,11010000000000000000000000000,01100000000000000000000000100,-0.09174170,0.00841654,printed_ci_coefficient_threshold_from_output
new_runs/single_points_properties/outputs/lif_sp_R_8_80.out,single_points_properties,single_point,normal,8.800000,2,-106.770130597500,1.000,3.000,11010000000000000000000000000,10100000000000000000000000010,0.09174170,0.00841654,printed_ci_coefficient_threshold_from_output
new_runs/single_points_properties/outputs/lif_sp_R_8_80.out,single_points_properties,single_point,normal,8.800000,2,-106.770130597500,1.000,3.000,11100000000000000000000000000,10010000000000000000000000010,-0.08598240,0.00739297,printed_ci_coefficient_threshold_from_output
new_runs/single_points_properties/outputs/lif_sp_R_8_80.out,single_points_properties,single_point,normal,8.800000,2,-106.770130597500,1.000,3.000,11100000000000000000000000000,01010000000000000000000000100,0.08598240,0.00739297,printed_ci_coefficient_threshold_from_output
new_runs/single_points_properties/outputs/lif_sp_R_8_80.out,single_points_properties,single_point,normal,8.800000,2,-106.770130597500,1.000,3.000,10010000000000000000000000010,11100000000000000000000000000,0.08598240,0.00739297,printed_ci_coefficient_threshold_from_output
new_runs/single_points_properties/outputs/lif_sp_R_8_80.out,single_points_properties,single_point,normal,8.800000,2,-106.770130597500,1.000,3.000,01010000000000000000000000100,11100000000000000000000000000,-0.08598240,0.00739297,printed_ci_coefficient_threshold_from_output
new_runs/single_points_properties/outputs/lif_sp_R_8_80.out,single_points_properties,single_point,normal,8.800000,2,-106.770130597500,1.000,3.000,11100000000000000000000000000,11000010000000000000000000000,0.08106280,0.00657118,printed_ci_coefficient_threshold_from_output
new_runs/single_points_properties/outputs/lif_sp_R_8_80.out,single_points_properties,single_point,normal,8.800000,2,-106.770130597500,1.000,3.000,11000010000000000000000000000,11100000000000000000000000000,-0.08106280,0.00657118,printed_ci_coefficient_threshold_from_output
new_runs/single_points_properties/outputs/lif_sp_R_8_80.out,single_points_properties,single_point,normal,8.800000,3,-106.746895353900,0.000,1.000,11100000000000000000000000000,11100000000000000000000000000,0.98718850,0.97454113,printed_ci_coefficient_threshold_from_output
new_runs/single_points_properties/outputs/lif_sp_R_8_90.out,single_points_properties,single_point,normal,8.900000,1,-106.770128231200,0.000,1.000,11100000000000000000000000000,11010000000000000000000000000,0.67072490,0.44987189,printed_ci_coefficient_threshold_from_output
new_runs/single_points_properties/outputs/lif_sp_R_8_90.out,single_points_properties,single_point,normal,8.900000,1,-106.770128231200,0.000,1.000,11010000000000000000000000000,11100000000000000000000000000,0.67072480,0.44987176,printed_ci_coefficient_threshold_from_output
new_runs/single_points_properties/outputs/lif_sp_R_8_90.out,single_points_properties,single_point,normal,8.900000,1,-106.770128231200,0.000,1.000,11000000000000000000000001000,11010000000000000000000000000,-0.10231920,0.01046922,printed_ci_coefficient_threshold_from_output
new_runs/single_points_properties/outputs/lif_sp_R_8_90.out,single_points_properties,single_point,normal,8.900000,1,-106.770128231200,0.000,1.000,11010000000000000000000000000,11000000000000000000000001000,-0.10231920,0.01046922,printed_ci_coefficient_threshold_from_output
new_runs/single_points_properties/outputs/lif_sp_R_8_90.out,single_points_properties,single_point,normal,8.900000,1,-106.770128231200,0.000,1.000,01100000000000000000000000010,11010000000000000000000000000,0.09177920,0.00842342,printed_ci_coefficient_threshold_from_output
new_runs/single_points_properties/outputs/lif_sp_R_8_90.out,single_points_properties,single_point,normal,8.900000,1,-106.770128231200,0.000,1.000,10100000000000000000000000100,11010000000000000000000000000,-0.09177920,0.00842342,printed_ci_coefficient_threshold_from_output
new_runs/single_points_properties/outputs/lif_sp_R_8_90.out,single_points_properties,single_point,normal,8.900000,1,-106.770128231200,0.000,1.000,11010000000000000000000000000,01100000000000000000000000010,0.09177920,0.00842342,printed_ci_coefficient_threshold_from_output
new_runs/single_points_properties/outputs/lif_sp_R_8_90.out,single_points_properties,single_point,normal,8.900000,1,-106.770128231200,0.000,1.000,11010000000000000000000000000,10100000000000000000000000100,-0.09177920,0.00842342,printed_ci_coefficient_threshold_from_output
new_runs/single_points_properties/outputs/lif_sp_R_8_90.out,single_points_properties,single_point,normal,8.900000,1,-106.770128231200,0.000,1.000,11100000000000000000000000000,10010000000000000000000000100,-0.08601830,0.00739915,printed_ci_coefficient_threshold_from_output
new_runs/single_points_properties/outputs/lif_sp_R_8_90.out,single_points_properties,single_point,normal,8.900000,1,-106.770128231200,0.000,1.000,11100000000000000000000000000,01010000000000000000000000010,0.08601830,0.00739915,printed_ci_coefficient_threshold_from_output
new_runs/single_points_properties/outputs/lif_sp_R_8_90.out,single_points_properties,single_point,normal,8.900000,1,-106.770128231200,0.000,1.000,10010000000000000000000000100,11100000000000000000000000000,-0.08601830,0.00739915,printed_ci_coefficient_threshold_from_output
new_runs/single_points_properties/outputs/lif_sp_R_8_90.out,single_points_properties,single_point,normal,8.900000,1,-106.770128231200,0.000,1.000,01010000000000000000000000010,11100000000000000000000000000,0.08601830,0.00739915,printed_ci_coefficient_threshold_from_output
new_runs/single_points_properties/outputs/lif_sp_R_8_90.out,single_points_properties,single_point,normal,8.900000,1,-106.770128231200,0.000,1.000,11100000000000000000000000000,11000010000000000000000000000,0.07940600,0.00630531,printed_ci_coefficient_threshold_from_output
new_runs/single_points_properties/outputs/lif_sp_R_8_90.out,single_points_properties,single_point,normal,8.900000,1,-106.770128231200,0.000,1.000,11000010000000000000000000000,11100000000000000000000000000,0.07940600,0.00630531,printed_ci_coefficient_threshold_from_output
new_runs/single_points_properties/outputs/lif_sp_R_8_90.out,single_points_properties,single_point,normal,8.900000,2,-106.770127779400,1.000,3.000,11010000000000000000000000000,11100000000000000000000000000,-0.67074260,0.44989564,printed_ci_coefficient_threshold_from_output
new_runs/single_points_properties/outputs/lif_sp_R_8_90.out,single_points_properties,single_point,normal,8.900000,2,-106.770127779400,1.000,3.000,11100000000000000000000000000,11010000000000000000000000000,0.67074250,0.44989550,printed_ci_coefficient_threshold_from_output
new_runs/single_points_properties/outputs/lif_sp_R_8_90.out,single_points_properties,single_point,normal,8.900000,2,-106.770127779400,1.000,3.000,11010000000000000000000000000,11000000000000000000000001000,0.10232010,0.01046940,printed_ci_coefficient_threshold_from_output
new_runs/single_points_properties/outputs/lif_sp_R_8_90.out,single_points_properties,single_point,normal,8.900000,2,-106.770127779400,1.000,3.000,11000000000000000000000001000,11010000000000000000000000000,-0.10232000,0.01046938,printed_ci_coefficient_threshold_from_output
new_runs/single_points_properties/outputs/lif_sp_R_8_90.out,single_points_properties,single_point,normal,8.900000,2,-106.770127779400,1.000,3.000,11010000000000000000000000000,10100000000000000000000000100,0.09178100,0.00842375,printed_ci_coefficient_threshold_from_output
new_runs/single_points_properties/outputs/lif_sp_R_8_90.out,single_points_properties,single_point,normal,8.900000,2,-106.770127779400,1.000,3.000,11010000000000000000000000000,01100000000000000000000000010,-0.09178100,0.00842375,printed_ci_coefficient_threshold_from_output
new_runs/single_points_properties/outputs/lif_sp_R_8_90.out,single_points_properties,single_point,normal,8.900000,2,-106.770127779400,1.000,3.000,10100000000000000000000000100,11010000000000000000000000000,-0.09178100,0.00842375,printed_ci_coefficient_threshold_from_output
new_runs/single_points_properties/outputs/lif_sp_R_8_90.out,single_points_properties,single_point,normal,8.900000,2,-106.770127779400,1.000,3.000,01100000000000000000000000010,11010000000000000000000000000,0.09178100,0.00842375,printed_ci_coefficient_threshold_from_output
new_runs/single_points_properties/outputs/lif_sp_R_8_90.out,single_points_properties,single_point,normal,8.900000,2,-106.770127779400,1.000,3.000,01010000000000000000000000010,11100000000000000000000000000,-0.08602010,0.00739946,printed_ci_coefficient_threshold_from_output
new_runs/single_points_properties/outputs/lif_sp_R_8_90.out,single_points_properties,single_point,normal,8.900000,2,-106.770127779400,1.000,3.000,10010000000000000000000000100,11100000000000000000000000000,0.08602010,0.00739946,printed_ci_coefficient_threshold_from_output
new_runs/single_points_properties/outputs/lif_sp_R_8_90.out,single_points_properties,single_point,normal,8.900000,2,-106.770127779400,1.000,3.000,11100000000000000000000000000,01010000000000000000000000010,0.08602010,0.00739946,printed_ci_coefficient_threshold_from_output
new_runs/single_points_properties/outputs/lif_sp_R_8_90.out,single_points_properties,single_point,normal,8.900000,2,-106.770127779400,1.000,3.000,11100000000000000000000000000,10010000000000000000000000100,-0.08602010,0.00739946,printed_ci_coefficient_threshold_from_output
new_runs/single_points_properties/outputs/lif_sp_R_8_90.out,single_points_properties,single_point,normal,8.900000,2,-106.770127779400,1.000,3.000,11000010000000000000000000000,11100000000000000000000000000,-0.07940550,0.00630523,printed_ci_coefficient_threshold_from_output
new_runs/single_points_properties/outputs/lif_sp_R_8_90.out,single_points_properties,single_point,normal,8.900000,2,-106.770127779400,1.000,3.000,11100000000000000000000000000,11000010000000000000000000000,0.07940550,0.00630523,printed_ci_coefficient_threshold_from_output
new_runs/single_points_properties/outputs/lif_sp_R_8_90.out,single_points_properties,single_point,normal,8.900000,3,-106.746214115300,0.000,1.000,11100000000000000000000000000,11100000000000000000000000000,-0.98720600,0.97457569,printed_ci_coefficient_threshold_from_output
new_runs/single_points_properties/outputs/lif_sp_R_9_00.out,single_points_properties,single_point,normal,9.000000,1,-106.770125499200,0.000,1.000,11100000000000000000000000000,11010000000000000000000000000,0.67092210,0.45013646,printed_ci_coefficient_threshold_from_output
new_runs/single_points_properties/outputs/lif_sp_R_9_00.out,single_points_properties,single_point,normal,9.000000,1,-106.770125499200,0.000,1.000,11010000000000000000000000000,11100000000000000000000000000,0.67092200,0.45013633,printed_ci_coefficient_threshold_from_output
new_runs/single_points_properties/outputs/lif_sp_R_9_00.out,single_points_properties,single_point,normal,9.000000,1,-106.770125499200,0.000,1.000,11000000000000000000000001000,11010000000000000000000000000,-0.10235350,0.01047624,printed_ci_coefficient_threshold_from_output
new_runs/single_points_properties/outputs/lif_sp_R_9_00.out,single_points_properties,single_point,normal,9.000000,1,-106.770125499200,0.000,1.000,11010000000000000000000000000,11000000000000000000000001000,-0.10235350,0.01047624,printed_ci_coefficient_threshold_from_output
new_runs/single_points_properties/outputs/lif_sp_R_9_00.out,single_points_properties,single_point,normal,9.000000,1,-106.770125499200,0.000,1.000,10100000000000000000000000100,11010000000000000000000000000,-0.09181750,0.00843045,printed_ci_coefficient_threshold_from_output
new_runs/single_points_properties/outputs/lif_sp_R_9_00.out,single_points_properties,single_point,normal,9.000000,1,-106.770125499200,0.000,1.000,01100000000000000000000000010,11010000000000000000000000000,0.09181750,0.00843045,printed_ci_coefficient_threshold_from_output
new_runs/single_points_properties/outputs/lif_sp_R_9_00.out,single_points_properties,single_point,normal,9.000000,1,-106.770125499200,0.000,1.000,11010000000000000000000000000,10100000000000000000000000100,-0.09181750,0.00843045,printed_ci_coefficient_threshold_from_output
new_runs/single_points_properties/outputs/lif_sp_R_9_00.out,single_points_properties,single_point,normal,9.000000,1,-106.770125499200,0.000,1.000,11010000000000000000000000000,01100000000000000000000000010,0.09181750,0.00843045,printed_ci_coefficient_threshold_from_output
new_runs/single_points_properties/outputs/lif_sp_R_9_00.out,single_points_properties,single_point,normal,9.000000,1,-106.770125499200,0.000,1.000,11100000000000000000000000000,01010000000000000000000000010,0.08605490,0.00740545,printed_ci_coefficient_threshold_from_output
new_runs/single_points_properties/outputs/lif_sp_R_9_00.out,single_points_properties,single_point,normal,9.000000,1,-106.770125499200,0.000,1.000,11100000000000000000000000000,10010000000000000000000000100,-0.08605490,0.00740545,printed_ci_coefficient_threshold_from_output
new_runs/single_points_properties/outputs/lif_sp_R_9_00.out,single_points_properties,single_point,normal,9.000000,1,-106.770125499200,0.000,1.000,01010000000000000000000000010,11100000000000000000000000000,0.08605490,0.00740545,printed_ci_coefficient_threshold_from_output
new_runs/single_points_properties/outputs/lif_sp_R_9_00.out,single_points_properties,single_point,normal,9.000000,1,-106.770125499200,0.000,1.000,10010000000000000000000000100,11100000000000000000000000000,-0.08605490,0.00740545,printed_ci_coefficient_threshold_from_output
new_runs/single_points_properties/outputs/lif_sp_R_9_00.out,single_points_properties,single_point,normal,9.000000,1,-106.770125499200,0.000,1.000,11100000000000000000000000000,11000010000000000000000000000,0.07779490,0.00605205,printed_ci_coefficient_threshold_from_output
new_runs/single_points_properties/outputs/lif_sp_R_9_00.out,single_points_properties,single_point,normal,9.000000,1,-106.770125499200,0.000,1.000,11000010000000000000000000000,11100000000000000000000000000,0.07779490,0.00605205,printed_ci_coefficient_threshold_from_output
new_runs/single_points_properties/outputs/lif_sp_R_9_00.out,single_points_properties,single_point,normal,9.000000,2,-106.770125147200,1.000,3.000,11010000000000000000000000000,11100000000000000000000000000,-0.67093590,0.45015498,printed_ci_coefficient_threshold_from_output
new_runs/single_points_properties/outputs/lif_sp_R_9_00.out,single_points_properties,single_point,normal,9.000000,2,-106.770125147200,1.000,3.000,11100000000000000000000000000,11010000000000000000000000000,0.67093590,0.45015498,printed_ci_coefficient_threshold_from_output
new_runs/single_points_properties/outputs/lif_sp_R_9_00.out,single_points_properties,single_point,normal,9.000000,2,-106.770125147200,1.000,3.000,11010000000000000000000000000,11000000000000000000000001000,0.10235420,0.01047638,printed_ci_coefficient_threshold_from_output
new_runs/single_points_properties/outputs/lif_sp_R_9_00.out,single_points_properties,single_point,normal,9.000000,2,-106.770125147200,1.000,3.000,11000000000000000000000001000,11010000000000000000000000000,-0.10235420,0.01047638,printed_ci_coefficient_threshold_from_output
new_runs/single_points_properties/outputs/lif_sp_R_9_00.out,single_points_properties,single_point,normal,9.000000,2,-106.770125147200,1.000,3.000,11010000000000000000000000000,01100000000000000000000000010,-0.09181890,0.00843071,printed_ci_coefficient_threshold_from_output
new_runs/single_points_properties/outputs/lif_sp_R_9_00.out,single_points_properties,single_point,normal,9.000000,2,-106.770125147200,1.000,3.000,11010000000000000000000000000,10100000000000000000000000100,0.09181890,0.00843071,printed_ci_coefficient_threshold_from_output
new_runs/single_points_properties/outputs/lif_sp_R_9_00.out,single_points_properties,single_point,normal,9.000000,2,-106.770125147200,1.000,3.000,01100000000000000000000000010,11010000000000000000000000000,0.09181890,0.00843071,printed_ci_coefficient_threshold_from_output
new_runs/single_points_properties/outputs/lif_sp_R_9_00.out,single_points_properties,single_point,normal,9.000000,2,-106.770125147200,1.000,3.000,10100000000000000000000000100,11010000000000000000000000000,-0.09181890,0.00843071,printed_ci_coefficient_threshold_from_output
new_runs/single_points_properties/outputs/lif_sp_R_9_00.out,single_points_properties,single_point,normal,9.000000,2,-106.770125147200,1.000,3.000,10010000000000000000000000100,11100000000000000000000000000,0.08605630,0.00740569,printed_ci_coefficient_threshold_from_output
new_runs/single_points_properties/outputs/lif_sp_R_9_00.out,single_points_properties,single_point,normal,9.000000,2,-106.770125147200,1.000,3.000,01010000000000000000000000010,11100000000000000000000000000,-0.08605630,0.00740569,printed_ci_coefficient_threshold_from_output
new_runs/single_points_properties/outputs/lif_sp_R_9_00.out,single_points_properties,single_point,normal,9.000000,2,-106.770125147200,1.000,3.000,11100000000000000000000000000,10010000000000000000000000100,-0.08605630,0.00740569,printed_ci_coefficient_threshold_from_output
new_runs/single_points_properties/outputs/lif_sp_R_9_00.out,single_points_properties,single_point,normal,9.000000,2,-106.770125147200,1.000,3.000,11100000000000000000000000000,01010000000000000000000000010,0.08605630,0.00740569,printed_ci_coefficient_threshold_from_output
new_runs/single_points_properties/outputs/lif_sp_R_9_00.out,single_points_properties,single_point,normal,9.000000,2,-106.770125147200,1.000,3.000,11000010000000000000000000000,11100000000000000000000000000,-0.07779470,0.00605202,printed_ci_coefficient_threshold_from_output
new_runs/single_points_properties/outputs/lif_sp_R_9_00.out,single_points_properties,single_point,normal,9.000000,2,-106.770125147200,1.000,3.000,11100000000000000000000000000,11000010000000000000000000000,0.07779470,0.00605202,printed_ci_coefficient_threshold_from_output
new_runs/single_points_properties/outputs/lif_sp_R_9_00.out,single_points_properties,single_point,normal,9.000000,3,-106.745548265600,0.000,1.000,11100000000000000000000000000,11100000000000000000000000000,0.98722140,0.97460609,printed_ci_coefficient_threshold_from_output
new_runs/single_points_properties/outputs/lif_sp_R_9_10.out,single_points_properties,single_point,normal,9.100000,1,-106.770122980700,0.000,1.000,11100000000000000000000000000,11010000000000000000000000000,0.67110910,0.45038742,printed_ci_coefficient_threshold_from_output
new_runs/single_points_properties/outputs/lif_sp_R_9_10.out,single_points_properties,single_point,normal,9.100000,1,-106.770122980700,0.000,1.000,11010000000000000000000000000,11100000000000000000000000000,0.67110910,0.45038742,printed_ci_coefficient_threshold_from_output
new_runs/single_points_properties/outputs/lif_sp_R_9_10.out,single_points_properties,single_point,normal,9.100000,1,-106.770122980700,0.000,1.000,11000000000000000000000001000,11010000000000000000000000000,-0.10238190,0.01048205,printed_ci_coefficient_threshold_from_output
new_runs/single_points_properties/outputs/lif_sp_R_9_10.out,single_points_properties,single_point,normal,9.100000,1,-106.770122980700,0.000,1.000,11010000000000000000000000000,11000000000000000000000001000,-0.10238190,0.01048205,printed_ci_coefficient_threshold_from_output
new_runs/single_points_properties/outputs/lif_sp_R_9_10.out,single_points_properties,single_point,normal,9.100000,1,-106.770122980700,0.000,1.000,01100000000000000000000000010,11010000000000000000000000000,0.09185350,0.00843707,printed_ci_coefficient_threshold_from_output
new_runs/single_points_properties/outputs/lif_sp_R_9_10.out,single_points_properties,single_point,normal,9.100000,1,-106.770122980700,0.000,1.000,10100000000000000000000000100,11010000000000000000000000000,-0.09185350,0.00843707,printed_ci_coefficient_threshold_from_output
new_runs/single_points_properties/outputs/lif_sp_R_9_10.out,single_points_properties,single_point,normal,9.100000,1,-106.770122980700,0.000,1.000,11010000000000000000000000000,01100000000000000000000000010,0.09185350,0.00843707,printed_ci_coefficient_threshold_from_output
new_runs/single_points_properties/outputs/lif_sp_R_9_10.out,single_points_properties,single_point,normal,9.100000,1,-106.770122980700,0.000,1.000,11010000000000000000000000000,10100000000000000000000000100,-0.09185350,0.00843707,printed_ci_coefficient_threshold_from_output
new_runs/single_points_properties/outputs/lif_sp_R_9_10.out,single_points_properties,single_point,normal,9.100000,1,-106.770122980700,0.000,1.000,11100000000000000000000000000,01010000000000000000000000010,0.08608940,0.00741138,printed_ci_coefficient_threshold_from_output
new_runs/single_points_properties/outputs/lif_sp_R_9_10.out,single_points_properties,single_point,normal,9.100000,1,-106.770122980700,0.000,1.000,11100000000000000000000000000,10010000000000000000000000100,-0.08608940,0.00741138,printed_ci_coefficient_threshold_from_output
new_runs/single_points_properties/outputs/lif_sp_R_9_10.out,single_points_properties,single_point,normal,9.100000,1,-106.770122980700,0.000,1.000,01010000000000000000000000010,11100000000000000000000000000,0.08608940,0.00741138,printed_ci_coefficient_threshold_from_output
new_runs/single_points_properties/outputs/lif_sp_R_9_10.out,single_points_properties,single_point,normal,9.100000,1,-106.770122980700,0.000,1.000,10010000000000000000000000100,11100000000000000000000000000,-0.08608940,0.00741138,printed_ci_coefficient_threshold_from_output
new_runs/single_points_properties/outputs/lif_sp_R_9_10.out,single_points_properties,single_point,normal,9.100000,1,-106.770122980700,0.000,1.000,11100000000000000000000000000,11000010000000000000000000000,-0.07622900,0.00581086,printed_ci_coefficient_threshold_from_output
new_runs/single_points_properties/outputs/lif_sp_R_9_10.out,single_points_properties,single_point,normal,9.100000,1,-106.770122980700,0.000,1.000,11000010000000000000000000000,11100000000000000000000000000,-0.07622900,0.00581086,printed_ci_coefficient_threshold_from_output
new_runs/single_points_properties/outputs/lif_sp_R_9_10.out,single_points_properties,single_point,normal,9.100000,2,-106.770122706500,1.000,3.000,11010000000000000000000000000,11100000000000000000000000000,0.67112000,0.45040205,printed_ci_coefficient_threshold_from_output
new_runs/single_points_properties/outputs/lif_sp_R_9_10.out,single_points_properties,single_point,normal,9.100000,2,-106.770122706500,1.000,3.000,11100000000000000000000000000,11010000000000000000000000000,-0.67112000,0.45040205,printed_ci_coefficient_threshold_from_output
new_runs/single_points_properties/outputs/lif_sp_R_9_10.out,single_points_properties,single_point,normal,9.100000,2,-106.770122706500,1.000,3.000,11010000000000000000000000000,11000000000000000000000001000,-0.10238240,0.01048216,printed_ci_coefficient_threshold_from_output
new_runs/single_points_properties/outputs/lif_sp_R_9_10.out,single_points_properties,single_point,normal,9.100000,2,-106.770122706500,1.000,3.000,11000000000000000000000001000,11010000000000000000000000000,0.10238240,0.01048216,printed_ci_coefficient_threshold_from_output
new_runs/single_points_properties/outputs/lif_sp_R_9_10.out,single_points_properties,single_point,normal,9.100000,2,-106.770122706500,1.000,3.000,11010000000000000000000000000,01100000000000000000000000010,0.09185460,0.00843727,printed_ci_coefficient_threshold_from_output
new_runs/single_points_properties/outputs/lif_sp_R_9_10.out,single_points_properties,single_point,normal,9.100000,2,-106.770122706500,1.000,3.000,11010000000000000000000000000,10100000000000000000000000100,-0.09185460,0.00843727,printed_ci_coefficient_threshold_from_output
new_runs/single_points_properties/outputs/lif_sp_R_9_10.out,single_points_properties,single_point,normal,9.100000,2,-106.770122706500,1.000,3.000,01100000000000000000000000010,11010000000000000000000000000,-0.09185460,0.00843727,printed_ci_coefficient_threshold_from_output
new_runs/single_points_properties/outputs/lif_sp_R_9_10.out,single_points_properties,single_point,normal,9.100000,2,-106.770122706500,1.000,3.000,10100000000000000000000000100,11010000000000000000000000000,0.09185460,0.00843727,printed_ci_coefficient_threshold_from_output
new_runs/single_points_properties/outputs/lif_sp_R_9_10.out,single_points_properties,single_point,normal,9.100000,2,-106.770122706500,1.000,3.000,10010000000000000000000000100,11100000000000000000000000000,-0.08609050,0.00741157,printed_ci_coefficient_threshold_from_output
new_runs/single_points_properties/outputs/lif_sp_R_9_10.out,single_points_properties,single_point,normal,9.100000,2,-106.770122706500,1.000,3.000,01010000000000000000000000010,11100000000000000000000000000,0.08609050,0.00741157,printed_ci_coefficient_threshold_from_output
new_runs/single_points_properties/outputs/lif_sp_R_9_10.out,single_points_properties,single_point,normal,9.100000,2,-106.770122706500,1.000,3.000,11100000000000000000000000000,10010000000000000000000000100,0.08609050,0.00741157,printed_ci_coefficient_threshold_from_output
new_runs/single_points_properties/outputs/lif_sp_R_9_10.out,single_points_properties,single_point,normal,9.100000,2,-106.770122706500,1.000,3.000,11100000000000000000000000000,01010000000000000000000000010,-0.08609050,0.00741157,printed_ci_coefficient_threshold_from_output
new_runs/single_points_properties/outputs/lif_sp_R_9_10.out,single_points_properties,single_point,normal,9.100000,2,-106.770122706500,1.000,3.000,11000010000000000000000000000,11100000000000000000000000000,-0.07622920,0.00581089,printed_ci_coefficient_threshold_from_output
new_runs/single_points_properties/outputs/lif_sp_R_9_10.out,single_points_properties,single_point,normal,9.100000,2,-106.770122706500,1.000,3.000,11100000000000000000000000000,11000010000000000000000000000,0.07622920,0.00581089,printed_ci_coefficient_threshold_from_output
new_runs/single_points_properties/outputs/lif_sp_R_9_10.out,single_points_properties,single_point,normal,9.100000,3,-106.744897265100,0.000,1.000,11100000000000000000000000000,11100000000000000000000000000,0.98723490,0.97463275,printed_ci_coefficient_threshold_from_output
new_runs/single_points_properties/outputs/lif_sp_R_9_20.out,single_points_properties,single_point,normal,9.200000,1,-106.770120625000,0.000,1.000,11010000000000000000000000000,11100000000000000000000000000,0.67128650,0.45062557,printed_ci_coefficient_threshold_from_output
new_runs/single_points_properties/outputs/lif_sp_R_9_20.out,single_points_properties,single_point,normal,9.200000,1,-106.770120625000,0.000,1.000,11100000000000000000000000000,11010000000000000000000000000,0.67128650,0.45062557,printed_ci_coefficient_threshold_from_output
new_runs/single_points_properties/outputs/lif_sp_R_9_20.out,single_points_properties,single_point,normal,9.200000,1,-106.770120625000,0.000,1.000,11010000000000000000000000000,11000000000000000000000001000,0.10240590,0.01048697,printed_ci_coefficient_threshold_from_output
new_runs/single_points_properties/outputs/lif_sp_R_9_20.out,single_points_properties,single_point,normal,9.200000,1,-106.770120625000,0.000,1.000,11000000000000000000000001000,11010000000000000000000000000,0.10240590,0.01048697,printed_ci_coefficient_threshold_from_output
new_runs/single_points_properties/outputs/lif_sp_R_9_20.out,single_points_properties,single_point,normal,9.200000,1,-106.770120625000,0.000,1.000,11010000000000000000000000000,01100000000000000000000000010,0.09188780,0.00844337,printed_ci_coefficient_threshold_from_output
new_runs/single_points_properties/outputs/lif_sp_R_9_20.out,single_points_properties,single_point,normal,9.200000,1,-106.770120625000,0.000,1.000,11010000000000000000000000000,10100000000000000000000000100,-0.09188780,0.00844337,printed_ci_coefficient_threshold_from_output
new_runs/single_points_properties/outputs/lif_sp_R_9_20.out,single_points_properties,single_point,normal,9.200000,1,-106.770120625000,0.000,1.000,01100000000000000000000000010,11010000000000000000000000000,0.09188780,0.00844337,printed_ci_coefficient_threshold_from_output
new_runs/single_points_properties/outputs/lif_sp_R_9_20.out,single_points_properties,single_point,normal,9.200000,1,-106.770120625000,0.000,1.000,10100000000000000000000000100,11010000000000000000000000000,-0.09188780,0.00844337,printed_ci_coefficient_threshold_from_output
new_runs/single_points_properties/outputs/lif_sp_R_9_20.out,single_points_properties,single_point,normal,9.200000,1,-106.770120625000,0.000,1.000,01010000000000000000000000010,11100000000000000000000000000,0.08612220,0.00741703,printed_ci_coefficient_threshold_from_output
new_runs/single_points_properties/outputs/lif_sp_R_9_20.out,single_points_properties,single_point,normal,9.200000,1,-106.770120625000,0.000,1.000,10010000000000000000000000100,11100000000000000000000000000,-0.08612220,0.00741703,printed_ci_coefficient_threshold_from_output
new_runs/single_points_properties/outputs/lif_sp_R_9_20.out,single_points_properties,single_point,normal,9.200000,1,-106.770120625000,0.000,1.000,11100000000000000000000000000,01010000000000000000000000010,0.08612220,0.00741703,printed_ci_coefficient_threshold_from_output
new_runs/single_points_properties/outputs/lif_sp_R_9_20.out,single_points_properties,single_point,normal,9.200000,1,-106.770120625000,0.000,1.000,11100000000000000000000000000,10010000000000000000000000100,-0.08612220,0.00741703,printed_ci_coefficient_threshold_from_output
new_runs/single_points_properties/outputs/lif_sp_R_9_20.out,single_points_properties,single_point,normal,9.200000,1,-106.770120625000,0.000,1.000,11000010000000000000000000000,11100000000000000000000000000,-0.07470700,0.00558114,printed_ci_coefficient_threshold_from_output
new_runs/single_points_properties/outputs/lif_sp_R_9_20.out,single_points_properties,single_point,normal,9.200000,1,-106.770120625000,0.000,1.000,11100000000000000000000000000,11000010000000000000000000000,-0.07470700,0.00558114,printed_ci_coefficient_threshold_from_output
new_runs/single_points_properties/outputs/lif_sp_R_9_20.out,single_points_properties,single_point,normal,9.200000,2,-106.770120411600,1.000,3.000,11100000000000000000000000000,11010000000000000000000000000,-0.67129510,0.45063711,printed_ci_coefficient_threshold_from_output
new_runs/single_points_properties/outputs/lif_sp_R_9_20.out,single_points_properties,single_point,normal,9.200000,2,-106.770120411600,1.000,3.000,11010000000000000000000000000,11100000000000000000000000000,0.67129510,0.45063711,printed_ci_coefficient_threshold_from_output
new_runs/single_points_properties/outputs/lif_sp_R_9_20.out,single_points_properties,single_point,normal,9.200000,2,-106.770120411600,1.000,3.000,11000000000000000000000001000,11010000000000000000000000000,-0.10240630,0.01048705,printed_ci_coefficient_threshold_from_output
new_runs/single_points_properties/outputs/lif_sp_R_9_20.out,single_points_properties,single_point,normal,9.200000,2,-106.770120411600,1.000,3.000,11010000000000000000000000000,11000000000000000000000001000,0.10240630,0.01048705,printed_ci_coefficient_threshold_from_output
new_runs/single_points_properties/outputs/lif_sp_R_9_20.out,single_points_properties,single_point,normal,9.200000,2,-106.770120411600,1.000,3.000,01100000000000000000000000010,11010000000000000000000000000,-0.09188870,0.00844353,printed_ci_coefficient_threshold_from_output
new_runs/single_points_properties/outputs/lif_sp_R_9_20.out,single_points_properties,single_point,normal,9.200000,2,-106.770120411600,1.000,3.000,10100000000000000000000000100,11010000000000000000000000000,0.09188870,0.00844353,printed_ci_coefficient_threshold_from_output
new_runs/single_points_properties/outputs/lif_sp_R_9_20.out,single_points_properties,single_point,normal,9.200000,2,-106.770120411600,1.000,3.000,11010000000000000000000000000,01100000000000000000000000010,0.09188870,0.00844353,printed_ci_coefficient_threshold_from_output
new_runs/single_points_properties/outputs/lif_sp_R_9_20.out,single_points_properties,single_point,normal,9.200000,2,-106.770120411600,1.000,3.000,11010000000000000000000000000,10100000000000000000000000100,-0.09188870,0.00844353,printed_ci_coefficient_threshold_from_output
new_runs/single_points_properties/outputs/lif_sp_R_9_20.out,single_points_properties,single_point,normal,9.200000,2,-106.770120411600,1.000,3.000,11100000000000000000000000000,01010000000000000000000000010,-0.08612310,0.00741719,printed_ci_coefficient_threshold_from_output
new_runs/single_points_properties/outputs/lif_sp_R_9_20.out,single_points_properties,single_point,normal,9.200000,2,-106.770120411600,1.000,3.000,11100000000000000000000000000,10010000000000000000000000100,0.08612310,0.00741719,printed_ci_coefficient_threshold_from_output
new_runs/single_points_properties/outputs/lif_sp_R_9_20.out,single_points_properties,single_point,normal,9.200000,2,-106.770120411600,1.000,3.000,01010000000000000000000000010,11100000000000000000000000000,0.08612310,0.00741719,printed_ci_coefficient_threshold_from_output
new_runs/single_points_properties/outputs/lif_sp_R_9_20.out,single_points_properties,single_point,normal,9.200000,2,-106.770120411600,1.000,3.000,10010000000000000000000000100,11100000000000000000000000000,-0.08612310,0.00741719,printed_ci_coefficient_threshold_from_output
new_runs/single_points_properties/outputs/lif_sp_R_9_20.out,single_points_properties,single_point,normal,9.200000,2,-106.770120411600,1.000,3.000,11100000000000000000000000000,11000010000000000000000000000,0.07470730,0.00558118,printed_ci_coefficient_threshold_from_output
new_runs/single_points_properties/outputs/lif_sp_R_9_20.out,single_points_properties,single_point,normal,9.200000,2,-106.770120411600,1.000,3.000,11000010000000000000000000000,11100000000000000000000000000,-0.07470730,0.00558118,printed_ci_coefficient_threshold_from_output
new_runs/single_points_properties/outputs/lif_sp_R_9_20.out,single_points_properties,single_point,normal,9.200000,3,-106.744260598900,0.000,1.000,11100000000000000000000000000,11100000000000000000000000000,-0.98724690,0.97465644,printed_ci_coefficient_threshold_from_output
