 $DATA
 LiF single-point properties R=5.50 Ang                                         
CNV      2

LI          3.0      0.0000000000      0.0000000000      0.0000000000
   S          9
     1      1469.0000000000  0.00076600
     2       220.5000000000  0.00589200
     3        50.2600000000  0.02967100
     4        14.2400000000  0.10918000
     5         4.5810000000  0.28278900
     6         1.5800000000  0.45312300
     7         0.5640000000  0.27477400
     8         0.0734500000  0.00975100
     9         0.0280500000 -0.00318000
   S          9
     1      1469.0000000000 -0.00012000
     2       220.5000000000 -0.00092300
     3        50.2600000000 -0.00468900
     4        14.2400000000 -0.01768200
     5         4.5810000000 -0.04890200
     6         1.5800000000 -0.09600900
     7         0.5640000000 -0.13638000
     8         0.0734500000  0.57510200
     9         0.0280500000  0.51766100
   S          1
     1         0.0280500000  1.00000000
   P          4
     1         1.5340000000  0.02278400
     2         0.2749000000  0.13910700
     3         0.0736200000  0.50037500
     4         0.0240300000  0.50847400
   P          1
     1         0.0240300000  1.00000000
   D          1
     1         0.1144000000  1.00000000
   S          1
     1         0.0086000000  1.00000000
   P          1
     1         0.0058000000  1.00000000
   D          1
     1         0.0733000000  1.00000000
           
F           9.0      0.0000000000      0.0000000000      5.5000000000
   S          8
     1     14710.0000000000  0.00072100
     2      2207.0000000000  0.00555300
     3       502.8000000000  0.02826700
     4       142.6000000000  0.10644400
     5        46.4700000000  0.28681400
     6        16.7000000000  0.44864100
     7         6.3560000000  0.26476100
     8         1.3160000000  0.01533300
   S          8
     1     14710.0000000000 -0.00016500
     2      2207.0000000000 -0.00130800
     3       502.8000000000 -0.00649500
     4       142.6000000000 -0.02669100
     5        46.4700000000 -0.07369000
     6        16.7000000000 -0.17077600
     7         6.3560000000 -0.11232700
     8         1.3160000000  0.56281400
   S          1
     1         0.3897000000  1.00000000
   P          3
     1        22.6700000000  0.04487800
     2         4.9770000000  0.23571800
     3         1.3470000000  0.50852100
   P          1
     1         0.3471000000  1.00000000
   D          1
     1         1.6400000000  1.00000000
   S          1
     1         0.0986300000  1.00000000
   P          1
     1         0.0850200000  1.00000000
   D          1
     1         0.4640000000  1.00000000
           
 $END      
--- RHF ORBITALS --- GENERATED AT  9:41:03  7-MAY-2026    
 LiF single-point properties R=5.50 Ang                                         
E(RHF)=     -106.7610137503, E(NUC)=    2.5977790342,   15 ITERS
 $VEC
 1  1  1.57965160717426300D-05  8.42892293865457600D-05 -5.57082116400074000D-05  0.00000000000000000D+00  0.00000000000000000D+00
 1  2  9.82540887594796800D-05  0.00000000000000000D+00  0.00000000000000000D+00 -1.80382229703731500D-04 -9.01279695910158900D-05
 1  3 -9.01279695909961500D-05  1.80255939182010400D-04  1.39554689329622000D-33  0.00000000000000000D+00  0.00000000000000000D+00
 1  4 -9.80237164938321800D-05  0.00000000000000000D+00  0.00000000000000000D+00 -4.89063405493843000D-05  1.12406210814828000D-04
 1  5  1.12406210814828900D-04 -2.24812421629543400D-04  6.92131073764162900D-35  0.00000000000000000D+00  0.00000000000000000D+00
 1  6  1.00069633838435000D+00  5.31999651191931100D-04 -3.43900206285888700D-03  0.00000000000000000D+00  0.00000000000000000D+00
 1  7 -5.34037827306631000D-05  0.00000000000000000D+00  0.00000000000000000D+00  5.27580914858457800D-05  3.10722058602017600D-06
 1  8  3.10722058611590400D-06 -6.21444117244287500D-06  6.76826137316456700D-33  0.00000000000000000D+00  0.00000000000000000D+00
 1  9  1.19045266918889200D-03  0.00000000000000000D+00  0.00000000000000000D+00 -8.79833803598710100D-05 -2.62599725696339300D-06
 1 10 -2.62599725677062100D-06  5.25199451374133200D-06  1.36294338198181300D-32  0.00000000000000000D+00  0.00000000000000000D+00
 2  1 -1.00009978320161500D+00  1.00086814439047000D-03  1.18393249018572700D-03  0.00000000000000000D+00  0.00000000000000000D+00
 2  2  1.44795342875595100D-03  0.00000000000000000D+00  0.00000000000000000D+00 -1.19149715748656200D-03 -1.78670902340907900D-05
 2  3 -1.78670902340985900D-05  3.57341804681703000D-05 -5.51824068050014600D-34  0.00000000000000000D+00  0.00000000000000000D+00
 2  4 -1.31777273265061900D-03  0.00000000000000000D+00  0.00000000000000000D+00  1.29636387005019000D-04 -4.73208655848707100D-06
 2  5 -4.73208655849422600D-06  9.46417311693858000D-06 -5.05932768593912500D-34  0.00000000000000000D+00  0.00000000000000000D+00
 2  6 -2.06044336070591300D-06 -4.17607676487727300D-06  1.27644089932058000D-05  0.00000000000000000D+00  0.00000000000000000D+00
 2  7  1.08332265042056100D-05  0.00000000000000000D+00  0.00000000000000000D+00 -4.16457154085343700D-05 -1.99768113370032000D-06
 2  8 -1.99768113374244100D-06  3.99536226740676500D-06 -2.97809142792124900D-33  0.00000000000000000D+00  0.00000000000000000D+00
 2  9  5.48868361004151200D-08  0.00000000000000000D+00  0.00000000000000000D+00  1.45006676236465700D-04  7.20310104271697800D-06
 2 10  7.20310104239643300D-06 -1.44062020850318200D-05 -2.26633430047575700D-32  0.00000000000000000D+00  0.00000000000000000D+00
 3  1  7.61119293672431200D-05  5.10217814730429300D-04 -1.77205390335458100D-04  0.00000000000000000D+00  0.00000000000000000D+00
 3  2  5.61552929443896700D-04  0.00000000000000000D+00  0.00000000000000000D+00 -9.86846457454310100D-04 -4.16752426643613100D-04
 3  3 -4.16752426643712800D-04  8.33504853287332000D-04 -7.04769989024204100D-33  0.00000000000000000D+00  0.00000000000000000D+00
 3  4 -7.34508103736791800D-04  0.00000000000000000D+00  0.00000000000000000D+00 -4.24226918229020400D-04  5.71940418006196400D-04
 3  5  5.71940418006237200D-04 -1.14388083601255800D-03  2.88287638550464400D-33  0.00000000000000000D+00  0.00000000000000000D+00
 3  6 -6.27078530656753200D-03  4.91093205056382300D-01  5.54236858035921000D-01  0.00000000000000000D+00  0.00000000000000000D+00
 3  7 -8.97510678804384900D-04  0.00000000000000000D+00  0.00000000000000000D+00 -2.11053717067014700D-03  1.24906982220111200D-05
 3  8  1.24906982207989200D-05 -2.49813964429467000D-05 -8.57051990789049200D-32  0.00000000000000000D+00  0.00000000000000000D+00
 3  9  5.65914695339420900D-02  0.00000000000000000D+00  0.00000000000000000D+00 -1.67501190630874700D-03 -1.64320591769604500D-04
 3 10 -1.64320591770607200D-04  3.28641183539941000D-04 -7.08907729139098600D-32  0.00000000000000000D+00  0.00000000000000000D+00
 4  1  0.00000000000000000D+00  0.00000000000000000D+00  0.00000000000000000D+00 -2.53615416624798100D-20 -4.14199086642308400D-04
 4  2  0.00000000000000000D+00 -1.64475440062287000D-19 -2.68617649335083100D-03  0.00000000000000000D+00  0.00000000000000000D+00
 4  3  0.00000000000000000D+00  0.00000000000000000D+00  0.00000000000000000D+00  1.34530304164208800D-19  2.19711915987203300D-03
 4  4  0.00000000000000000D+00 -1.94478879895675700D-20 -3.17618603380011300D-04  0.00000000000000000D+00  0.00000000000000000D+00
 4  5  0.00000000000000000D+00  0.00000000000000000D+00  0.00000000000000000D+00 -2.44336352121552500D-19 -3.99044723814967600D-03
 4  6  0.00000000000000000D+00  0.00000000000000000D+00  0.00000000000000000D+00 -3.85385144812734000D-17 -6.29402491028773500D-01
 4  7  0.00000000000000000D+00 -2.74244042447991200D-17 -4.47889301883809900D-01  0.00000000000000000D+00  0.00000000000000000D+00
 4  8  0.00000000000000000D+00  0.00000000000000000D+00  0.00000000000000000D+00  5.30148965491605600D-21  8.65827559749050500D-05
 4  9  0.00000000000000000D+00 -9.48933414158423600D-18 -1.54977705480052000D-01  0.00000000000000000D+00  0.00000000000000000D+00
 4 10  0.00000000000000000D+00  0.00000000000000000D+00  0.00000000000000000D+00  1.63100890586537900D-19  2.66372765546168100D-03
 5  1  0.00000000000000000D+00  0.00000000000000000D+00  0.00000000000000000D+00 -4.14199086642058600D-04  2.53615416624645200D-20
 5  2  0.00000000000000000D+00 -2.68617649334854100D-03  1.64475440062146800D-19  0.00000000000000000D+00  0.00000000000000000D+00
 5  3  0.00000000000000000D+00  0.00000000000000000D+00  0.00000000000000000D+00  2.19711915987000300D-03 -1.34530304164084400D-19
 5  4  0.00000000000000000D+00 -3.17618603383015800D-04  1.94478879897515400D-20  0.00000000000000000D+00  0.00000000000000000D+00
 5  5  0.00000000000000000D+00  0.00000000000000000D+00  0.00000000000000000D+00 -3.99044723814717800D-03  2.44336352121399500D-19
 5  6  0.00000000000000000D+00  0.00000000000000000D+00  0.00000000000000000D+00 -6.29402491028772500D-01  3.85385144812733300D-17
 5  7  0.00000000000000000D+00 -4.47889301883811900D-01  2.74244042447992500D-17  0.00000000000000000D+00  0.00000000000000000D+00
 5  8  0.00000000000000000D+00  0.00000000000000000D+00  0.00000000000000000D+00  8.65827559748024800D-05 -5.30148965490977600D-21
 5  9  0.00000000000000000D+00 -1.54977705480051600D-01  9.48933414158421300D-18  0.00000000000000000D+00  0.00000000000000000D+00
 5 10  0.00000000000000000D+00  0.00000000000000000D+00  0.00000000000000000D+00  2.66372765546186800D-03 -1.63100890586549400D-19
 6  1 -1.83357043956321800D-03  6.82163393976765300D-03  1.06209755049555900D-02  0.00000000000000000D+00  0.00000000000000000D+00
 6  2  9.31994087038878800D-03  0.00000000000000000D+00  0.00000000000000000D+00  5.06276025990591600D-03  2.09386022253278900D-03
 6  3  2.09386022253254900D-03 -4.18772044506532000D-03 -1.70204058835222000D-32  0.00000000000000000D+00  0.00000000000000000D+00
 6  4  7.43676779198010300D-04  0.00000000000000000D+00  0.00000000000000000D+00 -5.49473605869599300D-04 -4.48934487895423900D-03
 6  5 -4.48934487895373000D-03  8.97868975790804200D-03  3.59185934628219500D-32  0.00000000000000000D+00  0.00000000000000000D+00
 6  6 -8.40594408850784900D-05 -4.21212832076936500D-03 -1.02509165929307000D-02  0.00000000000000000D+00  0.00000000000000000D+00
 6  7 -6.26617168247656500D-01  0.00000000000000000D+00  0.00000000000000000D+00 -4.46763869759107500D-01 -4.37813225691066600D-05
 6  8 -4.37813225716318200D-05  8.75626451404074200D-05 -1.78535586635658100D-31  0.00000000000000000D+00  0.00000000000000000D+00
 6  9  1.44675162213997900D-02  0.00000000000000000D+00  0.00000000000000000D+00 -1.58127388875582800D-01 -1.64771526943451200D-03
 6 10 -1.64771526943613000D-03  3.29543053887071000D-03 -1.14424312820906700D-31  0.00000000000000000D+00  0.00000000000000000D+00
 7  1  7.03848905778189900D-03 -9.06136835880196700D-01 -3.15101465429115100D-02  0.00000000000000000D+00  0.00000000000000000D+00
 7  2  2.40971063952701500D-01  0.00000000000000000D+00  0.00000000000000000D+00  2.30163869244077000D-02  2.09539761484311400D-03
 7  3  2.09539761484314100D-03 -4.19079522968602800D-03  1.95000406869207600D-33  0.00000000000000000D+00  0.00000000000000000D+00
 7  4 -4.32874005554025100D-02  0.00000000000000000D+00  0.00000000000000000D+00 -1.37010930090014600D-03 -4.73824226453493100D-03
 7  5 -4.73824226453612200D-03  9.47648452907111000D-03 -8.42594350669415700D-32  0.00000000000000000D+00  0.00000000000000000D+00
 7  6  2.05573901573951500D-05  7.48533910402388000D-04  1.01596249485104400D-03  0.00000000000000000D+00  0.00000000000000000D+00
 7  7 -1.27300585226681500D-02  0.00000000000000000D+00  0.00000000000000000D+00 -9.06025972657804200D-03  2.89089770474241000D-05
 7  8  2.89089770483592300D-05 -5.78179540954024500D-05  6.61158208213216600D-32  0.00000000000000000D+00  0.00000000000000000D+00
 7  9 -6.48160450087462100D-04  0.00000000000000000D+00  0.00000000000000000D+00 -4.04683067219201200D-03 -4.45088122952054500D-05
 7 10 -4.45088122978812600D-05  8.90176245931049300D-05 -1.89186882007780900D-31  0.00000000000000000D+00  0.00000000000000000D+00
 8  1  0.00000000000000000D+00  0.00000000000000000D+00  0.00000000000000000D+00 -9.00213852547327800D-01  5.51203801814189100D-17
 8  2  0.00000000000000000D+00 -6.53963365061849300D-02  4.00423846010901700D-18  0.00000000000000000D+00  0.00000000000000000D+00
 8  3  0.00000000000000000D+00  0.00000000000000000D+00  0.00000000000000000D+00 -6.03963136343986900D-02  3.69808547120668500D-18
 8  4  0.00000000000000000D+00 -8.32290528796826900D-02  5.09614134895390200D-18  0.00000000000000000D+00  0.00000000000000000D+00
 8  5  0.00000000000000000D+00  0.00000000000000000D+00  0.00000000000000000D+00  1.61974402791144800D-01 -9.91774414073104200D-18
 8  6  0.00000000000000000D+00  0.00000000000000000D+00  0.00000000000000000D+00  6.12315550246728100D-03 -3.74922756688194200D-19
 8  7  0.00000000000000000D+00 -3.34236794132719600D-04  2.04654250888075100D-20  0.00000000000000000D+00  0.00000000000000000D+00
 8  8  0.00000000000000000D+00  0.00000000000000000D+00  0.00000000000000000D+00  1.98121533921807700D-04 -1.21310444634840700D-20
 8  9  0.00000000000000000D+00  2.18619280992481800D-02 -1.33861280285736400D-18  0.00000000000000000D+00  0.00000000000000000D+00
 8 10  0.00000000000000000D+00  0.00000000000000000D+00  0.00000000000000000D+00 -5.37764558142224700D-04  3.29274947380725800D-20
 9  1  0.00000000000000000D+00  0.00000000000000000D+00  0.00000000000000000D+00 -5.51203801814187800D-17 -9.00213852547325700D-01
 9  2  0.00000000000000000D+00 -4.00423846010919700D-18 -6.53963365061878700D-02  0.00000000000000000D+00  0.00000000000000000D+00
 9  3  0.00000000000000000D+00  0.00000000000000000D+00  0.00000000000000000D+00 -3.69808547120657600D-18 -6.03963136343969000D-02
 9  4  0.00000000000000000D+00 -5.09614134895384100D-18 -8.32290528796816900D-02  0.00000000000000000D+00  0.00000000000000000D+00
 9  5  0.00000000000000000D+00  0.00000000000000000D+00  0.00000000000000000D+00  9.91774414073092100D-18  1.61974402791142800D-01
 9  6  0.00000000000000000D+00  0.00000000000000000D+00  0.00000000000000000D+00  3.74922756688221300D-19  6.12315550246772500D-03
 9  7  0.00000000000000000D+00 -2.04654250887973100D-20 -3.34236794132553000D-04  0.00000000000000000D+00  0.00000000000000000D+00
 9  8  0.00000000000000000D+00  0.00000000000000000D+00  0.00000000000000000D+00  1.21310444634822600D-20  1.98121533921778200D-04
 9  9  0.00000000000000000D+00  1.33861280285738500D-18  2.18619280992485100D-02  0.00000000000000000D+00  0.00000000000000000D+00
 9 10  0.00000000000000000D+00  0.00000000000000000D+00  0.00000000000000000D+00 -3.29274947380714600D-20 -5.37764558142206500D-04
10  1  3.36932693885533100D-02  5.57513850273277900D-01 -1.26579884647062300D-02  0.00000000000000000D+00  0.00000000000000000D+00
10  2  7.32833580252309000D-01  0.00000000000000000D+00  0.00000000000000000D+00  8.46568413059903000D-02 -4.14616992122722400D-02
10  3 -4.14616992122695500D-02  8.29233984245415400D-02  1.89896692516581500D-31  0.00000000000000000D+00  0.00000000000000000D+00
10  4 -4.44235316399828900D-01  0.00000000000000000D+00  0.00000000000000000D+00  1.89460071809509600D-01  1.12737565768829000D-01
10  5  1.12737565768813500D-01 -2.25475131537642600D-01 -1.09700969632297000D-30  0.00000000000000000D+00  0.00000000000000000D+00
10  6 -2.51171796545834200D-03 -7.41182568349239800D-03  1.47880972445853100D-02  0.00000000000000000D+00  0.00000000000000000D+00
10  7  2.22369724205433800D-02  0.00000000000000000D+00  0.00000000000000000D+00  1.13370102644871200D-02 -1.41268326472612900D-04
10  8 -1.41268326482058100D-04  2.82536652954094900D-04 -6.67804171154121600D-31  0.00000000000000000D+00  0.00000000000000000D+00
10  9 -6.10731232653995000D-02  0.00000000000000000D+00  0.00000000000000000D+00  3.91955228281636700D-02  3.58920243691615600D-04
10 10  3.58920243689720400D-04 -7.17840487381213700D-04 -1.33993566615203800D-31  0.00000000000000000D+00  0.00000000000000000D+00
11  1 -2.40519414035235500D-02  7.16043566542688100D-02  6.31931289014217800D-01  0.00000000000000000D+00  0.00000000000000000D+00
11  2 -7.19413825871615400D-01  0.00000000000000000D+00  0.00000000000000000D+00  1.38615503855397500D-01  1.87997711314592100D-02
11  3  1.87997711314601000D-02 -3.75995422629192300D-02  6.31705021759013400D-32  0.00000000000000000D+00  0.00000000000000000D+00
11  4 -1.13358912945133900D+00  0.00000000000000000D+00  0.00000000000000000D+00  5.62992636232504300D-01 -6.14819218554697000D-02
11  5 -6.14819218554776100D-02  1.22963843710947300D-01 -5.59290055850053300D-31  0.00000000000000000D+00  0.00000000000000000D+00
11  6  1.20209348542017500D-03  3.92507827826844800D-03 -6.64004710894063700D-03  0.00000000000000000D+00  0.00000000000000000D+00
11  7 -1.41839561589879000D-02  0.00000000000000000D+00  0.00000000000000000D+00 -3.95661096094695300D-03  2.29288245028482100D-05
11  8  2.29288244678459000D-05 -4.58576489704434700D-05 -2.47475659588220200D-30  0.00000000000000000D+00  0.00000000000000000D+00
11  9  3.42917182775044300D-02  0.00000000000000000D+00  0.00000000000000000D+00 -3.91828526409085700D-02 -3.15408345821549400D-05
11 10 -3.15408345681865200D-05  6.30816691502846500D-05  9.87605214577814400D-31  0.00000000000000000D+00  0.00000000000000000D+00
12  1  0.00000000000000000D+00  0.00000000000000000D+00  0.00000000000000000D+00 -2.59634546063904600D-17 -4.24029395656007300D-01
12  2  0.00000000000000000D+00 -6.34420213661060500D-18 -1.03612105503264400D-01  0.00000000000000000D+00  0.00000000000000000D+00
12  3  0.00000000000000000D+00  0.00000000000000000D+00  0.00000000000000000D+00  5.77577134750185300D-19  9.43286196331396600D-03
12  4  0.00000000000000000D+00  6.78289943690796400D-17  1.10776812740460300D+00  0.00000000000000000D+00  0.00000000000000000D+00
12  5  0.00000000000000000D+00  0.00000000000000000D+00  0.00000000000000000D+00  7.80072079359609700D-19  1.27399645922914300D-02
12  6  0.00000000000000000D+00  0.00000000000000000D+00  0.00000000000000000D+00 -3.84681307651304800D-19 -6.28252999750646100D-03
12  7  0.00000000000000000D+00  2.11886278777668900D-19  3.46047982057754200D-03  0.00000000000000000D+00  0.00000000000000000D+00
12  8  0.00000000000000000D+00  0.00000000000000000D+00  0.00000000000000000D+00 -5.13924270729120700D-23 -8.39329747269403200D-07
12  9  0.00000000000000000D+00 -2.21507648983329600D-18 -3.61761390984025700D-02  0.00000000000000000D+00  0.00000000000000000D+00
12 10  0.00000000000000000D+00  0.00000000000000000D+00  0.00000000000000000D+00  2.01801787988423200D-21  3.29578214841915600D-05
13  1  0.00000000000000000D+00  0.00000000000000000D+00  0.00000000000000000D+00 -4.24029395656017500D-01  2.59634546063910900D-17
13  2  0.00000000000000000D+00 -1.03612105503252300D-01  6.34420213660986400D-18  0.00000000000000000D+00  0.00000000000000000D+00
13  3  0.00000000000000000D+00  0.00000000000000000D+00  0.00000000000000000D+00  9.43286196331299800D-03 -5.77577134750126100D-19
13  4  0.00000000000000000D+00  1.10776812740460000D+00 -6.78289943690795100D-17  0.00000000000000000D+00  0.00000000000000000D+00
13  5  0.00000000000000000D+00  0.00000000000000000D+00  0.00000000000000000D+00  1.27399645922938900D-02 -7.80072079359760800D-19
13  6  0.00000000000000000D+00  0.00000000000000000D+00  0.00000000000000000D+00 -6.28252999750798300D-03  3.84681307651398000D-19
13  7  0.00000000000000000D+00  3.46047982057583500D-03 -2.11886278777564400D-19  0.00000000000000000D+00  0.00000000000000000D+00
13  8  0.00000000000000000D+00  0.00000000000000000D+00  0.00000000000000000D+00 -8.39329747171716600D-07  5.13924270669306800D-23
13  9  0.00000000000000000D+00 -3.61761390984013800D-02  2.21507648983322300D-18  0.00000000000000000D+00  0.00000000000000000D+00
13 10  0.00000000000000000D+00  0.00000000000000000D+00  0.00000000000000000D+00  3.29578214840536500D-05 -2.01801787987578700D-21
14  1  7.92019631229899100D-02  6.49935374101380500D-01 -1.72290737353656600D-01  0.00000000000000000D+00  0.00000000000000000D+00
14  2 -1.25204121625252300D-01  0.00000000000000000D+00  0.00000000000000000D+00  5.16325308520708000D-01  2.56060264950864500D-02
14  3  2.56060264951088400D-02 -5.12120529901956100D-02  1.58311441428630800D-30  0.00000000000000000D+00  0.00000000000000000D+00
14  4 -7.34154411984418900D-01  0.00000000000000000D+00  0.00000000000000000D+00 -1.02275325956770000D+00 -4.10850382160883400D-02
14  5 -4.10850382161726400D-02  8.21700764322612500D-02 -5.96036799188961800D-30  0.00000000000000000D+00  0.00000000000000000D+00
14  6  7.24746436256827900D-03  1.95153055364637700D-02 -4.56159463709088100D-02  0.00000000000000000D+00  0.00000000000000000D+00
14  7  1.23045073839076500D-03  0.00000000000000000D+00  0.00000000000000000D+00 -9.66753385938802800D-03 -1.78244909615477500D-04
14  8 -1.78244909611848100D-04  3.56489819226762800D-04  2.56613614129139600D-31  0.00000000000000000D+00  0.00000000000000000D+00
14  9  1.89617256912401900D-01  0.00000000000000000D+00  0.00000000000000000D+00  4.01355484355215800D-02  4.55720107893733800D-04
14 10  4.55720107882971900D-04 -9.11440215776746600D-04 -7.60892791309863400D-31  0.00000000000000000D+00  0.00000000000000000D+00
15  1  0.00000000000000000D+00  0.00000000000000000D+00  0.00000000000000000D+00 -1.97524453895831700D+00  1.20944850638065300D-16
15  2  0.00000000000000000D+00  2.42948366803449400D+00 -1.48758056819136800D-16  0.00000000000000000D+00  0.00000000000000000D+00
15  3  0.00000000000000000D+00  0.00000000000000000D+00  0.00000000000000000D+00  1.82818459101755000D-01 -1.11940323306012800D-17
15  4  0.00000000000000000D+00 -5.68341613123541900D-01  3.47997375286374400D-17  0.00000000000000000D+00  0.00000000000000000D+00
15  5  0.00000000000000000D+00  0.00000000000000000D+00  0.00000000000000000D+00 -3.23752939663623300D-01  1.98234953490372900D-17
15  6  0.00000000000000000D+00  0.00000000000000000D+00  0.00000000000000000D+00 -3.76650521568892700D-03  2.30624310941889100D-19
15  7  0.00000000000000000D+00  9.59568393511179400D-04 -5.87546775810460700D-20  0.00000000000000000D+00  0.00000000000000000D+00
15  8  0.00000000000000000D+00  0.00000000000000000D+00  0.00000000000000000D+00 -3.80568991914394100D-04  2.33023602783072000D-20
15  9  0.00000000000000000D+00 -1.97150289667892800D-02  1.20715748692611800D-18  0.00000000000000000D+00  0.00000000000000000D+00
15 10  0.00000000000000000D+00  0.00000000000000000D+00  0.00000000000000000D+00  1.05736355372437900D-03 -6.47427063095541700D-20
16  1  0.00000000000000000D+00  0.00000000000000000D+00  0.00000000000000000D+00 -1.20944850638065800D-16 -1.97524453895832500D+00
16  2  0.00000000000000000D+00  1.48758056819137200D-16  2.42948366803450000D+00  0.00000000000000000D+00  0.00000000000000000D+00
16  3  0.00000000000000000D+00  0.00000000000000000D+00  0.00000000000000000D+00  1.11940323306014900D-17  1.82818459101758500D-01
16  4  0.00000000000000000D+00 -3.47997375286373100D-17 -5.68341613123539700D-01  0.00000000000000000D+00  0.00000000000000000D+00
16  5  0.00000000000000000D+00  0.00000000000000000D+00  0.00000000000000000D+00 -1.98234953490372600D-17 -3.23752939663622800D-01
16  6  0.00000000000000000D+00  0.00000000000000000D+00  0.00000000000000000D+00 -2.30624310941908700D-19 -3.76650521568924600D-03
16  7  0.00000000000000000D+00  5.87546775810121900D-20  9.59568393510626000D-04  0.00000000000000000D+00  0.00000000000000000D+00
16  8  0.00000000000000000D+00  0.00000000000000000D+00  0.00000000000000000D+00 -2.33023602782935300D-20 -3.80568991914170900D-04
16  9  0.00000000000000000D+00 -1.20715748692610700D-18 -1.97150289667890900D-02  0.00000000000000000D+00  0.00000000000000000D+00
16 10  0.00000000000000000D+00  0.00000000000000000D+00  0.00000000000000000D+00  6.47427063095303500D-20  1.05736355372399000D-03
17  1 -2.03291223366801500D-01 -1.04347386210138200D+00  1.51274934187093600D+00  0.00000000000000000D+00  0.00000000000000000D+00
17  2  1.87580709753311600D+00  0.00000000000000000D+00  0.00000000000000000D+00 -2.26910822916691000D+00  1.23881941395213100D-01
17  3  1.23881941394641500D-01 -2.47763882789854000D-01 -4.04137139530217600D-29  0.00000000000000000D+00  0.00000000000000000D+00
17  4 -6.04531784723519300D-01  0.00000000000000000D+00  0.00000000000000000D+00  3.94182855681425100D-01 -2.41558944324309200D-01
17  5 -2.41558944322626900D-01  4.83117888646935800D-01  1.18942351877444700D-28  0.00000000000000000D+00  0.00000000000000000D+00
17  6  5.53442051136316300D-03  1.30949392644741100D-02 -3.93283895080757000D-02  0.00000000000000000D+00  0.00000000000000000D+00
17  7 -4.17781710370644000D-03  0.00000000000000000D+00  0.00000000000000000D+00  1.60594165731823300D-02  2.34898344726943600D-04
17  8  2.34898344735264800D-04 -4.69796689462180900D-04  5.88335486823843300D-31  0.00000000000000000D+00  0.00000000000000000D+00
17  9  1.54405552867041600D-01  0.00000000000000000D+00  0.00000000000000000D+00 -1.19158687266945000D-01 -1.26900523408055000D-03
17 10 -1.26900523407624100D-03  2.53801046815679100D-03  3.04658043077755900D-31  0.00000000000000000D+00  0.00000000000000000D+00
18  1  0.00000000000000000D+00  0.00000000000000000D+00  0.00000000000000000D+00  0.00000000000000000D+00  0.00000000000000000D+00
18  2  0.00000000000000000D+00  0.00000000000000000D+00  0.00000000000000000D+00  0.00000000000000000D+00  5.72208730765920500D-17
18  3 -5.72208730765920500D-17  0.00000000000000000D+00  5.39544587057198100D-01  0.00000000000000000D+00  0.00000000000000000D+00
18  4  0.00000000000000000D+00  0.00000000000000000D+00  0.00000000000000000D+00  0.00000000000000000D+00 -1.56092784034460900D-16
18  5  1.56092784034460900D-16  0.00000000000000000D+00 -1.47182334306139700D+00  0.00000000000000000D+00  0.00000000000000000D+00
18  6  0.00000000000000000D+00  0.00000000000000000D+00  0.00000000000000000D+00  0.00000000000000000D+00  0.00000000000000000D+00
18  7  0.00000000000000000D+00  0.00000000000000000D+00  0.00000000000000000D+00  0.00000000000000000D+00  1.13177036570207200D-21
18  8 -1.13177036570207200D-21  0.00000000000000000D+00  1.06716402909290800D-05  0.00000000000000000D+00  0.00000000000000000D+00
18  9  0.00000000000000000D+00  0.00000000000000000D+00  0.00000000000000000D+00  0.00000000000000000D+00 -1.37181328006667600D-20
18 10  1.37181328006667600D-20  0.00000000000000000D+00 -1.29350425800465100D-04  0.00000000000000000D+00  0.00000000000000000D+00
19  1  0.00000000000000000D+00  0.00000000000000000D+00  0.00000000000000000D+00  0.00000000000000000D+00  0.00000000000000000D+00
19  2  0.00000000000000000D+00  0.00000000000000000D+00  0.00000000000000000D+00  0.00000000000000000D+00  4.67259318865899400D-01
19  3 -4.67259318866061700D-01  0.00000000000000000D+00 -6.60729729480802700D-17  0.00000000000000000D+00  0.00000000000000000D+00
19  4  0.00000000000000000D+00  0.00000000000000000D+00  0.00000000000000000D+00  0.00000000000000000D+00 -1.27463640497411600D+00
19  5  1.27463640497441900D+00  0.00000000000000000D+00  1.80240421761730100D-16  0.00000000000000000D+00  0.00000000000000000D+00
19  6  0.00000000000000000D+00  0.00000000000000000D+00  0.00000000000000000D+00  0.00000000000000000D+00  0.00000000000000000D+00
19  7  0.00000000000000000D+00  0.00000000000000000D+00  0.00000000000000000D+00  0.00000000000000000D+00  9.24191159253285100D-06
19  8 -9.24191159308330400D-06  0.00000000000000000D+00 -1.30685585071295600D-21  0.00000000000000000D+00  0.00000000000000000D+00
19  9  0.00000000000000000D+00  0.00000000000000000D+00  0.00000000000000000D+00  0.00000000000000000D+00 -1.12020754736762700D-04
19 10  1.12020754738454700D-04  0.00000000000000000D+00  1.58403353310637000D-20  0.00000000000000000D+00  0.00000000000000000D+00
20  1  0.00000000000000000D+00  0.00000000000000000D+00  0.00000000000000000D+00  2.29456148638564900D-01 -1.40496728773199200D-17
20  2  0.00000000000000000D+00 -4.25469212563848100D-01  2.60516150530746000D-17  0.00000000000000000D+00  0.00000000000000000D+00
20  3  0.00000000000000000D+00  0.00000000000000000D+00  0.00000000000000000D+00  4.84350628125762000D-01 -2.96569428340333800D-17
20  4  0.00000000000000000D+00  1.09868955396345400D-01 -6.72731104330959500D-18  0.00000000000000000D+00  0.00000000000000000D+00
20  5  0.00000000000000000D+00  0.00000000000000000D+00  0.00000000000000000D+00 -1.40339499321633900D+00  8.59303212807620600D-17
20  6  0.00000000000000000D+00  0.00000000000000000D+00  0.00000000000000000D+00  1.31869869629245100D-02 -8.07443401128510500D-19
20  7  0.00000000000000000D+00  1.67777094859699200D-02 -1.02730448195523700D-18  0.00000000000000000D+00  0.00000000000000000D+00
20  8  0.00000000000000000D+00  0.00000000000000000D+00  0.00000000000000000D+00  2.76677427145965200D-05 -1.69410467621088400D-21
20  9  0.00000000000000000D+00 -1.85703832628694100D-02  1.13707046683133000D-18  0.00000000000000000D+00  0.00000000000000000D+00
20 10  0.00000000000000000D+00  0.00000000000000000D+00  0.00000000000000000D+00  8.76732194814002500D-04 -5.36825908184932800D-20
21  1  0.00000000000000000D+00  0.00000000000000000D+00  0.00000000000000000D+00  1.40496728773196100D-17  2.29456148638559900D-01
21  2  0.00000000000000000D+00 -2.60516150530741200D-17 -4.25469212563840200D-01  0.00000000000000000D+00  0.00000000000000000D+00
21  3  0.00000000000000000D+00  0.00000000000000000D+00  0.00000000000000000D+00  2.96569428340327500D-17  4.84350628125751600D-01
21  4  0.00000000000000000D+00  6.72731104330934500D-18  1.09868955396341300D-01  0.00000000000000000D+00  0.00000000000000000D+00
21  5  0.00000000000000000D+00  0.00000000000000000D+00  0.00000000000000000D+00 -8.59303212807615100D-17 -1.40339499321633000D+00
21  6  0.00000000000000000D+00  0.00000000000000000D+00  0.00000000000000000D+00  8.07443401128543300D-19  1.31869869629250500D-02
21  7  0.00000000000000000D+00  1.02730448195532100D-18  1.67777094859713000D-02  0.00000000000000000D+00  0.00000000000000000D+00
21  8  0.00000000000000000D+00  0.00000000000000000D+00  0.00000000000000000D+00  1.69410467620642700D-21  2.76677427145237200D-05
21  9  0.00000000000000000D+00 -1.13707046683142000D-18 -1.85703832628708700D-02  0.00000000000000000D+00  0.00000000000000000D+00
21 10  0.00000000000000000D+00  0.00000000000000000D+00  0.00000000000000000D+00  5.36825908184916400D-20  8.76732194813975600D-04
22  1 -4.26213427632345800D-01 -2.33577571084077900D+00  2.96443404487989900D+00  0.00000000000000000D+00  0.00000000000000000D+00
22  2  9.61955520321023800D-02  0.00000000000000000D+00  0.00000000000000000D+00 -2.43703140788661900D-01 -1.97334988237187900D-01
22  3 -1.97334988237200800D-01  3.94669976474389500D-01 -9.12120421661794900D-31  0.00000000000000000D+00  0.00000000000000000D+00
22  4 -7.98683783488095100D-01  0.00000000000000000D+00  0.00000000000000000D+00 -2.94333391608351100D-02  5.83866285721997900D-01
22  5  5.83866285722033300D-01 -1.16773257144403100D+00  2.49600520792585800D-30  0.00000000000000000D+00  0.00000000000000000D+00
22  6  4.34373288187990400D-04  1.00991078319312500D-02  1.45035192199529400D-02  0.00000000000000000D+00  0.00000000000000000D+00
22  7 -2.41919652941898600D-02  0.00000000000000000D+00  0.00000000000000000D+00 -1.89489389333125700D-02 -2.86333726288183900D-05
22  8 -2.86333726155215500D-05  5.72667452448035800D-05  9.40122389810247000D-31  0.00000000000000000D+00  0.00000000000000000D+00
22  9  2.94510769568086300D-02  0.00000000000000000D+00  0.00000000000000000D+00  3.10674942459512500D-03  7.59520742093594300D-04
22 10  7.59520742107140400D-04 -1.51904148420073500D-03  9.57740887219467500D-31  0.00000000000000000D+00  0.00000000000000000D+00
23  1 -6.31601371155149400D-01 -3.42937331075699300D+00  4.27315338632551000D+00  0.00000000000000000D+00  0.00000000000000000D+00
23  2 -6.45716140402378300D-01  0.00000000000000000D+00  0.00000000000000000D+00  1.01097056891885200D+00  3.54744959269084400D-02
23  3  3.54744959269315500D-02 -7.09489918538384200D-02  1.63357377882925300D-30  0.00000000000000000D+00  0.00000000000000000D+00
23  4 -9.04004398599605800D-01  0.00000000000000000D+00  0.00000000000000000D+00 -2.76238390861315500D-01 -2.60817514969771900D-01
23  5 -2.60817514969821500D-01  5.21635029939594100D-01 -3.50981473065129900D-30  0.00000000000000000D+00  0.00000000000000000D+00
23  6  1.16563255420742900D-03 -9.21997923513992800D-03 -3.14774308964832600D-02  0.00000000000000000D+00  0.00000000000000000D+00
23  7  5.06328320915736900D-02  0.00000000000000000D+00  0.00000000000000000D+00  3.48498837646243500D-02 -4.47570508435114800D-04
23  8 -4.47570508433631100D-04  8.95141016870064500D-04  1.04890959596189800D-31  0.00000000000000000D+00  0.00000000000000000D+00
23  9  1.91769949286144800D-02  0.00000000000000000D+00  0.00000000000000000D+00  6.59674991828080700D-02  6.08402590017778400D-04
23 10  6.08402590030001300D-04 -1.21680518004779500D-03  8.64188840170857600D-31  0.00000000000000000D+00  0.00000000000000000D+00
24  1  0.00000000000000000D+00  0.00000000000000000D+00  0.00000000000000000D+00  3.32173042219523500D-02 -2.03390609035268600D-18
24  2  0.00000000000000000D+00 -2.45473639280634600D-02  1.50304289179483700D-18  0.00000000000000000D+00  0.00000000000000000D+00
24  3  0.00000000000000000D+00  0.00000000000000000D+00  0.00000000000000000D+00  1.93437888573730800D+00 -1.18442633708687900D-16
24  4  0.00000000000000000D+00  2.85006738276459000D-02 -1.74510531287771500D-18  0.00000000000000000D+00  0.00000000000000000D+00
24  5  0.00000000000000000D+00  0.00000000000000000D+00  0.00000000000000000D+00 -1.56717408253839900D+00  9.59585669511138900D-17
24  6  0.00000000000000000D+00  0.00000000000000000D+00  0.00000000000000000D+00  1.21530227527129900D-01 -7.44133444056012000D-18
24  7  0.00000000000000000D+00  2.55726689591433800D-01 -1.56582264457816300D-17  0.00000000000000000D+00  0.00000000000000000D+00
24  8  0.00000000000000000D+00  0.00000000000000000D+00  0.00000000000000000D+00 -4.37515121721141700D-04  2.67891898976540500D-20
24  9  0.00000000000000000D+00 -6.44663538053187900D-01  3.94729532388773900D-17  0.00000000000000000D+00  0.00000000000000000D+00
24 10  0.00000000000000000D+00  0.00000000000000000D+00  0.00000000000000000D+00  2.93894806349492100D-03 -1.79952723605492600D-19
25  1  0.00000000000000000D+00  0.00000000000000000D+00  0.00000000000000000D+00  2.03390609035290400D-18  3.32173042219559100D-02
25  2  0.00000000000000000D+00 -1.50304289179504600D-18 -2.45473639280668700D-02  0.00000000000000000D+00  0.00000000000000000D+00
25  3  0.00000000000000000D+00  0.00000000000000000D+00  0.00000000000000000D+00  1.18442633708684500D-16  1.93437888573725300D+00
25  4  0.00000000000000000D+00  1.74510531287789200D-18  2.85006738276487900D-02  0.00000000000000000D+00  0.00000000000000000D+00
25  5  0.00000000000000000D+00  0.00000000000000000D+00  0.00000000000000000D+00 -9.59585669511111600D-17 -1.56717408253835400D+00
25  6  0.00000000000000000D+00  0.00000000000000000D+00  0.00000000000000000D+00  7.44133444056054000D-18  1.21530227527136700D-01
25  7  0.00000000000000000D+00  1.56582264457825300D-17  2.55726689591448400D-01  0.00000000000000000D+00  0.00000000000000000D+00
25  8  0.00000000000000000D+00  0.00000000000000000D+00  0.00000000000000000D+00 -2.67891898976561900D-20 -4.37515121721176700D-04
25  9  0.00000000000000000D+00 -3.94729532388797300D-17 -6.44663538053226200D-01  0.00000000000000000D+00  0.00000000000000000D+00
25 10  0.00000000000000000D+00  0.00000000000000000D+00  0.00000000000000000D+00  1.79952723605500100D-19  2.93894806349504500D-03
26  1 -2.57848497776258700D-02 -1.15754439092587400D-01  1.60113439280906000D-01  0.00000000000000000D+00  0.00000000000000000D+00
26  2  4.87931363781178000D-02  0.00000000000000000D+00  0.00000000000000000D+00  2.68909212690623500D-02 -9.96791888757907800D-01
26  3 -9.96791888757470800D-01  1.99358377751537900D+00  3.08888348200602400D-29  0.00000000000000000D+00  0.00000000000000000D+00
26  4  8.34104484157164500D-04  0.00000000000000000D+00  0.00000000000000000D+00  5.92326635568714600D-04  7.81414916335103200D-01
26  5  7.81414916334737700D-01 -1.56282983266984100D+00 -2.58413576218101800D-29  0.00000000000000000D+00  0.00000000000000000D+00
26  6 -1.90208508932828900D-02  1.92399158194075400D-02  2.91484988203820900D-01  0.00000000000000000D+00  0.00000000000000000D+00
26  7 -8.98778392507738900D-02  0.00000000000000000D+00  0.00000000000000000D+00 -1.55464352605708800D-01 -1.08011516697266500D-04
26  8 -1.08011516683153700D-04  2.16023033380264100D-04  9.97815276390412600D-31  0.00000000000000000D+00  0.00000000000000000D+00
26  9 -4.54275465138123400D-01  0.00000000000000000D+00  0.00000000000000000D+00  3.67829043734080700D-01  1.78359825593137600D-03
26 10  1.78359825592604600D-03 -3.56719651185741600D-03 -3.76880415992277200D-31  0.00000000000000000D+00  0.00000000000000000D+00
27  1  0.00000000000000000D+00  0.00000000000000000D+00  0.00000000000000000D+00  0.00000000000000000D+00  0.00000000000000000D+00
27  2  0.00000000000000000D+00  0.00000000000000000D+00  0.00000000000000000D+00  0.00000000000000000D+00 -2.60604594637283900D-16
27  3  2.60604594637283900D-16  0.00000000000000000D+00 -2.45728159740893200D+00  0.00000000000000000D+00  0.00000000000000000D+00
27  4  0.00000000000000000D+00  0.00000000000000000D+00  0.00000000000000000D+00  0.00000000000000000D+00  2.16388593149985600D-16
27  5 -2.16388593149985600D-16  0.00000000000000000D+00  2.04036198431858100D+00  0.00000000000000000D+00  0.00000000000000000D+00
27  6  0.00000000000000000D+00  0.00000000000000000D+00  0.00000000000000000D+00  0.00000000000000000D+00  0.00000000000000000D+00
27  7  0.00000000000000000D+00  0.00000000000000000D+00  0.00000000000000000D+00  0.00000000000000000D+00 -3.60782936532594600D-21
27  8  3.60782936532594600D-21  0.00000000000000000D+00 -3.40187889562966300D-05  0.00000000000000000D+00  0.00000000000000000D+00
27  9  0.00000000000000000D+00  0.00000000000000000D+00  0.00000000000000000D+00  0.00000000000000000D+00  3.26817547093152400D-20
27 10 -3.26817547093152400D-20  0.00000000000000000D+00  3.08161391129761700D-04  0.00000000000000000D+00  0.00000000000000000D+00
28  1  0.00000000000000000D+00  0.00000000000000000D+00  0.00000000000000000D+00  0.00000000000000000D+00  0.00000000000000000D+00
28  2  0.00000000000000000D+00  0.00000000000000000D+00  0.00000000000000000D+00  0.00000000000000000D+00 -2.12806828760828900D+00
28  3  2.12806828760849400D+00  0.00000000000000000D+00  3.00920265731812900D-16  0.00000000000000000D+00  0.00000000000000000D+00
28  4  0.00000000000000000D+00  0.00000000000000000D+00  0.00000000000000000D+00  0.00000000000000000D+00  1.76700531133604500D+00
28  5 -1.76700531133620200D+00  0.00000000000000000D+00 -2.49864025009445500D-16  0.00000000000000000D+00  0.00000000000000000D+00
28  6  0.00000000000000000D+00  0.00000000000000000D+00  0.00000000000000000D+00  0.00000000000000000D+00  0.00000000000000000D+00
28  7  0.00000000000000000D+00  0.00000000000000000D+00  0.00000000000000000D+00  0.00000000000000000D+00 -2.94611354414302400D-05
28  8  2.94611354418786500D-05  0.00000000000000000D+00  4.16596251045446400D-21  0.00000000000000000D+00  0.00000000000000000D+00
28  9  0.00000000000000000D+00  0.00000000000000000D+00  0.00000000000000000D+00  0.00000000000000000D+00  2.66875593180949700D-04
28 10 -2.66875593181116900D-04  0.00000000000000000D+00 -3.77376397576157600D-20  0.00000000000000000D+00  0.00000000000000000D+00
29  1  0.00000000000000000D+00  0.00000000000000000D+00  0.00000000000000000D+00 -9.82094047520554500D-02  6.01339305322403300D-18
29  2  0.00000000000000000D+00  1.41313651047498000D-01 -8.65267974773021700D-18  0.00000000000000000D+00  0.00000000000000000D+00
29  3  0.00000000000000000D+00  0.00000000000000000D+00  0.00000000000000000D+00 -1.53098772547981400D+00  9.37428648123324900D-17
29  4  0.00000000000000000D+00  1.97095928639310900D-02 -1.20682463262111000D-18  0.00000000000000000D+00  0.00000000000000000D+00
29  5  0.00000000000000000D+00  0.00000000000000000D+00  0.00000000000000000D+00  1.34663807052837900D+00 -8.24550768734079700D-17
29  6  0.00000000000000000D+00  0.00000000000000000D+00  0.00000000000000000D+00  1.70194973031665600D-01 -1.04210922681602900D-17
29  7  0.00000000000000000D+00  3.60819252487241500D-01 -2.20930774588658300D-17  0.00000000000000000D+00  0.00000000000000000D+00
29  8  0.00000000000000000D+00  0.00000000000000000D+00  0.00000000000000000D+00 -2.16128253868641100D-04  1.32336016464036800D-20
29  9  0.00000000000000000D+00 -9.51344670109859900D-01  5.82511363845793900D-17  0.00000000000000000D+00  0.00000000000000000D+00
29 10  0.00000000000000000D+00  0.00000000000000000D+00  0.00000000000000000D+00 -5.35445442632501700D-04  3.27854945586498400D-20
30  1  0.00000000000000000D+00  0.00000000000000000D+00  0.00000000000000000D+00 -6.01339305322454000D-18 -9.82094047520637200D-02
30  2  0.00000000000000000D+00  8.65267974773084700D-18  1.41313651047508300D-01  0.00000000000000000D+00  0.00000000000000000D+00
30  3  0.00000000000000000D+00  0.00000000000000000D+00  0.00000000000000000D+00 -9.37428648123377200D-17 -1.53098772547989900D+00
30  4  0.00000000000000000D+00  1.20682463262078700D-18  1.97095928639258200D-02  0.00000000000000000D+00  0.00000000000000000D+00
30  5  0.00000000000000000D+00  0.00000000000000000D+00  0.00000000000000000D+00  8.24550768734124400D-17  1.34663807052845200D+00
30  6  0.00000000000000000D+00  0.00000000000000000D+00  0.00000000000000000D+00  1.04210922681600300D-17  1.70194973031661300D-01
30  7  0.00000000000000000D+00  2.20930774588651500D-17  3.60819252487230500D-01  0.00000000000000000D+00  0.00000000000000000D+00
30  8  0.00000000000000000D+00  0.00000000000000000D+00  0.00000000000000000D+00 -1.32336016464213200D-20 -2.16128253868929100D-04
30  9  0.00000000000000000D+00 -5.82511363845777000D-17 -9.51344670109832300D-01  0.00000000000000000D+00  0.00000000000000000D+00
30 10  0.00000000000000000D+00  0.00000000000000000D+00  0.00000000000000000D+00 -3.27854945586742200D-20 -5.35445442632899800D-04
31  1  8.86020978471042000D-02  4.27840656234697200D-01 -6.31746614134269500D-01  0.00000000000000000D+00  0.00000000000000000D+00
31  2  4.45237007331947700D-02  0.00000000000000000D+00  0.00000000000000000D+00 -2.06826915488028100D-01 -1.51604917839907200D-01
31  3 -1.51604917839856700D-01  3.03209835679763500D-01  3.57144448887169000D-30  0.00000000000000000D+00  0.00000000000000000D+00
31  4  1.95098661596581000D-01  0.00000000000000000D+00  0.00000000000000000D+00  1.69846256716784300D-01  1.78330473323200500D-01
31  5  1.78330473323165500D-01 -3.56660946646366500D-01 -2.48059776837076000D-30  0.00000000000000000D+00  0.00000000000000000D+00
31  6 -3.58306369661906800D-02  3.56762389354754500D-02  5.62318568862650000D-01  0.00000000000000000D+00  0.00000000000000000D+00
31  7  1.56927700201048000D-01  0.00000000000000000D+00  0.00000000000000000D+00  3.46525956504160700D-01  1.45009185543550700D-04
31  8  1.45009185537256500D-04 -2.90018371081207000D-04 -4.45019215571590000D-31  0.00000000000000000D+00  0.00000000000000000D+00
31  9 -9.01033165071666100D-01  0.00000000000000000D+00  0.00000000000000000D+00 -9.45623377103478200D-01  4.09540257510091700D-04
31 10  4.09540257500629000D-04 -8.19080515010756900D-04 -6.69037970024744700D-31  0.00000000000000000D+00  0.00000000000000000D+00
32  1 -1.21479625862186800D-01 -6.20172902067523400D-01  7.38639112911228300D-01  0.00000000000000000D+00  0.00000000000000000D+00
32  2 -3.16605843007030600D-01  0.00000000000000000D+00  0.00000000000000000D+00  6.30318700067007100D-01  7.90462451409018200D-01
32  3  7.90462451409017300D-01 -1.58092490281803500D+00 -6.16297582203915500D-32  0.00000000000000000D+00  0.00000000000000000D+00
32  4  2.71339261825308500D-02  0.00000000000000000D+00  0.00000000000000000D+00 -5.20932950381561700D-02 -7.99167015223785400D-01
32  5 -7.99167015223785200D-01  1.59833403044757100D+00  1.23259516440783100D-32  0.00000000000000000D+00  0.00000000000000000D+00
32  6 -4.18592322347268500D-02  3.94463799765112800D-02  6.76596363489466900D-01  0.00000000000000000D+00  0.00000000000000000D+00
32  7 -1.16409189141480800D-01  0.00000000000000000D+00  0.00000000000000000D+00 -2.59173164261610500D-01 -8.79702804168543300D-05
32  8 -8.79702804283730500D-05  1.75940560845562900D-04 -8.14405055741216600D-31  0.00000000000000000D+00  0.00000000000000000D+00
32  9 -1.15912759352352100D+00  0.00000000000000000D+00  0.00000000000000000D+00  8.00235755844605400D-01 -2.47702876656197500D-03
32 10 -2.47702876655315900D-03  4.95405753311516000D-03  6.23327226500928900D-31  0.00000000000000000D+00  0.00000000000000000D+00
33  1  0.00000000000000000D+00  0.00000000000000000D+00  0.00000000000000000D+00 -7.39682072905493000D-19 -1.20803239440448000D-02
33  2  0.00000000000000000D+00  1.21875632905074700D-18  1.99044586898741600D-02  0.00000000000000000D+00  0.00000000000000000D+00
33  3  0.00000000000000000D+00  0.00000000000000000D+00  0.00000000000000000D+00 -1.53782474970320400D-18 -2.51154135351850000D-02
33  4  0.00000000000000000D+00 -2.84790345523233400D-19 -4.65113290706542900D-03  0.00000000000000000D+00  0.00000000000000000D+00
33  5  0.00000000000000000D+00  0.00000000000000000D+00  0.00000000000000000D+00  1.65536423391528200D-18  2.70350423831850100D-02
33  6  0.00000000000000000D+00  0.00000000000000000D+00  0.00000000000000000D+00  8.78883312526465700D-19  1.43537277882512600D-02
33  7  0.00000000000000000D+00 -9.47216275985955300D-19 -1.54697266273263900D-02  0.00000000000000000D+00  0.00000000000000000D+00
33  8  0.00000000000000000D+00  0.00000000000000000D+00  0.00000000000000000D+00 -2.19860184301799400D-18 -3.59070788119867900D-02
33  9  0.00000000000000000D+00  3.74266869274320500D-19  6.11244369435316400D-03  0.00000000000000000D+00  0.00000000000000000D+00
33 10  0.00000000000000000D+00  0.00000000000000000D+00  0.00000000000000000D+00  6.23419140405372100D-17  1.01815434561398000D+00
34  1  0.00000000000000000D+00  0.00000000000000000D+00  0.00000000000000000D+00 -1.20803239440444500D-02  7.39682072905471700D-19
34  2  0.00000000000000000D+00  1.99044586898736800D-02 -1.21875632905071700D-18  0.00000000000000000D+00  0.00000000000000000D+00
34  3  0.00000000000000000D+00  0.00000000000000000D+00  0.00000000000000000D+00 -2.51154135351830400D-02  1.53782474970308400D-18
34  4  0.00000000000000000D+00 -4.65113290706521200D-03  2.84790345523220100D-19  0.00000000000000000D+00  0.00000000000000000D+00
34  5  0.00000000000000000D+00  0.00000000000000000D+00  0.00000000000000000D+00  2.70350423831829700D-02 -1.65536423391515600D-18
34  6  0.00000000000000000D+00  0.00000000000000000D+00  0.00000000000000000D+00  1.43537277882534200D-02 -8.78883312526598000D-19
34  7  0.00000000000000000D+00 -1.54697266273288300D-02  9.47216275986104800D-19  0.00000000000000000D+00  0.00000000000000000D+00
34  8  0.00000000000000000D+00  0.00000000000000000D+00  0.00000000000000000D+00 -3.59070788119860200D-02  2.19860184301794700D-18
34  9  0.00000000000000000D+00  6.11244369435434800D-03 -3.74266869274392900D-19  0.00000000000000000D+00  0.00000000000000000D+00
34 10  0.00000000000000000D+00  0.00000000000000000D+00  0.00000000000000000D+00  1.01815434561397800D+00 -6.23419140405371200D-17
35  1  0.00000000000000000D+00  0.00000000000000000D+00  0.00000000000000000D+00  0.00000000000000000D+00  0.00000000000000000D+00
35  2  0.00000000000000000D+00  0.00000000000000000D+00  0.00000000000000000D+00  0.00000000000000000D+00  2.47508660612822900D-19
35  3 -2.47508660612822900D-19  0.00000000000000000D+00  2.33379798145818800D-03  0.00000000000000000D+00  0.00000000000000000D+00
35  4  0.00000000000000000D+00  0.00000000000000000D+00  0.00000000000000000D+00  0.00000000000000000D+00 -2.64289647116054700D-19
35  5  2.64289647116054700D-19  0.00000000000000000D+00 -2.49202853521397300D-03  0.00000000000000000D+00  0.00000000000000000D+00
35  6  0.00000000000000000D+00  0.00000000000000000D+00  0.00000000000000000D+00  0.00000000000000000D+00  0.00000000000000000D+00
35  7  0.00000000000000000D+00  0.00000000000000000D+00  0.00000000000000000D+00  0.00000000000000000D+00 -3.79482179324328600D-18
35  8  3.79482179324328600D-18  0.00000000000000000D+00 -3.57819698879898300D-02  0.00000000000000000D+00  0.00000000000000000D+00
35  9  0.00000000000000000D+00  0.00000000000000000D+00  0.00000000000000000D+00  0.00000000000000000D+00  1.07974678826511800D-16
35 10 -1.07974678826511800D-16  0.00000000000000000D+00  1.01811018196287800D+00  0.00000000000000000D+00  0.00000000000000000D+00
36  1  0.00000000000000000D+00  0.00000000000000000D+00  0.00000000000000000D+00  0.00000000000000000D+00  0.00000000000000000D+00
36  2  0.00000000000000000D+00  0.00000000000000000D+00  0.00000000000000000D+00  0.00000000000000000D+00  2.02112833919227300D-03
36  3 -2.02112833928655800D-03  0.00000000000000000D+00 -2.85798383662556400D-19  0.00000000000000000D+00  0.00000000000000000D+00
36  4  0.00000000000000000D+00  0.00000000000000000D+00  0.00000000000000000D+00  0.00000000000000000D+00 -2.15816001839717600D-03
36  5  2.15816001850569600D-03  0.00000000000000000D+00  3.05175397813028100D-19  0.00000000000000000D+00  0.00000000000000000D+00
36  6  0.00000000000000000D+00  0.00000000000000000D+00  0.00000000000000000D+00  0.00000000000000000D+00  0.00000000000000000D+00
36  7  0.00000000000000000D+00  0.00000000000000000D+00  0.00000000000000000D+00  0.00000000000000000D+00 -3.09880949201150800D-02
36  8  3.09880949202053000D-02  0.00000000000000000D+00  4.38188276767048300D-18  0.00000000000000000D+00  0.00000000000000000D+00
36  9  0.00000000000000000D+00  0.00000000000000000D+00  0.00000000000000000D+00  0.00000000000000000D+00  8.81709281430865000D-01
36 10 -8.81709281431956600D-01  0.00000000000000000D+00 -1.24678419772294000D-16  0.00000000000000000D+00  0.00000000000000000D+00
37  1  1.42983879530313100D-02  7.21788929126364700D-02 -9.74701153956122200D-02  0.00000000000000000D+00  0.00000000000000000D+00
37  2  1.99625186803163900D-02  0.00000000000000000D+00  0.00000000000000000D+00 -4.35749661507130700D-02 -4.27538822779917800D-02
37  3 -4.27538822779875200D-02  8.55077645559793000D-02  3.00830257313286200D-31  0.00000000000000000D+00  0.00000000000000000D+00
37  4  2.21026064328248300D-02  0.00000000000000000D+00  0.00000000000000000D+00  1.44825656863057300D-02  4.76395338436724500D-02
37  5  4.76395338436683700D-02 -9.52790676873406200D-02 -2.88504305669207900D-31  0.00000000000000000D+00  0.00000000000000000D+00
37  6 -3.29425421650159400D-03 -9.19276683333062300D-03  3.51624445395670800D-03  0.00000000000000000D+00  0.00000000000000000D+00
37  7  3.54515539321966000D-02  0.00000000000000000D+00  0.00000000000000000D+00 -3.33654796594958600D-02  1.78726461945365100D-02
37  8  1.78726461941944900D-02 -3.57452923887310300D-02 -2.41815911957372600D-29  0.00000000000000000D+00  0.00000000000000000D+00
37  9  1.05365349056386700D-02  0.00000000000000000D+00  0.00000000000000000D+00 -9.40955122842370400D-03 -5.09112638669320700D-01
37 10 -5.09112638667333300D-01  1.01822527733665400D+00  1.40509685766670700D-28  0.00000000000000000D+00  0.00000000000000000D+00
38  1  0.00000000000000000D+00  0.00000000000000000D+00  0.00000000000000000D+00 -1.91755881734109900D-02  1.17412735577201700D-18
38  2  0.00000000000000000D+00  3.17093757066096600D-02 -1.94157514830275600D-18  0.00000000000000000D+00  0.00000000000000000D+00
38  3  0.00000000000000000D+00  0.00000000000000000D+00  0.00000000000000000D+00 -5.89108487511769100D-02  3.60712998448801500D-18
38  4  0.00000000000000000D+00  1.40666047852234700D-02 -8.61302679834645700D-19  0.00000000000000000D+00  0.00000000000000000D+00
38  5  0.00000000000000000D+00  0.00000000000000000D+00  0.00000000000000000D+00  7.05327358611282000D-02 -4.31874182440065100D-18
38  6  0.00000000000000000D+00  0.00000000000000000D+00  0.00000000000000000D+00 -9.68604903019809100D-01  5.93079859290782800D-17
38  7  0.00000000000000000D+00  1.26504266151138000D+00 -7.74589640571603200D-17  0.00000000000000000D+00  0.00000000000000000D+00
38  8  0.00000000000000000D+00  0.00000000000000000D+00  0.00000000000000000D+00  3.43648056958638600D-04 -2.10416797015131500D-20
38  9  0.00000000000000000D+00 -4.68566803968810300D-01  2.86904942665224700D-17  0.00000000000000000D+00  0.00000000000000000D+00
38 10  0.00000000000000000D+00  0.00000000000000000D+00  0.00000000000000000D+00  1.34158456238890500D-02 -8.21456489645733200D-19
39  1  0.00000000000000000D+00  0.00000000000000000D+00  0.00000000000000000D+00 -1.17412735577201000D-18 -1.91755881734108800D-02
39  2  0.00000000000000000D+00  1.94157514830277900D-18  3.17093757066100300D-02  0.00000000000000000D+00  0.00000000000000000D+00
39  3  0.00000000000000000D+00  0.00000000000000000D+00  0.00000000000000000D+00 -3.60712998448818300D-18 -5.89108487511796600D-02
39  4  0.00000000000000000D+00  8.61302679834619900D-19  1.40666047852230500D-02  0.00000000000000000D+00  0.00000000000000000D+00
39  5  0.00000000000000000D+00  0.00000000000000000D+00  0.00000000000000000D+00  4.31874182440081800D-18  7.05327358611309200D-02
39  6  0.00000000000000000D+00  0.00000000000000000D+00  0.00000000000000000D+00 -5.93079859290783100D-17 -9.68604903019809400D-01
39  7  0.00000000000000000D+00  7.74589640571604300D-17  1.26504266151138100D+00  0.00000000000000000D+00  0.00000000000000000D+00
39  8  0.00000000000000000D+00  0.00000000000000000D+00  0.00000000000000000D+00  2.10416797014967400D-20  3.43648056958370500D-04
39  9  0.00000000000000000D+00 -2.86904942665225100D-17 -4.68566803968810900D-01  0.00000000000000000D+00  0.00000000000000000D+00
39 10  0.00000000000000000D+00  0.00000000000000000D+00  0.00000000000000000D+00  8.21456489645608500D-19  1.34158456238870100D-02
40  1 -4.09422668106185400D-02 -1.95972726215436300D-01  2.68707207855920900D-01  0.00000000000000000D+00  0.00000000000000000D+00
40  2 -6.15566036246401000D-02  0.00000000000000000D+00  0.00000000000000000D+00  1.73400456012481200D-01  7.61096323282005300D-02
40  3  7.61096323282003500D-02 -1.52219264656400300D-01 -1.23259516440783100D-32  0.00000000000000000D+00  0.00000000000000000D+00
40  4 -3.48841356813089700D-02  0.00000000000000000D+00  0.00000000000000000D+00 -5.72500660166672900D-02 -1.03075684793141300D-01
40  5 -1.03075684793141300D-01  2.06151369586283300D-01  1.54074395550978900D-33  0.00000000000000000D+00  0.00000000000000000D+00
40  6  1.51793186134597100D-02  4.02308425347113700D-02 -2.15609650349851800D-02  0.00000000000000000D+00  0.00000000000000000D+00
40  7  9.69735448888853800D-01  0.00000000000000000D+00  0.00000000000000000D+00 -1.29381169557137000D+00  3.50225926123937000D-04
40  8  3.50225926126054900D-04 -7.00451852249534200D-04  1.49741053176107600D-31  0.00000000000000000D+00  0.00000000000000000D+00
40  9 -4.09663281056376400D-02  0.00000000000000000D+00  0.00000000000000000D+00  5.52567161957313700D-01  1.84306146591398600D-02
40 10  1.84306146591427900D-02 -3.68612293182826700D-02  2.07422655010505300D-31  0.00000000000000000D+00  0.00000000000000000D+00
41  1  1.40226249036400000D-02  7.35720260540474300D-02 -5.76590560486371000D-02  0.00000000000000000D+00  0.00000000000000000D+00
41  2  7.34786011542440700D-02  0.00000000000000000D+00  0.00000000000000000D+00 -1.37996940874761700D-01 -7.65208969417361900D-02
41  3 -7.65208969417357600D-02  1.53041793883472200D-01  3.00445071324408800D-32  0.00000000000000000D+00  0.00000000000000000D+00
41  4 -6.78827262652633400D-02  0.00000000000000000D+00  0.00000000000000000D+00 -3.27184015291452200D-02  9.39901360417794400D-02
41  5  9.39901360417793900D-02 -1.87980272083557900D-01 -3.85185988877447200D-33  0.00000000000000000D+00  0.00000000000000000D+00
41  6  7.50436874101460000D-01  1.76360040430373400D+00 -2.24442302406485500D+00  0.00000000000000000D+00  0.00000000000000000D+00
41  7 -2.97958801925522800D-02  0.00000000000000000D+00  0.00000000000000000D+00  5.77625701228256200D-02 -5.91003409280701200D-04
41  8 -5.91003409281599700D-04  1.18200681856220900D-03 -6.35255955093977300D-32  0.00000000000000000D+00  0.00000000000000000D+00
41  9  8.51178918283433900D-01  0.00000000000000000D+00  0.00000000000000000D+00 -7.65310071912502100D-02 -4.24947290179226700D-03
41 10 -4.24947290179195000D-03  8.49894580358419300D-03  2.24370838521113000D-32  0.00000000000000000D+00  0.00000000000000000D+00
42  1  0.00000000000000000D+00  0.00000000000000000D+00  0.00000000000000000D+00 -3.23184173885693800D-19 -5.27817241641667900D-03
42  2  0.00000000000000000D+00  5.35516661529713000D-19  8.74593962146609900D-03  0.00000000000000000D+00  0.00000000000000000D+00
42  3  0.00000000000000000D+00  0.00000000000000000D+00  0.00000000000000000D+00 -5.61878231337155800D-19 -9.17647094649409700D-03
42  4  0.00000000000000000D+00 -1.15400765995994600D-19 -1.88469977533258600D-03  0.00000000000000000D+00  0.00000000000000000D+00
42  5  0.00000000000000000D+00  0.00000000000000000D+00  0.00000000000000000D+00  6.23063842895758900D-19  1.01757408158300500D-02
42  6  0.00000000000000000D+00  0.00000000000000000D+00  0.00000000000000000D+00 -5.99299661960144000D-20 -9.78762947112830900D-04
42  7  0.00000000000000000D+00  6.87452007337676100D-20  1.12273140702222300D-03  0.00000000000000000D+00  0.00000000000000000D+00
42  8  0.00000000000000000D+00  0.00000000000000000D+00  0.00000000000000000D+00 -7.16107125187988000D-17 -1.16953031143892900D+00
42  9  0.00000000000000000D+00 -4.92415975865445000D-20 -8.04202876015564700D-04  0.00000000000000000D+00  0.00000000000000000D+00
42 10  0.00000000000000000D+00  0.00000000000000000D+00  0.00000000000000000D+00  3.53057315332522400D-17  5.76605395244799600D-01
43  1  0.00000000000000000D+00  0.00000000000000000D+00  0.00000000000000000D+00 -5.27817241641657500D-03  3.23184173885687400D-19
43  2  0.00000000000000000D+00  8.74593962146606000D-03 -5.35516661529710700D-19  0.00000000000000000D+00  0.00000000000000000D+00
43  3  0.00000000000000000D+00  0.00000000000000000D+00  0.00000000000000000D+00 -9.17647094649437500D-03  5.61878231337172800D-19
43  4  0.00000000000000000D+00 -1.88469977533247500D-03  1.15400765995987800D-19  0.00000000000000000D+00  0.00000000000000000D+00
43  5  0.00000000000000000D+00  0.00000000000000000D+00  0.00000000000000000D+00  1.01757408158300400D-02 -6.23063842895758500D-19
43  6  0.00000000000000000D+00  0.00000000000000000D+00  0.00000000000000000D+00 -9.78762947113175400D-04  5.99299661960355000D-20
43  7  0.00000000000000000D+00  1.12273140702283500D-03 -6.87452007338050500D-20  0.00000000000000000D+00  0.00000000000000000D+00
43  8  0.00000000000000000D+00  0.00000000000000000D+00  0.00000000000000000D+00 -1.16953031143892900D+00  7.16107125187987800D-17
43  9  0.00000000000000000D+00 -8.04202876015806900D-04  4.92415975865593400D-20  0.00000000000000000D+00  0.00000000000000000D+00
43 10  0.00000000000000000D+00  0.00000000000000000D+00  0.00000000000000000D+00  5.76605395244800700D-01 -3.53057315332523000D-17
44  1  0.00000000000000000D+00  0.00000000000000000D+00  0.00000000000000000D+00  0.00000000000000000D+00  0.00000000000000000D+00
44  2  0.00000000000000000D+00  0.00000000000000000D+00  0.00000000000000000D+00  0.00000000000000000D+00  8.41105454007072900D-20
44  3 -8.41105454007072900D-20  0.00000000000000000D+00  7.93091524916717300D-04  0.00000000000000000D+00  0.00000000000000000D+00
44  4  0.00000000000000000D+00  0.00000000000000000D+00  0.00000000000000000D+00  0.00000000000000000D+00 -9.21765490665377300D-20
44  5  9.21765490665377300D-20  0.00000000000000000D+00 -8.69147138595611700D-04  0.00000000000000000D+00  0.00000000000000000D+00
44  6  0.00000000000000000D+00  0.00000000000000000D+00  0.00000000000000000D+00  0.00000000000000000D+00  0.00000000000000000D+00
44  7  0.00000000000000000D+00  0.00000000000000000D+00  0.00000000000000000D+00  0.00000000000000000D+00 -1.24031461158356100D-16
44  8  1.24031461158356100D-16  0.00000000000000000D+00 -1.16951210099871800D+00  0.00000000000000000D+00  0.00000000000000000D+00
44  9  0.00000000000000000D+00  0.00000000000000000D+00  0.00000000000000000D+00  0.00000000000000000D+00  6.11529102191372400D-17
44 10 -6.11529102191372400D-17  0.00000000000000000D+00  5.76620381995321400D-01  0.00000000000000000D+00  0.00000000000000000D+00
45  1  0.00000000000000000D+00  0.00000000000000000D+00  0.00000000000000000D+00  0.00000000000000000D+00  0.00000000000000000D+00
45  2  0.00000000000000000D+00  0.00000000000000000D+00  0.00000000000000000D+00  0.00000000000000000D+00  6.86837408099048100D-04
45  3 -6.86837408107888700D-04  0.00000000000000000D+00 -9.71224920574913800D-20  0.00000000000000000D+00  0.00000000000000000D+00
45  4  0.00000000000000000D+00  0.00000000000000000D+00  0.00000000000000000D+00  0.00000000000000000D+00 -7.52703501644344400D-04
45  5  7.52703501656463400D-04  0.00000000000000000D+00  1.06436310833079300D-19  0.00000000000000000D+00  0.00000000000000000D+00
45  6  0.00000000000000000D+00  0.00000000000000000D+00  0.00000000000000000D+00  0.00000000000000000D+00  0.00000000000000000D+00
45  7  0.00000000000000000D+00  0.00000000000000000D+00  0.00000000000000000D+00  0.00000000000000000D+00 -1.01282718949802800D+00
45  8  1.01282718949863500D+00  0.00000000000000000D+00  1.43219194975536900D-16  0.00000000000000000D+00  0.00000000000000000D+00
45  9  0.00000000000000000D+00  0.00000000000000000D+00  0.00000000000000000D+00  0.00000000000000000D+00  4.99367899147976500D-01
45 10 -4.99367899148321200D-01  0.00000000000000000D+00 -7.06132983535398800D-17  0.00000000000000000D+00  0.00000000000000000D+00
46  1 -6.52676079018159200D-03 -3.26836249191427700D-02  4.42878283937798900D-02  0.00000000000000000D+00  0.00000000000000000D+00
46  2 -9.60898438012183300D-03  0.00000000000000000D+00  0.00000000000000000D+00  2.14131578274223800D-02  1.69913588206503700D-02
46  3  1.69913588206499900D-02 -3.39827176413003300D-02 -2.67704262269825800D-32  0.00000000000000000D+00  0.00000000000000000D+00
46  4 -9.57571434895501700D-03  0.00000000000000000D+00  0.00000000000000000D+00 -6.96372872957514700D-03 -1.96655440378562000D-02
46  5 -1.96655440378558500D-02  3.93310880757119400D-02  2.46519032881566200D-32  0.00000000000000000D+00  0.00000000000000000D+00
46  6 -2.18241024086163700D-03 -4.63757483513188700D-03  9.00312745441530700D-03  0.00000000000000000D+00  0.00000000000000000D+00
46  7  3.37467688660573400D-03  0.00000000000000000D+00  0.00000000000000000D+00 -7.64972975873990500D-03 -5.84871452785917800D-01
46  8 -5.84871452784658900D-01  1.16974290557057700D+00  8.90056968218894700D-29  0.00000000000000000D+00  0.00000000000000000D+00
46  9 -8.31383675511891900D-03  0.00000000000000000D+00  0.00000000000000000D+00  1.26425142824749400D-02  2.88816443884411300D-01
46 10  2.88816443883553300D-01 -5.77632887767964800D-01 -6.06621710163314000D-29  0.00000000000000000D+00  0.00000000000000000D+00
47  1  0.00000000000000000D+00  0.00000000000000000D+00  0.00000000000000000D+00  0.00000000000000000D+00  0.00000000000000000D+00
47  2  0.00000000000000000D+00  0.00000000000000000D+00  0.00000000000000000D+00  0.00000000000000000D+00  0.00000000000000000D+00
47  3  0.00000000000000000D+00  0.00000000000000000D+00  0.00000000000000000D+00  0.00000000000000000D+00  0.00000000000000000D+00
47  4  0.00000000000000000D+00  0.00000000000000000D+00  0.00000000000000000D+00  0.00000000000000000D+00  4.47213595499956900D-01
47  5  4.47213595499957100D-01  4.47213595499956800D-01  0.00000000000000000D+00  0.00000000000000000D+00  0.00000000000000000D+00
47  6  0.00000000000000000D+00  0.00000000000000000D+00  0.00000000000000000D+00  0.00000000000000000D+00  0.00000000000000000D+00
47  7  0.00000000000000000D+00  0.00000000000000000D+00  0.00000000000000000D+00  0.00000000000000000D+00  0.00000000000000000D+00
47  8  0.00000000000000000D+00  0.00000000000000000D+00  0.00000000000000000D+00  0.00000000000000000D+00  0.00000000000000000D+00
47  9  0.00000000000000000D+00  0.00000000000000000D+00  0.00000000000000000D+00  0.00000000000000000D+00  0.00000000000000000D+00
47 10  0.00000000000000000D+00  0.00000000000000000D+00  0.00000000000000000D+00  0.00000000000000000D+00  0.00000000000000000D+00
48  1  0.00000000000000000D+00  0.00000000000000000D+00  0.00000000000000000D+00  0.00000000000000000D+00  0.00000000000000000D+00
48  2  0.00000000000000000D+00  0.00000000000000000D+00  0.00000000000000000D+00  0.00000000000000000D+00  4.47213595499956600D-01
48  3  4.47213595499956500D-01  4.47213595499956700D-01  0.00000000000000000D+00  0.00000000000000000D+00  0.00000000000000000D+00
48  4  0.00000000000000000D+00  0.00000000000000000D+00  0.00000000000000000D+00  0.00000000000000000D+00  0.00000000000000000D+00
48  5  0.00000000000000000D+00  0.00000000000000000D+00  0.00000000000000000D+00  0.00000000000000000D+00  0.00000000000000000D+00
48  6  0.00000000000000000D+00  0.00000000000000000D+00  0.00000000000000000D+00  0.00000000000000000D+00  0.00000000000000000D+00
48  7  0.00000000000000000D+00  0.00000000000000000D+00  0.00000000000000000D+00  0.00000000000000000D+00  0.00000000000000000D+00
48  8  0.00000000000000000D+00  0.00000000000000000D+00  0.00000000000000000D+00  0.00000000000000000D+00  0.00000000000000000D+00
48  9  0.00000000000000000D+00  0.00000000000000000D+00  0.00000000000000000D+00  0.00000000000000000D+00  0.00000000000000000D+00
48 10  0.00000000000000000D+00  0.00000000000000000D+00  0.00000000000000000D+00  0.00000000000000000D+00  0.00000000000000000D+00
49  1  0.00000000000000000D+00  0.00000000000000000D+00  0.00000000000000000D+00  0.00000000000000000D+00  0.00000000000000000D+00
49  2  0.00000000000000000D+00  0.00000000000000000D+00  0.00000000000000000D+00  0.00000000000000000D+00  0.00000000000000000D+00
49  3  0.00000000000000000D+00  0.00000000000000000D+00  0.00000000000000000D+00  0.00000000000000000D+00  0.00000000000000000D+00
49  4  0.00000000000000000D+00  0.00000000000000000D+00  0.00000000000000000D+00  0.00000000000000000D+00  0.00000000000000000D+00
49  5  0.00000000000000000D+00  0.00000000000000000D+00  0.00000000000000000D+00  0.00000000000000000D+00  0.00000000000000000D+00
49  6  0.00000000000000000D+00  0.00000000000000000D+00  0.00000000000000000D+00  0.00000000000000000D+00  0.00000000000000000D+00
49  7  0.00000000000000000D+00  0.00000000000000000D+00  0.00000000000000000D+00  0.00000000000000000D+00  0.00000000000000000D+00
49  8  0.00000000000000000D+00  0.00000000000000000D+00  0.00000000000000000D+00  0.00000000000000000D+00  0.00000000000000000D+00
49  9  0.00000000000000000D+00  0.00000000000000000D+00  0.00000000000000000D+00  0.00000000000000000D+00 -4.47213595499817400D-01
49 10 -4.47213595500096200D-01 -4.47213595499956800D-01  0.00000000000000000D+00  0.00000000000000000D+00  0.00000000000000000D+00
50  1  0.00000000000000000D+00  0.00000000000000000D+00  0.00000000000000000D+00  0.00000000000000000D+00  0.00000000000000000D+00
50  2  0.00000000000000000D+00  0.00000000000000000D+00  0.00000000000000000D+00  0.00000000000000000D+00  0.00000000000000000D+00
50  3  0.00000000000000000D+00  0.00000000000000000D+00  0.00000000000000000D+00  0.00000000000000000D+00  0.00000000000000000D+00
50  4  0.00000000000000000D+00  0.00000000000000000D+00  0.00000000000000000D+00  0.00000000000000000D+00  0.00000000000000000D+00
50  5  0.00000000000000000D+00  0.00000000000000000D+00  0.00000000000000000D+00  0.00000000000000000D+00  0.00000000000000000D+00
50  6  0.00000000000000000D+00  0.00000000000000000D+00  0.00000000000000000D+00  0.00000000000000000D+00  0.00000000000000000D+00
50  7  0.00000000000000000D+00  0.00000000000000000D+00  0.00000000000000000D+00  0.00000000000000000D+00 -4.47213595499818000D-01
50  8 -4.47213595500096000D-01 -4.47213595499956600D-01  0.00000000000000000D+00  0.00000000000000000D+00  0.00000000000000000D+00
50  9  0.00000000000000000D+00  0.00000000000000000D+00  0.00000000000000000D+00  0.00000000000000000D+00  0.00000000000000000D+00
50 10  0.00000000000000000D+00  0.00000000000000000D+00  0.00000000000000000D+00  0.00000000000000000D+00  0.00000000000000000D+00
 $END
 POPULATION ANALYSIS
LI           2.00442   0.99558   2.00919   0.99081
F            9.99558  -0.99558   9.99081  -0.99081
 MOMENTS AT POINT    1 X,Y,Z=  0.000000  0.000000  7.590402
 DIPOLE       0.000000  0.000000-26.219699
- - - NO-S OF CI STATE  1 E=     -106.7850402421 CREATED  9:42:33  7-MAY-2026    
 $OCCNO 
    2.0000000000    2.0000000000    2.0000000000    1.9834096564    1.9834096564
    1.9717643211    0.0279424964    0.0163437230    0.0163437230    0.0006888899
    0.0000849149    0.0000052098    0.0000052098    0.0000018009    0.0000001316
    0.0000001316    0.0000000717    0.0000000167    0.0000000167    0.0000000136
    0.0000000036    0.0000000036    0.0000000026    0.0000000026    0.0000000019
    0.0000000007    0.0000000006    0.0000000003    0.0000000002    0.0000000002
    0.0000000000    0.0000000000
 $END   
 $VEC   
 1  1  1.57965160701879100D-05  8.42892293803879300D-05 -5.57082116319647900D-05  0.00000000000000000D+00  0.00000000000000000D+00
 1  2  9.82540887593083600D-05  0.00000000000000000D+00  0.00000000000000000D+00 -1.80382229703092000D-04 -9.01279695891066100D-05
 1  3 -9.01279695890719400D-05  1.80255939178178100D-04  0.00000000000000000D+00  0.00000000000000000D+00  0.00000000000000000D+00
 1  4 -9.80237164958051000D-05  0.00000000000000000D+00  0.00000000000000000D+00 -4.89063405497493800D-05  1.12406210812860800D-04
 1  5  1.12406210812864200D-04 -2.24812421625610700D-04  0.00000000000000000D+00  0.00000000000000000D+00  0.00000000000000000D+00
 1  6  1.00069633838435000D+00  5.31999651191588600D-04 -3.43900206285763100D-03  0.00000000000000000D+00  0.00000000000000000D+00
 1  7 -5.34037827319004800D-05  0.00000000000000000D+00  0.00000000000000000D+00  5.27580914853753400D-05  3.10722058617266000D-06
 1  8  3.10722058636347700D-06 -6.21444117290547100D-06  0.00000000000000000D+00  0.00000000000000000D+00  0.00000000000000000D+00
 1  9  1.19045266918840100D-03  0.00000000000000000D+00  0.00000000000000000D+00 -8.79833803587111100D-05 -2.62599725711712400D-06
 1 10 -2.62599725672930400D-06  5.25199451384632000D-06  0.00000000000000000D+00  0.00000000000000000D+00  0.00000000000000000D+00
 2  1 -1.00009978320161800D+00  1.00086814437618000D-03  1.18393249020382100D-03  0.00000000000000000D+00  0.00000000000000000D+00
 2  2  1.44795342875656000D-03  0.00000000000000000D+00  0.00000000000000000D+00 -1.19149715748799800D-03 -1.78670902352292000D-05
 2  3 -1.78670902352422100D-05  3.57341804704505900D-05  0.00000000000000000D+00  0.00000000000000000D+00  0.00000000000000000D+00
 2  4 -1.31777273265533400D-03  0.00000000000000000D+00  0.00000000000000000D+00  1.29636387005061900D-04 -4.73208655737641400D-06
 2  5 -4.73208655739419500D-06  9.46417311472810800D-06  0.00000000000000000D+00  0.00000000000000000D+00  0.00000000000000000D+00
 2  6 -2.06044336085008500D-06 -4.17607676352418900D-06  1.27644089911078700D-05  0.00000000000000000D+00  0.00000000000000000D+00
 2  7  1.08332265042874600D-05  0.00000000000000000D+00  0.00000000000000000D+00 -4.16457154079046700D-05 -1.99768113370570000D-06
 2  8 -1.99768113378185200D-06  3.99536226738467400D-06  0.00000000000000000D+00  0.00000000000000000D+00  0.00000000000000000D+00
 2  9  5.48868377731764400D-08  0.00000000000000000D+00  0.00000000000000000D+00  1.45006676236184700D-04  7.20310104285865600D-06
 2 10  7.20310104223713700D-06 -1.44062020850959600D-05  0.00000000000000000D+00  0.00000000000000000D+00  0.00000000000000000D+00
 3  1  7.61119293677468100D-05  5.10217814736326900D-04 -1.77205390342200300D-04  0.00000000000000000D+00  0.00000000000000000D+00
 3  2  5.61552929444197300D-04  0.00000000000000000D+00  0.00000000000000000D+00 -9.86846457454406600D-04 -4.16752426644587400D-04
 3  3 -4.16752426644767800D-04  8.33504853289334900D-04  0.00000000000000000D+00  0.00000000000000000D+00  0.00000000000000000D+00
 3  4 -7.34508103735666400D-04  0.00000000000000000D+00  0.00000000000000000D+00 -4.24226918229505100D-04  5.71940418007096400D-04
 3  5  5.71940418007158900D-04 -1.14388083601437300D-03  0.00000000000000000D+00  0.00000000000000000D+00  0.00000000000000000D+00
 3  6 -6.27078530656668800D-03  4.91093205056384300D-01  5.54236858035916400D-01  0.00000000000000000D+00  0.00000000000000000D+00
 3  7 -8.97510678803269100D-04  0.00000000000000000D+00  0.00000000000000000D+00 -2.11053717067074600D-03  1.24906982217787900D-05
 3  8  1.24906982192780000D-05 -2.49813964411794000D-05  0.00000000000000000D+00  0.00000000000000000D+00  0.00000000000000000D+00
 3  9  5.65914695339444900D-02  0.00000000000000000D+00  0.00000000000000000D+00 -1.67501190630908800D-03 -1.64320591768674900D-04
 3 10 -1.64320591770603200D-04  3.28641183539277400D-04  0.00000000000000000D+00  0.00000000000000000D+00  0.00000000000000000D+00
 4  1  0.00000000000000000D+00  0.00000000000000000D+00  0.00000000000000000D+00 -3.80538815998789700D-09  2.48104237386160700D-03
 4  2  0.00000000000000000D+00 -9.86698812555973000D-09  6.43309281780257900D-03  0.00000000000000000D+00  0.00000000000000000D+00
 4  3  0.00000000000000000D+00  0.00000000000000000D+00  0.00000000000000000D+00  8.16522147980616900D-09 -5.32357222639128600D-03
 4  4  0.00000000000000000D+00 -3.91990086265438800D-09  2.55570249607848100D-03  0.00000000000000000D+00  0.00000000000000000D+00
 4  5  0.00000000000000000D+00  0.00000000000000000D+00  0.00000000000000000D+00 -1.42421414100647100D-08  9.28561111531437900D-03
 4  6  0.00000000000000000D+00  0.00000000000000000D+00  0.00000000000000000D+00 -9.62074153919844100D-07  6.27254465768546400D-01
 4  7  0.00000000000000000D+00 -6.80404843235022200D-07  4.43611310676086700D-01  0.00000000000000000D+00  0.00000000000000000D+00
 4  8  0.00000000000000000D+00  0.00000000000000000D+00  0.00000000000000000D+00  1.28945844820391100D-10 -8.40702939858304400D-05
 4  9  0.00000000000000000D+00 -2.54020813910367000D-07  1.65616849314638700D-01  0.00000000000000000D+00  0.00000000000000000D+00
 4 10  0.00000000000000000D+00  0.00000000000000000D+00  0.00000000000000000D+00  4.10697943560849400D-09 -2.67767425344403000D-03
 5  1  0.00000000000000000D+00  0.00000000000000000D+00  0.00000000000000000D+00  2.48104237386115800D-03  3.80538819464123400D-09
 5  2  0.00000000000000000D+00  6.43309281780180700D-03  9.86698806626204700D-09  0.00000000000000000D+00  0.00000000000000000D+00
 5  3  0.00000000000000000D+00  0.00000000000000000D+00  0.00000000000000000D+00 -5.32357222639041500D-03 -8.16522109712068400D-09
 5  4  0.00000000000000000D+00  2.55570249607862100D-03  3.91990084937452800D-09  0.00000000000000000D+00  0.00000000000000000D+00
 5  5  0.00000000000000000D+00  0.00000000000000000D+00  0.00000000000000000D+00  9.28561111531304000D-03  1.42421410526241700D-08
 5  6  0.00000000000000000D+00  0.00000000000000000D+00  0.00000000000000000D+00  6.27254465768544400D-01  9.62074153851499600D-07
 5  7  0.00000000000000000D+00  4.43611310676088200D-01  6.80404843093862200D-07  0.00000000000000000D+00  0.00000000000000000D+00
 5  8  0.00000000000000000D+00  0.00000000000000000D+00  0.00000000000000000D+00 -8.40702939858003800D-05 -1.28945844713027500D-10
 5  9  0.00000000000000000D+00  1.65616849314640300D-01  2.54020814275164500D-07  0.00000000000000000D+00  0.00000000000000000D+00
 5 10  0.00000000000000000D+00  0.00000000000000000D+00  0.00000000000000000D+00 -2.67767425344415500D-03 -4.10697943562145900D-09
 6  1  4.26662654374017900D-03 -1.20302276243790800D-01 -2.59785298120931800D-02  0.00000000000000000D+00  0.00000000000000000D+00
 6  2 -2.52992887757729400D-02  0.00000000000000000D+00  0.00000000000000000D+00 -1.66551276446800300D-02 -4.99369571244684000D-03
 6  3 -4.99369571246777400D-03  9.98739142491462400D-03  0.00000000000000000D+00  0.00000000000000000D+00  0.00000000000000000D+00
 6  4 -2.19231354871131800D-03  0.00000000000000000D+00  0.00000000000000000D+00  4.33673274115316900D-03  1.03466631097648700D-02
 6  5  1.03466631098497000D-02 -2.06933262196146200D-02  0.00000000000000000D+00  0.00000000000000000D+00  0.00000000000000000D+00
 6  6  1.30261407259116600D-04  5.10843230609298200D-03  1.16721023733397200D-02  0.00000000000000000D+00  0.00000000000000000D+00
 6  7  6.13886159035060100D-01  0.00000000000000000D+00  0.00000000000000000D+00  4.34117406943865800D-01  5.93655645980911600D-05
 6  8  5.93655646023686000D-05 -1.18731129200191300D-04  0.00000000000000000D+00  0.00000000000000000D+00  0.00000000000000000D+00
 6  9 -1.33317371517205300D-02  0.00000000000000000D+00  0.00000000000000000D+00  1.68654225696853100D-01  1.60598884951879200D-03
 6 10  1.60598884952247900D-03 -3.21197769904127200D-03  0.00000000000000000D+00  0.00000000000000000D+00  0.00000000000000000D+00
 7  1  4.46873381581325300D-03  5.42366006305991500D-01 -3.58497455625902400D-02  0.00000000000000000D+00  0.00000000000000000D+00
 7  2  1.26132397056192700D-01  0.00000000000000000D+00  0.00000000000000000D+00 -2.74065352506970300D-02 -1.98201182705592400D-02
 7  3 -1.98201182705628500D-02  3.96402365411219200D-02  0.00000000000000000D+00  0.00000000000000000D+00  0.00000000000000000D+00
 7  4  2.36547209952558300D-02  0.00000000000000000D+00  0.00000000000000000D+00  1.15990925670571400D-02  1.34419079748669400D-02
 7  5  1.34419079746246300D-02 -2.68838159494918500D-02  0.00000000000000000D+00  0.00000000000000000D+00  0.00000000000000000D+00
 7  6  2.16469467369250500D-03 -9.16805570900056300D-03 -5.50139131900875500D-02  0.00000000000000000D+00  0.00000000000000000D+00
 7  7  2.48223565993567700D-01  0.00000000000000000D+00  0.00000000000000000D+00  3.91665338437799200D-01 -3.34200438624804900D-05
 7  8 -3.34200438633033000D-05  6.68400877255105800D-05  0.00000000000000000D+00  0.00000000000000000D+00  0.00000000000000000D+00
 7  9  7.89131247555200900D-02  0.00000000000000000D+00  0.00000000000000000D+00 -8.54725030880774700D-01  8.90131935098392600D-04
 7 10  8.90131935091814700D-04 -1.78026387019020700D-03  0.00000000000000000D+00  0.00000000000000000D+00  0.00000000000000000D+00
 8  1  0.00000000000000000D+00  0.00000000000000000D+00  0.00000000000000000D+00  2.49683203898804600D-02  5.91811344908947700D-03
 8  2  0.00000000000000000D+00  1.44889363612767900D-02  3.43423857927583100D-03  0.00000000000000000D+00  0.00000000000000000D+00
 8  3  0.00000000000000000D+00  0.00000000000000000D+00  0.00000000000000000D+00  5.72515478457913400D-03  1.35700419570128300D-03
 8  4  0.00000000000000000D+00  5.31647181567039900D-03  1.26013615904940400D-03  0.00000000000000000D+00  0.00000000000000000D+00
 8  5  0.00000000000000000D+00  0.00000000000000000D+00  0.00000000000000000D+00  8.41783384763039600D-03  1.99523616038194100D-03
 8  6  0.00000000000000000D+00  0.00000000000000000D+00  0.00000000000000000D+00 -2.09950436874434100D-01 -4.97634796697066000D-02
 8  7  0.00000000000000000D+00 -4.31611981598299700D-01 -1.02302783415089600D-01  0.00000000000000000D+00  0.00000000000000000D+00
 8  8  0.00000000000000000D+00  0.00000000000000000D+00  0.00000000000000000D+00  3.93500919379153900D-04  9.32695130006359000D-05
 8  9  0.00000000000000000D+00  1.10093477166364100D+00  2.60948945584346600D-01  0.00000000000000000D+00  0.00000000000000000D+00
 8 10  0.00000000000000000D+00  0.00000000000000000D+00  0.00000000000000000D+00 -1.29638286026507200D-03 -3.07275007717826500D-04
 9  1  0.00000000000000000D+00  0.00000000000000000D+00  0.00000000000000000D+00 -5.91811344908791500D-03  2.49683203898846300D-02
 9  2  0.00000000000000000D+00 -3.43423857927672600D-03  1.44889363612783500D-02  0.00000000000000000D+00  0.00000000000000000D+00
 9  3  0.00000000000000000D+00  0.00000000000000000D+00  0.00000000000000000D+00 -1.35700419569734200D-03  5.72515478456070400D-03
 9  4  0.00000000000000000D+00 -1.26013615904943100D-03  5.31647181567141400D-03  0.00000000000000000D+00  0.00000000000000000D+00
 9  5  0.00000000000000000D+00  0.00000000000000000D+00  0.00000000000000000D+00 -1.99523616038549400D-03  8.41783384764793800D-03
 9  6  0.00000000000000000D+00  0.00000000000000000D+00  0.00000000000000000D+00  4.97634796697064700D-02 -2.09950436874433400D-01
 9  7  0.00000000000000000D+00  1.02302783415089800D-01 -4.31611981598297900D-01  0.00000000000000000D+00  0.00000000000000000D+00
 9  8  0.00000000000000000D+00  0.00000000000000000D+00  0.00000000000000000D+00 -9.32695130005702400D-05  3.93500919379432800D-04
 9  9  0.00000000000000000D+00 -2.60948945584346900D-01  1.10093477166363900D+00  0.00000000000000000D+00  0.00000000000000000D+00
 9 10  0.00000000000000000D+00  0.00000000000000000D+00  0.00000000000000000D+00  3.07275007717852400D-04 -1.29638286026500500D-03
10  1 -9.68015265347460500D-03 -7.38410896660202100D-03  2.21217717717390200D-02  0.00000000000000000D+00  0.00000000000000000D+00
10  2 -7.31694337482770600D-02  0.00000000000000000D+00  0.00000000000000000D+00  1.38303550342600300D-01  6.44136438174115500D-02
10  3  6.44136438175060800D-02 -1.28827287634917600D-01  0.00000000000000000D+00  0.00000000000000000D+00  0.00000000000000000D+00
10  4  8.88975134794177400D-02  0.00000000000000000D+00  0.00000000000000000D+00  4.60237744431741900D-02 -8.00136176968121400D-02
10  5 -8.00136176968965200D-02  1.60027235393708200D-01  0.00000000000000000D+00  0.00000000000000000D+00  0.00000000000000000D+00
10  6 -5.67399081490956400D-02  5.91375953289051300D-02  9.09833158951578100D-01  0.00000000000000000D+00  0.00000000000000000D+00
10  7 -6.17048615753401600D-04  0.00000000000000000D+00  0.00000000000000000D+00  1.87800809122576900D-02  3.63912027773479500D-05
10  8  3.63912027696389300D-05 -7.27824055469982700D-05  0.00000000000000000D+00  0.00000000000000000D+00  0.00000000000000000D+00
10  9 -1.48361869090183700D+00  0.00000000000000000D+00  0.00000000000000000D+00 -2.66836645913513000D-02 -7.14243441246326400D-04
10 10 -7.14243441248761000D-04  1.42848688249508500D-03  0.00000000000000000D+00  0.00000000000000000D+00  0.00000000000000000D+00
11  1 -1.17857427383929300D-01  8.34525615072527200D-02  7.66922584148201000D-01  0.00000000000000000D+00  0.00000000000000000D+00
11  2 -2.46845784358729200D-02  0.00000000000000000D+00  0.00000000000000000D+00  4.95275175727783500D-01  1.99908496274015700D-01
11  3  1.99908496274218900D-01 -3.99816992548234300D-01  0.00000000000000000D+00  0.00000000000000000D+00  0.00000000000000000D+00
11  4 -7.67281536020980300D-02  0.00000000000000000D+00  0.00000000000000000D+00 -1.59424059866492200D-01 -2.91657810818434900D-01
11  5 -2.91657810818917000D-01  5.83315621637352300D-01  0.00000000000000000D+00  0.00000000000000000D+00  0.00000000000000000D+00
11  6 -4.68117042289899200D-03 -1.73047559619325000D-03  6.82312261778110800D-02  0.00000000000000000D+00  0.00000000000000000D+00
11  7 -6.67033748530488600D-02  0.00000000000000000D+00  0.00000000000000000D+00 -2.60563281405471100D-01 -2.41455482159561500D-04
11  8 -2.41455482157775000D-04  4.82910964317230000D-04  0.00000000000000000D+00  0.00000000000000000D+00  0.00000000000000000D+00
11  9 -1.60705802537523300D-01  0.00000000000000000D+00  0.00000000000000000D+00  9.28184248836887100D-01 -5.76175253963260500D-04
11 10 -5.76175253956119200D-04  1.15235050791938100D-03  0.00000000000000000D+00  0.00000000000000000D+00  0.00000000000000000D+00
12  1 -4.13516596694094400D-11 -2.23539801563279500D-10  2.83220609581379700D-10  1.26814137132822600D-01 -1.31954424530397500D-03
12  2  4.40177506495408900D-11 -7.70770713957478600D-01  8.02013152185900200D-03 -6.87868915066024500D-11  1.60916263981511200D-11
12  3 -2.30893353808936000D-11  0.00000000000000000D+00  0.00000000000000000D+00  9.20482710720904400D-01 -9.57793577943271900D-03
12  4 -6.70155331085079500D-11 -2.52371219486269600D-01  2.62600839631854500D-03  3.44154843185574400D-11  0.00000000000000000D+00
12  5  2.62989171924276900D-11 -2.00597637858627800D-11  0.00000000000000000D+00 -1.27939800853425100D+00  1.33125715683387600D-02
12  6  0.00000000000000000D+00  0.00000000000000000D+00  0.00000000000000000D+00 -1.17077458416141000D-02  1.21823078783174600D-04
12  7  0.00000000000000000D+00 -5.35059485091694000D-02  5.56747598404245200D-04  0.00000000000000000D+00  0.00000000000000000D+00
12  8  0.00000000000000000D+00  0.00000000000000000D+00  0.00000000000000000D+00  2.12133480876488500D-04 -2.20732104281563200D-06
12  9  0.00000000000000000D+00  1.95263589978518100D-01 -2.03178408765653900D-03  0.00000000000000000D+00  0.00000000000000000D+00
12 10  0.00000000000000000D+00  0.00000000000000000D+00  0.00000000000000000D+00  5.23203598705231300D-04 -5.44411145350835300D-06
13  1  0.00000000000000000D+00  0.00000000000000000D+00 -1.19886424336848300D-11 -1.31954424286682800D-03 -1.26814137130159600D-01
13  2  0.00000000000000000D+00  8.02013151619306900D-03  7.70770713954546200D-01  0.00000000000000000D+00  0.00000000000000000D+00
13  3  0.00000000000000000D+00  0.00000000000000000D+00  0.00000000000000000D+00 -9.57793578295148900D-03 -9.20482710698522900D-01
13  4  0.00000000000000000D+00  2.62600840217148200D-03  2.52371219491794800D-01  0.00000000000000000D+00  0.00000000000000000D+00
13  5  0.00000000000000000D+00  0.00000000000000000D+00  0.00000000000000000D+00  1.33125715686844000D-02  1.27939800851450600D+00
13  6  0.00000000000000000D+00  0.00000000000000000D+00  0.00000000000000000D+00  1.21823078784708200D-04  1.17077458415896500D-02
13  7  0.00000000000000000D+00  5.56747598436430200D-04  5.35059485092094400D-02  0.00000000000000000D+00  0.00000000000000000D+00
13  8  0.00000000000000000D+00  0.00000000000000000D+00  0.00000000000000000D+00 -2.20732104166543200D-06 -2.12133480878864700D-04
13  9  0.00000000000000000D+00 -2.03178408780267100D-03 -1.95263589978568000D-01  0.00000000000000000D+00  0.00000000000000000D+00
13 10  0.00000000000000000D+00  0.00000000000000000D+00  0.00000000000000000D+00 -5.44411145770421500D-06 -5.23203598679480500D-04
14  1 -2.93437048359532000D-01 -1.86804463709943700D+00  2.05613841219692600D+00  0.00000000000000000D+00  0.00000000000000000D+00
14  2 -9.45317656220447700D-02  0.00000000000000000D+00  0.00000000000000000D+00  7.13358239207465100D-01  7.38615111889324400D-01
14  3  7.38615111886550700D-01 -1.47723022377587400D+00  0.00000000000000000D+00  0.00000000000000000D+00  2.80953547279537700D-11
14  4 -5.87868046382279000D-01  0.00000000000000000D+00  0.00000000000000000D+00 -3.02134666740117700D-01 -9.53855581138992400D-01
14  5 -9.53855581136257500D-01  1.90771116227525100D+00  0.00000000000000000D+00  0.00000000000000000D+00 -2.01137500129781200D-11
14  6 -3.82913528293484500D-03  8.99584205970730200D-04  7.06735214758061900D-02  0.00000000000000000D+00  0.00000000000000000D+00
14  7 -5.11306612937245700D-05  0.00000000000000000D+00  0.00000000000000000D+00 -4.71920430484625600D-02 -2.78632862758659100D-04
14  8 -2.78632862774715600D-04  5.57265725534209800D-04  0.00000000000000000D+00  0.00000000000000000D+00  0.00000000000000000D+00
14  9 -1.51315905609939600D-01  0.00000000000000000D+00  0.00000000000000000D+00  2.52061758961789800D-01 -1.51731751802162800D-03
14 10 -1.51731751801173600D-03  3.03463503603336300D-03  0.00000000000000000D+00  0.00000000000000000D+00  0.00000000000000000D+00
15  1 -1.14057850096023600D-10 -6.75995813968351100D-10  6.98557516976524000D-10 -4.06982841756384700D-01 -3.26763599771607500D-01
15  2 -3.36893824238631900D-11  7.56826786599660700D-01  6.07650789752987300D-01 -7.07656251725082500D-11 -5.46578035594558000D-10
15  3  4.34682223271447100D-10  1.11895812323161700D-10 -3.94642307757697000D-10 -6.97548317926995700D-01 -5.60056532882869100D-01
15  4  0.00000000000000000D+00 -8.58514876541725100D-01 -6.89295426602597200D-01  2.29291318270505000D-10  4.33760382931796600D-10
15  5 -3.86150212435446000D-10 -4.76101704963906500D-11  3.29748184251086800D-10  8.72765953655783000D-01  7.00737513856094800D-01
15  6  0.00000000000000000D+00  0.00000000000000000D+00  2.50799845608224800D-11  9.65990008867920200D-04  7.75586437990638500D-04
15  7  0.00000000000000000D+00 -5.01328330298329200D-03 -4.02512914726835300D-03  0.00000000000000000D+00  0.00000000000000000D+00
15  8  0.00000000000000000D+00  0.00000000000000000D+00  0.00000000000000000D+00 -1.24757363650214600D-05 -1.00166791292402300D-05
15  9 -6.46024853163048100D-11  1.64639995258545900D-02  1.32188269388493900D-02  0.00000000000000000D+00  0.00000000000000000D+00
15 10  0.00000000000000000D+00  0.00000000000000000D+00  0.00000000000000000D+00 -7.67448738493256900D-04 -6.16179078338886700D-04
16  1  2.83251289937146700D-10  8.59592607627930000D-10 -2.82909721323130900D-09  3.26763599727703600D-01 -4.06982841856515700D-01
16  2 -1.08525459046730100D-09 -6.07650789686862600D-01  7.56826786853635500D-01  1.17267163928283300D-09  1.03124929042189900D-09
16  3 -3.88725891442651500D-10 -6.42523398979345600D-10 -6.60029456294341600D-10  5.60056533000747600D-01 -6.97548317278021500D-01
16  4  2.52714402633478300D-09  6.89295426586672600D-01 -8.58514876657183300D-01  1.47424630618106600D-09 -1.08666056616221500D-09
16  5  3.52694746449557600D-10  7.33965819712769800D-10  1.06248491124324600D-09 -7.00737513939175600D-01  8.72765953131991300D-01
16  6 -3.18439985821668300D-11 -4.13480974877968300D-11  3.25364441948427800D-10 -7.75586438032511300D-04  9.65990008174082800D-04
16  7  0.00000000000000000D+00  4.02512914772551500D-03 -5.01328330306987500D-03 -2.15727506413841200D-11  0.00000000000000000D+00
16  8  0.00000000000000000D+00  0.00000000000000000D+00  0.00000000000000000D+00  1.00166791050944100D-05 -1.24757364825063400D-05
16  9 -8.73637394236900600D-10 -1.32188269400421400D-02  1.64639995290061000D-02  1.49949724915668200D-10  0.00000000000000000D+00
16 10  0.00000000000000000D+00  0.00000000000000000D+00  0.00000000000000000D+00  6.16179078489513000D-04 -7.67448737669034100D-04
17  1 -1.20255130983060400D-01 -3.37030391730538900D-01  1.24202231903408900D+00  7.20917600164488600D-10 -9.20901548856063800D-10
17  2  5.23984490542089800D-01 -1.03845036169601500D-09  1.73861548674260800D-09 -5.56193919945546100D-01 -1.59436644654513000D-01
17  3 -1.59436647669273500D-01  3.18873292323786800D-01  8.29148571216640100D-10  2.29298542280226000D-09 -1.51256162817995600D-09
17  4 -1.16802659867414600D+00  1.17499774103489400D-09 -1.97011373185015800D-09 -6.85417566054358700D-01  1.74169077950484500D-01
17  5  1.74169080483183400D-01 -3.48338158433667700D-01 -6.96419265372378100D-10 -2.21294818536053200D-09  1.93745460533106200D-09
17  6  1.48354488232610400D-02  1.92492107064471000D-02 -1.51761270415384000D-01  0.00000000000000000D+00  0.00000000000000000D+00
17  7  1.09959019332025000D-03  0.00000000000000000D+00 -1.13081380437134700D-11  1.02737621980706200D-02 -6.65891176421334600D-05
17  8 -6.65891176720773700D-05  1.33178235313940300D-04  0.00000000000000000D+00  0.00000000000000000D+00  0.00000000000000000D+00
17  9  4.07586810987325300D-01 -1.59588676860398300D-11  3.75428730934041500D-11 -7.15120947586464800D-02  5.72840420816823500D-04
17 10  5.72840421188925600D-04 -1.14568084200574700D-03  0.00000000000000000D+00  0.00000000000000000D+00  0.00000000000000000D+00
18  1  3.49963309626923100D-10  1.82759208626286700D-09 -2.30700890812574300D-09  1.64707097793309100D+00 -6.44726605504476900D-01
18  2  2.70181299793414100D-09 -1.31400144628851300D+00  5.14350446623906800D-01 -2.63947661997533000D-09  5.81697382085487900D-09
18  3 -5.53298388900181700D-09 -2.83989931853691300D-10  3.57087498807369900D-09  9.25696659560502500D-01 -3.62353091027753700D-01
18  4  3.67233854932552000D-10 -5.97080249342857900D-02  2.33720051677685700D-02  1.19281152503784700D-09 -5.09923330847486100D-09
18  5  4.85433244393206800D-09  2.44900864543357800D-10 -3.13152761212427500D-09 -5.23702651964912500D-01  2.04997255111486200D-01
18  6  0.00000000000000000D+00  0.00000000000000000D+00  2.50547939071923700D-11 -6.60310828529200900D-04  2.58470921794276600D-04
18  7  0.00000000000000000D+00 -5.03421126498584900D-03  1.97058291939118000D-03  3.13183506512784800D-11  0.00000000000000000D+00
18  8  0.00000000000000000D+00  0.00000000000000000D+00  0.00000000000000000D+00  3.52372857807243900D-05 -1.37932224609188800D-05
18  9 -5.54238386640775900D-11  2.92696486852468100D-02 -1.14572604659790000D-02 -1.88207416639214600D-10  0.00000000000000000D+00
18 10  0.00000000000000000D+00  0.00000000000000000D+00  0.00000000000000000D+00  6.27683649429856400D-04 -2.45699394975602600D-04
19  1 -9.10139882321334700D-10 -5.06740334643851900D-09  6.00167851184064600D-09  6.44726603136697900D-01  1.64707097961049900D+00
19  2 -1.54436553085991600D-09 -5.14350443746948500D-01 -1.31400144837425400D+00  2.07715777679496700D-09  5.58773888966495800D-09
19  3 -3.66503887746770400D-09 -1.92270001219776500D-09  4.47744215349697800D-09  3.62353094546915000D-01  9.25696657051743800D-01
19  4 -9.42272195663898100D-10 -2.33720058799334900D-02 -5.97080243995270800D-02 -5.26132158676911900D-10 -4.04014088457722500D-09
19  5  4.07627272954168700D-09 -3.61318449639992500D-11 -3.92252711134555900D-09 -2.04997257860097900D-01 -5.23702649966128800D-01
19  6  0.00000000000000000D+00  0.00000000000000000D+00  5.22768349815994800D-11 -2.58470925774342800D-04 -6.60310825664908700D-04
19  7  0.00000000000000000D+00 -1.97058291614014800D-03 -5.03421126721469200D-03 -3.78723397648270500D-11  0.00000000000000000D+00
19  8  0.00000000000000000D+00  0.00000000000000000D+00  0.00000000000000000D+00  1.37932216811014600D-05  3.52372863466634000D-05
19  9 -1.57074089413129800D-10  1.14572604633783600D-02  2.92696486868002100D-02  2.63542159073455600D-10  0.00000000000000000D+00
19 10  0.00000000000000000D+00  0.00000000000000000D+00  0.00000000000000000D+00  2.45699399709789200D-04  6.27683646015107300D-04
20  1 -2.76528275806210500D-01 -1.54636932675319900D+00  1.78086953371291600D+00  1.12783644857929400D-09 -4.87703841856673300D-09
20  2 -1.73569972775651700D+00 -1.05736848692807000D-09  4.37485409179130200D-09  2.01939755502573300D+00  4.62314155235439400D-02
20  3  4.62314170201429300D-02 -9.24628325436864200D-02  3.98015105533604800D-09  1.98649622129921000D-10 -3.73798922941892800D-10
20  4 -1.91194331790157000D-01  7.01247726668852800D-11 -2.01688858180553500D-10 -6.91800833886368100D-01  1.49958220955026400D-01
20  5  1.49958219735103000D-01 -2.99916440690128800D-01 -3.31450370290403000D-09  2.42445664422264600D-11 -1.79649341056193300D-10
20  6 -1.87602774404347100D-03 -3.05917716321764000D-03  2.00857833100565900D-02  0.00000000000000000D+00  0.00000000000000000D+00
20  7  1.95180611765470200D-03  0.00000000000000000D+00  1.30238696498603700D-11 -2.58246144837444400D-02 -3.46210452327568500D-04
20  8 -3.46210452306620500D-04  6.92420904634951100D-04  0.00000000000000000D+00  0.00000000000000000D+00  0.00000000000000000D+00
20  9 -6.51789950993315900D-02  1.63182548699007800D-11 -6.77219129704193100D-11  1.64382728677380100D-01  1.03464801250276600D-03
20 10  1.03464801232427000D-03 -2.06929602482703500D-03  0.00000000000000000D+00  0.00000000000000000D+00  0.00000000000000000D+00
21  1 -6.10397670641656400D-08 -3.34682674329966800D-07  4.14768580139502400D-07 -3.13143809690928000D-08 -9.66045745413590100D-09
21  2  7.36120360455336700D-08  4.59704828317639400D-08  1.39822005334137900D-08 -9.80515029519240300D-08  1.53941451743540300D+00
21  3 -1.53941453276733200D+00  1.53316283975061000D-08  7.46826822080904100D-05  4.60113095307109600D-08  1.44337879035026600D-08
21  4 -9.12221437275153000D-08 -1.28699985896461900D-08 -3.67786788147444100D-09  5.15591980823344400D-08 -2.02543037198731300D+00
21  5  2.02543041323617600D+00 -4.12484191748653300D-08 -9.82487860884947000D-05 -4.57060497048099700D-08 -1.42989074373251600D-08
21  6  3.65716197171173400D-11  4.17903897068652300D-11 -4.74619978635978800D-10 -6.09190965514755000D-11 -1.90623785720621900D-11
21  7 -1.24109316428892000D-10  3.83299410112104700D-11  1.36699666907629300D-11  6.80224514458716900D-10  2.36487513861587100D-05
21  8 -2.36487542103268100D-05  0.00000000000000000D+00  1.14724977729215400D-09 -1.23759093735695100D-11  0.00000000000000000D+00
21  9  2.18689412019888300D-09 -4.26277563507010700D-11 -1.94451356904856100D-11 -2.86869599316838000D-09 -2.38074709925259400D-04
21 10  2.38074710450816800D-04  0.00000000000000000D+00 -1.15491408527022800D-08  7.12667571059330300D-11  2.21880751793992000D-11
22  1  1.22214545329884100D-07  6.66334441586673400D-07 -8.27943632567309700D-07 -1.90928211975917100D-08 -1.12465253333345200D-08
22  2 -1.13909571117350800D-07  2.72508163559146700D-08  1.61444996369019700D-08  1.89616857865704000D-07 -6.46364419866736800D-05
22  3  6.46634377442353600D-05 -2.69957575490726900D-08  1.77755412419975900D+00  2.83945722560655500D-08  1.56899998539250500D-08
22  4  1.76884897665891300D-07 -7.08283106568750100D-09 -4.68659051900330300D-09 -1.03118375905892600D-07  8.50429804952408000D-05
22  5 -8.51006216889415600D-05  5.76411936821064000D-08 -2.33876105684651000D+00 -2.77451947422679900D-08 -1.51578909078977700D-08
22  6 -1.08489714774754000D-10 -1.58226983749238500D-10  1.12577999995490800D-09 -3.71705412197962200D-11 -2.04615801310736500D-11
22  7  2.69518465584015100D-10  2.73662988668433500D-11  1.20101688699490400D-11 -1.30272268776198100D-09 -9.91239531042285000D-10
22  8  9.95155955000735500D-10  0.00000000000000000D+00  2.73071161250062500D-05  0.00000000000000000D+00  0.00000000000000000D+00
22  9 -4.99414210690943400D-09 -3.94439158849370400D-11 -1.07466291827379800D-11  5.75241675670561000D-09  1.00114579262389300D-08
22 10 -9.98644189642889400D-09 -2.50160298810196000D-11 -2.74904071885562700D-04  4.32946978708054600D-11  2.41283981660606800D-11
23  1 -2.15178067521490700D-08 -1.19290978188251900D-07  1.46716037976951300D-07 -6.99471533225907600D-01 -1.88896680936507700D-01
23  2  3.64351832774267900D-08  1.42939631278115200D+00  3.86017451639891200D-01 -3.68112801713024900D-08 -1.64607172952174700D-08
23  3  1.00073355233179500D-08  6.45338177190623500D-09 -9.61376294215197700D-09  1.40859864862821900D+00  3.80400912061279500D-01
23  4 -3.32972950312467100D-08 -5.16454033862134400D-01 -1.39471655272004900D-01  1.76760458277036900D-08  4.97318498716522600D-08
23  5 -2.76946969729980300D-08 -2.20371528986672100D-08  2.81012355815944100D-08 -1.65389203879983200D+00 -4.46643932307220200D-01
23  6  0.00000000000000000D+00  0.00000000000000000D+00 -1.39245176314166300D-10 -2.06260962416718300D-03 -5.57020683344448800D-04
23  7 -3.70954998262113000D-11  1.84935974831657000D-04  4.99431230247537900D-05  2.54344904308478000D-10  0.00000000000000000D+00
23  8  0.00000000000000000D+00  0.00000000000000000D+00  0.00000000000000000D+00 -4.18324695321048300D-04 -1.12971211259542200D-04
23  9  6.51021527448252200D-10  2.70752490040354600D-03  7.31184098941226000D-04 -9.96590749887293700D-10  0.00000000000000000D+00
23 10  0.00000000000000000D+00  0.00000000000000000D+00  0.00000000000000000D+00  2.38694772322357800D-03  6.44610224012711200D-04
24  1  4.35475500689270100D-08  2.39473295669859800D-07 -2.95246180065849700D-07 -1.88896676388670400D-01  6.99471518992475200D-01
24  2 -5.76039462745268500D-08  3.86017448607883400D-01 -1.42939630323911900D+00  7.38356592676890500D-08  5.71555644591581600D-09
24  3  4.83309258682501000D-09 -1.05486490327411500D-08  2.49856772040818700D-09  3.80400907946602300D-01 -1.40859863605393200D+00
24  4  6.35214408293928800D-08 -1.39471655478275600D-01  5.16454034453280300D-01 -3.61924964917454600D-08 -1.62785815816951700D-08
24  5 -1.36964673009346800D-08  2.99750488826302600D-08 -7.30090118594310000D-09 -4.46643930876778900D-01  1.65389203448943700D+00
24  6 -3.43837952693915400D-11 -4.15345436575070900D-11  4.22548552222485600D-10 -5.57020680038900300D-04  2.06260961411391200D-03
24  7  8.97986348925825700D-11  4.99431115026267900D-05 -1.84935938904520800D-04 -5.08644155577521100D-10  0.00000000000000000D+00
24  8  0.00000000000000000D+00  0.00000000000000000D+00  0.00000000000000000D+00 -1.12971210656089400D-04  4.18324693451593800D-04
24  9 -1.79284539996922300D-09  7.31184133270057500D-04 -2.70752500884224900D-03  2.19874210651015600D-09  0.00000000000000000D+00
24 10  0.00000000000000000D+00  0.00000000000000000D+00  0.00000000000000000D+00  6.44610219978019700D-04 -2.38694771086984400D-03
25  1 -1.26997071455190700D-01 -8.84693877234898000D-01  8.63181152304866000D-01 -9.18406316877281100D-10  1.10366248633702700D-08
25  2  6.19245739782652700D-01 -9.37188914207038800D-09 -2.54166749950075100D-08  1.83401920554595700D-01 -7.86529043579836300D-01
25  3 -7.86529015760376300D-01  1.57305805934021300D+00  9.59181605014955400D-08 -5.36234566733789600D-09 -2.34819874442401300D-08
25  4 -1.89847667253660000D-01  5.74412050512598800D-09  9.78070621301573200D-09 -1.71356512112080100D-01  7.88415622746962300D-01
25  5  7.88415561439716500D-01 -1.57683118418667900D+00 -6.95202586117969300D-08  1.34732277176581900D-08  2.97339232273770400D-08
25  6 -1.81436725255650300D-03 -4.83955471450544900D-03  1.59793568712171500D-03  1.38026290444675200D-11  3.61856257104974900D-11
25  7  1.24241098795296200D-03  1.89763919901939500D-11  0.00000000000000000D+00 -3.17642183264813000D-04 -2.15582282251254300D-04
25  8 -2.15582281715631000D-04  4.31164563966795600D-04  0.00000000000000000D+00  0.00000000000000000D+00  0.00000000000000000D+00
25  9 -5.49488275009768500D-03 -8.09147416291104000D-11 -6.03253903403987600D-11  9.10344833152249000D-03  2.12491447443513000D-03
25 10  2.12491446862699600D-03 -4.24982894306212400D-03 -1.14188722041957000D-11 -1.56365483360690400D-11 -4.18609413869012800D-11
26  1 -5.62269099242689500D-01 -3.10221282701344400D+00  3.74712153578522600D+00 -1.00480338076518100D-07 -6.28694392973497700D-08
26  2  9.38769675721923000D-01  4.67631442021804800D-08 -3.28816367642518700D-08 -1.25126664574526000D+00  2.46873048207865800D-01
26  3  2.46872711934020200D-01 -4.93745760141884600D-01  9.05742011586259700D-07  1.14797016073814700D-07  3.63523133992217200D-08
26  4 -6.67753726853316900D-01  1.59259572471027000D-08  4.52281203023461500D-08  4.73642213129947400D-01 -2.53328356736517900D-02
26  5 -2.53328769030063500D-02  5.06657125766583200D-02 -7.08501370028608000D-07 -2.47582152748788600D-08  6.85319167644117600D-08
26  6  1.20647847808999800D-03  2.41036790584453600D-03 -7.29555975090745400D-03 -7.59858942437748100D-11  3.91903503008595000D-11
26  7 -1.60807425963609100D-03  2.84681063979751700D-10  2.76097910445343200D-10  6.91809338819802900D-03  8.57779872497917500D-05
26  8  8.57779836031257200D-05 -1.71555970851971300D-04  1.24029006183726700D-11 -1.06202504972291600D-11  1.28708581238441600D-11
26  9  2.82735558016516400D-02 -7.04007717651050000D-10 -8.63565135905437800D-10 -3.14469023835099700D-02 -8.61398832057776500D-04
26 10 -8.61398809171963000D-04  1.72279764122973800D-03 -1.10961831468762600D-10  9.19996908720315200D-11 -4.19135864911037900D-11
27  1 -1.69336204753323400D-01 -1.16909032294416300D+00  7.48278332716821400D-01  3.00896902046888700D-08  2.34929584962550600D-08
27  2  1.37306390932806900D-01 -1.40059922932149500D-08 -1.49539266641305800D-08 -3.18297795953258600D-01 -3.71477595145529400D-01
27  3 -3.71477510962204900D-01  7.42955106107734900D-01 -5.11958947039457700D-08 -3.25565538244267700D-08 -2.76777423625023100D-08
27  4  6.84488581038269500D-01 -4.73525954648676400D-09 -1.41870212410120100D-09 -3.33924868451495900D-01  1.04917921514030000D-01
27  5  1.04917875102976700D-01 -2.09835796617006600D-01 -2.86057885853804300D-09  6.34860624263134300D-09  1.03704570727587300D-08
27  6  2.83812759768684200D-04  7.59158644336333600D-05 -6.06207719041269900D-03  2.13219510548768500D-11  2.22156498905627800D-11
27  7 -2.52048340899566800D-04 -8.41502775650358400D-11 -5.94310415589791800D-11 -2.52312784376848600D-03 -3.46546825266744500D-05
27  8 -3.46546813976378300D-05  6.93093639247483000D-05  0.00000000000000000D+00  0.00000000000000000D+00  0.00000000000000000D+00
27  9  2.21028476030072100D-02  2.16285304971411800D-10  1.41934243377995900D-10  4.65712802837324500D-03  5.27220620370947300D-04
27 10  5.27220611216213500D-04 -1.05444123158716100D-03  0.00000000000000000D+00 -2.57223943296372500D-11 -2.64818936887891400D-11
28  1 -3.18137220280246300D-01 -1.53706639514204100D+00  2.42040741653615500D+00 -8.46328675885362200D-08 -7.33660198740716900D-08
28  2 -7.58696223925973100D-01  5.30847420642242200D-08  2.74540632704797400D-08  3.19945748416872700D-01 -5.14278510775110900D-01
28  3 -5.14278832584054000D-01  1.02855734335916600D+00  4.79106344010403000D-07  1.08015543589580100D-07  8.36328021862421800D-08
28  4 -1.08229333505246700D+00  5.50004657930260400D-09  1.52734988173227500D-08  4.80035175621353200D-01  2.80909172171377800D-01
28  5  2.80909272540949900D-01 -5.61818444712327300D-01 -3.49046978686420900D-07 -4.13039879989733400D-08 -1.10369601545334500D-08
28  6 -1.07379680141909400D-03 -2.57248469169963000D-03  3.01288574763726400D-03 -8.65244418346098300D-11 -4.97291072637278500D-11
28  7 -1.96739713384994800D-04  2.14940254826988200D-10  2.14756487731281100D-10  3.13833950474395900D-03 -1.74707774116887900D-04
28  8 -1.74707778074054300D-04  3.49415552191622900D-04  0.00000000000000000D+00 -1.35919033853072200D-11  0.00000000000000000D+00
28  9 -2.11945173348493400D-03 -4.69067602355741700D-10 -5.26782132102294300D-10 -1.18696087043276600D-02  1.28323046377595500D-03
28 10  1.28323049410342400D-03 -2.56646095787938100D-03 -5.71449492476890300D-11  1.02814055654308300D-10  5.99860098222615300D-11
29  1  1.06682664345215500D-07  5.57755257910884300D-07 -7.57610073535639100D-07 -9.59782186024044000D-01 -3.02288931273533400D-01
29  2 -4.83980761617566200D-08  6.02658781114723500D-01  1.89810856886105600D-01  1.25715842697334400D-07  4.90972355062507700D-07
29  3 -4.64964441246756100D-07 -2.60079138157697700D-08  3.95836450679009100D-07  1.20375130578216900D+00  3.79128411944902300D-01
29  4  2.35892806336736300D-07  6.15383985594639700D-02  1.93818731678702500D-02 -1.27888485984298400D-07 -2.65444421032432800D-07
29  5  2.07950127211562800D-07  5.74942938208391000D-08 -1.96024473240365500D-07 -4.56562669052533800D-01 -1.43797044561347700D-01
29  6 -3.23543829056747700D-11 -2.46684173768365900D-11  4.96509249523243500D-10 -9.65288342980964700D-04 -3.04023127691340600D-04
29  7  2.24307722515375400D-10  2.42180814629336400D-03  7.62762433723474000D-04 -1.38631805181977300D-09  1.33572141696071200D-11
29  8  0.00000000000000000D+00 -1.44823117047136500D-11  0.00000000000000000D+00 -1.52063779765124200D-04 -4.78933639760880000D-05
29  9 -2.94693195717701000D-09 -5.37334899146985100D-03 -1.69236723310151000D-03  5.73300744564082300D-09 -6.51607349927882100D-11
29 10  3.54189746440180000D-11  2.97417603484436600D-11 -4.16482834742808000D-11  1.14525944846190800D-03  3.60706064696208400D-04
30  1 -5.75572615252210200D-08 -3.02365485472254200D-07  4.05084985557294000D-07 -3.02288932732605300D-01  9.59782191435478800D-01
30  2  2.26012748304428200D-08  1.89810860925301300D-01 -6.02658795691882300D-01 -6.84215172176665400D-08 -9.15339602003786100D-09
30  3 -4.33276970815004300D-09  1.34861657281881400D-08 -8.75314999359538300D-08  3.79128417101996400D-01 -1.20375132425699900D+00
30  4 -1.18746751310909100D-07  1.93818714460478100D-02 -6.15383925013375100D-02  6.56748006456920500D-08  1.40797696473654700D-08
30  5  1.16925956914053300D-08 -2.57723653387706200D-08  4.33469409108856500D-08 -1.43797050327854000D-01  4.56562689794769000D-01
30  6  2.17056262513993900D-11  2.62849197959175700D-11 -2.66490832516794000D-10 -3.04023134891119600D-04  9.65288368888164700D-04
30  7 -1.25259470408599100D-10  7.62762431818650400D-04 -2.42180814067923000D-03  6.98026772611970500D-10  0.00000000000000000D+00
30  8  0.00000000000000000D+00  0.00000000000000000D+00  0.00000000000000000D+00 -4.78933653426760300D-05  1.52063784672694200D-04
30  9  1.61850121550578900D-09 -1.69236720929767700D-03  5.37334891178042900D-03 -2.92563860865773200D-09  0.00000000000000000D+00
30 10  0.00000000000000000D+00  0.00000000000000000D+00  0.00000000000000000D+00  3.60706072940590300D-04 -1.14525947806765200D-03
31  1 -2.54908926863293100D-07 -1.35811479108054500D-06  1.77891860249430400D-06 -2.14733747981517800D-07 -1.22318888364750100D-07
31  2  1.87018217295776100D-07  1.44585124951439800D-07  8.23671568266140400D-08 -3.41286653141382800D-07 -2.73742279854306900D-02
31  3  2.73741654021916300D-02  6.25832402321693300D-08 -1.78006836941342400D+00  2.80259318523937900D-07  1.59408011800744700D-07
31  4 -4.90408184708004200D-07  8.19737741271304500D-09  4.56201712044734500D-09  2.68556145103554300D-07  1.42550065104190000D-02
31  5 -1.42548575938514300D-02 -1.48916566093646900D-07  9.26966420151556900D-01 -1.18452326413501100D-07 -6.71908861366369700D-08
31  6  1.14708715978462500D-10  1.16935906298408000D-10 -1.55896753907265500D-09 -2.34487203386204900D-10 -1.33227536789011600D-10
31  7 -5.28563058808207500D-10  5.25191632293661800D-10  2.98292695264403700D-10  3.09838061809433500D-09 -3.52477370581485400D-07
31  8  3.52451426768405500D-07  2.59438163331499000D-11 -2.29198096047873200D-05 -3.76327154040393700D-11 -2.14046992454226800D-11
31  9  8.02599464116301700D-09 -1.10304541326753200D-09 -6.25697551537901300D-10 -1.28966585638250400D-08  2.92232605155439500D-06
31 10 -2.92228284884197900D-06 -4.32026952037516800D-11  1.90029839992323700D-04  2.77181757620704100D-10  1.57564559103851200D-10
32  1  1.45178528840166700D-07  7.68587425178364200D-07 -1.01608966046051900D-06  3.10335400201077900D-07  9.83919724438242900D-08
32  2 -8.54103133866616000D-08 -2.10824114963735000D-07 -6.66731683964264900D-08  1.89427077393759900D-07  1.54157696163447400D+00
32  3 -1.54157692805316700D+00 -3.35813714756853700D-08 -3.16091847861918900D-02 -4.06604498089925300D-07 -1.28648218118541800D-07
32  4  2.86216112009784600D-07 -1.07438057237119400D-08 -3.42747152871927600D-09 -1.58815014725927700D-07 -8.02766658035891400D-01
32  5  8.02766586136082900D-01  7.18997258606983300D-08  1.64604212884875300D-02  1.73960063680712300D-07  5.47168159974810800D-08
32  6 -7.80315251742966700D-11 -9.59502417178893000D-11  9.34529784621589900D-10  3.41957066905299700D-10  1.07929115084023700D-10
32  7  3.14687313098987300D-10 -7.55385788350467700D-10 -2.39145644333462700D-10 -1.80071518609814500D-09  1.98490294684972500D-05
32  8 -1.98490153384215400D-05 -1.41302588958649600D-11 -4.06993674863871900D-07  5.50214487274353600D-11  1.73672688609202300D-11
32  9 -4.78014733444296800D-09  1.57607849883642200D-09  4.98981597326516700D-10  7.66345999053675100D-09 -1.64569517909060500D-04
32 10  1.64569505200069300D-04  1.27080219459900400D-11  3.37441515232510700D-06 -4.04044472397746000D-10 -1.27592283535566700D-10
 $END   
 POPULATION ANALYSIS
LI           2.06976   0.93024   2.07602   0.92398
F            9.93024  -0.93024   9.92398  -0.92398
 MOMENTS AT POINT    1 X,Y,Z=  0.000000  0.000000  7.590402
 DIPOLE       0.000000  0.000000-24.768676
