 $DATA
 LiF single-point properties R=8.00 Ang                                         
CNV      2

LI          3.0      0.0000000000      0.0000000000      0.0000000000
   S          9
     1      1469.0000000000  0.00076600
     2       220.5000000000  0.00589200
     3        50.2600000000  0.02967100
     4        14.2400000000  0.10918000
     5         4.5810000000  0.28278900
     6         1.5800000000  0.45312300
     7         0.5640000000  0.27477400
     8         0.0734500000  0.00975100
     9         0.0280500000 -0.00318000
   S          9
     1      1469.0000000000 -0.00012000
     2       220.5000000000 -0.00092300
     3        50.2600000000 -0.00468900
     4        14.2400000000 -0.01768200
     5         4.5810000000 -0.04890200
     6         1.5800000000 -0.09600900
     7         0.5640000000 -0.13638000
     8         0.0734500000  0.57510200
     9         0.0280500000  0.51766100
   S          1
     1         0.0280500000  1.00000000
   P          4
     1         1.5340000000  0.02278400
     2         0.2749000000  0.13910700
     3         0.0736200000  0.50037500
     4         0.0240300000  0.50847400
   P          1
     1         0.0240300000  1.00000000
   D          1
     1         0.1144000000  1.00000000
   S          1
     1         0.0086000000  1.00000000
   P          1
     1         0.0058000000  1.00000000
   D          1
     1         0.0733000000  1.00000000
           
F           9.0      0.0000000000      0.0000000000      8.0000000000
   S          8
     1     14710.0000000000  0.00072100
     2      2207.0000000000  0.00555300
     3       502.8000000000  0.02826700
     4       142.6000000000  0.10644400
     5        46.4700000000  0.28681400
     6        16.7000000000  0.44864100
     7         6.3560000000  0.26476100
     8         1.3160000000  0.01533300
   S          8
     1     14710.0000000000 -0.00016500
     2      2207.0000000000 -0.00130800
     3       502.8000000000 -0.00649500
     4       142.6000000000 -0.02669100
     5        46.4700000000 -0.07369000
     6        16.7000000000 -0.17077600
     7         6.3560000000 -0.11232700
     8         1.3160000000  0.56281400
   S          1
     1         0.3897000000  1.00000000
   P          3
     1        22.6700000000  0.04487800
     2         4.9770000000  0.23571800
     3         1.3470000000  0.50852100
   P          1
     1         0.3471000000  1.00000000
   D          1
     1         1.6400000000  1.00000000
   S          1
     1         0.0986300000  1.00000000
   P          1
     1         0.0850200000  1.00000000
   D          1
     1         0.4640000000  1.00000000
           
 $END      
--- RHF ORBITALS --- GENERATED AT  9:54:16  7-MAY-2026    
 LiF single-point properties R=8.00 Ang                                         
E(RHF)=     -106.7306187832, E(NUC)=    1.7859730860,   15 ITERS
 $VEC
 1  1  1.86991602942265200D-05  8.93220891012781900D-05 -1.52375660989978200D-04  0.00000000000000000D+00  0.00000000000000000D+00
 1  2  1.43049985570303300D-05  0.00000000000000000D+00  0.00000000000000000D+00 -4.69776261764604200D-05  2.30316608602248600D-06
 1  3  2.30316581907086700D-06 -4.60633190496506300D-06 -1.88741951048325200D-29  0.00000000000000000D+00  0.00000000000000000D+00
 1  4  8.73810126265635100D-05  0.00000000000000000D+00  0.00000000000000000D+00  9.56035526537328200D-05 -2.55344832762613200D-06
 1  5 -2.55344793453065100D-06  5.10689626207334500D-06  2.77929043152487200D-29  0.00000000000000000D+00  0.00000000000000000D+00
 1  6 -1.00068501636092200D+00 -5.11103668372390300D-04  3.37918719606787200D-03  0.00000000000000000D+00  0.00000000000000000D+00
 1  7  2.18221042393408100D-05  0.00000000000000000D+00  0.00000000000000000D+00 -1.27321155244629300D-05 -5.10583598383638400D-07
 1  8 -5.10894662635027800D-07  1.02147826096095700D-06 -2.19930764752286000D-26  0.00000000000000000D+00  0.00000000000000000D+00
 1  9 -1.11052365572060100D-03  0.00000000000000000D+00  0.00000000000000000D+00  1.42795675108995900D-05  6.35288293821556200D-08
 1 10  6.35602060725191200D-08 -1.27089035452628300D-07  2.21841612342755200D-27  0.00000000000000000D+00  0.00000000000000000D+00
 2  1  1.00008347600793100D+00 -1.08783154612454600D-03 -1.08016267893577100D-03  0.00000000000000000D+00  0.00000000000000000D+00
 2  2 -6.91720251770648700D-04  0.00000000000000000D+00  0.00000000000000000D+00  5.88499153327950300D-04  1.62932912387708800D-05
 2  3  1.62932909493733100D-05 -3.25865821881649900D-05 -2.04611839249892500D-29  0.00000000000000000D+00  0.00000000000000000D+00
 2  4  1.31337728901472600D-03  0.00000000000000000D+00  0.00000000000000000D+00 -5.72682587761065200D-05 -1.16383572712356100D-05
 2  5 -1.16383567191022100D-05  2.32767139903148400D-05  3.90373111607230300D-29  0.00000000000000000D+00  0.00000000000000000D+00
 2  6 -8.30868994173541900D-06 -1.50414542767151300D-05  4.98823334440148100D-05  0.00000000000000000D+00  0.00000000000000000D+00
 2  7  1.47135410925294700D-06  0.00000000000000000D+00  0.00000000000000000D+00 -7.91657936821525200D-06 -1.21896322829828500D-08
 2  8 -1.21896411412025900D-08  2.43792733351012900D-08 -6.26299882736845500D-31  0.00000000000000000D+00  0.00000000000000000D+00
 2  9 -8.68279615339707600D-05  0.00000000000000000D+00  0.00000000000000000D+00  2.97207253898610300D-05  6.99744660745665200D-08
 2 10  6.99743312152322600D-08 -1.39948797264679200D-07 -9.53491646322609800D-30  0.00000000000000000D+00  0.00000000000000000D+00
 3  1  1.27956399070197300D-04  5.94462285096408700D-04 -1.07136598228310000D-03  0.00000000000000000D+00  0.00000000000000000D+00
 3  2  4.67865107870385800D-05  0.00000000000000000D+00  0.00000000000000000D+00 -2.69628742635903300D-04  1.13649831002636900D-05
 3  3  1.13649067195359200D-05 -2.27298898197945200D-05 -5.40032221542339800D-27  0.00000000000000000D+00  0.00000000000000000D+00
 3  4  6.61155432826701600D-04  0.00000000000000000D+00  0.00000000000000000D+00  7.08017887303677200D-04 -1.08983809470429600D-05
 3  5 -1.08982627387425400D-05  2.17966436858670500D-05  8.35764373294361200D-27  0.00000000000000000D+00  0.00000000000000000D+00
 3  6  6.34798835629327200D-03 -4.90916207914402300D-01 -5.54495745017038000D-01  0.00000000000000000D+00  0.00000000000000000D+00
 3  7  4.49017115381971900D-04  0.00000000000000000D+00  0.00000000000000000D+00  1.07971826468677200D-03 -3.01420657786163000D-06
 3  8 -3.01580104364931900D-06  6.03000762153540000D-06 -1.12733005638369900D-25  0.00000000000000000D+00  0.00000000000000000D+00
 3  9 -5.63345382856112400D-02  0.00000000000000000D+00  0.00000000000000000D+00  6.49289214773609400D-04  5.25993865256110800D-05
 3 10  5.26023613010219000D-05 -1.05201747826640600D-04  2.10324596331506600D-25  0.00000000000000000D+00  0.00000000000000000D+00
 4  1  0.00000000000000000D+00  0.00000000000000000D+00  0.00000000000000000D+00  4.38033833334204300D-21  7.15387164155999200D-05
 4  2  0.00000000000000000D+00 -5.26121844559169900D-21 -8.59250554950952200D-05  0.00000000000000000D+00  0.00000000000000000D+00
 4  3  0.00000000000000000D+00  0.00000000000000000D+00  0.00000000000000000D+00  1.57589286962522700D-20  2.57371336463570500D-04
 4  4  0.00000000000000000D+00 -6.87634716865229000D-20 -1.12302980417977900D-03  0.00000000000000000D+00  0.00000000000000000D+00
 4  5  0.00000000000000000D+00  0.00000000000000000D+00  0.00000000000000000D+00 -2.20517001703443600D-20 -3.60143487766728500D-04
 4  6  0.00000000000000000D+00  0.00000000000000000D+00  0.00000000000000000D+00 -3.84993806191636800D-17 -6.28763365452010700D-01
 4  7  0.00000000000000000D+00 -2.74019236444635800D-17 -4.47522153693448500D-01  0.00000000000000000D+00  0.00000000000000000D+00
 4  8  0.00000000000000000D+00  0.00000000000000000D+00  0.00000000000000000D+00  2.27337677817881500D-21  3.71282865074625700D-05
 4  9  0.00000000000000000D+00 -9.60973201732310800D-18 -1.56944016945986700D-01  0.00000000000000000D+00  0.00000000000000000D+00
 4 10  0.00000000000000000D+00  0.00000000000000000D+00  0.00000000000000000D+00  7.95372023685271300D-20  1.29898398975747200D-03
 5  1  0.00000000000000000D+00  0.00000000000000000D+00  0.00000000000000000D+00  7.15303895325175600D-05 -4.37982847564553400D-21
 5  2  0.00000000000000000D+00 -8.59379922148878500D-05  5.26201056505448200D-21  0.00000000000000000D+00  0.00000000000000000D+00
 5  3  0.00000000000000000D+00  0.00000000000000000D+00  0.00000000000000000D+00  2.57374953984358500D-04 -1.57591501981993700D-20
 5  4  0.00000000000000000D+00 -1.12303996933871100D-03  6.87640941024336600D-20  0.00000000000000000D+00  0.00000000000000000D+00
 5  5  0.00000000000000000D+00  0.00000000000000000D+00  0.00000000000000000D+00 -3.60149782326932100D-04  2.20520855882653600D-20
 5  6  0.00000000000000000D+00  0.00000000000000000D+00  0.00000000000000000D+00 -6.28763310242135800D-01  3.84993772386455100D-17
 5  7  0.00000000000000000D+00 -4.47522133879338100D-01  2.74019224312393000D-17  0.00000000000000000D+00  0.00000000000000000D+00
 5  8  0.00000000000000000D+00  0.00000000000000000D+00  0.00000000000000000D+00  3.71280423433996600D-05 -2.27336182793567500D-21
 5  9  0.00000000000000000D+00 -1.56944149141961600D-01  9.60974011172465200D-18  0.00000000000000000D+00  0.00000000000000000D+00
 5 10  0.00000000000000000D+00  0.00000000000000000D+00  0.00000000000000000D+00  1.29898328030811800D-03 -7.95371589287177900D-20
 6  1  1.96049068058412900D-04 -4.72793859475493400D-04  3.82019000432967000D-04  0.00000000000000000D+00  0.00000000000000000D+00
 6  2  1.46498441366101700D-03  0.00000000000000000D+00  0.00000000000000000D+00 -4.35778638082625000D-03 -8.41295015897209400D-04
 6  3 -8.41295077299424600D-04  1.68259009319665600D-03 -4.34130122018115000D-27  0.00000000000000000D+00  0.00000000000000000D+00
 6  4 -3.74926552439707800D-03  0.00000000000000000D+00  0.00000000000000000D+00 -1.68693940356377400D-03  1.21519776450909300D-03
 6  5  1.21519782830477500D-03 -2.43039559281364500D-03  4.51052572697253200D-27  0.00000000000000000D+00  0.00000000000000000D+00
 6  6 -1.90561119338049600D-06  1.90950063425551000D-03  5.12910128995802700D-03  0.00000000000000000D+00  0.00000000000000000D+00
 6  7  6.28095737574401600D-01  0.00000000000000000D+00  0.00000000000000000D+00  4.47080162356978500D-01  1.89944492166187200D-05
 6  8  1.89943982300165800D-05 -3.79888474467073900D-05 -3.60488945590591900D-27  0.00000000000000000D+00  0.00000000000000000D+00
 6  9 -7.57350550982740200D-03  0.00000000000000000D+00  0.00000000000000000D+00  1.58546126793414800D-01  7.73737059193800100D-04
 6 10  7.73737280421989800D-04 -1.54747433961580800D-03  1.56414260803488400D-26  0.00000000000000000D+00  0.00000000000000000D+00
 7  1 -4.19484455570634500D-05  9.78076692173333700D-01  3.64505045439889000D-04  0.00000000000000000D+00  0.00000000000000000D+00
 7  2 -1.29411427617681300D-01  0.00000000000000000D+00  0.00000000000000000D+00 -1.52067828265055700D-02 -1.81767242729106000D-03
 7  3 -1.81767243801931000D-03  3.63534486531046800D-03 -7.58516025239619400D-28  0.00000000000000000D+00  0.00000000000000000D+00
 7  4  1.71428154712031100D-02  0.00000000000000000D+00  0.00000000000000000D+00  9.97984754388878100D-04  4.04836427212272200D-03
 7  5  4.04836430252058100D-03 -8.09672857464334600D-03  2.14921017692909100D-27  0.00000000000000000D+00  0.00000000000000000D+00
 7  6 -2.10961806145601600D-05 -8.68819920985877700D-05  7.89216572439771500D-05  0.00000000000000000D+00  0.00000000000000000D+00
 7  7  1.69687589111165300D-03  0.00000000000000000D+00  0.00000000000000000D+00  1.21418855644121600D-03  1.99406852982011900D-07
 7  8  1.99405351360756200D-07 -3.98812204334473900D-07 -1.06168648331383700D-28  0.00000000000000000D+00  0.00000000000000000D+00
 7  9 -4.21838093997581300D-04  0.00000000000000000D+00  0.00000000000000000D+00  3.83711493034240300D-04 -6.41279650316829100D-06
 7 10 -6.41282473071749500D-06  1.28256212339722000D-05 -1.99576340122786400D-27  0.00000000000000000D+00  0.00000000000000000D+00
 8  1  0.00000000000000000D+00  0.00000000000000000D+00  0.00000000000000000D+00 -5.95397840577088900D-17 -9.72390578766257700D-01
 8  2  0.00000000000000000D+00 -8.50327610413602600D-19 -1.38873623799103400D-02  0.00000000000000000D+00  0.00000000000000000D+00
 8  3  0.00000000000000000D+00  0.00000000000000000D+00  0.00000000000000000D+00 -2.03277664794612900D-18 -3.31988584184820000D-02
 8  4  0.00000000000000000D+00 -2.06330711779065100D-18 -3.36974752964563400D-02  0.00000000000000000D+00  0.00000000000000000D+00
 8  5  0.00000000000000000D+00  0.00000000000000000D+00  0.00000000000000000D+00  5.32617939352986900D-18  8.69859833228074800D-02
 8  6  0.00000000000000000D+00  0.00000000000000000D+00  0.00000000000000000D+00  5.04902436739631900D-20  8.24595487625349000D-04
 8  7  0.00000000000000000D+00 -1.69060158844548000D-21 -2.76105310603458300D-05  0.00000000000000000D+00  0.00000000000000000D+00
 8  8  0.00000000000000000D+00  0.00000000000000000D+00  0.00000000000000000D+00  1.09642001044442500D-21  1.79064890039506600D-05
 8  9  0.00000000000000000D+00  1.44662946167559800D-19  2.36260322700469100D-03  0.00000000000000000D+00  0.00000000000000000D+00
 8 10  0.00000000000000000D+00  0.00000000000000000D+00  0.00000000000000000D+00 -2.39592096068260700D-21 -3.91296509805651900D-05
 9  1  0.00000000000000000D+00  0.00000000000000000D+00  0.00000000000000000D+00 -9.72390579129651200D-01  5.95397840799596000D-17
 9  2  0.00000000000000000D+00 -1.38873621196663500D-02  8.50327594478780200D-19  0.00000000000000000D+00  0.00000000000000000D+00
 9  3  0.00000000000000000D+00  0.00000000000000000D+00  0.00000000000000000D+00 -3.31988585110539700D-02  2.03277665361434000D-18
 9  4  0.00000000000000000D+00 -3.36974749464060100D-02  2.06330709635695900D-18  0.00000000000000000D+00  0.00000000000000000D+00
 9  5  0.00000000000000000D+00  0.00000000000000000D+00  0.00000000000000000D+00  8.69859835032876500D-02 -5.32617940458072700D-18
 9  6  0.00000000000000000D+00  0.00000000000000000D+00  0.00000000000000000D+00  8.24610767108029800D-04 -5.04911792415418900D-20
 9  7  0.00000000000000000D+00 -2.75996757116772600D-05  1.68993691199785600D-21  0.00000000000000000D+00  0.00000000000000000D+00
 9  8  0.00000000000000000D+00  0.00000000000000000D+00  0.00000000000000000D+00  1.79064921926215500D-05 -1.09642020568775700D-21
 9  9  0.00000000000000000D+00  2.36260739309367100D-03 -1.44663201258511600D-19  0.00000000000000000D+00  0.00000000000000000D+00
 9 10  0.00000000000000000D+00  0.00000000000000000D+00  0.00000000000000000D+00 -3.91295900372121700D-05  2.39591722910174100D-21
10  1 -2.34297248378559200D-02 -3.19453934369508100D-01  6.83904350122090900D-02  0.00000000000000000D+00  0.00000000000000000D+00
10  2 -9.81460833149655400D-01  0.00000000000000000D+00  0.00000000000000000D+00  2.34861036021881200D-02  2.33455590172948100D-02
10  3  2.33455590983322900D-02 -4.66911181156270900D-02  5.72956685847018400D-27  0.00000000000000000D+00  0.00000000000000000D+00
10  4  1.71296818467407300D-01  0.00000000000000000D+00  0.00000000000000000D+00 -3.97973967513560000D-02 -5.94916843020896600D-02
10  5 -5.94916844291017700D-02  1.18983368731191800D-01 -8.98009672219654100D-27  0.00000000000000000D+00  0.00000000000000000D+00
10  6  3.85892462469011600D-04  1.07200828430356500D-03 -2.18807065606309700D-03  0.00000000000000000D+00  0.00000000000000000D+00
10  7 -4.27525878305581000D-03  0.00000000000000000D+00  0.00000000000000000D+00 -7.40503949704476900D-04  3.28901462478196300D-05
10  8  3.28901486148392600D-05 -6.57802948630091600D-05  1.67354633069280700D-28  0.00000000000000000D+00  0.00000000000000000D+00
10  9  6.04572757415874200D-03  0.00000000000000000D+00  0.00000000000000000D+00 -9.07516892495591500D-03 -8.03394339673745900D-05
10 10 -8.03393829157640600D-05  1.60678816883180000D-04  3.60948572420554300D-27  0.00000000000000000D+00  0.00000000000000000D+00
11  1  1.86325718730239300D-02  4.09869130147916100D-01  4.13521703227210800D-01  0.00000000000000000D+00  0.00000000000000000D+00
11  2 -5.18551786795241300D-01  0.00000000000000000D+00  0.00000000000000000D+00  2.19061236302869900D-01  4.70026767235059600D-03
11  3  4.70026767924795000D-03 -9.40053535159846500D-03  4.87661350840889300D-28  0.00000000000000000D+00  0.00000000000000000D+00
11  4 -1.23245254146587000D+00  0.00000000000000000D+00  0.00000000000000000D+00  4.90654895615394000D-01 -1.53705019863668400D-02
11  5 -1.53705020112915600D-02  3.07410039976588800D-02 -1.76224419544879200D-27  0.00000000000000000D+00  0.00000000000000000D+00
11  6 -7.05806005943955700D-04 -1.24105246465146700D-03  5.51727675187449100D-03  0.00000000000000000D+00  0.00000000000000000D+00
11  7 -3.38348179439963200D-03  0.00000000000000000D+00  0.00000000000000000D+00  1.54461844696956000D-03  4.16285040803395900D-05
11  8  4.16285054254510100D-05 -8.32570095055965800D-05  9.51029830103391400D-29  0.00000000000000000D+00  0.00000000000000000D+00
11  9 -1.69713008709857600D-02  0.00000000000000000D+00  0.00000000000000000D+00 -1.63430475060874200D-02 -1.20971657356114500D-04
11 10 -1.20971672237753100D-04  2.41943329594150600D-04 -1.05217174212023300D-27  0.00000000000000000D+00  0.00000000000000000D+00
12  1  0.00000000000000000D+00  0.00000000000000000D+00  0.00000000000000000D+00 -3.30947443356054500D-17 -5.40496041561542900D-01
12  2  0.00000000000000000D+00  6.73187173798866100D-18  1.09943439652691600D-01  0.00000000000000000D+00  0.00000000000000000D+00
12  3  0.00000000000000000D+00  0.00000000000000000D+00  0.00000000000000000D+00  8.63647090735035100D-19  1.41048931852970400D-02
12  4  0.00000000000000000D+00  6.46650468981022400D-17  1.05609523740037000D+00  0.00000000000000000D+00  0.00000000000000000D+00
12  5  0.00000000000000000D+00  0.00000000000000000D+00  0.00000000000000000D+00 -5.68926023140820700D-19 -9.29157392275527100D-03
12  6  0.00000000000000000D+00  0.00000000000000000D+00  0.00000000000000000D+00 -2.78941436691079700D-19 -4.55560982221620400D-03
12  7  0.00000000000000000D+00  1.53305556343216700D-19  2.50375242402919800D-03  0.00000000000000000D+00  0.00000000000000000D+00
12  8  0.00000000000000000D+00  0.00000000000000000D+00  0.00000000000000000D+00 -4.81475111770322600D-21 -7.86334498865678900D-05
12  9  0.00000000000000000D+00 -1.50248411860337100D-18 -2.45382381679410900D-02  0.00000000000000000D+00  0.00000000000000000D+00
12 10  0.00000000000000000D+00  0.00000000000000000D+00  0.00000000000000000D+00  1.29356022505205700D-20  2.11261393673885900D-04
13  1  0.00000000000000000D+00  0.00000000000000000D+00  0.00000000000000000D+00 -5.40496042149686800D-01  3.30947443716177000D-17
13  2  0.00000000000000000D+00  1.09943440850299700D-01 -6.73187181131858600D-18  0.00000000000000000D+00  0.00000000000000000D+00
13  3  0.00000000000000000D+00  0.00000000000000000D+00  0.00000000000000000D+00  1.41048933227047200D-02 -8.63647099148551300D-19
13  4  0.00000000000000000D+00  1.05609523711689900D+00 -6.46650468807452000D-17  0.00000000000000000D+00  0.00000000000000000D+00
13  5  0.00000000000000000D+00  0.00000000000000000D+00  0.00000000000000000D+00 -9.29157415691046800D-03  5.68926037478217800D-19
13  6  0.00000000000000000D+00  0.00000000000000000D+00  0.00000000000000000D+00 -4.55561918649130400D-03  2.78942010068619000D-19
13  7  0.00000000000000000D+00  2.50374589336089700D-03 -1.53305156468321900D-19  0.00000000000000000D+00  0.00000000000000000D+00
13  8  0.00000000000000000D+00  0.00000000000000000D+00  0.00000000000000000D+00 -7.86334528813586000D-05  4.81475130107521300D-21
13  9  0.00000000000000000D+00 -2.45382421323693800D-02  1.50248436134657500D-18  0.00000000000000000D+00  0.00000000000000000D+00
13 10  0.00000000000000000D+00  0.00000000000000000D+00  0.00000000000000000D+00  2.11261355053905000D-04 -1.29355998858068700D-20
14  1 -1.08331177598338300D-01 -7.75406093900004800D-01  4.15860411057711400D-01  0.00000000000000000D+00  0.00000000000000000D+00
14  2 -3.14914695456486700D-01  0.00000000000000000D+00  0.00000000000000000D+00 -6.53139466199954300D-03 -2.37268252642455300D-02
14  3 -2.37268252943577800D-02  4.74536505586033600D-02 -2.12901656072094800D-27  0.00000000000000000D+00  0.00000000000000000D+00
14  4  5.83532745914030400D-01  0.00000000000000000D+00  0.00000000000000000D+00  9.54192571074719900D-01  3.80846022494061800D-02
14  5  3.80846022778233800D-02 -7.61692045272297400D-02  2.00917248844354100D-27  0.00000000000000000D+00  0.00000000000000000D+00
14  6 -6.83119570302174300D-03 -1.69529346311757700D-02  4.48100520328079700D-02  0.00000000000000000D+00  0.00000000000000000D+00
14  7  1.07542824030798900D-02  0.00000000000000000D+00  0.00000000000000000D+00  1.68893650812655800D-04 -2.38685458389721800D-05
14  8 -2.38685717257202600D-05  4.77371175646663400D-05 -1.83026248616844500D-27  0.00000000000000000D+00  0.00000000000000000D+00
14  9 -1.58376590839595100D-01  0.00000000000000000D+00  0.00000000000000000D+00  3.95551570314306600D-02  7.06593094482720400D-05
14 10  7.06585077210967300D-05 -1.41317817169196500D-04 -5.66842605662301200D-26  0.00000000000000000D+00  0.00000000000000000D+00
15  1  0.00000000000000000D+00  0.00000000000000000D+00  0.00000000000000000D+00  1.17007221877455000D-16  1.91093605732550900D+00
15  2  0.00000000000000000D+00 -1.49284707165616300D-16 -2.43808480496042400D+00  0.00000000000000000D+00  0.00000000000000000D+00
15  3  0.00000000000000000D+00  0.00000000000000000D+00  0.00000000000000000D+00 -7.88386187523546000D-18 -1.28757487671486800D-01
15  4  0.00000000000000000D+00  4.07412206117111400D-17  6.65376600154737400D-01  0.00000000000000000D+00  0.00000000000000000D+00
15  5  0.00000000000000000D+00  0.00000000000000000D+00  0.00000000000000000D+00  1.61347821135719600D-17  2.63509691309542700D-01
15  6  0.00000000000000000D+00  0.00000000000000000D+00  0.00000000000000000D+00 -8.96393553148983000D-20 -1.46397011635789700D-03
15  7  0.00000000000000000D+00  8.23143031402596500D-20  1.34433898506783200D-03  0.00000000000000000D+00  0.00000000000000000D+00
15  8  0.00000000000000000D+00  0.00000000000000000D+00  0.00000000000000000D+00 -9.75888835609558200D-22 -1.59380005266754600D-05
15  9  0.00000000000000000D+00 -6.80924316876263200D-19 -1.11207052739990600D-02  0.00000000000000000D+00  0.00000000000000000D+00
15 10  0.00000000000000000D+00  0.00000000000000000D+00  0.00000000000000000D+00  5.16428112152058800D-21  8.43418965678442000D-05
16  1  0.00000000000000000D+00  0.00000000000000000D+00  0.00000000000000000D+00  1.91093605684073300D+00 -1.17007221847772000D-16
16  2  0.00000000000000000D+00 -2.43808480468068800D+00  1.49284707148488000D-16  0.00000000000000000D+00  0.00000000000000000D+00
16  3  0.00000000000000000D+00  0.00000000000000000D+00  0.00000000000000000D+00 -1.28757488064012300D-01  7.88386189926991800D-18
16  4  0.00000000000000000D+00  6.65376600642412700D-01 -4.07412206415716500D-17  0.00000000000000000D+00  0.00000000000000000D+00
16  5  0.00000000000000000D+00  0.00000000000000000D+00  0.00000000000000000D+00  2.63509692263315500D-01 -1.61347821719717700D-17
16  6  0.00000000000000000D+00  0.00000000000000000D+00  0.00000000000000000D+00 -1.46396843961015200D-03  8.96392526471011900D-20
16  7  0.00000000000000000D+00  1.34434023780928200D-03 -8.23143798460166000D-20  0.00000000000000000D+00  0.00000000000000000D+00
16  8  0.00000000000000000D+00  0.00000000000000000D+00  0.00000000000000000D+00 -1.59379999232821500D-05  9.75888798663593900D-22
16  9  0.00000000000000000D+00 -1.11207053477553700D-02  6.80924321392385900D-19  0.00000000000000000D+00  0.00000000000000000D+00
16 10  0.00000000000000000D+00  0.00000000000000000D+00  0.00000000000000000D+00  8.43419270479079900D-05 -5.16428298782457700D-21
17  1  1.59474375556685600D-01  8.44405680366476300D-01 -1.14088303726979500D+00  0.00000000000000000D+00  0.00000000000000000D+00
17  2 -1.82419309992589800D+00  0.00000000000000000D+00  0.00000000000000000D+00  2.33194246748349800D+00 -9.65941563605673700D-02
17  3 -9.65941563221111600D-02  1.93188312682678900D-01  2.71895702126394600D-27  0.00000000000000000D+00  0.00000000000000000D+00
17  4  3.69219760949332500D-01  0.00000000000000000D+00  0.00000000000000000D+00 -6.26546481417357100D-01  2.09732239793313400D-01
17  5  2.09732239735239300D-01 -4.19464479528553300D-01 -4.10599327828416700D-27  0.00000000000000000D+00  0.00000000000000000D+00
17  6  2.11155845407851600D-03  4.15241325761560300D-03 -1.61084300038367800D-02  0.00000000000000000D+00  0.00000000000000000D+00
17  7  7.27920958094173300D-03  0.00000000000000000D+00  0.00000000000000000D+00  3.20659984397557000D-03 -8.30864106012164500D-05
17  8 -8.30864080240345600D-05  1.66172818624994900D-04  1.82213668210454400D-28  0.00000000000000000D+00  0.00000000000000000D+00
17  9  5.49556259878336300D-02  0.00000000000000000D+00  0.00000000000000000D+00  1.00544058910914400D-02  1.39277315988261800D-04
17 10  1.39277498973034400D-04 -2.78554814961302700D-04  1.29375139709159800D-26  0.00000000000000000D+00  0.00000000000000000D+00
18  1  0.00000000000000000D+00  0.00000000000000000D+00  0.00000000000000000D+00  0.00000000000000000D+00  0.00000000000000000D+00
18  2  0.00000000000000000D+00  0.00000000000000000D+00  0.00000000000000000D+00  0.00000000000000000D+00  5.56409464245928700D-17
18  3 -5.56409464245928700D-17  0.00000000000000000D+00  5.24647210851621100D-01  0.00000000000000000D+00  0.00000000000000000D+00
18  4  0.00000000000000000D+00  0.00000000000000000D+00  0.00000000000000000D+00  0.00000000000000000D+00 -1.54778932449180500D-16
18  5  1.54778932449180500D-16  0.00000000000000000D+00 -1.45943483039250300D+00  0.00000000000000000D+00  0.00000000000000000D+00
18  6  0.00000000000000000D+00  0.00000000000000000D+00  0.00000000000000000D+00  0.00000000000000000D+00  0.00000000000000000D+00
18  7  0.00000000000000000D+00  0.00000000000000000D+00  0.00000000000000000D+00  0.00000000000000000D+00  2.92930412321036400D-24
18  8 -2.92930412321036400D-24  0.00000000000000000D+00  2.76208680249765600D-08  0.00000000000000000D+00  0.00000000000000000D+00
18  9  0.00000000000000000D+00  0.00000000000000000D+00  0.00000000000000000D+00  0.00000000000000000D+00 -5.13660409385504600D-23
18 10  5.13660409385504600D-23  0.00000000000000000D+00 -4.84338456525416200D-07  0.00000000000000000D+00  0.00000000000000000D+00
19  1  1.31441852285935600D-10  7.25548142988065800D-10 -9.07508944675919200D-10  0.00000000000000000D+00  0.00000000000000000D+00
19  2  1.08192416328606900D-10  0.00000000000000000D+00  0.00000000000000000D+00 -1.07171881056028300D-10 -4.54357812608784400D-01
19  3  4.54357812631515000D-01 -2.27303867039793200D-11  6.42486307921247500D-17  0.00000000000000000D+00  0.00000000000000000D+00
19  4  2.33479549492527900D-10  0.00000000000000000D+00  0.00000000000000000D+00  4.67214267350352400D-11  1.26390763825975900D+00
19  5 -1.26390763831259700D+00  5.28376025888762400D-11 -1.78723316628612900D-16  0.00000000000000000D+00  0.00000000000000000D+00
19  6  0.00000000000000000D+00 -1.95056028660400700D-11 -3.35540406283007700D-11  0.00000000000000000D+00  0.00000000000000000D+00
19  7  0.00000000000000000D+00  0.00000000000000000D+00  0.00000000000000000D+00  0.00000000000000000D+00 -2.39201597631528700D-08
19  8  2.39205885166875700D-08  0.00000000000000000D+00  3.38246915500945700D-24  0.00000000000000000D+00  0.00000000000000000D+00
19  9  1.82573796503872400D-11  0.00000000000000000D+00  0.00000000000000000D+00  0.00000000000000000D+00  4.19450532758144800D-07
19 10 -4.19448293237921800D-07  0.00000000000000000D+00 -5.93123959204679100D-23  0.00000000000000000D+00  0.00000000000000000D+00
20  1  0.00000000000000000D+00  0.00000000000000000D+00  0.00000000000000000D+00 -1.45331084079639400D-17 -2.37351510754481900D-01
20  2  0.00000000000000000D+00  2.31479576120568700D-17  3.78047321734121300D-01  0.00000000000000000D+00  0.00000000000000000D+00
20  3  0.00000000000000000D+00  0.00000000000000000D+00  0.00000000000000000D+00 -3.05585000829732700D-17 -4.99074661626418700D-01
20  4  0.00000000000000000D+00 -6.34728333179887900D-18 -1.03662426901298300D-01  0.00000000000000000D+00  0.00000000000000000D+00
20  5  0.00000000000000000D+00  0.00000000000000000D+00  0.00000000000000000D+00  8.72143650958972000D-17  1.42436571268267600D+00
20  6  0.00000000000000000D+00  0.00000000000000000D+00  0.00000000000000000D+00 -8.06371761534930200D-21 -1.31694851822055800D-04
20  7  0.00000000000000000D+00 -5.68945610252790700D-20 -9.29189381513389200D-04  0.00000000000000000D+00  0.00000000000000000D+00
20  8  0.00000000000000000D+00  0.00000000000000000D+00  0.00000000000000000D+00  1.81827137904767500D-22  2.96956058307599700D-06
20  9  0.00000000000000000D+00  1.78175033589147600D-19  2.90991522350031700D-03  0.00000000000000000D+00  0.00000000000000000D+00
20 10  0.00000000000000000D+00  0.00000000000000000D+00  0.00000000000000000D+00 -1.35474069764175200D-21 -2.21253253082214500D-05
21  1  0.00000000000000000D+00  0.00000000000000000D+00  0.00000000000000000D+00 -2.37351511829466200D-01  1.45331084737855700D-17
21  2  0.00000000000000000D+00  3.78047323230329700D-01 -2.31479577036701900D-17  0.00000000000000000D+00  0.00000000000000000D+00
21  3  0.00000000000000000D+00  0.00000000000000000D+00  0.00000000000000000D+00 -4.99074661399780800D-01  3.05585000690961600D-17
21  4  0.00000000000000000D+00 -1.03662427287235500D-01  6.34728335542994100D-18  0.00000000000000000D+00  0.00000000000000000D+00
21  5  0.00000000000000000D+00  0.00000000000000000D+00  0.00000000000000000D+00  1.42436571239062600D+00 -8.72143650780148500D-17
21  6  0.00000000000000000D+00  0.00000000000000000D+00  0.00000000000000000D+00 -1.31698128407448900D-04  8.06391824171386400D-21
21  7  0.00000000000000000D+00 -9.29191703202521800D-04  5.68947031830422400D-20  0.00000000000000000D+00  0.00000000000000000D+00
21  8  0.00000000000000000D+00  0.00000000000000000D+00  0.00000000000000000D+00  2.96955863930882100D-06 -1.81827018887285800D-22
21  9  0.00000000000000000D+00  2.90991426030885500D-03 -1.78174974612628400D-19  0.00000000000000000D+00  0.00000000000000000D+00
21 10  0.00000000000000000D+00  0.00000000000000000D+00  0.00000000000000000D+00 -2.21253725628245900D-05  1.35474359105611500D-21
22  1  1.22801806260993000D-01  6.66079020037155500D-01 -8.74172140899575500D-01  0.00000000000000000D+00  0.00000000000000000D+00
22  2 -3.58502605577385500D-01  0.00000000000000000D+00  0.00000000000000000D+00  5.41680543805645900D-01  2.34656034311386800D-01
22  3  2.34656034283652000D-01 -4.69312068595038700D-01 -1.96092332110477400D-27  0.00000000000000000D+00  0.00000000000000000D+00
22  4  2.76437223857944800D-01  0.00000000000000000D+00  0.00000000000000000D+00 -1.06298292753594500D-01 -6.84940532294836000D-01
22  5 -6.84940532178955100D-01  1.36988106447379200D+00  8.19308470972214000D-27  0.00000000000000000D+00  0.00000000000000000D+00
22  6  3.07809211244545800D-04 -3.21373362466221400D-04 -3.83957971937342400D-03  0.00000000000000000D+00  0.00000000000000000D+00
22  7  5.75902939483422200D-03  0.00000000000000000D+00  0.00000000000000000D+00  6.84717269142150900D-03 -2.01565339778856200D-05
22  8 -2.01565394487651200D-05  4.03130734264661200D-05 -3.86805846800111900D-28  0.00000000000000000D+00  0.00000000000000000D+00
22  9  4.46188549865135100D-03  0.00000000000000000D+00  0.00000000000000000D+00 -3.50789177202594200D-03  1.73496228118213700D-05
22 10  1.73495741152944800D-05 -3.46991969271076800D-05 -3.44297499658631100D-27  0.00000000000000000D+00  0.00000000000000000D+00
23  1 -7.60327957460380200D-01 -4.11329311374878300D+00  5.23727408856812200D+00  0.00000000000000000D+00  0.00000000000000000D+00
23  2 -3.81470326293242800D-01  0.00000000000000000D+00  0.00000000000000000D+00  5.91490867007953700D-01  7.88069912995704100D-03
23  3  7.88069905331342800D-03 -1.57613981832714000D-02 -5.41890896583667900D-27  0.00000000000000000D+00  0.00000000000000000D+00
23  4 -1.30499209851546100D+00  0.00000000000000000D+00  0.00000000000000000D+00 -2.89463979408651800D-01 -6.01351225917795800D-02
23  5 -6.01351228252957100D-02  1.20270245417076600D-01 -1.65102154856743500D-26  0.00000000000000000D+00  0.00000000000000000D+00
23  6  2.59432387604321000D-03  8.22806953906208800D-03 -1.41740651346617000D-02  0.00000000000000000D+00  0.00000000000000000D+00
23  7 -8.21227395966931800D-04  0.00000000000000000D+00  0.00000000000000000D+00  6.05846182806700200D-03  9.18130792716712500D-06
23  8  9.18132495455835800D-06 -1.83626328815553100D-05  1.20388220724696200D-27  0.00000000000000000D+00  0.00000000000000000D+00
23  9  7.29153964445383700D-02  0.00000000000000000D+00  0.00000000000000000D+00 -3.01941550526558500D-02 -1.22668936257713800D-04
23 10 -1.22668465243703100D-04  2.45337401501424400D-04  3.33019532528434100D-26  0.00000000000000000D+00  0.00000000000000000D+00
24  1  0.00000000000000000D+00  0.00000000000000000D+00  0.00000000000000000D+00  0.00000000000000000D+00  0.00000000000000000D+00
24  2  0.00000000000000000D+00  0.00000000000000000D+00  0.00000000000000000D+00  0.00000000000000000D+00 -2.60946552467293100D-16
24  3  2.60946552467293100D-16  0.00000000000000000D+00 -2.46050597142252500D+00  0.00000000000000000D+00  0.00000000000000000D+00
24  4  0.00000000000000000D+00  0.00000000000000000D+00  0.00000000000000000D+00  0.00000000000000000D+00  2.17330394177778400D-16
24  5 -2.17330394177778400D-16  0.00000000000000000D+00  2.04924237392658900D+00  0.00000000000000000D+00  0.00000000000000000D+00
24  6  0.00000000000000000D+00  0.00000000000000000D+00  0.00000000000000000D+00  0.00000000000000000D+00  0.00000000000000000D+00
24  7  0.00000000000000000D+00  0.00000000000000000D+00  0.00000000000000000D+00  0.00000000000000000D+00 -6.55255409606021100D-24
24  8  6.55255409606021100D-24  0.00000000000000000D+00 -6.17850603082639800D-08  0.00000000000000000D+00  0.00000000000000000D+00
24  9  0.00000000000000000D+00  0.00000000000000000D+00  0.00000000000000000D+00  0.00000000000000000D+00  7.50757037275070300D-23
24 10 -7.50757037275070300D-23  0.00000000000000000D+00  7.07900585708763500D-07  0.00000000000000000D+00  0.00000000000000000D+00
25  1 -4.47815499132206500D-11 -2.40204765784560900D-10  3.10550375629774900D-10  0.00000000000000000D+00  0.00000000000000000D+00
25  2  0.00000000000000000D+00  0.00000000000000000D+00  0.00000000000000000D+00  1.69593928989164000D-11 -2.13086067735236000D+00
25  3  2.13086067747945900D+00 -1.27098386360219300D-10  3.01315124622290300D-16  0.00000000000000000D+00  0.00000000000000000D+00
25  4 -8.12288114298175900D-11  0.00000000000000000D+00  0.00000000000000000D+00 -1.02798729705553300D-11  1.77469595427988400D+00
25  5 -1.77469595438690100D+00  1.07017537386623400D-10 -2.50951523163458000D-16  0.00000000000000000D+00  0.00000000000000000D+00
25  6  0.00000000000000000D+00  0.00000000000000000D+00 -3.66439548335061200D-11  0.00000000000000000D+00  0.00000000000000000D+00
25  7  1.63299867719408500D-11  0.00000000000000000D+00  0.00000000000000000D+00  2.04905617033328800D-11 -5.35069233249425800D-08
25  8  5.35079457023871700D-08  0.00000000000000000D+00  7.56623812602136500D-24  0.00000000000000000D+00  0.00000000000000000D+00
25  9  5.18095616770746900D-11  0.00000000000000000D+00  0.00000000000000000D+00 -3.85623386075530700D-11  6.13062940799281300D-07
25 10 -6.13056837456489500D-07  0.00000000000000000D+00 -8.66899553083456000D-23  0.00000000000000000D+00  0.00000000000000000D+00
26  1  0.00000000000000000D+00  0.00000000000000000D+00  0.00000000000000000D+00 -2.56508259321139600D-18 -4.18923613323575500D-02
26  2  0.00000000000000000D+00  3.18025718564760200D-18  5.19392566553493800D-02  0.00000000000000000D+00  0.00000000000000000D+00
26  3  0.00000000000000000D+00  0.00000000000000000D+00  0.00000000000000000D+00 -1.50747741326718100D-16 -2.46197875515160500D+00
26  4  0.00000000000000000D+00 -4.74276347043181100D-19 -7.74577635601542000D-03  0.00000000000000000D+00  0.00000000000000000D+00
26  5  0.00000000000000000D+00  0.00000000000000000D+00  0.00000000000000000D+00  1.25821930701370000D-16  2.05489593139282000D+00
26  6  0.00000000000000000D+00  0.00000000000000000D+00  0.00000000000000000D+00 -1.47303071129243100D-19 -2.40572116369418500D-03
26  7  0.00000000000000000D+00 -3.39852237472430700D-19 -5.55039154274589800D-03  0.00000000000000000D+00  0.00000000000000000D+00
26  8  0.00000000000000000D+00  0.00000000000000000D+00  0.00000000000000000D+00  2.78388839991135000D-22  4.54658493518667200D-06
26  9  0.00000000000000000D+00  8.25966145360483400D-19  1.34894963231635400D-02  0.00000000000000000D+00  0.00000000000000000D+00
26 10  0.00000000000000000D+00  0.00000000000000000D+00  0.00000000000000000D+00 -1.64035334450205500D-21 -2.67898878587719500D-05
27  1  0.00000000000000000D+00  0.00000000000000000D+00  0.00000000000000000D+00 -4.18923613742740100D-02  2.56508259577795400D-18
27  2  0.00000000000000000D+00  5.19392566725539200D-02 -3.18025718670104200D-18  0.00000000000000000D+00  0.00000000000000000D+00
27  3  0.00000000000000000D+00  0.00000000000000000D+00  0.00000000000000000D+00 -2.46197875529616500D+00  1.50747741335569500D-16
27  4  0.00000000000000000D+00 -7.74577619155552800D-03  4.74276336973249800D-19  0.00000000000000000D+00  0.00000000000000000D+00
27  5  0.00000000000000000D+00  0.00000000000000000D+00  0.00000000000000000D+00  2.05489593157430100D+00 -1.25821930712482100D-16
27  6  0.00000000000000000D+00  0.00000000000000000D+00  0.00000000000000000D+00 -2.40572193783388800D-03  1.47303118530063100D-19
27  7  0.00000000000000000D+00 -5.55039119104533500D-03  3.39852215937693500D-19  0.00000000000000000D+00  0.00000000000000000D+00
27  8  0.00000000000000000D+00  0.00000000000000000D+00  0.00000000000000000D+00  4.54658289318783900D-06 -2.78388714958897700D-22
27  9  0.00000000000000000D+00  1.34894917141603200D-02 -8.25965863149752100D-19  0.00000000000000000D+00  0.00000000000000000D+00
27 10  0.00000000000000000D+00  0.00000000000000000D+00  0.00000000000000000D+00 -2.67899078117666100D-05  1.64035456623025600D-21
28  1 -9.24953025207945700D-03 -4.98888690351532800D-02  6.32280479801965400D-02  0.00000000000000000D+00  0.00000000000000000D+00
28  2 -4.77918774876167800D-02  0.00000000000000000D+00  0.00000000000000000D+00  6.11548474357188800D-02  1.22316921516848000D+00
28  3  1.22316921492689100D+00 -2.44633843009537200D+00 -1.70809833136209800D-26  0.00000000000000000D+00  0.00000000000000000D+00
28  4 -1.50150023864179700D-02  0.00000000000000000D+00  0.00000000000000000D+00 -1.40881884240264900D-02 -1.02162086131355300D+00
28  5 -1.02162086111124500D+00  2.04324172242479900D+00  1.43037122151288900D-26  0.00000000000000000D+00  0.00000000000000000D+00
28  6  1.75741593094132500D-03 -2.71992201069966100D-04 -2.20874013463155200D-02  0.00000000000000000D+00  0.00000000000000000D+00
28  7  2.13007318810820100D-02  0.00000000000000000D+00  0.00000000000000000D+00  4.80631468691298700D-02  2.12322825249837200D-05
28  8  2.12322682311188100D-05 -4.24645507561825000D-05 -1.01061456763612100D-27  0.00000000000000000D+00  0.00000000000000000D+00
28  9  3.48371259761688400D-02  0.00000000000000000D+00  0.00000000000000000D+00 -1.16125112860319000D-01 -1.13668027708909800D-04
28 10 -1.13668179038086700D-04  2.27336206747007000D-04 -1.06993784881892200D-26  0.00000000000000000D+00  0.00000000000000000D+00
29  1  0.00000000000000000D+00  0.00000000000000000D+00  0.00000000000000000D+00 -4.90870128505723600D-19 -8.01678232312882100D-03
29  2  0.00000000000000000D+00  1.41864308323965400D-18  2.31689649300222600D-02  0.00000000000000000D+00  0.00000000000000000D+00
29  3  0.00000000000000000D+00  0.00000000000000000D+00  0.00000000000000000D+00  1.99183809327674700D-18  3.25302590021618100D-02
29  4  0.00000000000000000D+00 -2.56524634304394600D-18 -4.18950356583895700D-02  0.00000000000000000D+00  0.00000000000000000D+00
29  5  0.00000000000000000D+00  0.00000000000000000D+00  0.00000000000000000D+00 -1.78485810669529700D-18 -2.91499076601097100D-02
29  6  0.00000000000000000D+00  0.00000000000000000D+00  0.00000000000000000D+00 -1.27950671547071800D-17 -2.08966205585489600D-01
29  7  0.00000000000000000D+00 -2.71425985566962000D-17 -4.43286913741313000D-01  0.00000000000000000D+00  0.00000000000000000D+00
29  8  0.00000000000000000D+00  0.00000000000000000D+00  0.00000000000000000D+00  1.42156235799761300D-20  2.32166418794165900D-04
29  9  0.00000000000000000D+00  6.98383674542986000D-17  1.14058476401516900D+00  0.00000000000000000D+00  0.00000000000000000D+00
29 10  0.00000000000000000D+00  0.00000000000000000D+00  0.00000000000000000D+00 -5.27920487925479000D-20 -8.62188059497935700D-04
30  1  0.00000000000000000D+00  0.00000000000000000D+00  0.00000000000000000D+00 -8.01678219553589800D-03  4.90870120693168400D-19
30  2  0.00000000000000000D+00  2.31689643920289800D-02 -1.41864305029815500D-18  0.00000000000000000D+00  0.00000000000000000D+00
30  3  0.00000000000000000D+00  0.00000000000000000D+00  0.00000000000000000D+00  3.25302498037845800D-02 -1.99183753005718700D-18
30  4  0.00000000000000000D+00 -4.18950342233556900D-02  2.56524625517636600D-18  0.00000000000000000D+00  0.00000000000000000D+00
30  5  0.00000000000000000D+00  0.00000000000000000D+00  0.00000000000000000D+00 -2.91498998259352000D-02  1.78485762700630300D-18
30  6  0.00000000000000000D+00  0.00000000000000000D+00  0.00000000000000000D+00 -2.08966278130204500D-01  1.27950715966431300D-17
30  7  0.00000000000000000D+00 -4.43286981466254400D-01  2.71426027035158800D-17  0.00000000000000000D+00  0.00000000000000000D+00
30  8  0.00000000000000000D+00  0.00000000000000000D+00  0.00000000000000000D+00  2.32166373299144000D-04 -1.42156207943014800D-20
30  9  0.00000000000000000D+00  1.14058474773056200D+00 -6.98383664571869900D-17  0.00000000000000000D+00  0.00000000000000000D+00
30 10  0.00000000000000000D+00  0.00000000000000000D+00  0.00000000000000000D+00 -8.62188064886815900D-04  5.27920491225107400D-20
31  1 -1.18207262877887700D-02 -4.95830971509200700D-02  1.20046040646853700D-01  0.00000000000000000D+00  0.00000000000000000D+00
31  2  1.01665573451052900D-01  0.00000000000000000D+00  0.00000000000000000D+00 -1.36405971884381700D-01 -1.43168002931922900D-01
31  3 -1.43168003071499900D-01  2.86336006003422600D-01 -9.86846965727206300D-27  0.00000000000000000D+00  0.00000000000000000D+00
31  4 -1.10279167643293400D-01  0.00000000000000000D+00  0.00000000000000000D+00 -2.99915965738638000D-02  1.28963020911318800D-01
31  5  1.28963021033638800D-01 -2.57926041944957800D-01  8.64834989667199500D-27  0.00000000000000000D+00  0.00000000000000000D+00
31  6  6.99560585801499300D-03 -3.60438290343119700D-03 -9.84643419446819500D-02  0.00000000000000000D+00  0.00000000000000000D+00
31  7  2.08285818065059400D-01  0.00000000000000000D+00  0.00000000000000000D+00  4.40842887669284300D-01  1.39475678768252000D-04
31  8  1.39475609678735300D-04 -2.78951288446758800D-04 -4.88481405040361900D-27  0.00000000000000000D+00  0.00000000000000000D+00
31  9  1.60172140180497500D-01  0.00000000000000000D+00  0.00000000000000000D+00 -1.13677433798926600D+00 -4.89901738524242100D-04
31 10 -4.89902433569586600D-04  9.79804172093790300D-04 -4.91415691266929700D-26  0.00000000000000000D+00  0.00000000000000000D+00
32  1  3.62058250727867900D-02  1.78643408721110100D-01 -2.83310265033787900D-01  0.00000000000000000D+00  0.00000000000000000D+00
32  2  2.86220230291629400D-02  0.00000000000000000D+00  0.00000000000000000D+00 -8.15860654533689100D-02  1.69637140192205800D-02
32  3  1.69637141682498100D-02 -3.39274281874702900D-02  1.05367658072304800D-26  0.00000000000000000D+00  0.00000000000000000D+00
32  4  1.41310525400601700D-01  0.00000000000000000D+00  0.00000000000000000D+00  1.43828773783072400D-01 -1.54000020120957600D-02
32  5 -1.54000021770400800D-02  3.08000041891356100D-02 -1.16620052068992900D-26  0.00000000000000000D+00  0.00000000000000000D+00
32  6 -5.84885560636236500D-02  5.20374497642603600D-02  8.99977660546983500D-01  0.00000000000000000D+00  0.00000000000000000D+00
32  7  1.73065107833163100D-02  0.00000000000000000D+00  0.00000000000000000D+00  4.16859634119479300D-02 -2.38179712820258400D-05
32  8 -2.38173742712424400D-05  4.76353455530534300D-05  4.22102628542054600D-26  0.00000000000000000D+00  0.00000000000000000D+00
32  9 -1.44736210596085800D+00  0.00000000000000000D+00  0.00000000000000000D+00 -1.07821174156653000D-01  1.67202341054097500D-04
32 10  1.67210123424613500D-04 -3.34412464478685300D-04  5.50234458486643800D-25  0.00000000000000000D+00  0.00000000000000000D+00
33  1  1.44735189927667200D-04  1.06104073694100500D-03 -1.67630587532923100D-05  0.00000000000000000D+00  0.00000000000000000D+00
33  2  6.85356862568940400D-03  0.00000000000000000D+00  0.00000000000000000D+00 -1.07537325714283600D-02 -2.02184906972566700D-04
33  3 -2.02184864245328300D-04  4.04369771217918300D-04  3.02093029392510200D-27  0.00000000000000000D+00  0.00000000000000000D+00
33  4 -2.02939178321306900D-03  0.00000000000000000D+00  0.00000000000000000D+00  3.08075464412369500D-03  2.14800700125651400D-04
33  5  2.14800657182613800D-04 -4.29601357308177100D-04 -3.03618787506566800D-27  0.00000000000000000D+00  0.00000000000000000D+00
33  6 -1.94024313485854200D-04 -4.26820560791354200D-04  8.65429345307768200D-04  0.00000000000000000D+00  0.00000000000000000D+00
33  7  7.73531302546245400D-03  0.00000000000000000D+00  0.00000000000000000D+00 -8.48095908117587000D-03  1.79802336509337900D-02
33  8  1.79800726799260500D-02 -3.59603063308599900D-02 -1.13810817792254000D-23  0.00000000000000000D+00  0.00000000000000000D+00
33  9 -1.01357595347989800D-03  0.00000000000000000D+00  0.00000000000000000D+00  3.96448377847450100D-03 -5.09094268657102100D-01
33 10 -5.09089703422446200D-01  1.01818397207954800D+00  3.22774328669821100D-22  0.00000000000000000D+00  0.00000000000000000D+00
34  1  0.00000000000000000D+00  0.00000000000000000D+00  0.00000000000000000D+00  4.61001203105518000D-04 -2.82272501221388800D-20
34  2  0.00000000000000000D+00 -2.82052529206262700D-04  1.72701659688830400D-20  0.00000000000000000D+00  0.00000000000000000D+00
34  3  0.00000000000000000D+00  0.00000000000000000D+00  0.00000000000000000D+00  5.37251210314711300D-05 -3.28960622875078900D-21
34  4  0.00000000000000000D+00 -1.35776381851075000D-03  8.31363099569198700D-20  0.00000000000000000D+00  0.00000000000000000D+00
34  5  0.00000000000000000D+00  0.00000000000000000D+00  0.00000000000000000D+00 -5.73294179317634800D-05  3.51029847300880500D-21
34  6  0.00000000000000000D+00  0.00000000000000000D+00  0.00000000000000000D+00 -6.09191214839542300D-03  3.73009716192638200D-19
34  7  0.00000000000000000D+00  6.76613083174812700D-03 -4.14292340367612100D-19  0.00000000000000000D+00  0.00000000000000000D+00
34  8  0.00000000000000000D+00  0.00000000000000000D+00  0.00000000000000000D+00  3.59452648185046400D-02 -2.20093998432843700D-18
34  9  0.00000000000000000D+00 -3.54087623250663600D-03  2.16808976621313400D-19  0.00000000000000000D+00  0.00000000000000000D+00
34 10  0.00000000000000000D+00  0.00000000000000000D+00  0.00000000000000000D+00 -1.01817492026428500D+00  6.23431738329117800D-17
35  1  0.00000000000000000D+00  0.00000000000000000D+00  0.00000000000000000D+00  2.82272487682536100D-20  4.61001180994163300D-04
35  2  0.00000000000000000D+00 -1.72701586348908100D-20 -2.82052409429124400D-04  0.00000000000000000D+00  0.00000000000000000D+00
35  3  0.00000000000000000D+00  0.00000000000000000D+00  0.00000000000000000D+00  3.28960139641931400D-21  5.37250421109027400D-05
35  4  0.00000000000000000D+00 -8.31363084038585100D-20 -1.35776379314649500D-03  0.00000000000000000D+00  0.00000000000000000D+00
35  5  0.00000000000000000D+00  0.00000000000000000D+00  0.00000000000000000D+00 -3.51029173177201900D-21 -5.73293078353759400D-05
35  6  0.00000000000000000D+00  0.00000000000000000D+00  0.00000000000000000D+00 -3.73009723735929500D-19 -6.09191227159078800D-03
35  7  0.00000000000000000D+00  4.14292284799104600D-19  6.76612992421555700D-03  0.00000000000000000D+00  0.00000000000000000D+00
35  8  0.00000000000000000D+00  0.00000000000000000D+00  0.00000000000000000D+00  2.20093998312673800D-18  3.59452647988787500D-02
35  9  0.00000000000000000D+00 -2.16808962228483700D-19 -3.54087599744612600D-03  0.00000000000000000D+00  0.00000000000000000D+00
35 10  0.00000000000000000D+00  0.00000000000000000D+00  0.00000000000000000D+00 -6.23431738324012100D-17 -1.01817492025594600D+00
36  1  0.00000000000000000D+00  0.00000000000000000D+00  0.00000000000000000D+00  0.00000000000000000D+00  0.00000000000000000D+00
36  2  0.00000000000000000D+00  0.00000000000000000D+00  0.00000000000000000D+00  0.00000000000000000D+00  2.90139493807194900D-22
36  3 -2.90139493807194900D-22  0.00000000000000000D+00  2.73577079408853400D-06  0.00000000000000000D+00  0.00000000000000000D+00
36  4  0.00000000000000000D+00  0.00000000000000000D+00  0.00000000000000000D+00  0.00000000000000000D+00 -3.15127399761138000D-22
36  5  3.15127399761138000D-22  0.00000000000000000D+00 -2.97138567856081500D-06  0.00000000000000000D+00  0.00000000000000000D+00
36  6  0.00000000000000000D+00  0.00000000000000000D+00  0.00000000000000000D+00  0.00000000000000000D+00  0.00000000000000000D+00
36  7  0.00000000000000000D+00  0.00000000000000000D+00  0.00000000000000000D+00  0.00000000000000000D+00 -3.80684153960193300D-18
36  8  3.80684153960193300D-18  0.00000000000000000D+00 -3.58953059616447700D-02  0.00000000000000000D+00  0.00000000000000000D+00
36  9  0.00000000000000000D+00  0.00000000000000000D+00  0.00000000000000000D+00  0.00000000000000000D+00  1.07980585214034800D-16
36 10 -1.07980585214034800D-16  0.00000000000000000D+00  1.01816587421722100D+00  0.00000000000000000D+00  0.00000000000000000D+00
37  1  4.30962350117363300D-10  3.01013301838642100D-09 -4.95759224406442300D-10  0.00000000000000000D+00  0.00000000000000000D+00
37  2  1.76970147440115100D-08  0.00000000000000000D+00  0.00000000000000000D+00 -2.78439140615420700D-08  2.36875176326891100D-06
37  3 -2.36974224138651100D-06  9.90477144582637200D-10 -3.35024229098401100D-22  0.00000000000000000D+00  0.00000000000000000D+00
37  4 -5.00705628193586300D-09  0.00000000000000000D+00  0.00000000000000000D+00  8.20495862888186100D-09 -2.57276987128921500D-06
37  5  2.57382109658586300D-06 -1.05122415362328500D-09  3.63877778425621500D-22  0.00000000000000000D+00  0.00000000000000000D+00
37  6 -2.28360656830679400D-09 -5.21269838556354300D-09  1.04526757660642200D-08  0.00000000000000000D+00  0.00000000000000000D+00
37  7  1.99556005398647900D-08  0.00000000000000000D+00  0.00000000000000000D+00 -2.17338144761533700D-08 -3.10862003011701900D-02
37  8  3.10862933768050300D-02 -9.30756173988091800D-08  4.39576197524461100D-18  0.00000000000000000D+00  0.00000000000000000D+00
37  9 -1.10874353333575100D-08  0.00000000000000000D+00  0.00000000000000000D+00  1.01942330650998200D-08  8.81756194454607000D-01
37 10 -8.81758830216399100D-01  2.63576182163897300D-06 -1.24685239880727800D-16  0.00000000000000000D+00  0.00000000000000000D+00
38  1  0.00000000000000000D+00  0.00000000000000000D+00  0.00000000000000000D+00  1.97838739293400700D-19  3.23105851404223800D-03
38  2  0.00000000000000000D+00 -5.60570927169273600D-19 -9.15512034409355100D-03  0.00000000000000000D+00  0.00000000000000000D+00
38  3  0.00000000000000000D+00  0.00000000000000000D+00  0.00000000000000000D+00 -1.07755124742926900D-19 -1.75983285415088000D-03
38  4  0.00000000000000000D+00  9.96655449907321600D-19  1.62771562763242200D-02  0.00000000000000000D+00  0.00000000000000000D+00
38  5  0.00000000000000000D+00  0.00000000000000000D+00  0.00000000000000000D+00  1.16346207441934100D-19  1.90014051582831300D-03
38  6  0.00000000000000000D+00  0.00000000000000000D+00  0.00000000000000000D+00 -5.93293466124381900D-17 -9.68953760973930200D-01
38  7  0.00000000000000000D+00  7.72715363146597300D-17  1.26198163309329900D+00  0.00000000000000000D+00  0.00000000000000000D+00
38  8  0.00000000000000000D+00  0.00000000000000000D+00  0.00000000000000000D+00  9.20419613417236800D-21  1.50320894635949100D-04
38  9  0.00000000000000000D+00 -2.82410311857566000D-17 -4.61226272387164400D-01  0.00000000000000000D+00  0.00000000000000000D+00
38 10  0.00000000000000000D+00  0.00000000000000000D+00  0.00000000000000000D+00  3.39053470760206900D-19  5.53734626154626100D-03
39  1  0.00000000000000000D+00  0.00000000000000000D+00  0.00000000000000000D+00  3.23105846317381400D-03 -1.97838736178710900D-19
39  2  0.00000000000000000D+00 -9.15512020848373300D-03  5.60570918865841300D-19  0.00000000000000000D+00  0.00000000000000000D+00
39  3  0.00000000000000000D+00  0.00000000000000000D+00  0.00000000000000000D+00 -1.75983283044894900D-03  1.07755123291650100D-19
39  4  0.00000000000000000D+00  1.62771560686937700D-02 -9.96655437194042900D-19  0.00000000000000000D+00  0.00000000000000000D+00
39  5  0.00000000000000000D+00  0.00000000000000000D+00  0.00000000000000000D+00  1.90014049256917400D-03 -1.16346206017769600D-19
39  6  0.00000000000000000D+00  0.00000000000000000D+00  0.00000000000000000D+00 -9.68953781099019100D-01  5.93293478447037800D-17
39  7  0.00000000000000000D+00  1.26198161633733800D+00 -7.72715352886868800D-17  0.00000000000000000D+00  0.00000000000000000D+00
39  8  0.00000000000000000D+00  0.00000000000000000D+00  0.00000000000000000D+00  1.50320795228749200D-04 -9.20419004743793800D-21
39  9  0.00000000000000000D+00 -4.61226267579974300D-01  2.82410308914108200D-17  0.00000000000000000D+00  0.00000000000000000D+00
39 10  0.00000000000000000D+00  0.00000000000000000D+00  0.00000000000000000D+00  5.53734674063268000D-03 -3.39053500094820600D-19
40  1 -3.81179726901224500D-03 -1.60668880928828400D-02  3.88810596911172500D-02  0.00000000000000000D+00  0.00000000000000000D+00
40  2  3.03837819765039100D-02  0.00000000000000000D+00  0.00000000000000000D+00 -4.33696069160100600D-02 -7.66396145426483100D-03
40  3 -7.66396145000899300D-03  1.53279229042737300D-02  3.00899205605295300D-28  0.00000000000000000D+00  0.00000000000000000D+00
40  4 -3.59831000750773400D-02  0.00000000000000000D+00  0.00000000000000000D+00 -6.97902060380890100D-03  8.35691478696696600D-03
40  5  8.35691478304317000D-03 -1.67138295700104500D-02 -2.77422889955192700D-28  0.00000000000000000D+00  0.00000000000000000D+00
40  6  2.12349879731799200D-04  1.29284808388346100D-04 -3.43667428493763300D-03  0.00000000000000000D+00  0.00000000000000000D+00
40  7 -9.69265314833759900D-01  0.00000000000000000D+00  0.00000000000000000D+00  1.26368400718535100D+00 -9.13927738147677800D-05
40  8 -9.13928242387221800D-05  1.82785598052823900D-04 -3.56510875261974100D-27  0.00000000000000000D+00  0.00000000000000000D+00
40  9  7.94486411020544800D-03  0.00000000000000000D+00  0.00000000000000000D+00 -4.65830997330369600D-01 -3.57694894232496700D-03
40 10 -3.57694868511769200D-03  7.15389762744271100D-03  1.81852437991468200D-26  0.00000000000000000D+00  0.00000000000000000D+00
41  1  1.36426401158795300D-02  6.55108936250073200D-02 -1.10738969213238800D-01  0.00000000000000000D+00  0.00000000000000000D+00
41  2  9.44823918326583400D-03  0.00000000000000000D+00  0.00000000000000000D+00 -3.20699853293816100D-02  2.32364490211127700D-03
41  3  2.32364489864498000D-03 -4.64728980075594800D-03 -2.45076487279095800D-28  0.00000000000000000D+00  0.00000000000000000D+00
41  4  6.26144467615903600D-02  0.00000000000000000D+00  0.00000000000000000D+00  6.69255766347645200D-02 -2.51389391852862000D-03
41  5 -2.51389391396972800D-03  5.02778783249777600D-03  3.22325874386208100D-28  0.00000000000000000D+00  0.00000000000000000D+00
41  6 -7.44664995650030100D-01 -1.75479317680505600D+00  2.20410570750705100D+00  0.00000000000000000D+00  0.00000000000000000D+00
41  7  1.50472291668121200D-03  0.00000000000000000D+00  0.00000000000000000D+00 -3.10686341608698400D-03  6.22142303842224000D-06
41  8  6.22154090219529800D-06 -1.24429639411403300D-05  8.33328472466762400D-27  0.00000000000000000D+00  0.00000000000000000D+00
41  9 -7.85998232796558600D-01  0.00000000000000000D+00  0.00000000000000000D+00  6.83887072118848200D-03  1.08890207844148700D-04
41 10  1.08893845977999900D-04 -2.17784053822144700D-04  2.57225816404882000D-25  0.00000000000000000D+00  0.00000000000000000D+00
42  1  6.90879345752983200D-06  1.88592200483816500D-04  4.48243279803021900D-04  0.00000000000000000D+00  0.00000000000000000D+00
42  2  3.01730002276406500D-03  0.00000000000000000D+00  0.00000000000000000D+00 -4.75423068375053200D-03 -7.08125862869557900D-05
42  3 -7.08125885155210500D-05  1.41625174802475000D-04 -1.57565538541282600D-28  0.00000000000000000D+00  0.00000000000000000D+00
42  4 -1.14102187915752600D-03  0.00000000000000000D+00  0.00000000000000000D+00  1.26282942289658500D-03  7.67787756427507800D-05
42  5  7.67787776488412300D-05 -1.53557553291345200D-04  1.41835972156658300D-28  0.00000000000000000D+00  0.00000000000000000D+00
42  6  6.90268401437666600D-06  2.82747071361055700D-05  2.50124261787892200D-05  0.00000000000000000D+00  0.00000000000000000D+00
42  7 -5.02687867985424700D-04  0.00000000000000000D+00  0.00000000000000000D+00  4.98585377640024600D-04  5.84758155284083600D-01
42  8  5.84752031729059500D-01 -1.16951018701314300D+00 -4.32951756243449600D-22  0.00000000000000000D+00  0.00000000000000000D+00
42  9 -1.36453805158329200D-04  0.00000000000000000D+00  0.00000000000000000D+00 -2.16919689797873300D-04 -2.88242166336167200D-01
42 10 -2.88239147696020200D-01  5.76481314032187400D-01  2.13425950779075000D-22  0.00000000000000000D+00  0.00000000000000000D+00
43  1  0.00000000000000000D+00  0.00000000000000000D+00  0.00000000000000000D+00  1.72209677521641500D-04 -1.05444532641352400D-20
43  2  0.00000000000000000D+00 -6.48051022057884800D-05  3.96803699606585700D-21  0.00000000000000000D+00  0.00000000000000000D+00
43  3  0.00000000000000000D+00  0.00000000000000000D+00  0.00000000000000000D+00  1.55440152822273800D-05 -9.51764993926388900D-22
43  4  0.00000000000000000D+00 -6.69256284961586600D-04  4.09787749449759200D-20  0.00000000000000000D+00  0.00000000000000000D+00
43  5  0.00000000000000000D+00  0.00000000000000000D+00  0.00000000000000000D+00 -1.67200969088957700D-05  1.02377684555798300D-21
43  6  0.00000000000000000D+00  0.00000000000000000D+00  0.00000000000000000D+00  3.80093484386955300D-04 -2.32732448013376000D-20
43  7  0.00000000000000000D+00 -2.93429388717870100D-04  1.79667746911059900D-20  0.00000000000000000D+00  0.00000000000000000D+00
43  8  0.00000000000000000D+00  0.00000000000000000D+00  0.00000000000000000D+00  1.16950732829995600D+00 -7.16093052538979200D-17
43  9  0.00000000000000000D+00 -3.47939981821198000D-06  2.13044756243540800D-22  0.00000000000000000D+00  0.00000000000000000D+00
43 10  0.00000000000000000D+00  0.00000000000000000D+00  0.00000000000000000D+00 -5.76480436698053200D-01  3.52980802817367300D-17
44  1  0.00000000000000000D+00  0.00000000000000000D+00  0.00000000000000000D+00  1.05444533062886200D-20  1.72209678210081100D-04
44  2  0.00000000000000000D+00 -3.96803740411841900D-21 -6.48051088700126600D-05  0.00000000000000000D+00  0.00000000000000000D+00
44  3  0.00000000000000000D+00  0.00000000000000000D+00  0.00000000000000000D+00  9.51765268146458500D-22  1.55440197607288800D-05
44  4  0.00000000000000000D+00 -4.09787751063504900D-20 -6.69256287597120300D-04  0.00000000000000000D+00  0.00000000000000000D+00
44  5  0.00000000000000000D+00  0.00000000000000000D+00  0.00000000000000000D+00 -1.02377724582030600D-21 -1.67201034458914700D-05
44  6  0.00000000000000000D+00  0.00000000000000000D+00  0.00000000000000000D+00  2.32732577243060600D-20  3.80093695442016700D-04
44  7  0.00000000000000000D+00 -1.79667736479958800D-20 -2.93429371682026500D-04  0.00000000000000000D+00  0.00000000000000000D+00
44  8  0.00000000000000000D+00  0.00000000000000000D+00  0.00000000000000000D+00  7.16093052539330300D-17  1.16950732830052900D+00
44  9  0.00000000000000000D+00 -2.13043908166210800D-22 -3.47938596760068200D-06  0.00000000000000000D+00  0.00000000000000000D+00
44 10  0.00000000000000000D+00  0.00000000000000000D+00  0.00000000000000000D+00 -3.52980802828221200D-17 -5.76480436715779400D-01
45  1  1.23871504837728900D-11  5.29633695367873500D-10  1.42346032601714100D-09  0.00000000000000000D+00  0.00000000000000000D+00
45  2  9.11921429127707200D-09  0.00000000000000000D+00  0.00000000000000000D+00 -1.43585438703010700D-08  4.49278920913002800D-07
45  3 -4.49711256012213200D-07  4.32332702634793800D-10 -6.35610155242366700D-23  0.00000000000000000D+00  0.00000000000000000D+00
45  4 -3.48694638533326500D-09  0.00000000000000000D+00  0.00000000000000000D+00  3.77878735086714700D-09 -4.79320656601144200D-07
45  5  4.79788861344681600D-07 -4.68203620250779300D-10  6.78116141025076100D-23  0.00000000000000000D+00  0.00000000000000000D+00
45  6 -1.22180915521571000D-11 -8.81884686496056300D-11 -1.00863594903873700D-09  0.00000000000000000D+00  0.00000000000000000D+00
45  7 -1.52321516037547300D-09  0.00000000000000000D+00  0.00000000000000000D+00  1.54719015605370900D-09 -1.01282235345908800D+00
45  8  1.01282588889777500D+00 -3.53543872101003600D-06  1.43218761098651900D-16  0.00000000000000000D+00  0.00000000000000000D+00
45  9  2.77617966948609100D-10  0.00000000000000000D+00  0.00000000000000000D+00 -6.68136006877694000D-10  4.99281358067552500D-01
45 10 -4.99283100792814800D-01  1.74272520630430100D-06 -7.06011841960923200D-17  0.00000000000000000D+00  0.00000000000000000D+00
46  1  0.00000000000000000D+00  0.00000000000000000D+00  0.00000000000000000D+00  0.00000000000000000D+00  0.00000000000000000D+00
46  2  0.00000000000000000D+00  0.00000000000000000D+00  0.00000000000000000D+00  0.00000000000000000D+00  5.50454533829528300D-23
46  3 -5.50454533829528300D-23  0.00000000000000000D+00  5.19032213561785300D-07  0.00000000000000000D+00  0.00000000000000000D+00
46  4  0.00000000000000000D+00  0.00000000000000000D+00  0.00000000000000000D+00  0.00000000000000000D+00 -5.87265797944017500D-23
46  5  5.87265797944017500D-23  0.00000000000000000D+00 -5.53742131862263700D-07  0.00000000000000000D+00  0.00000000000000000D+00
46  6  0.00000000000000000D+00  0.00000000000000000D+00  0.00000000000000000D+00  0.00000000000000000D+00  0.00000000000000000D+00
46  7  0.00000000000000000D+00  0.00000000000000000D+00  0.00000000000000000D+00  0.00000000000000000D+00 -1.24031085410518200D-16
46  8  1.24031085410518200D-16  0.00000000000000000D+00 -1.16950855801342100D+00  0.00000000000000000D+00  0.00000000000000000D+00
46  9  0.00000000000000000D+00  0.00000000000000000D+00  0.00000000000000000D+00  0.00000000000000000D+00  6.11424190513195300D-17
46 10 -6.11424190513195300D-17  0.00000000000000000D+00  5.76521459128479100D-01  0.00000000000000000D+00  0.00000000000000000D+00
47  1  0.00000000000000000D+00  0.00000000000000000D+00  0.00000000000000000D+00  0.00000000000000000D+00  0.00000000000000000D+00
47  2  0.00000000000000000D+00  0.00000000000000000D+00  0.00000000000000000D+00  0.00000000000000000D+00  0.00000000000000000D+00
47  3  0.00000000000000000D+00  0.00000000000000000D+00  0.00000000000000000D+00  0.00000000000000000D+00  0.00000000000000000D+00
47  4  0.00000000000000000D+00  0.00000000000000000D+00  0.00000000000000000D+00  0.00000000000000000D+00  4.47213595499956700D-01
47  5  4.47213595499956500D-01  4.47213595499956000D-01  0.00000000000000000D+00  0.00000000000000000D+00  0.00000000000000000D+00
47  6  0.00000000000000000D+00  0.00000000000000000D+00  0.00000000000000000D+00  0.00000000000000000D+00  0.00000000000000000D+00
47  7  0.00000000000000000D+00  0.00000000000000000D+00  0.00000000000000000D+00  0.00000000000000000D+00  0.00000000000000000D+00
47  8  0.00000000000000000D+00  0.00000000000000000D+00  0.00000000000000000D+00  0.00000000000000000D+00  0.00000000000000000D+00
47  9  0.00000000000000000D+00  0.00000000000000000D+00  0.00000000000000000D+00  0.00000000000000000D+00  0.00000000000000000D+00
47 10  0.00000000000000000D+00  0.00000000000000000D+00  0.00000000000000000D+00  0.00000000000000000D+00  0.00000000000000000D+00
48  1  0.00000000000000000D+00  0.00000000000000000D+00  0.00000000000000000D+00  0.00000000000000000D+00  0.00000000000000000D+00
48  2  0.00000000000000000D+00  0.00000000000000000D+00  0.00000000000000000D+00  0.00000000000000000D+00  4.47213595499956400D-01
48  3  4.47213595499956700D-01  4.47213595499956000D-01  0.00000000000000000D+00  0.00000000000000000D+00  0.00000000000000000D+00
48  4  0.00000000000000000D+00  0.00000000000000000D+00  0.00000000000000000D+00  0.00000000000000000D+00  0.00000000000000000D+00
48  5  0.00000000000000000D+00  0.00000000000000000D+00  0.00000000000000000D+00  0.00000000000000000D+00  0.00000000000000000D+00
48  6  0.00000000000000000D+00  0.00000000000000000D+00  0.00000000000000000D+00  0.00000000000000000D+00  0.00000000000000000D+00
48  7  0.00000000000000000D+00  0.00000000000000000D+00  0.00000000000000000D+00  0.00000000000000000D+00  0.00000000000000000D+00
48  8  0.00000000000000000D+00  0.00000000000000000D+00  0.00000000000000000D+00  0.00000000000000000D+00  0.00000000000000000D+00
48  9  0.00000000000000000D+00  0.00000000000000000D+00  0.00000000000000000D+00  0.00000000000000000D+00  0.00000000000000000D+00
48 10  0.00000000000000000D+00  0.00000000000000000D+00  0.00000000000000000D+00  0.00000000000000000D+00  0.00000000000000000D+00
49  1  0.00000000000000000D+00  0.00000000000000000D+00  0.00000000000000000D+00  0.00000000000000000D+00  0.00000000000000000D+00
49  2  0.00000000000000000D+00  0.00000000000000000D+00  0.00000000000000000D+00  0.00000000000000000D+00  0.00000000000000000D+00
49  3  0.00000000000000000D+00  0.00000000000000000D+00  0.00000000000000000D+00  0.00000000000000000D+00  0.00000000000000000D+00
49  4  0.00000000000000000D+00  0.00000000000000000D+00  0.00000000000000000D+00  0.00000000000000000D+00  0.00000000000000000D+00
49  5  0.00000000000000000D+00  0.00000000000000000D+00  0.00000000000000000D+00  0.00000000000000000D+00  0.00000000000000000D+00
49  6  0.00000000000000000D+00  0.00000000000000000D+00  0.00000000000000000D+00  0.00000000000000000D+00  0.00000000000000000D+00
49  7  0.00000000000000000D+00  0.00000000000000000D+00  0.00000000000000000D+00  0.00000000000000000D+00  0.00000000000000000D+00
49  8  0.00000000000000000D+00  0.00000000000000000D+00  0.00000000000000000D+00  0.00000000000000000D+00  0.00000000000000000D+00
49  9  0.00000000000000000D+00  0.00000000000000000D+00  0.00000000000000000D+00  0.00000000000000000D+00  4.47213595496255200D-01
49 10  4.47213595503658200D-01  4.47213595499956700D-01  0.00000000000000000D+00  0.00000000000000000D+00  0.00000000000000000D+00
50  1  0.00000000000000000D+00  0.00000000000000000D+00  0.00000000000000000D+00  0.00000000000000000D+00  0.00000000000000000D+00
50  2  0.00000000000000000D+00  0.00000000000000000D+00  0.00000000000000000D+00  0.00000000000000000D+00  0.00000000000000000D+00
50  3  0.00000000000000000D+00  0.00000000000000000D+00  0.00000000000000000D+00  0.00000000000000000D+00  0.00000000000000000D+00
50  4  0.00000000000000000D+00  0.00000000000000000D+00  0.00000000000000000D+00  0.00000000000000000D+00  0.00000000000000000D+00
50  5  0.00000000000000000D+00  0.00000000000000000D+00  0.00000000000000000D+00  0.00000000000000000D+00  0.00000000000000000D+00
50  6  0.00000000000000000D+00  0.00000000000000000D+00  0.00000000000000000D+00  0.00000000000000000D+00  0.00000000000000000D+00
50  7  0.00000000000000000D+00  0.00000000000000000D+00  0.00000000000000000D+00  0.00000000000000000D+00 -4.47213595496228400D-01
50  8 -4.47213595503684100D-01 -4.47213595499956200D-01  0.00000000000000000D+00  0.00000000000000000D+00  0.00000000000000000D+00
50  9  0.00000000000000000D+00  0.00000000000000000D+00  0.00000000000000000D+00  0.00000000000000000D+00  0.00000000000000000D+00
50 10  0.00000000000000000D+00  0.00000000000000000D+00  0.00000000000000000D+00  0.00000000000000000D+00  0.00000000000000000D+00
 $END
 POPULATION ANALYSIS
LI           2.00032   0.99968   2.00120   0.99880
F            9.99968  -0.99968   9.99880  -0.99880
 MOMENTS AT POINT    1 X,Y,Z=  0.000000  0.000000 11.040585
 DIPOLE       0.000000  0.000000-38.355874
- - - NO-S OF CI STATE  1 E=     -106.7701721529 CREATED  9:55:43  7-MAY-2026    
 $OCCNO 
    2.0000000000    2.0000000000    2.0000000000    1.9992800499    1.9992800499
    1.0212128335    0.9787192336    0.0005666763    0.0005666763    0.0002389049
    0.0001337597    0.0000007432    0.0000007432    0.0000002815    0.0000000136
    0.0000000136    0.0000000114    0.0000000026    0.0000000021    0.0000000021
    0.0000000014    0.0000000003    0.0000000002    0.0000000002    0.0000000001
    0.0000000001    0.0000000001    0.0000000001    0.0000000001    0.0000000000
    0.0000000000    0.0000000000
 $END   
 $VEC   
 1  1  1.86991602955032800D-05  8.93220891050360400D-05 -1.52375660994753000D-04  0.00000000000000000D+00  0.00000000000000000D+00
 1  2  1.43049985538816100D-05  0.00000000000000000D+00  0.00000000000000000D+00 -4.69776261728967000D-05  2.30316608642214700D-06
 1  3  2.30316581946945200D-06 -4.60633190576306100D-06  0.00000000000000000D+00  0.00000000000000000D+00  0.00000000000000000D+00
 1  4  8.73810126276711300D-05  0.00000000000000000D+00  0.00000000000000000D+00  9.56035526531704500D-05 -2.55344832793516100D-06
 1  5 -2.55344793482404800D-06  5.10689626267552800D-06  0.00000000000000000D+00  0.00000000000000000D+00  0.00000000000000000D+00
 1  6 -1.00068501636092200D+00 -5.11103668374718600D-04  3.37918719607036600D-03  0.00000000000000000D+00  0.00000000000000000D+00
 1  7  2.18221042413949900D-05  0.00000000000000000D+00  0.00000000000000000D+00 -1.27321155254928200D-05 -5.10583500734286600D-07
 1  8 -5.10894760716966500D-07  1.02147826139539500D-06  0.00000000000000000D+00  0.00000000000000000D+00  0.00000000000000000D+00
 1  9 -1.11052365572178600D-03  0.00000000000000000D+00  0.00000000000000000D+00  1.42795675120441200D-05  6.35287297215183000D-08
 1 10  6.35603059529438600D-08 -1.27089035674584100D-07  0.00000000000000000D+00  0.00000000000000000D+00  0.00000000000000000D+00
 2  1  1.00008347600793200D+00 -1.08783154611680200D-03 -1.08016267894520100D-03  0.00000000000000000D+00  0.00000000000000000D+00
 2  2 -6.91720251770360700D-04  0.00000000000000000D+00  0.00000000000000000D+00  5.88499153328029400D-04  1.62932912391213300D-05
 2  3  1.62932909497246700D-05 -3.25865821888667800D-05  0.00000000000000000D+00  0.00000000000000000D+00  0.00000000000000000D+00
 2  4  1.31337728901700900D-03  0.00000000000000000D+00  0.00000000000000000D+00 -5.72682587760295400D-05 -1.16383572717523600D-05
 2  5 -1.16383567196457200D-05  2.32767139913750800D-05  0.00000000000000000D+00  0.00000000000000000D+00  0.00000000000000000D+00
 2  6 -8.30868994074288600D-06 -1.50414542764227200D-05  4.98823334434002900D-05  0.00000000000000000D+00  0.00000000000000000D+00
 2  7  1.47135410938919100D-06  0.00000000000000000D+00  0.00000000000000000D+00 -7.91657936845274600D-06 -1.21896271175497800D-08
 2  8 -1.21896462962095300D-08  2.43792733246565300D-08  0.00000000000000000D+00  0.00000000000000000D+00  0.00000000000000000D+00
 2  9 -8.68279615340176000D-05  0.00000000000000000D+00  0.00000000000000000D+00  2.97207253898455300D-05  6.99744662072042500D-08
 2 10  6.99743310558659800D-08 -1.39948797263056300D-07  0.00000000000000000D+00  0.00000000000000000D+00  0.00000000000000000D+00
 3  1  1.27956399071390900D-04  5.94462285104179400D-04 -1.07136598229313500D-03  0.00000000000000000D+00  0.00000000000000000D+00
 3  2  4.67865107890693100D-05  0.00000000000000000D+00  0.00000000000000000D+00 -2.69628742637213400D-04  1.13649830992453400D-05
 3  3  1.13649067185139600D-05 -2.27298898177543700D-05  0.00000000000000000D+00  0.00000000000000000D+00  0.00000000000000000D+00
 3  4  6.61155432829406600D-04  0.00000000000000000D+00  0.00000000000000000D+00  7.08017887304558500D-04 -1.08983809462004000D-05
 3  5 -1.08982627376628200D-05  2.17966436839452700D-05  0.00000000000000000D+00  0.00000000000000000D+00  0.00000000000000000D+00
 3  6  6.34798835629419700D-03 -4.90916207914400700D-01 -5.54495745017039800D-01  0.00000000000000000D+00  0.00000000000000000D+00
 3  7  4.49017115385757200D-04  0.00000000000000000D+00  0.00000000000000000D+00  1.07971826468290900D-03 -3.01420649692972000D-06
 3  8 -3.01580112277186400D-06  6.03000761972059900D-06  0.00000000000000000D+00  0.00000000000000000D+00  0.00000000000000000D+00
 3  9 -5.63345382856105200D-02  0.00000000000000000D+00  0.00000000000000000D+00  6.49289214775106400D-04  5.25993864598682100D-05
 3 10  5.26023613659421600D-05 -1.05201747825810100D-04  0.00000000000000000D+00  0.00000000000000000D+00  0.00000000000000000D+00
 4  1  0.00000000000000000D+00  0.00000000000000000D+00  0.00000000000000000D+00  0.00000000000000000D+00  1.13968624840078200D-04
 4  2  0.00000000000000000D+00  0.00000000000000000D+00 -2.81805220881681900D-04  0.00000000000000000D+00  0.00000000000000000D+00
 4  3  0.00000000000000000D+00  0.00000000000000000D+00  0.00000000000000000D+00  0.00000000000000000D+00 -6.20729582346858700D-05
 4  4  0.00000000000000000D+00  0.00000000000000000D+00  4.56699153187922900D-04  0.00000000000000000D+00  0.00000000000000000D+00
 4  5  0.00000000000000000D+00  0.00000000000000000D+00  0.00000000000000000D+00  0.00000000000000000D+00  6.75976642148744800D-05
 4  6  0.00000000000000000D+00  0.00000000000000000D+00  0.00000000000000000D+00 -9.87421319491175700D-09  6.50291070327634700D-01
 4  7  0.00000000000000000D+00 -7.59772485009800600D-09  5.00367163748380100D-01  0.00000000000000000D+00  0.00000000000000000D+00
 4  8  0.00000000000000000D+00  0.00000000000000000D+00  0.00000000000000000D+00  0.00000000000000000D+00 -6.60086825106254300D-05
 4  9  0.00000000000000000D+00 -1.57629122502499100D-10  1.03810655259871900D-02  0.00000000000000000D+00  0.00000000000000000D+00
 4 10  0.00000000000000000D+00  0.00000000000000000D+00  0.00000000000000000D+00  1.79111816861763300D-11 -1.17958655255579500D-03
 5  1  0.00000000000000000D+00  0.00000000000000000D+00  0.00000000000000000D+00 -1.13968651056225800D-04  0.00000000000000000D+00
 5  2  0.00000000000000000D+00  2.81805297521308400D-04  0.00000000000000000D+00  0.00000000000000000D+00  0.00000000000000000D+00
 5  3  0.00000000000000000D+00  0.00000000000000000D+00  0.00000000000000000D+00  6.20729840982992000D-05  0.00000000000000000D+00
 5  4  0.00000000000000000D+00 -4.56699306350186200D-04  0.00000000000000000D+00  0.00000000000000000D+00  0.00000000000000000D+00
 5  5  0.00000000000000000D+00  0.00000000000000000D+00  0.00000000000000000D+00 -6.75976938502072900D-05  0.00000000000000000D+00
 5  6  0.00000000000000000D+00  0.00000000000000000D+00  0.00000000000000000D+00 -6.50291040204808700D-01 -9.87421365154492400D-09
 5  7  0.00000000000000000D+00 -5.00367198759777000D-01 -7.59772431763418600D-09  0.00000000000000000D+00  0.00000000000000000D+00
 5  8  0.00000000000000000D+00  0.00000000000000000D+00  0.00000000000000000D+00  6.60084600947075800D-05  0.00000000000000000D+00
 5  9  0.00000000000000000D+00 -1.03810605212890600D-02 -1.57629199282956200D-10  0.00000000000000000D+00  0.00000000000000000D+00
 5 10  0.00000000000000000D+00  0.00000000000000000D+00  0.00000000000000000D+00  1.17958572877060900D-03  1.79111941968718100D-11
 6  1 -1.86068178179950900D-03 -7.07530906822943300D-01  8.95336006270723400D-03  0.00000000000000000D+00  0.00000000000000000D+00
 6  2  4.76442909760820100D-04  0.00000000000000000D+00  0.00000000000000000D+00 -1.74419344203244000D-03 -3.41410097429064800D-04
 6  3 -3.41410073135520600D-04  6.82820170564466200D-04  0.00000000000000000D+00  0.00000000000000000D+00  0.00000000000000000D+00
 6  4 -6.81778381223103200D-03  0.00000000000000000D+00  0.00000000000000000D+00 -3.86286522039290100D-04  4.41463063418478500D-04
 6  5  4.41463010566194500D-04 -8.82926073984623100D-04  0.00000000000000000D+00  0.00000000000000000D+00  0.00000000000000000D+00
 6  6  2.88949215785593400D-04  1.41939388343634400D-03  2.48463131469200100D-04  0.00000000000000000D+00  0.00000000000000000D+00
 6  7  4.63163153436231200D-01  0.00000000000000000D+00  0.00000000000000000D+00  3.59887949081212100D-01  3.04396718775118600D-05
 6  8  3.04396345013925900D-05 -6.08793063788723100D-05  0.00000000000000000D+00  0.00000000000000000D+00  0.00000000000000000D+00
 6  9  1.05066861290017600D-04  0.00000000000000000D+00  0.00000000000000000D+00 -5.54503577021450900D-03  4.94137417554780300D-04
 6 10  4.94137579375965700D-04 -9.88274996930746400D-04  0.00000000000000000D+00  0.00000000000000000D+00  0.00000000000000000D+00
 7  1  1.48838587965510400D-03  7.13209102675794500D-01 -5.24015058850614200D-03  0.00000000000000000D+00  0.00000000000000000D+00
 7  2  1.70638530722502700D-03  0.00000000000000000D+00  0.00000000000000000D+00 -1.32480947981652300D-03 -2.10408161889072400D-04
 7  3 -2.10408203491383700D-04  4.20816365380449700D-04  0.00000000000000000D+00  0.00000000000000000D+00  0.00000000000000000D+00
 7  4  3.62964374972085900D-03  0.00000000000000000D+00  0.00000000000000000D+00 -5.10368987643654600D-04  1.64685278619860000D-04
 7  5  1.64685351771538800D-04 -3.29370630391496300D-04  0.00000000000000000D+00  0.00000000000000000D+00  0.00000000000000000D+00
 7  6  2.72562939070231100D-04  9.84624710439480400D-04 -5.99816949549684100D-04  0.00000000000000000D+00  0.00000000000000000D+00
 7  7  4.59553393294302400D-01  0.00000000000000000D+00  0.00000000000000000D+00  3.58735440849995300D-01  2.31385541981953900D-05
 7  8  2.31385135652662300D-05 -4.62770677633648200D-05  0.00000000000000000D+00  0.00000000000000000D+00  0.00000000000000000D+00
 7  9  5.83183322896741600D-04  0.00000000000000000D+00  0.00000000000000000D+00 -1.23222574107288200D-02  4.90080644055232900D-04
 7 10  4.90080741972091900D-04 -9.80161386027324700D-04  0.00000000000000000D+00  0.00000000000000000D+00  0.00000000000000000D+00
 8  1  0.00000000000000000D+00  0.00000000000000000D+00  0.00000000000000000D+00  1.24997629362834800D-03 -1.00734636904440200D-09
 8  2  0.00000000000000000D+00 -1.57697546934524900D-02  1.27087359053141500D-08  0.00000000000000000D+00  0.00000000000000000D+00
 8  3  0.00000000000000000D+00  0.00000000000000000D+00  0.00000000000000000D+00 -1.58433107524674800D-03  1.27693676423440300D-09
 8  4  0.00000000000000000D+00  2.73453447187160100D-02 -2.20374290468274300D-08  0.00000000000000000D+00  0.00000000000000000D+00
 8  5  0.00000000000000000D+00  0.00000000000000000D+00  0.00000000000000000D+00  9.80801584686878700D-04 -7.90534949790200600D-10
 8  6  0.00000000000000000D+00  0.00000000000000000D+00  0.00000000000000000D+00  1.27124658816421700D-01 -1.02448906045781800D-07
 8  7  0.00000000000000000D+00  3.82555612071949200D-01 -3.08298984382051800D-07  0.00000000000000000D+00  0.00000000000000000D+00
 8  8  0.00000000000000000D+00  0.00000000000000000D+00  0.00000000000000000D+00 -2.24533394493211200D-04  1.80949968315758400D-10
 8  9  0.00000000000000000D+00 -1.15094613040229800D+00  9.27539735600066100D-07  0.00000000000000000D+00  0.00000000000000000D+00
 8 10  0.00000000000000000D+00  0.00000000000000000D+00  0.00000000000000000D+00  1.01817527073857600D-03 -8.20540547076867100D-10
 9  1  0.00000000000000000D+00  0.00000000000000000D+00  0.00000000000000000D+00 -1.00734908972332100D-09 -1.24997638795354400D-03
 9  2  0.00000000000000000D+00  1.27087416850088600D-08  1.57697546220266500D-02  0.00000000000000000D+00  0.00000000000000000D+00
 9  3  0.00000000000000000D+00  0.00000000000000000D+00  0.00000000000000000D+00  1.27668820184593200D-09  1.58433123698583200D-03
 9  4  0.00000000000000000D+00 -2.20374295842553700D-08 -2.73453446119908300D-02  0.00000000000000000D+00  0.00000000000000000D+00
 9  5  0.00000000000000000D+00  0.00000000000000000D+00  0.00000000000000000D+00 -7.90326505025637400D-10 -9.80801779077188100D-04
 9  6  0.00000000000000000D+00  0.00000000000000000D+00  0.00000000000000000D+00 -1.02448906572247400D-07 -1.27124658115231800D-01
 9  7  0.00000000000000000D+00 -3.08298991941771800D-07 -3.82555602610257700D-01  0.00000000000000000D+00  0.00000000000000000D+00
 9  8  0.00000000000000000D+00  0.00000000000000000D+00  0.00000000000000000D+00  1.80949950863462800D-10  2.24533416236130900D-04
 9  9  0.00000000000000000D+00  9.27539736897581700D-07  1.15094612843256000D+00  0.00000000000000000D+00  0.00000000000000000D+00
 9 10  0.00000000000000000D+00  0.00000000000000000D+00  0.00000000000000000D+00 -8.20540595840922200D-10 -1.01817521185838300D-03
10  1 -6.92076536086997700D-03 -3.71436151607056900D-02  7.05622050871552200D-02  0.00000000000000000D+00  0.00000000000000000D+00
10  2  4.97004839105251000D-02  0.00000000000000000D+00  0.00000000000000000D+00 -7.20298103328354900D-02 -1.11210864059209800D-02
10  3 -1.11210863847894900D-02  2.22421727907102000D-02  0.00000000000000000D+00  0.00000000000000000D+00  0.00000000000000000D+00
10  4 -6.53944078679542200D-02  0.00000000000000000D+00  0.00000000000000000D+00 -1.45489667951364800D-02  1.23832152646760100D-02
10  5  1.23832153193603000D-02 -2.47664305840364900D-02  0.00000000000000000D+00  0.00000000000000000D+00  0.00000000000000000D+00
10  6  1.30322219505940000D-03  8.98108658560392700D-04 -1.22195822311565900D-02  0.00000000000000000D+00  0.00000000000000000D+00
10  7  1.14721454852879900D-01  0.00000000000000000D+00  0.00000000000000000D+00  3.73855448611315200D-01  1.30354044820646200D-04
10  8  1.30354040201104200D-04 -2.60708085021658100D-04  0.00000000000000000D+00  0.00000000000000000D+00  0.00000000000000000D+00
10  9  2.00881807279627800D-02  0.00000000000000000D+00  0.00000000000000000D+00 -1.15661692658710400D+00 -5.83933049958399600D-04
10 10 -5.83933043021800300D-04  1.16786609298020000D-03  0.00000000000000000D+00  0.00000000000000000D+00  0.00000000000000000D+00
11  1  1.91249738637955000D-02  9.30590590440569700D-02 -1.56669410864259400D-01  0.00000000000000000D+00  0.00000000000000000D+00
11  2  1.22919617586816700D-02  0.00000000000000000D+00  0.00000000000000000D+00 -4.61852252189966600D-02  2.23384441230242700D-03
11  3  2.23384429227384800D-03 -4.46768870457619300D-03  0.00000000000000000D+00  0.00000000000000000D+00  0.00000000000000000D+00
11  4  9.10705251888747300D-02  0.00000000000000000D+00  0.00000000000000000D+00  9.81468273289217400D-02 -2.31163484737168300D-03
11  5 -2.31163463401601300D-03  4.62326948138744300D-03  0.00000000000000000D+00  0.00000000000000000D+00  0.00000000000000000D+00
11  6 -5.84875767524154900D-02  5.30094765004645900D-02  9.02199767411869800D-01  0.00000000000000000D+00  0.00000000000000000D+00
11  7 -3.66067495431568500D-04  0.00000000000000000D+00  0.00000000000000000D+00  1.20469187788821400D-03 -3.60529695298644300D-05
11  8 -3.60523672024859500D-05  7.21053367321309900D-05  0.00000000000000000D+00  0.00000000000000000D+00  0.00000000000000000D+00
11  9 -1.44610811228591300D+00  0.00000000000000000D+00  0.00000000000000000D+00  4.47437263612515700D-04  2.12190915709236800D-04
11 10  2.12198767320834300D-04 -4.24389683030070800D-04  0.00000000000000000D+00  0.00000000000000000D+00  0.00000000000000000D+00
12  1  0.00000000000000000D+00  0.00000000000000000D+00  0.00000000000000000D+00  8.03445236225328200D-01 -2.86530133008244500D-07
12  2  0.00000000000000000D+00  1.11497615422139200D-01 -3.97832736948930800D-08  0.00000000000000000D+00  2.21005155495372100D-10
12  3 -2.22722390667464100D-10  0.00000000000000000D+00 -1.65246877085872900D-11 -1.91308899182362600D-01  6.84794604599282600D-08
12  4  0.00000000000000000D+00  1.43269628260793500D-01 -5.12186640014971900D-08  0.00000000000000000D+00 -1.71996931117574100D-10
12  5  1.73606861029356500D-10  0.00000000000000000D+00  1.31547409613901100D-11  4.00315082047410600D-01 -1.43145645139088900D-07
12  6  0.00000000000000000D+00  0.00000000000000000D+00  0.00000000000000000D+00  6.38723345683737400D-04 -2.27874535134286300D-10
12  7  0.00000000000000000D+00  3.84270214577355700D-03 -1.37171738752517900D-09  0.00000000000000000D+00  0.00000000000000000D+00
12  8  0.00000000000000000D+00  0.00000000000000000D+00  0.00000000000000000D+00 -2.80381078729096100D-05  1.00097554203598700D-11
12  9  0.00000000000000000D+00 -1.34492013272839600D-02  4.80155699091094800D-09  0.00000000000000000D+00  0.00000000000000000D+00
12 10  0.00000000000000000D+00  0.00000000000000000D+00  0.00000000000000000D+00  6.37309094366265100D-05 -2.27539072434369100D-11
13  1  0.00000000000000000D+00  0.00000000000000000D+00  0.00000000000000000D+00  2.86636919838984800D-07  8.03445240920202500D-01
13  2  0.00000000000000000D+00  3.97697630713574700D-08  1.11497609732839900D-01  0.00000000000000000D+00  1.98352928050968200D-10
13  3 -1.97826954156344300D-10  0.00000000000000000D+00 -1.47110920391903600D-11 -6.82553838712483300D-08 -1.91308889860702100D-01
13  4  0.00000000000000000D+00  5.11111171881790200D-08  1.43269635602381000D-01  0.00000000000000000D+00 -1.54335722643767400D-10
13  5  1.54024383786243000D-10  0.00000000000000000D+00  1.17043463606515600D-11  1.42816332561535200D-07  4.00315060716059500D-01
13  6  0.00000000000000000D+00  0.00000000000000000D+00  0.00000000000000000D+00  2.27865949107449500D-10  6.38723317878534600D-04
13  7  0.00000000000000000D+00  1.37087931285525900D-09  3.84270209208597400D-03  0.00000000000000000D+00  0.00000000000000000D+00
13  8  0.00000000000000000D+00  0.00000000000000000D+00  0.00000000000000000D+00 -1.00024947460671900D-11 -2.80381040270232700D-05
13  9  0.00000000000000000D+00 -4.79798448325496100D-09 -1.34492014051497700D-02  0.00000000000000000D+00  0.00000000000000000D+00
13 10  0.00000000000000000D+00  0.00000000000000000D+00  0.00000000000000000D+00  2.27358235624793700D-11  6.37310209557289100D-05
14  1  4.83751997449448600D-03  2.87132301377294800D-02 -3.31326410593910400D-02  0.00000000000000000D+00  0.00000000000000000D+00
14  2 -6.60788069878302400D-01  0.00000000000000000D+00  0.00000000000000000D+00 -3.43445583614661900D-01 -1.41453205005123700D-01
14  3 -1.41453203909758500D-01  2.82906408914882300D-01  0.00000000000000000D+00  0.00000000000000000D+00  0.00000000000000000D+00
14  4  5.73199760208187000D-03  0.00000000000000000D+00  0.00000000000000000D+00  6.84894210350854400D-02  2.79548547059185300D-01
14  5  2.79548544815162800D-01 -5.59097091874348300D-01  0.00000000000000000D+00  0.00000000000000000D+00  0.00000000000000000D+00
14  6  4.16390871837720100D-04  4.38752855154830800D-04 -4.58027259866446300D-03  0.00000000000000000D+00  0.00000000000000000D+00
14  7  5.70987310425721300D-04  0.00000000000000000D+00  0.00000000000000000D+00  6.21514057330530900D-03  4.74734183414394100D-05
14  8  4.74734189242047000D-05 -9.49468372657865500D-05  0.00000000000000000D+00  0.00000000000000000D+00  0.00000000000000000D+00
14  9  7.21341934297653800D-03  0.00000000000000000D+00  0.00000000000000000D+00 -2.54350144249314100D-02 -8.88029649274121000D-05
14 10 -8.88029634981520900D-05  1.77605928425563700D-04  0.00000000000000000D+00  0.00000000000000000D+00  0.00000000000000000D+00
15  1  1.48331063833826400D-10  8.39768243465926400D-10 -9.58821957703139500D-10 -4.17854222575050400D-01 -1.86561455391804900D-01
15  2  1.67118841969908400D-10  8.81831852595453900D-01  3.93715858459855700D-01 -1.14561819820716700D-10  1.70081971210755200D-11
15  3 -3.68171225543912000D-10  3.51163028422836900D-10 -3.17698490633618100D-11 -3.86066584291364800D-01 -1.72369084258578300D-01
15  4  1.08219462926254700D-10 -9.80959944178898400D-01 -4.37974070701636500D-01 -1.00343945661683800D-10  0.00000000000000000D+00
15  5  3.23892176697968700D-10 -3.26934820011520700D-10  2.64700471996036700D-11  7.96795333838648300D-01  3.55749211392346400D-01
15  6  0.00000000000000000D+00  0.00000000000000000D+00  0.00000000000000000D+00  1.56018212557020600D-04  6.96582335406088400D-05
15  7  0.00000000000000000D+00 -7.50078011118261400D-03 -3.34891060319447200D-03  0.00000000000000000D+00  0.00000000000000000D+00
15  8  0.00000000000000000D+00  0.00000000000000000D+00  0.00000000000000000D+00  6.32568661828727300D-05  2.82426079801750200D-05
15  9  1.52282363941165500D-11  3.09496854387966000D-02  1.38182601496784800D-02  0.00000000000000000D+00  0.00000000000000000D+00
15 10  0.00000000000000000D+00  0.00000000000000000D+00  0.00000000000000000D+00 -1.88698056657974900D-04 -8.42489627355325900D-05
16  1  4.36890654201022800D-11  2.38064771182725700D-10 -2.98463181848233100D-10 -1.86561459840295500D-01  4.17854212602812000D-01
16  2 -3.44043860174697000D-11  3.93715867555157100D-01 -8.81831832205092400D-01  5.18821963321791900D-11  3.05035707501281000D-11
16  3 -7.41454865481250600D-11  4.36419157979970400D-11  1.66679452960379600D-11 -1.72369074437155000D-01  3.86066606350302000D-01
16  4  6.91299706222689000D-11 -4.37974081254777700D-01  9.80959920531643500D-01 -3.64498630946089000D-11 -2.67218889403048700D-11
16  5  6.04820032476633100D-11 -3.37601143073585000D-11 -1.38900871701742200D-11  3.55749188771271000D-01 -7.96795384566890100D-01
16  6  0.00000000000000000D+00  0.00000000000000000D+00  0.00000000000000000D+00  6.96582298951191100D-05 -1.56018220723487000D-04
16  7  0.00000000000000000D+00 -3.34891072504511300D-03  7.50077983820703800D-03  0.00000000000000000D+00  0.00000000000000000D+00
16  8  0.00000000000000000D+00  0.00000000000000000D+00  0.00000000000000000D+00  2.82426086957376100D-05 -6.32568645797521200D-05
16  9  0.00000000000000000D+00  1.38182604963951400D-02 -3.09496846619498400D-02  0.00000000000000000D+00  0.00000000000000000D+00
16 10  0.00000000000000000D+00  0.00000000000000000D+00  0.00000000000000000D+00 -8.42489629576120700D-05  1.88698056159386600D-04
17  1 -4.28400048642425500D-03  1.78337524860015300D-01  3.77810493226000200D-01  4.88034479076266700D-11  1.41958030211331600D-11
17  2  1.56210396521406200D+00 -1.56707726903912900D-10 -6.02745762525177500D-11 -1.57271855505911000D+00 -4.04877267710849700D-01
17  3 -4.04877270417997700D-01  8.09754538128847600D-01 -1.34383221237651700D-10 -7.94223276917678000D-10 -3.52439888841947400D-10
17  4 -8.16150632137708000D-01  2.01461576481441000D-10  8.78584346076556600D-11 -7.91421704343339300D-02  3.78423406976801300D-01
17  5  3.78423413570678200D-01 -7.56846820547479600D-01  1.11992763759201300D-10  5.79888870775998600D-10  2.55610245588398200D-10
17  6  3.68675509924400600D-03  5.84094701093796900D-03 -3.37813237493488400D-02  0.00000000000000000D+00  0.00000000000000000D+00
17  7  1.19208988263714600D-03  0.00000000000000000D+00  0.00000000000000000D+00  1.49301744031792700D-02  7.25832620775253800D-05
17  8  7.25832624373032000D-05 -1.45166524514445200D-04  0.00000000000000000D+00  0.00000000000000000D+00  0.00000000000000000D+00
17  9  8.59669354938827800D-02  0.00000000000000000D+00  0.00000000000000000D+00 -6.67619115496030600D-02 -1.20281124641049900D-04
17 10 -1.20280933737341400D-04  2.40562058378391800D-04  0.00000000000000000D+00  0.00000000000000000D+00  0.00000000000000000D+00
18  1  5.24323646043424700D-01  2.79545754842679600D+00 -3.68653950977308500D+00 -5.23879770643273600D-09 -2.70625786735932500D-10
18  2  5.79002922665912100D-01  2.60212179800062700D-10  1.46931555297328700D-10 -9.07783687894497700D-01 -3.21909604096816000D-01
18  3 -3.21909656733034200D-01  6.43819260829851300D-01 -2.36314803540256200D-09 -2.63841136744039600D-08 -1.50619992726766900D-09
18  4  1.07521868140689500D+00  5.78178107872515400D-09  1.63387269187003600D-10  8.79474412187759900D-01  3.48195517273433300D-01
18  5  3.48195571269393600D-01 -6.96391088542828200D-01  1.97376129627053900D-09  2.86608755872966200D-08  1.36894756409636400D-09
18  6 -8.50410731147907400D-03 -1.37035148734649000D-02  7.60401056994469100D-02  0.00000000000000000D+00  0.00000000000000000D+00
18  7  1.33482743151119000D-03  4.39700030475059500D-11  0.00000000000000000D+00 -9.61222030056732200D-03 -6.80600916848020000D-06
18  8 -6.80600910925345500D-06  1.36120182777707500D-05  0.00000000000000000D+00  0.00000000000000000D+00  0.00000000000000000D+00
18  9 -2.09924408336384800D-01 -1.92486631239163400D-10  0.00000000000000000D+00  4.53792412615902800D-02  1.27756663093120700D-04
18 10  1.27756193221727000D-04 -2.55512856314848200D-04  0.00000000000000000D+00  0.00000000000000000D+00  0.00000000000000000D+00
19  1  1.52006677946907200D-09  1.03259785586936000D-08 -6.91441526195517900D-09 -5.31428869825807400D-01  3.57708795208043700D-03
19  2 -2.11330844526580300D-08  4.08977204838049600D-02 -2.75285276911350600D-04  3.12024532089348200D-08  5.98688360043429000D-09
19  3 -6.07805705695744300D-09  9.11734565231568500D-11 -6.73279641949195400D-10 -1.20698126886456900D+00  8.12428609337846600D-03
19  4 -5.71829402921638800D-09  5.64030035922504000D-01 -3.79652948000962700D-03 -2.19952221691371600D-08 -5.59668813116945900D-09
19  5  4.48744223636375300D-09  1.10924589480571100D-09  5.62750805937407100D-10  1.75027962919822800D+00 -1.17812679930662600D-02
19  6  1.66064792140035600D-10  2.71616490781873200D-10 -1.45176968414484200D-09  5.08290571050373400D-05 -3.42134456095325200D-07
19  7 -1.56793939355921700D-11  4.38153883871281200D-03 -2.94924736936215700D-05  9.31496308414204300D-11  0.00000000000000000D+00
19  8  0.00000000000000000D+00  0.00000000000000000D+00  0.00000000000000000D+00 -3.76896852512329500D-05  2.53692151667095100D-07
19  9  4.00321052626703000D-09 -1.86897761586540500D-02  1.25802318004963900D-04 -5.04014020812632800D-10  0.00000000000000000D+00
19 10  0.00000000000000000D+00  0.00000000000000000D+00  0.00000000000000000D+00  9.39621648959941600D-05 -6.32466829125651400D-07
20  1 -2.14966970163924800D-08 -9.38568975353745100D-08  1.86419024454277400D-07  3.57708861075181000D-03  5.31428833304070800D-01
20  2 -5.30193728628500700D-08 -2.75285937973025100D-04 -4.08976703108142500D-02  4.33681815038854100D-08 -7.18104119334588300D-10
20  3 -8.45722876160889400D-10  1.56382699549544600D-09 -1.79969918815964200D-10  8.12428094143253500D-03  1.20698124951431300D+00
20  4 -1.26368657481218200D-07 -3.79652953824746200D-03 -5.64030077391957300D-01  4.85484813761713700D-08  1.28217659571932600D-08
20  5  1.29283121191714800D-08 -2.57500780763647000D-08  1.50423767351676000D-10 -1.17812645939414300D-02 -1.75027959945556100D+00
20  6 -1.17778743810877100D-10 -2.05361559370660500D-10  9.03458771818008300D-10 -3.42134200300607800D-07 -5.08290495450673300D-05
20  7 -2.92503390785323400D-11 -2.94924756706448800D-05 -4.38153910008886800D-03  2.27890855314596000D-10  0.00000000000000000D+00
20  8  0.00000000000000000D+00  0.00000000000000000D+00  0.00000000000000000D+00  2.53692177648800300D-07  3.76896864445768400D-05
20  9 -2.30604381462113700D-09  1.25802322357356000D-04  1.86897774612347300D-02 -1.02649289387132200D-09  0.00000000000000000D+00
20 10  0.00000000000000000D+00  1.90024051373887100D-11  0.00000000000000000D+00 -6.32466584990897000D-07 -9.39622168572076500D-05
21  1  4.91237874511632900D-01  2.82641276546612200D+00 -3.10150389439656200D+00  1.09034271964930900D-08 -1.98222887842957200D-09
21  2 -1.05911350037133100D+00 -9.61590230477118400D-10  6.33362450611461800D-10  1.46186756675096000D+00 -1.76373816519936100D-01
21  3 -1.76373985731944800D-01  3.52747802251881700D-01 -9.66947466339576900D-09 -3.38052750445034400D-08 -3.58385519550142800D-09
21  4  1.83064782214522500D-01 -1.12877003499084200D-08  1.59281437210993600D-09 -7.08026767560354200D-01  1.94851199883682400D-01
21  5  1.94851334030727400D-01 -3.89702533914410300D-01  8.09367921860188100D-09  9.79022543145452800D-09  5.05596518852914500D-09
21  6  4.49612797505916000D-03  7.51253898320775200D-03 -3.80598396111523600D-02  0.00000000000000000D+00  0.00000000000000000D+00
21  7 -1.58622258703915800D-04 -9.13289063755801500D-11  1.28086835862688400D-11 -1.99017456823606700D-04 -4.11168566133903900D-05
21  8 -4.11168553077842600D-05  8.22337119209968700D-05  0.00000000000000000D+00  0.00000000000000000D+00  0.00000000000000000D+00
21  9  1.04678008299514300D-01  3.69260471140911200D-10 -5.43615725349585500D-11 -2.54301814134271900D-03  8.82025483411055600D-05
21 10  8.82028123282109400D-05 -1.76405360669316400D-04  0.00000000000000000D+00  0.00000000000000000D+00  0.00000000000000000D+00
22  1  6.79467905675723200D-02  5.19995407084384600D-01 -2.09733262153312700D-01  3.34585527766871900D-09 -9.43917515245078000D-09
22  2 -2.50010302154160000D-01 -7.46446905308460700D-09 -2.01916509993317500D-10 -1.84194879380744400D-01  3.45639481048427700D-01
22  3  3.45639604153839800D-01 -6.91279085202267700D-01  4.34533354043592900D-09  4.28542786740620300D-08 -1.02793327569761600D-09
22  4 -4.86269885672090800D-01  4.23174543949543800D-09  1.10027125320307300D-08  3.61985432818754900D-01 -7.02849873838373800D-01
22  5 -7.02850339270183500D-01  1.40570021310855800D+00 -4.16185654726621400D-09 -2.75852647966204000D-08  1.65678235382956500D-08
22  6 -1.04713142316325400D-03 -1.56425133692091700D-03  1.01133111608290500D-02  0.00000000000000000D+00  0.00000000000000000D+00
22  7 -7.23325124462659300D-04  3.02286055430103100D-11  8.61232126564067600D-11  4.11957199552839700D-03  4.08502706008823300D-05
22  8  4.08502708710587600D-05 -8.17005414720575500D-05  0.00000000000000000D+00  0.00000000000000000D+00  0.00000000000000000D+00
22  9 -3.07724695079082300D-02 -1.14702934714535000D-10 -3.59965797014098600D-10 -1.24153809100392700D-02 -1.14668083216572900D-04
22 10 -1.14668125887529400D-04  2.29336209104102200D-04  0.00000000000000000D+00  0.00000000000000000D+00  0.00000000000000000D+00
23  1 -2.58296142184176600D-08 -1.01135029229045600D-07  2.43834923814691400D-07  2.53135993872301600D-01 -2.77528462081244800D-02
23  2 -8.41768659199275600D-08 -4.38108726147667600D-01  4.80325409791552300D-02  9.33406029857329500D-08 -2.18579427827208000D-07
23  3  2.38791751975047500D-07 -2.02123241478395900D-08  2.53904164950930400D-08  2.05358640427265300D+00 -2.25147272968644500D-01
23  4 -1.98118069355206900D-07  1.84857400279016000D-01 -2.02670516405600300D-02  6.44587714894389400D-08  2.53557598168691200D-07
23  5 -1.73577783130636800D-07 -7.99798150380544300D-08 -2.37121178563575800D-08 -1.35352663508718900D+00  1.48395427788731800D-01
23  6 -1.16481611878499300D-10 -2.09034584168355300D-10  8.33986060787566800D-10 -1.76623033831264700D-04  1.93642660267892300D-05
23  7 -4.33758492999931600D-11  1.24824654991745300D-03 -1.36852940201904500D-04  2.90624929316960000D-10  0.00000000000000000D+00
23  8  0.00000000000000000D+00  0.00000000000000000D+00  0.00000000000000000D+00 -8.41936951931407700D-06  9.23067321008299400D-07
23  9 -1.95939575301730400D-09 -4.69451736398841100D-03  5.14688791590233600D-04 -1.41898041269354300D-09 -1.12860111728505200D-11
23 10 -1.14326701916726800D-11  2.27186815914908700D-11  0.00000000000000000D+00  3.83855570954635900D-05 -4.20844265687334300D-06
24  1  3.60935092889957800D-09  1.73991360814353500D-08 -2.85017900276391800D-08  2.77528923908295600D-02  2.53136225331158100D-01
24  2  6.57250400811299900D-09 -4.80325928215956400D-02 -4.38108991984635300D-01 -9.41916740586334500D-10 -2.66085235449591300D-08
24  3  2.90215630813377400D-08 -2.41303953637862200D-09  4.38085520618738300D-09  2.25147259823252400D-01  2.05358634406524000D+00
24  4  1.46921003570144600D-08  2.02670540359429700D-02  1.84857435309636600D-01 -7.37503801678673500D-09  2.92358353666569100D-08
24  5 -2.27166693712992500D-08 -6.51916599535766400D-09 -4.09126827557616800D-09 -1.48395413285626400D-01 -1.35352657400260400D+00
24  6  2.25993271701556700D-11  3.83329300288747100D-11 -1.83227954498692800D-10 -1.93642661036464300D-05 -1.76623029309863400D-04
24  7  0.00000000000000000D+00  1.36852916625766600D-04  1.24824664233489900D-03 -4.39225180293267800D-11  0.00000000000000000D+00
24  8  0.00000000000000000D+00  0.00000000000000000D+00  0.00000000000000000D+00 -9.23066754927971600D-07 -8.41936897786434700D-06
24  9  4.97461705116231000D-10 -5.14688720850072900D-04 -4.69451788626686100D-03  1.70324837601589600D-10  0.00000000000000000D+00
24 10  0.00000000000000000D+00  0.00000000000000000D+00  0.00000000000000000D+00  4.20844380876067200D-06  3.83855431013270900D-05
25  1 -2.72047929033264500D-10 -1.60172784851618500D-09  1.65453328732194100D-09  4.13007463240544400D-09  1.06541908916032200D-09
25  2  2.60251944441820600D-10 -5.30036483407586400D-09 -1.26831111202770200D-09 -7.30242887573315000D-10  1.10130323211634400D-05
25  3 -1.10134722831744700D-05  4.39962011025748000D-10 -8.49496596630651400D-01  6.98457192293892000D-09  1.52835471786686200D-10
25  4  4.49356378674563400D-11  1.03278035814661800D-09  1.60781241629956600D-10  2.59786646517885500D-10 -2.22987176641876600D-05
25  5  2.22980383093361300D-05  6.79354851519851600D-10  1.72077288274442300D+00 -4.17405445270719300D-09  5.90859884309076100D-11
25  6  0.00000000000000000D+00  0.00000000000000000D+00  1.41157317271927000D-11  0.00000000000000000D+00  0.00000000000000000D+00
25  7  0.00000000000000000D+00  0.00000000000000000D+00  0.00000000000000000D+00  0.00000000000000000D+00  0.00000000000000000D+00
25  8  0.00000000000000000D+00  0.00000000000000000D+00 -3.56502721836417600D-08  0.00000000000000000D+00  0.00000000000000000D+00
25  9 -3.94549147671400100D-11 -1.88816552262647600D-11  0.00000000000000000D+00  0.00000000000000000D+00  0.00000000000000000D+00
25 10  0.00000000000000000D+00  0.00000000000000000D+00  5.74796199859616900D-07  0.00000000000000000D+00  0.00000000000000000D+00
26  1 -1.60301988615903700D-07 -7.09244070442402000D-07  1.37421064387292000D-06  4.29719513982757000D-08 -8.95394077644477100D-10
26  2 -3.84924380048902400D-07 -5.51106453740413000D-08  9.55535196218575600D-10  2.78112210808470500D-07  7.35696699595790200D-01
26  3 -7.35696706711023100D-01  7.11523292507581800D-09  1.26978318809947200D-05  7.21448307595461600D-08  1.29151135039928900D-09
26  4 -9.05218114471525100D-07  1.07079744308028400D-08 -1.58457576219132300D-11  3.60744265781386600D-07 -1.49024156618748000D+00
26  5  1.49024165396033600D+00 -8.77728564446607900D-08 -2.57330869624837100D-05 -4.30705237111298800D-08 -9.97002364954517500D-10
26  6 -8.96384353088521400D-10 -1.54819838651893600D-09  6.96179879437991700D-09  0.00000000000000000D+00  0.00000000000000000D+00
26  7 -2.40661063996730900D-10  4.69465565555996500D-11  0.00000000000000000D+00  1.80531041652943200D-09  3.08928880597864700D-08
26  8 -3.08557349184880200D-08 -3.73409581885814100D-11  0.00000000000000000D+00  0.00000000000000000D+00  0.00000000000000000D+00
26  9 -1.80474010413228100D-08 -1.95384737523443900D-10  0.00000000000000000D+00 -7.82953863024008500D-09 -4.97866146755286100D-07
26 10  4.97716038435462500D-07  1.49081365984745700D-10  0.00000000000000000D+00  0.00000000000000000D+00  0.00000000000000000D+00
27  1 -3.02076213129483100D-01 -1.43656862966752100D+00  2.41928784465850900D+00  9.71796244365636800D-08 -5.99824291170755500D-08
27  2 -6.09013600595667100D-01 -9.03019636824594600D-08  1.47647753199303700D-08  5.80648109592364100D-01 -2.79637780952680400D-01
27  3 -2.79640341983457100D-01  5.59278122936137300D-01 -1.03474624103669700D-07 -3.74492734958525600D-07 -5.25310914987233700D-08
27  4 -1.30848205411173100D+00 -1.26496570878954600D-08  5.25573395926173100D-08  4.65509312526981600D-01  4.20842261901779400D-01
27  5  4.20843137534370600D-01 -8.41685399436150000D-01  8.06500405635388800D-08  2.70588440369938300D-07  1.16783267403858600D-07
27  6 -1.21855471214644700D-03 -2.22023970477912000D-03  8.62945921190667700D-03  2.92959978722086300D-11  0.00000000000000000D+00
27  7  3.04348071273291700D-06 -1.90827711229611800D-10  4.20257838477041300D-10  9.57623581229680400D-04  1.33412709303388200D-05
27  8  1.33412718324707300D-05 -2.66825427624771800D-05  0.00000000000000000D+00  0.00000000000000000D+00  0.00000000000000000D+00
27  9 -2.03324450502812500D-02  6.27222315940666800D-10 -1.76602943395324800D-09 -6.98076967762113300D-03 -7.35582778558174900D-05
27 10 -7.35583185407319600D-05  1.47116596396548500D-04  0.00000000000000000D+00  0.00000000000000000D+00  0.00000000000000000D+00
28  1 -3.19824851613609700D-09 -1.40371329969118800D-08  2.76118852954019600D-08 -9.99638265317157700D-02  1.93269436877883800D+00
28  2 -7.41965848531409900D-09  1.15054602525922500D-01 -2.22445842882532500D+00  6.49954329487098100D-09 -5.78849038656114700D-09
28  3  6.41062481756640600D-09 -6.22134431005265600D-10 -2.21307431650191100D-09  3.22250495321165500D-02 -6.23037958182880100D-01
28  4 -1.85124996785556600D-08 -1.07924719520179200D-02  2.08660921617361500D-01  6.90033946409021200D-09  5.63360792733934500D-09
28  5 -1.25765430192249300D-09 -4.37595362541684700D-09  1.25013607130386300D-09 -3.61569862553757600D-02  6.99057490270330800D-01
28  6 -1.60209621279760900D-11 -2.80969166357433600D-11  1.21431997598382100D-10 -7.86186077439707100D-07  1.52001474988761100D-05
28  7  0.00000000000000000D+00  4.15051499131529800D-06 -8.02462527794900100D-05  3.24786229542840400D-11  0.00000000000000000D+00
28  8  0.00000000000000000D+00  0.00000000000000000D+00  0.00000000000000000D+00 -7.61253891995543800D-07  1.47180371455629300D-05
28  9 -3.06465497535350700D-10  4.46494003619653400D-05 -8.63247112296183600D-04 -1.47807763885242200D-10  0.00000000000000000D+00
28 10  0.00000000000000000D+00  0.00000000000000000D+00  0.00000000000000000D+00  2.23972914022225800D-07 -4.33033546545525400D-06
29  1 -1.53882661758414600D-08 -6.63003862584871900D-08  1.34967982059588600D-07 -1.93269438721177400D+00 -9.99638160470852900D-02
29  2 -3.72648573068078300D-08  2.22445846823107900D+00  1.15054584528519600D-01  3.62493071441699200D-08 -7.13551865824890500D-08
29  3  7.58508310838271400D-08 -4.49564450133813300D-09  8.29801610930460700D-09  6.23037745059590400D-01  3.22251359595481900D-02
29  4 -9.40019228874539600D-08 -2.08660935866455600D-01 -1.07924648298884600D-02  3.37238068675647700D-08  5.67903055448239800D-08
29  5 -2.63661712608298700D-08 -3.04241342839940900D-08 -4.68688454275070600D-09 -6.99057360729140900D-01 -3.61570432358476700D-02
29  6 -7.49106784288769200D-11 -1.32298115183720500D-10  5.59479970491060700D-10 -1.52001264314368700D-05 -7.86193621584232300D-07
29  7 -2.01527342730895100D-11  8.02461504161917300D-05  4.15056305948053700D-06  1.49630316995814900D-10  0.00000000000000000D+00
29  8  0.00000000000000000D+00  0.00000000000000000D+00  0.00000000000000000D+00 -1.47180381763606600D-05 -7.61254122371599600D-07
29  9 -1.38655105801479500D-09  8.63247455984708700D-04  4.46492230424033500D-05 -7.05607859950040800D-10  0.00000000000000000D+00
29 10  0.00000000000000000D+00  1.24346733270018500D-11  0.00000000000000000D+00  4.33028949526114500D-06  2.23976631634195100D-07
30  1  1.42200857068194300D-01  8.66835295444646300D-01 -8.13516993250627300D-01  2.70805233458969300D-08 -1.35123063838910200D-08
30  2  4.39821406494330600D-01 -2.24761548456143900D-08  4.67559624703532800D-09 -4.77637270080069800D-01  1.03250036175376600D+00
30  3  1.03249953464247400D+00 -2.06499989639624100D+00 -3.60320424918370100D-08 -1.51931226607387600D-07 -1.42879034867932300D-08
30  4 -1.42284125631507000D-01 -6.41844392811278400D-09  1.03705743408840100D-08  1.37617528011841700D-01 -7.28522316814689000D-01
30  5 -7.28521839793375600D-01  1.45704415660806600D+00  2.86908215999749200D-08  1.08521951694975700D-07  2.61881132995295100D-08
30  6 -1.36409005595616900D-05  2.19973372933881600D-04  1.94104296663907800D-03  1.20913987032897700D-11  0.00000000000000000D+00
30  7 -9.53999005004067100D-04 -7.68453127585480700D-11  8.40179082945508800D-11  4.19001951318804500D-03  2.74056161961420300D-05
30  8  2.74056172426579200D-05 -5.48112334388050000D-05  0.00000000000000000D+00  0.00000000000000000D+00  0.00000000000000000D+00
30  9 -9.31366788649367300D-03  2.58304405284282300D-10 -3.53602779315173200D-10 -1.11491526757382600D-02 -7.10696427527685600D-05
30 10 -7.10696429053022400D-05  1.42139285658070600D-04  0.00000000000000000D+00  0.00000000000000000D+00  0.00000000000000000D+00
31  1 -1.91772155834590500D-07 -8.36288267264276300D-07  1.66486169832914100D-06  5.51398400526317700D-08 -2.35124454823368200D-09
31  2 -4.55825063562498500D-07 -5.03863408963029900D-08  3.02810781530049900D-09  4.18265158795889900D-07 -2.02983415689875500D+00
31  3  2.02983417780966700D+00 -2.09109126782055300D-08  3.37702413713675300D-01 -2.33063093169814900D-07 -1.81062393781592500D-09
31  4 -1.13151351057662300D-06 -7.98448807913175200D-09 -4.96165056786202800D-10  4.17519707867090600D-07  1.57315415987282800D+00
31  5 -1.57315382973689900D+00 -3.30135929743063600D-07 -2.61725593838202300D-01  1.68562071995447300D-07  8.54187985301208400D-10
31  6 -9.75124355800338700D-10 -1.70653233054217500D-09  7.33955345278462000D-09  1.83545103010251600D-11  0.00000000000000000D+00
31  7 -2.42253696040260800D-10 -1.14996123544461800D-10  0.00000000000000000D+00  1.83480895193606900D-09 -4.92998736922555600D-08
31  8  4.93351902949872500D-08 -3.50016310943354200D-11  8.20494221182755400D-09  0.00000000000000000D+00  0.00000000000000000D+00
31  9 -1.84072966695382400D-08  3.77445609192788000D-10  0.00000000000000000D+00 -8.56930096618959300D-09  5.45639395787057600D-07
31 10 -5.45793549473216600D-07  1.56049107205452100D-10 -9.07908203771336800D-08  0.00000000000000000D+00  0.00000000000000000D+00
32  1 -1.88120227422635700D-08 -8.33459261236153500D-08  1.61083822811777900D-07  2.64498460848100100D-09 -2.77255773171694600D-09
32  2 -4.24142790048765100D-08 -2.42960313388571000D-09  3.09602104251667800D-09  3.68715667909972700D-08 -2.92458308935536600D-01
32  3  2.92458308485519000D-01  4.50017541420866700D-10 -2.34385514552071600D+00 -1.09171585820473200D-08  1.69672908526406500D-09
32  4 -1.05790415063130300D-07 -3.65359426078449900D-10 -1.82611758704202400D-10  4.01073290619026500D-08  2.26659891797359300D-01
32  5 -2.26659863702916800D-01 -2.80944426317709400D-08  1.81653096041283300D+00  7.90548117724698600D-09 -1.48395656601655300D-09
32  6 -9.80097668234026700D-11 -1.70628825167128900D-10  7.42632117988581700D-10  0.00000000000000000D+00  0.00000000000000000D+00
32  7 -2.24903089638524600D-11  0.00000000000000000D+00  0.00000000000000000D+00  1.74622745220446200D-10 -7.10389365489362000D-09
32  8  7.10743684235188700D-09  0.00000000000000000D+00 -5.69471682268959000D-08  0.00000000000000000D+00  0.00000000000000000D+00
32  9 -1.87929110969495800D-09  1.75524319118758800D-11  0.00000000000000000D+00 -8.08666235469697300D-10  7.86193386798504700D-08
32 10 -7.86342159728543800D-08  1.51503850846423200D-11  6.30142178894066700D-07  0.00000000000000000D+00  0.00000000000000000D+00
 $END   
 POPULATION ANALYSIS
LI           2.99962   0.00038   3.00031  -0.00031
F            9.00038  -0.00038   8.99969   0.00031
 MOMENTS AT POINT    1 X,Y,Z=  0.000000  0.000000 11.040585
 DIPOLE       0.000000  0.000000  0.000870
