 $DATA
 LiF single-point properties R=1.40 Ang                                         
CNV      2

LI          3.0      0.0000000000      0.0000000000      0.0000000000
   S          9
     1      1469.0000000000  0.00076600
     2       220.5000000000  0.00589200
     3        50.2600000000  0.02967100
     4        14.2400000000  0.10918000
     5         4.5810000000  0.28278900
     6         1.5800000000  0.45312300
     7         0.5640000000  0.27477400
     8         0.0734500000  0.00975100
     9         0.0280500000 -0.00318000
   S          9
     1      1469.0000000000 -0.00012000
     2       220.5000000000 -0.00092300
     3        50.2600000000 -0.00468900
     4        14.2400000000 -0.01768200
     5         4.5810000000 -0.04890200
     6         1.5800000000 -0.09600900
     7         0.5640000000 -0.13638000
     8         0.0734500000  0.57510200
     9         0.0280500000  0.51766100
   S          1
     1         0.0280500000  1.00000000
   P          4
     1         1.5340000000  0.02278400
     2         0.2749000000  0.13910700
     3         0.0736200000  0.50037500
     4         0.0240300000  0.50847400
   P          1
     1         0.0240300000  1.00000000
   D          1
     1         0.1144000000  1.00000000
   S          1
     1         0.0086000000  1.00000000
   P          1
     1         0.0058000000  1.00000000
   D          1
     1         0.0733000000  1.00000000
           
F           9.0      0.0000000000      0.0000000000      1.4000000000
   S          8
     1     14710.0000000000  0.00072100
     2      2207.0000000000  0.00555300
     3       502.8000000000  0.02826700
     4       142.6000000000  0.10644400
     5        46.4700000000  0.28681400
     6        16.7000000000  0.44864100
     7         6.3560000000  0.26476100
     8         1.3160000000  0.01533300
   S          8
     1     14710.0000000000 -0.00016500
     2      2207.0000000000 -0.00130800
     3       502.8000000000 -0.00649500
     4       142.6000000000 -0.02669100
     5        46.4700000000 -0.07369000
     6        16.7000000000 -0.17077600
     7         6.3560000000 -0.11232700
     8         1.3160000000  0.56281400
   S          1
     1         0.3897000000  1.00000000
   P          3
     1        22.6700000000  0.04487800
     2         4.9770000000  0.23571800
     3         1.3470000000  0.50852100
   P          1
     1         0.3471000000  1.00000000
   D          1
     1         1.6400000000  1.00000000
   S          1
     1         0.0986300000  1.00000000
   P          1
     1         0.0850200000  1.00000000
   D          1
     1         0.4640000000  1.00000000
           
 $END      
--- RHF ORBITALS --- GENERATED AT  9:34:19  7-MAY-2026    
 LiF single-point properties R=1.40 Ang                                         
E(RHF)=     -106.9445993862, E(NUC)=   10.2055604915,   10 ITERS
 $VEC
 1  1 -1.03125524765223800D-04 -5.10536775006694900D-04 -7.81936799550200800D-05  0.00000000000000000D+00  0.00000000000000000D+00
 1  2  7.75223700748376200D-04  0.00000000000000000D+00  0.00000000000000000D+00 -7.72596161788286300D-04 -3.74777878514006900D-04
 1  3 -3.74777878514233300D-04  7.49555757028421600D-04 -1.60062833971807900D-32  0.00000000000000000D+00  0.00000000000000000D+00
 1  4  9.65785191533209700D-05  0.00000000000000000D+00  0.00000000000000000D+00  1.10842463682918300D-04  1.76367287153755000D-04
 1  5  1.76367287153929300D-04 -3.52734574307931500D-04  1.23259516440783100D-32  0.00000000000000000D+00  0.00000000000000000D+00
 1  6  1.00089230586192100D+00  1.00442889825575400D-03 -4.36222272163976400D-03  0.00000000000000000D+00  0.00000000000000000D+00
 1  7 -2.90774670232300000D-04  0.00000000000000000D+00  0.00000000000000000D+00  2.31501424890181700D-04 -2.20078920822177800D-05
 1  8 -2.20078920821519700D-05  4.40157841643381500D-05  4.65307683829494300D-33  0.00000000000000000D+00  0.00000000000000000D+00
 1  9  1.79424321519990000D-03  0.00000000000000000D+00  0.00000000000000000D+00 -4.65570430296093700D-04 -1.51163327775334300D-05
 1 10 -1.51163327775873700D-05  3.02326655551286600D-05 -3.81367983225976400D-33  0.00000000000000000D+00  0.00000000000000000D+00
 2  1 -9.77692610978179300D-01  6.41496131111598800D-02 -3.18098338916265500D-02  0.00000000000000000D+00  0.00000000000000000D+00
 2  2  5.25254394068081200D-02  0.00000000000000000D+00  0.00000000000000000D+00 -3.14839627485773700D-02 -3.16017097371485700D-03
 2  3 -3.16017097371487100D-03  6.32034194742966300D-03 -9.62964972193617900D-34  0.00000000000000000D+00  0.00000000000000000D+00
 2  4 -1.69177252324134000D-03  0.00000000000000000D+00  0.00000000000000000D+00  1.16552844771411000D-03 -1.37927862123664000D-03
 2  5 -1.37927862123668700D-03  2.75855724247327600D-03 -3.31019209191556200D-33  0.00000000000000000D+00  0.00000000000000000D+00
 2  6  8.16865825906062200D-04 -2.34387288950055500D-02 -2.12330664260784000D-02  0.00000000000000000D+00  0.00000000000000000D+00
 2  7  1.86711031009840400D-02  0.00000000000000000D+00  0.00000000000000000D+00  8.43811277790396500D-03  1.46167164186367700D-03
 2  8  1.46167164186360800D-03 -2.92334328372696500D-03 -4.82686192312051000D-33  0.00000000000000000D+00  0.00000000000000000D+00
 2  9 -4.42750545582090200D-02  0.00000000000000000D+00  0.00000000000000000D+00  7.91624432523427600D-03 -8.91975529743402100D-04
 2 10 -8.91975529743235500D-04  1.78395105948666500D-03  1.17722467850669800D-32  0.00000000000000000D+00  0.00000000000000000D+00
 3  1 -7.63317574804423800D-02  2.09777910659898500D-01 -1.23892428449215800D-01  0.00000000000000000D+00  0.00000000000000000D+00
 3  2  1.34822317897790700D-01  0.00000000000000000D+00  0.00000000000000000D+00 -8.32343120893092600D-02 -7.11820928135340600D-03
 3  3 -7.11820928135319800D-03  1.42364185627065800D-02  1.47333640745623500D-32  0.00000000000000000D+00  0.00000000000000000D+00
 3  4  1.66127041370091300D-03  0.00000000000000000D+00  0.00000000000000000D+00  2.99482144859428800D-03 -2.21241693625569300D-03
 3  5 -2.21241693625597000D-03  4.42483387251160800D-03 -1.96204113084449700D-32  0.00000000000000000D+00  0.00000000000000000D+00
 3  6 -1.10127166052476300D-02  4.81285661810860200D-01  5.71929164968707700D-01  0.00000000000000000D+00  0.00000000000000000D+00
 3  7 -2.66185685415218800D-02  0.00000000000000000D+00  0.00000000000000000D+00 -3.53548139322127600D-02 -8.64123129930615800D-04
 3  8 -8.64123129930600200D-04  1.72824625986116100D-03  1.09537265587024000D-33  0.00000000000000000D+00  0.00000000000000000D+00
 3  9 -8.00931047938209800D-02  0.00000000000000000D+00  0.00000000000000000D+00  3.49226540191328200D-02 -6.14800687747865800D-03
 3 10 -6.14800687747869300D-03  1.22960137549573500D-02 -2.40741243048404500D-33  0.00000000000000000D+00  0.00000000000000000D+00
 4  1  2.64258544113313000D-02 -6.04376998127421000D-01  3.40521939780418600D-01  0.00000000000000000D+00  0.00000000000000000D+00
 4  2 -4.62388333174423600D-01  0.00000000000000000D+00  0.00000000000000000D+00  2.78203063695309200D-01  1.79857501157626700D-02
 4  3  1.79857501157626500D-02 -3.59715002315252900D-02 -1.34815096107106500D-33  0.00000000000000000D+00  0.00000000000000000D+00
 4  4 -3.53535233967963000D-03  0.00000000000000000D+00  0.00000000000000000D+00 -1.02244916950988200D-02  1.35573355493633000D-02
 4  5  1.35573355493639700D-02 -2.71146710987273000D-02  4.73778766319260000D-32  0.00000000000000000D+00  0.00000000000000000D+00
 4  6  8.45652809598668700D-03  4.55315337788535600D-02  1.09425837399632600D-02  0.00000000000000000D+00  0.00000000000000000D+00
 4  7  6.43890968613211400D-01  0.00000000000000000D+00  0.00000000000000000D+00  4.65363058543347900D-01  1.62506464402335600D-03
 4  8  1.62506464402360600D-03 -3.25012928804662400D-03  1.77185554883625700D-32  0.00000000000000000D+00  0.00000000000000000D+00
 4  9  3.96331532558957600D-01  0.00000000000000000D+00  0.00000000000000000D+00 -1.21291104738773700D-02  1.52274551626524500D-02
 4 10  1.52274551626521300D-02 -3.04549103253045700D-02 -2.23407873548919400D-32  0.00000000000000000D+00  0.00000000000000000D+00
 5  1  0.00000000000000000D+00  0.00000000000000000D+00  0.00000000000000000D+00 -1.05198403355678100D-17 -1.71807704618420800D-01
 5  2  0.00000000000000000D+00  6.81909241370024400D-18  1.11367908428953300D-01  0.00000000000000000D+00  0.00000000000000000D+00
 5  3  0.00000000000000000D+00  0.00000000000000000D+00  0.00000000000000000D+00 -1.02540009906523600D-18 -1.67466075259963100D-02
 5  4  0.00000000000000000D+00 -4.25175407273242900D-19 -6.94387067233708700D-03  0.00000000000000000D+00  0.00000000000000000D+00
 5  5  0.00000000000000000D+00  0.00000000000000000D+00  0.00000000000000000D+00 -1.31833004516395700D-18 -2.15306745885980200D-02
 5  6  0.00000000000000000D+00  0.00000000000000000D+00  0.00000000000000000D+00 -3.83419907414149600D-17 -6.26192908794531200D-01
 5  7  0.00000000000000000D+00 -2.82608690869988200D-17 -4.61550260600687900D-01  0.00000000000000000D+00  0.00000000000000000D+00
 5  8  0.00000000000000000D+00  0.00000000000000000D+00  0.00000000000000000D+00  2.15168184954226400D-19  3.51407918606039500D-03
 5  9  0.00000000000000000D+00 -2.72585415286449000D-18 -4.45180468704290400D-02  0.00000000000000000D+00  0.00000000000000000D+00
 5 10  0.00000000000000000D+00  0.00000000000000000D+00  0.00000000000000000D+00  1.58534139489419000D-18  2.58914448703593000D-02
 6  1  0.00000000000000000D+00  0.00000000000000000D+00  0.00000000000000000D+00 -1.71807704618426000D-01  1.05198403355681300D-17
 6  2  0.00000000000000000D+00  1.11367908428952000D-01 -6.81909241370016400D-18  0.00000000000000000D+00  0.00000000000000000D+00
 6  3  0.00000000000000000D+00  0.00000000000000000D+00  0.00000000000000000D+00 -1.67466075259972600D-02  1.02540009906529400D-18
 6  4  0.00000000000000000D+00 -6.94387067233602500D-03  4.25175407273177900D-19  0.00000000000000000D+00  0.00000000000000000D+00
 6  5  0.00000000000000000D+00  0.00000000000000000D+00  0.00000000000000000D+00 -2.15306745886012800D-02  1.31833004516415600D-18
 6  6  0.00000000000000000D+00  0.00000000000000000D+00  0.00000000000000000D+00 -6.26192908794530000D-01  3.83419907414148900D-17
 6  7  0.00000000000000000D+00 -4.61550260600690500D-01  2.82608690869989800D-17  0.00000000000000000D+00  0.00000000000000000D+00
 6  8  0.00000000000000000D+00  0.00000000000000000D+00  0.00000000000000000D+00  3.51407918606036400D-03 -2.15168184954224500D-19
 6  9  0.00000000000000000D+00 -4.45180468704208200D-02  2.72585415286398700D-18  0.00000000000000000D+00  0.00000000000000000D+00
 6 10  0.00000000000000000D+00  0.00000000000000000D+00  0.00000000000000000D+00  2.58914448703595100D-02 -1.58534139489420300D-18
 7  1  4.62542087033172800D-03 -3.12134488843339100D-01  7.13053297751153500D-02  0.00000000000000000D+00  0.00000000000000000D+00
 7  2  1.47651963270109100D-01  0.00000000000000000D+00  0.00000000000000000D+00  1.97784210486703400D-01 -1.35389283287067600D-03
 7  3 -1.35389283286978800D-03  2.70778566574060200D-03  6.27973532491763100D-32  0.00000000000000000D+00  0.00000000000000000D+00
 7  4 -7.08803214475810600D-01  0.00000000000000000D+00  0.00000000000000000D+00  2.80533052347889700D-01  1.61133833043986300D-02
 7  5  1.61133833043961200D-02 -3.22267666087945000D-02 -1.77185554883625700D-31  0.00000000000000000D+00  0.00000000000000000D+00
 7  6  3.80559049118618000D-04  1.11887291011942300D-02  1.52007408984081200D-02  0.00000000000000000D+00  0.00000000000000000D+00
 7  7 -6.36655189016715900D-03  0.00000000000000000D+00  0.00000000000000000D+00 -6.58537898535334300D-03 -5.09591886268209500D-05
 7  8 -5.09591886266709200D-05  1.01918377253653000D-04  1.06069087054358000D-32  0.00000000000000000D+00  0.00000000000000000D+00
 7  9  7.60664366375729800D-02  0.00000000000000000D+00  0.00000000000000000D+00 -4.99474151239548600D-02 -2.40981379288286200D-03
 7 10 -2.40981379288271400D-03  4.81962758576560300D-03  1.04240958239959100D-32  0.00000000000000000D+00  0.00000000000000000D+00
 8  1  0.00000000000000000D+00  0.00000000000000000D+00  0.00000000000000000D+00  5.27797248819995700D-02 -3.23171932217468500D-18
 8  2  0.00000000000000000D+00 -1.44903489204518500D-01  8.87248667854428100D-18  0.00000000000000000D+00  0.00000000000000000D+00
 8  3  0.00000000000000000D+00  0.00000000000000000D+00  0.00000000000000000D+00  3.29995465469735500D-02 -2.02057271873405500D-18
 8  4  0.00000000000000000D+00  1.05430516425458300D+00 -6.45554401506953900D-17  0.00000000000000000D+00  0.00000000000000000D+00
 8  5  0.00000000000000000D+00  0.00000000000000000D+00  0.00000000000000000D+00 -7.67938663488937100D-02  4.70211283327208400D-18
 8  6  0.00000000000000000D+00  0.00000000000000000D+00  0.00000000000000000D+00 -1.45832993888243200D-02  8.92940054562412900D-19
 8  7  0.00000000000000000D+00 -1.75163877125225600D-02  1.07253398443856700D-18  0.00000000000000000D+00  0.00000000000000000D+00
 8  8  0.00000000000000000D+00  0.00000000000000000D+00  0.00000000000000000D+00 -4.60523562468959900D-04  2.81980040342202400D-20
 8  9  0.00000000000000000D+00  1.49263519867903300D-02 -9.13945274120635400D-19  0.00000000000000000D+00  0.00000000000000000D+00
 8 10  0.00000000000000000D+00  0.00000000000000000D+00  0.00000000000000000D+00  2.79525386260393000D-03 -1.71154282034565800D-19
 9  1  0.00000000000000000D+00  0.00000000000000000D+00  0.00000000000000000D+00  3.23171932217510600D-18  5.27797248820064500D-02
 9  2  0.00000000000000000D+00 -8.87248667854479800D-18 -1.44903489204527000D-01  0.00000000000000000D+00  0.00000000000000000D+00
 9  3  0.00000000000000000D+00  0.00000000000000000D+00  0.00000000000000000D+00  2.02057271873397000D-18  3.29995465469721700D-02
 9  4  0.00000000000000000D+00  6.45554401506954700D-17  1.05430516425458500D+00  0.00000000000000000D+00  0.00000000000000000D+00
 9  5  0.00000000000000000D+00  0.00000000000000000D+00  0.00000000000000000D+00 -4.70211283327207200D-18 -7.67938663488935100D-02
 9  6  0.00000000000000000D+00  0.00000000000000000D+00  0.00000000000000000D+00 -8.92940054562415800D-19 -1.45832993888243700D-02
 9  7  0.00000000000000000D+00 -1.07253398443863000D-18 -1.75163877125235900D-02  0.00000000000000000D+00  0.00000000000000000D+00
 9  8  0.00000000000000000D+00  0.00000000000000000D+00  0.00000000000000000D+00 -2.81980040342280200D-20 -4.60523562469086900D-04
 9  9  0.00000000000000000D+00  9.13945274120748400D-19  1.49263519867921800D-02  0.00000000000000000D+00  0.00000000000000000D+00
 9 10  0.00000000000000000D+00  0.00000000000000000D+00  0.00000000000000000D+00  1.71154282034581500D-19  2.79525386260418700D-03
10  1 -1.24854885059536800D-02  1.42478910354151100D-01  2.20211217100252100D-01  0.00000000000000000D+00  0.00000000000000000D+00
10  2 -2.46262602451502000D-02  0.00000000000000000D+00  0.00000000000000000D+00 -4.28244812019845700D-01 -2.01051964272808100D-02
10  3 -2.01051964272806500D-02  4.02103928545613800D-02  1.15555796663234200D-32  0.00000000000000000D+00  0.00000000000000000D+00
10  4  5.22892317409512800D-02  0.00000000000000000D+00  0.00000000000000000D+00  1.10041298929449500D+00  2.78588525807002100D-02
10  5  2.78588525807000200D-02 -5.57177051614000300D-02 -1.38666955995881000D-32  0.00000000000000000D+00  0.00000000000000000D+00
10  6  1.14062223321083200D-03 -8.22252482653682000D-03 -3.09084444278035200D-02  0.00000000000000000D+00  0.00000000000000000D+00
10  7 -5.79660981382180500D-06  0.00000000000000000D+00  0.00000000000000000D+00  5.86951014439717800D-03 -5.84446580336045900D-05
10  8 -5.84446580335135700D-05  1.16889316067329600D-04  6.43531435323766200D-33  0.00000000000000000D+00  0.00000000000000000D+00
10  9 -3.71678069345075800D-02  0.00000000000000000D+00  0.00000000000000000D+00  5.07225509800869100D-02  2.00722951297722500D-03
10 10  2.00722951297750100D-03 -4.01445902595472300D-03  1.95000406869207600D-32  0.00000000000000000D+00  0.00000000000000000D+00
11  1  6.13827836741031000D-02 -4.58141245990858000D-02 -1.59823078926956300D+00  0.00000000000000000D+00  0.00000000000000000D+00
11  2  3.48606129744876400D-02  0.00000000000000000D+00  0.00000000000000000D+00  2.41986647048170000D-01 -1.66852524154379400D-02
11  3 -1.66852524154382900D-02  3.33705048308759000D-02 -2.52296822714727900D-32  0.00000000000000000D+00  0.00000000000000000D+00
11  4  1.51412145835241800D+00  0.00000000000000000D+00  0.00000000000000000D+00  3.65990274993131200D-02  7.63208551620475500D-02
11  5  7.63208551620477000D-02 -1.52641710324095700D-01  1.07852076885685200D-32  0.00000000000000000D+00  0.00000000000000000D+00
11  6  2.73970359026317100D-03  7.87469591673508100D-03 -2.87909435664133900D-02  0.00000000000000000D+00  0.00000000000000000D+00
11  7 -1.18159034647693200D-02  0.00000000000000000D+00  0.00000000000000000D+00 -1.81229636074015300D-02  6.21255783234667500D-04
11  8  6.21255783235032300D-04 -1.24251156646939400D-03  2.57954241926365400D-32  0.00000000000000000D+00  0.00000000000000000D+00
11  9  3.40727400437493600D-01  0.00000000000000000D+00  0.00000000000000000D+00 -7.43475688097093900D-02 -6.09917946658469200D-03
11 10 -6.09917946658522000D-03  1.21983589331698800D-02 -3.72667444238930100D-32  0.00000000000000000D+00  0.00000000000000000D+00
12  1  0.00000000000000000D+00  0.00000000000000000D+00  0.00000000000000000D+00  6.43105530726270500D-18  1.05030572268213100D-01
12  2  0.00000000000000000D+00  7.29973946333453300D-17  1.19217729690031000D+00  0.00000000000000000D+00  0.00000000000000000D+00
12  3  0.00000000000000000D+00  0.00000000000000000D+00  0.00000000000000000D+00  4.70402720410193200D-18  7.68251314296908700D-02
12  4  0.00000000000000000D+00 -3.76267735855122400D-17 -6.14512140461583900D-01  0.00000000000000000D+00  0.00000000000000000D+00
12  5  0.00000000000000000D+00  0.00000000000000000D+00  0.00000000000000000D+00 -9.90730270596022800D-18 -1.61803875588860900D-01
12  6  0.00000000000000000D+00  0.00000000000000000D+00  0.00000000000000000D+00 -3.79932973040160900D-18 -6.20498124730893200D-02
12  7  0.00000000000000000D+00 -2.21050093047236600D-18 -3.61014120753612900D-02  0.00000000000000000D+00  0.00000000000000000D+00
12  8  0.00000000000000000D+00  0.00000000000000000D+00  0.00000000000000000D+00 -7.90194691557554700D-20 -1.29052848548615000D-03
12  9  0.00000000000000000D+00 -1.10619391061885700D-17 -1.80661141789128000D-01  0.00000000000000000D+00  0.00000000000000000D+00
12 10  0.00000000000000000D+00  0.00000000000000000D+00  0.00000000000000000D+00  3.39816873643622200D-19  5.54981398851880900D-03
13  1  0.00000000000000000D+00  0.00000000000000000D+00  0.00000000000000000D+00  1.05030572268249200D-01 -6.43105530726491500D-18
13  2  0.00000000000000000D+00  1.19217729690026900D+00 -7.29973946333427800D-17  0.00000000000000000D+00  0.00000000000000000D+00
13  3  0.00000000000000000D+00  0.00000000000000000D+00  0.00000000000000000D+00  7.68251314297150000D-02 -4.70402720410341100D-18
13  4  0.00000000000000000D+00 -6.14512140461578600D-01  3.76267735855119200D-17  0.00000000000000000D+00  0.00000000000000000D+00
13  5  0.00000000000000000D+00  0.00000000000000000D+00  0.00000000000000000D+00 -1.61803875588899000D-01  9.90730270596255900D-18
13  6  0.00000000000000000D+00  0.00000000000000000D+00  0.00000000000000000D+00 -6.20498124730905900D-02  3.79932973040168700D-18
13  7  0.00000000000000000D+00 -3.61014120753676800D-02  2.21050093047275800D-18  0.00000000000000000D+00  0.00000000000000000D+00
13  8  0.00000000000000000D+00  0.00000000000000000D+00  0.00000000000000000D+00 -1.29052848548659800D-03  7.90194691557828500D-20
13  9  0.00000000000000000D+00 -1.80661141789120000D-01  1.10619391061880900D-17  0.00000000000000000D+00  0.00000000000000000D+00
13 10  0.00000000000000000D+00  0.00000000000000000D+00  0.00000000000000000D+00  5.54981398852142900D-03 -3.39816873643782600D-19
14  1 -3.02457986279353600D-02  1.92469846449197000D-01  9.27248790904741000D-01  0.00000000000000000D+00  0.00000000000000000D+00
14  2 -1.04239859250186200D-01  0.00000000000000000D+00  0.00000000000000000D+00  1.37077613691804600D+00 -5.85480994098480100D-02
14  3 -5.85480994098477100D-02  1.17096198819696000D-01  2.15704153771370400D-32  0.00000000000000000D+00  0.00000000000000000D+00
14  4 -3.69650840565159900D-01  0.00000000000000000D+00  0.00000000000000000D+00 -5.04415466279633600D-01  6.48525433931896700D-02
14  5  6.48525433931918500D-02 -1.29705086786381100D-01  1.54074395550978900D-31  0.00000000000000000D+00  0.00000000000000000D+00
14  6 -8.55750066079869800D-03 -5.39482068136460000D-02 -1.44348381074352900D-02  0.00000000000000000D+00  0.00000000000000000D+00
14  7 -9.68102703930606700D-03  0.00000000000000000D+00  0.00000000000000000D+00  2.92132371858655500D-02  7.83160987698259100D-04
14  8  7.83160987698116300D-04 -1.56632197539588600D-03 -1.00870580837281500D-32  0.00000000000000000D+00  0.00000000000000000D+00
14  9 -6.11801203098192100D-01  0.00000000000000000D+00  0.00000000000000000D+00 -1.36146703115418200D-01  9.66774827869680900D-04
14 10  9.66774827869690700D-04 -1.93354965573936500D-03  6.86112542687952800D-34  0.00000000000000000D+00  0.00000000000000000D+00
15  1  1.88424924363404200D-01  1.56613976300155500D+00 -2.01516798084320400D+00  0.00000000000000000D+00  0.00000000000000000D+00
15  2 -1.21493901327318100D+00  0.00000000000000000D+00  0.00000000000000000D+00  1.48528282682566600D+00  2.28131275642986800D-01
15  3  2.28131275642993000D-01 -4.56262551285979500D-01  4.37571283364780000D-31  0.00000000000000000D+00  0.00000000000000000D+00
15  4  5.19502433952601800D-01  0.00000000000000000D+00  0.00000000000000000D+00 -2.32173224587788200D-01 -6.04648437227843600D-01
15  5 -6.04648437227860500D-01  1.20929687445570400D+00 -1.20178028529763500D-30  0.00000000000000000D+00  0.00000000000000000D+00
15  6 -9.18286315982134000D-03 -3.32936474279137500D-03  1.24506516675713400D-01  0.00000000000000000D+00  0.00000000000000000D+00
15  7 -2.82780378260505800D-02  0.00000000000000000D+00  0.00000000000000000D+00 -6.53065344364735400D-02  1.51529817513003000D-03
15  8  1.51529817512932700D-03 -3.03059635025849500D-03 -4.97491778759527900D-32  0.00000000000000000D+00  0.00000000000000000D+00
15  9 -2.25776054318127800D-01  0.00000000000000000D+00  0.00000000000000000D+00 -3.90556215478920700D-01 -9.65328380819640800D-03
15 10 -9.65328380819619400D-03  1.93065676163926100D-02  1.51185500634398000D-32  0.00000000000000000D+00  0.00000000000000000D+00
16  1  0.00000000000000000D+00  0.00000000000000000D+00  0.00000000000000000D+00 -4.23214084826964000D-17 -6.91183878812944600D-01
16  2  0.00000000000000000D+00  7.99446509636561000D-17  1.30563835005631000D+00  0.00000000000000000D+00  0.00000000000000000D+00
16  3  0.00000000000000000D+00  0.00000000000000000D+00  0.00000000000000000D+00 -3.25092410047826600D-17 -5.30933730717813200D-01
16  4  0.00000000000000000D+00 -1.70308582961361200D-17 -2.78144209246955500D-01  0.00000000000000000D+00  0.00000000000000000D+00
16  5  0.00000000000000000D+00  0.00000000000000000D+00  0.00000000000000000D+00  9.82246772313217100D-17  1.60418369420886900D+00
16  6  0.00000000000000000D+00  0.00000000000000000D+00  0.00000000000000000D+00  8.67888682834412400D-19  1.41741659289201300D-02
16  7  0.00000000000000000D+00  6.70080638826343300D-18  1.09436087234859300D-01  0.00000000000000000D+00  0.00000000000000000D+00
16  8  0.00000000000000000D+00  0.00000000000000000D+00  0.00000000000000000D+00  3.77565271558863800D-19  6.16631247062152200D-03
16  9  0.00000000000000000D+00 -4.89447504126906000D-17 -7.99354833656036700D-01  0.00000000000000000D+00  0.00000000000000000D+00
16 10  0.00000000000000000D+00  0.00000000000000000D+00  0.00000000000000000D+00 -1.26591383842654600D-18 -2.06746246983814100D-02
17  1  0.00000000000000000D+00  0.00000000000000000D+00  0.00000000000000000D+00 -6.91183878812694600D-01  4.23214084826810900D-17
17  2  0.00000000000000000D+00  1.30563835005614000D+00 -7.99446509636457300D-17  0.00000000000000000D+00  0.00000000000000000D+00
17  3  0.00000000000000000D+00  0.00000000000000000D+00  0.00000000000000000D+00 -5.30933730717963100D-01  3.25092410047918400D-17
17  4  0.00000000000000000D+00 -2.78144209246951500D-01  1.70308582961358800D-17  0.00000000000000000D+00  0.00000000000000000D+00
17  5  0.00000000000000000D+00  0.00000000000000000D+00  0.00000000000000000D+00  1.60418369420909400D+00 -9.82246772313354800D-17
17  6  0.00000000000000000D+00  0.00000000000000000D+00  0.00000000000000000D+00  1.41741659288944400D-02 -8.67888682832839500D-19
17  7  0.00000000000000000D+00  1.09436087234840400D-01 -6.70080638826227400D-18  0.00000000000000000D+00  0.00000000000000000D+00
17  8  0.00000000000000000D+00  0.00000000000000000D+00  0.00000000000000000D+00  6.16631247062141500D-03 -3.77565271558857300D-19
17  9  0.00000000000000000D+00 -7.99354833656071600D-01  4.89447504126927400D-17  0.00000000000000000D+00  0.00000000000000000D+00
17 10  0.00000000000000000D+00  0.00000000000000000D+00  0.00000000000000000D+00 -2.06746246983818800D-02  1.26591383842657500D-18
18  1  0.00000000000000000D+00  0.00000000000000000D+00  0.00000000000000000D+00  0.00000000000000000D+00  0.00000000000000000D+00
18  2  0.00000000000000000D+00  0.00000000000000000D+00  0.00000000000000000D+00  0.00000000000000000D+00  8.13447889879591800D-17
18  3 -8.13447889879591800D-17  0.00000000000000000D+00  7.67012773905359200D-01  0.00000000000000000D+00  0.00000000000000000D+00
18  4  0.00000000000000000D+00  0.00000000000000000D+00  0.00000000000000000D+00  0.00000000000000000D+00 -1.75559403562159700D-16
18  5  1.75559403562159700D-16  0.00000000000000000D+00 -1.65537715183347000D+00  0.00000000000000000D+00  0.00000000000000000D+00
18  6  0.00000000000000000D+00  0.00000000000000000D+00  0.00000000000000000D+00  0.00000000000000000D+00  0.00000000000000000D+00
18  7  0.00000000000000000D+00  0.00000000000000000D+00  0.00000000000000000D+00  0.00000000000000000D+00 -2.42599392122825700D-19
18  8  2.42599392122825700D-19  0.00000000000000000D+00 -2.28750771887091500D-03  0.00000000000000000D+00  0.00000000000000000D+00
18  9  0.00000000000000000D+00  0.00000000000000000D+00  0.00000000000000000D+00  0.00000000000000000D+00 -7.51984763038486600D-19
18 10  7.51984763038486600D-19  0.00000000000000000D+00 -7.09058227587375200D-03  0.00000000000000000D+00  0.00000000000000000D+00
19  1  0.00000000000000000D+00  0.00000000000000000D+00  0.00000000000000000D+00  0.00000000000000000D+00  0.00000000000000000D+00
19  2  0.00000000000000000D+00  0.00000000000000000D+00  0.00000000000000000D+00  0.00000000000000000D+00  6.64252547228060000D-01
19  3 -6.64252547228051600D-01  0.00000000000000000D+00 -9.39288716385794300D-17  0.00000000000000000D+00  0.00000000000000000D+00
19  4  0.00000000000000000D+00  0.00000000000000000D+00  0.00000000000000000D+00  0.00000000000000000D+00 -1.43359866633133000D+00
19  5  1.43359866633130600D+00  0.00000000000000000D+00  2.02718537810652700D-16  0.00000000000000000D+00  0.00000000000000000D+00
19  6  0.00000000000000000D+00  0.00000000000000000D+00  0.00000000000000000D+00  0.00000000000000000D+00  0.00000000000000000D+00
19  7  0.00000000000000000D+00  0.00000000000000000D+00  0.00000000000000000D+00  0.00000000000000000D+00 -1.98103979590956500D-03
19  8  1.98103979590948100D-03  0.00000000000000000D+00  2.80129648696729700D-19  0.00000000000000000D+00  0.00000000000000000D+00
19  9  0.00000000000000000D+00  0.00000000000000000D+00  0.00000000000000000D+00  0.00000000000000000D+00 -6.14062437845803000D-03
19 10  6.14062437845791200D-03  0.00000000000000000D+00  8.68317210723296600D-19  0.00000000000000000D+00  0.00000000000000000D+00
20  1  2.54642404852489600D-01  1.90914981385690700D+00 -3.39431285884491200D+00  0.00000000000000000D+00  0.00000000000000000D+00
20  2 -1.46848952341472900D+00  0.00000000000000000D+00  0.00000000000000000D+00  3.99244105595444500D-01 -3.35090652438487000D-01
20  3 -3.35090652438501000D-01  6.70181304876988100D-01 -9.89157619437284300D-31  0.00000000000000000D+00  0.00000000000000000D+00
20  4  7.15495926875309400D-01  0.00000000000000000D+00  0.00000000000000000D+00  8.84337729940374900D-02  8.52269839763119200D-01
20  5  8.52269839763148900D-01 -1.70453967952627000D+00  2.09541177949331300D-30  0.00000000000000000D+00  0.00000000000000000D+00
20  6  1.53219819577960100D-02  2.95942857023442300D-02 -1.86989534701468400D-01  0.00000000000000000D+00  0.00000000000000000D+00
20  7  7.22589285747803200D-02  0.00000000000000000D+00  0.00000000000000000D+00  2.55620725257964100D-02  4.95658529224158100D-03
20  8  4.95658529224097100D-03 -9.91317058448229300D-03 -4.30926825056644000D-32  0.00000000000000000D+00  0.00000000000000000D+00
20  9  1.64301746171209900D+00  0.00000000000000000D+00  0.00000000000000000D+00  2.38417272102299900D-01 -1.97019430400827900D-02
20 10 -1.97019430400818500D-02  3.94038860801646900D-02  6.64445830813596400D-32  0.00000000000000000D+00  0.00000000000000000D+00
21  1  0.00000000000000000D+00  0.00000000000000000D+00  0.00000000000000000D+00  1.80355127031318800D+00 -1.10432017253497500D-16
21  2  0.00000000000000000D+00 -1.46557644451297300D+00  8.97377112981497600D-17  0.00000000000000000D+00  0.00000000000000000D+00
21  3  0.00000000000000000D+00  0.00000000000000000D+00  0.00000000000000000D+00 -9.61167779869460700D-01  5.88526085158744700D-17
21  4  0.00000000000000000D+00  1.60353434056256100D-01 -9.81849171012644100D-18  0.00000000000000000D+00  0.00000000000000000D+00
21  5  0.00000000000000000D+00  0.00000000000000000D+00  0.00000000000000000D+00  1.53514998688497900D+00 -9.39977214004841900D-17
21  6  0.00000000000000000D+00  0.00000000000000000D+00  0.00000000000000000D+00 -1.81942601340120100D-01  1.11404032816041400D-17
21  7  0.00000000000000000D+00 -1.72001873275958900D-01  1.05317293441545300D-17  0.00000000000000000D+00  0.00000000000000000D+00
21  8  0.00000000000000000D+00  0.00000000000000000D+00  0.00000000000000000D+00  4.82103337238984400D-04 -2.95193404990916300D-20
21  9  0.00000000000000000D+00 -1.53481865416868100D-01  9.39774337930038500D-18  0.00000000000000000D+00  0.00000000000000000D+00
21 10  0.00000000000000000D+00  0.00000000000000000D+00  0.00000000000000000D+00 -1.52742126472782800D-02  9.35244892874554900D-19
22  1  0.00000000000000000D+00  0.00000000000000000D+00  0.00000000000000000D+00  1.10432017253480700D-16  1.80355127031291400D+00
22  2  0.00000000000000000D+00 -8.97377112981351900D-17 -1.46557644451273500D+00  0.00000000000000000D+00  0.00000000000000000D+00
22  3  0.00000000000000000D+00  0.00000000000000000D+00  0.00000000000000000D+00 -5.88526085158735500D-17 -9.61167779869445500D-01
22  4  0.00000000000000000D+00  9.81849171012436900D-18  1.60353434056222300D-01  0.00000000000000000D+00  0.00000000000000000D+00
22  5  0.00000000000000000D+00  0.00000000000000000D+00  0.00000000000000000D+00  9.39977214004879800D-17  1.53514998688504000D+00
22  6  0.00000000000000000D+00  0.00000000000000000D+00  0.00000000000000000D+00 -1.11404032816045600D-17 -1.81942601340127000D-01
22  7  0.00000000000000000D+00 -1.05317293441558300D-17 -1.72001873275980100D-01  0.00000000000000000D+00  0.00000000000000000D+00
22  8  0.00000000000000000D+00  0.00000000000000000D+00  0.00000000000000000D+00  2.95193404991950600D-20  4.82103337240673500D-04
22  9  0.00000000000000000D+00 -9.39774337929522300D-18 -1.53481865416783800D-01  0.00000000000000000D+00  0.00000000000000000D+00
22 10  0.00000000000000000D+00  0.00000000000000000D+00  0.00000000000000000D+00 -9.35244892874780100D-19 -1.52742126472819600D-02
23  1 -2.03542146685508500D-01 -1.29021688192100400D+00  1.96064934841263600D+00  0.00000000000000000D+00  0.00000000000000000D+00
23  2  1.57527503132626100D-01  0.00000000000000000D+00  0.00000000000000000D+00  5.63689197257157900D-01 -6.13098776216724800D-01
23  3 -6.13098776216722900D-01  1.22619755243344800D+00  1.35585468084861400D-31  0.00000000000000000D+00  0.00000000000000000D+00
23  4 -2.84564072831351000D-01  0.00000000000000000D+00  0.00000000000000000D+00 -1.49956974467950400D-01  3.61966093111476900D-01
23  5  3.61966093111474900D-01 -7.23932186222951200D-01 -1.38666955995881000D-31  0.00000000000000000D+00  0.00000000000000000D+00
23  6 -4.63003208720608200D-03  1.10564535744994700D-01  3.36873010045702400D-01  0.00000000000000000D+00  0.00000000000000000D+00
23  7  1.11221478186351900D-02  0.00000000000000000D+00  0.00000000000000000D+00  1.84619946313240300D-01  5.06883714333834700D-04
23  8  5.06883714334321600D-04 -1.01376742866750200D-03  3.44259977559218400D-32  0.00000000000000000D+00  0.00000000000000000D+00
23  9 -1.46281017730409100D+00  0.00000000000000000D+00  0.00000000000000000D+00 -7.40390704609689400D-01 -2.44199824328418200D-03
23 10 -2.44199824328471900D-03  4.88399648656890200D-03 -3.79408199044285500D-32  0.00000000000000000D+00  0.00000000000000000D+00
24  1  0.00000000000000000D+00  0.00000000000000000D+00  0.00000000000000000D+00 -3.30292973121303300D+00  2.02239436753615800D-16
24  2  0.00000000000000000D+00  1.36681335322043300D+00 -8.36904158421505900D-17  0.00000000000000000D+00  0.00000000000000000D+00
24  3  0.00000000000000000D+00  0.00000000000000000D+00  0.00000000000000000D+00 -3.07364580916125200D-01  1.88200309364919500D-17
24  4  0.00000000000000000D+00  6.07109375106265600D-02 -3.71734999110132900D-18  0.00000000000000000D+00  0.00000000000000000D+00
24  5  0.00000000000000000D+00  0.00000000000000000D+00  0.00000000000000000D+00 -1.22217917051082800D+00  7.48344188858461200D-17
24  6  0.00000000000000000D+00  0.00000000000000000D+00  0.00000000000000000D+00 -5.09879889714272600D-02  3.12201076315175600D-18
24  7  0.00000000000000000D+00 -1.74205062024599800D-01  1.06666312911673100D-17  0.00000000000000000D+00  0.00000000000000000D+00
24  8  0.00000000000000000D+00  0.00000000000000000D+00  0.00000000000000000D+00  2.11721151168055700D-02 -1.29637533479494500D-18
24  9  0.00000000000000000D+00  2.95664742763265800D+00 -1.81036461294577000D-16  0.00000000000000000D+00  0.00000000000000000D+00
24 10  0.00000000000000000D+00  0.00000000000000000D+00  0.00000000000000000D+00 -5.02977858461829800D-02  3.07974940652164600D-18
25  1  0.00000000000000000D+00  0.00000000000000000D+00  0.00000000000000000D+00 -2.02239436753621000D-16 -3.30292973121311700D+00
25  2  0.00000000000000000D+00  8.36904158421554800D-17  1.36681335322051300D+00  0.00000000000000000D+00  0.00000000000000000D+00
25  3  0.00000000000000000D+00  0.00000000000000000D+00  0.00000000000000000D+00 -1.88200309364934800D-17 -3.07364580916150200D-01
25  4  0.00000000000000000D+00  3.71734999110087100D-18  6.07109375106190800D-02  0.00000000000000000D+00  0.00000000000000000D+00
25  5  0.00000000000000000D+00  0.00000000000000000D+00  0.00000000000000000D+00 -7.48344188858468000D-17 -1.22217917051083900D+00
25  6  0.00000000000000000D+00  0.00000000000000000D+00  0.00000000000000000D+00 -3.12201076315108700D-18 -5.09879889714163300D-02
25  7  0.00000000000000000D+00 -1.06666312911652900D-17 -1.74205062024566800D-01  0.00000000000000000D+00  0.00000000000000000D+00
25  8  0.00000000000000000D+00  0.00000000000000000D+00  0.00000000000000000D+00  1.29637533479481000D-18  2.11721151168033600D-02
25  9  0.00000000000000000D+00  1.81036461294575300D-16  2.95664742763263000D+00  0.00000000000000000D+00  0.00000000000000000D+00
25 10  0.00000000000000000D+00  0.00000000000000000D+00  0.00000000000000000D+00 -3.07974940652058200D-18 -5.02977858461656100D-02
26  1 -1.39745379729453800D-01 -2.23932703708173200D-01  1.16010329151910800D+00  0.00000000000000000D+00  0.00000000000000000D+00
26  2  2.95813390230210500D+00  0.00000000000000000D+00  0.00000000000000000D+00 -1.09130900898223100D+00  3.82102987804958200D-01
26  3  3.82102987804951600D-01 -7.64205975609910700D-01 -4.68386162474975800D-31  0.00000000000000000D+00  0.00000000000000000D+00
26  4 -1.17212962387788700D-01  0.00000000000000000D+00  0.00000000000000000D+00 -5.20469338841576900D-02 -9.83630644723377600D-01
26  5 -9.83630644723370700D-01  1.96726128944675000D+00  4.93038065763132400D-31  0.00000000000000000D+00  0.00000000000000000D+00
26  6  1.58390676275454900D-02 -1.44045057211904400D-02 -2.08978316151583000D-01  0.00000000000000000D+00  0.00000000000000000D+00
26  7  1.68009935517701500D-01  0.00000000000000000D+00  0.00000000000000000D+00  6.12122142341480700D-01 -3.93751237183130200D-03
26  8 -3.93751237183162700D-03  7.87502474366311800D-03 -2.29667145868177900D-32  0.00000000000000000D+00  0.00000000000000000D+00
26  9 -1.84979578487619000D+00  0.00000000000000000D+00  0.00000000000000000D+00 -1.99120730048926700D+00  5.45773122306432700D-02
26 10  5.45773122306438000D-02 -1.09154624461287100D-01  3.69778549322349300D-32  0.00000000000000000D+00  0.00000000000000000D+00
27  1  0.00000000000000000D+00  0.00000000000000000D+00  0.00000000000000000D+00  0.00000000000000000D+00  0.00000000000000000D+00
27  2  0.00000000000000000D+00  0.00000000000000000D+00  0.00000000000000000D+00  0.00000000000000000D+00  2.55180691899952300D-16
27  3 -2.55180691899952300D-16  0.00000000000000000D+00  2.40613876778564300D+00  0.00000000000000000D+00  0.00000000000000000D+00
27  4  0.00000000000000000D+00  0.00000000000000000D+00  0.00000000000000000D+00  0.00000000000000000D+00 -2.01627257665180900D-16
27  5  2.01627257665180900D-16  0.00000000000000000D+00 -1.90117503678806900D+00  0.00000000000000000D+00  0.00000000000000000D+00
27  6  0.00000000000000000D+00  0.00000000000000000D+00  0.00000000000000000D+00  0.00000000000000000D+00  0.00000000000000000D+00
27  7  0.00000000000000000D+00  0.00000000000000000D+00  0.00000000000000000D+00  0.00000000000000000D+00  1.28811425513363000D-18
27  8 -1.28811425513363000D-18  0.00000000000000000D+00  1.21458313461643700D-02  0.00000000000000000D+00  0.00000000000000000D+00
27  9  0.00000000000000000D+00  0.00000000000000000D+00  0.00000000000000000D+00  0.00000000000000000D+00 -2.22844097908970000D-18
27 10  2.22844097908970000D-18  0.00000000000000000D+00 -2.10123195120583700D-02  0.00000000000000000D+00  0.00000000000000000D+00
28  1  0.00000000000000000D+00  0.00000000000000000D+00  0.00000000000000000D+00  0.00000000000000000D+00  0.00000000000000000D+00
28  2  0.00000000000000000D+00  0.00000000000000000D+00  0.00000000000000000D+00  0.00000000000000000D+00  2.08377729793362400D+00
28  3 -2.08377729793362500D+00  0.00000000000000000D+00 -2.94657282320958800D-16  0.00000000000000000D+00  0.00000000000000000D+00
28  4  0.00000000000000000D+00  0.00000000000000000D+00  0.00000000000000000D+00  0.00000000000000000D+00 -1.64646587890032200D+00
28  5  1.64646587890032500D+00  0.00000000000000000D+00  2.32819102978062900D-16  0.00000000000000000D+00  0.00000000000000000D+00
28  6  0.00000000000000000D+00  0.00000000000000000D+00  0.00000000000000000D+00  0.00000000000000000D+00  0.00000000000000000D+00
28  7  0.00000000000000000D+00  0.00000000000000000D+00  0.00000000000000000D+00  0.00000000000000000D+00  1.05185984958609000D-02
28  8 -1.05185984958607600D-02  0.00000000000000000D+00 -1.48738622389694700D-18  0.00000000000000000D+00  0.00000000000000000D+00
28  9  0.00000000000000000D+00  0.00000000000000000D+00  0.00000000000000000D+00  0.00000000000000000D+00 -1.81972024899796500D-02
28 10  1.81972024899793400D-02  0.00000000000000000D+00  2.57318199831560900D-18  0.00000000000000000D+00  0.00000000000000000D+00
29  1  0.00000000000000000D+00  0.00000000000000000D+00  0.00000000000000000D+00  6.78355070508636900D-02 -4.15358964746251800D-18
29  2  0.00000000000000000D+00 -3.27371596817771700D-01  2.00450668762010400D-17  0.00000000000000000D+00  0.00000000000000000D+00
29  3  0.00000000000000000D+00  0.00000000000000000D+00  0.00000000000000000D+00  2.62406343074746100D+00 -1.60672237506314300D-16
29  4  0.00000000000000000D+00  7.40397801890488900D-02 -4.53347926275607200D-18  0.00000000000000000D+00  0.00000000000000000D+00
29  5  0.00000000000000000D+00  0.00000000000000000D+00  0.00000000000000000D+00 -2.19852988623723600D+00  1.34616683387725400D-16
29  6  0.00000000000000000D+00  0.00000000000000000D+00  0.00000000000000000D+00 -1.75492871689897200D-01  1.07454842860991700D-17
29  7  0.00000000000000000D+00 -5.56261514804800500D-01  3.40600692708409500D-17  0.00000000000000000D+00  0.00000000000000000D+00
29  8  0.00000000000000000D+00  0.00000000000000000D+00  0.00000000000000000D+00 -1.41709178905393100D-02  8.67689804412482100D-19
29  9  0.00000000000000000D+00  6.44479084364822600D-01 -3.94616590809394800D-17  0.00000000000000000D+00  0.00000000000000000D+00
29 10  0.00000000000000000D+00  0.00000000000000000D+00  0.00000000000000000D+00  6.70727898992150000D-02 -4.10688823395860300D-18
30  1  0.00000000000000000D+00  0.00000000000000000D+00  0.00000000000000000D+00  4.15358964745177500D-18  6.78355070506882500D-02
30  2  0.00000000000000000D+00 -2.00450668761945300D-17 -3.27371596817665400D-01  0.00000000000000000D+00  0.00000000000000000D+00
30  3  0.00000000000000000D+00  0.00000000000000000D+00  0.00000000000000000D+00  1.60672237506316500D-16  2.62406343074749600D+00
30  4  0.00000000000000000D+00  4.53347926275562500D-18  7.40397801890415900D-02  0.00000000000000000D+00  0.00000000000000000D+00
30  5  0.00000000000000000D+00  0.00000000000000000D+00  0.00000000000000000D+00 -1.34616683387732500D-16 -2.19852988623735300D+00
30  6  0.00000000000000000D+00  0.00000000000000000D+00  0.00000000000000000D+00 -1.07454842860989700D-17 -1.75492871689894000D-01
30  7  0.00000000000000000D+00 -3.40600692708406400D-17 -5.56261514804795400D-01  0.00000000000000000D+00  0.00000000000000000D+00
30  8  0.00000000000000000D+00  0.00000000000000000D+00  0.00000000000000000D+00 -8.67689804412457100D-19 -1.41709178905389000D-02
30  9  0.00000000000000000D+00  3.94616590809457700D-17  6.44479084364925300D-01  0.00000000000000000D+00  0.00000000000000000D+00
30 10  0.00000000000000000D+00  0.00000000000000000D+00  0.00000000000000000D+00  4.10688823395860100D-18  6.70727898992149700D-02
31  1  1.22151297689831900D-01  7.69515311329311600D-01 -8.90649223744598800D-01  0.00000000000000000D+00  0.00000000000000000D+00
31  2  1.40121520939330600D+00  0.00000000000000000D+00  0.00000000000000000D+00 -1.19522389305922900D+00 -1.29078784299004600D+00
31  3 -1.29078784299004700D+00  2.58157568598009300D+00 -3.69778549322349300D-32  0.00000000000000000D+00  0.00000000000000000D+00
31  4  1.17209146284370200D-01  0.00000000000000000D+00  0.00000000000000000D+00  1.27393582223356100D-01  8.59061955830368000D-01
31  5  8.59061955830368600D-01 -1.71812391166073700D+00  3.69778549322349300D-32  0.00000000000000000D+00  0.00000000000000000D+00
31  6  8.66533290773290300D-02  1.57194582460445700D-02 -1.48642787845398800D+00  0.00000000000000000D+00  0.00000000000000000D+00
31  7 -5.46759676936689700D-02  0.00000000000000000D+00  0.00000000000000000D+00  1.37628450131900300D-01  2.65711440218496200D-03
31  8  2.65711440218582900D-03 -5.31422880437128100D-03  6.12927204801237800D-32  0.00000000000000000D+00  0.00000000000000000D+00
31  9  8.17998890552907500D-01  0.00000000000000000D+00  0.00000000000000000D+00 -1.69513089666257900D-01  1.17468746604939600D-02
31 10  1.17468746604941600D-02 -2.34937493209881300D-02  1.41555850912461800D-32  0.00000000000000000D+00  0.00000000000000000D+00
32  1 -1.25282289350048300D+00 -6.33030815361673300D+00  3.92035546694743800D+00  0.00000000000000000D+00  0.00000000000000000D+00
32  2 -3.36904768843084000D+00  0.00000000000000000D+00  0.00000000000000000D+00  1.93552930594848700D+00  4.79886030177133900D-01
32  3  4.79886030177152700D-01 -9.59772060354285300D-01  1.33120277756045700D-30  0.00000000000000000D+00  0.00000000000000000D+00
32  4 -1.38897288243984500D-01  0.00000000000000000D+00  0.00000000000000000D+00 -3.51494391512306600D-02 -1.43078062545042300D-01
32  5 -1.43078062545052100D-01  2.86156125090095200D-01 -6.96416267890424500D-31  0.00000000000000000D+00  0.00000000000000000D+00
32  6  3.33149266447370600D-02  1.03990011525434300D-01  1.18051685994039900D-01  0.00000000000000000D+00  0.00000000000000000D+00
32  7 -2.12063872097555800D-01  0.00000000000000000D+00  0.00000000000000000D+00  2.96235226334605800D-02 -1.49198535933596900D-02
32  8 -1.49198535933581200D-02  2.98397071867194000D-02  1.11126157791143500D-31  0.00000000000000000D+00  0.00000000000000000D+00
32  9  3.29714017355475200D+00  0.00000000000000000D+00  0.00000000000000000D+00 -8.09269676861605000D-01  4.90707579920659200D-01
32 10  4.90707579920617000D-01 -9.81415159841276100D-01 -2.98904327368899000D-30  0.00000000000000000D+00  0.00000000000000000D+00
33  1  0.00000000000000000D+00  0.00000000000000000D+00  0.00000000000000000D+00  0.00000000000000000D+00  0.00000000000000000D+00
33  2  0.00000000000000000D+00  0.00000000000000000D+00  0.00000000000000000D+00  0.00000000000000000D+00  5.16000587386971400D-17
33  3 -5.16000587386971400D-17  0.00000000000000000D+00  4.86545047067562800D-01  0.00000000000000000D+00  0.00000000000000000D+00
33  4  0.00000000000000000D+00  0.00000000000000000D+00  0.00000000000000000D+00  0.00000000000000000D+00 -2.78637597344299100D-17
33  5  2.78637597344299100D-17  0.00000000000000000D+00 -2.62731760832289400D-01  0.00000000000000000D+00  0.00000000000000000D+00
33  6  0.00000000000000000D+00  0.00000000000000000D+00  0.00000000000000000D+00  0.00000000000000000D+00  0.00000000000000000D+00
33  7  0.00000000000000000D+00  0.00000000000000000D+00  0.00000000000000000D+00  0.00000000000000000D+00  3.24585100827496400D-18
33  8 -3.24585100827496400D-18  0.00000000000000000D+00  3.06056382531031400D-02  0.00000000000000000D+00  0.00000000000000000D+00
33  9  0.00000000000000000D+00  0.00000000000000000D+00  0.00000000000000000D+00  0.00000000000000000D+00 -1.11665224152041500D-16
33 10  1.11665224152041500D-16  0.00000000000000000D+00 -1.05290891268153500D+00  0.00000000000000000D+00  0.00000000000000000D+00
34  1  0.00000000000000000D+00  0.00000000000000000D+00  0.00000000000000000D+00  0.00000000000000000D+00  0.00000000000000000D+00
34  2  0.00000000000000000D+00  0.00000000000000000D+00  0.00000000000000000D+00  0.00000000000000000D+00 -4.21360370845851800D-01
34  3  4.21360370845829300D-01  0.00000000000000000D+00  5.95826156059511700D-17  0.00000000000000000D+00  0.00000000000000000D+00
34  4  0.00000000000000000D+00  0.00000000000000000D+00  0.00000000000000000D+00  0.00000000000000000D+00  2.27532379261709600D-01
34  5 -2.27532379261702600D-01  0.00000000000000000D+00 -3.21742983666057800D-17  0.00000000000000000D+00  0.00000000000000000D+00
34  6  0.00000000000000000D+00  0.00000000000000000D+00  0.00000000000000000D+00  0.00000000000000000D+00  0.00000000000000000D+00
34  7  0.00000000000000000D+00  0.00000000000000000D+00  0.00000000000000000D+00  0.00000000000000000D+00 -2.65052602259850200D-02
34  8  2.65052602259855500D-02  0.00000000000000000D+00  3.74798590672015300D-18  0.00000000000000000D+00  0.00000000000000000D+00
34  9  0.00000000000000000D+00  0.00000000000000000D+00  0.00000000000000000D+00  0.00000000000000000D+00  9.11845866253231700D-01
34 10 -9.11845866253254400D-01  0.00000000000000000D+00 -1.28939894446599100D-16  0.00000000000000000D+00  0.00000000000000000D+00
35  1  0.00000000000000000D+00  0.00000000000000000D+00  0.00000000000000000D+00 -1.62996179699579600D+00  9.98030786544396000D-17
35  2  0.00000000000000000D+00  8.99859196079720300D-01 -5.50986644532361000D-17  0.00000000000000000D+00  0.00000000000000000D+00
35  3  0.00000000000000000D+00  0.00000000000000000D+00  0.00000000000000000D+00 -5.28376318165425900D-01  3.23526498217327200D-17
35  4  0.00000000000000000D+00 -2.68659737852675500D-02  1.64501210995320300D-18  0.00000000000000000D+00  0.00000000000000000D+00
35  5  0.00000000000000000D+00  0.00000000000000000D+00  0.00000000000000000D+00 -7.95873110917995200D-02  4.87315634233279300D-18
35  6  0.00000000000000000D+00  0.00000000000000000D+00  0.00000000000000000D+00  1.71427263915672300D-02 -1.04965458304758900D-18
35  7  0.00000000000000000D+00  3.24930767288942000D-02 -1.98956141087209300D-18  0.00000000000000000D+00  0.00000000000000000D+00
35  8  0.00000000000000000D+00  0.00000000000000000D+00  0.00000000000000000D+00  2.66512493339201400D-02 -1.63186446358115000D-18
35  9  0.00000000000000000D+00  9.59500550476364100D-01 -5.87505235304712000D-17  0.00000000000000000D+00  0.00000000000000000D+00
35 10  0.00000000000000000D+00  0.00000000000000000D+00  0.00000000000000000D+00 -1.14268875199996400D+00  6.99671953070259300D-17
36  1  0.00000000000000000D+00  0.00000000000000000D+00  0.00000000000000000D+00 -9.98030786544434300D-17 -1.62996179699585900D+00
36  2  0.00000000000000000D+00  5.50986644532375300D-17  8.99859196079743700D-01  0.00000000000000000D+00  0.00000000000000000D+00
36  3  0.00000000000000000D+00  0.00000000000000000D+00  0.00000000000000000D+00 -3.23526498217329600D-17 -5.28376318165429600D-01
36  4  0.00000000000000000D+00 -1.64501210995300600D-18 -2.68659737852643400D-02  0.00000000000000000D+00  0.00000000000000000D+00
36  5  0.00000000000000000D+00  0.00000000000000000D+00  0.00000000000000000D+00 -4.87315634233427000D-18 -7.95873110918236400D-02
36  6  0.00000000000000000D+00  0.00000000000000000D+00  0.00000000000000000D+00  1.04965458304743200D-18  1.71427263915646600D-02
36  7  0.00000000000000000D+00  1.98956141087214300D-18  3.24930767288950100D-02  0.00000000000000000D+00  0.00000000000000000D+00
36  8  0.00000000000000000D+00  0.00000000000000000D+00  0.00000000000000000D+00  1.63186446358113500D-18  2.66512493339198900D-02
36  9  0.00000000000000000D+00  5.87505235304745000D-17  9.59500550476418000D-01  0.00000000000000000D+00  0.00000000000000000D+00
36 10  0.00000000000000000D+00  0.00000000000000000D+00  0.00000000000000000D+00 -6.99671953070260300D-17 -1.14268875199996600D+00
37  1  2.21115128647917500D+00  8.87307044192359000D+00 -5.95312304794804400D+00  0.00000000000000000D+00  0.00000000000000000D+00
37  2  3.25966427555002600D+00  0.00000000000000000D+00  0.00000000000000000D+00 -2.13941508438366900D+00 -4.04465864909357900D-01
37  3 -4.04465864909356200D-01  8.08931729818712800D-01  1.23259516440783100D-31  0.00000000000000000D+00  0.00000000000000000D+00
37  4  2.57427675421266500D-01  0.00000000000000000D+00  0.00000000000000000D+00  7.55449669047703700D-02  2.55551576606178700D-01
37  5  2.55551576606177700D-01 -5.11103153212357900D-01 -7.08742219534502800D-32  0.00000000000000000D+00  0.00000000000000000D+00
37  6  1.93923972102177500D-02  6.39039019726616200D-02 -1.35657730958296600D-02  0.00000000000000000D+00  0.00000000000000000D+00
37  7  7.39403769902588600D-01  0.00000000000000000D+00  0.00000000000000000D+00 -9.15974263194127000D-01  8.20643087872038000D-03
37  8  8.20643087872099600D-03 -1.64128617574441300D-02  4.35260167431515300D-32  0.00000000000000000D+00  0.00000000000000000D+00
37  9 -3.91920773819557100D+00  0.00000000000000000D+00  0.00000000000000000D+00  2.14551144650751100D+00  1.75979839597900300D-01
37 10  1.75979839597900000D-01 -3.51959679195800200D-01 -2.31111593326468300D-32  0.00000000000000000D+00  0.00000000000000000D+00
38  1  0.00000000000000000D+00  0.00000000000000000D+00  0.00000000000000000D+00 -9.61350190082879100D-18 -1.57005585849233300D-01
38  2  0.00000000000000000D+00  2.38490555393307100D-17  3.89497497949286100D-01  0.00000000000000000D+00  0.00000000000000000D+00
38  3  0.00000000000000000D+00  0.00000000000000000D+00  0.00000000000000000D+00 -5.35660679798647600D-17 -8.74829169596718200D-01
38  4  0.00000000000000000D+00 -4.95805217177540900D-18 -8.09738109932189400D-02  0.00000000000000000D+00  0.00000000000000000D+00
38  5  0.00000000000000000D+00  0.00000000000000000D+00  0.00000000000000000D+00  4.75451485413957100D-17  7.76496845586216600D-01
38  6  0.00000000000000000D+00  0.00000000000000000D+00  0.00000000000000000D+00 -6.00292816281751000D-17 -9.80384944775193200D-01
38  7  0.00000000000000000D+00  9.26473989600392600D-17  1.51309681957566100D+00  0.00000000000000000D+00  0.00000000000000000D+00
38  8  0.00000000000000000D+00  0.00000000000000000D+00  0.00000000000000000D+00  3.91420233547068300D-19  6.39258864410304600D-03
38  9  0.00000000000000000D+00 -4.42215487127365500D-17 -7.22216548602860800D-01  0.00000000000000000D+00  0.00000000000000000D+00
38 10  0.00000000000000000D+00  0.00000000000000000D+00  0.00000000000000000D+00 -6.08427859217702500D-18 -9.93670916892779300D-02
39  1  0.00000000000000000D+00  0.00000000000000000D+00  0.00000000000000000D+00 -1.57005585849249000D-01  9.61350190082975100D-18
39  2  0.00000000000000000D+00  3.89497497949295400D-01 -2.38490555393312800D-17  0.00000000000000000D+00  0.00000000000000000D+00
39  3  0.00000000000000000D+00  0.00000000000000000D+00  0.00000000000000000D+00 -8.74829169596712400D-01  5.35660679798644000D-17
39  4  0.00000000000000000D+00 -8.09738109932193800D-02  4.95805217177543500D-18  0.00000000000000000D+00  0.00000000000000000D+00
39  5  0.00000000000000000D+00  0.00000000000000000D+00  0.00000000000000000D+00  7.76496845586205900D-01 -4.75451485413950500D-17
39  6  0.00000000000000000D+00  0.00000000000000000D+00  0.00000000000000000D+00 -9.80384944775194800D-01  6.00292816281752000D-17
39  7  0.00000000000000000D+00  1.51309681957565800D+00 -9.26473989600391000D-17  0.00000000000000000D+00  0.00000000000000000D+00
39  8  0.00000000000000000D+00  0.00000000000000000D+00  0.00000000000000000D+00  6.39258864410277700D-03 -3.91420233547051800D-19
39  9  0.00000000000000000D+00 -7.22216548602848500D-01  4.42215487127358000D-17  0.00000000000000000D+00  0.00000000000000000D+00
39 10  0.00000000000000000D+00  0.00000000000000000D+00  0.00000000000000000D+00 -9.93670916892794600D-02  6.08427859217711800D-18
40  1  3.34819911159949800D+00  1.24479206425390800D+01 -7.71662346140429700D+00  0.00000000000000000D+00  0.00000000000000000D+00
40  2  6.54892356660262100D+00  0.00000000000000000D+00  0.00000000000000000D+00 -3.65346919822109400D+00 -3.41747890730383900D-01
40  3 -3.41747890730383600D-01  6.83495781460765200D-01  1.84889274661174600D-32  0.00000000000000000D+00  0.00000000000000000D+00
40  4  3.13807875245402500D-01  0.00000000000000000D+00  0.00000000000000000D+00  5.45512879818321700D-02 -2.18024207276606200D-01
40  5 -2.18024207276606600D-01  4.36048414553211700D-01 -2.46519032881566200D-32  0.00000000000000000D+00  0.00000000000000000D+00
40  6  1.00162971272149300D-01  2.47037522870348800D-01 -2.59482680029769400D-01  0.00000000000000000D+00  0.00000000000000000D+00
40  7 -6.20235939221768600D-01  0.00000000000000000D+00  0.00000000000000000D+00  1.26491627144140500D+00  6.38841109351907400D-03
40  8  6.38841109351933800D-03 -1.27768221870427100D-02  1.86815204605561900D-32  0.00000000000000000D+00  0.00000000000000000D+00
40  9 -6.85092792182703700D+00  0.00000000000000000D+00  0.00000000000000000D+00  1.31966860629586400D+00  9.98876190031129100D-02
40 10  9.98876190031125900D-02 -1.99775238006225500D-01 -2.31111593326468300D-32  0.00000000000000000D+00  0.00000000000000000D+00
41  1 -5.09730544275365900D-01 -1.90420478651711300D+00  8.84579459075536500D-01  0.00000000000000000D+00  0.00000000000000000D+00
41  2 -1.72072778677964600D-01  0.00000000000000000D+00  0.00000000000000000D+00 -1.71048059444532100D-01 -2.80389795728907700D-01
41  3 -2.80389795728911000D-01  5.60779591457820100D-01 -2.34193081237487900D-31  0.00000000000000000D+00  0.00000000000000000D+00
41  4  3.06940765384561100D-02  0.00000000000000000D+00  0.00000000000000000D+00  7.84827529910437500D-02  1.83006050412914800D-01
41  5  1.83006050412917500D-01 -3.66012100825831600D-01  1.89511506527704000D-31  0.00000000000000000D+00  0.00000000000000000D+00
41  6  8.19669002960673800D-01  1.86800365726104800D+00 -2.84674947125789400D+00  0.00000000000000000D+00  0.00000000000000000D+00
41  7  4.62635984144493600D-02  0.00000000000000000D+00  0.00000000000000000D+00 -3.53966709920105900D-02 -1.25305645512569000D-02
41  8 -1.25305645512562400D-02  2.50611291025134700D-02  4.66075046541711100D-32  0.00000000000000000D+00  0.00000000000000000D+00
41  9  2.17455273962420400D+00  0.00000000000000000D+00  0.00000000000000000D+00 -5.04074101861864700D-01 -6.13500268108128400D-02
41 10 -6.13500268108130600D-02  1.22700053621625900D-01 -1.54074395550978900D-32  0.00000000000000000D+00  0.00000000000000000D+00
42  1  0.00000000000000000D+00  0.00000000000000000D+00  0.00000000000000000D+00  0.00000000000000000D+00  0.00000000000000000D+00
42  2  0.00000000000000000D+00  0.00000000000000000D+00  0.00000000000000000D+00  0.00000000000000000D+00 -1.74728129431422000D-17
42  3  1.74728129431422000D-17  0.00000000000000000D+00 -1.64753893767340600D-01  0.00000000000000000D+00  0.00000000000000000D+00
42  4  0.00000000000000000D+00  0.00000000000000000D+00  0.00000000000000000D+00  0.00000000000000000D+00  8.59557605952070300D-18
42  5 -8.59557605952070300D-18  0.00000000000000000D+00  8.10490348398760800D-02  0.00000000000000000D+00  0.00000000000000000D+00
42  6  0.00000000000000000D+00  0.00000000000000000D+00  0.00000000000000000D+00  0.00000000000000000D+00  0.00000000000000000D+00
42  7  0.00000000000000000D+00  0.00000000000000000D+00  0.00000000000000000D+00  0.00000000000000000D+00 -1.24774320688051400D-16
42  8  1.24774320688051400D-16  0.00000000000000000D+00 -1.17651664001815000D+00  0.00000000000000000D+00  0.00000000000000000D+00
42  9  0.00000000000000000D+00  0.00000000000000000D+00  0.00000000000000000D+00  0.00000000000000000D+00  6.50576647087487300D-17
42 10 -6.50576647087487300D-17  0.00000000000000000D+00  6.13438924519780300D-01  0.00000000000000000D+00  0.00000000000000000D+00
43  1  0.00000000000000000D+00  0.00000000000000000D+00  0.00000000000000000D+00  0.00000000000000000D+00  0.00000000000000000D+00
43  2  0.00000000000000000D+00  0.00000000000000000D+00  0.00000000000000000D+00  0.00000000000000000D+00 -1.42681057375042700D-01
43  3  1.42681057375043200D-01  0.00000000000000000D+00  2.01758665124636300D-17  0.00000000000000000D+00  0.00000000000000000D+00
43  4  0.00000000000000000D+00  0.00000000000000000D+00  0.00000000000000000D+00  0.00000000000000000D+00  7.01905231236154100D-02
43  5 -7.01905231236151600D-02  0.00000000000000000D+00 -9.92531630361859300D-18  0.00000000000000000D+00  0.00000000000000000D+00
43  6  0.00000000000000000D+00  0.00000000000000000D+00  0.00000000000000000D+00  0.00000000000000000D+00  0.00000000000000000D+00
43  7  0.00000000000000000D+00  0.00000000000000000D+00  0.00000000000000000D+00  0.00000000000000000D+00 -1.01889329823096000D+00
43  8  1.01889329823095800D+00  0.00000000000000000D+00  1.44076975274416200D-16  0.00000000000000000D+00  0.00000000000000000D+00
43  9  0.00000000000000000D+00  0.00000000000000000D+00  0.00000000000000000D+00  0.00000000000000000D+00  5.31253692304614600D-01
43 10 -5.31253692304613300D-01  0.00000000000000000D+00 -7.51221204649282500D-17  0.00000000000000000D+00  0.00000000000000000D+00
44  1  1.88583067749426900D-01  9.70740251392234700D-02 -1.21124152047539600D-01  0.00000000000000000D+00  0.00000000000000000D+00
44  2 -2.55926409032322300D-01  0.00000000000000000D+00  0.00000000000000000D+00  1.37900243448998100D-01  1.08659025716641600D-01
44  3  1.08659025716641100D-01 -2.17318051433282600D-01 -3.85185988877447200D-32  0.00000000000000000D+00  0.00000000000000000D+00
44  4  1.40956168675752000D-02  0.00000000000000000D+00  0.00000000000000000D+00 -3.95236099800011800D-03 -4.50853035794699300D-02
44  5 -4.50853035794693300D-02  9.01706071589390700D-02  4.23704587765191900D-32  0.00000000000000000D+00  0.00000000000000000D+00
44  6 -4.06964091112842800D-02 -8.34682602378911000D-02  2.29688362254139500D-01  0.00000000000000000D+00  0.00000000000000000D+00
44  7 -1.83972111327379700D-03  0.00000000000000000D+00  0.00000000000000000D+00 -1.55406856454308800D-02 -5.93884125014296000D-01
44  8 -5.93884125014299500D-01  1.18776825002859500D+00 -2.52682008703605300D-31  0.00000000000000000D+00  0.00000000000000000D+00
44  9 -4.31641046974376800D-02  0.00000000000000000D+00  0.00000000000000000D+00  1.50925629846893700D-01  3.33121265078816200D-01
44 10  3.33121265078817800D-01 -6.66242530157633900D-01  1.17096540618743900D-31  0.00000000000000000D+00  0.00000000000000000D+00
45  1  0.00000000000000000D+00  0.00000000000000000D+00  0.00000000000000000D+00 -6.72039865460059600D-01  4.11492144632162300D-17
45  2  0.00000000000000000D+00  3.79187662849937200D-01 -2.32177810608545300D-17  0.00000000000000000D+00  0.00000000000000000D+00
45  3  0.00000000000000000D+00  0.00000000000000000D+00  0.00000000000000000D+00 -2.37636489574976400D-01  1.45505577516780600D-17
45  4  0.00000000000000000D+00 -1.31452116437312200D-02  8.04885485062657700D-19  0.00000000000000000D+00  0.00000000000000000D+00
45  5  0.00000000000000000D+00  0.00000000000000000D+00  0.00000000000000000D+00 -7.76957372518245900D-03  4.75733467517491900D-19
45  6  0.00000000000000000D+00  0.00000000000000000D+00  0.00000000000000000D+00 -1.13721869434887700D-02  6.96322619392611100D-19
45  7  0.00000000000000000D+00  6.08144986143139600D-02 -3.72369107038055200D-18  0.00000000000000000D+00  0.00000000000000000D+00
45  8  0.00000000000000000D+00  0.00000000000000000D+00  0.00000000000000000D+00  1.19385975829469500D+00 -7.31004122790265700D-17
45  9  0.00000000000000000D+00  3.70784248243251700D-01 -2.27032373147969800D-17  0.00000000000000000D+00  0.00000000000000000D+00
45 10  0.00000000000000000D+00  0.00000000000000000D+00  0.00000000000000000D+00 -7.02039795079153000D-01  4.29861196845045300D-17
46  1  0.00000000000000000D+00  0.00000000000000000D+00  0.00000000000000000D+00 -4.11492144632173500D-17 -6.72039865460078000D-01
46  2  0.00000000000000000D+00  2.32177810608550600D-17  3.79187662849946000D-01  0.00000000000000000D+00  0.00000000000000000D+00
46  3  0.00000000000000000D+00  0.00000000000000000D+00  0.00000000000000000D+00 -1.45505577516781200D-17 -2.37636489574977400D-01
46  4  0.00000000000000000D+00 -8.04885485062650400D-19 -1.31452116437311100D-02  0.00000000000000000D+00  0.00000000000000000D+00
46  5  0.00000000000000000D+00  0.00000000000000000D+00  0.00000000000000000D+00 -4.75733467517921400D-19 -7.76957372518947500D-03
46  6  0.00000000000000000D+00  0.00000000000000000D+00  0.00000000000000000D+00 -6.96322619392592400D-19 -1.13721869434884600D-02
46  7  0.00000000000000000D+00  3.72369107038049700D-18  6.08144986143130700D-02  0.00000000000000000D+00  0.00000000000000000D+00
46  8  0.00000000000000000D+00  0.00000000000000000D+00  0.00000000000000000D+00  7.31004122790266200D-17  1.19385975829469600D+00
46  9  0.00000000000000000D+00  2.27032373147978900D-17  3.70784248243266500D-01  0.00000000000000000D+00  0.00000000000000000D+00
46 10  0.00000000000000000D+00  0.00000000000000000D+00  0.00000000000000000D+00 -4.29861196845046300D-17 -7.02039795079154800D-01
47  1  0.00000000000000000D+00  0.00000000000000000D+00  0.00000000000000000D+00  0.00000000000000000D+00  0.00000000000000000D+00
47  2  0.00000000000000000D+00  0.00000000000000000D+00  0.00000000000000000D+00  0.00000000000000000D+00  0.00000000000000000D+00
47  3  0.00000000000000000D+00  0.00000000000000000D+00  0.00000000000000000D+00  0.00000000000000000D+00  0.00000000000000000D+00
47  4  0.00000000000000000D+00  0.00000000000000000D+00  0.00000000000000000D+00  0.00000000000000000D+00  4.47213595499956800D-01
47  5  4.47213595499956900D-01  4.47213595499956300D-01  0.00000000000000000D+00  0.00000000000000000D+00  0.00000000000000000D+00
47  6  0.00000000000000000D+00  0.00000000000000000D+00  0.00000000000000000D+00  0.00000000000000000D+00  0.00000000000000000D+00
47  7  0.00000000000000000D+00  0.00000000000000000D+00  0.00000000000000000D+00  0.00000000000000000D+00  0.00000000000000000D+00
47  8  0.00000000000000000D+00  0.00000000000000000D+00  0.00000000000000000D+00  0.00000000000000000D+00  0.00000000000000000D+00
47  9  0.00000000000000000D+00  0.00000000000000000D+00  0.00000000000000000D+00  0.00000000000000000D+00  0.00000000000000000D+00
47 10  0.00000000000000000D+00  0.00000000000000000D+00  0.00000000000000000D+00  0.00000000000000000D+00  0.00000000000000000D+00
48  1  0.00000000000000000D+00  0.00000000000000000D+00  0.00000000000000000D+00  0.00000000000000000D+00  0.00000000000000000D+00
48  2  0.00000000000000000D+00  0.00000000000000000D+00  0.00000000000000000D+00  0.00000000000000000D+00 -4.47213595499956800D-01
48  3 -4.47213595499956700D-01 -4.47213595499956400D-01  0.00000000000000000D+00  0.00000000000000000D+00  0.00000000000000000D+00
48  4  0.00000000000000000D+00  0.00000000000000000D+00  0.00000000000000000D+00  0.00000000000000000D+00  0.00000000000000000D+00
48  5  0.00000000000000000D+00  0.00000000000000000D+00  0.00000000000000000D+00  0.00000000000000000D+00  0.00000000000000000D+00
48  6  0.00000000000000000D+00  0.00000000000000000D+00  0.00000000000000000D+00  0.00000000000000000D+00  0.00000000000000000D+00
48  7  0.00000000000000000D+00  0.00000000000000000D+00  0.00000000000000000D+00  0.00000000000000000D+00  0.00000000000000000D+00
48  8  0.00000000000000000D+00  0.00000000000000000D+00  0.00000000000000000D+00  0.00000000000000000D+00  0.00000000000000000D+00
48  9  0.00000000000000000D+00  0.00000000000000000D+00  0.00000000000000000D+00  0.00000000000000000D+00  0.00000000000000000D+00
48 10  0.00000000000000000D+00  0.00000000000000000D+00  0.00000000000000000D+00  0.00000000000000000D+00  0.00000000000000000D+00
49  1  0.00000000000000000D+00  0.00000000000000000D+00  0.00000000000000000D+00  0.00000000000000000D+00  0.00000000000000000D+00
49  2  0.00000000000000000D+00  0.00000000000000000D+00  0.00000000000000000D+00  0.00000000000000000D+00  0.00000000000000000D+00
49  3  0.00000000000000000D+00  0.00000000000000000D+00  0.00000000000000000D+00  0.00000000000000000D+00  0.00000000000000000D+00
49  4  0.00000000000000000D+00  0.00000000000000000D+00  0.00000000000000000D+00  0.00000000000000000D+00  0.00000000000000000D+00
49  5  0.00000000000000000D+00  0.00000000000000000D+00  0.00000000000000000D+00  0.00000000000000000D+00  0.00000000000000000D+00
49  6  0.00000000000000000D+00  0.00000000000000000D+00  0.00000000000000000D+00  0.00000000000000000D+00  0.00000000000000000D+00
49  7  0.00000000000000000D+00  0.00000000000000000D+00  0.00000000000000000D+00  0.00000000000000000D+00  0.00000000000000000D+00
49  8  0.00000000000000000D+00  0.00000000000000000D+00  0.00000000000000000D+00  0.00000000000000000D+00  0.00000000000000000D+00
49  9  0.00000000000000000D+00  0.00000000000000000D+00  0.00000000000000000D+00  0.00000000000000000D+00  4.47213595499957000D-01
49 10  4.47213595499957000D-01  4.47213595499957000D-01  0.00000000000000000D+00  0.00000000000000000D+00  0.00000000000000000D+00
50  1  0.00000000000000000D+00  0.00000000000000000D+00  0.00000000000000000D+00  0.00000000000000000D+00  0.00000000000000000D+00
50  2  0.00000000000000000D+00  0.00000000000000000D+00  0.00000000000000000D+00  0.00000000000000000D+00  0.00000000000000000D+00
50  3  0.00000000000000000D+00  0.00000000000000000D+00  0.00000000000000000D+00  0.00000000000000000D+00  0.00000000000000000D+00
50  4  0.00000000000000000D+00  0.00000000000000000D+00  0.00000000000000000D+00  0.00000000000000000D+00  0.00000000000000000D+00
50  5  0.00000000000000000D+00  0.00000000000000000D+00  0.00000000000000000D+00  0.00000000000000000D+00  0.00000000000000000D+00
50  6  0.00000000000000000D+00  0.00000000000000000D+00  0.00000000000000000D+00  0.00000000000000000D+00  0.00000000000000000D+00
50  7  0.00000000000000000D+00  0.00000000000000000D+00  0.00000000000000000D+00  0.00000000000000000D+00  4.47213595499957300D-01
50  8  4.47213595499957000D-01  4.47213595499957500D-01  0.00000000000000000D+00  0.00000000000000000D+00  0.00000000000000000D+00
50  9  0.00000000000000000D+00  0.00000000000000000D+00  0.00000000000000000D+00  0.00000000000000000D+00  0.00000000000000000D+00
50 10  0.00000000000000000D+00  0.00000000000000000D+00  0.00000000000000000D+00  0.00000000000000000D+00  0.00000000000000000D+00
 $END
 POPULATION ANALYSIS
LI           2.36482   0.63518   2.26963   0.73037
F            9.63518  -0.63518   9.73037  -0.73037
 MOMENTS AT POINT    1 X,Y,Z=  0.000000  0.000000  1.932102
 DIPOLE       0.000000  0.000000 -5.766054
- - - NO-S OF CI STATE  1 E=     -106.9680011527 CREATED  9:35:59  7-MAY-2026    
 $OCCNO 
    2.0000000000    2.0000000000    2.0000000000    1.9924233515    1.9879649058
    1.9879649058    0.0113246771    0.0113246771    0.0064318795    0.0010839737
    0.0007391371    0.0002603509    0.0002603509    0.0000918641    0.0000918629
    0.0000143523    0.0000143523    0.0000038155    0.0000015467    0.0000013681
    0.0000005740    0.0000005740    0.0000003966    0.0000003965    0.0000003892
    0.0000001407    0.0000001407    0.0000000135    0.0000000011    0.0000000010
    0.0000000010    0.0000000003
 $END   
 $VEC   
 1  1 -1.03125524750365000D-04 -5.10536774945631800D-04 -7.81936799955417600D-05  0.00000000000000000D+00  0.00000000000000000D+00
 1  2  7.75223700773895400D-04  0.00000000000000000D+00  0.00000000000000000D+00 -7.72596161801613700D-04 -3.74777878516004400D-04
 1  3 -3.74777878516514500D-04  7.49555757032683800D-04  0.00000000000000000D+00  0.00000000000000000D+00  0.00000000000000000D+00
 1  4  9.65785191563432200D-05  0.00000000000000000D+00  0.00000000000000000D+00  1.10842463683580300D-04  1.76367287153735000D-04
 1  5  1.76367287154147900D-04 -3.52734574308098700D-04  0.00000000000000000D+00  0.00000000000000000D+00  0.00000000000000000D+00
 1  6  1.00089230586191900D+00  1.00442889825242200D-03 -4.36222272163460300D-03  0.00000000000000000D+00  0.00000000000000000D+00
 1  7 -2.90774670232916600D-04  0.00000000000000000D+00  0.00000000000000000D+00  2.31501424892243900D-04 -2.20078920823275400D-05
 1  8 -2.20078920822016300D-05  4.40157841644918600D-05  0.00000000000000000D+00  0.00000000000000000D+00  0.00000000000000000D+00
 1  9  1.79424321516700400D-03  0.00000000000000000D+00  0.00000000000000000D+00 -4.65570430288110300D-04 -1.51163327778073500D-05
 1 10 -1.51163327778971800D-05  3.02326655557058200D-05  0.00000000000000000D+00  0.00000000000000000D+00  0.00000000000000000D+00
 2  1 -9.77692610978218400D-01  6.41496131110040300D-02 -3.18098338915237900D-02  0.00000000000000000D+00  0.00000000000000000D+00
 2  2  5.25254394067395100D-02  0.00000000000000000D+00  0.00000000000000000D+00 -3.14839627485374500D-02 -3.16017097371045000D-03
 2  3 -3.16017097371040000D-03  6.32034194742079100D-03  0.00000000000000000D+00  0.00000000000000000D+00  0.00000000000000000D+00
 2  4 -1.69177252324732800D-03  0.00000000000000000D+00  0.00000000000000000D+00  1.16552844771396600D-03 -1.37927862123622400D-03
 2  5 -1.37927862123640900D-03  2.75855724247257600D-03  0.00000000000000000D+00  0.00000000000000000D+00  0.00000000000000000D+00
 2  6  8.16865825906382200D-04 -2.34387288950045700D-02 -2.12330664260811000D-02  0.00000000000000000D+00  0.00000000000000000D+00
 2  7  1.86711031009851700D-02  0.00000000000000000D+00  0.00000000000000000D+00  8.43811277790057700D-03  1.46167164186410900D-03
 2  8  1.46167164186390300D-03 -2.92334328372770900D-03  0.00000000000000000D+00  0.00000000000000000D+00  0.00000000000000000D+00
 2  9 -4.42750545581316300D-02  0.00000000000000000D+00  0.00000000000000000D+00  7.91624432521037500D-03 -8.91975529743560900D-04
 2 10 -8.91975529743136100D-04  1.78395105948673900D-03  0.00000000000000000D+00  0.00000000000000000D+00  0.00000000000000000D+00
 3  1 -7.63317574803914200D-02  2.09777910660102200D-01 -1.23892428449339200D-01  0.00000000000000000D+00  0.00000000000000000D+00
 3  2  1.34822317897901000D-01  0.00000000000000000D+00  0.00000000000000000D+00 -8.32343120893720700D-02 -7.11820928136207800D-03
 3  3 -7.11820928136125600D-03  1.42364185627232800D-02  0.00000000000000000D+00  0.00000000000000000D+00  0.00000000000000000D+00
 3  4  1.66127041370464000D-03  0.00000000000000000D+00  0.00000000000000000D+00  2.99482144859539900D-03 -2.21241693625719200D-03
 3  5 -2.21241693625799700D-03  4.42483387251516100D-03  0.00000000000000000D+00  0.00000000000000000D+00  0.00000000000000000D+00
 3  6 -1.10127166052481100D-02  4.81285661810860000D-01  5.71929164968706400D-01  0.00000000000000000D+00  0.00000000000000000D+00
 3  7 -2.66185685415231500D-02  0.00000000000000000D+00  0.00000000000000000D+00 -3.53548139322048100D-02 -8.64123129930146300D-04
 3  8 -8.64123129930261500D-04  1.72824625986035800D-03  0.00000000000000000D+00  0.00000000000000000D+00  0.00000000000000000D+00
 3  9 -8.00931047939338600D-02  0.00000000000000000D+00  0.00000000000000000D+00  3.49226540191577400D-02 -6.14800687747885500D-03
 3 10 -6.14800687747888200D-03  1.22960137549577500D-02  0.00000000000000000D+00  0.00000000000000000D+00  0.00000000000000000D+00
 4  1  2.72919706955320400D-02 -6.07183121798906400D-01  3.39401632616088700D-01  0.00000000000000000D+00  0.00000000000000000D+00
 4  2 -4.76229580364779100D-01  0.00000000000000000D+00  0.00000000000000000D+00  2.87166107160903500D-01  1.69464717178466400D-02
 4  3  1.69464717178484900D-02 -3.38929434356950900D-02  0.00000000000000000D+00  0.00000000000000000D+00  0.00000000000000000D+00
 4  4 -2.64541618671963800D-03  0.00000000000000000D+00  0.00000000000000000D+00 -1.06262172878065400D-02  1.47412538130248500D-02
 4  5  1.47412538130223700D-02 -2.94825076260472500D-02  0.00000000000000000D+00  0.00000000000000000D+00  0.00000000000000000D+00
 4  6  8.29039807888732100D-03  4.53886709274192900D-02  1.24165694687476800D-02  0.00000000000000000D+00  0.00000000000000000D+00
 4  7  6.42030132854686900D-01  0.00000000000000000D+00  0.00000000000000000D+00  4.60283588104322700D-01  1.63675971827717300D-03
 4  8  1.63675971827754000D-03 -3.27351943655437400D-03  0.00000000000000000D+00  0.00000000000000000D+00  0.00000000000000000D+00
 4  9  4.01136766346157900D-01  0.00000000000000000D+00  0.00000000000000000D+00  6.80818798119121400D-04  1.47287865711490900D-02
 4 10  1.47287865711486800D-02 -2.94575731422977400D-02  0.00000000000000000D+00  0.00000000000000000D+00  0.00000000000000000D+00
 5  1  0.00000000000000000D+00  0.00000000000000000D+00  0.00000000000000000D+00 -2.99984084654123300D-07  2.00795679478240100D-01
 5  2  0.00000000000000000D+00  1.89066291838473500D-07 -1.26552362190434500D-01  0.00000000000000000D+00  0.00000000000000000D+00
 5  3  0.00000000000000000D+00  0.00000000000000000D+00  0.00000000000000000D+00 -2.75996379031268600D-08  1.84739401078858100D-02
 5  4  0.00000000000000000D+00 -1.09768742878802300D-08  7.34741955668868600D-03  0.00000000000000000D+00  0.00000000000000000D+00
 5  5  0.00000000000000000D+00  0.00000000000000000D+00  0.00000000000000000D+00 -3.65240965574984600D-08  2.44475663495943300D-02
 5  6  0.00000000000000000D+00  0.00000000000000000D+00  0.00000000000000000D+00 -9.28352461131524400D-07  6.21396843268366400D-01
 5  7  0.00000000000000000D+00 -6.79274586550591000D-07  4.54675461620950800D-01  0.00000000000000000D+00  0.00000000000000000D+00
 5  8  0.00000000000000000D+00  0.00000000000000000D+00  0.00000000000000000D+00  5.37590821440302800D-09 -3.59838804053236900D-03
 5  9  0.00000000000000000D+00 -7.43259392956121500D-08  4.97503975679538500D-02  0.00000000000000000D+00  0.00000000000000000D+00
 5 10  0.00000000000000000D+00  0.00000000000000000D+00  0.00000000000000000D+00  3.83490764177014500D-08 -2.56691246355841100D-02
 6  1  0.00000000000000000D+00  0.00000000000000000D+00  0.00000000000000000D+00 -2.00795679478252800D-01 -2.99984084623432300D-07
 6  2  0.00000000000000000D+00  1.26552362190441400D-01  1.89066291803529300D-07  0.00000000000000000D+00  0.00000000000000000D+00
 6  3  0.00000000000000000D+00  0.00000000000000000D+00  0.00000000000000000D+00 -1.84739401078847000D-02 -2.75996377283180000D-08
 6  4  0.00000000000000000D+00 -7.34741955668912300D-03 -1.09768742829518300D-08  0.00000000000000000D+00  0.00000000000000000D+00
 6  5  0.00000000000000000D+00  0.00000000000000000D+00  0.00000000000000000D+00 -2.44475663496010900D-02 -3.65240966967232400D-08
 6  6  0.00000000000000000D+00  0.00000000000000000D+00  0.00000000000000000D+00 -6.21396843268366300D-01 -9.28352461143980900D-07
 6  7  0.00000000000000000D+00 -4.54675461620952500D-01 -6.79274586587425700D-07  0.00000000000000000D+00  0.00000000000000000D+00
 6  8  0.00000000000000000D+00  0.00000000000000000D+00  0.00000000000000000D+00  3.59838804053312000D-03  5.37590821331933100D-09
 6  9  0.00000000000000000D+00 -4.97503975679444800D-02 -7.43259392699924800D-08  0.00000000000000000D+00  0.00000000000000000D+00
 6 10  0.00000000000000000D+00  0.00000000000000000D+00  0.00000000000000000D+00  2.56691246355826700D-02  3.83490764225119100D-08
 7  1  0.00000000000000000D+00  0.00000000000000000D+00  0.00000000000000000D+00 -9.60452267810329300D-01 -2.79878676788147200D-04
 7  2  0.00000000000000000D+00  8.22033895005229400D-01  2.39543147029137900D-04  0.00000000000000000D+00  0.00000000000000000D+00
 7  3  0.00000000000000000D+00  0.00000000000000000D+00  0.00000000000000000D+00 -7.57327841443652800D-01 -2.20687608492691600D-04
 7  4  0.00000000000000000D+00 -9.06750107897097400D-02 -2.64229706021263700D-05  0.00000000000000000D+00  0.00000000000000000D+00
 7  5  0.00000000000000000D+00  0.00000000000000000D+00  0.00000000000000000D+00  5.03456450625818600D-01  1.46708722340475900D-04
 7  6  0.00000000000000000D+00  0.00000000000000000D+00  0.00000000000000000D+00  2.73851201909780600D-01  7.98010630845830100D-05
 7  7  0.00000000000000000D+00  4.93646705903861700D-01  1.43850133366256700D-04  0.00000000000000000D+00  0.00000000000000000D+00
 7  8  0.00000000000000000D+00  0.00000000000000000D+00  0.00000000000000000D+00  5.07635737734666700D-03  1.47926579264083900D-06
 7  9  0.00000000000000000D+00 -7.48196876453194900D-01 -2.18026817871181100D-04  0.00000000000000000D+00  0.00000000000000000D+00
 7 10  0.00000000000000000D+00  0.00000000000000000D+00  0.00000000000000000D+00 -2.20969326282841700D-02 -6.43911256172627900D-06
 8  1  0.00000000000000000D+00  0.00000000000000000D+00  0.00000000000000000D+00 -2.79878676733660700D-04  9.60452267810255100D-01
 8  2  0.00000000000000000D+00  2.39543146990415400D-04 -8.22033895005185500D-01  0.00000000000000000D+00  0.00000000000000000D+00
 8  3  0.00000000000000000D+00  0.00000000000000000D+00  0.00000000000000000D+00 -2.20687608564682000D-04  7.57327841443621800D-01
 8  4  0.00000000000000000D+00 -2.64229705977711100D-05  9.06750107897064100D-02  0.00000000000000000D+00  0.00000000000000000D+00
 8  5  0.00000000000000000D+00  0.00000000000000000D+00  0.00000000000000000D+00  1.46708722466166700D-04 -5.03456450625832800D-01
 8  6  0.00000000000000000D+00  0.00000000000000000D+00  0.00000000000000000D+00  7.98010630844206400D-05 -2.73851201909781300D-01
 8  7  0.00000000000000000D+00  1.43850133374237900D-04 -4.93646705903858100D-01  0.00000000000000000D+00  0.00000000000000000D+00
 8  8  0.00000000000000000D+00  0.00000000000000000D+00  0.00000000000000000D+00  1.47926579284322000D-06 -5.07635737734610600D-03
 8  9  0.00000000000000000D+00 -2.18026817926560500D-04  7.48196876453254500D-01  0.00000000000000000D+00  0.00000000000000000D+00
 8 10  0.00000000000000000D+00  0.00000000000000000D+00  0.00000000000000000D+00 -6.43911256323003900D-06  2.20969326282840500D-02
 9  1  3.91835646374467300D-01  2.43950762138281000D+00 -9.93554600617025200D-01  0.00000000000000000D+00  0.00000000000000000D+00
 9  2  3.07068219231279300D+00  0.00000000000000000D+00  0.00000000000000000D+00 -1.52097950010585200D+00  1.13973419195567900D-01
 9  3  1.13973419195544900D-01 -2.27946838391113900D-01  0.00000000000000000D+00  0.00000000000000000D+00  0.00000000000000000D+00
 9  4 -1.36799295365159400D-02  0.00000000000000000D+00  0.00000000000000000D+00  8.69225167513300700D-03 -4.25301156998411100D-01
 9  5 -4.25301156998383900D-01  8.50602313996795500D-01  0.00000000000000000D+00  0.00000000000000000D+00  0.00000000000000000D+00
 9  6 -1.05500202652401600D-02 -2.70839695054093100D-02  3.22807952549282300D-02  0.00000000000000000D+00  0.00000000000000000D+00
 9  7  2.66358701319097600D-01  0.00000000000000000D+00  0.00000000000000000D+00  4.92258395620668800D-01  3.85631002088669700D-03
 9  8  3.85631002088507100D-03 -7.71262004177219300D-03  0.00000000000000000D+00  0.00000000000000000D+00  0.00000000000000000D+00
 9  9 -2.47848616271850900D+00  0.00000000000000000D+00  0.00000000000000000D+00 -1.14011447179494500D+00 -1.58966087448630000D-01
 9 10 -1.58966087448612100D-01  3.17932174897242100D-01  0.00000000000000000D+00  0.00000000000000000D+00  0.00000000000000000D+00
10  1 -1.03081639861722700D+00 -4.78937461869385600D+00  3.16122337593818500D+00  0.00000000000000000D+00  0.00000000000000000D+00
10  2 -1.42295404043238600D+00  0.00000000000000000D+00  0.00000000000000000D+00  8.97776049887017800D-01  1.59597113320446900D-01
10  3  1.59597113320442100D-01 -3.19194226640888400D-01  0.00000000000000000D+00  0.00000000000000000D+00  0.00000000000000000D+00
10  4 -1.24466360692208800D-01  0.00000000000000000D+00  0.00000000000000000D+00 -1.70727046200453800D-02 -1.18647479728687400D-01
10  5 -1.18647479728680500D-01  2.37294959457368900D-01  0.00000000000000000D+00  0.00000000000000000D+00  0.00000000000000000D+00
10  6  6.04079774875299400D-02  7.40121602288983900D-02 -4.63675632405909900D-01  0.00000000000000000D+00  0.00000000000000000D+00
10  7 -1.07641935648411600D-01  0.00000000000000000D+00  0.00000000000000000D+00  3.14413881729267700D-01 -1.25188302136038700D-02
10  8 -1.25188302136021100D-02  2.50376604272071800D-02  0.00000000000000000D+00  0.00000000000000000D+00  0.00000000000000000D+00
10  9  2.50075647846275800D+00  0.00000000000000000D+00  0.00000000000000000D+00 -1.41679450090069000D+00  4.32223005545950300D-01
10 10  4.32223005545915400D-01 -8.64446011091865700D-01  0.00000000000000000D+00  0.00000000000000000D+00  0.00000000000000000D+00
11  1  5.95486560547866600D-01  3.42320466338799600D+00 -2.54682587341198100D+00  0.00000000000000000D+00  0.00000000000000000D+00
11  2  2.19504003914620900D+00  0.00000000000000000D+00  0.00000000000000000D+00 -1.57383439350428900D+00 -4.39567352637532400D-01
11  3 -4.39567352637523300D-01  8.79134705275055300D-01  0.00000000000000000D+00  0.00000000000000000D+00  0.00000000000000000D+00
11  4  1.75714781342292800D-01  0.00000000000000000D+00  0.00000000000000000D+00  1.08859120176872900D-01  1.85616100172001200D-01
11  5  1.85616100171990800D-01 -3.71232200343992500D-01  0.00000000000000000D+00  0.00000000000000000D+00  0.00000000000000000D+00
11  6  3.89055658006466800D-02 -1.21881378402961600D-01 -1.12410414473443800D+00  0.00000000000000000D+00  0.00000000000000000D+00
11  7  4.81401921766760600D-02  0.00000000000000000D+00  0.00000000000000000D+00  1.37713484169650600D-02  5.81685853202070500D-03
11  8  5.81685853202067900D-03 -1.16337170640425300D-02  0.00000000000000000D+00  0.00000000000000000D+00  0.00000000000000000D+00
11  9 -1.16839595983703600D-01  0.00000000000000000D+00  0.00000000000000000D+00  4.63087299722148400D-01 -1.53263200220734900D-01
11 10 -1.53263200220719900D-01  3.06526400441454800D-01  0.00000000000000000D+00  0.00000000000000000D+00  0.00000000000000000D+00
12  1  0.00000000000000000D+00  0.00000000000000000D+00  0.00000000000000000D+00  9.14683093767125100D-02 -3.42899520943656200D+00
12  2  0.00000000000000000D+00 -4.89954733921395300D-02  1.83675903370831400D+00  0.00000000000000000D+00  0.00000000000000000D+00
12  3  0.00000000000000000D+00  0.00000000000000000D+00  0.00000000000000000D+00  1.98034606788811200D-02 -7.42398894880342600D-01
12  4  0.00000000000000000D+00  1.00900114703334300D-03 -3.78257794755916200D-02  0.00000000000000000D+00  0.00000000000000000D+00
12  5  0.00000000000000000D+00  0.00000000000000000D+00  0.00000000000000000D+00  1.16942753654627200D-02 -4.38398987359682100D-01
12  6  0.00000000000000000D+00  0.00000000000000000D+00  0.00000000000000000D+00  2.31483928724249000D-04 -8.67794854928059100D-03
12  7  0.00000000000000000D+00  1.17741011703716200D-03 -4.41391524388061500D-02  0.00000000000000000D+00  0.00000000000000000D+00
12  8  0.00000000000000000D+00  0.00000000000000000D+00  0.00000000000000000D+00 -6.29329748816282200D-04  2.35925284784430900D-02
12  9  0.00000000000000000D+00 -6.49405590048671200D-02  2.43451384685267800D+00  0.00000000000000000D+00  0.00000000000000000D+00
12 10  0.00000000000000000D+00  0.00000000000000000D+00  0.00000000000000000D+00  1.64075251567496100D-03 -6.15090904647631400D-02
13  1  0.00000000000000000D+00  0.00000000000000000D+00  0.00000000000000000D+00 -3.42899520943627600D+00 -9.14683093767760000D-02
13  2  0.00000000000000000D+00  1.83675903370821900D+00  4.89954733921667600D-02  0.00000000000000000D+00  0.00000000000000000D+00
13  3  0.00000000000000000D+00  0.00000000000000000D+00  0.00000000000000000D+00 -7.42398894880932500D-01 -1.98034606787373700D-02
13  4  0.00000000000000000D+00 -3.78257794756057900D-02 -1.00900114703259800D-03  0.00000000000000000D+00  0.00000000000000000D+00
13  5  0.00000000000000000D+00  0.00000000000000000D+00  0.00000000000000000D+00 -4.38398987359089100D-01 -1.16942753655995600D-02
13  6  0.00000000000000000D+00  0.00000000000000000D+00  0.00000000000000000D+00 -8.67794854927179900D-03 -2.31483928726231100D-04
13  7  0.00000000000000000D+00 -4.41391524387380300D-02 -1.17741011705657300D-03  0.00000000000000000D+00  0.00000000000000000D+00
13  8  0.00000000000000000D+00  0.00000000000000000D+00  0.00000000000000000D+00  2.35925284784441600D-02  6.29329748815751700D-04
13  9  0.00000000000000000D+00  2.43451384685250000D+00  6.49405590049050600D-02  0.00000000000000000D+00  0.00000000000000000D+00
13 10  0.00000000000000000D+00  0.00000000000000000D+00  0.00000000000000000D+00 -6.15090904647861400D-02 -1.64075251567149000D-03
14  1  0.00000000000000000D+00  0.00000000000000000D+00  0.00000000000000000D+00  0.00000000000000000D+00  0.00000000000000000D+00
14  2  0.00000000000000000D+00  0.00000000000000000D+00  0.00000000000000000D+00  0.00000000000000000D+00  1.44088592769800500D+00
14  3 -1.44088592769785200D+00  0.00000000000000000D+00 -3.80912235324832300D-10  0.00000000000000000D+00  0.00000000000000000D+00
14  4  0.00000000000000000D+00  0.00000000000000000D+00  0.00000000000000000D+00  0.00000000000000000D+00 -6.68965190800477800D-01
14  5  6.68965190799605100D-01  0.00000000000000000D+00  1.76849325339248200D-10  0.00000000000000000D+00 -1.30461069475668200D-11
14  6  0.00000000000000000D+00  0.00000000000000000D+00  0.00000000000000000D+00  0.00000000000000000D+00  0.00000000000000000D+00
14  7  0.00000000000000000D+00  0.00000000000000000D+00  0.00000000000000000D+00  0.00000000000000000D+00  1.00293770683452300D-02
14  8 -1.00293770683470000D-02  0.00000000000000000D+00  0.00000000000000000D+00  0.00000000000000000D+00  0.00000000000000000D+00
14  9  0.00000000000000000D+00  0.00000000000000000D+00  0.00000000000000000D+00  0.00000000000000000D+00 -1.24073746102672600D-02
14 10  1.24073746102871400D-02  0.00000000000000000D+00  0.00000000000000000D+00  0.00000000000000000D+00  0.00000000000000000D+00
15  1  0.00000000000000000D+00  0.00000000000000000D+00  0.00000000000000000D+00  0.00000000000000000D+00  0.00000000000000000D+00
15  2  0.00000000000000000D+00  0.00000000000000000D+00  0.00000000000000000D+00  0.00000000000000000D+00  3.29873884188782200D-10
15  3 -3.29871519194609800D-10  0.00000000000000000D+00  1.66379476824080700D+00  0.00000000000000000D+00  0.00000000000000000D+00
15  4  0.00000000000000000D+00  0.00000000000000000D+00  0.00000000000000000D+00  0.00000000000000000D+00 -1.53148584557845000D-10
15  5  1.53145580183595200D-10  0.00000000000000000D+00 -7.72458269898723700D-01  0.00000000000000000D+00  0.00000000000000000D+00
15  6  0.00000000000000000D+00  0.00000000000000000D+00  0.00000000000000000D+00  0.00000000000000000D+00  0.00000000000000000D+00
15  7  0.00000000000000000D+00  0.00000000000000000D+00  0.00000000000000000D+00  0.00000000000000000D+00  0.00000000000000000D+00
15  8  0.00000000000000000D+00  0.00000000000000000D+00  1.15809339437911500D-02  0.00000000000000000D+00  0.00000000000000000D+00
15  9  0.00000000000000000D+00  0.00000000000000000D+00  0.00000000000000000D+00  0.00000000000000000D+00  0.00000000000000000D+00
15 10  0.00000000000000000D+00  0.00000000000000000D+00 -1.43268289761390500D-02  0.00000000000000000D+00  0.00000000000000000D+00
16  1  0.00000000000000000D+00  0.00000000000000000D+00  0.00000000000000000D+00 -8.70873070391740900D-01  1.84578682796357800D-02
16  2 -1.48527583322634600D-11 -3.19456304114623700D-02  6.77077128077040200D-04  0.00000000000000000D+00  0.00000000000000000D+00
16  3  0.00000000000000000D+00  0.00000000000000000D+00  0.00000000000000000D+00  2.26575066945149200D+00 -4.80218401883258400D-02
16  4  0.00000000000000000D+00  1.11736985820856400D-01 -2.36822866167905300D-03  0.00000000000000000D+00  1.19621192410860300D-11
16  5  0.00000000000000000D+00 -1.42887084915564500D-11  0.00000000000000000D+00 -1.98522531485018000D+00  4.20761975681326900D-02
16  6  0.00000000000000000D+00  0.00000000000000000D+00  0.00000000000000000D+00 -4.01635012297274600D-02  8.51252197972792100D-04
16  7  0.00000000000000000D+00 -3.47384881102533800D-01  7.36270829307431000D-03  0.00000000000000000D+00  0.00000000000000000D+00
16  8  0.00000000000000000D+00  0.00000000000000000D+00  0.00000000000000000D+00 -8.84944192811984100D-03  1.87561010907933400D-04
16  9  0.00000000000000000D+00  6.48866600908280500D-01 -1.37525141808939800D-02  0.00000000000000000D+00  0.00000000000000000D+00
16 10  0.00000000000000000D+00  0.00000000000000000D+00  0.00000000000000000D+00  4.96816308740917900D-02 -1.05298582509561600D-03
17  1  0.00000000000000000D+00  0.00000000000000000D+00  0.00000000000000000D+00  1.84578682784301900D-02  8.70873070382192900D-01
17  2  0.00000000000000000D+00  6.77077130191034100D-04  3.19456304262754600D-02  0.00000000000000000D+00  0.00000000000000000D+00
17  3  0.00000000000000000D+00  0.00000000000000000D+00  0.00000000000000000D+00 -4.80218401867704100D-02 -2.26575066943896800D+00
17  4  0.00000000000000000D+00 -2.36822866211575200D-03 -1.11736985823376400D-01  0.00000000000000000D+00  0.00000000000000000D+00
17  5  0.00000000000000000D+00  0.00000000000000000D+00  0.00000000000000000D+00  4.20761975662060000D-02  1.98522531483318000D+00
17  6  0.00000000000000000D+00  0.00000000000000000D+00  0.00000000000000000D+00  8.51252197977199600D-04  4.01635012297708900D-02
17  7  0.00000000000000000D+00  7.36270829297742300D-03  3.47384881101637300D-01  0.00000000000000000D+00  0.00000000000000000D+00
17  8  0.00000000000000000D+00  0.00000000000000000D+00  0.00000000000000000D+00  1.87561010902389700D-04  8.84944192807629800D-03
17  9  0.00000000000000000D+00 -1.37525141807116900D-02 -6.48866600905127700D-01  0.00000000000000000D+00  0.00000000000000000D+00
17 10  0.00000000000000000D+00  0.00000000000000000D+00  0.00000000000000000D+00 -1.05298582505930900D-03 -4.96816308738045500D-02
18  1 -1.42841003313206100D-01 -1.17444435565534700D+00 -1.77905236620823400D-01  0.00000000000000000D+00  0.00000000000000000D+00
18  2 -7.20330487245190900D-01  0.00000000000000000D+00  0.00000000000000000D+00 -8.36037597014282800D-01  6.78176876804707500D-01
18  3  6.78176876805557200D-01 -1.35635375361026500D+00  0.00000000000000000D+00  0.00000000000000000D+00  0.00000000000000000D+00
18  4  1.70706692498977100D-02  0.00000000000000000D+00  0.00000000000000000D+00  2.83171485757521900D-01 -5.30686656373723200D-02
18  5 -5.30686656384690700D-02  1.06137331275841100D-01  0.00000000000000000D+00  0.00000000000000000D+00  0.00000000000000000D+00
18  6 -1.17540724577885000D-02 -1.74613373248710200D-02  2.57043969237225800D-01  0.00000000000000000D+00  0.00000000000000000D+00
18  7 -6.92147205188756900D-03  0.00000000000000000D+00  0.00000000000000000D+00 -1.75603118295167900D-01 -3.55604144561180400D-03
18  8 -3.55604144561012100D-03  7.11208289122128000D-03  0.00000000000000000D+00  0.00000000000000000D+00  0.00000000000000000D+00
18  9  1.78439834691689700D+00  0.00000000000000000D+00  0.00000000000000000D+00  7.96368389589882900D-01  6.42119575920858700D-02
18 10  6.42119575920724900D-02 -1.28423915184158400D-01  0.00000000000000000D+00  0.00000000000000000D+00  0.00000000000000000D+00
19  1  3.47898013081619800D-03 -6.12078838271859200D-01  9.62131847512217400D-01  0.00000000000000000D+00  0.00000000000000000D+00
19  2  1.91191296601684700D+00  0.00000000000000000D+00  0.00000000000000000D+00 -1.71659540966083000D+00 -1.20398420540455800D+00
19  3 -1.20398420541570700D+00  2.40796841082026400D+00  0.00000000000000000D+00  0.00000000000000000D+00  0.00000000000000000D+00
19  4 -3.45440579925639700D-01  0.00000000000000000D+00  0.00000000000000000D+00  1.50690336798180200D-01  1.01627422700895700D+00
19  5  1.01627422702318600D+00 -2.03254845403214400D+00  0.00000000000000000D+00  0.00000000000000000D+00  0.00000000000000000D+00
19  6  5.19804690856239100D-02  6.36951649467169000D-02 -7.95604968709669900D-01  0.00000000000000000D+00  0.00000000000000000D+00
19  7 -7.40120735224111800D-03  0.00000000000000000D+00  0.00000000000000000D+00  1.43586739014741900D-01  2.13307501261026600D-03
19  8  2.13307501258829700D-03 -4.26615002519936800D-03  0.00000000000000000D+00  0.00000000000000000D+00  0.00000000000000000D+00
19  9 -1.67506345018458300D-01  0.00000000000000000D+00  0.00000000000000000D+00  1.41489428300985300D-02 -4.04404555916083700D-02
19 10 -4.04404555915056500D-02  8.08809111831140200D-02  0.00000000000000000D+00  0.00000000000000000D+00  0.00000000000000000D+00
20  1 -2.01034154439814600D-01 -1.42786086539701300D+00  1.75739204908494800D+00  1.41125187720039600D-11  0.00000000000000000D+00
20  2  2.04602272169141000D+00 -4.73962244790591900D-11  1.27289519255012900D-11 -4.71459360823357700D-01  5.18942368076186000D-01
20  3  5.18942367975973500D-01 -1.03788473605216000D+00  0.00000000000000000D+00 -1.64627675339363500D-11  0.00000000000000000D+00
20  4 -5.92767741322991400D-02  1.03980554103342100D-11  0.00000000000000000D+00 -5.78176046276311200D-02 -1.15584584781455500D+00
20  5 -1.15584584768670300D+00  2.31169169550126000D+00  0.00000000000000000D+00  1.85521759428171200D-11  0.00000000000000000D+00
20  6 -2.65890240124263100D-03 -1.50771897994202000D-02  6.14302471083131500D-02  0.00000000000000000D+00  0.00000000000000000D+00
20  7  4.79486801927704400D-03  0.00000000000000000D+00  0.00000000000000000D+00  2.10866429989317000D-01 -5.35140265830072300D-03
20  8 -5.35140265852098500D-03  1.07028053168218800D-02  0.00000000000000000D+00  0.00000000000000000D+00  0.00000000000000000D+00
20  9 -1.55216623883716800D+00  1.01877144357393000D-11  0.00000000000000000D+00 -1.11636686873412200D+00  4.79873121228303500D-02
20 10  4.79873121237218100D-02 -9.59746242465521500D-02  0.00000000000000000D+00  0.00000000000000000D+00  0.00000000000000000D+00
21  1  2.12932061694336200D-11  1.38588835946631400D-10 -2.30366984656269600D-10 -7.20770411552476000D-03  5.23660862960959700D-03
21  2 -7.60006766062164600D-11 -1.23979098922174900D+00  9.00744541920636700D-01  0.00000000000000000D+00  3.10549510449892600D-11
21  3 -8.97954137369319700D-11  5.87404626919426700D-11  0.00000000000000000D+00 -2.78266950671366800D-01  2.02169106844107400D-01
21  4  4.23412095360839900D-11  3.48532388267437700D-01 -2.53219009617269900D-01  1.08914156345810300D-11 -4.51013878063336600D-11
21  5  1.07814798734378400D-10 -6.27134109280452200D-11  0.00000000000000000D+00 -5.53175284978913000D-01  4.01898080513592800D-01
21  6  0.00000000000000000D+00  0.00000000000000000D+00 -2.88351568549385100D-11  2.96903696679994300D-03 -2.15709249901364200D-03
21  7  0.00000000000000000D+00 -4.08804460642826600D-02  2.97008439252259100D-02  0.00000000000000000D+00  0.00000000000000000D+00
21  8  0.00000000000000000D+00  0.00000000000000000D+00  0.00000000000000000D+00  3.09636923835946000D-03 -2.24960313103079700D-03
21  9  9.34645045745883200D-11  1.02857148912140600D+00 -7.47287375810103300D-01  1.90567976391329200D-11  0.00000000000000000D+00
21 10  0.00000000000000000D+00  0.00000000000000000D+00  0.00000000000000000D+00 -1.17825330183611400D-02  8.56035605817296500D-03
22  1  0.00000000000000000D+00 -2.04683072267414500D-11  2.98035904487004500D-11  5.23660859270585400D-03  7.20770417866185100D-03
22  2  2.44512162372136500D-11  9.00744541948792900D-01  1.23979098917290700D+00  0.00000000000000000D+00 -1.66838900136846100D-11
22  3  2.00632152985490500D-11  0.00000000000000000D+00  0.00000000000000000D+00  2.02169106886870300D-01  2.78266950599281500D-01
22  4  0.00000000000000000D+00 -2.53219009618940500D-01 -3.48532388264034100D-01  0.00000000000000000D+00  1.66063151290335300D-11
22  5 -2.98918609830255400D-11  1.32855458539921200D-11  0.00000000000000000D+00  4.01898080427719100D-01  5.53175285125663200D-01
22  6  0.00000000000000000D+00  0.00000000000000000D+00  0.00000000000000000D+00 -2.15709249866856900D-03 -2.96903696742647000D-03
22  7  0.00000000000000000D+00  2.97008439209583500D-02  4.08804460713843200D-02  0.00000000000000000D+00  0.00000000000000000D+00
22  8  0.00000000000000000D+00  0.00000000000000000D+00  0.00000000000000000D+00 -2.24960313113694500D-03 -3.09636923818350900D-03
22  9 -1.81473896895465400D-11 -7.47287375770558800D-01 -1.02857148918921700D+00  0.00000000000000000D+00  0.00000000000000000D+00
22 10  0.00000000000000000D+00  0.00000000000000000D+00  0.00000000000000000D+00  8.56035605905597500D-03  1.17825330168771400D-02
23  1  3.66130872983463000D-11  2.28132702959888900D-10 -4.20831702860468700D-10  0.00000000000000000D+00  0.00000000000000000D+00
23  2 -7.70347358159488700D-11  0.00000000000000000D+00  0.00000000000000000D+00 -2.53059776835928700D-11  2.60640566476400300D-08
23  3 -2.61488658129810000D-08  8.48091653409445700D-11  1.89989455874517400D+00  0.00000000000000000D+00  0.00000000000000000D+00
23  4  9.28312832561472700D-11  0.00000000000000000D+00  0.00000000000000000D+00  1.90148096699897500D-11 -3.29481372461267500D-08
23  5  3.29974530566223300D-08 -4.93158104957157600D-11 -2.39959335233773900D+00  0.00000000000000000D+00  0.00000000000000000D+00
23  6  0.00000000000000000D+00  0.00000000000000000D+00 -5.78493920090081700D-11  0.00000000000000000D+00  0.00000000000000000D+00
23  7  0.00000000000000000D+00  0.00000000000000000D+00  0.00000000000000000D+00  0.00000000000000000D+00  5.97357497101126900D-11
23  8 -5.89025010960513500D-11  0.00000000000000000D+00  4.31692942297106800D-03  0.00000000000000000D+00  0.00000000000000000D+00
23  9  1.37629454675055800D-10  0.00000000000000000D+00  0.00000000000000000D+00  0.00000000000000000D+00 -2.35323275783440100D-10
23 10  2.29874900427131600D-10  0.00000000000000000D+00 -1.69273713191451800D-02  0.00000000000000000D+00  0.00000000000000000D+00
24  1  6.68745185133823700D-10  4.18045248964551600D-09 -7.67782300405253900D-09  3.56037697192455300D-11 -1.02899182545394400D-11
24  2 -1.47985877181425500D-09  2.86603723788250800D-11 -1.11168043467755700D-11 -4.32910101507920000D-10  1.64535923576053200D+00
24  3 -1.64535923730555200D+00  1.54501887040939500D-09 -3.01450958835098000D-08 -2.78940543246704000D-11  0.00000000000000000D+00
24  4  1.68744565270914800D-09 -1.40959101729022000D-11  0.00000000000000000D+00  3.48206936162913000D-10 -2.07810986187400500D+00
24  5  2.07810986282189300D+00 -9.47897059342913500D-10  3.80736814393316300D-08  1.06839266772462500D-10 -3.20723413762349700D-11
24  6  7.06024948787234200D-11  8.76965916066018700D-11 -1.04077578532604800D-09  0.00000000000000000D+00  0.00000000000000000D+00
24  7  0.00000000000000000D+00  0.00000000000000000D+00  0.00000000000000000D+00 -4.44287031470507500D-11  3.73858645326319100D-03
24  8 -3.73858643788693500D-03 -1.53760869515571900D-11 -6.84954861445870800D-11  0.00000000000000000D+00  0.00000000000000000D+00
24  9  2.54244450840416800D-09 -8.41243697611490100D-11  2.68529054008602400D-11 -5.85445501263731800D-11 -1.46595533007942400D-02
24 10  1.46595531998384200D-02  1.00955169713101300D-10  2.68581870664975700D-10  0.00000000000000000D+00  0.00000000000000000D+00
25  1  3.14230451868775500D-01  1.95883063107956100D+00 -3.61804747698350600D+00  5.16867145493974000D-11 -1.07562917257863300D-11
25  2 -6.72565162332695700D-01  3.62974619527944800D-11 -3.79065317372189300D-11 -2.06252254550013900D-01 -3.61156378610839200D-01
25  3 -3.61156371647212900D-01  7.22312750258052000D-01 -2.22227618968634100D-10 -4.19556908399742500D-11  0.00000000000000000D+00
25  4  8.02423758815239100D-01 -1.87085301333229800D-11  1.20337001485678100D-11  1.63571443896401600D-01  2.13054440361521600D-01
25  5  2.13054431567023600D-01 -4.26108871928546700D-01  2.80656014690273500D-10  1.52749901758464100D-10 -4.47195900603741000D-11
25  6  3.34400681623783400D-02  4.13844625766490900D-02 -4.92764155105343300D-01  0.00000000000000000D+00  0.00000000000000000D+00
25  7  2.53686648703198700D-03  0.00000000000000000D+00  0.00000000000000000D+00 -1.79949206802970900D-02  3.58272539293100800D-03
25  8  3.58272540875758900D-03 -7.16545080168853600D-03  0.00000000000000000D+00  0.00000000000000000D+00  0.00000000000000000D+00
25  9  1.18544422976454200D+00 -1.17660874577890500D-10  4.97971649316246000D-11 -4.28548577278164100D-02 -2.33584045428174800D-02
25 10 -2.33584046048592100D-02  4.67168091476767200D-02  0.00000000000000000D+00  0.00000000000000000D+00  0.00000000000000000D+00
26  1 -1.74356936131560400D-11 -9.42303342507083600D-11  2.31587011820679500D-10  1.09392043099568100D+00 -3.30110098275884800D-02
26  2  2.26765733850839300D-11 -8.10154353284599600D-01  2.44478597884889700D-02 -1.53730892431209800D-11 -3.80653539081992800D-11
26  3  7.60967727683413800D-11 -3.80314188601420700D-11  0.00000000000000000D+00 -1.34401679549258400D+00  4.05581159160406400D-02
26  4 -7.38080711563874200D-11  9.83479864116866600D-02 -2.96782677715851700D-03  0.00000000000000000D+00  5.90497824845151600D-11
26  5 -8.47567117164523200D-11  2.57069292319375600D-11  0.00000000000000000D+00  2.53306401742307500D+00 -7.64397471739308200D-02
26  6  0.00000000000000000D+00  0.00000000000000000D+00  2.74911887161095600D-11 -7.01693211075133500D-03  2.11748504118154900D-04
26  7  0.00000000000000000D+00  1.41807585342210100D-01 -4.27929807385547400D-03  0.00000000000000000D+00  0.00000000000000000D+00
26  8  0.00000000000000000D+00  0.00000000000000000D+00  0.00000000000000000D+00  3.52498710923324600D-03 -1.06372804454995600D-04
26  9 -6.55158867669646400D-11 -1.14843626440466000D+00  3.46561228204941600D-02  1.68040548134738700D-11  0.00000000000000000D+00
26 10  0.00000000000000000D+00  0.00000000000000000D+00  0.00000000000000000D+00 -2.77854814989430100D-02  8.38476708905790800D-04
27  1  3.04285427955145500D-11  1.47369829246601800D-10 -2.61528341566806000D-10 -3.30110098282243100D-02 -1.09392043100275800D+00
27  2 -2.35400109657225400D-10  2.44478597961934900D-02  8.10154353402067000D-01  4.80016418087804600D-10 -5.88315377906331200D-11
27  3 -1.55081870841711500D-11  7.43397248748045000D-11  0.00000000000000000D+00  4.05581159199456500D-02  1.34401679553385800D+00
27  4 -2.05234019745223100D-10 -2.96782677882655400D-03 -9.83479864649054900D-02 -1.96409640400361300D-10  1.38573782132853600D-10
27  5  9.52310494806826600D-11 -2.33804831613536300D-10  0.00000000000000000D+00 -7.64397471722209600D-02 -2.53306401738850000D+00
27  6  0.00000000000000000D+00  0.00000000000000000D+00  0.00000000000000000D+00  2.11748504050772800D-04  7.01693211013939400D-03
27  7  0.00000000000000000D+00 -4.27929807393398700D-03 -1.41807585341138100D-01 -1.19485302331664400D-11  0.00000000000000000D+00
27  8  0.00000000000000000D+00  0.00000000000000000D+00  0.00000000000000000D+00 -1.06372804483655900D-04 -3.52498710956494500D-03
27  9  1.37835352720093100D-10  3.46561228144930100D-02  1.14843626431836300D+00  2.77282525119899900D-11  0.00000000000000000D+00
27 10  0.00000000000000000D+00  0.00000000000000000D+00  0.00000000000000000D+00  8.38476709029267700D-04  2.77854815003202100D-02
28  1  1.38478050465533300D-01  6.16549939216282400D-01 -2.08536934607371700D+00  5.40015795104982300D-11  3.15460210468194900D-10
28  2 -8.08716115064420000D-01 -5.91274747263785100D-11 -2.30614495998311600D-10  1.08193260350634700D+00 -1.97265441416465900D-01
28  3 -1.97265441470133400D-01  3.94530882886599400D-01  0.00000000000000000D+00 -6.71469654574231700D-11 -3.83212781743852100D-10
28  4  7.45729776222031500D-01  3.52035937427339500D-11  3.21776654612840200D-11 -1.50165850522342700D-01  5.36083240723759600D-01
28  5  5.36083240792151300D-01 -1.07216648151591200D+00  0.00000000000000000D+00  1.15672837874299300D-10  7.28887612196211100D-10
28  6  2.60965614701026200D-03  5.61973997692348600D-03 -5.12658414232701400D-02  0.00000000000000000D+00  0.00000000000000000D+00
28  7  3.88279002466149600D-03  0.00000000000000000D+00  4.06703206412434000D-11 -4.30543846471170100D-02  3.00536903399095200D-03
28  8  3.00536903387287400D-03 -6.01073806786326400D-03  0.00000000000000000D+00  0.00000000000000000D+00  0.00000000000000000D+00
28  9  8.72680800190816400D-01 -4.55977049994618900D-11 -3.34574582466782400D-10  1.47161018551546700D-01 -1.65973861444697100D-02
28 10 -1.65973861439916700D-02  3.31947722884613600D-02  0.00000000000000000D+00  0.00000000000000000D+00  0.00000000000000000D+00
29  1 -2.95377275267742900D-02 -8.25321131308940100D-02  1.15746684728362600D+00  0.00000000000000000D+00  3.10892580331422600D-10
29  2  7.74900737831677600D-03 -2.02418932665312100D-11 -2.34355501594157700D-10  5.17344945911669600D-01  6.40813283603200000D-02
29  3  6.40813283649257800D-02 -1.28162656725245300D-01  0.00000000000000000D+00  0.00000000000000000D+00 -3.77834959288135700D-10
29  4 -1.51470527996406400D+00  4.79800405025037500D-11  4.21012804767616500D-11 -3.98192781937820800D-01 -1.36417258667572500D-01
29  5 -1.36417258672441000D-01  2.72834517340014100D-01  0.00000000000000000D+00  0.00000000000000000D+00  7.14787814486053100D-10
29  6 -6.20162927506367100D-03 -1.13106302788997100D-02  6.45030207835208700D-02  0.00000000000000000D+00  0.00000000000000000D+00
29  7 -9.29094772840768500D-04  0.00000000000000000D+00  3.98647232060502400D-11  3.90076245766523500D-03 -3.31169113812455500D-04
29  8 -3.31169113797312900D-04  6.62338227609637200D-04  0.00000000000000000D+00  0.00000000000000000D+00  0.00000000000000000D+00
29  9 -3.74355123919687600D-01  0.00000000000000000D+00 -3.25522953252295500D-10 -5.92395860398433300D-02  1.04257837401863400D-03
29 10  1.04257837397892800D-03 -2.08515674799753800D-03  0.00000000000000000D+00  0.00000000000000000D+00  0.00000000000000000D+00
30  1  0.00000000000000000D+00  0.00000000000000000D+00  0.00000000000000000D+00  3.11359261652276100D-03  4.52810219664815200D-02
30  2  0.00000000000000000D+00 -3.13172165792277600D-02 -4.55446729072874600D-01 -1.01087652728125900D-11  0.00000000000000000D+00
30  3  0.00000000000000000D+00  0.00000000000000000D+00  0.00000000000000000D+00  5.08252156889203200D-03  7.39151839925542600D-02
30  4  2.22353952289277400D-11  8.07030386070520200D-02  1.17366544594571700D+00  0.00000000000000000D+00  0.00000000000000000D+00
30  5  0.00000000000000000D+00  0.00000000000000000D+00  0.00000000000000000D+00 -7.13565681843486700D-03 -1.03773959356393300D-01
30  6  0.00000000000000000D+00  0.00000000000000000D+00  0.00000000000000000D+00  8.35915675033845300D-05  1.21567336322429200D-03
30  7  0.00000000000000000D+00 -9.60197178763537700D-04 -1.39641613232145300D-02  0.00000000000000000D+00  0.00000000000000000D+00
30  8  0.00000000000000000D+00  0.00000000000000000D+00  0.00000000000000000D+00 -4.34607986039909500D-05 -6.32051016493674000D-04
30  9  0.00000000000000000D+00  4.00878852827418300D-03  5.82998689955057900D-02  0.00000000000000000D+00  0.00000000000000000D+00
30 10  0.00000000000000000D+00  0.00000000000000000D+00  0.00000000000000000D+00  2.26411148238243200D-04  3.29270057151016600D-03
31  1  0.00000000000000000D+00  0.00000000000000000D+00  0.00000000000000000D+00  4.52810219887328000D-02 -3.11359261523263100D-03
31  2  2.07874244869200200D-11 -4.55446729094032200D-01  3.13172165781685800D-02 -5.65278784607088500D-11  0.00000000000000000D+00
31  3  0.00000000000000000D+00  0.00000000000000000D+00  0.00000000000000000D+00  7.39151839634826800D-02 -5.08252157051494500D-03
31  4  3.67382899660884700D-11  1.17366544594902900D+00 -8.07030386069072700D-02  4.11192848357283200D-11  0.00000000000000000D+00
31  5  0.00000000000000000D+00  1.23642258654173100D-11  0.00000000000000000D+00 -1.03773959307000000D-01  7.13565682137089000D-03
31  6  0.00000000000000000D+00  0.00000000000000000D+00  0.00000000000000000D+00  1.21567336311424700D-03 -8.35915675108989700D-05
31  7  0.00000000000000000D+00 -1.39641613203772300D-02  9.60197178929822900D-04  0.00000000000000000D+00  0.00000000000000000D+00
31  8  0.00000000000000000D+00  0.00000000000000000D+00  0.00000000000000000D+00 -6.32051016406516700D-04  4.34607986084837100D-05
31  9  0.00000000000000000D+00  5.82998689763557000D-02 -4.00878852953336900D-03  0.00000000000000000D+00  0.00000000000000000D+00
31 10  0.00000000000000000D+00  0.00000000000000000D+00  0.00000000000000000D+00  3.29270057088390400D-03 -2.26411148272321500D-04
32  1  1.62098408899304900D-02  8.08267898422030400D-02 -3.34392436965715100D-01  0.00000000000000000D+00  3.70246906419810800D-11
32  2 -6.54440146042547800D-02  0.00000000000000000D+00 -2.31172309360431700D-11  5.08914013413073300D-01  5.34533370482491300D-02
32  3  5.34533370521529900D-02 -1.06906674100402100D-01  0.00000000000000000D+00  0.00000000000000000D+00 -4.66994554134942200D-11
32  4  4.24137378589057000D-01  2.07348574598390600D-11  0.00000000000000000D+00 -1.15040965053856800D+00 -8.71557003572519500D-02
32  5 -8.71557003620559200D-02  1.74311400719307600D-01  0.00000000000000000D+00  0.00000000000000000D+00  8.75054585792927000D-11
32  6 -3.20537210903772500D-03 -5.50017649814693700D-03  3.36222054441260900D-02  0.00000000000000000D+00  0.00000000000000000D+00
32  7  2.72708218535889200D-04  0.00000000000000000D+00  0.00000000000000000D+00 -1.40638737377472000D-03  1.24044104727213600D-04
32  8  1.24044104736659200D-04 -2.48088209463996900D-04  0.00000000000000000D+00  0.00000000000000000D+00  0.00000000000000000D+00
32  9 -8.57358326456028500D-02  0.00000000000000000D+00 -3.97791943856573500D-11 -7.80646009236316400D-02 -8.42951540551135500D-04
32 10 -8.42951540586360200D-04  1.68590308113747500D-03  0.00000000000000000D+00  0.00000000000000000D+00  0.00000000000000000D+00
 $END   
 POPULATION ANALYSIS
LI           2.41364   0.58636   2.30618   0.69382
F            9.58636  -0.58636   9.69382  -0.69382
 MOMENTS AT POINT    1 X,Y,Z=  0.000000  0.000000  1.932102
 DIPOLE       0.000000  0.000000 -5.614447
