 $DATA
 LiF single-point properties R=5.65 Ang                                         
CNV      2

LI          3.0      0.0000000000      0.0000000000      0.0000000000
   S          9
     1      1469.0000000000  0.00076600
     2       220.5000000000  0.00589200
     3        50.2600000000  0.02967100
     4        14.2400000000  0.10918000
     5         4.5810000000  0.28278900
     6         1.5800000000  0.45312300
     7         0.5640000000  0.27477400
     8         0.0734500000  0.00975100
     9         0.0280500000 -0.00318000
   S          9
     1      1469.0000000000 -0.00012000
     2       220.5000000000 -0.00092300
     3        50.2600000000 -0.00468900
     4        14.2400000000 -0.01768200
     5         4.5810000000 -0.04890200
     6         1.5800000000 -0.09600900
     7         0.5640000000 -0.13638000
     8         0.0734500000  0.57510200
     9         0.0280500000  0.51766100
   S          1
     1         0.0280500000  1.00000000
   P          4
     1         1.5340000000  0.02278400
     2         0.2749000000  0.13910700
     3         0.0736200000  0.50037500
     4         0.0240300000  0.50847400
   P          1
     1         0.0240300000  1.00000000
   D          1
     1         0.1144000000  1.00000000
   S          1
     1         0.0086000000  1.00000000
   P          1
     1         0.0058000000  1.00000000
   D          1
     1         0.0733000000  1.00000000
           
F           9.0      0.0000000000      0.0000000000      5.6500000000
   S          8
     1     14710.0000000000  0.00072100
     2      2207.0000000000  0.00555300
     3       502.8000000000  0.02826700
     4       142.6000000000  0.10644400
     5        46.4700000000  0.28681400
     6        16.7000000000  0.44864100
     7         6.3560000000  0.26476100
     8         1.3160000000  0.01533300
   S          8
     1     14710.0000000000 -0.00016500
     2      2207.0000000000 -0.00130800
     3       502.8000000000 -0.00649500
     4       142.6000000000 -0.02669100
     5        46.4700000000 -0.07369000
     6        16.7000000000 -0.17077600
     7         6.3560000000 -0.11232700
     8         1.3160000000  0.56281400
   S          1
     1         0.3897000000  1.00000000
   P          3
     1        22.6700000000  0.04487800
     2         4.9770000000  0.23571800
     3         1.3470000000  0.50852100
   P          1
     1         0.3471000000  1.00000000
   D          1
     1         1.6400000000  1.00000000
   S          1
     1         0.0986300000  1.00000000
   P          1
     1         0.0850200000  1.00000000
   D          1
     1         0.4640000000  1.00000000
           
 $END      
--- RHF ORBITALS --- GENERATED AT  9:42:34  7-MAY-2026    
 LiF single-point properties R=5.65 Ang                                         
E(RHF)=     -106.7584106175, E(NUC)=    2.5288114492,   14 ITERS
 $VEC
 1  1  1.01835738420172900D-05  5.78800466842725000D-05 -1.91953078128737800D-05  0.00000000000000000D+00  0.00000000000000000D+00
 1  2  9.17037233629566100D-05  0.00000000000000000D+00  0.00000000000000000D+00 -1.58059334900914600D-04 -7.92056998834861300D-05
 1  3 -7.92056998834612400D-05  1.58411399766876700D-04  1.75891570702240500D-33  0.00000000000000000D+00  0.00000000000000000D+00
 1  4 -1.02086282117212800D-04  0.00000000000000000D+00  0.00000000000000000D+00 -5.55772764442219100D-05  9.70320320840730700D-05
 1  5  9.70320320840871100D-05 -1.94064064168129800D-04  9.93057627574668500D-34  0.00000000000000000D+00  0.00000000000000000D+00
 1  6  1.00069430699785000D+00  5.28234913659140400D-04 -3.42812213381800200D-03  0.00000000000000000D+00  0.00000000000000000D+00
 1  7 -4.96533689906265500D-05  0.00000000000000000D+00  0.00000000000000000D+00  4.62792259215715800D-05  2.64008544160967800D-06
 1  8  2.64008543908596000D-06 -5.28017088061518300D-06 -1.78433624255667800D-31  0.00000000000000000D+00  0.00000000000000000D+00
 1  9  1.17541969573917600D-03  0.00000000000000000D+00  0.00000000000000000D+00 -7.33550187779815500D-05 -1.96491076460068300D-06
 1 10 -1.96491075948574200D-06  3.92982152408160000D-06  3.61640014184431200D-31  0.00000000000000000D+00  0.00000000000000000D+00
 2  1 -1.00009695743259800D+00  1.01521062618879800D-03  1.16517929612108500D-03  0.00000000000000000D+00  0.00000000000000000D+00
 2  2  1.36962206790877300D-03  0.00000000000000000D+00  0.00000000000000000D+00 -1.13088106238802000D-03 -1.92910362144800400D-05
 2  3 -1.92910362144774400D-05  3.85820724288291100D-05  1.83941356016671500D-34  0.00000000000000000D+00  0.00000000000000000D+00
 2  4 -1.31534728489573000D-03  0.00000000000000000D+00  0.00000000000000000D+00  1.22799563623652800D-04 -3.83441557751367700D-07
 2  5 -3.83441557758957100D-07  7.66883115414264400D-07 -5.36589661263357800D-34  0.00000000000000000D+00  0.00000000000000000D+00
 2  6 -1.46063183291151400D-06 -3.01676395849000100D-06  8.16295245388565200D-06  0.00000000000000000D+00  0.00000000000000000D+00
 2  7  1.06323484330675600D-05  0.00000000000000000D+00  0.00000000000000000D+00 -4.31718396120784800D-05 -1.87430869302208800D-06
 2  8 -1.87430869366828600D-06  3.74861738656421400D-06 -4.56879389334098500D-32  0.00000000000000000D+00  0.00000000000000000D+00
 2  9  1.21758111125587500D-05  0.00000000000000000D+00  0.00000000000000000D+00  1.36462576821993300D-04  6.66940379147833600D-06
 2 10  6.66940378895640000D-06 -1.33388075802121800D-05 -1.78307634771146600D-31  0.00000000000000000D+00  0.00000000000000000D+00
 3  1  5.55334557670317300D-05  4.04820093225968800D-04 -3.76189560345324700D-05  0.00000000000000000D+00  0.00000000000000000D+00
 3  2  5.46219047943732900D-04  0.00000000000000000D+00  0.00000000000000000D+00 -9.05370459906497400D-04 -4.26553113494426600D-04
 3  3 -4.26553113494465700D-04  8.53106226988821100D-04 -2.75648723290423100D-33  0.00000000000000000D+00  0.00000000000000000D+00
 3  4 -7.46102292543918100D-04  0.00000000000000000D+00  0.00000000000000000D+00 -4.55292044055317900D-04  5.60860569433354500D-04
 3  5  5.60860569433358800D-04 -1.12172113886662200D-03  3.06945084886715700D-34  0.00000000000000000D+00  0.00000000000000000D+00
 3  6 -6.28188414147163800D-03  4.91067288393053100D-01  5.54272442022228700D-01  0.00000000000000000D+00  0.00000000000000000D+00
 3  7 -8.57586195189627100D-04  0.00000000000000000D+00  0.00000000000000000D+00 -2.01780900916881000D-03  1.11567987618716000D-05
 3  8  1.11567987491270200D-05 -2.23135975110648700D-05 -9.01076040978757100D-31  0.00000000000000000D+00  0.00000000000000000D+00
 3  9  5.65561420789130000D-02  0.00000000000000000D+00  0.00000000000000000D+00 -1.55374017430588000D-03 -1.51101349629405500D-04
 3 10 -1.51101349635618400D-04  3.02202699265011900D-04 -4.39270013761040300D-31  0.00000000000000000D+00  0.00000000000000000D+00
 4  1  0.00000000000000000D+00  0.00000000000000000D+00  0.00000000000000000D+00 -1.91580828291584800D-04  1.17305549798214300D-20
 4  2  0.00000000000000000D+00 -2.57515471558571200D-03  1.57677541339096000D-19  0.00000000000000000D+00  0.00000000000000000D+00
 4  3  0.00000000000000000D+00  0.00000000000000000D+00  0.00000000000000000D+00  2.02710399119267800D-03 -1.24120221373662700D-19
 4  4  0.00000000000000000D+00 -4.19459594540955200D-04  2.56836442323305900D-20  0.00000000000000000D+00  0.00000000000000000D+00
 4  5  0.00000000000000000D+00  0.00000000000000000D+00  0.00000000000000000D+00 -3.61812150455530200D-03  2.21538729168990100D-19
 4  6  0.00000000000000000D+00  0.00000000000000000D+00  0.00000000000000000D+00 -6.29320967032201500D-01  3.85335227410638400D-17
 4  7  0.00000000000000000D+00 -4.47841296972624800D-01  2.74214648888365200D-17  0.00000000000000000D+00  0.00000000000000000D+00
 4  8  0.00000000000000000D+00  0.00000000000000000D+00  0.00000000000000000D+00  8.12069884091598100D-05 -4.97232969903186200D-21
 4  9  0.00000000000000000D+00 -1.55244865967085100D-01  9.50569246307978700D-18  0.00000000000000000D+00  0.00000000000000000D+00
 4 10  0.00000000000000000D+00  0.00000000000000000D+00  0.00000000000000000D+00  2.53397376942579800D-03 -1.55156018922903600D-19
 5  1  0.00000000000000000D+00  0.00000000000000000D+00  0.00000000000000000D+00 -1.17305549798422500D-20 -1.91580828291924900D-04
 5  2  0.00000000000000000D+00 -1.57677541339212400D-19 -2.57515471558761300D-03  0.00000000000000000D+00  0.00000000000000000D+00
 5  3  0.00000000000000000D+00  0.00000000000000000D+00  0.00000000000000000D+00  1.24120221373622000D-19  2.02710399119201300D-03
 5  4  0.00000000000000000D+00 -2.56836442321479000D-20 -4.19459594537971400D-04  0.00000000000000000D+00  0.00000000000000000D+00
 5  5  0.00000000000000000D+00  0.00000000000000000D+00  0.00000000000000000D+00 -2.21538729168910400D-19 -3.61812150455399900D-03
 5  6  0.00000000000000000D+00  0.00000000000000000D+00  0.00000000000000000D+00 -3.85335227410638000D-17 -6.29320967032200900D-01
 5  7  0.00000000000000000D+00 -2.74214648888365800D-17 -4.47841296972625700D-01  0.00000000000000000D+00  0.00000000000000000D+00
 5  8  0.00000000000000000D+00  0.00000000000000000D+00  0.00000000000000000D+00  4.97232969900559000D-21  8.12069884087307400D-05
 5  9  0.00000000000000000D+00 -9.50569246307977500D-18 -1.55244865967084900D-01  0.00000000000000000D+00  0.00000000000000000D+00
 5 10  0.00000000000000000D+00  0.00000000000000000D+00  0.00000000000000000D+00  1.55156018922860800D-19  2.53397376942509900D-03
 6  1  1.78248194313864400D-03 -5.22948370811683600D-03 -1.03272730734609700D-02  0.00000000000000000D+00  0.00000000000000000D+00
 6  2 -7.61363079037578200D-03  0.00000000000000000D+00  0.00000000000000000D+00 -5.76095547230886400D-03 -1.85511779189018800D-03
 6  3 -1.85511779189032100D-03  3.71023558378044400D-03 -9.41298260319261500D-33  0.00000000000000000D+00  0.00000000000000000D+00
 6  4 -1.04481267894605800D-03  0.00000000000000000D+00  0.00000000000000000D+00  4.72016482159273000D-04  4.06471300970680700D-03
 6  5  4.06471300970701800D-03 -8.12942601941388900D-03  1.49741053176107600D-32  0.00000000000000000D+00  0.00000000000000000D+00
 6  6  6.50886486554935100D-05  3.96526390538278600D-03  9.82023940345463600D-03  0.00000000000000000D+00  0.00000000000000000D+00
 6  7  6.26812511772145400D-01  0.00000000000000000D+00  0.00000000000000000D+00  4.46778546826186800D-01  4.07567737573229000D-05
 6  8  4.07567737760746800D-05 -8.15135475332558400D-05  1.32580114591955900D-30  0.00000000000000000D+00  0.00000000000000000D+00
 6  9 -1.39723504949513100D-02  0.00000000000000000D+00  0.00000000000000000D+00  1.58327353961499600D-01  1.56216725250708900D-03
 6 10  1.56216725252174600D-03 -3.12433450502885400D-03  1.03627068070185700D-30  0.00000000000000000D+00  0.00000000000000000D+00
 7  1 -6.19953058022110900D-03  9.14423671909411100D-01  2.76712398273675800D-02  0.00000000000000000D+00  0.00000000000000000D+00
 7  2 -2.31655310098304800D-01  0.00000000000000000D+00  0.00000000000000000D+00 -2.24613237981860400D-02 -2.18168990017522700D-03
 7  3 -2.18168990017519500D-03  4.36337980035049500D-03  2.21481943604532100D-33  0.00000000000000000D+00  0.00000000000000000D+00
 7  4  4.03848064465976200D-02  0.00000000000000000D+00  0.00000000000000000D+00  1.50483741507670400D-03  4.91109854483998800D-03
 7  5  4.91109854483920200D-03 -9.82219708967918200D-03 -5.55630788955717500D-32  0.00000000000000000D+00  0.00000000000000000D+00
 7  6 -2.84028700610148400D-05 -6.61342273691370400D-04 -7.93266371647644000D-04  0.00000000000000000D+00  0.00000000000000000D+00
 7  7  1.14431122783886400D-02  0.00000000000000000D+00  0.00000000000000000D+00  8.12073162063623600D-03 -2.51628842539038400D-05
 7  8 -2.51628842678766000D-05  5.03257685220851000D-05 -9.87912159662701100D-31  0.00000000000000000D+00  0.00000000000000000D+00
 7  9  4.13139343964349900D-04  0.00000000000000000D+00  0.00000000000000000D+00  3.56527068223123900D-03  3.81175821449271500D-05
 7 10  3.81175821633208600D-05 -7.62351643083369200D-05  1.30048419494748100D-30  0.00000000000000000D+00  0.00000000000000000D+00
 8  1  0.00000000000000000D+00  0.00000000000000000D+00  0.00000000000000000D+00 -5.56741385003901800D-17 -9.09257710881768400D-01
 8  2  0.00000000000000000D+00 -3.61921163352806200D-18 -5.91081635699729500D-02  0.00000000000000000D+00  0.00000000000000000D+00
 8  3  0.00000000000000000D+00  0.00000000000000000D+00  0.00000000000000000D+00 -3.57517501998746000D-18 -5.83889673416804900D-02
 8  4  0.00000000000000000D+00 -4.70448148687272300D-18 -7.68325506753835300D-02  0.00000000000000000D+00  0.00000000000000000D+00
 8  5  0.00000000000000000D+00  0.00000000000000000D+00  0.00000000000000000D+00  9.54902312043979600D-18  1.55952532675244200D-01
 8  6  0.00000000000000000D+00  0.00000000000000000D+00  0.00000000000000000D+00  3.35850772594779500D-19  5.48504050377469900D-03
 8  7  0.00000000000000000D+00 -2.48307408479611800D-20 -4.05530165190744200D-04  0.00000000000000000D+00  0.00000000000000000D+00
 8  8  0.00000000000000000D+00  0.00000000000000000D+00  0.00000000000000000D+00  1.10080966825374500D-20  1.79781799239857800D-04
 8  9  0.00000000000000000D+00  1.20186685265131200D-18  1.96286234984803400D-02  0.00000000000000000D+00  0.00000000000000000D+00
 8 10  0.00000000000000000D+00  0.00000000000000000D+00  0.00000000000000000D+00 -2.98561055375877000D-20 -4.87603309331158000D-04
 9  1  0.00000000000000000D+00  0.00000000000000000D+00  0.00000000000000000D+00 -9.09257710881764100D-01  5.56741385003899200D-17
 9  2  0.00000000000000000D+00 -5.91081635699794400D-02  3.61921163352846000D-18  0.00000000000000000D+00  0.00000000000000000D+00
 9  3  0.00000000000000000D+00  0.00000000000000000D+00  0.00000000000000000D+00 -5.83889673416799900D-02  3.57517501998743000D-18
 9  4  0.00000000000000000D+00 -7.68325506753800600D-02  4.70448148687251000D-18  0.00000000000000000D+00  0.00000000000000000D+00
 9  5  0.00000000000000000D+00  0.00000000000000000D+00  0.00000000000000000D+00  1.55952532675243800D-01 -9.54902312043977500D-18
 9  6  0.00000000000000000D+00  0.00000000000000000D+00  0.00000000000000000D+00  5.48504050377435900D-03 -3.35850772594758700D-19
 9  7  0.00000000000000000D+00 -4.05530165191035600D-04  2.48307408479790200D-20  0.00000000000000000D+00  0.00000000000000000D+00
 9  8  0.00000000000000000D+00  0.00000000000000000D+00  0.00000000000000000D+00  1.79781799239863500D-04 -1.10080966825377900D-20
 9  9  0.00000000000000000D+00  1.96286234984800100D-02 -1.20186685265129200D-18  0.00000000000000000D+00  0.00000000000000000D+00
 9 10  0.00000000000000000D+00  0.00000000000000000D+00  0.00000000000000000D+00 -4.87603309331305400D-04  2.98561055375967400D-20
10  1 -3.45260588570002600D-02 -5.44476393981838300D-01  3.54510756056834000D-02  0.00000000000000000D+00  0.00000000000000000D+00
10  2 -7.73120911344560200D-01  0.00000000000000000D+00  0.00000000000000000D+00 -6.82494529446819700D-02  4.13088890887361700D-02
10  3  4.13088890887394300D-02 -8.26177781774753200D-02  2.29956035359836000D-31  0.00000000000000000D+00  0.00000000000000000D+00
10  4  4.03347819912821300D-01  0.00000000000000000D+00  0.00000000000000000D+00 -1.66040576667657400D-01 -1.10750137141215700D-01
10  5 -1.10750137141234000D-01  2.21500274282449800D-01 -1.28806194680618300D-30  0.00000000000000000D+00  0.00000000000000000D+00
10  6  2.39730288772956000D-03  6.89133511353834400D-03 -1.43478616528400400D-02  0.00000000000000000D+00  0.00000000000000000D+00
10  7 -2.05195079502588800D-02  0.00000000000000000D+00  0.00000000000000000D+00 -9.59867143771912400D-03  1.44022367389312100D-04
10  8  1.44022367367256700D-04 -2.88044734756988200D-04 -1.55937130919065900D-30  0.00000000000000000D+00  0.00000000000000000D+00
10  9  5.62784698216155200D-02  0.00000000000000000D+00  0.00000000000000000D+00 -3.88120414176517900D-02 -3.85553658054346200D-04
10 10 -3.85553658048796800D-04  7.71107316103139600D-04  3.92360077920289600D-31  0.00000000000000000D+00  0.00000000000000000D+00
11  1 -2.02623229271870700D-02  1.09593872281533000D-01  6.16333872125437700D-01  0.00000000000000000D+00  0.00000000000000000D+00
11  2 -6.97019877468139400D-01  0.00000000000000000D+00  0.00000000000000000D+00  1.53135995583492800D-01  1.71067875240026600D-02
11  3  1.71067875239943900D-02 -3.42135750479966700D-02 -5.84327145127087400D-31  0.00000000000000000D+00  0.00000000000000000D+00
11  4 -1.15089829660166900D+00  0.00000000000000000D+00  0.00000000000000000D+00  5.62400645674545300D-01 -5.53050634841719200D-02
11  5 -5.53050634841331100D-02  1.10610126968305000D-01  2.74406498476293400D-30  0.00000000000000000D+00  0.00000000000000000D+00
11  6  9.99487262074309200D-04  3.24420800366630500D-03 -5.55228948041055400D-03  0.00000000000000000D+00  0.00000000000000000D+00
11  7 -1.24579768813293700D-02  0.00000000000000000D+00  0.00000000000000000D+00 -2.53230624526968800D-03  2.89863472924377200D-05
11  8  2.89863471780327100D-05 -5.79726944703183200D-05 -8.08874100913817900D-30  0.00000000000000000D+00  0.00000000000000000D+00
11  9  2.79707401389373300D-02  0.00000000000000000D+00  0.00000000000000000D+00 -3.80406275449368500D-02 -6.48546024850406300D-05
11 10 -6.48546023822437400D-05  1.29709204867285400D-04  7.26801574345055800D-30  0.00000000000000000D+00  0.00000000000000000D+00
12  1  0.00000000000000000D+00  0.00000000000000000D+00  0.00000000000000000D+00 -4.29978329825304900D-01  2.63277097355001100D-17
12  2  0.00000000000000000D+00 -8.81738606393596400D-02  5.39891349900043200D-18  0.00000000000000000D+00  0.00000000000000000D+00
12  3  0.00000000000000000D+00  0.00000000000000000D+00  0.00000000000000000D+00  1.07447523860522300D-02 -6.57904602110385400D-19
12  4  0.00000000000000000D+00  1.10480515755503800D+00 -6.76475707838816000D-17  0.00000000000000000D+00  0.00000000000000000D+00
12  5  0.00000000000000000D+00  0.00000000000000000D+00  0.00000000000000000D+00  9.16204403113245400D-03 -5.60994866726259500D-19
12  6  0.00000000000000000D+00  0.00000000000000000D+00  0.00000000000000000D+00 -6.39386556182922400D-03  3.91498419625107600D-19
12  7  0.00000000000000000D+00  3.47944208286888800D-03 -2.13047344121910400D-19  0.00000000000000000D+00  0.00000000000000000D+00
12  8  0.00000000000000000D+00  0.00000000000000000D+00  0.00000000000000000D+00 -1.66259526436081300D-05  1.01801236228562300D-21
12  9  0.00000000000000000D+00 -3.65209218227275200D-02  2.23618764557812200D-18  0.00000000000000000D+00  0.00000000000000000D+00
12 10  0.00000000000000000D+00  0.00000000000000000D+00  0.00000000000000000D+00  7.14313118674522700D-05 -4.37376191873749200D-21
13  1  0.00000000000000000D+00  0.00000000000000000D+00  0.00000000000000000D+00 -2.63277097355000700D-17 -4.29978329825304300D-01
13  2  0.00000000000000000D+00 -5.39891349900058000D-18 -8.81738606393620600D-02  0.00000000000000000D+00  0.00000000000000000D+00
13  3  0.00000000000000000D+00  0.00000000000000000D+00  0.00000000000000000D+00  6.57904602110508600D-19  1.07447523860542400D-02
13  4  0.00000000000000000D+00  6.76475707838816000D-17  1.10480515755503800D+00  0.00000000000000000D+00  0.00000000000000000D+00
13  5  0.00000000000000000D+00  0.00000000000000000D+00  0.00000000000000000D+00  5.60994866725963900D-19  9.16204403112762600D-03
13  6  0.00000000000000000D+00  0.00000000000000000D+00  0.00000000000000000D+00 -3.91498419625036900D-19 -6.39386556182807000D-03
13  7  0.00000000000000000D+00  2.13047344121950700D-19  3.47944208286954700D-03  0.00000000000000000D+00  0.00000000000000000D+00
13  8  0.00000000000000000D+00  0.00000000000000000D+00  0.00000000000000000D+00 -1.01801236228923500D-21 -1.66259526436671100D-05
13  9  0.00000000000000000D+00 -2.23618764557807100D-18 -3.65209218227267000D-02  0.00000000000000000D+00  0.00000000000000000D+00
13 10  0.00000000000000000D+00  0.00000000000000000D+00  0.00000000000000000D+00  4.37376191874864500D-21  7.14313118676344200D-05
14  1 -8.31617757331415700D-02 -6.68387911873842800D-01  2.01988073676830400D-01  0.00000000000000000D+00  0.00000000000000000D+00
14  2  1.05081735345608000D-01  0.00000000000000000D+00  0.00000000000000000D+00 -4.92988261368905300D-01 -2.62442775534286200D-02
14  3 -2.62442775534299400D-02  5.24885551068586900D-02 -9.36001952972196600D-32  0.00000000000000000D+00  0.00000000000000000D+00
14  4  7.21764762277993000D-01  0.00000000000000000D+00  0.00000000000000000D+00  1.02283998312718900D+00  4.25561589514774800D-02
14  5  4.25561589514801900D-02 -8.51123179029575800D-02  1.91822622460968700D-31  0.00000000000000000D+00  0.00000000000000000D+00
14  6 -7.52949341112499300D-03 -2.00300421504684800D-02  4.77988746999140000D-02  0.00000000000000000D+00  0.00000000000000000D+00
14  7  1.26942210312642000D-05  0.00000000000000000D+00  0.00000000000000000D+00  8.73095512854354800D-03  1.56301563321877800D-04
14  8  1.56301563301803600D-04 -3.12603126624370100D-04 -1.41929752155571400D-30  0.00000000000000000D+00  0.00000000000000000D+00
14  9 -1.95277026203340300D-01  0.00000000000000000D+00  0.00000000000000000D+00 -3.07795016606442700D-02 -3.88213297114988500D-04
14 10 -3.88213297073039000D-04  7.76426594188029900D-04  2.96594415141849600D-30  0.00000000000000000D+00  0.00000000000000000D+00
15  1  0.00000000000000000D+00  0.00000000000000000D+00  0.00000000000000000D+00 -1.20569180666506300D-16 -1.96910918010791600D+00
15  2  0.00000000000000000D+00  1.48770370068275800D-16  2.42968476529486000D+00  0.00000000000000000D+00  0.00000000000000000D+00
15  3  0.00000000000000000D+00  0.00000000000000000D+00  0.00000000000000000D+00  1.09856504457868200D-17  1.79415212267961800D-01
15  4  0.00000000000000000D+00 -3.52238337226014000D-17 -5.75267858322910900D-01  0.00000000000000000D+00  0.00000000000000000D+00
15  5  0.00000000000000000D+00  0.00000000000000000D+00  0.00000000000000000D+00 -1.97264567259033600D-17 -3.22168126342492900D-01
15  6  0.00000000000000000D+00  0.00000000000000000D+00  0.00000000000000000D+00 -2.08181888943441300D-19 -3.39998054548126200D-03
15  7  0.00000000000000000D+00  3.16654159411638300D-20  5.17152566493326100D-04  0.00000000000000000D+00  0.00000000000000000D+00
15  8  0.00000000000000000D+00  0.00000000000000000D+00  0.00000000000000000D+00 -2.07516103790510500D-20 -3.38910708968295300D-04
15  9  0.00000000000000000D+00 -9.47495136007869300D-19 -1.54742809075004800D-02  0.00000000000000000D+00  0.00000000000000000D+00
15 10  0.00000000000000000D+00  0.00000000000000000D+00  0.00000000000000000D+00  5.49939592602646600D-20  8.98149174036398100D-04
16  1  0.00000000000000000D+00  0.00000000000000000D+00  0.00000000000000000D+00 -1.96910918010791900D+00  1.20569180666506500D-16
16  2  0.00000000000000000D+00  2.42968476529486200D+00 -1.48770370068275900D-16  0.00000000000000000D+00  0.00000000000000000D+00
16  3  0.00000000000000000D+00  0.00000000000000000D+00  0.00000000000000000D+00  1.79415212267952200D-01 -1.09856504457862400D-17
16  4  0.00000000000000000D+00 -5.75267858322911900D-01  3.52238337226014500D-17  0.00000000000000000D+00  0.00000000000000000D+00
16  5  0.00000000000000000D+00  0.00000000000000000D+00  0.00000000000000000D+00 -3.22168126342477600D-01  1.97264567259024200D-17
16  6  0.00000000000000000D+00  0.00000000000000000D+00  0.00000000000000000D+00 -3.39998054548188700D-03  2.08181888943479600D-19
16  7  0.00000000000000000D+00  5.17152566493319200D-04 -3.16654159411634100D-20  0.00000000000000000D+00  0.00000000000000000D+00
16  8  0.00000000000000000D+00  0.00000000000000000D+00  0.00000000000000000D+00 -3.38910708968277800D-04  2.07516103790499800D-20
16  9  0.00000000000000000D+00 -1.54742809075011300D-02  9.47495136007909600D-19  0.00000000000000000D+00  0.00000000000000000D+00
16 10  0.00000000000000000D+00  0.00000000000000000D+00  0.00000000000000000D+00  8.98149174036391200D-04 -5.49939592602642400D-20
17  1 -1.99504880440604100D-01 -1.02440135242530000D+00  1.48296261265466600D+00  0.00000000000000000D+00  0.00000000000000000D+00
17  2  1.86509328554151100D+00  0.00000000000000000D+00  0.00000000000000000D+00 -2.26127410623834300D+00  1.28905300266034500D-01
17  3  1.28905300266145000D-01 -2.57810600532180700D-01  7.81465334234564800D-30  0.00000000000000000D+00  0.00000000000000000D+00
17  4 -5.89512515396718600D-01  0.00000000000000000D+00  0.00000000000000000D+00  4.03173101178653500D-01 -2.55196507726665600D-01
17  5 -2.55196507727002100D-01  5.10393015453667600D-01 -2.37983311368042000D-29  0.00000000000000000D+00  0.00000000000000000D+00
17  6  5.14775273589976100D-03  1.23234261428147900D-02 -3.60213451648162600D-02  0.00000000000000000D+00  0.00000000000000000D+00
17  7 -6.08899921266882200D-03  0.00000000000000000D+00  0.00000000000000000D+00  1.59408392682393700D-02  2.76134689103540500D-04
17  8  2.76134689121826400D-04 -5.52269378225253300D-04  1.29285570680838500D-30  0.00000000000000000D+00  0.00000000000000000D+00
17  9  1.37169556807140500D-01  0.00000000000000000D+00  0.00000000000000000D+00 -1.20106743561037200D-01 -1.31328693288534700D-03
17 10 -1.31328693289700200D-03  2.62657386578231000D-03 -8.24045237892536100D-31  0.00000000000000000D+00  0.00000000000000000D+00
18  1  0.00000000000000000D+00  0.00000000000000000D+00  0.00000000000000000D+00  0.00000000000000000D+00  0.00000000000000000D+00
18  2  0.00000000000000000D+00  0.00000000000000000D+00  0.00000000000000000D+00  0.00000000000000000D+00  5.70412480102582900D-17
18  3 -5.70412480102582900D-17  0.00000000000000000D+00  5.37850874133411600D-01  0.00000000000000000D+00  0.00000000000000000D+00
18  4  0.00000000000000000D+00  0.00000000000000000D+00  0.00000000000000000D+00  0.00000000000000000D+00 -1.55943612617955600D-16
18  5  1.55943612617955600D-16  0.00000000000000000D+00 -1.47041678237835100D+00  0.00000000000000000D+00  0.00000000000000000D+00
18  6  0.00000000000000000D+00  0.00000000000000000D+00  0.00000000000000000D+00  0.00000000000000000D+00  0.00000000000000000D+00
18  7  0.00000000000000000D+00  0.00000000000000000D+00  0.00000000000000000D+00  0.00000000000000000D+00  9.79338569222357600D-22
18  8 -9.79338569222357600D-22  0.00000000000000000D+00  9.23433697372962700D-06  0.00000000000000000D+00  0.00000000000000000D+00
18  9  0.00000000000000000D+00  0.00000000000000000D+00  0.00000000000000000D+00  0.00000000000000000D+00 -1.06575198350660500D-20
18 10  1.06575198350660500D-20  0.00000000000000000D+00 -1.00491426105431300D-04  0.00000000000000000D+00  0.00000000000000000D+00
19  1  0.00000000000000000D+00  0.00000000000000000D+00  0.00000000000000000D+00  0.00000000000000000D+00  0.00000000000000000D+00
19  2  0.00000000000000000D+00  0.00000000000000000D+00  0.00000000000000000D+00  0.00000000000000000D+00 -4.65792520445818900D-01
19  3  4.65792520445777500D-01  0.00000000000000000D+00  6.58655597870710700D-17  0.00000000000000000D+00  0.00000000000000000D+00
19  4  0.00000000000000000D+00  0.00000000000000000D+00  0.00000000000000000D+00  0.00000000000000000D+00  1.27341828768961000D+00
19  5 -1.27341828768952500D+00  0.00000000000000000D+00 -1.80068173446608400D-16  0.00000000000000000D+00  0.00000000000000000D+00
19  6  0.00000000000000000D+00  0.00000000000000000D+00  0.00000000000000000D+00  0.00000000000000000D+00  0.00000000000000000D+00
19  7  0.00000000000000000D+00  0.00000000000000000D+00  0.00000000000000000D+00  0.00000000000000000D+00 -7.99717040654295500D-06
19  8  7.99717040652807100D-06  0.00000000000000000D+00  1.13084277316203500D-21  0.00000000000000000D+00  0.00000000000000000D+00
19  9  0.00000000000000000D+00  0.00000000000000000D+00  0.00000000000000000D+00  0.00000000000000000D+00  8.70281278687218400D-05
19 10 -8.70281278688604500D-05  0.00000000000000000D+00 -1.23062438911913600D-20  0.00000000000000000D+00  0.00000000000000000D+00
20  1  0.00000000000000000D+00  0.00000000000000000D+00  0.00000000000000000D+00  1.43400072058310100D-17  2.34197824649061900D-01
20  2  0.00000000000000000D+00 -2.61049825304279500D-17 -4.26340798395275100D-01  0.00000000000000000D+00  0.00000000000000000D+00
20  3  0.00000000000000000D+00  0.00000000000000000D+00  0.00000000000000000D+00  2.97120728803455700D-17  4.85250999843418300D-01
20  4  0.00000000000000000D+00  6.74631818863716700D-18  1.10179375888093500D-01  0.00000000000000000D+00  0.00000000000000000D+00
20  5  0.00000000000000000D+00  0.00000000000000000D+00  0.00000000000000000D+00 -8.60147442068057000D-17 -1.40477376976408700D+00
20  6  0.00000000000000000D+00  0.00000000000000000D+00  0.00000000000000000D+00  6.87589105049180000D-19  1.12295531197106800D-02
20  7  0.00000000000000000D+00  9.25366674039140500D-19  1.51128837630277400D-02  0.00000000000000000D+00  0.00000000000000000D+00
20  8  0.00000000000000000D+00  0.00000000000000000D+00  0.00000000000000000D+00  3.28068089738895100D-22  5.35793544945921000D-06
20  9  0.00000000000000000D+00 -1.12590819075813500D-18 -1.83880834399368500D-02  0.00000000000000000D+00  0.00000000000000000D+00
20 10  0.00000000000000000D+00  0.00000000000000000D+00  0.00000000000000000D+00  4.69219352695889300D-20  7.66318664330476300D-04
21  1  0.00000000000000000D+00  0.00000000000000000D+00  0.00000000000000000D+00  2.34197824649040800D-01 -1.43400072058297200D-17
21  2  0.00000000000000000D+00 -4.26340798395251100D-01  2.61049825304264900D-17  0.00000000000000000D+00  0.00000000000000000D+00
21  3  0.00000000000000000D+00  0.00000000000000000D+00  0.00000000000000000D+00  4.85250999843407500D-01 -2.97120728803449100D-17
21  4  0.00000000000000000D+00  1.10179375888091500D-01 -6.74631818863704300D-18  0.00000000000000000D+00  0.00000000000000000D+00
21  5  0.00000000000000000D+00  0.00000000000000000D+00  0.00000000000000000D+00 -1.40477376976407900D+00  8.60147442068052500D-17
21  6  0.00000000000000000D+00  0.00000000000000000D+00  0.00000000000000000D+00  1.12295531197108200D-02 -6.87589105049188700D-19
21  7  0.00000000000000000D+00  1.51128837630285000D-02 -9.25366674039186700D-19  0.00000000000000000D+00  0.00000000000000000D+00
21  8  0.00000000000000000D+00  0.00000000000000000D+00  0.00000000000000000D+00  5.35793544935453000D-06 -3.28068089732485600D-22
21  9  0.00000000000000000D+00 -1.83880834399389300D-02  1.12590819075826200D-18  0.00000000000000000D+00  0.00000000000000000D+00
21 10  0.00000000000000000D+00  0.00000000000000000D+00  0.00000000000000000D+00  7.66318664330757300D-04 -4.69219352696061500D-20
22  1 -4.01229764009701300D-01 -2.19481290352762800D+00  2.79845873837015500D+00  0.00000000000000000D+00  0.00000000000000000D+00
22  2  1.56972443733405400D-01  0.00000000000000000D+00  0.00000000000000000D+00 -3.16835088380734200D-01 -1.97899425809959700D-01
22  3 -1.97899425809974400D-01  3.95798851619933700D-01 -1.03537993810257800D-30  0.00000000000000000D+00  0.00000000000000000D+00
22  4 -7.69813544674450600D-01  0.00000000000000000D+00  0.00000000000000000D+00 -1.56127369090177300D-02  5.91780054595943700D-01
22  5  5.91780054595983700D-01 -1.18356010919192800D+00  2.82264292649393300D-30  0.00000000000000000D+00  0.00000000000000000D+00
22  6  3.13651237454654500D-04  9.48992102639031500D-03  1.43844515828855000D-02  0.00000000000000000D+00  0.00000000000000000D+00
22  7 -2.41569189349395400D-02  0.00000000000000000D+00  0.00000000000000000D+00 -2.05164570650740000D-02 -4.76233440573738900D-05
22  8 -4.76233440615874800D-05  9.52466881186419300D-05 -2.97912022057708900D-31  0.00000000000000000D+00  0.00000000000000000D+00
22  9  2.97841155308140600D-02  0.00000000000000000D+00  0.00000000000000000D+00  4.74608971749393900D-03  7.48830709241634600D-04
22 10  7.48830709224726300D-04 -1.49766141846630500D-03 -1.19546684619869100D-30  0.00000000000000000D+00  0.00000000000000000D+00
23  1 -6.47749089644241300D-01 -3.51868234718523500D+00  4.39048811894899000D+00  0.00000000000000000D+00  0.00000000000000000D+00
23  2 -6.41087139394760600D-01  0.00000000000000000D+00  0.00000000000000000D+00  9.90710647153038200D-01  3.12014453368773700D-02
23  3  3.12014453368672700D-02 -6.24028906737447100D-02 -7.14134823378787100D-31  0.00000000000000000D+00  0.00000000000000000D+00
23  4 -9.46188743575994500D-01  0.00000000000000000D+00  0.00000000000000000D+00 -2.80881818819125100D-01 -2.36963368731095900D-01
23  5 -2.36963368731073200D-01  4.73926737462169300D-01  1.59929222581916100D-30  0.00000000000000000D+00  0.00000000000000000D+00
23  6  1.61990832089772200D-03 -6.34745522977123200D-03 -3.10743887094472600D-02  0.00000000000000000D+00  0.00000000000000000D+00
23  7  4.64329946457989100D-02  0.00000000000000000D+00  0.00000000000000000D+00  3.38680137408682900D-02 -3.89874251812774100D-04
23  8 -3.89874251858230000D-04  7.79748503670582800D-04 -3.21385948350974300D-30  0.00000000000000000D+00  0.00000000000000000D+00
23  9  3.49426265585241300D-02  0.00000000000000000D+00  0.00000000000000000D+00  5.02413034554162100D-02  4.72464378014445000D-04
23 10  4.72464378056726200D-04 -9.44928756071157500D-04  2.98939234849141000D-30  0.00000000000000000D+00  0.00000000000000000D+00
24  1  2.85384873210047300D-02  1.33288883107902200D-01 -1.78224645039998300D-01  0.00000000000000000D+00  0.00000000000000000D+00
24  2 -3.07729489034852500D-02  0.00000000000000000D+00  0.00000000000000000D+00 -4.60158943956337100D-02  9.92047525158816300D-01
24  3  9.92047525158872600D-01 -1.98409505031768900D+00  3.98128238103729400D-30  0.00000000000000000D+00  0.00000000000000000D+00
24  4  2.83047643978152900D-03  0.00000000000000000D+00  0.00000000000000000D+00  5.04298657877133100D-03 -7.78067611456224200D-01
24  5 -7.78067611456271700D-01  1.55613522291249600D+00 -3.35882182301133900D-30  0.00000000000000000D+00  0.00000000000000000D+00
24  6  1.77278765969700300D-02 -1.58242403214181200D-02 -2.64870291219902700D-01  0.00000000000000000D+00  0.00000000000000000D+00
24  7  9.47816088475745300D-02  0.00000000000000000D+00  0.00000000000000000D+00  1.72424330463584500D-01  1.84337378881528000D-04
24  8  1.84337378802002900D-04 -3.68674757683521900D-04 -5.62263962518085600D-30  0.00000000000000000D+00  0.00000000000000000D+00
24  9  4.13369694545382000D-01  0.00000000000000000D+00  0.00000000000000000D+00 -4.15863520249341000D-01 -1.92493838969495000D-03
24 10 -1.92493838964377700D-03  3.84987677933873600D-03  3.61807606765016600D-30  0.00000000000000000D+00  0.00000000000000000D+00
25  1  0.00000000000000000D+00  0.00000000000000000D+00  0.00000000000000000D+00  2.38566645111061300D-18  3.89621765992672900D-02
25  2  0.00000000000000000D+00 -2.23863805801372200D-18 -3.65609414164190200D-02  0.00000000000000000D+00  0.00000000000000000D+00
25  3  0.00000000000000000D+00  0.00000000000000000D+00  0.00000000000000000D+00  1.25362119242283500D-16  2.04738639238624500D+00
25  4  0.00000000000000000D+00  1.70721218732466600D-18  2.78818116857866400D-02  0.00000000000000000D+00  0.00000000000000000D+00
25  5  0.00000000000000000D+00  0.00000000000000000D+00  0.00000000000000000D+00 -1.02417591938339100D-16 -1.67266144943086300D+00
25  6  0.00000000000000000D+00  0.00000000000000000D+00  0.00000000000000000D+00  6.65329566585962400D-18  1.08660152629334600D-01
25  7  0.00000000000000000D+00  1.40703002622936300D-17  2.29793030525700700D-01  0.00000000000000000D+00  0.00000000000000000D+00
25  8  0.00000000000000000D+00  0.00000000000000000D+00  0.00000000000000000D+00 -2.45938992990469500D-20 -4.01662121420189300D-04
25  9  0.00000000000000000D+00 -3.54017044038394000D-17 -5.78172802931156900D-01  0.00000000000000000D+00  0.00000000000000000D+00
25 10  0.00000000000000000D+00  0.00000000000000000D+00  0.00000000000000000D+00  1.60811472781369800D-19  2.62633739045085200D-03
26  1  0.00000000000000000D+00  0.00000000000000000D+00  0.00000000000000000D+00  3.89621765992538700D-02 -2.38566645110979200D-18
26  2  0.00000000000000000D+00 -3.65609414164033700D-02  2.23863805801276400D-18  0.00000000000000000D+00  0.00000000000000000D+00
26  3  0.00000000000000000D+00  0.00000000000000000D+00  0.00000000000000000D+00  2.04738639238620300D+00 -1.25362119242281000D-16
26  4  0.00000000000000000D+00  2.78818116857841200D-02 -1.70721218732451200D-18  0.00000000000000000D+00  0.00000000000000000D+00
26  5  0.00000000000000000D+00  0.00000000000000000D+00  0.00000000000000000D+00 -1.67266144943083100D+00  1.02417591938337100D-16
26  6  0.00000000000000000D+00  0.00000000000000000D+00  0.00000000000000000D+00  1.08660152629340700D-01 -6.65329566585999800D-18
26  7  0.00000000000000000D+00  2.29793030525713000D-01 -1.40703002622943800D-17  0.00000000000000000D+00  0.00000000000000000D+00
26  8  0.00000000000000000D+00  0.00000000000000000D+00  0.00000000000000000D+00 -4.01662121420245100D-04  2.45938992990503600D-20
26  9  0.00000000000000000D+00 -5.78172802931188300D-01  3.54017044038413200D-17  0.00000000000000000D+00  0.00000000000000000D+00
26 10  0.00000000000000000D+00  0.00000000000000000D+00  0.00000000000000000D+00  2.62633739045060600D-03 -1.60811472781354700D-19
27  1  0.00000000000000000D+00  0.00000000000000000D+00  0.00000000000000000D+00  0.00000000000000000D+00  0.00000000000000000D+00
27  2  0.00000000000000000D+00  0.00000000000000000D+00  0.00000000000000000D+00  0.00000000000000000D+00 -2.60644001088264000D-16
27  3  2.60644001088264000D-16  0.00000000000000000D+00 -2.45765316701593500D+00  0.00000000000000000D+00  0.00000000000000000D+00
27  4  0.00000000000000000D+00  0.00000000000000000D+00  0.00000000000000000D+00  0.00000000000000000D+00  2.16496160592330100D-16
27  5 -2.16496160592330100D-16  0.00000000000000000D+00  2.04137625460388200D+00  0.00000000000000000D+00  0.00000000000000000D+00
27  6  0.00000000000000000D+00  0.00000000000000000D+00  0.00000000000000000D+00  0.00000000000000000D+00  0.00000000000000000D+00
27  7  0.00000000000000000D+00  0.00000000000000000D+00  0.00000000000000000D+00  0.00000000000000000D+00 -2.85443738489769100D-21
27  8  2.85443738489769100D-21  0.00000000000000000D+00 -2.69149378069394900D-05  0.00000000000000000D+00  0.00000000000000000D+00
27  9  0.00000000000000000D+00  0.00000000000000000D+00  0.00000000000000000D+00  0.00000000000000000D+00  2.48133842389230500D-20
27 10 -2.48133842389230500D-20  0.00000000000000000D+00  2.33969291848468200D-04  0.00000000000000000D+00  0.00000000000000000D+00
28  1  0.00000000000000000D+00  0.00000000000000000D+00  0.00000000000000000D+00  0.00000000000000000D+00  0.00000000000000000D+00
28  2  0.00000000000000000D+00  0.00000000000000000D+00  0.00000000000000000D+00  0.00000000000000000D+00 -2.12839007632765800D+00
28  3  2.12839007632763200D+00  0.00000000000000000D+00  3.00965768382019800D-16  0.00000000000000000D+00  0.00000000000000000D+00
28  4  0.00000000000000000D+00  0.00000000000000000D+00  0.00000000000000000D+00  0.00000000000000000D+00  1.76788369517037500D+00
28  5 -1.76788369517035500D+00  0.00000000000000000D+00 -2.49988233193155500D-16  0.00000000000000000D+00  0.00000000000000000D+00
28  6  0.00000000000000000D+00  0.00000000000000000D+00  0.00000000000000000D+00  0.00000000000000000D+00  0.00000000000000000D+00
28  7  0.00000000000000000D+00  0.00000000000000000D+00  0.00000000000000000D+00  0.00000000000000000D+00 -2.33090198820195500D-05
28  8  2.33090198825379800D-05  0.00000000000000000D+00  3.29602038513821600D-21  0.00000000000000000D+00  0.00000000000000000D+00
28  9  0.00000000000000000D+00  0.00000000000000000D+00  0.00000000000000000D+00  0.00000000000000000D+00  2.02623350446873000D-04
28 10 -2.02623350447372500D-04  0.00000000000000000D+00 -2.86520281398219900D-20  0.00000000000000000D+00  0.00000000000000000D+00
29  1  0.00000000000000000D+00  0.00000000000000000D+00  0.00000000000000000D+00 -5.46025152108243400D-18 -8.91756196436396300D-02
29  2  0.00000000000000000D+00  7.70215965004657800D-18  1.25789967135247000D-01  0.00000000000000000D+00  0.00000000000000000D+00
29  3  0.00000000000000000D+00  0.00000000000000000D+00  0.00000000000000000D+00 -8.40944244159925500D-17 -1.37341153185279000D+00
29  4  0.00000000000000000D+00  1.46916807943460400D-18  2.39941279881306200D-02  0.00000000000000000D+00  0.00000000000000000D+00
29  5  0.00000000000000000D+00  0.00000000000000000D+00  0.00000000000000000D+00  7.39434563752312800D-17  1.20762816793218100D+00
29  6  0.00000000000000000D+00  0.00000000000000000D+00  0.00000000000000000D+00  1.09384505794962900D-17  1.78644354495695500D-01
29  7  0.00000000000000000D+00  2.31409853588257300D-17  3.77933452437112000D-01  0.00000000000000000D+00  0.00000000000000000D+00
29  8  0.00000000000000000D+00  0.00000000000000000D+00  0.00000000000000000D+00 -1.50334424707811300D-20 -2.45522855958685500D-04
29  9  0.00000000000000000D+00 -6.06696927020410500D-17 -9.90843996728778500D-01  0.00000000000000000D+00  0.00000000000000000D+00
29 10  0.00000000000000000D+00  0.00000000000000000D+00  0.00000000000000000D+00 -2.97024741790160100D-21 -4.85094235977224000D-05
30  1  0.00000000000000000D+00  0.00000000000000000D+00  0.00000000000000000D+00 -8.91756196436335300D-02  5.46025152108206100D-18
30  2  0.00000000000000000D+00  1.25789967135241200D-01 -7.70215965004621700D-18  0.00000000000000000D+00  0.00000000000000000D+00
30  3  0.00000000000000000D+00  0.00000000000000000D+00  0.00000000000000000D+00 -1.37341153185285500D+00  8.40944244159965200D-17
30  4  0.00000000000000000D+00  2.39941279881304900D-02 -1.46916807943459600D-18  0.00000000000000000D+00  0.00000000000000000D+00
30  5  0.00000000000000000D+00  0.00000000000000000D+00  0.00000000000000000D+00  1.20762816793223900D+00 -7.39434563752348200D-17
30  6  0.00000000000000000D+00  0.00000000000000000D+00  0.00000000000000000D+00  1.78644354495691800D-01 -1.09384505794960700D-17
30  7  0.00000000000000000D+00  3.77933452437105200D-01 -2.31409853588253100D-17  0.00000000000000000D+00  0.00000000000000000D+00
30  8  0.00000000000000000D+00  0.00000000000000000D+00  0.00000000000000000D+00 -2.45522855958735500D-04  1.50334424707841900D-20
30  9  0.00000000000000000D+00 -9.90843996728759300D-01  6.06696927020398800D-17  0.00000000000000000D+00  0.00000000000000000D+00
30 10  0.00000000000000000D+00  0.00000000000000000D+00  0.00000000000000000D+00 -4.85094235984995600D-05  2.97024741794918600D-21
31  1 -8.36963115476306700D-02 -4.08870323160671200D-01  5.96661089080154100D-01  0.00000000000000000D+00  0.00000000000000000D+00
31  2 -6.11730169830341600D-02  0.00000000000000000D+00  0.00000000000000000D+00  2.10327863139987900D-01  1.90207295903027300D-01
31  3  1.90207295903040200D-01 -3.80414591806067500D-01  9.16742653528324300D-31  0.00000000000000000D+00  0.00000000000000000D+00
31  4 -1.86198046309423300D-01  0.00000000000000000D+00  0.00000000000000000D+00 -1.67706558112382200D-01 -2.04203418237451100D-01
31  5 -2.04203418237459900D-01  4.08406836474910900D-01 -6.16297582203915500D-31  0.00000000000000000D+00  0.00000000000000000D+00
31  6  3.76568600882213400D-02 -3.65672461944418800D-02 -5.88366010887404400D-01  0.00000000000000000D+00  0.00000000000000000D+00
31  7 -1.51276085034029600D-01  0.00000000000000000D+00  0.00000000000000000D+00 -3.33469046807680400D-01 -1.11329831293262700D-04
31  8 -1.11329831301668900D-04  2.22659662594828800D-04 -5.94338971572362900D-31  0.00000000000000000D+00  0.00000000000000000D+00
31  9  9.45105861316992700D-01  0.00000000000000000D+00  0.00000000000000000D+00  9.06685279511054400D-01 -4.92443184426705100D-04
31 10 -4.92443184423963100D-04  9.84886368850662800D-04  1.93862904495803900D-31  0.00000000000000000D+00  0.00000000000000000D+00
32  1  1.06278805472675400D-01  5.49247589935271600D-01 -6.37347759459285500D-01  0.00000000000000000D+00  0.00000000000000000D+00
32  2  3.12946686638851100D-01  0.00000000000000000D+00  0.00000000000000000D+00 -5.90566032149922300D-01 -7.71300321546028900D-01
32  3 -7.71300321546028700D-01  1.54260064309205700D+00  1.23259516440783100D-32  0.00000000000000000D+00  0.00000000000000000D+00
32  4 -4.27942831126225700D-02  0.00000000000000000D+00  0.00000000000000000D+00  3.98398390727980200D-02  7.66752732606904100D-01
32  5  7.66752732606904200D-01 -1.53350546521380900D+00  6.16297582203915500D-33  0.00000000000000000D+00  0.00000000000000000D+00
32  6  4.08189712433388400D-02 -3.93879898144027400D-02 -6.59016174451215600D-01  0.00000000000000000D+00  0.00000000000000000D+00
32  7  1.19947944198284300D-01  0.00000000000000000D+00  0.00000000000000000D+00  2.60574515149527500D-01  4.51244431806634300D-05
32  8  4.51244432775309300D-05 -9.02488864580704300D-05  6.84879195207160400D-30  0.00000000000000000D+00  0.00000000000000000D+00
32  9  1.11664137975702600D+00  0.00000000000000000D+00  0.00000000000000000D+00 -7.83679063244222100D-01  2.18568826776962100D-03
32 10  2.18568826770840100D-03 -4.37137653547797100D-03 -4.32840717938878800D-30  0.00000000000000000D+00  0.00000000000000000D+00
33  1  0.00000000000000000D+00  0.00000000000000000D+00  0.00000000000000000D+00 -6.79301074695238200D-19 -1.10941948418759800D-02
33  2  0.00000000000000000D+00  1.09899982799400200D-18  1.79486220133299500D-02  0.00000000000000000D+00  0.00000000000000000D+00
33  3  0.00000000000000000D+00  0.00000000000000000D+00  0.00000000000000000D+00 -1.17518271332822400D-18 -1.91928240394982900D-02
33  4  0.00000000000000000D+00 -2.43787116972076300D-19 -3.98147725121858000D-03  0.00000000000000000D+00  0.00000000000000000D+00
33  5  0.00000000000000000D+00  0.00000000000000000D+00  0.00000000000000000D+00  1.25882023366069500D-18  2.05587735149589200D-02
33  6  0.00000000000000000D+00  0.00000000000000000D+00  0.00000000000000000D+00  8.07520007379677900D-19  1.31882380792677900D-02
33  7  0.00000000000000000D+00 -8.76924728206919000D-19 -1.43217406225235400D-02  0.00000000000000000D+00  0.00000000000000000D+00
33  8  0.00000000000000000D+00  0.00000000000000000D+00  0.00000000000000000D+00 -2.19934291349890200D-18 -3.59191818111031100D-02
33  9  0.00000000000000000D+00  3.75688650389824800D-19  6.13566390893177500D-03  0.00000000000000000D+00  0.00000000000000000D+00
33 10  0.00000000000000000D+00  0.00000000000000000D+00  0.00000000000000000D+00  6.23417502830128600D-17  1.01815167116232700D+00
34  1  0.00000000000000000D+00  0.00000000000000000D+00  0.00000000000000000D+00 -1.10941948418754700D-02  6.79301074695207300D-19
34  2  0.00000000000000000D+00  1.79486220133292600D-02 -1.09899982799396000D-18  0.00000000000000000D+00  0.00000000000000000D+00
34  3  0.00000000000000000D+00  0.00000000000000000D+00  0.00000000000000000D+00 -1.91928240394988900D-02  1.17518271332826100D-18
34  4  0.00000000000000000D+00 -3.98147725121837700D-03  2.43787116972063900D-19  0.00000000000000000D+00  0.00000000000000000D+00
34  5  0.00000000000000000D+00  0.00000000000000000D+00  0.00000000000000000D+00  2.05587735149592100D-02 -1.25882023366071300D-18
34  6  0.00000000000000000D+00  0.00000000000000000D+00  0.00000000000000000D+00  1.31882380792687700D-02 -8.07520007379738200D-19
34  7  0.00000000000000000D+00 -1.43217406225232300D-02  8.76924728206899500D-19  0.00000000000000000D+00  0.00000000000000000D+00
34  8  0.00000000000000000D+00  0.00000000000000000D+00  0.00000000000000000D+00 -3.59191818111019900D-02  2.19934291349883300D-18
34  9  0.00000000000000000D+00  6.13566390893141100D-03 -3.75688650389802500D-19  0.00000000000000000D+00  0.00000000000000000D+00
34 10  0.00000000000000000D+00  0.00000000000000000D+00  0.00000000000000000D+00  1.01815167116232600D+00 -6.23417502830128300D-17
35  1 -1.26958945981921900D-02 -6.45498284814615100D-02  8.66091571258258000D-02  0.00000000000000000D+00  0.00000000000000000D+00
35  2 -2.09213487155590500D-02  0.00000000000000000D+00  0.00000000000000000D+00  4.18467285242120300D-02  3.49843364750413800D-02
35  3  3.49843364750396400D-02 -6.99686729500809500D-02 -1.23259516440783100D-31  0.00000000000000000D+00  0.00000000000000000D+00
35  4 -1.98319734847960600D-02  0.00000000000000000D+00  0.00000000000000000D+00 -1.39534952399410700D-02 -3.85087300282422500D-02
35  5 -3.85087300282411600D-02  7.70174600564833700D-02  7.78075697532443300D-32  0.00000000000000000D+00  0.00000000000000000D+00
35  6  2.62554095818798900D-03  7.23842951588443700D-03 -3.35201500084777800D-03  0.00000000000000000D+00  0.00000000000000000D+00
35  7 -3.17054753891354800D-02  0.00000000000000000D+00  0.00000000000000000D+00  3.02852634661419500D-02 -1.79012757785418700D-02
35  8 -1.79012757759793400D-02  3.58025515545212000D-02  1.81177622472351600D-28  0.00000000000000000D+00  0.00000000000000000D+00
35  9 -6.80282808662480500D-03  0.00000000000000000D+00  0.00000000000000000D+00  5.96173776165392700D-03  5.09092087156713500D-01
35 10  5.09092087154617300D-01 -1.01818417431133100D+00 -1.48207242568397600D-28  0.00000000000000000D+00  0.00000000000000000D+00
36  1  0.00000000000000000D+00  0.00000000000000000D+00  0.00000000000000000D+00  0.00000000000000000D+00  0.00000000000000000D+00
36  2  0.00000000000000000D+00  0.00000000000000000D+00  0.00000000000000000D+00  0.00000000000000000D+00  1.77332637882815200D-19
36  3 -1.77332637882815200D-19  0.00000000000000000D+00  1.67209725636618300D-03  0.00000000000000000D+00  0.00000000000000000D+00
36  4  0.00000000000000000D+00  0.00000000000000000D+00  0.00000000000000000D+00  0.00000000000000000D+00 -1.88864018074893400D-19
36  5  1.88864018074893400D-19  0.00000000000000000D+00 -1.78082844883866500D-03  0.00000000000000000D+00  0.00000000000000000D+00
36  6  0.00000000000000000D+00  0.00000000000000000D+00  0.00000000000000000D+00  0.00000000000000000D+00  0.00000000000000000D+00
36  7  0.00000000000000000D+00  0.00000000000000000D+00  0.00000000000000000D+00  0.00000000000000000D+00 -3.79636853943190800D-18
36  8  3.79636853943190800D-18  0.00000000000000000D+00 -3.57965544004020300D-02  0.00000000000000000D+00  0.00000000000000000D+00
36  9  0.00000000000000000D+00  0.00000000000000000D+00  0.00000000000000000D+00  0.00000000000000000D+00  1.07975430860368000D-16
36 10 -1.07975430860368000D-16  0.00000000000000000D+00  1.01811727300806100D+00  0.00000000000000000D+00  0.00000000000000000D+00
37  1  0.00000000000000000D+00  0.00000000000000000D+00  0.00000000000000000D+00  0.00000000000000000D+00  0.00000000000000000D+00
37  2  0.00000000000000000D+00  0.00000000000000000D+00  0.00000000000000000D+00  0.00000000000000000D+00  1.44807870159437400D-03
37  3 -1.44807870163034600D-03  0.00000000000000000D+00 -2.04766092435638100D-19  0.00000000000000000D+00  0.00000000000000000D+00
37  4  0.00000000000000000D+00  0.00000000000000000D+00  0.00000000000000000D+00  0.00000000000000000D+00 -1.54224267645969400D-03
37  5  1.54224267649250500D-03  0.00000000000000000D+00  2.18081383351516200D-19  0.00000000000000000D+00  0.00000000000000000D+00
37  6  0.00000000000000000D+00  0.00000000000000000D+00  0.00000000000000000D+00  0.00000000000000000D+00  0.00000000000000000D+00
37  7  0.00000000000000000D+00  0.00000000000000000D+00  0.00000000000000000D+00  0.00000000000000000D+00 -3.10007254782163300D-02
37  8  3.10007254787217400D-02  0.00000000000000000D+00  4.38366879633543300D-18  0.00000000000000000D+00  0.00000000000000000D+00
37  9  0.00000000000000000D+00  0.00000000000000000D+00  0.00000000000000000D+00  0.00000000000000000D+00  8.81715422456307200D-01
37 10 -8.81715422457106900D-01  0.00000000000000000D+00 -1.24679288146196700D-16  0.00000000000000000D+00  0.00000000000000000D+00
38  1  0.00000000000000000D+00  0.00000000000000000D+00  0.00000000000000000D+00 -1.75825040888680900D-02  1.07658231116679000D-18
38  2  0.00000000000000000D+00  2.76277678589238900D-02 -1.69165700309839300D-18  0.00000000000000000D+00  0.00000000000000000D+00
38  3  0.00000000000000000D+00  0.00000000000000000D+00  0.00000000000000000D+00 -5.22665303957478400D-02  3.20029626074416100D-18
38  4  0.00000000000000000D+00  1.48216267430590000D-02 -9.07532914176686000D-19  0.00000000000000000D+00  0.00000000000000000D+00
38  5  0.00000000000000000D+00  0.00000000000000000D+00  0.00000000000000000D+00  6.17249886833551300D-02 -3.77944066656255100D-18
38  6  0.00000000000000000D+00  0.00000000000000000D+00  0.00000000000000000D+00 -9.68646603254993900D-01  5.93105392477264500D-17
38  7  0.00000000000000000D+00  1.26443250978983300D+00 -7.74216042734102100D-17  0.00000000000000000D+00  0.00000000000000000D+00
38  8  0.00000000000000000D+00  0.00000000000000000D+00  0.00000000000000000D+00  3.19706974360766200D-04 -1.95757596081761100D-20
38  9  0.00000000000000000D+00 -4.67050178673641600D-01  2.85976308178809000D-17  0.00000000000000000D+00  0.00000000000000000D+00
38 10  0.00000000000000000D+00  0.00000000000000000D+00  0.00000000000000000D+00  1.22403634130022700D-02 -7.49481340432877100D-19
39  1  0.00000000000000000D+00  0.00000000000000000D+00  0.00000000000000000D+00 -1.07658231116664400D-18 -1.75825040888657100D-02
39  2  0.00000000000000000D+00  1.69165700309819800D-18  2.76277678589207100D-02  0.00000000000000000D+00  0.00000000000000000D+00
39  3  0.00000000000000000D+00  0.00000000000000000D+00  0.00000000000000000D+00 -3.20029626074449300D-18 -5.22665303957532700D-02
39  4  0.00000000000000000D+00  9.07532914176775700D-19  1.48216267430604700D-02  0.00000000000000000D+00  0.00000000000000000D+00
39  5  0.00000000000000000D+00  0.00000000000000000D+00  0.00000000000000000D+00  3.77944066656286200D-18  6.17249886833602100D-02
39  6  0.00000000000000000D+00  0.00000000000000000D+00  0.00000000000000000D+00 -5.93105392477264600D-17 -9.68646603254994200D-01
39  7  0.00000000000000000D+00  7.74216042734103100D-17  1.26443250978983400D+00  0.00000000000000000D+00  0.00000000000000000D+00
39  8  0.00000000000000000D+00  0.00000000000000000D+00  0.00000000000000000D+00  1.95757596081845000D-20  3.19706974360903300D-04
39  9  0.00000000000000000D+00 -2.85976308178810400D-17 -4.67050178673643800D-01  0.00000000000000000D+00  0.00000000000000000D+00
39 10  0.00000000000000000D+00  0.00000000000000000D+00  0.00000000000000000D+00  7.49481340432819000D-19  1.22403634130013200D-02
40  1 -3.75006986973430900D-02 -1.82123121582069300D-01  2.43969978905971500D-01  0.00000000000000000D+00  0.00000000000000000D+00
40  2 -6.80881716998643800D-02  0.00000000000000000D+00  0.00000000000000000D+00  1.70582003602670500D-01  7.59239126137526800D-02
40  3  7.59239126137527300D-02 -1.51847825227505700D-01  3.08148791101957700D-33  0.00000000000000000D+00  0.00000000000000000D+00
40  4 -2.80846889364536800D-02  0.00000000000000000D+00  0.00000000000000000D+00 -5.33848311706209800D-02 -9.90011852259745400D-02
40  5 -9.90011852259745100D-02  1.98002370451949000D-01  1.54074395550978900D-33  0.00000000000000000D+00  0.00000000000000000D+00
40  6  1.26647584833655900D-02  3.36273972330628000D-02 -1.76652213526464800D-02  0.00000000000000000D+00  0.00000000000000000D+00
40  7  9.69752617610153900D-01  0.00000000000000000D+00  0.00000000000000000D+00 -1.29075357849488700D+00  3.18080455994524700D-04
40  8  3.18080456018045300D-04 -6.36160912012367200D-04  1.66296527533992600D-30  0.00000000000000000D+00  0.00000000000000000D+00
40  9 -3.42185789509931200D-02  0.00000000000000000D+00  0.00000000000000000D+00  5.41852697599783300D-01  1.63571728526800300D-02
40 10  1.63571728526980100D-02 -3.27143457053781200D-02  1.27111376329557600D-30  0.00000000000000000D+00  0.00000000000000000D+00
41  1  9.49083702625928500D-03  5.22644797981868200D-02 -2.81687127688708600D-02  0.00000000000000000D+00  0.00000000000000000D+00
41  2  6.86286996851385700D-02  0.00000000000000000D+00  0.00000000000000000D+00 -1.20635656533625700D-01 -6.77927498143738600D-02
41  3 -6.77927498143740800D-02  1.35585499628747200D-01 -1.61778115328527800D-32  0.00000000000000000D+00  0.00000000000000000D+00
41  4 -7.11607127413529700D-02  0.00000000000000000D+00  0.00000000000000000D+00 -3.77866468235875200D-02  8.16738165925523600D-02
41  5  8.16738165925523000D-02 -1.63347633185105100D-01 -4.62223186652936600D-33  0.00000000000000000D+00  0.00000000000000000D+00
41  6  7.49418941391841500D-01  1.76206392703131400D+00 -2.23707759090191200D+00  0.00000000000000000D+00  0.00000000000000000D+00
41  7 -2.51307703263949100D-02  0.00000000000000000D+00  0.00000000000000000D+00  4.83935169459630100D-02 -4.49134281445493400D-04
41  8 -4.49134281458205000D-04  8.98268562904046000D-04 -8.98741227079379800D-31  0.00000000000000000D+00  0.00000000000000000D+00
41  9  8.38790897516159800D-01  0.00000000000000000D+00  0.00000000000000000D+00 -6.28134089095099400D-02 -3.23899152626915900D-03
41 10 -3.23899152626620300D-03  6.47798305253574300D-03  2.08963398966015100D-31  0.00000000000000000D+00  0.00000000000000000D+00
42  1  0.00000000000000000D+00  0.00000000000000000D+00  0.00000000000000000D+00 -2.96233529545153600D-19 -4.83802045645960600D-03
42  2  0.00000000000000000D+00  4.81804175740330600D-19  7.86871918860244200D-03  0.00000000000000000D+00  0.00000000000000000D+00
42  3  0.00000000000000000D+00  0.00000000000000000D+00  0.00000000000000000D+00 -4.25779365978344000D-19 -6.95373439226987900D-03
42  4  0.00000000000000000D+00 -9.77378761382455800D-20 -1.59623336647201400D-03  0.00000000000000000D+00  0.00000000000000000D+00
42  5  0.00000000000000000D+00  0.00000000000000000D+00  0.00000000000000000D+00  4.69711454287787800D-19  7.67122353761553300D-03
42  6  0.00000000000000000D+00  0.00000000000000000D+00  0.00000000000000000D+00 -5.40054012955442600D-20 -8.82004264096403100D-04
42  7  0.00000000000000000D+00  5.72425315392572600D-20  9.34872358951682900D-04  0.00000000000000000D+00  0.00000000000000000D+00
42  8  0.00000000000000000D+00  0.00000000000000000D+00  0.00000000000000000D+00 -7.16102695349128000D-17 -1.16952307672412200D+00
42  9  0.00000000000000000D+00 -3.36415536859869800D-20 -5.49426410878585300D-04  0.00000000000000000D+00  0.00000000000000000D+00
42 10  0.00000000000000000D+00  0.00000000000000000D+00  0.00000000000000000D+00  3.53033638520693300D-17  5.76566726799621000D-01
43  1  0.00000000000000000D+00  0.00000000000000000D+00  0.00000000000000000D+00 -4.83802045645930300D-03  2.96233529545135000D-19
43  2  0.00000000000000000D+00  7.86871918860239000D-03 -4.81804175740327400D-19  0.00000000000000000D+00  0.00000000000000000D+00
43  3  0.00000000000000000D+00  0.00000000000000000D+00  0.00000000000000000D+00 -6.95373439226906000D-03  4.25779365978293900D-19
43  4  0.00000000000000000D+00 -1.59623336647185800D-03  9.77378761382360200D-20  0.00000000000000000D+00  0.00000000000000000D+00
43  5  0.00000000000000000D+00  0.00000000000000000D+00  0.00000000000000000D+00  7.67122353761468600D-03 -4.69711454287735900D-19
43  6  0.00000000000000000D+00  0.00000000000000000D+00  0.00000000000000000D+00 -8.82004264096431500D-04  5.40054012955460000D-20
43  7  0.00000000000000000D+00  9.34872358951114100D-04 -5.72425315392224200D-20  0.00000000000000000D+00  0.00000000000000000D+00
43  8  0.00000000000000000D+00  0.00000000000000000D+00  0.00000000000000000D+00 -1.16952307672412200D+00  7.16102695349127700D-17
43  9  0.00000000000000000D+00 -5.49426410878618200D-04  3.36415536859890000D-20  0.00000000000000000D+00  0.00000000000000000D+00
43 10  0.00000000000000000D+00  0.00000000000000000D+00  0.00000000000000000D+00  5.76566726799620800D-01 -3.53033638520693200D-17
44  1  0.00000000000000000D+00  0.00000000000000000D+00  0.00000000000000000D+00  0.00000000000000000D+00  0.00000000000000000D+00
44  2  0.00000000000000000D+00  0.00000000000000000D+00  0.00000000000000000D+00  0.00000000000000000D+00  5.95925323372478700D-20
44  3 -5.95925323372478700D-20  0.00000000000000000D+00  5.61907334209240300D-04  0.00000000000000000D+00  0.00000000000000000D+00
44  4  0.00000000000000000D+00  0.00000000000000000D+00  0.00000000000000000D+00  0.00000000000000000D+00 -6.51122982685242100D-20
44  5  6.51122982685242100D-20  0.00000000000000000D+00 -6.13954072923913800D-04  0.00000000000000000D+00  0.00000000000000000D+00
44  6  0.00000000000000000D+00  0.00000000000000000D+00  0.00000000000000000D+00  0.00000000000000000D+00  0.00000000000000000D+00
44  7  0.00000000000000000D+00  0.00000000000000000D+00  0.00000000000000000D+00  0.00000000000000000D+00 -1.24031410022949900D-16
44  8  1.24031410022949900D-16  0.00000000000000000D+00 -1.16951161883495300D+00  0.00000000000000000D+00  0.00000000000000000D+00
44  9  0.00000000000000000D+00  0.00000000000000000D+00  0.00000000000000000D+00  0.00000000000000000D+00  6.11515496047962500D-17
44 10 -6.11515496047962500D-17  0.00000000000000000D+00  5.76607552549294400D-01  0.00000000000000000D+00  0.00000000000000000D+00
45  1  0.00000000000000000D+00  0.00000000000000000D+00  0.00000000000000000D+00  0.00000000000000000D+00  0.00000000000000000D+00
45  2  0.00000000000000000D+00  0.00000000000000000D+00  0.00000000000000000D+00  0.00000000000000000D+00 -4.86626026006170800D-04
45  3  4.86626025992471100D-04  0.00000000000000000D+00  6.88115291733903800D-20  0.00000000000000000D+00  0.00000000000000000D+00
45  4  0.00000000000000000D+00  0.00000000000000000D+00  0.00000000000000000D+00  0.00000000000000000D+00  5.31699823905876600D-04
45  5 -5.31699823915206200D-04  0.00000000000000000D+00 -7.51852058659883500D-20  0.00000000000000000D+00  0.00000000000000000D+00
45  6  0.00000000000000000D+00  0.00000000000000000D+00  0.00000000000000000D+00  0.00000000000000000D+00  0.00000000000000000D+00
45  7  0.00000000000000000D+00  0.00000000000000000D+00  0.00000000000000000D+00  0.00000000000000000D+00  1.01282677193168600D+00
45  8 -1.01282677193283500D+00  0.00000000000000000D+00 -1.43219135929455600D-16  0.00000000000000000D+00  0.00000000000000000D+00
45  9  0.00000000000000000D+00  0.00000000000000000D+00  0.00000000000000000D+00  0.00000000000000000D+00 -4.99356788521435500D-01
45 10  4.99356788522409000D-01  0.00000000000000000D+00  7.06117272514206500D-17  0.00000000000000000D+00  0.00000000000000000D+00
46  1 -5.74277043338018400D-03 -2.89937605231878100D-02  3.89786356434183200D-02  0.00000000000000000D+00  0.00000000000000000D+00
46  2 -9.99528383765492700D-03  0.00000000000000000D+00  0.00000000000000000D+00  2.03593708243357600D-02  1.37892448061773100D-02
46  3  1.37892448061778100D-02 -2.75784896123551100D-02  3.52445179822864200D-32  0.00000000000000000D+00  0.00000000000000000D+00
46  4 -8.49795827771679400D-03  0.00000000000000000D+00  0.00000000000000000D+00 -6.62651377110235800D-03 -1.57528665129919000D-02
46  5 -1.57528665129914000D-02  3.15057330259836300D-02  3.50519249878476900D-32  0.00000000000000000D+00  0.00000000000000000D+00
46  6 -1.62287337847612000D-03 -3.45968412110815900D-03  6.62055669406207300D-03  0.00000000000000000D+00  0.00000000000000000D+00
46  7  2.92483112656736000D-03  0.00000000000000000D+00  0.00000000000000000D+00 -6.41418315143992700D-03 -5.84840960224462100D-01
46  8 -5.84840960220770900D-01  1.16968192044523300D+00  2.60977374160070000D-28  0.00000000000000000D+00  0.00000000000000000D+00
46  9 -5.87379825617564600D-03  0.00000000000000000D+00  0.00000000000000000D+00  1.01382997554712600D-02  2.88663705332878100D-01
46 10  2.88663705328889700D-01 -5.77327410661768000D-01 -2.81990040225312500D-28  0.00000000000000000D+00  0.00000000000000000D+00
47  1  0.00000000000000000D+00  0.00000000000000000D+00  0.00000000000000000D+00  0.00000000000000000D+00  0.00000000000000000D+00
47  2  0.00000000000000000D+00  0.00000000000000000D+00  0.00000000000000000D+00  0.00000000000000000D+00  0.00000000000000000D+00
47  3  0.00000000000000000D+00  0.00000000000000000D+00  0.00000000000000000D+00  0.00000000000000000D+00  0.00000000000000000D+00
47  4  0.00000000000000000D+00  0.00000000000000000D+00  0.00000000000000000D+00  0.00000000000000000D+00  4.47213595499957000D-01
47  5  4.47213595499957000D-01  4.47213595499957100D-01  0.00000000000000000D+00  0.00000000000000000D+00  0.00000000000000000D+00
47  6  0.00000000000000000D+00  0.00000000000000000D+00  0.00000000000000000D+00  0.00000000000000000D+00  0.00000000000000000D+00
47  7  0.00000000000000000D+00  0.00000000000000000D+00  0.00000000000000000D+00  0.00000000000000000D+00  0.00000000000000000D+00
47  8  0.00000000000000000D+00  0.00000000000000000D+00  0.00000000000000000D+00  0.00000000000000000D+00  0.00000000000000000D+00
47  9  0.00000000000000000D+00  0.00000000000000000D+00  0.00000000000000000D+00  0.00000000000000000D+00  0.00000000000000000D+00
47 10  0.00000000000000000D+00  0.00000000000000000D+00  0.00000000000000000D+00  0.00000000000000000D+00  0.00000000000000000D+00
48  1  0.00000000000000000D+00  0.00000000000000000D+00  0.00000000000000000D+00  0.00000000000000000D+00  0.00000000000000000D+00
48  2  0.00000000000000000D+00  0.00000000000000000D+00  0.00000000000000000D+00  0.00000000000000000D+00  4.47213595499956600D-01
48  3  4.47213595499956600D-01  4.47213595499956500D-01  0.00000000000000000D+00  0.00000000000000000D+00  0.00000000000000000D+00
48  4  0.00000000000000000D+00  0.00000000000000000D+00  0.00000000000000000D+00  0.00000000000000000D+00  0.00000000000000000D+00
48  5  0.00000000000000000D+00  0.00000000000000000D+00  0.00000000000000000D+00  0.00000000000000000D+00  0.00000000000000000D+00
48  6  0.00000000000000000D+00  0.00000000000000000D+00  0.00000000000000000D+00  0.00000000000000000D+00  0.00000000000000000D+00
48  7  0.00000000000000000D+00  0.00000000000000000D+00  0.00000000000000000D+00  0.00000000000000000D+00  0.00000000000000000D+00
48  8  0.00000000000000000D+00  0.00000000000000000D+00  0.00000000000000000D+00  0.00000000000000000D+00  0.00000000000000000D+00
48  9  0.00000000000000000D+00  0.00000000000000000D+00  0.00000000000000000D+00  0.00000000000000000D+00  0.00000000000000000D+00
48 10  0.00000000000000000D+00  0.00000000000000000D+00  0.00000000000000000D+00  0.00000000000000000D+00  0.00000000000000000D+00
49  1  0.00000000000000000D+00  0.00000000000000000D+00  0.00000000000000000D+00  0.00000000000000000D+00  0.00000000000000000D+00
49  2  0.00000000000000000D+00  0.00000000000000000D+00  0.00000000000000000D+00  0.00000000000000000D+00  0.00000000000000000D+00
49  3  0.00000000000000000D+00  0.00000000000000000D+00  0.00000000000000000D+00  0.00000000000000000D+00  0.00000000000000000D+00
49  4  0.00000000000000000D+00  0.00000000000000000D+00  0.00000000000000000D+00  0.00000000000000000D+00  0.00000000000000000D+00
49  5  0.00000000000000000D+00  0.00000000000000000D+00  0.00000000000000000D+00  0.00000000000000000D+00  0.00000000000000000D+00
49  6  0.00000000000000000D+00  0.00000000000000000D+00  0.00000000000000000D+00  0.00000000000000000D+00  0.00000000000000000D+00
49  7  0.00000000000000000D+00  0.00000000000000000D+00  0.00000000000000000D+00  0.00000000000000000D+00  0.00000000000000000D+00
49  8  0.00000000000000000D+00  0.00000000000000000D+00  0.00000000000000000D+00  0.00000000000000000D+00  0.00000000000000000D+00
49  9  0.00000000000000000D+00  0.00000000000000000D+00  0.00000000000000000D+00  0.00000000000000000D+00  4.47213595498808400D-01
49 10  4.47213595501105100D-01  4.47213595499956800D-01  0.00000000000000000D+00  0.00000000000000000D+00  0.00000000000000000D+00
50  1  0.00000000000000000D+00  0.00000000000000000D+00  0.00000000000000000D+00  0.00000000000000000D+00  0.00000000000000000D+00
50  2  0.00000000000000000D+00  0.00000000000000000D+00  0.00000000000000000D+00  0.00000000000000000D+00  0.00000000000000000D+00
50  3  0.00000000000000000D+00  0.00000000000000000D+00  0.00000000000000000D+00  0.00000000000000000D+00  0.00000000000000000D+00
50  4  0.00000000000000000D+00  0.00000000000000000D+00  0.00000000000000000D+00  0.00000000000000000D+00  0.00000000000000000D+00
50  5  0.00000000000000000D+00  0.00000000000000000D+00  0.00000000000000000D+00  0.00000000000000000D+00  0.00000000000000000D+00
50  6  0.00000000000000000D+00  0.00000000000000000D+00  0.00000000000000000D+00  0.00000000000000000D+00  0.00000000000000000D+00
50  7  0.00000000000000000D+00  0.00000000000000000D+00  0.00000000000000000D+00  0.00000000000000000D+00 -4.47213595498810500D-01
50  8 -4.47213595501103400D-01 -4.47213595499957100D-01  0.00000000000000000D+00  0.00000000000000000D+00  0.00000000000000000D+00
50  9  0.00000000000000000D+00  0.00000000000000000D+00  0.00000000000000000D+00  0.00000000000000000D+00  0.00000000000000000D+00
50 10  0.00000000000000000D+00  0.00000000000000000D+00  0.00000000000000000D+00  0.00000000000000000D+00  0.00000000000000000D+00
 $END
 POPULATION ANALYSIS
LI           2.00374   0.99626   2.00787   0.99213
F            9.99626  -0.99626   9.99213  -0.99213
 MOMENTS AT POINT    1 X,Y,Z=  0.000000  0.000000  7.797413
 DIPOLE       0.000000  0.000000-26.955948
- - - NO-S OF CI STATE  1 E=     -106.7823044959 CREATED  9:44:24  7-MAY-2026    
 $OCCNO 
    2.0000000000    2.0000000000    2.0000000000    1.9832631912    1.9832631912
    1.9703484279    0.0293519984    0.0164932744    0.0164932744    0.0006820491
    0.0000933483    0.0000046603    0.0000046603    0.0000015704    0.0000001131
    0.0000001131    0.0000000681    0.0000000171    0.0000000171    0.0000000121
    0.0000000026    0.0000000026    0.0000000023    0.0000000023    0.0000000021
    0.0000000006    0.0000000004    0.0000000003    0.0000000002    0.0000000002
    0.0000000000    0.0000000000
 $END   
 $VEC   
 1  1  1.01835738436875500D-05  5.78800466904023700D-05 -1.91953078207369500D-05  0.00000000000000000D+00  0.00000000000000000D+00
 1  2  9.17037233620262600D-05  0.00000000000000000D+00  0.00000000000000000D+00 -1.58059334899672400D-04 -7.92056998835967700D-05
 1  3 -7.92056998835482200D-05  1.58411399767089500D-04  0.00000000000000000D+00  0.00000000000000000D+00  0.00000000000000000D+00
 1  4 -1.02086282115218800D-04  0.00000000000000000D+00  0.00000000000000000D+00 -5.55772764446288500D-05  9.70320320842846900D-05
 1  5  9.70320320843124500D-05 -1.94064064168569400D-04  0.00000000000000000D+00  0.00000000000000000D+00  0.00000000000000000D+00
 1  6  1.00069430699785000D+00  5.28234913657926200D-04 -3.42812213381626100D-03  0.00000000000000000D+00  0.00000000000000000D+00
 1  7 -4.96533689924927800D-05  0.00000000000000000D+00  0.00000000000000000D+00  4.62792259222189100D-05  2.64008544309426400D-06
 1  8  2.64008543804760000D-06 -5.28017088103390900D-06  0.00000000000000000D+00  0.00000000000000000D+00  0.00000000000000000D+00
 1  9  1.17541969573860100D-03  0.00000000000000000D+00  0.00000000000000000D+00 -7.33550187782994600D-05 -1.96491076727591000D-06
 1 10 -1.96491075704814200D-06  3.92982152432432300D-06  0.00000000000000000D+00  0.00000000000000000D+00  0.00000000000000000D+00
 2  1 -1.00009695743259900D+00  1.01521062617995800D-03  1.16517929613226000D-03  0.00000000000000000D+00  0.00000000000000000D+00
 2  2  1.36962206791069100D-03  0.00000000000000000D+00  0.00000000000000000D+00 -1.13088106238998600D-03 -1.92910362153286400D-05
 2  3 -1.92910362153219200D-05  3.85820724305232800D-05  0.00000000000000000D+00  0.00000000000000000D+00  0.00000000000000000D+00
 2  4 -1.31534728489841900D-03  0.00000000000000000D+00  0.00000000000000000D+00  1.22799563624573400D-04 -3.83441556984619900D-07
 2  5 -3.83441557000882900D-07  7.66883113890309800D-07  0.00000000000000000D+00  0.00000000000000000D+00  0.00000000000000000D+00
 2  6 -1.46063183290205500D-06 -3.01676395981877200D-06  8.16295245574066800D-06  0.00000000000000000D+00  0.00000000000000000D+00
 2  7  1.06323484329345300D-05  0.00000000000000000D+00  0.00000000000000000D+00 -4.31718396118995900D-05 -1.87430869261243600D-06
 2  8 -1.87430869389533200D-06  3.74861738669149900D-06  0.00000000000000000D+00  0.00000000000000000D+00  0.00000000000000000D+00
 2  9  1.21758111117823800D-05  0.00000000000000000D+00  0.00000000000000000D+00  1.36462576822236200D-04  6.66940379265558900D-06
 2 10  6.66940378760301700D-06 -1.33388075802586900D-05  0.00000000000000000D+00  0.00000000000000000D+00  0.00000000000000000D+00
 3  1  5.55334557664707300D-05  4.04820093223011600D-04 -3.76189560304169500D-05  0.00000000000000000D+00  0.00000000000000000D+00
 3  2  5.46219047946019500D-04  0.00000000000000000D+00  0.00000000000000000D+00 -9.05370459908409800D-04 -4.26553113493018500D-04
 3  3 -4.26553113493046300D-04  8.53106226985995400D-04  0.00000000000000000D+00  0.00000000000000000D+00  0.00000000000000000D+00
 3  4 -7.46102292545076300D-04  0.00000000000000000D+00  0.00000000000000000D+00 -4.55292044055169400D-04  5.60860569431630900D-04
 3  5  5.60860569431689900D-04 -1.12172113886324100D-03  0.00000000000000000D+00  0.00000000000000000D+00  0.00000000000000000D+00
 3  6 -6.28188414147140800D-03  4.91067288393054400D-01  5.54272442022227000D-01  0.00000000000000000D+00  0.00000000000000000D+00
 3  7 -8.57586195187368800D-04  0.00000000000000000D+00  0.00000000000000000D+00 -2.01780900917140900D-03  1.11567987672801800D-05
 3  8  1.11567987419425700D-05 -2.23135975092671700D-05  0.00000000000000000D+00  0.00000000000000000D+00  0.00000000000000000D+00
 3  9  5.65561420789136700D-02  0.00000000000000000D+00  0.00000000000000000D+00 -1.55374017430366400D-03 -1.51101349625771400D-04
 3 10 -1.51101349638264500D-04  3.02202699264036000D-04  0.00000000000000000D+00  0.00000000000000000D+00  0.00000000000000000D+00
 4  1  0.00000000000000000D+00  0.00000000000000000D+00  0.00000000000000000D+00 -8.87469408220830600D-09  1.96609395263168300D-03
 4  2  0.00000000000000000D+00 -2.71616282941524800D-08  6.01736945657849400D-03  0.00000000000000000D+00  0.00000000000000000D+00
 4  3  0.00000000000000000D+00  0.00000000000000000D+00  0.00000000000000000D+00  2.19834890426238300D-08 -4.87020784604833000D-03
 4  4  0.00000000000000000D+00 -1.25032013823697000D-08  2.76995109798710900D-03  0.00000000000000000D+00  0.00000000000000000D+00
 4  5  0.00000000000000000D+00  0.00000000000000000D+00  0.00000000000000000D+00 -3.77088351450463500D-08  8.35399079009364900D-03
 4  6  0.00000000000000000D+00  0.00000000000000000D+00  0.00000000000000000D+00 -2.83212499413152000D-06  6.27427128359715300D-01
 4  7  0.00000000000000000D+00 -2.00439928118397100D-06  4.44053312512284900D-01  0.00000000000000000D+00  0.00000000000000000D+00
 4  8  0.00000000000000000D+00  0.00000000000000000D+00  0.00000000000000000D+00  3.56342708508259000D-10 -7.89439317801970900D-05
 4  9  0.00000000000000000D+00 -7.43341289068835200D-07  1.64679345475135600D-01  0.00000000000000000D+00  0.00000000000000000D+00
 4 10  0.00000000000000000D+00  0.00000000000000000D+00  0.00000000000000000D+00  1.14926938748722500D-08 -2.54608392279091700D-03
 5  1  0.00000000000000000D+00  0.00000000000000000D+00  0.00000000000000000D+00 -1.96609395263442500D-03 -8.87469408387400000D-09
 5  2  0.00000000000000000D+00 -6.01736945657547300D-03 -2.71616282859287300D-08  0.00000000000000000D+00  0.00000000000000000D+00
 5  3  0.00000000000000000D+00  0.00000000000000000D+00  0.00000000000000000D+00  4.87020784604662800D-03  2.19834889883126900D-08
 5  4  0.00000000000000000D+00 -2.76995109798787800D-03 -1.25032013800532200D-08  0.00000000000000000D+00  0.00000000000000000D+00
 5  5  0.00000000000000000D+00  0.00000000000000000D+00  0.00000000000000000D+00 -8.35399079009293400D-03 -3.77088350948244800D-08
 5  6  0.00000000000000000D+00  0.00000000000000000D+00  0.00000000000000000D+00 -6.27427128359716700D-01 -2.83212499415363000D-06
 5  7  0.00000000000000000D+00 -4.44053312512284600D-01 -2.00439928122092700D-06  0.00000000000000000D+00  0.00000000000000000D+00
 5  8  0.00000000000000000D+00  0.00000000000000000D+00  0.00000000000000000D+00  7.89439317804764300D-05  3.56342708540414100D-10
 5  9  0.00000000000000000D+00 -1.64679345475132900D-01 -7.43341288988272100D-07  0.00000000000000000D+00  0.00000000000000000D+00
 5 10  0.00000000000000000D+00  0.00000000000000000D+00  0.00000000000000000D+00  2.54608392279172800D-03  1.14926938747455400D-08
 6  1 -4.11706115914495300D-03  1.32203957645152900D-01  2.48609115054988700D-02  0.00000000000000000D+00  0.00000000000000000D+00
 6  2  2.16895114429009500D-02  0.00000000000000000D+00  0.00000000000000000D+00  1.81400690267581800D-02  4.87452410163184400D-03
 6  3  4.87452410162557700D-03 -9.74904820325736900D-03  0.00000000000000000D+00  0.00000000000000000D+00  0.00000000000000000D+00
 6  4  3.24998226676338300D-03  0.00000000000000000D+00  0.00000000000000000D+00 -3.99607884625907900D-03 -9.87488646013583200D-03
 6  5 -9.87488646011426600D-03  1.97497729202501600D-02  0.00000000000000000D+00  0.00000000000000000D+00  0.00000000000000000D+00
 6  6 -9.94874731708185400D-05 -4.78721851653611000D-03 -1.12171366721719800D-02  0.00000000000000000D+00  0.00000000000000000D+00
 6  7 -6.13218278796379700D-01  0.00000000000000000D+00  0.00000000000000000D+00 -4.33572678168813000D-01 -5.49768677293179800D-05
 6  8 -5.49768677611055700D-05  1.09953735490352100D-04  0.00000000000000000D+00  0.00000000000000000D+00  0.00000000000000000D+00
 6  9  1.31064945521152500D-02  0.00000000000000000D+00  0.00000000000000000D+00 -1.68456763806564900D-01 -1.52154445052843900D-03
 6 10 -1.52154445055726400D-03  3.04308890108570200D-03  0.00000000000000000D+00  0.00000000000000000D+00  0.00000000000000000D+00
 7  1  2.95913506600615400D-03  5.67969876633330000D-01 -2.54444716991107400D-02  0.00000000000000000D+00  0.00000000000000000D+00
 7  2  1.13447130453788800D-01  0.00000000000000000D+00  0.00000000000000000D+00 -1.86323053975353300D-02 -1.86814764050335400D-02
 7  3 -1.86814764050436400D-02  3.73629528100768400D-02  0.00000000000000000D+00  0.00000000000000000D+00  0.00000000000000000D+00
 7  4  2.37512806313066400D-02  0.00000000000000000D+00  0.00000000000000000D+00  1.04920077592655600D-02  1.15706277502625200D-02
 7  5  1.15706277503296300D-02 -2.31412555005922100D-02  0.00000000000000000D+00  0.00000000000000000D+00  0.00000000000000000D+00
 7  6  2.12086219952429100D-03 -7.96481083318484700D-03 -5.03170779509115000D-02  0.00000000000000000D+00  0.00000000000000000D+00
 7  7  2.48626149486002800D-01  0.00000000000000000D+00  0.00000000000000000D+00  3.87351304477718200D-01 -1.52378831456257200D-05
 7  8 -1.52378831073568300D-05  3.04757662533153100D-05  0.00000000000000000D+00  0.00000000000000000D+00  0.00000000000000000D+00
 7  9  7.12859125647855600D-02  0.00000000000000000D+00  0.00000000000000000D+00 -8.30759276491835500D-01  7.23983638723914100D-04
 7 10  7.23983638728947600D-04 -1.44796727745286400D-03  0.00000000000000000D+00  0.00000000000000000D+00  0.00000000000000000D+00
 8  1  0.00000000000000000D+00  0.00000000000000000D+00  0.00000000000000000D+00 -9.53336155729372000D-05 -2.18192761208103300D-02
 8  2  0.00000000000000000D+00 -6.94551823449810200D-05 -1.58964054022126000D-02  0.00000000000000000D+00  0.00000000000000000D+00
 8  3  0.00000000000000000D+00  0.00000000000000000D+00  0.00000000000000000D+00 -1.52077740066970000D-05 -3.48064655084412400D-03
 8  4  0.00000000000000000D+00 -2.81120597091344000D-05 -6.43408717305462400D-03  0.00000000000000000D+00  0.00000000000000000D+00
 8  5  0.00000000000000000D+00  0.00000000000000000D+00  0.00000000000000000D+00 -4.41532738542430000D-05 -1.01054855423523500D-02
 8  6  0.00000000000000000D+00  0.00000000000000000D+00  0.00000000000000000D+00  9.38953745595332400D-04  2.14901018037424300D-01
 8  7  0.00000000000000000D+00  1.93806903734845800D-03  4.43571380493221500D-01  0.00000000000000000D+00  0.00000000000000000D+00
 8  8  0.00000000000000000D+00  0.00000000000000000D+00  0.00000000000000000D+00 -1.74203015575780000D-06 -3.98703403314920400D-04
 8  9  0.00000000000000000D+00 -4.94726308686290000D-03 -1.13229419324777200D+00  0.00000000000000000D+00  0.00000000000000000D+00
 8 10  0.00000000000000000D+00  0.00000000000000000D+00  0.00000000000000000D+00  5.95047970052174600D-06  1.36190323693007500D-03
 9  1  0.00000000000000000D+00  0.00000000000000000D+00  0.00000000000000000D+00 -2.18192761208105100D-02  9.53336155729261500D-05
 9  2  0.00000000000000000D+00 -1.58964054022166100D-02  6.94551823449912700D-05  0.00000000000000000D+00  0.00000000000000000D+00
 9  3  0.00000000000000000D+00  0.00000000000000000D+00  0.00000000000000000D+00 -3.48064655087476600D-03  1.52077740059909600D-05
 9  4  0.00000000000000000D+00 -6.43408717305245600D-03  2.81120597091614900D-05  0.00000000000000000D+00  0.00000000000000000D+00
 9  5  0.00000000000000000D+00  0.00000000000000000D+00  0.00000000000000000D+00 -1.01054855423259300D-02  4.41532738548137300D-05
 9  6  0.00000000000000000D+00  0.00000000000000000D+00  0.00000000000000000D+00  2.14901018037422800D-01 -9.38953745595328500D-04
 9  7  0.00000000000000000D+00  4.43571380493220800D-01 -1.93806903734845900D-03  0.00000000000000000D+00  0.00000000000000000D+00
 9  8  0.00000000000000000D+00  0.00000000000000000D+00  0.00000000000000000D+00 -3.98703403315038300D-04  1.74203015575733500D-06
 9  9  0.00000000000000000D+00 -1.13229419324777300D+00  4.94726308686291600D-03  0.00000000000000000D+00  0.00000000000000000D+00
 9 10  0.00000000000000000D+00  0.00000000000000000D+00  0.00000000000000000D+00  1.36190323692942900D-03 -5.95047970052515300D-06
10  1  5.48044815649204700D-03 -1.09527766354654600D-02  5.10038776147803100D-03  0.00000000000000000D+00  0.00000000000000000D+00
10  2  6.94428104964300300D-02  0.00000000000000000D+00  0.00000000000000000D+00 -1.20971849215745300D-01 -5.63038341826113100D-02
10  3 -5.63038341825981000D-02  1.12607668365209100D-01  0.00000000000000000D+00  0.00000000000000000D+00  0.00000000000000000D+00
10  4 -9.18039281819652100D-02  0.00000000000000000D+00  0.00000000000000000D+00 -5.13112067917017700D-02  6.85715613044595700D-02
10  5  6.85715613044472500D-02 -1.37143122608907500D-01  0.00000000000000000D+00  0.00000000000000000D+00  0.00000000000000000D+00
10  6  5.69409599711431900D-02 -5.82677503806347000D-02 -9.07819475735388800D-01  0.00000000000000000D+00  0.00000000000000000D+00
10  7  4.77034594169825600D-04  0.00000000000000000D+00  0.00000000000000000D+00 -1.76195785960807600D-02 -1.60277840271063600D-05
10  8 -1.60277839732543000D-05  3.20555680003674000D-05  0.00000000000000000D+00  0.00000000000000000D+00  0.00000000000000000D+00
10  9  1.47565851887618900D+00  0.00000000000000000D+00  0.00000000000000000D+00  2.83904941347195000D-02  4.65198129310555800D-04
10 10  4.65198129280821100D-04 -9.30396258591376600D-04  0.00000000000000000D+00  0.00000000000000000D+00  0.00000000000000000D+00
11  1 -1.05360412132269000D-01  1.36975057019215100D-01  6.78851935155823800D-01  0.00000000000000000D+00  0.00000000000000000D+00
11  2 -6.34181950439089800D-02  0.00000000000000000D+00  0.00000000000000000D+00  4.81377475940876200D-01  1.90062770837426700D-01
11  3  1.90062770837383800D-01 -3.80125541674810300D-01  0.00000000000000000D+00  0.00000000000000000D+00  0.00000000000000000D+00
11  4 -5.34554811088137000D-02  0.00000000000000000D+00  0.00000000000000000D+00 -1.44516145095276500D-01 -2.67421751347576100D-01
11  5 -2.67421751347470500D-01  5.34843502695046900D-01  0.00000000000000000D+00  0.00000000000000000D+00  0.00000000000000000D+00
11  6 -3.91126902754757700D-03 -1.16130720885431600D-03  5.74013283736775600D-02  0.00000000000000000D+00  0.00000000000000000D+00
11  7 -6.90443752996083800D-02  0.00000000000000000D+00  0.00000000000000000D+00 -2.63785101096955900D-01 -2.08608561305272800D-04
11  8 -2.08608561323148400D-04  4.17217122628672000D-04  0.00000000000000000D+00  0.00000000000000000D+00  0.00000000000000000D+00
11  9 -1.32497772518807100D-01  0.00000000000000000D+00  0.00000000000000000D+00  9.25079816631205100D-01 -4.38005467265204700D-04
11 10 -4.38005467238642700D-04  8.76010934503851500D-04  0.00000000000000000D+00  0.00000000000000000D+00  0.00000000000000000D+00
12  1  0.00000000000000000D+00  0.00000000000000000D+00  0.00000000000000000D+00 -1.41050972651317700D-03 -1.37293283114516600D-01
12  2  0.00000000000000000D+00  7.74738400170465900D-03  7.54098865916161900D-01  0.00000000000000000D+00  0.00000000000000000D+00
12  3  0.00000000000000000D+00  0.00000000000000000D+00  0.00000000000000000D+00 -9.06921734363835800D-03 -8.82760750235690700D-01
12  4  0.00000000000000000D+00  3.15160350909480000D-03  3.06764274429331200D-01  0.00000000000000000D+00  0.00000000000000000D+00
12  5  0.00000000000000000D+00  0.00000000000000000D+00  0.00000000000000000D+00  1.25050335335995000D-02  1.21718913170122200D+00
12  6  0.00000000000000000D+00  0.00000000000000000D+00  0.00000000000000000D+00  1.11836323573765300D-04  1.08856931264138600D-02
12  7  0.00000000000000000D+00  5.06032474530733300D-04  4.92551440686383100D-02  0.00000000000000000D+00  0.00000000000000000D+00
12  8  0.00000000000000000D+00  0.00000000000000000D+00  0.00000000000000000D+00 -1.90613960997981600D-06 -1.85535881251015800D-04
12  9  0.00000000000000000D+00 -1.83584935861689400D-03 -1.78694113912144200D-01  0.00000000000000000D+00  0.00000000000000000D+00
12 10  0.00000000000000000D+00  0.00000000000000000D+00  0.00000000000000000D+00 -3.56909414196700300D-06 -3.47401115566655400D-04
13  1  0.00000000000000000D+00  0.00000000000000000D+00 -1.34074411445799600D-11  1.37293283114732900D-01 -1.41050970872621700D-03
13  2  0.00000000000000000D+00 -7.54098865919797700D-01  7.74738398896189400D-03  0.00000000000000000D+00  0.00000000000000000D+00
13  3  0.00000000000000000D+00  0.00000000000000000D+00  0.00000000000000000D+00  8.82760750196647500D-01 -9.06921733232491300D-03
13  4  1.38152511577584200D-11 -3.06764274430391600D-01  3.15160350804116800D-03  1.01283890568886500D-11  0.00000000000000000D+00
13  5  0.00000000000000000D+00  0.00000000000000000D+00  0.00000000000000000D+00 -1.21718913167007100D+00  1.25050335255223600D-02
13  6  0.00000000000000000D+00  0.00000000000000000D+00  0.00000000000000000D+00 -1.08856931263718300D-02  1.11836323563507500D-04
13  7  0.00000000000000000D+00 -4.92551440686632600D-02  5.06032474483550500D-04  0.00000000000000000D+00  0.00000000000000000D+00
13  8  0.00000000000000000D+00  0.00000000000000000D+00  0.00000000000000000D+00  1.85535881255861500D-04 -1.90613961012178400D-06
13  9  0.00000000000000000D+00  1.78694113912077700D-01 -1.83584935834012500D-03  0.00000000000000000D+00  0.00000000000000000D+00
13 10  0.00000000000000000D+00  0.00000000000000000D+00  0.00000000000000000D+00  3.47401115528543100D-04 -3.56909413379716100D-06
14  1  3.02155862408082700D-01  1.90302953888784100D+00 -2.10867763183419900D+00  0.00000000000000000D+00  0.00000000000000000D+00
14  2  1.70947327811868200D-01  0.00000000000000000D+00  0.00000000000000000D+00 -8.50312038389204100D-01 -6.94614757449453800D-01
14  3 -6.94614757450028500D-01  1.38922951489948200D+00  0.00000000000000000D+00  0.00000000000000000D+00  0.00000000000000000D+00
14  4  5.85971402556131700D-01  0.00000000000000000D+00  0.00000000000000000D+00  3.39372662920080000D-01  8.94327431288384000D-01
14  5  8.94327431288908700D-01 -1.78865486257729300D+00  0.00000000000000000D+00  0.00000000000000000D+00  0.00000000000000000D+00
14  6  3.00646408991576800D-03 -1.78496489358052900D-03 -6.02967337883613700D-02  0.00000000000000000D+00  0.00000000000000000D+00
14  7  1.12735717106410300D-03  0.00000000000000000D+00  0.00000000000000000D+00  4.33854932202777400D-02  2.21451347120541500D-04
14  8  2.21451347221179900D-04 -4.42902694341637100D-04  0.00000000000000000D+00  0.00000000000000000D+00  0.00000000000000000D+00
14  9  1.25773939234622400D-01  0.00000000000000000D+00  0.00000000000000000D+00 -2.31470761658200400D-01  1.38645032646503800D-03
14 10  1.38645032639428000D-03 -2.77290065285932300D-03  0.00000000000000000D+00  0.00000000000000000D+00  0.00000000000000000D+00
15  1 -3.23142976389439200D-10 -1.75020872750156700D-09  2.23381210125192800D-09  1.30759494809000300D-02 -4.56214204029718500D-01
15  2  3.34344320506662500D-10 -2.94446651146756600D-02  1.02731159021397900D+00 -4.28971155485412800D-10 -6.08302943039335400D-11
15  3 -3.12589030300758200D-11  9.20891973340088300D-11 -9.98507389215442900D-11  2.14194636471568800D-02 -7.47315794736136900D-01
15  4 -5.71803057406681900D-10  3.23916356353432700D-02 -1.13013011312642500D+00  2.90704105615054600D-10  1.49186020540152800D-10
15  5  1.24512773261645300D-10 -2.73698793801798000D-10  8.33076569622404800D-11 -2.84577632188332200D-02  9.92879012627973200D-01
15  6  0.00000000000000000D+00  0.00000000000000000D+00  0.00000000000000000D+00 -3.27751988894813500D-05  1.14351247049040300D-03
15  7  0.00000000000000000D+00  1.96341762731789000D-04 -6.85027891226602100D-03  0.00000000000000000D+00  0.00000000000000000D+00
15  8  0.00000000000000000D+00  0.00000000000000000D+00  0.00000000000000000D+00  8.77102585189215600D-07 -3.06017284478448400D-05
15  9  0.00000000000000000D+00 -6.96291602458010500D-04  2.42933118932611700D-02 -1.29675021509171000D-11  0.00000000000000000D+00
15 10  0.00000000000000000D+00  0.00000000000000000D+00  0.00000000000000000D+00  1.94318045594599900D-05 -6.77967231515061100D-04
16  1  3.26754214195591000D-11  7.32746614969204000D-11 -3.61594232926312300D-10  4.56214203990311400D-01  1.30759497199578000D-02
16  2 -1.54926265921090900D-10 -1.02731159041980000D+00 -2.94446652861645500D-02  1.43791204078162300D-10  5.63929497962709400D-11
16  3  4.84129955400898300D-11 -1.04805945336360100D-10  2.83956714259680600D-11  7.47315793142568100D-01  2.14194638400336500D-02
16  4  3.73424634634700800D-10  1.13013011325886000D+00  3.23916356257177500D-02  2.63517471601789000D-10 -6.66576837599236100D-11
16  5 -4.33807930275568800D-11  1.10038476787479700D-10 -6.58391179888574700D-11 -9.92879011465209000D-01 -2.84577633587850600D-02
16  6  0.00000000000000000D+00  0.00000000000000000D+00  5.05151721011575700D-11 -1.14351246890256500D-03 -3.27751990739450200D-05
16  7  0.00000000000000000D+00  6.85027891240063600D-03  1.96341762127566400D-04  0.00000000000000000D+00  0.00000000000000000D+00
16  8  0.00000000000000000D+00  0.00000000000000000D+00  0.00000000000000000D+00  3.06017286471781500D-05  8.77102579088695100D-07
16  9 -1.34732583697456900D-10 -2.42933119011274300D-02 -6.96291598688474600D-04  2.13901389619082900D-11  0.00000000000000000D+00
16 10  0.00000000000000000D+00  0.00000000000000000D+00  0.00000000000000000D+00  6.77967229986243800D-04  1.94318047072912300D-05
17  1  1.43993903569992800D-01  4.77671783464739700D-01 -1.39573530645171000D+00 -1.71899774016730500D-10  0.00000000000000000D+00
17  2 -4.34172603184030700D-01  3.53030530057269900D-10  0.00000000000000000D+00  3.93341223382075800D-01  1.94888438478091900D-01
17  3  1.94888438504034100D-01 -3.89776876982125300D-01  0.00000000000000000D+00 -3.94252468824208900D-10 -2.21191802604683800D-11
17  4  1.18605322827102800D+00 -3.72514938339902000D-10 -1.07932086346114800D-11  7.43571534457746600D-01 -2.09418875473349400D-01
17  5 -2.09418875494059500D-01  4.18837750967409300D-01  0.00000000000000000D+00  4.50201402455552700D-10  1.94063744709325700D-11
17  6 -1.43386244200475700D-02 -1.85634701057852700D-02  1.46379726392184800D-01  0.00000000000000000D+00  0.00000000000000000D+00
17  7 -1.25272441255529600D-03  0.00000000000000000D+00  0.00000000000000000D+00 -8.69684847376635600D-03  9.45559826717130600D-05
17  8  9.45559826206843800D-05 -1.89111965292844300D-04  0.00000000000000000D+00  0.00000000000000000D+00  0.00000000000000000D+00
17  9 -3.90961464682678500D-01  0.00000000000000000D+00  0.00000000000000000D+00  5.97203657372706100D-02 -6.53376348986285300D-04
17 10 -6.53376348900828400D-04  1.30675269788711200D-03  0.00000000000000000D+00  0.00000000000000000D+00  0.00000000000000000D+00
18  1  4.27808220932316700D-08  2.31068810289160200D-07 -2.95903704299695100D-07  8.60619481840971600D-03 -1.85688002798861700D+00
18  2 -4.42409304223915600D-08 -7.04357027748109800D-03  1.51972678727307400D+00  6.10737346594891300D-08  5.29342981788853500D-09
18  3  5.66416564666031100D-09 -1.09575954645488000D-08 -1.14886733580941300D-09  4.39622210056312200D-03 -9.48532664868824400D-01
18  4  7.60949119845963300D-08  1.19101406496693000D-04 -2.56973906137819600D-02 -4.06205728514036200D-08 -1.57056682517517400D-08
18  5 -1.60233156571743600D-08  3.17289839089261000D-08  9.84380896107644500D-10 -2.58659218331368800D-03  5.58085338036725700D-01
18  6  0.00000000000000000D+00  1.33570827257812600D-11  1.82531007349613300D-10 -3.44739689901344800D-06  7.43813284113839500D-04
18  7  7.43098358948137200D-11 -2.04100292513456000D-05  4.40368566349769200D-03 -4.89646956563895400D-10  0.00000000000000000D+00
18  8  0.00000000000000000D+00  0.00000000000000000D+00  0.00000000000000000D+00  2.23851294477103500D-07 -4.82983474749965800D-05
18  9 -1.07887582357587400D-09  1.19987288831647100D-04 -2.58885615997802000D-02  2.07117906923641100D-09  0.00000000000000000D+00
18 10  0.00000000000000000D+00  0.00000000000000000D+00  0.00000000000000000D+00  2.37874126804275300D-06 -5.13239256728485900D-04
19  1  2.77993477384023000D-10  1.53709364277106400D-09 -1.88876823550408700D-09 -1.85688003780921500D+00 -8.60619479097979800D-03
19  2  4.75637602788672700D-10  1.51972679911370500D+00  7.04357017081584500D-03 -5.84386742459469800D-10  3.21906404354840400D-10
19  3  9.15131118116685800D-11 -4.13419516166507300D-10  3.25858588859829800D-10 -9.48532647954800900D-01 -4.39622193165357000D-03
19  4  4.17840995832831400D-10 -2.56973931931764700D-02 -1.19101264876789800D-04  0.00000000000000000D+00 -3.90998536267479400D-10
19  5 -1.93444736942025500D-10  5.84443273209503400D-10 -2.79511160329987600D-10  5.58085324840589700D-01  2.58659199406057800D-03
19  6  0.00000000000000000D+00  0.00000000000000000D+00 -1.37366564209689700D-11  7.43813265612125500D-04  3.44739657147266400D-06
19  7  0.00000000000000000D+00  4.40368568048138400D-03  2.04100297365734500D-05  0.00000000000000000D+00  0.00000000000000000D+00
19  8  0.00000000000000000D+00  0.00000000000000000D+00  0.00000000000000000D+00 -4.82983506035009100D-05 -2.23851298787122700D-07
19  9  3.60081966778717900D-11 -2.58885616127791900D-02 -1.19987290346539900D-04 -4.66899301260445700D-11  0.00000000000000000D+00
19 10  0.00000000000000000D+00  0.00000000000000000D+00  0.00000000000000000D+00 -5.13239238099212300D-04 -2.37874111051733200D-06
20  1 -2.44912180344847700D-01 -1.39886427883476100D+00  1.53497890194715500D+00 -9.34047417786786800D-10  9.72432025812253400D-11
20  2 -1.75781162012014300D+00  8.62906458481487800D-10 -2.28127408307302800D-10  2.01361568291503300D+00 -3.49141557512642000D-02
20  3 -3.49141545669293700D-02  6.98283103181942500D-02 -3.78480707173220700D-09  1.44993028389951200D-10 -1.14090466839593400D-09
20  4 -7.17433460498260900D-02 -7.60050642404755900D-11  1.02894461728991700D-10 -6.46130808038118600D-01  2.33113929158917600D-01
20  5  2.33113928191664400D-01 -4.66227857350581600D-01  3.14409044319236100D-09 -1.68548914164858000D-10  7.85431719320893700D-10
20  6 -2.07245975357702400D-03 -3.59184534725733700D-03  1.96729666395930300D-02  0.00000000000000000D+00  0.00000000000000000D+00
20  7  2.04307400480145300D-03  0.00000000000000000D+00  0.00000000000000000D+00 -2.38056287028393400D-02 -3.48488738182814400D-04
20  8 -3.48488738231630800D-04  6.96977476414048000D-04  0.00000000000000000D+00  0.00000000000000000D+00  0.00000000000000000D+00
20  9 -5.90484236626715900D-02  0.00000000000000000D+00  0.00000000000000000D+00  1.47373246776078700D-01  1.16588704505150800D-03
20 10  1.16588704495541100D-03 -2.33177409000691700D-03  0.00000000000000000D+00  0.00000000000000000D+00  0.00000000000000000D+00
21  1  5.62928723690015300D-08  3.04758035324601800D-07 -3.88397882792364300D-07 -9.75487219260252000D-04  6.67911098691505600D-01
21  2 -6.02664438111277700D-08  2.00547271501553700D-03 -1.37313694565806300D+00  8.18087608060448800D-08  3.11202336279302300D-09
21  3  1.12400981416503800D-08 -1.43521215044434600D-08 -2.53194257970766000D-08  2.31162404584760800D-03 -1.58275717075095600D+00
21  4  9.78729711009037300D-08 -6.41785353598885600D-04  4.39427181176747000D-01 -5.24363608127249300D-08 -1.61313422999552300D-08
21  5 -2.56555771823778900D-08  4.17869194823333000D-08  2.96656609337410700D-08 -2.68037906271775900D-03  1.83524187162938300D+00
21  6  0.00000000000000000D+00  1.46830703711891000D-11  2.55426054287608300D-10 -3.23186368553672800D-06  2.21284055688360900D-03
21  7  9.79554200727644800D-11  1.24250564778884400D-06 -8.50737156006767200D-04 -6.40223453072851000D-10  0.00000000000000000D+00
21  8  0.00000000000000000D+00  0.00000000000000000D+00  0.00000000000000000D+00 -5.77643481225712400D-07  3.95509546947097300D-04
21  9 -1.46120335524006500D-09  1.98290368963211400D-06 -1.35768449628120800D-03  2.71723112563062700D-09  0.00000000000000000D+00
21 10  0.00000000000000000D+00  0.00000000000000000D+00  0.00000000000000000D+00  3.21920346978051000D-06 -2.20417218955089000D-03
22  1  4.46869238719215900D-08  2.42376988324495000D-07 -3.08254074333864900D-07 -6.67911044112046200D-01 -9.75486829142940600D-04
22  2 -5.15793336194987200D-08  1.37313691050266100D+00  2.00547248464218500D-03  6.61869496115707700D-08  3.45750570634498300D-09
22  3  8.22606523821879000D-09 -1.16835709445637900D-08 -7.26866184820011500D-09  1.58275711607507400D+00  2.31162360241099400D-03
22  4  7.75258064811764100D-08 -4.39427183871311400D-01 -6.41785399979712300D-04 -4.13539676155463500D-08 -1.49718469495303300D-08
22  5 -2.05593579073337600D-08  3.55312048568642000D-08  8.51621782219059700D-09 -1.83524185343026700D+00 -2.68037889414708300D-03
22  6  0.00000000000000000D+00  1.68475542483348500D-11  2.00019505022909600D-10 -2.21284051540317200D-03 -3.23186331610219700D-06
22  7  7.53177169519660900D-11  8.50737023444098100D-04  1.24250460773850100D-06 -5.13258975520584900D-10  0.00000000000000000D+00
22  8  0.00000000000000000D+00  0.00000000000000000D+00  0.00000000000000000D+00 -3.95509540540600300D-04 -5.77643433847946900D-07
22  9 -1.14377305437419300D-09  1.35768486164106200D-03  1.98290648872564500D-06  2.16536289963707500D-09  0.00000000000000000D+00
22 10  0.00000000000000000D+00  0.00000000000000000D+00  0.00000000000000000D+00  2.20417214706790000D-03  3.21920312543333000D-06
23  1 -3.32178832163030000D-08 -1.79907151754868900D-07  2.29161612543909300D-07 -5.30593277236639500D-10  8.19666293592053900D-10
23  2  3.60932512646535700D-08  1.54555331097208300D-09 -2.56485041072576300D-09 -4.84797062275115200D-08  1.51453134984698900D+00
23  3 -1.51453135835153500D+00  8.50460006841292800D-09  1.31124881699488300D-05  1.66523299048634900D-09 -2.72845221968982200D-09
23  4 -5.76864538735322700D-08 -5.84219304311581400D-10  9.79696789047017200D-10  3.09004973240527600D-08 -2.01231586944449100D+00
23  5  2.01231589439963000D+00 -2.49552295676203300D-08 -1.74198703368515000D-05 -2.20258442240741500D-09  3.71846263955057900D-09
23  6  0.00000000000000000D+00  0.00000000000000000D+00 -1.49991889233511100D-10  0.00000000000000000D+00  0.00000000000000000D+00
23  7 -5.75244143067170300D-11  0.00000000000000000D+00  0.00000000000000000D+00  3.78528328090588600D-10  1.90505254759624000D-05
23  8 -1.90505279906728800D-05  0.00000000000000000D+00  1.64927770795834900D-10  0.00000000000000000D+00  0.00000000000000000D+00
23  9  8.59291528220774500D-10  0.00000000000000000D+00  0.00000000000000000D+00 -1.60534430022364000D-09 -1.80502865127005800D-04
23 10  1.80502870041076300D-04  0.00000000000000000D+00 -1.56264300734824800D-09  0.00000000000000000D+00  0.00000000000000000D+00
24  1 -1.41523475063417600D-07 -7.66536091125535700D-07  9.76071496632708000D-07 -1.46921794413358900D-09  4.73561102558654900D-09
24  2  1.52631788754270900D-07  4.14356947649385100D-09 -1.40260428327538900D-08 -2.06001746257169600D-07 -1.13687952199021400D-05
24  3  1.13326169575200800D-05  3.61782623816573800D-08  1.74883503042888100D+00  4.45585844465172700D-09 -1.51569430571380200D-08
24  4 -2.45162573225850500D-07 -1.55943393599552900D-09  5.26192477859720100D-09  1.31256267909541000D-07  1.51361778636432900D-05
24  5 -1.50305455694313000D-05 -1.05632294211304600D-07 -2.32362482409743800D+00 -5.83341321933835400D-09  2.02244412908300100D-08
24  6  1.65522700613107800D-11 -3.77342875586034400D-11 -6.43122068292027400D-10  0.00000000000000000D+00  2.32465003719246700D-11
24  7 -2.45341169912214000D-10  0.00000000000000000D+00  0.00000000000000000D+00  1.60437329851242800D-09 -1.48145275881030700D-10
24  8  1.37417368475929500D-10  1.07279074055433000D-11  2.19977019830832600D-05  0.00000000000000000D+00  0.00000000000000000D+00
24  9  3.67302953572329900D-09  1.01083684356208800D-11 -3.49695383498300500D-11 -6.80181692566311800D-09  1.36310379894645000D-09
24 10 -1.34265770228911700D-09 -2.04460966581968700D-11 -2.08427151504917900D-04  0.00000000000000000D+00 -2.31102647560492600D-11
25  1  6.54125887986501700D-02  2.84885737651017300D-01 -3.26305682977139900D-01 -4.65560621860893900D-09  1.62388797063182300D-09
25  2  2.97071603776424700D-01  7.23093672111634100D-09 -2.94434421936512900D-09  5.09796239723317100D-01 -7.59736574576241300D-01
25  3 -7.59736559594311100D-01  1.51947313417055200D+00 -3.71207961506119200D-08  8.80272236262596900D-09 -1.28053095097940300D-08
25  4 -1.77098909582891100D-01 -1.89156390202159100D-09  1.00906730697726900D-09 -8.37458985690721100D-02  7.64032867845921100D-01
25  5  7.64032854900433500D-01 -1.52806572274635500D+00  3.09619277994492500D-08 -8.80941429894314500D-09  8.96004655458920800D-09
25  6 -2.90106764598730700D-03 -6.57653546412668100D-03  1.14976794420969500D-02 -1.12209356726356800D-11  1.28680116320884600D-11
25  7  2.34256405318065600D-03  0.00000000000000000D+00  0.00000000000000000D+00 -1.46978260285522700D-03 -2.58695627291075800D-04
25  8 -2.58695626958325000D-04  5.17391254249580600D-04  0.00000000000000000D+00  0.00000000000000000D+00  0.00000000000000000D+00
25  9 -3.20877164181015400D-02  0.00000000000000000D+00 -4.73951571356782800D-11  1.16923024529826900D-02  2.19260973560994600D-03
25 10  2.19260973405073500D-03 -4.38521946966067900D-03  0.00000000000000000D+00  1.12135922582577400D-11 -1.22392454689317300D-11
26  1 -6.00097345531341100D-01 -3.34601790755685700D+00  4.00904575837325300D+00 -2.16881339229071700D-08  1.92615689486265700D-08
26  2  1.00052497008507000D+00  7.97899900680827400D-08 -6.74621704947039200D-08 -1.12723802805329600D+00  1.81902747858702500D-03
26  3  1.81935013440733000D-03 -3.63837761299517400D-03 -8.63390489509764200D-07  7.50389312653351900D-08 -3.06306006377563200D-07
26  4 -7.35956018262628600D-01 -3.19573546076100700D-08  2.97835317690634900D-08  4.26280916436291500D-01  1.95465826712600200D-01
26  5  1.95465534289078500D-01 -3.90931361001678600D-01  7.55841251518681700D-07 -1.13642993656421800D-07  2.30473383231109100D-07
26  6  4.53345915068603800D-04  5.89757180959697500D-04 -5.18422487368448400D-03 -1.25972655133685300D-10  3.19765811709504600D-10
26  7 -1.17778771224475300D-03  0.00000000000000000D+00  0.00000000000000000D+00  6.47553196610474800D-03  1.82064762605968600D-05
26  8  1.82064798625910100D-05 -3.64129561236785000D-05  0.00000000000000000D+00 -2.37232602033776000D-11  4.16440660926570500D-11
26  9  2.18538082565582900D-02  2.16970248149748300D-10 -1.36290641641731900D-09 -2.82407104254365100D-02 -2.04382874000256300D-04
26 10 -2.04382905887370600D-04  4.08765779887626600D-04  8.40579657391378900D-11  1.25747473819725500D-10 -3.03385849180376300D-10
27  1  2.86359255983437800D-02  4.86494094315123900D-01  2.56642585647284100D-01  1.25989800948111000D-09  2.64848076965913100D-08
27  2 -5.10915805882786500D-01  1.51207425808635100D-08 -2.86767212206937800D-08  3.01078061436126100D-01  3.78043147099533800D-01
27  3  3.78043254529731400D-01 -7.56086401629264800D-01 -2.96088566580653100D-07  8.82267065477940600D-09 -1.09583863881640000D-07
27  4 -1.01022731211025000D+00 -8.06493043443637700D-09  5.32267063698989400D-09  5.11552804190446000D-01 -1.96738738145994200D-01
27  5 -1.96738824356808300D-01  3.93477562502802700D-01  2.28299675907967500D-07 -2.36906730320762600D-08  6.88830314614297900D-08
27  6  1.40883631747970400D-04  8.19512230488504700D-04  3.65048417141831900D-03 -2.29846497659933400D-11  1.04571472869130900D-10
27  7 -5.91833788192296100D-04 -1.65852212707145700D-11 -5.27764417347099900D-11  3.87433454386326000D-03  4.12053158236701800D-05
27  8  4.12053167687890600D-05 -8.24106325923585300D-05  0.00000000000000000D+00  0.00000000000000000D+00  1.34469038249659900D-11
27  9 -1.21345764071004200D-02  8.38340110821554500D-11 -2.42687849706623700D-10 -1.20922863306351000D-02 -6.29410659686737500D-04
27 10 -6.29410669573213200D-04  1.25882132925995400D-03  2.73385029237463900D-11  2.30316911671417500D-11 -9.99191865339112900D-11
28  1 -3.15681196856826300D-01 -1.62684103857320600D+00  2.25078496391644800D+00  2.97136286463167800D-09  1.76454778763827200D-08
28  2 -6.96416287528490300D-01  1.18165291628206000D-08 -2.36114581924861900D-08  2.47837521063258800D-01 -6.27068695085562100D-01
28  3 -6.27068602348917500D-01  1.25413729743447900D+00 -2.57305914006298400D-07  4.61310589826225900D-09 -9.45980468520451000D-08
28  4 -7.21876975014837800D-01 -7.04709253970645600D-09  6.02793038871331800D-09  3.19181436007721600D-01  2.97535707313507100D-01
28  5  2.97535629758429600D-01 -5.95071337071937200D-01  2.07049136422488100D-07 -1.91434403489344000D-08  6.31849912472186500D-08
28  6 -1.23320311558630100D-03 -2.96360499032505600D-03  3.28891718554924500D-03 -1.73721534037044700D-11  9.29776905401084800D-11
28  7  2.84742128600825500D-04 -1.89611987469380600D-11 -3.07653976946410900D-11  1.27537112882608600D-03 -1.78410836519903600D-04
28  8 -1.78410835562559600D-04  3.56821672082170200D-04  0.00000000000000000D+00  0.00000000000000000D+00  1.20132547583965700D-11
28  9 -9.81908756053168100D-04  8.00734200717524900D-11 -2.74063097083356100D-10 -8.06602494386371400D-03  1.33333694288148000D-03
28 10  1.33333693412225500D-03 -2.66667387700373100D-03  2.41742389050516500D-11  1.74666899224163400D-11 -8.86342543654115800D-11
29  1 -6.35621102287488000D-08 -3.33995506649836600D-07  4.52062007709414000D-07  3.33891411765939500D-03 -9.11872962994594100D-01
29  2  3.89534035569555800D-08 -1.98263754499234400D-03  5.41467563971736300D-01 -7.33565411316774000D-08  1.23637635819458800D-08
29  3 -2.90636464083690100D-08  1.66998828264230200D-08  1.14748034791967700D-07 -4.64032132860751600D-03  1.26729335944971300D+00
29  4 -1.42090965786755400D-07 -2.52620290944337600D-04  6.89917581141830100D-02  7.39442856020613500D-08  1.21408247863685200D-08
29  5  3.28454129119523000D-08 -4.49862376983203100D-08 -5.73474140630941800D-08  1.67666511934653100D-03 -4.57905101935089500D-01
29  6 -1.28054025752844300D-11 -4.95261867279696200D-11 -1.01395842518852800D-10  3.55675937780433600D-06 -9.71367587030813600D-04
29  7 -1.11424247329293200D-10 -8.36528566917617200D-06  2.28459836707987900D-03  7.94914371067428700D-10  0.00000000000000000D+00
29  8  0.00000000000000000D+00  0.00000000000000000D+00  0.00000000000000000D+00  4.68490937230565000D-07 -1.27947064865239400D-04
29  9  1.14963636217566000D-09  1.70315389899122000D-05 -4.65139222699184600D-03 -3.28615266687640900D-09  0.00000000000000000D+00
29 10  1.30422586732394900D-11 -2.28005300318136600D-11  0.00000000000000000D+00 -3.50808294573286600D-06  9.58073824801815900D-04
30  1  2.00012730680317600D-08  1.05175870186876000D-07 -1.41450767348440900D-07  9.11872982996676100D-01  3.33891423001109400D-03
30  2 -1.01211453149203000D-08 -5.41467619503782600D-01 -1.98263784719397100D-03  2.37081937391274200D-08  1.25804381731969300D-08
30  3 -7.88629038374007900D-09 -4.69414778945686300D-09  2.88958084425348400D-08 -1.26729344136593400D+00 -4.64032177237110200D-03
30  4  4.28513285135079100D-08 -6.89917378121661100D-02 -2.52620183972169900D-04 -2.29145455806577000D-08 -1.06000860605341000D-08
30  5 -3.71200765179044500D-10  1.09712868257133900D-08 -1.44412543004722500D-08  4.57905193570992500D-01  1.67666561770628800D-03
30  6  0.00000000000000000D+00  0.00000000000000000D+00  5.93151960892714300D-11  9.71367698038919100D-04  3.55675998373400300D-06
30  7  3.93139979362301800D-11 -2.28459838268384200D-03 -8.36528577255457900D-06 -2.48655343690367000D-10  0.00000000000000000D+00
30  8  0.00000000000000000D+00  0.00000000000000000D+00  0.00000000000000000D+00  1.27947083434007000D-04  4.68491037895583200D-07
30  9 -4.50276265139609900D-10  4.65139200872521900D-03  1.70315379014729600D-05  1.06900567022278800D-09  0.00000000000000000D+00
30 10  0.00000000000000000D+00  0.00000000000000000D+00  0.00000000000000000D+00 -9.58073933619255100D-04 -3.50808353622635700D-06
31  1 -3.79539635051847300D-08 -2.01967006745063100D-07  2.66643501363907700D-07 -6.38171333946477400D-09  1.27922938669839700D-08
31  2  3.08649068430815900D-08  4.06140279695642500D-09 -8.06352212170879600D-09 -4.85177650282979500D-08  1.56626969305765900D+00
31  3 -1.56626970297899300D+00  9.92133314196967900D-09  1.15440566862819300D-03  9.22932698550602700D-09 -1.83700337780097000D-08
31  4 -7.71525224810163700D-08  3.48402453876020100D-10 -7.34803449967558500D-10  4.05121215686871600D-08 -8.35219359656930800D-01
31  5  8.35219387483952700D-01 -2.78269898481542200D-08 -6.15586675856785900D-04 -3.72940631159145200D-09  7.30510358377638400D-09
31  6  0.00000000000000000D+00 -2.28801725761598400D-11 -1.03064436361431000D-10  0.00000000000000000D+00  1.45974346144862500D-11
31  7 -6.58031234914166200D-11  1.57763094354847200D-11 -3.16929080498613800D-11  4.56944588156380100D-10  1.56314556798765100D-05
31  8 -1.56314599855078600D-05  0.00000000000000000D+00  1.15210170763059000D-08  0.00000000000000000D+00  0.00000000000000000D+00
31  9  7.98350774851646100D-10 -3.04711514068313100D-11  6.18141171227655300D-11 -1.90393462204664200D-09 -1.26683953491784600D-04
31 10  1.26683964288707700D-04 -1.07964720501765100D-11 -9.33711050526483800D-08  0.00000000000000000D+00 -1.43911490999101900D-11
32  1  1.89000637926261300D-07  1.00489028253589600D-06 -1.32862497447736300D-06  1.57208896991396000D-08 -6.13580346377367200D-08
32  2 -1.49725577723544500D-07 -1.00518905888735500D-08  3.89488889236086700D-08  2.39674967176909500D-07  9.99776704439080800D-04
32  3 -9.99727451889199200D-04 -4.92525498822317100D-08 -1.80856776363758500D+00 -2.27827341515302900D-08  8.84561359274447800D-08
32  4  3.86102208793373200D-07 -8.40246250537535300D-10  3.39081757089517800D-09 -2.02639515632922800D-07 -5.33192113002529600D-04
32  5  5.33055064219180200D-04  1.37048783370053700D-07  9.64422015689995600D-01  9.27879064167362000D-09 -3.55564326635374200D-08
32  6  1.57944280701098400D-11  1.11854144658032000D-10  5.10761505110432300D-10  1.82885946345586300D-11 -7.05885311010949900D-11
32  7  3.29002573741373300D-10 -3.88488643647868500D-11  1.51811390636745300D-10 -2.27544710293279000D-09  9.98838338349851600D-09
32  8 -9.96679078706062700D-09 -2.15925965494650900D-11 -1.80495936574226900D-05  0.00000000000000000D+00  0.00000000000000000D+00
32  9 -3.97347746890632600D-09  7.48927396972003400D-11 -2.94522238640389300D-10  9.48247191439905200D-09 -8.08892734283530300D-08
32 10  8.08359985699070900D-08  5.32748587338472900D-11  1.46281475394900800D-04 -1.80068784667961300D-11  6.95829756674282300D-11
 $END   
 POPULATION ANALYSIS
LI           2.07641   0.92359   2.08189   0.91811
F            9.92359  -0.92359   9.91811  -0.91811
 MOMENTS AT POINT    1 X,Y,Z=  0.000000  0.000000  7.797413
 DIPOLE       0.000000  0.000000-25.260777
