 $DATA
 LiF single-point properties R=8.80 Ang                                         
CNV      2

LI          3.0      0.0000000000      0.0000000000      0.0000000000
   S          9
     1      1469.0000000000  0.00076600
     2       220.5000000000  0.00589200
     3        50.2600000000  0.02967100
     4        14.2400000000  0.10918000
     5         4.5810000000  0.28278900
     6         1.5800000000  0.45312300
     7         0.5640000000  0.27477400
     8         0.0734500000  0.00975100
     9         0.0280500000 -0.00318000
   S          9
     1      1469.0000000000 -0.00012000
     2       220.5000000000 -0.00092300
     3        50.2600000000 -0.00468900
     4        14.2400000000 -0.01768200
     5         4.5810000000 -0.04890200
     6         1.5800000000 -0.09600900
     7         0.5640000000 -0.13638000
     8         0.0734500000  0.57510200
     9         0.0280500000  0.51766100
   S          1
     1         0.0280500000  1.00000000
   P          4
     1         1.5340000000  0.02278400
     2         0.2749000000  0.13910700
     3         0.0736200000  0.50037500
     4         0.0240300000  0.50847400
   P          1
     1         0.0240300000  1.00000000
   D          1
     1         0.1144000000  1.00000000
   S          1
     1         0.0086000000  1.00000000
   P          1
     1         0.0058000000  1.00000000
   D          1
     1         0.0733000000  1.00000000
           
F           9.0      0.0000000000      0.0000000000      8.8000000000
   S          8
     1     14710.0000000000  0.00072100
     2      2207.0000000000  0.00555300
     3       502.8000000000  0.02826700
     4       142.6000000000  0.10644400
     5        46.4700000000  0.28681400
     6        16.7000000000  0.44864100
     7         6.3560000000  0.26476100
     8         1.3160000000  0.01533300
   S          8
     1     14710.0000000000 -0.00016500
     2      2207.0000000000 -0.00130800
     3       502.8000000000 -0.00649500
     4       142.6000000000 -0.02669100
     5        46.4700000000 -0.07369000
     6        16.7000000000 -0.17077600
     7         6.3560000000 -0.11232700
     8         1.3160000000  0.56281400
   S          1
     1         0.3897000000  1.00000000
   P          3
     1        22.6700000000  0.04487800
     2         4.9770000000  0.23571800
     3         1.3470000000  0.50852100
   P          1
     1         0.3471000000  1.00000000
   D          1
     1         1.6400000000  1.00000000
   S          1
     1         0.0986300000  1.00000000
   P          1
     1         0.0850200000  1.00000000
   D          1
     1         0.4640000000  1.00000000
           
 $END      
--- RHF ORBITALS --- GENERATED AT  9:57:12  7-MAY-2026    
 LiF single-point properties R=8.80 Ang                                         
E(RHF)=     -106.7245822513, E(NUC)=    1.6236118964,   14 ITERS
 $VEC
 1  1  1.57737594883475500D-05  7.62687967452938700D-05 -1.25347511638225100D-04  0.00000000000000000D+00  0.00000000000000000D+00
 1  2  2.74651672375317700D-05  0.00000000000000000D+00  0.00000000000000000D+00 -6.47284954686593000D-05  3.90131965021796200D-07
 1  3  3.90131965024156600D-07 -7.80263929957074300D-07  1.66890810457994300D-34  0.00000000000000000D+00  0.00000000000000000D+00
 1  4  6.62946831758836500D-05  0.00000000000000000D+00  0.00000000000000000D+00  8.86929457897215200D-05 -4.28258550548622300D-07
 1  5 -4.28258550534160300D-07  8.56517100907805800D-07  1.02249788359101300D-33  0.00000000000000000D+00  0.00000000000000000D+00
 1  6 -1.00068379204897600D+00 -5.08785468938955000D-04  3.37277247090840400D-03  0.00000000000000000D+00  0.00000000000000000D+00
 1  7  1.81920100595277000D-05  0.00000000000000000D+00  0.00000000000000000D+00 -1.11420630137110700D-05 -3.84684292056875400D-07
 1  8 -3.84684277195201200D-07  7.69368568916069500D-07  1.05076020022828500D-30  0.00000000000000000D+00  0.00000000000000000D+00
 1  9 -1.10107129249287500D-03  0.00000000000000000D+00  0.00000000000000000D+00  1.29470511736780300D-05  8.84989846923609200D-08
 1 10  8.84989722739467200D-08 -1.76997956966310800D-07 -8.78015175171910200D-31  0.00000000000000000D+00  0.00000000000000000D+00
 2  1 -1.00008227441441600D+00  1.09392231145445700D-03  1.07003913236611300D-03  0.00000000000000000D+00  0.00000000000000000D+00
 2  2  5.68927465715522100D-04  0.00000000000000000D+00  0.00000000000000000D+00 -4.82785036237340200D-04 -1.20631618023572700D-05
 2  3 -1.20631618023821500D-05  2.41263236048188900D-05 -1.75910378611853700D-33  0.00000000000000000D+00  0.00000000000000000D+00
 2  4 -1.30723087163327200D-03  0.00000000000000000D+00  0.00000000000000000D+00  4.77523381727691700D-05  8.51845017805290500D-06
 2  5  8.51845017805812300D-06 -1.70369003560943600D-05  3.68917147062066700D-34  0.00000000000000000D+00  0.00000000000000000D+00
 2  6  7.19162239552062600D-06  1.30470075261827700D-05 -4.24400078890608600D-05  0.00000000000000000D+00  0.00000000000000000D+00
 2  7 -3.12022097805173200D-06  0.00000000000000000D+00  0.00000000000000000D+00  1.55083786734840800D-05  1.20426690544697000D-07
 2  8  1.20426693470990900D-07 -2.40853384125563300D-07  2.06896819653184000D-31  0.00000000000000000D+00  0.00000000000000000D+00
 2  9  6.87757750456943800D-05  0.00000000000000000D+00  0.00000000000000000D+00 -4.20596354596498500D-05 -4.18039604837413300D-07
 2 10 -4.18039592293997200D-07  8.36079197131413900D-07  8.86853147080982800D-31  0.00000000000000000D+00  0.00000000000000000D+00
 3  1 -1.15037368416702200D-04 -5.47174003463830900D-04  9.31534758954927900D-04  0.00000000000000000D+00  0.00000000000000000D+00
 3  2 -1.68804359939301300D-04  0.00000000000000000D+00  0.00000000000000000D+00  4.39845700067729900D-04  1.14489431557083500D-06
 3  3  1.14489431551433800D-06 -2.28978863110689800D-06 -3.99443559858570700D-33  0.00000000000000000D+00  0.00000000000000000D+00
 3  4 -5.20283311072813200D-04  0.00000000000000000D+00  0.00000000000000000D+00 -6.75224231446274600D-04 -1.96344498840858500D-06
 3  5 -1.96344498877515400D-06  3.92688997725505300D-06 -2.59174405062518900D-32  0.00000000000000000D+00  0.00000000000000000D+00
 3  6 -6.35461445758549600D-03  4.90902826123049800D-01  5.54527567974344400D-01  0.00000000000000000D+00  0.00000000000000000D+00
 3  7 -3.73100897570060400D-04  0.00000000000000000D+00  0.00000000000000000D+00 -8.91914805991528200D-04  2.22590443807327700D-06
 3  8  2.22590443634559200D-06 -4.45180887466182300D-06 -1.22151989173325400D-31  0.00000000000000000D+00  0.00000000000000000D+00
 3  9  5.62838558062717200D-02  0.00000000000000000D+00  0.00000000000000000D+00 -5.41311539985628600D-04 -3.96233394728863100D-05
 3 10 -3.96233394486046900D-05  7.92466789214909500D-05  1.71677583321774300D-30  0.00000000000000000D+00  0.00000000000000000D+00
 4  1  0.00000000000000000D+00  0.00000000000000000D+00  0.00000000000000000D+00 -8.80812294722331500D-05  5.39324166320917800D-21
 4  2  0.00000000000000000D+00  3.09312968461166300D-04 -1.89393313248602400D-20  0.00000000000000000D+00  0.00000000000000000D+00
 4  3  0.00000000000000000D+00  0.00000000000000000D+00  0.00000000000000000D+00  6.85279411919567400D-05 -4.19598760990182200D-21
 4  4  0.00000000000000000D+00 -1.05195336556650900D-03  6.44114387698790300D-20  0.00000000000000000D+00  0.00000000000000000D+00
 4  5  0.00000000000000000D+00  0.00000000000000000D+00  0.00000000000000000D+00 -9.35879913698109600D-05  5.73042244364721500D-21
 4  6  0.00000000000000000D+00  0.00000000000000000D+00  0.00000000000000000D+00 -6.28704611413460900D-01  3.84957830907176400D-17
 4  7  0.00000000000000000D+00 -4.47483100143359700D-01  2.73995323831846700D-17  0.00000000000000000D+00  0.00000000000000000D+00
 4  8  0.00000000000000000D+00  0.00000000000000000D+00  0.00000000000000000D+00  3.03376454072340000D-05 -1.85758366628545100D-21
 4  9  0.00000000000000000D+00 -1.57125903317167200D-01  9.62086897761417400D-18  0.00000000000000000D+00  0.00000000000000000D+00
 4 10  0.00000000000000000D+00  0.00000000000000000D+00  0.00000000000000000D+00  1.07690608175577400D-03 -6.59393015094040600D-20
 5  1  0.00000000000000000D+00  0.00000000000000000D+00  0.00000000000000000D+00 -5.39324166301543700D-21 -8.80812294690690200D-05
 5  2  0.00000000000000000D+00  1.89393313245207700D-20  3.09312968455622100D-04  0.00000000000000000D+00  0.00000000000000000D+00
 5  3  0.00000000000000000D+00  0.00000000000000000D+00  0.00000000000000000D+00  4.19598760993969900D-21  6.85279411925753400D-05
 5  4  0.00000000000000000D+00 -6.44114387696699000D-20 -1.05195336556309300D-03  0.00000000000000000D+00  0.00000000000000000D+00
 5  5  0.00000000000000000D+00  0.00000000000000000D+00  0.00000000000000000D+00 -5.73042244369768500D-21 -9.35879913706352300D-05
 5  6  0.00000000000000000D+00  0.00000000000000000D+00  0.00000000000000000D+00 -3.84957830907175100D-17 -6.28704611413458700D-01
 5  7  0.00000000000000000D+00 -2.73995323831849300D-17 -4.47483100143364000D-01  0.00000000000000000D+00  0.00000000000000000D+00
 5  8  0.00000000000000000D+00  0.00000000000000000D+00  0.00000000000000000D+00  1.85758366631408000D-21  3.03376454077015600D-05
 5  9  0.00000000000000000D+00 -9.62086897761401900D-18 -1.57125903317164600D-01  0.00000000000000000D+00  0.00000000000000000D+00
 5 10  0.00000000000000000D+00  0.00000000000000000D+00  0.00000000000000000D+00  6.59393015095037200D-20  1.07690608175740200D-03
 6  1  1.84291692068946900D-04  1.43944257746586900D-03 -2.69995079085467100D-03  0.00000000000000000D+00  0.00000000000000000D+00
 6  2 -9.53746304797152400D-04  0.00000000000000000D+00  0.00000000000000000D+00  2.07445990832253800D-03  3.09460429728494200D-04
 6  3  3.09460429728545800D-04 -6.18920859456999900D-04  3.65324836325953800D-33  0.00000000000000000D+00  0.00000000000000000D+00
 6  4  3.67386762047100100D-03  0.00000000000000000D+00  0.00000000000000000D+00  2.26394504318053100D-03 -4.28006524921726700D-04
 6  5 -4.28006524921722300D-04  8.56013049843484100D-04  3.06945084886715700D-34  0.00000000000000000D+00  0.00000000000000000D+00
 6  6  1.13564173182606000D-06 -1.57801381631462100D-03 -4.23270494976462900D-03  0.00000000000000000D+00  0.00000000000000000D+00
 6  7 -6.28221840297817400D-01  0.00000000000000000D+00  0.00000000000000000D+00 -4.47157702448769800D-01 -1.57942441916958300D-05
 6  8 -1.57942441820676200D-05  3.15884883738925800D-05  6.80740251386050700D-31  0.00000000000000000D+00  0.00000000000000000D+00
 6  9  6.24471555668141900D-03  0.00000000000000000D+00  0.00000000000000000D+00 -1.58322921773774500D-01 -6.37748363231507400D-04
 6 10 -6.37748363127668900D-04  1.27549672635917600D-03  7.34165698506629500D-30  0.00000000000000000D+00  0.00000000000000000D+00
 7  1 -6.92832312989125100D-04 -9.86056102399699200D-01  2.81559382729818000D-03  0.00000000000000000D+00  0.00000000000000000D+00
 7  2  1.08638175477762100D-01  0.00000000000000000D+00  0.00000000000000000D+00  1.31423537818046900D-02  1.54968054165480000D-03
 7  3  1.54968054165484200D-03 -3.09936108330954900D-03  2.96111728949537500D-33  0.00000000000000000D+00  0.00000000000000000D+00
 7  4 -1.41913508647319400D-02  0.00000000000000000D+00  0.00000000000000000D+00 -7.26566315396420500D-04 -3.46248214983831200D-03
 7  5 -3.46248214983843800D-03  6.92496429967667500D-03 -8.90742599279096600D-33  0.00000000000000000D+00  0.00000000000000000D+00
 7  6  1.69374391487775300D-05  5.01146762609677700D-05 -9.67840346193168900D-05  0.00000000000000000D+00  0.00000000000000000D+00
 7  7 -8.27779637621529200D-04  0.00000000000000000D+00  0.00000000000000000D+00 -5.93735736175680100D-04 -2.35897063904902800D-07
 7  8 -2.35897174043065500D-07  4.71794238275153500D-07 -7.78706336145727200D-30  0.00000000000000000D+00  0.00000000000000000D+00
 7  9  3.56655199946761400D-04  0.00000000000000000D+00  0.00000000000000000D+00 -2.24671160840860700D-04  2.91976383111916800D-06
 7 10  2.91976398742246900D-06 -5.83952781854147400D-06  1.10510624280267600D-29  0.00000000000000000D+00  0.00000000000000000D+00
 8  1  0.00000000000000000D+00  0.00000000000000000D+00  0.00000000000000000D+00 -9.79894226442215000D-01  5.99992347887499900D-17
 8  2  0.00000000000000000D+00 -8.10540588502628400D-03  4.96296577355623900D-19  0.00000000000000000D+00  0.00000000000000000D+00
 8  3  0.00000000000000000D+00  0.00000000000000000D+00  0.00000000000000000D+00 -2.79841631494304100D-02  1.71347919995972500D-18
 8  4  0.00000000000000000D+00 -2.92586634250571700D-02  1.79151725673377100D-18  0.00000000000000000D+00  0.00000000000000000D+00
 8  5  0.00000000000000000D+00  0.00000000000000000D+00  0.00000000000000000D+00  7.31152473426079200D-02 -4.47686982285261700D-18
 8  6  0.00000000000000000D+00  0.00000000000000000D+00  0.00000000000000000D+00  4.07965252340451200D-04 -2.49798420077433000D-20
 8  7  0.00000000000000000D+00  4.60841030176968600D-06 -2.82174426828382800D-22  0.00000000000000000D+00  0.00000000000000000D+00
 8  8  0.00000000000000000D+00  0.00000000000000000D+00  0.00000000000000000D+00  7.03578699679880100D-06 -4.30803473021033600D-22
 8  9  0.00000000000000000D+00  1.09890045140361200D-03 -6.72860237503571100D-20  0.00000000000000000D+00  0.00000000000000000D+00
 8 10  0.00000000000000000D+00  0.00000000000000000D+00  0.00000000000000000D+00 -1.38883359546103600D-05  8.50387222701781200D-22
 9  1  0.00000000000000000D+00  0.00000000000000000D+00  0.00000000000000000D+00 -5.99992347887495100D-17 -9.79894226442207300D-01
 9  2  0.00000000000000000D+00 -4.96296577356164300D-19 -8.10540588503511100D-03  0.00000000000000000D+00  0.00000000000000000D+00
 9  3  0.00000000000000000D+00  0.00000000000000000D+00  0.00000000000000000D+00 -1.71347919995977500D-18 -2.79841631494312100D-02
 9  4  0.00000000000000000D+00 -1.79151725673380100D-18 -2.92586634250576700D-02  0.00000000000000000D+00  0.00000000000000000D+00
 9  5  0.00000000000000000D+00  0.00000000000000000D+00  0.00000000000000000D+00  4.47686982285269200D-18  7.31152473426091400D-02
 9  6  0.00000000000000000D+00  0.00000000000000000D+00  0.00000000000000000D+00  2.49798420077691100D-20  4.07965252340872700D-04
 9  7  0.00000000000000000D+00  2.82174426839429500D-22  4.60841030195009700D-06  0.00000000000000000D+00  0.00000000000000000D+00
 9  8  0.00000000000000000D+00  0.00000000000000000D+00  0.00000000000000000D+00  4.30803473021408800D-22  7.03578699680492600D-06
 9  9  0.00000000000000000D+00  6.72860237503747400D-20  1.09890045140390000D-03  0.00000000000000000D+00  0.00000000000000000D+00
 9 10  0.00000000000000000D+00  0.00000000000000000D+00  0.00000000000000000D+00 -8.50387222701727900D-22 -1.38883359546095000D-05
10  1 -1.95213343625394100D-02 -2.67045926963078500D-01  5.79179591945473500D-02  0.00000000000000000D+00  0.00000000000000000D+00
10  2 -9.92063802971086500D-01  0.00000000000000000D+00  0.00000000000000000D+00  2.25182215624044100D-02  1.90701938309041200D-02
10  3  1.90701938309045600D-02 -3.81403876618087500D-02  3.10074721046345000D-32  0.00000000000000000D+00  0.00000000000000000D+00
10  4  1.40510008480416100D-01  0.00000000000000000D+00  0.00000000000000000D+00 -2.93512314218205800D-02 -4.86525620831791500D-02
10  5 -4.86525620831825300D-02  9.73051241663615600D-02 -2.38430127115139800D-31  0.00000000000000000D+00  0.00000000000000000D+00
10  6  1.42508415735556400D-04  4.43541098884330800D-04 -7.16346990334843500D-04  0.00000000000000000D+00  0.00000000000000000D+00
10  7 -2.27666386028103900D-03  0.00000000000000000D+00  0.00000000000000000D+00 -7.17364542340680600D-04  1.22091358341064700D-05
10  8  1.22091357982281500D-05 -2.44182716324913700D-05 -2.53669311110838400D-30  0.00000000000000000D+00  0.00000000000000000D+00
10  9  2.10962338839144100D-03  0.00000000000000000D+00  0.00000000000000000D+00 -3.42614300538553700D-03 -2.33838230729898600D-05
10 10 -2.33838228781742800D-05  4.67676459511640800D-05  1.37739837018619100D-29  0.00000000000000000D+00  0.00000000000000000D+00
11  1 -2.68375982667451100D-02 -4.64702590318520200D-01 -3.69148418851710600D-01  0.00000000000000000D+00  0.00000000000000000D+00
11  2  4.77149229848899300D-01  0.00000000000000000D+00  0.00000000000000000D+00 -2.11083371785192500D-01 -3.26725384800298600D-03
11  3 -3.26725384800270300D-03  6.53450769600605300D-03  2.00296714216272500D-32  0.00000000000000000D+00  0.00000000000000000D+00
11  4  1.24632821657673200D+00  0.00000000000000000D+00  0.00000000000000000D+00 -4.65197038655470400D-01  1.10530575579988700D-02
11  5  1.10530575579971700D-02 -2.21061151159962000D-02 -1.20178028529763500D-31  0.00000000000000000D+00  0.00000000000000000D+00
11  6  9.06111207812297000D-04  1.70125908184785200D-03 -6.85525169490219000D-03  0.00000000000000000D+00  0.00000000000000000D+00
11  7  2.13506291456808500D-03  0.00000000000000000D+00  0.00000000000000000D+00 -6.69028096296883600D-04 -3.05527379507327800D-05
11  8 -3.05527382579607800D-05  6.11054762086639700D-05 -2.17218431236472600D-29  0.00000000000000000D+00  0.00000000000000000D+00
11  9  2.07097403056021000D-02  0.00000000000000000D+00  0.00000000000000000D+00  8.56475495364132000D-03  8.49809514818107600D-05
11 10  8.49809518593506300D-05 -1.69961903341161900D-04  2.66930813318058200D-29  0.00000000000000000D+00  0.00000000000000000D+00
12  1  0.00000000000000000D+00  0.00000000000000000D+00  0.00000000000000000D+00 -5.71693095619264000D-01  3.50049498665867300D-17
12  2  0.00000000000000000D+00  1.57038579052600100D-01 -9.61552208515259000D-18  0.00000000000000000D+00  0.00000000000000000D+00
12  3  0.00000000000000000D+00  0.00000000000000000D+00  0.00000000000000000D+00  1.32372427725613900D-02 -8.10520580318401200D-19
12  4  0.00000000000000000D+00  1.04285888494484800D+00 -6.38545808321790100D-17  0.00000000000000000D+00  0.00000000000000000D+00
12  5  0.00000000000000000D+00  0.00000000000000000D+00  0.00000000000000000D+00 -1.02430593951991100D-02  6.27185780897041200D-19
12  6  0.00000000000000000D+00  0.00000000000000000D+00  0.00000000000000000D+00 -3.56289729620289100D-03  2.18157333347331400D-19
12  7  0.00000000000000000D+00  2.01042991956806900D-03 -1.23099262670883400D-19  0.00000000000000000D+00  0.00000000000000000D+00
12  8  0.00000000000000000D+00  0.00000000000000000D+00  0.00000000000000000D+00 -6.80896187603844100D-05  4.16914898816550400D-21
12  9  0.00000000000000000D+00 -1.90583491159253300D-02  1.16694877103636200D-18  0.00000000000000000D+00  0.00000000000000000D+00
12 10  0.00000000000000000D+00  0.00000000000000000D+00  0.00000000000000000D+00  1.81857436965434000D-04 -1.11351886398861500D-20
13  1  0.00000000000000000D+00  0.00000000000000000D+00  0.00000000000000000D+00 -3.50049498665867200D-17 -5.71693095619263800D-01
13  2  0.00000000000000000D+00  9.61552208515245900D-18  1.57038579052598000D-01  0.00000000000000000D+00  0.00000000000000000D+00
13  3  0.00000000000000000D+00  0.00000000000000000D+00  0.00000000000000000D+00  8.10520580318376900D-19  1.32372427725610000D-02
13  4  0.00000000000000000D+00  6.38545808321789400D-17  1.04285888494484700D+00  0.00000000000000000D+00  0.00000000000000000D+00
13  5  0.00000000000000000D+00  0.00000000000000000D+00  0.00000000000000000D+00 -6.27185780896987800D-19 -1.02430593951982400D-02
13  6  0.00000000000000000D+00  0.00000000000000000D+00  0.00000000000000000D+00 -2.18157333347239300D-19 -3.56289729620138700D-03
13  7  0.00000000000000000D+00  1.23099262670934400D-19  2.01042991956890100D-03  0.00000000000000000D+00  0.00000000000000000D+00
13  8  0.00000000000000000D+00  0.00000000000000000D+00  0.00000000000000000D+00 -4.16914898817174000D-21 -6.80896187604862500D-05
13  9  0.00000000000000000D+00 -1.16694877103629100D-18 -1.90583491159241700D-02  0.00000000000000000D+00  0.00000000000000000D+00
13 10  0.00000000000000000D+00  0.00000000000000000D+00  0.00000000000000000D+00  1.11351886398927600D-20  1.81857436965542000D-04
14  1  1.03435795670566500D-01  7.39342832553514100D-01 -3.99143557872072300D-01  0.00000000000000000D+00  0.00000000000000000D+00
14  2  4.64023118784412900D-01  0.00000000000000000D+00  0.00000000000000000D+00 -1.68755835197651100D-01  2.03878325618646500D-02
14  3  2.03878325618633800D-02 -4.07756651237279700D-02 -8.97483354084451900D-32  0.00000000000000000D+00  0.00000000000000000D+00
14  4 -5.52189529064417900D-01  0.00000000000000000D+00  0.00000000000000000D+00 -9.14849053896398600D-01 -3.19873764006010700D-02
14  5 -3.19873764005965400D-02  6.39747528011974000D-02  3.20089556757158600D-31  0.00000000000000000D+00  0.00000000000000000D+00
14  6  5.63338295771935400D-03  1.37349347440057700D-02 -3.72000725211913500D-02  0.00000000000000000D+00  0.00000000000000000D+00
14  7 -1.02059246953020300D-02  0.00000000000000000D+00  0.00000000000000000D+00  9.09782656126363300D-04  3.52692019747655500D-05
14  8  3.52692021744318600D-05 -7.05384041489693200D-05  1.41169434886295700D-29  0.00000000000000000D+00  0.00000000000000000D+00
14  9  1.26815984695083900D-01  0.00000000000000000D+00  0.00000000000000000D+00 -4.00054830202466000D-02 -9.51754395124025400D-05
14 10 -9.51754397076811800D-05  1.90350879220083700D-04 -1.38067224420464300D-29  0.00000000000000000D+00  0.00000000000000000D+00
15  1  0.00000000000000000D+00  0.00000000000000000D+00  0.00000000000000000D+00  1.89974208004233600D+00 -1.16321811092179200D-16
15  2  0.00000000000000000D+00 -2.43977346019960900D+00  1.49388104062382400D-16  0.00000000000000000D+00  0.00000000000000000D+00
15  3  0.00000000000000000D+00  0.00000000000000000D+00  0.00000000000000000D+00 -1.15108298784508500D-01  7.04811770345968500D-18
15  4  0.00000000000000000D+00  6.86188459028544100D-01 -4.20155373422970500D-17  0.00000000000000000D+00  0.00000000000000000D+00
15  5  0.00000000000000000D+00  0.00000000000000000D+00  0.00000000000000000D+00  2.41088922404745500D-01 -1.47619513106520700D-17
15  6  0.00000000000000000D+00  0.00000000000000000D+00  0.00000000000000000D+00 -1.76948943109547700D-03  1.08346400017053300D-19
15  7  0.00000000000000000D+00  8.71916326230029700D-04 -5.33877136551379500D-20  0.00000000000000000D+00  0.00000000000000000D+00
15  8  0.00000000000000000D+00  0.00000000000000000D+00  0.00000000000000000D+00 -3.06522321560455200D-05  1.87684591285659700D-21
15  9  0.00000000000000000D+00 -9.91548208753289400D-03  6.07128118280237500D-19  0.00000000000000000D+00  0.00000000000000000D+00
15 10  0.00000000000000000D+00  0.00000000000000000D+00  0.00000000000000000D+00  9.41171350789036900D-05 -5.76282208105922000D-21
16  1  0.00000000000000000D+00  0.00000000000000000D+00  0.00000000000000000D+00  1.16321811092178700D-16  1.89974208004232800D+00
16  2  0.00000000000000000D+00 -1.49388104062381200D-16 -2.43977346019958900D+00  0.00000000000000000D+00  0.00000000000000000D+00
16  3  0.00000000000000000D+00  0.00000000000000000D+00  0.00000000000000000D+00 -7.04811770346142900D-18 -1.15108298784537000D-01
16  4  0.00000000000000000D+00  4.20155373422966100D-17  6.86188459028536900D-01  0.00000000000000000D+00  0.00000000000000000D+00
16  5  0.00000000000000000D+00  0.00000000000000000D+00  0.00000000000000000D+00  1.47619513106570300D-17  2.41088922404826400D-01
16  6  0.00000000000000000D+00  0.00000000000000000D+00  0.00000000000000000D+00 -1.08346400016953800D-19 -1.76948943109385300D-03
16  7  0.00000000000000000D+00  5.33877136551855500D-20  8.71916326230807000D-04  0.00000000000000000D+00  0.00000000000000000D+00
16  8  0.00000000000000000D+00  0.00000000000000000D+00  0.00000000000000000D+00 -1.87684591286356100D-21 -3.06522321561592700D-05
16  9  0.00000000000000000D+00 -6.07128118280130800D-19 -9.91548208753115000D-03  0.00000000000000000D+00  0.00000000000000000D+00
16 10  0.00000000000000000D+00  0.00000000000000000D+00  0.00000000000000000D+00  5.76282208106972200D-21  9.41171350790752100D-05
17  1  1.56043363748524000D-01  8.37577222699206000D-01 -1.09628556907493200D+00  0.00000000000000000D+00  0.00000000000000000D+00
17  2 -1.81146956578448400D+00  0.00000000000000000D+00  0.00000000000000000D+00  2.34923653398256200D+00 -8.36908786831664900D-02
17  3 -8.36908786831623600D-02  1.67381757366329000D-01  2.92741351546859800D-31  0.00000000000000000D+00  0.00000000000000000D+00
17  4  3.15064233924499900D-01  0.00000000000000000D+00  0.00000000000000000D+00 -6.96145743729737100D-01  1.85444160918805000D-01
17  5  1.85444160918792100D-01 -3.70888321837596600D-01 -9.16742653528324300D-31  0.00000000000000000D+00  0.00000000000000000D+00
17  6  2.72044399890298700D-03  6.25882643736028800D-03 -1.88792888503462800D-02  0.00000000000000000D+00  0.00000000000000000D+00
17  7  2.02430679383918700D-03  0.00000000000000000D+00  0.00000000000000000D+00  3.94898209398658200D-03 -2.61766636010143000D-05
17  8 -2.61766637104522600D-05  5.23533273111896500D-05 -7.73755746389216600D-30  0.00000000000000000D+00  0.00000000000000000D+00
17  9  6.62611491812352400D-02  0.00000000000000000D+00  0.00000000000000000D+00 -1.05763259358923300D-02  9.56608731172374300D-06
17 10  9.56608749525417300D-06 -1.91321748069783000D-05  1.29760934013542600D-29  0.00000000000000000D+00  0.00000000000000000D+00
18  1  0.00000000000000000D+00  0.00000000000000000D+00  0.00000000000000000D+00  0.00000000000000000D+00  0.00000000000000000D+00
18  2  0.00000000000000000D+00  0.00000000000000000D+00  0.00000000000000000D+00  0.00000000000000000D+00  5.54471311442862600D-17
18  3 -5.54471311442862600D-17  0.00000000000000000D+00  5.22819696174618100D-01  0.00000000000000000D+00  0.00000000000000000D+00
18  4  0.00000000000000000D+00  0.00000000000000000D+00  0.00000000000000000D+00  0.00000000000000000D+00 -1.54617482701356000D-16
18  5  1.54617482701356000D-16  0.00000000000000000D+00 -1.45791249539765100D+00  0.00000000000000000D+00  0.00000000000000000D+00
18  6  0.00000000000000000D+00  0.00000000000000000D+00  0.00000000000000000D+00  0.00000000000000000D+00  0.00000000000000000D+00
18  7  0.00000000000000000D+00  0.00000000000000000D+00  0.00000000000000000D+00  0.00000000000000000D+00  5.94162767507038300D-26
18  8 -5.94162767507038300D-26  0.00000000000000000D+00  5.60245392638877700D-10  0.00000000000000000D+00  0.00000000000000000D+00
18  9  0.00000000000000000D+00  0.00000000000000000D+00  0.00000000000000000D+00  0.00000000000000000D+00 -8.44384164117098300D-24
18 10  8.44384164117098300D-24  0.00000000000000000D+00 -7.96183072104447300D-08  0.00000000000000000D+00  0.00000000000000000D+00
19  1  0.00000000000000000D+00  0.00000000000000000D+00  0.00000000000000000D+00  0.00000000000000000D+00  0.00000000000000000D+00
19  2  0.00000000000000000D+00  0.00000000000000000D+00  0.00000000000000000D+00  0.00000000000000000D+00  4.52775138485290300D-01
19  3 -4.52775138485302700D-01  0.00000000000000000D+00 -6.40248321837811600D-17  0.00000000000000000D+00  0.00000000000000000D+00
19  4  0.00000000000000000D+00  0.00000000000000000D+00  0.00000000000000000D+00  0.00000000000000000D+00 -1.26258925750856400D+00
19  5  1.26258925750859700D+00  0.00000000000000000D+00  1.78536890518022200D-16  0.00000000000000000D+00  0.00000000000000000D+00
19  6  0.00000000000000000D+00  0.00000000000000000D+00  0.00000000000000000D+00  0.00000000000000000D+00  0.00000000000000000D+00
19  7  0.00000000000000000D+00  0.00000000000000000D+00  0.00000000000000000D+00  0.00000000000000000D+00  4.85187117070321600D-10
19  8 -4.85186392754695700D-10  0.00000000000000000D+00 -6.86080085249104300D-26  0.00000000000000000D+00  0.00000000000000000D+00
19  9  0.00000000000000000D+00  0.00000000000000000D+00  0.00000000000000000D+00  0.00000000000000000D+00 -6.89514766538208800D-08
19 10  6.89514764371655600D-08  0.00000000000000000D+00  9.75010847419239800D-24  0.00000000000000000D+00  0.00000000000000000D+00
20  1  0.00000000000000000D+00  0.00000000000000000D+00  0.00000000000000000D+00 -1.37183320364433000D-17 -2.24044763341691400D-01
20  2  0.00000000000000000D+00  2.14668961637875300D-17  3.50592598132169900D-01  0.00000000000000000D+00  0.00000000000000000D+00
20  3  0.00000000000000000D+00  0.00000000000000000D+00  0.00000000000000000D+00 -3.07724012990506200D-17 -5.02568048957126300D-01
20  4  0.00000000000000000D+00 -5.99558673247428800D-18 -9.79185958616039800D-02  0.00000000000000000D+00  0.00000000000000000D+00
20  5  0.00000000000000000D+00  0.00000000000000000D+00  0.00000000000000000D+00  8.75254054804296300D-17  1.42944555541845100D+00
20  6  0.00000000000000000D+00  0.00000000000000000D+00  0.00000000000000000D+00  1.08777190415446200D-20  1.77652500456034300D-04
20  7  0.00000000000000000D+00 -1.53133025916161700D-20 -2.50093469527062100D-04  0.00000000000000000D+00  0.00000000000000000D+00
20  8  0.00000000000000000D+00  0.00000000000000000D+00  0.00000000000000000D+00  2.53697253449413200D-22  4.14332740733453100D-06
20  9  0.00000000000000000D+00  9.72044708140335600D-20  1.58752190874444200D-03  0.00000000000000000D+00  0.00000000000000000D+00
20 10  0.00000000000000000D+00  0.00000000000000000D+00  0.00000000000000000D+00 -8.65751876048537900D-22 -1.41392680733079200D-05
21  1  0.00000000000000000D+00  0.00000000000000000D+00  0.00000000000000000D+00 -2.24044763341586100D-01  1.37183320364368600D-17
21  2  0.00000000000000000D+00  3.50592598132034500D-01 -2.14668961637792400D-17  0.00000000000000000D+00  0.00000000000000000D+00
21  3  0.00000000000000000D+00  0.00000000000000000D+00  0.00000000000000000D+00 -5.02568048957124400D-01  3.07724012990505000D-17
21  4  0.00000000000000000D+00 -9.79185958615656200D-02  5.99558673247194000D-18  0.00000000000000000D+00  0.00000000000000000D+00
21  5  0.00000000000000000D+00  0.00000000000000000D+00  0.00000000000000000D+00  1.42944555541845900D+00 -8.75254054804300800D-17
21  6  0.00000000000000000D+00  0.00000000000000000D+00  0.00000000000000000D+00  1.77652500456593200D-04 -1.08777190415788400D-20
21  7  0.00000000000000000D+00 -2.50093469526296000D-04  1.53133025915692600D-20  0.00000000000000000D+00  0.00000000000000000D+00
21  8  0.00000000000000000D+00  0.00000000000000000D+00  0.00000000000000000D+00  4.14332740736307600D-06 -2.53697253451161000D-22
21  9  0.00000000000000000D+00  1.58752190874374800D-03 -9.72044708139911200D-20  0.00000000000000000D+00  0.00000000000000000D+00
21 10  0.00000000000000000D+00  0.00000000000000000D+00  0.00000000000000000D+00 -1.41392680730982600D-05  8.65751876035700400D-22
22  1 -9.52086025779495400D-02 -5.17559921677440100D-01  6.74902310066264000D-01  0.00000000000000000D+00  0.00000000000000000D+00
22  2  3.36421588957953700D-01  0.00000000000000000D+00  0.00000000000000000D+00 -5.05945310166921700D-01 -2.40766562408409600D-01
22  3 -2.40766562408390300D-01  4.81533124816799900D-01  1.36201765667065300D-30  0.00000000000000000D+00  0.00000000000000000D+00
22  4 -2.07673978048196800D-01  0.00000000000000000D+00  0.00000000000000000D+00  1.18864299625843900D-01  6.95519742089469500D-01
22  5  6.95519742089416000D-01 -1.39103948417888500D+00 -3.78406715473204100D-30  0.00000000000000000D+00  0.00000000000000000D+00
22  6 -3.52061948461311600D-04 -5.27658959761226900D-04  2.91385446717569400D-03  0.00000000000000000D+00  0.00000000000000000D+00
22  7 -2.13749323279202600D-03  0.00000000000000000D+00  0.00000000000000000D+00 -2.72598629365270500D-03  9.18611213479754800D-06
22  8  9.18611217186689100D-06 -1.83722243064383500D-05  2.62090185885891800D-30  0.00000000000000000D+00  0.00000000000000000D+00
22  9 -7.93656111303934000D-03  0.00000000000000000D+00  0.00000000000000000D+00  2.37978142455796400D-03 -6.64715382491116200D-06
22 10 -6.64715387341788600D-06  1.32943076983291800D-05 -3.42955545584043100D-30  0.00000000000000000D+00  0.00000000000000000D+00
23  1  7.64801896843517000D-01  4.13562414105908900D+00 -5.27352475738554100D+00  0.00000000000000000D+00  0.00000000000000000D+00
23  2  3.45046057375709900D-01  0.00000000000000000D+00  0.00000000000000000D+00 -5.36550755979631100D-01 -5.61132980493671000D-03
23  3 -5.61132980493538500D-03  1.12226596098720500D-02  9.37446400430487100D-32  0.00000000000000000D+00  0.00000000000000000D+00
23  4  1.32520909311321800D+00  0.00000000000000000D+00  0.00000000000000000D+00  2.76717537480353500D-01  4.41708762319389000D-02
23  5  4.41708762319361200D-02 -8.83417524638744100D-02 -1.96830040316375500D-31  0.00000000000000000D+00  0.00000000000000000D+00
23  6 -1.91283326643237700D-03 -6.82784044922248700D-03  9.05845647549722600D-03  0.00000000000000000D+00  0.00000000000000000D+00
23  7  4.90421983686927300D-03  0.00000000000000000D+00  0.00000000000000000D+00 -9.16775913064453000D-04 -2.72831254111832200D-05
23  8 -2.72831254468067900D-05  5.45662508565079500D-05 -2.51868190454644100D-30  0.00000000000000000D+00  0.00000000000000000D+00
23  9 -5.37681552815841200D-02  0.00000000000000000D+00  0.00000000000000000D+00  2.40672306840540500D-02  9.89865055392800700D-05
23 10  9.89865056151533500D-05 -1.97973011154433700D-04  5.36444464201144200D-30  0.00000000000000000D+00  0.00000000000000000D+00
24  1  0.00000000000000000D+00  0.00000000000000000D+00  0.00000000000000000D+00  0.00000000000000000D+00  0.00000000000000000D+00
24  2  0.00000000000000000D+00  0.00000000000000000D+00  0.00000000000000000D+00  0.00000000000000000D+00  2.60987803951707700D-16
24  3 -2.60987803951707700D-16  0.00000000000000000D+00  2.46089493813916600D+00  0.00000000000000000D+00  0.00000000000000000D+00
24  4  0.00000000000000000D+00  0.00000000000000000D+00  0.00000000000000000D+00  0.00000000000000000D+00 -2.17445285547335500D-16
24  5  2.17445285547335500D-16  0.00000000000000000D+00 -2.05032570267030100D+00  0.00000000000000000D+00  0.00000000000000000D+00
24  6  0.00000000000000000D+00  0.00000000000000000D+00  0.00000000000000000D+00  0.00000000000000000D+00  0.00000000000000000D+00
24  7  0.00000000000000000D+00  0.00000000000000000D+00  0.00000000000000000D+00  0.00000000000000000D+00  3.07344876248994200D-25
24  8 -3.07344876248994200D-25  0.00000000000000000D+00  2.89800304371352800D-09  0.00000000000000000D+00  0.00000000000000000D+00
24  9  0.00000000000000000D+00  0.00000000000000000D+00  0.00000000000000000D+00  0.00000000000000000D+00 -1.02911793394954800D-23
24 10  1.02911793394954800D-23  0.00000000000000000D+00 -9.70371441139561400D-08  0.00000000000000000D+00  0.00000000000000000D+00
25  1  0.00000000000000000D+00  0.00000000000000000D+00  0.00000000000000000D+00  0.00000000000000000D+00  0.00000000000000000D+00
25  2  0.00000000000000000D+00  0.00000000000000000D+00  0.00000000000000000D+00  0.00000000000000000D+00  2.13119753247351000D+00
25  3 -2.13119753247343500D+00  0.00000000000000000D+00 -3.01362757733513800D-16  0.00000000000000000D+00  0.00000000000000000D+00
25  4  0.00000000000000000D+00  0.00000000000000000D+00  0.00000000000000000D+00  0.00000000000000000D+00 -1.77563414454538500D+00
25  5  1.77563414454532200D+00  0.00000000000000000D+00  2.51084188289635700D-16  0.00000000000000000D+00  0.00000000000000000D+00
25  6  0.00000000000000000D+00  0.00000000000000000D+00  0.00000000000000000D+00  0.00000000000000000D+00  0.00000000000000000D+00
25  7  0.00000000000000000D+00  0.00000000000000000D+00  0.00000000000000000D+00  0.00000000000000000D+00  2.50974474165734500D-09
25  8 -2.50974373891348200D-09  0.00000000000000000D+00 -3.54891291836473200D-25  0.00000000000000000D+00  0.00000000000000000D+00
25  9  0.00000000000000000D+00  0.00000000000000000D+00  0.00000000000000000D+00  0.00000000000000000D+00 -8.40366324932081800D-08
25 10  8.40366307950252900D-08  0.00000000000000000D+00  1.18832302857978800D-23  0.00000000000000000D+00  0.00000000000000000D+00
26  1  0.00000000000000000D+00  0.00000000000000000D+00  0.00000000000000000D+00 -2.14570681751601700D-18 -3.50432089596562800D-02
26  2  0.00000000000000000D+00  2.66274117723764800D-18  4.34872997176015700D-02  0.00000000000000000D+00  0.00000000000000000D+00
26  3  0.00000000000000000D+00  0.00000000000000000D+00  0.00000000000000000D+00 -1.50762591449089700D-16 -2.46222128406426700D+00
26  4  0.00000000000000000D+00 -3.80713622768894300D-19 -6.21773064594298000D-03  0.00000000000000000D+00  0.00000000000000000D+00
26  5  0.00000000000000000D+00  0.00000000000000000D+00  0.00000000000000000D+00  1.25819481128192100D-16  2.05485592550570100D+00
26  6  0.00000000000000000D+00  0.00000000000000000D+00  0.00000000000000000D+00 -2.31208283659347800D-20 -3.77604252889387400D-04
26  7  0.00000000000000000D+00 -5.57963622036211300D-20 -9.11253841358299900D-04  0.00000000000000000D+00  0.00000000000000000D+00
26  8  0.00000000000000000D+00  0.00000000000000000D+00  0.00000000000000000D+00  3.74709838729454600D-23  6.11967817347784800D-07
26  9  0.00000000000000000D+00  1.36634894944815500D-19  2.23149087081469900D-03  0.00000000000000000D+00  0.00000000000000000D+00
26 10  0.00000000000000000D+00  0.00000000000000000D+00  0.00000000000000000D+00 -2.21401741645211800D-22 -3.61588425462840600D-06
27  1  0.00000000000000000D+00  0.00000000000000000D+00  0.00000000000000000D+00 -3.50432089596586200D-02  2.14570681751616000D-18
27  2  0.00000000000000000D+00  4.34872997176035300D-02 -2.66274117723776800D-18  0.00000000000000000D+00  0.00000000000000000D+00
27  3  0.00000000000000000D+00  0.00000000000000000D+00  0.00000000000000000D+00 -2.46222128406427400D+00  1.50762591449090100D-16
27  4  0.00000000000000000D+00 -6.21773064594173500D-03  3.80713622768818200D-19  0.00000000000000000D+00  0.00000000000000000D+00
27  5  0.00000000000000000D+00  0.00000000000000000D+00  0.00000000000000000D+00  2.05485592550571000D+00 -1.25819481128192700D-16
27  6  0.00000000000000000D+00  0.00000000000000000D+00  0.00000000000000000D+00 -3.77604252889458100D-04  2.31208283659391100D-20
27  7  0.00000000000000000D+00 -9.11253841357664400D-04  5.57963622035822200D-20  0.00000000000000000D+00  0.00000000000000000D+00
27  8  0.00000000000000000D+00  0.00000000000000000D+00  0.00000000000000000D+00  6.11967817325231100D-07 -3.74709838715644900D-23
27  9  0.00000000000000000D+00  2.23149087081353700D-03 -1.36634894944744300D-19  0.00000000000000000D+00  0.00000000000000000D+00
27 10  0.00000000000000000D+00  0.00000000000000000D+00  0.00000000000000000D+00 -3.61588425441416100D-06  2.21401741632093500D-22
28  1 -6.67691659477893300D-03 -3.67451779099572700D-02  4.34689331253140000D-02  0.00000000000000000D+00  0.00000000000000000D+00
28  2 -4.61425883652990500D-02  0.00000000000000000D+00  0.00000000000000000D+00  5.94876230041341200D-02  1.23098651534761900D+00
28  3  1.23098651534774900D+00 -2.46197303069536800D+00  9.18283397483834100D-30  0.00000000000000000D+00  0.00000000000000000D+00
28  4 -5.77664507000201400D-03  0.00000000000000000D+00  0.00000000000000000D+00 -1.00246025851267100D-02 -1.02846530855055200D+00
28  5 -1.02846530855065900D+00  2.05693061710121100D+00 -7.60511216439631700D-30  0.00000000000000000D+00  0.00000000000000000D+00
28  6  3.02276391482090800D-04  5.84960736540377100D-05 -3.51789663634443800D-03  0.00000000000000000D+00  0.00000000000000000D+00
28  7  5.21725709693896600D-03  0.00000000000000000D+00  0.00000000000000000D+00  1.20449324002763100D-02  3.85758209080268000D-06
28  8  3.85758208689307700D-06 -7.71516417778459600D-06 -2.76419424406596300D-31  0.00000000000000000D+00  0.00000000000000000D+00
28  9  5.98249424535789900D-03  0.00000000000000000D+00  0.00000000000000000D+00 -2.88922151626128500D-02 -2.22690452757036600D-05
28 10 -2.22690452686554900D-05  4.45380905443591600D-05  4.98324028759910000D-31  0.00000000000000000D+00  0.00000000000000000D+00
29  1 -2.49630364923980300D-02 -1.21114342524546500D-01  2.01691334699817600D-01  0.00000000000000000D+00  0.00000000000000000D+00
29  2  3.20904894945493700D-02  0.00000000000000000D+00  0.00000000000000000D+00 -2.77095063396604100D-02 -3.48620455312357700D-02
29  3 -3.48620455312339200D-02  6.97240910624695900D-02  1.30963236218332000D-31  0.00000000000000000D+00  0.00000000000000000D+00
29  4 -1.12201509900469500D-01  0.00000000000000000D+00  0.00000000000000000D+00 -5.95633170441941300D-02  3.14503245163193800D-02
29  5  3.14503245163182500D-02 -6.29006490326376600D-02 -8.05038716753864600D-32  0.00000000000000000D+00  0.00000000000000000D+00
29  6  5.56555309106987300D-03 -2.57757597485647600D-03 -7.75113290531410000D-02  0.00000000000000000D+00  0.00000000000000000D+00
29  7  2.09297727594500600D-01  0.00000000000000000D+00  0.00000000000000000D+00  4.43825337209596200D-01  1.16477429340738400D-04
29  8  1.16477429340676900D-04 -2.32954858681261800D-04 -4.34838870256180600D-33  0.00000000000000000D+00  0.00000000000000000D+00
29  9  1.27290044692591500D-01  0.00000000000000000D+00  0.00000000000000000D+00 -1.14239547420502000D+00 -4.26591096631010100D-04
29 10 -4.26591096599975100D-04  8.53182193230985100D-04  2.19426013388898700D-30  0.00000000000000000D+00  0.00000000000000000D+00
30  1  0.00000000000000000D+00  0.00000000000000000D+00  0.00000000000000000D+00 -1.34305272659295400D-02  8.22355451252099600D-19
30  2  0.00000000000000000D+00  2.90020681844598900D-02 -1.77580584863397000D-18  0.00000000000000000D+00  0.00000000000000000D+00
30  3  0.00000000000000000D+00  0.00000000000000000D+00  0.00000000000000000D+00  5.29384170091136900D-03 -3.24143609153296100D-19
30  4  0.00000000000000000D+00 -3.56021539435648100D-02  2.17993119645259400D-18  0.00000000000000000D+00  0.00000000000000000D+00
30  5  0.00000000000000000D+00  0.00000000000000000D+00  0.00000000000000000D+00 -4.74765294629344200D-03  2.90700298188723900D-19
30  6  0.00000000000000000D+00  0.00000000000000000D+00  0.00000000000000000D+00 -2.08996853024587100D-01  1.27969437071395400D-17
30  7  0.00000000000000000D+00 -4.43388723303428000D-01  2.71488323885284900D-17  0.00000000000000000D+00  0.00000000000000000D+00
30  8  0.00000000000000000D+00  0.00000000000000000D+00  0.00000000000000000D+00  1.92442525681366600D-04 -1.17833169847513800D-20
30  9  0.00000000000000000D+00  1.14014350151837400D+00 -6.98113488114347200D-17  0.00000000000000000D+00  0.00000000000000000D+00
30 10  0.00000000000000000D+00  0.00000000000000000D+00  0.00000000000000000D+00 -7.14953525846913500D-04  4.37768315219920800D-20
31  1  0.00000000000000000D+00  0.00000000000000000D+00  0.00000000000000000D+00 -8.22355451252211100D-19 -1.34305272659313600D-02
31  2  0.00000000000000000D+00  1.77580584863410900D-18  2.90020681844621600D-02  0.00000000000000000D+00  0.00000000000000000D+00
31  3  0.00000000000000000D+00  0.00000000000000000D+00  0.00000000000000000D+00  3.24143609153510200D-19  5.29384170091486400D-03
31  4  0.00000000000000000D+00 -2.17993119645264400D-18 -3.56021539435656300D-02  0.00000000000000000D+00  0.00000000000000000D+00
31  5  0.00000000000000000D+00  0.00000000000000000D+00  0.00000000000000000D+00 -2.90700298188990100D-19 -4.74765294629778900D-03
31  6  0.00000000000000000D+00  0.00000000000000000D+00  0.00000000000000000D+00 -1.27969437071394800D-17 -2.08996853024586000D-01
31  7  0.00000000000000000D+00 -2.71488323885286600D-17 -4.43388723303430700D-01  0.00000000000000000D+00  0.00000000000000000D+00
31  8  0.00000000000000000D+00  0.00000000000000000D+00  0.00000000000000000D+00  1.17833169847520900D-20  1.92442525681378300D-04
31  9  0.00000000000000000D+00  6.98113488114348800D-17  1.14014350151837700D+00  0.00000000000000000D+00  0.00000000000000000D+00
31 10  0.00000000000000000D+00  0.00000000000000000D+00  0.00000000000000000D+00 -4.37768315219583900D-20 -7.14953525846363400D-04
32  1 -3.07832063688741900D-02 -1.53362797062462300D-01  2.36437610157727000D-01  0.00000000000000000D+00  0.00000000000000000D+00
32  2 -4.78940025261360400D-02  0.00000000000000000D+00  0.00000000000000000D+00  1.05241896965465800D-01 -2.04839909996290100D-03
32  3 -2.04839909996172500D-03  4.09679819992477600D-03  8.31038771003092300D-32  0.00000000000000000D+00  0.00000000000000000D+00
32  4 -1.09807106358362700D-01  0.00000000000000000D+00  0.00000000000000000D+00 -1.31916850412709900D-01  1.79135206580247700D-03
32  5  1.79135206580167400D-03 -3.58270413160411900D-03 -5.68149333594234600D-32  0.00000000000000000D+00  0.00000000000000000D+00
32  6  5.85678772673653600D-02 -5.19183526381428700D-02 -8.99300563485022100D-01  0.00000000000000000D+00  0.00000000000000000D+00
32  7 -1.27938553770015700D-02  0.00000000000000000D+00  0.00000000000000000D+00 -3.13119319041782000D-02  1.88864244003888900D-05
32  8  1.88864244502022900D-05 -3.77728488508152700D-05  3.52194056613709300D-30  0.00000000000000000D+00  0.00000000000000000D+00
32  9  1.44108644311158100D+00  0.00000000000000000D+00  0.00000000000000000D+00  8.04383400948454600D-02 -1.15644232950444900D-04
32 10 -1.15644232997981200D-04  2.31288465948426100D-04 -3.36093884131739600D-30  0.00000000000000000D+00  0.00000000000000000D+00
33  1  6.27406592434344200D-04  2.97169831492295800D-03 -5.23004265189981900D-03  0.00000000000000000D+00  0.00000000000000000D+00
33  2 -2.86228937817967400D-03  0.00000000000000000D+00  0.00000000000000000D+00  4.29928734589593700D-03  2.53582599946600700D-05
33  3  2.53582599933642600D-05 -5.07165199880238600D-05 -9.16167131494161700D-32  0.00000000000000000D+00  0.00000000000000000D+00
33  4  3.19586276694789200D-03  0.00000000000000000D+00  0.00000000000000000D+00 -6.27151388985170400D-04 -2.76665199778202700D-05
33  5 -2.76665199778389700D-05  5.53330399556518400D-05 -1.32181988761264600D-33  0.00000000000000000D+00  0.00000000000000000D+00
33  6  1.85802514352867300D-04  4.41335857030775200D-04 -6.36792461240191400D-04  0.00000000000000000D+00  0.00000000000000000D+00
33  7 -6.14236477012709300D-03  0.00000000000000000D+00  0.00000000000000000D+00  6.78667012096189300D-03 -1.79781747054652200D-02
33  8 -1.79781747014844000D-02  3.59563494069495400D-02  2.81454246514784000D-28  0.00000000000000000D+00  0.00000000000000000D+00
33  9  4.14850713280762100D-04  0.00000000000000000D+00  0.00000000000000000D+00 -3.38418607800484600D-03  5.09091346766693100D-01
33 10  5.09091346695234400D-01 -1.01818269346192700D+00 -5.05232129724619000D-27  0.00000000000000000D+00  0.00000000000000000D+00
34  1  0.00000000000000000D+00  0.00000000000000000D+00  0.00000000000000000D+00 -3.29845151534674300D-04  2.01965234173433500D-20
34  2  0.00000000000000000D+00  8.99708359799904500D-04 -5.50894286999036300D-20  0.00000000000000000D+00  0.00000000000000000D+00
34  3  0.00000000000000000D+00  0.00000000000000000D+00  0.00000000000000000D+00  4.08513244815756400D-06 -2.50133957610985800D-22
34  4  0.00000000000000000D+00 -1.50756824300485700D-03  9.23088824602292900D-20  0.00000000000000000D+00  0.00000000000000000D+00
34  5  0.00000000000000000D+00  0.00000000000000000D+00  0.00000000000000000D+00 -4.41414649970615700D-06  2.70279592512148300D-22
34  6  0.00000000000000000D+00  0.00000000000000000D+00  0.00000000000000000D+00 -5.04855056648643600D-03  3.09124355065642600D-19
34  7  0.00000000000000000D+00  5.60814558503745400D-03 -3.43388535829889000D-19  0.00000000000000000D+00  0.00000000000000000D+00
34  8  0.00000000000000000D+00  0.00000000000000000D+00  0.00000000000000000D+00  3.59433997683929300D-02 -2.20082578671758700D-18
34  9  0.00000000000000000D+00 -2.93680212615426800D-03  1.79821327180379200D-19  0.00000000000000000D+00  0.00000000000000000D+00
34 10  0.00000000000000000D+00  0.00000000000000000D+00  0.00000000000000000D+00 -1.01817906235740000D+00  6.23434274545891300D-17
35  1  0.00000000000000000D+00  0.00000000000000000D+00  0.00000000000000000D+00 -2.01965234173260600D-20 -3.29845151534391900D-04
35  2  0.00000000000000000D+00  5.50894286998968900D-20  8.99708359799794500D-04  0.00000000000000000D+00  0.00000000000000000D+00
35  3  0.00000000000000000D+00  0.00000000000000000D+00  0.00000000000000000D+00  2.50133957678960900D-22  4.08513244926771800D-06
35  4  0.00000000000000000D+00 -9.23088824602398900D-20 -1.50756824300503000D-03  0.00000000000000000D+00  0.00000000000000000D+00
35  5  0.00000000000000000D+00  0.00000000000000000D+00  0.00000000000000000D+00 -2.70279592545916600D-22 -4.41414650025765300D-06
35  6  0.00000000000000000D+00  0.00000000000000000D+00  0.00000000000000000D+00 -3.09124355065751800D-19 -5.04855056648822000D-03
35  7  0.00000000000000000D+00  3.43388535829845600D-19  5.60814558503674600D-03  0.00000000000000000D+00  0.00000000000000000D+00
35  8  0.00000000000000000D+00  0.00000000000000000D+00  0.00000000000000000D+00  2.20082578671759400D-18  3.59433997683930400D-02
35  9  0.00000000000000000D+00 -1.79821327180363600D-19 -2.93680212615401300D-03  0.00000000000000000D+00  0.00000000000000000D+00
35 10  0.00000000000000000D+00  0.00000000000000000D+00  0.00000000000000000D+00 -6.23434274545892000D-17 -1.01817906235740100D+00
36  1  0.00000000000000000D+00  0.00000000000000000D+00  0.00000000000000000D+00  0.00000000000000000D+00  0.00000000000000000D+00
36  2  0.00000000000000000D+00  0.00000000000000000D+00  0.00000000000000000D+00  0.00000000000000000D+00 -3.35333718841868400D-23
36  3  3.35333718841868400D-23  0.00000000000000000D+00 -3.16191423043673200D-07  0.00000000000000000D+00  0.00000000000000000D+00
36  4  0.00000000000000000D+00  0.00000000000000000D+00  0.00000000000000000D+00  0.00000000000000000D+00  3.76136625090534200D-23
36  5 -3.76136625090534200D-23  0.00000000000000000D+00  3.54665123319448700D-07  0.00000000000000000D+00  0.00000000000000000D+00
36  6  0.00000000000000000D+00  0.00000000000000000D+00  0.00000000000000000D+00  0.00000000000000000D+00  0.00000000000000000D+00
36  7  0.00000000000000000D+00  0.00000000000000000D+00  0.00000000000000000D+00  0.00000000000000000D+00  3.80796771316160900D-18
36  8 -3.80796771316160900D-18  0.00000000000000000D+00  3.59059248287738400D-02  0.00000000000000000D+00  0.00000000000000000D+00
36  9  0.00000000000000000D+00  0.00000000000000000D+00  0.00000000000000000D+00  0.00000000000000000D+00 -1.07981140368708600D-16
36 10  1.07981140368708600D-16  0.00000000000000000D+00 -1.01817110885771400D+00  0.00000000000000000D+00  0.00000000000000000D+00
37  1  0.00000000000000000D+00  0.00000000000000000D+00  0.00000000000000000D+00  0.00000000000000000D+00  0.00000000000000000D+00
37  2  0.00000000000000000D+00  0.00000000000000000D+00  0.00000000000000000D+00  0.00000000000000000D+00  2.73829803020436500D-07
37  3 -2.73829803838882600D-07  0.00000000000000000D+00 -3.87210023725078400D-23  0.00000000000000000D+00  0.00000000000000000D+00
37  4  0.00000000000000000D+00  0.00000000000000000D+00  0.00000000000000000D+00  0.00000000000000000D+00 -3.07149004593616700D-07
37  5  3.07149005997208900D-07  0.00000000000000000D+00  4.34325161607624800D-23  0.00000000000000000D+00  0.00000000000000000D+00
37  6  0.00000000000000000D+00  0.00000000000000000D+00  0.00000000000000000D+00  0.00000000000000000D+00  0.00000000000000000D+00
37  7  0.00000000000000000D+00  0.00000000000000000D+00  0.00000000000000000D+00  0.00000000000000000D+00 -3.10954430467159900D-02
37  8  3.10954430490124800D-02  0.00000000000000000D+00  4.39706236848621500D-18  0.00000000000000000D+00  0.00000000000000000D+00
37  9  0.00000000000000000D+00  0.00000000000000000D+00  0.00000000000000000D+00  0.00000000000000000D+00  8.81762045649513300D-01
37 10 -8.81762045690770500D-01  4.12571601170543100D-11 -1.24685880918551600D-16  0.00000000000000000D+00  0.00000000000000000D+00
38  1  0.00000000000000000D+00  0.00000000000000000D+00  0.00000000000000000D+00  4.72392650521172700D-03 -2.89247520663610900D-19
38  2  0.00000000000000000D+00 -1.06693787871653400D-02  6.53289452705018100D-19  0.00000000000000000D+00  0.00000000000000000D+00
38  3  0.00000000000000000D+00  0.00000000000000000D+00  0.00000000000000000D+00 -3.20749541453079700D-04  1.96395963224527700D-20
38  4  0.00000000000000000D+00  1.37407097009549900D-02 -8.41348020290912700D-19  0.00000000000000000D+00  0.00000000000000000D+00
38  5  0.00000000000000000D+00  0.00000000000000000D+00  0.00000000000000000D+00  3.41665284393853600D-04 -2.09202739074621300D-20
38  6  0.00000000000000000D+00  0.00000000000000000D+00  0.00000000000000000D+00 -9.68981387976006300D-01  5.93310382225521700D-17
38  7  0.00000000000000000D+00  1.26181383786007900D+00 -7.72612621592225800D-17  0.00000000000000000D+00  0.00000000000000000D+00
38  8  0.00000000000000000D+00  0.00000000000000000D+00  0.00000000000000000D+00  1.24310320906468600D-04 -7.61156044138801000D-21
38  9  0.00000000000000000D+00 -4.60817066537008500D-01  2.82159753815505000D-17  0.00000000000000000D+00  0.00000000000000000D+00
38 10  0.00000000000000000D+00  0.00000000000000000D+00  0.00000000000000000D+00  4.58831555087523800D-03 -2.80944018847191900D-19
39  1  0.00000000000000000D+00  0.00000000000000000D+00  0.00000000000000000D+00  2.89247520663707600D-19  4.72392650521330600D-03
39  2  0.00000000000000000D+00 -6.53289452705141500D-19 -1.06693787871673500D-02  0.00000000000000000D+00  0.00000000000000000D+00
39  3  0.00000000000000000D+00  0.00000000000000000D+00  0.00000000000000000D+00 -1.96395963224694700D-20 -3.20749541453352400D-04
39  4  0.00000000000000000D+00  8.41348020290955100D-19  1.37407097009556800D-02  0.00000000000000000D+00  0.00000000000000000D+00
39  5  0.00000000000000000D+00  0.00000000000000000D+00  0.00000000000000000D+00  2.09202739074870700D-20  3.41665284394260900D-04
39  6  0.00000000000000000D+00  0.00000000000000000D+00  0.00000000000000000D+00 -5.93310382225523400D-17 -9.68981387976009100D-01
39  7  0.00000000000000000D+00  7.72612621592225900D-17  1.26181383786007900D+00  0.00000000000000000D+00  0.00000000000000000D+00
39  8  0.00000000000000000D+00  0.00000000000000000D+00  0.00000000000000000D+00  7.61156044136029900D-21  1.24310320906016100D-04
39  9  0.00000000000000000D+00 -2.82159753815504800D-17 -4.60817066537008400D-01  0.00000000000000000D+00  0.00000000000000000D+00
39 10  0.00000000000000000D+00  0.00000000000000000D+00  0.00000000000000000D+00  2.80944018847221500D-19  4.58831555087572200D-03
40  1 -7.24769223954961500D-03 -3.44243322615029000D-02  6.01452381825510800D-02  0.00000000000000000D+00  0.00000000000000000D+00
40  2  9.94389294840923800D-03  0.00000000000000000D+00  0.00000000000000000D+00 -9.40706871525677500D-03 -1.86600462825957600D-03
40  3 -1.86600462825955300D-03  3.73200925651908200D-03  1.61296632842431000D-33  0.00000000000000000D+00  0.00000000000000000D+00
40  4 -3.63115651797460800D-02  0.00000000000000000D+00  0.00000000000000000D+00 -1.85873897471579800D-02  2.00744000823969000D-03
40  5  2.00744000823968200D-03 -4.01488001647945600D-03 -5.53704859011330300D-34  0.00000000000000000D+00  0.00000000000000000D+00
40  6 -1.67300494653232700D-04 -7.96387484565929100D-04 -2.31216534839318300D-03  0.00000000000000000D+00  0.00000000000000000D+00
40  7 -9.69223531941377900D-01  0.00000000000000000D+00  0.00000000000000000D+00  1.26296995921488300D+00 -7.38649523331759400D-05
40  8 -7.38649523575004500D-05  1.47729904690962900D-04 -1.71980804440557600D-30  0.00000000000000000D+00  0.00000000000000000D+00
40  9  7.67296807392574900D-03  0.00000000000000000D+00  0.00000000000000000D+00 -4.64059246307078800D-01 -2.81512668192044300D-03
40 10 -2.81512668150224800D-03  5.63025336342269000D-03  2.95675024334647700D-29  0.00000000000000000D+00  0.00000000000000000D+00
41  1  1.16640725297785800D-02  5.67268719376866300D-02 -9.22518818053439800D-02  0.00000000000000000D+00  0.00000000000000000D+00
41  2  1.92622632720751700D-02  0.00000000000000000D+00  0.00000000000000000D+00 -4.52705484320980400D-02  4.06335884752286800D-04
41  3  4.06335884752219700D-04 -8.12671769504427500D-04 -4.74260248805356800D-33  0.00000000000000000D+00  0.00000000000000000D+00
41  4  4.78827068863184500D-02  0.00000000000000000D+00  0.00000000000000000D+00  6.21573925022855500D-02 -4.31494484675564100D-04
41  5 -4.31494484675710800D-04  8.62988969350725300D-04 -1.03759475753862300D-32  0.00000000000000000D+00  0.00000000000000000D+00
41  6 -7.44052861231506800D-01 -1.75380830073638200D+00  2.20003425909888700D+00  0.00000000000000000D+00  0.00000000000000000D+00
41  7  1.88282222771262300D-03  0.00000000000000000D+00  0.00000000000000000D+00 -3.73989445620691000D-03  1.28893038729916100D-05
41  8  1.28893038931501400D-05 -2.57786077657376800D-05  1.42526188585223800D-30  0.00000000000000000D+00  0.00000000000000000D+00
41  9 -7.79001793745650900D-01  0.00000000000000000D+00  0.00000000000000000D+00  6.79969287099632300D-03  1.41155539855687200D-04
41 10  1.41155539815933300D-04 -2.82311079671620500D-04 -2.81070517010427000D-30  0.00000000000000000D+00  0.00000000000000000D+00
42  1 -3.08344772041994200D-04 -1.45779081768773600D-03  2.56745160453723100D-03  0.00000000000000000D+00  0.00000000000000000D+00
42  2  1.22104941629403200D-03  0.00000000000000000D+00  0.00000000000000000D+00 -1.82639109007838100D-03 -7.06223463150731200D-06
42  3 -7.06223463055610000D-06  1.41244692620636400D-05  6.72533231947253700D-32  0.00000000000000000D+00  0.00000000000000000D+00
42  4 -1.56563958961725400D-03  0.00000000000000000D+00  0.00000000000000000D+00  1.70543772573764100D-04  7.70222368512359200D-06
42  5  7.70222368468284700D-06 -1.54044473695605800D-05 -3.11618850425585100D-32  0.00000000000000000D+00  0.00000000000000000D+00
42  6  4.05813306648300500D-05  9.54905993005147500D-05 -1.34066204324241800D-04  0.00000000000000000D+00  0.00000000000000000D+00
42  7 -3.89400431522038100D-04  0.00000000000000000D+00  0.00000000000000000D+00  3.42925228548883700D-04  5.84753870684237000D-01
42  8  5.84753870594565600D-01 -1.16950774127880300D+00 -6.34000730252722900D-27  0.00000000000000000D+00  0.00000000000000000D+00
42  9  8.62045516392503700D-05  0.00000000000000000D+00  0.00000000000000000D+00 -8.11736789270087300D-05 -2.88236898769884600D-01
42 10 -2.88236898724414900D-01  5.76473797494299500D-01  3.21482389292939400D-27  0.00000000000000000D+00  0.00000000000000000D+00
43  1  0.00000000000000000D+00  0.00000000000000000D+00  0.00000000000000000D+00 -9.96591525549342400D-21 -1.62761122778543600D-04
43  2  0.00000000000000000D+00  2.66835281113441700D-20  4.35789476807083100D-04  0.00000000000000000D+00  0.00000000000000000D+00
43  3  0.00000000000000000D+00  0.00000000000000000D+00  0.00000000000000000D+00  4.95064499709541000D-23  8.08528386553427100D-07
43  4  0.00000000000000000D+00 -4.37022108874287000D-20 -7.13734838154652800D-04  0.00000000000000000D+00  0.00000000000000000D+00
43  5  0.00000000000000000D+00  0.00000000000000000D+00  0.00000000000000000D+00 -5.05986749401106200D-23 -8.26366363071307300D-07
43  6  0.00000000000000000D+00  0.00000000000000000D+00  0.00000000000000000D+00  1.92403376762393900D-20  3.14228937587728600D-04
43  7  0.00000000000000000D+00 -1.48096799355819300D-20 -2.41868415746110000D-04  0.00000000000000000D+00  0.00000000000000000D+00
43  8  0.00000000000000000D+00  0.00000000000000000D+00  0.00000000000000000D+00  7.16093056670215700D-17  1.16950733504700000D+00
43  9  0.00000000000000000D+00 -3.12316460605748600D-22 -5.10068332784509500D-06  0.00000000000000000D+00  0.00000000000000000D+00
43 10  0.00000000000000000D+00  0.00000000000000000D+00  0.00000000000000000D+00 -3.52981433199197600D-17 -5.76481466223709800D-01
44  1  0.00000000000000000D+00  0.00000000000000000D+00  0.00000000000000000D+00 -1.62761122778575000D-04  9.96591525549534900D-21
44  2  0.00000000000000000D+00  4.35789476807099400D-04 -2.66835281113451700D-20  0.00000000000000000D+00  0.00000000000000000D+00
44  3  0.00000000000000000D+00  0.00000000000000000D+00  0.00000000000000000D+00  8.08528386352062100D-07 -4.95064499586244500D-23
44  4  0.00000000000000000D+00 -7.13734838154651300D-04  4.37022108874286100D-20  0.00000000000000000D+00  0.00000000000000000D+00
44  5  0.00000000000000000D+00  0.00000000000000000D+00  0.00000000000000000D+00 -8.26366363613755500D-07  5.05986749733248900D-23
44  6  0.00000000000000000D+00  0.00000000000000000D+00  0.00000000000000000D+00  3.14228937587799000D-04 -1.92403376762436900D-20
44  7  0.00000000000000000D+00 -2.41868415747128600D-04  1.48096799356443000D-20  0.00000000000000000D+00  0.00000000000000000D+00
44  8  0.00000000000000000D+00  0.00000000000000000D+00  0.00000000000000000D+00  1.16950733504700000D+00 -7.16093056670215900D-17
44  9  0.00000000000000000D+00 -5.10068332749369900D-06  3.12316460584232400D-22  0.00000000000000000D+00  0.00000000000000000D+00
44 10  0.00000000000000000D+00  0.00000000000000000D+00  0.00000000000000000D+00 -5.76481466223709400D-01  3.52981433199197400D-17
45  1  0.00000000000000000D+00  0.00000000000000000D+00  0.00000000000000000D+00  0.00000000000000000D+00  0.00000000000000000D+00
45  2  0.00000000000000000D+00  0.00000000000000000D+00  0.00000000000000000D+00  0.00000000000000000D+00  2.03623826079953800D-24
45  3 -2.03623826079953800D-24  0.00000000000000000D+00  1.92000099352309100D-08  0.00000000000000000D+00  0.00000000000000000D+00
45  4  0.00000000000000000D+00  0.00000000000000000D+00  0.00000000000000000D+00  0.00000000000000000D+00 -2.06539586135113300D-24
45  5  2.06539586135113300D-24  0.00000000000000000D+00 -1.94749415240609300D-08  0.00000000000000000D+00  0.00000000000000000D+00
45  6  0.00000000000000000D+00  0.00000000000000000D+00  0.00000000000000000D+00  0.00000000000000000D+00  0.00000000000000000D+00
45  7  0.00000000000000000D+00  0.00000000000000000D+00  0.00000000000000000D+00  0.00000000000000000D+00 -1.24031050840158000D-16
45  8  1.24031050840158000D-16  0.00000000000000000D+00 -1.16950823204407200D+00  0.00000000000000000D+00  0.00000000000000000D+00
45  9  0.00000000000000000D+00  0.00000000000000000D+00  0.00000000000000000D+00  0.00000000000000000D+00  6.11414386099266000D-17
45 10 -6.11414386099266000D-17  0.00000000000000000D+00  5.76512214392807600D-01  0.00000000000000000D+00  0.00000000000000000D+00
46  1  0.00000000000000000D+00  0.00000000000000000D+00  0.00000000000000000D+00  0.00000000000000000D+00  0.00000000000000000D+00
46  2  0.00000000000000000D+00  0.00000000000000000D+00  0.00000000000000000D+00  0.00000000000000000D+00 -1.66276979091229600D-08
46  3  1.66276980609999700D-08  0.00000000000000000D+00  2.35124564625521700D-24  0.00000000000000000D+00  0.00000000000000000D+00
46  4  0.00000000000000000D+00  0.00000000000000000D+00  0.00000000000000000D+00  0.00000000000000000D+00  1.68657957709477400D-08
46  5 -1.68657954644274600D-08  0.00000000000000000D+00 -2.38491392809428000D-24  0.00000000000000000D+00  0.00000000000000000D+00
46  6  0.00000000000000000D+00  0.00000000000000000D+00  0.00000000000000000D+00  0.00000000000000000D+00  0.00000000000000000D+00
46  7  0.00000000000000000D+00  0.00000000000000000D+00  0.00000000000000000D+00  0.00000000000000000D+00  1.01282383885943400D+00
46  8 -1.01282383891120600D+00  5.17718117636977000D-11 -1.43218721180892400D-16  0.00000000000000000D+00  0.00000000000000000D+00
46  9  0.00000000000000000D+00  0.00000000000000000D+00  0.00000000000000000D+00  0.00000000000000000D+00 -4.99274223243327300D-01
46 10  4.99274223269580400D-01 -2.62530040965372400D-11  7.06000520802009800D-17  0.00000000000000000D+00  0.00000000000000000D+00
47  1  0.00000000000000000D+00  0.00000000000000000D+00  0.00000000000000000D+00  0.00000000000000000D+00  0.00000000000000000D+00
47  2  0.00000000000000000D+00  0.00000000000000000D+00  0.00000000000000000D+00  0.00000000000000000D+00  0.00000000000000000D+00
47  3  0.00000000000000000D+00  0.00000000000000000D+00  0.00000000000000000D+00  0.00000000000000000D+00  0.00000000000000000D+00
47  4  0.00000000000000000D+00  0.00000000000000000D+00  0.00000000000000000D+00  0.00000000000000000D+00  4.47213595499956800D-01
47  5  4.47213595499956900D-01  4.47213595499956700D-01  0.00000000000000000D+00  0.00000000000000000D+00  0.00000000000000000D+00
47  6  0.00000000000000000D+00  0.00000000000000000D+00  0.00000000000000000D+00  0.00000000000000000D+00  0.00000000000000000D+00
47  7  0.00000000000000000D+00  0.00000000000000000D+00  0.00000000000000000D+00  0.00000000000000000D+00  0.00000000000000000D+00
47  8  0.00000000000000000D+00  0.00000000000000000D+00  0.00000000000000000D+00  0.00000000000000000D+00  0.00000000000000000D+00
47  9  0.00000000000000000D+00  0.00000000000000000D+00  0.00000000000000000D+00  0.00000000000000000D+00  0.00000000000000000D+00
47 10  0.00000000000000000D+00  0.00000000000000000D+00  0.00000000000000000D+00  0.00000000000000000D+00  0.00000000000000000D+00
48  1  0.00000000000000000D+00  0.00000000000000000D+00  0.00000000000000000D+00  0.00000000000000000D+00  0.00000000000000000D+00
48  2  0.00000000000000000D+00  0.00000000000000000D+00  0.00000000000000000D+00  0.00000000000000000D+00  4.47213595499956500D-01
48  3  4.47213595499956500D-01  4.47213595499956400D-01  0.00000000000000000D+00  0.00000000000000000D+00  0.00000000000000000D+00
48  4  0.00000000000000000D+00  0.00000000000000000D+00  0.00000000000000000D+00  0.00000000000000000D+00  0.00000000000000000D+00
48  5  0.00000000000000000D+00  0.00000000000000000D+00  0.00000000000000000D+00  0.00000000000000000D+00  0.00000000000000000D+00
48  6  0.00000000000000000D+00  0.00000000000000000D+00  0.00000000000000000D+00  0.00000000000000000D+00  0.00000000000000000D+00
48  7  0.00000000000000000D+00  0.00000000000000000D+00  0.00000000000000000D+00  0.00000000000000000D+00  0.00000000000000000D+00
48  8  0.00000000000000000D+00  0.00000000000000000D+00  0.00000000000000000D+00  0.00000000000000000D+00  0.00000000000000000D+00
48  9  0.00000000000000000D+00  0.00000000000000000D+00  0.00000000000000000D+00  0.00000000000000000D+00  0.00000000000000000D+00
48 10  0.00000000000000000D+00  0.00000000000000000D+00  0.00000000000000000D+00  0.00000000000000000D+00  0.00000000000000000D+00
49  1  0.00000000000000000D+00  0.00000000000000000D+00  0.00000000000000000D+00  0.00000000000000000D+00  0.00000000000000000D+00
49  2  0.00000000000000000D+00  0.00000000000000000D+00  0.00000000000000000D+00  0.00000000000000000D+00  0.00000000000000000D+00
49  3  0.00000000000000000D+00  0.00000000000000000D+00  0.00000000000000000D+00  0.00000000000000000D+00  0.00000000000000000D+00
49  4  0.00000000000000000D+00  0.00000000000000000D+00  0.00000000000000000D+00  0.00000000000000000D+00  0.00000000000000000D+00
49  5  0.00000000000000000D+00  0.00000000000000000D+00  0.00000000000000000D+00  0.00000000000000000D+00  0.00000000000000000D+00
49  6  0.00000000000000000D+00  0.00000000000000000D+00  0.00000000000000000D+00  0.00000000000000000D+00  0.00000000000000000D+00
49  7  0.00000000000000000D+00  0.00000000000000000D+00  0.00000000000000000D+00  0.00000000000000000D+00  0.00000000000000000D+00
49  8  0.00000000000000000D+00  0.00000000000000000D+00  0.00000000000000000D+00  0.00000000000000000D+00  0.00000000000000000D+00
49  9  0.00000000000000000D+00  0.00000000000000000D+00  0.00000000000000000D+00  0.00000000000000000D+00  4.47213595499957000D-01
49 10  4.47213595499957000D-01  4.47213595499957000D-01  0.00000000000000000D+00  0.00000000000000000D+00  0.00000000000000000D+00
50  1  0.00000000000000000D+00  0.00000000000000000D+00  0.00000000000000000D+00  0.00000000000000000D+00  0.00000000000000000D+00
50  2  0.00000000000000000D+00  0.00000000000000000D+00  0.00000000000000000D+00  0.00000000000000000D+00  0.00000000000000000D+00
50  3  0.00000000000000000D+00  0.00000000000000000D+00  0.00000000000000000D+00  0.00000000000000000D+00  0.00000000000000000D+00
50  4  0.00000000000000000D+00  0.00000000000000000D+00  0.00000000000000000D+00  0.00000000000000000D+00  0.00000000000000000D+00
50  5  0.00000000000000000D+00  0.00000000000000000D+00  0.00000000000000000D+00  0.00000000000000000D+00  0.00000000000000000D+00
50  6  0.00000000000000000D+00  0.00000000000000000D+00  0.00000000000000000D+00  0.00000000000000000D+00  0.00000000000000000D+00
50  7  0.00000000000000000D+00  0.00000000000000000D+00  0.00000000000000000D+00  0.00000000000000000D+00 -4.47213595499957400D-01
50  8 -4.47213595499957400D-01 -4.47213595499957400D-01  0.00000000000000000D+00  0.00000000000000000D+00  0.00000000000000000D+00
50  9  0.00000000000000000D+00  0.00000000000000000D+00  0.00000000000000000D+00  0.00000000000000000D+00  0.00000000000000000D+00
50 10  0.00000000000000000D+00  0.00000000000000000D+00  0.00000000000000000D+00  0.00000000000000000D+00  0.00000000000000000D+00
 $END
 POPULATION ANALYSIS
LI           2.00019   0.99981   2.00078   0.99922
F            9.99981  -0.99981   9.99922  -0.99922
 MOMENTS AT POINT    1 X,Y,Z=  0.000000  0.000000 12.144643
 DIPOLE       0.000000  0.000000-42.211987
- - - NO-S OF CI STATE  1 E=     -106.7701311776 CREATED  9:58:29  7-MAY-2026    
 $OCCNO 
    2.0000000000    2.0000000000    2.0000000000    1.9992940757    1.9992940757
    1.0066516334    0.9932813918    0.0005536001    0.0005536001    0.0002382709
    0.0001324926    0.0000003430    0.0000003430    0.0000001537    0.0000000063
    0.0000000045    0.0000000045    0.0000000016    0.0000000016    0.0000000005
    0.0000000003    0.0000000002    0.0000000001    0.0000000001    0.0000000000
    0.0000000000    0.0000000000    0.0000000000    0.0000000000    0.0000000000
    0.0000000000    0.0000000000
 $END   
 $VEC   
 1  1  1.57737594891216200D-05  7.62687967463683100D-05 -1.25347511640013000D-04  0.00000000000000000D+00  0.00000000000000000D+00
 1  2  2.74651672415739500D-05  0.00000000000000000D+00  0.00000000000000000D+00 -6.47284954722165300D-05  3.90132705273299900D-07
 1  3  3.90132705278021600D-07 -7.80265410462471100D-07  0.00000000000000000D+00  0.00000000000000000D+00  0.00000000000000000D+00
 1  4  6.62946831769047500D-05  0.00000000000000000D+00  0.00000000000000000D+00  8.86929457900000000D-05 -4.28259229682832100D-07
 1  5 -4.28259229653938100D-07  8.56518459161676500D-07  0.00000000000000000D+00  0.00000000000000000D+00  0.00000000000000000D+00
 1  6 -1.00068379204897600D+00 -5.08785468939681300D-04  3.37277247090991600D-03  0.00000000000000000D+00  0.00000000000000000D+00
 1  7  1.81920100624265600D-05  0.00000000000000000D+00  0.00000000000000000D+00 -1.11420630174793800D-05 -3.84684299763742500D-07
 1  8 -3.84684270090975900D-07  7.69368569518724500D-07  0.00000000000000000D+00  0.00000000000000000D+00  0.00000000000000000D+00
 1  9 -1.10107129249380500D-03  0.00000000000000000D+00  0.00000000000000000D+00  1.29470511773275900D-05  8.84989910891645400D-08
 1 10  8.84989662563000300D-08 -1.76997957345464600D-07  0.00000000000000000D+00  0.00000000000000000D+00  0.00000000000000000D+00
 2  1 -1.00008227441441800D+00  1.09392231145205600D-03  1.07003913236843100D-03  0.00000000000000000D+00  0.00000000000000000D+00
 2  2  5.68927465713823400D-04  0.00000000000000000D+00  0.00000000000000000D+00 -4.82785036234863900D-04 -1.20631618024822000D-05
 2  3 -1.20631618025077600D-05  2.41263236050694300D-05  0.00000000000000000D+00  0.00000000000000000D+00  0.00000000000000000D+00
 2  4 -1.30723087163402800D-03  0.00000000000000000D+00  0.00000000000000000D+00  4.77523381716933700D-05  8.51845017817502900D-06
 2  5  8.51845017821035800D-06 -1.70369003563687100D-05  0.00000000000000000D+00  0.00000000000000000D+00  0.00000000000000000D+00
 2  6  7.19162239545562800D-06  1.30470075284181800D-05 -4.24400078916458100D-05  0.00000000000000000D+00  0.00000000000000000D+00
 2  7 -3.12022097796960300D-06  0.00000000000000000D+00  0.00000000000000000D+00  1.55083786738200200D-05  1.20426689094264900D-07
 2  8  1.20426694925626800D-07 -2.40853384129754400D-07  0.00000000000000000D+00  0.00000000000000000D+00  0.00000000000000000D+00
 2  9  6.87757750473837800D-05  0.00000000000000000D+00  0.00000000000000000D+00 -4.20596354597323600D-05 -4.18039611122053900D-07
 2 10 -4.18039586004166000D-07  8.36079197126219900D-07  0.00000000000000000D+00  0.00000000000000000D+00  0.00000000000000000D+00
 3  1 -1.15037368417727900D-04 -5.47174003472928000D-04  9.31534758968147400D-04  0.00000000000000000D+00  0.00000000000000000D+00
 3  2 -1.68804359938445000D-04  0.00000000000000000D+00  0.00000000000000000D+00  4.39845700066931100D-04  1.14488487060239700D-06
 3  3  1.14488487054933000D-06 -2.28976974117346500D-06  0.00000000000000000D+00  0.00000000000000000D+00  0.00000000000000000D+00
 3  4 -5.20283311078143700D-04  0.00000000000000000D+00  0.00000000000000000D+00 -6.75224231448815900D-04 -1.96343632140113700D-06
 3  5 -1.96343632199780000D-06  3.92687264347030800D-06  0.00000000000000000D+00  0.00000000000000000D+00  0.00000000000000000D+00
 3  6 -6.35461445758358700D-03  4.90902826123052200D-01  5.54527567974336800D-01  0.00000000000000000D+00  0.00000000000000000D+00
 3  7 -3.73100897576010900D-04  0.00000000000000000D+00  0.00000000000000000D+00 -8.91914805974765200D-04  2.22590443982208900D-06
 3  8  2.22590443659873500D-06 -4.45180887666383600D-06  0.00000000000000000D+00  0.00000000000000000D+00  0.00000000000000000D+00
 3  9  5.62838558062789500D-02  0.00000000000000000D+00  0.00000000000000000D+00 -5.41311540010227700D-04 -3.96233394829300300D-05
 3 10 -3.96233394399023800D-05  7.92466789228323900D-05  0.00000000000000000D+00  0.00000000000000000D+00  0.00000000000000000D+00
 4  1  0.00000000000000000D+00  0.00000000000000000D+00  0.00000000000000000D+00  9.78899606624159400D-11  1.42431554058787900D-04
 4  2  0.00000000000000000D+00 -2.12739545203042000D-10 -3.09539814329340200D-04  0.00000000000000000D+00  0.00000000000000000D+00
 4  3  0.00000000000000000D+00  0.00000000000000000D+00  0.00000000000000000D+00  0.00000000000000000D+00 -1.14542501238153700D-05
 4  4  0.00000000000000000D+00  2.58033264583954000D-10  3.75443077877598100D-04  0.00000000000000000D+00  0.00000000000000000D+00
 4  5  0.00000000000000000D+00  0.00000000000000000D+00  0.00000000000000000D+00  0.00000000000000000D+00  1.21543915421101600D-05
 4  6  0.00000000000000000D+00  0.00000000000000000D+00  0.00000000000000000D+00  4.46906571670728300D-07  6.50257175375172200D-01
 4  7  0.00000000000000000D+00  3.43931141800993600D-07  5.00426055393576300D-01  0.00000000000000000D+00  0.00000000000000000D+00
 4  8  0.00000000000000000D+00  0.00000000000000000D+00  0.00000000000000000D+00 -3.73503424441178000D-11 -5.43454263516774800D-05
 4  9  0.00000000000000000D+00  7.10330850960004800D-09  1.03354428459965500D-02  0.00000000000000000D+00  0.00000000000000000D+00
 4 10  0.00000000000000000D+00  0.00000000000000000D+00  0.00000000000000000D+00 -6.71916260132375700D-10 -9.77650357146335600D-04
 5  1  0.00000000000000000D+00  0.00000000000000000D+00  0.00000000000000000D+00 -1.42431670189640500D-04  9.78898811707921000D-11
 5  2  0.00000000000000000D+00  3.09539900812016700D-04 -2.12739486215727500D-10  0.00000000000000000D+00  0.00000000000000000D+00
 5  3  0.00000000000000000D+00  0.00000000000000000D+00  0.00000000000000000D+00  1.14542104718445300D-05  0.00000000000000000D+00
 5  4  0.00000000000000000D+00 -3.75443084513914600D-04  2.58033260296902700D-10  0.00000000000000000D+00  0.00000000000000000D+00
 5  5  0.00000000000000000D+00  0.00000000000000000D+00  0.00000000000000000D+00 -1.21543758762028900D-05  0.00000000000000000D+00
 5  6  0.00000000000000000D+00  0.00000000000000000D+00  0.00000000000000000D+00 -6.50257175375241500D-01  4.46906571669795800D-07
 5  7  0.00000000000000000D+00 -5.00426055393795600D-01  3.43931141801345300D-07  0.00000000000000000D+00  0.00000000000000000D+00
 5  8  0.00000000000000000D+00  0.00000000000000000D+00  0.00000000000000000D+00  5.43454263516383900D-05 -3.73503424448097500D-11
 5  9  0.00000000000000000D+00 -1.03354428452807600D-02  7.10330850528952400D-09  0.00000000000000000D+00  0.00000000000000000D+00
 5 10  0.00000000000000000D+00  0.00000000000000000D+00  0.00000000000000000D+00  9.77650357143440500D-04 -6.71916260128706300D-10
 6  1  2.00051949299179100D-03  7.12380073237291200D-01 -9.74969149430037500D-03  0.00000000000000000D+00  0.00000000000000000D+00
 6  2  1.27037678714112400D-04  0.00000000000000000D+00  0.00000000000000000D+00  2.49407176882028100D-04  1.01423405495875400D-04
 6  3  1.01423405906693200D-04 -2.02846811402592000D-04  0.00000000000000000D+00  0.00000000000000000D+00  0.00000000000000000D+00
 6  4  6.74666471884173400D-03  0.00000000000000000D+00  0.00000000000000000D+00  8.44373300920442300D-04 -1.46762814529263500D-04
 6  5 -1.46762814969783700D-04  2.93525629499134600D-04  0.00000000000000000D+00  0.00000000000000000D+00  0.00000000000000000D+00
 6  6 -2.31369752637448400D-04 -1.06722751017245200D-03 -2.18378117999998600D-05  0.00000000000000000D+00  0.00000000000000000D+00
 6  7 -4.60888874853114400D-01  0.00000000000000000D+00  0.00000000000000000D+00 -3.58626258623322200D-01 -2.36544607346565400D-05
 6  8 -2.36544605584259000D-05  4.73089212929463900D-05  0.00000000000000000D+00  0.00000000000000000D+00  0.00000000000000000D+00
 6  9 -2.23932964261781100D-04  0.00000000000000000D+00  0.00000000000000000D+00  7.64938900005253600D-03 -4.04021860096989100D-04
 6 10 -4.04021860274632600D-04  8.08043720371622000D-04  0.00000000000000000D+00  0.00000000000000000D+00  0.00000000000000000D+00
 7  1 -1.37811069987803500D-03 -7.08621314811187000D-01  4.59839262673541700D-03  0.00000000000000000D+00  0.00000000000000000D+00
 7  2 -6.91854535698104500D-04  0.00000000000000000D+00  0.00000000000000000D+00  1.03088859096345700D-04  3.78650342061760400D-05
 7  3  3.78650339334850300D-05 -7.57300681395631700D-05  0.00000000000000000D+00  0.00000000000000000D+00  0.00000000000000000D+00
 7  4 -3.64182928238278200D-03  0.00000000000000000D+00  0.00000000000000000D+00  9.35826179729952100D-04 -4.87165436981670800D-06
 7  5 -4.87165402033084800D-06  9.74330839012125500D-06  0.00000000000000000D+00  0.00000000000000000D+00  0.00000000000000000D+00
 7  6 -2.26212256428959600D-04 -8.98327232829495700D-04  3.32084592876391100D-04  0.00000000000000000D+00  0.00000000000000000D+00
 7  7 -4.61838370017408600D-01  0.00000000000000000D+00  0.00000000000000000D+00 -3.59937533924083400D-01 -2.15429701301227900D-05
 7  8 -2.15429702724686100D-05  4.30859404028900900D-05  0.00000000000000000D+00  0.00000000000000000D+00  0.00000000000000000D+00
 7  9 -4.58168771537920500D-04  0.00000000000000000D+00  0.00000000000000000D+00  1.00416916871065800D-02 -4.02458257227826500D-04
 7 10 -4.02458256897703000D-04  8.04916514125529100D-04  0.00000000000000000D+00  0.00000000000000000D+00  0.00000000000000000D+00
 8  1  0.00000000000000000D+00  0.00000000000000000D+00  0.00000000000000000D+00  6.84958207484316900D-03  9.04350600674389400D-08
 8  2  0.00000000000000000D+00 -1.80283278038442400D-02 -2.38028602449076200D-07  0.00000000000000000D+00  0.00000000000000000D+00
 8  3  0.00000000000000000D+00  0.00000000000000000D+00  0.00000000000000000D+00 -2.49074664139695700D-04 -3.28858913194260200D-09
 8  4  0.00000000000000000D+00  2.37787049475145400D-02  3.13951358981322000D-07  0.00000000000000000D+00  0.00000000000000000D+00
 8  5  0.00000000000000000D+00  0.00000000000000000D+00  0.00000000000000000D+00  1.16075757175640100D-04  1.53256843491821100D-09
 8  6  0.00000000000000000D+00  0.00000000000000000D+00  0.00000000000000000D+00  1.27007530841187100D-01  1.67688614963514300D-06
 8  7  0.00000000000000000D+00  3.82561333470645500D-01  5.05097451530315300D-06  0.00000000000000000D+00  0.00000000000000000D+00
 8  8  0.00000000000000000D+00  0.00000000000000000D+00  0.00000000000000000D+00 -1.86300207979005300D-04 -2.45973004019478200D-09
 8  9  0.00000000000000000D+00 -1.15063096428117400D+00 -1.51918324429076100D-05  0.00000000000000000D+00  0.00000000000000000D+00
 8 10  0.00000000000000000D+00  0.00000000000000000D+00  0.00000000000000000D+00  8.44748849963113500D-04  1.11532571201389100D-08
 9  1  0.00000000000000000D+00  0.00000000000000000D+00  0.00000000000000000D+00  9.04353398026040700D-08 -6.84956082548403900D-03
 9  2  0.00000000000000000D+00 -2.38028822928236300D-07  1.80283110299221000D-02  0.00000000000000000D+00  0.00000000000000000D+00
 9  3  0.00000000000000000D+00  0.00000000000000000D+00  0.00000000000000000D+00 -3.28858492557257900D-09  2.49078241772964300D-04
 9  4  0.00000000000000000D+00  3.13951312178394900D-07 -2.37787084834036100D-02  0.00000000000000000D+00  0.00000000000000000D+00
 9  5  0.00000000000000000D+00  0.00000000000000000D+00  0.00000000000000000D+00  1.53258753143769800D-09 -1.16077020028166600D-04
 9  6  0.00000000000000000D+00  0.00000000000000000D+00  0.00000000000000000D+00  1.67688614956375900D-06 -1.27007530840195700D-01
 9  7  0.00000000000000000D+00  5.05097451473847300D-06 -3.82561333496500000D-01  0.00000000000000000D+00  0.00000000000000000D+00
 9  8  0.00000000000000000D+00  0.00000000000000000D+00  0.00000000000000000D+00 -2.45973003611029900D-09  1.86300208280269200D-04
 9  9  0.00000000000000000D+00 -1.51918324409296600D-05  1.15063096438291600D+00  0.00000000000000000D+00  0.00000000000000000D+00
 9 10  0.00000000000000000D+00  0.00000000000000000D+00  0.00000000000000000D+00  1.11532571099370500D-08 -8.44748850699439700D-04
10  1  1.24290974598972600D-02  6.14618917087159900D-02 -1.04258098085531100D-01  0.00000000000000000D+00  0.00000000000000000D+00
10  2 -1.56526990247418400D-02  0.00000000000000000D+00  0.00000000000000000D+00  1.39935130837943600D-02  2.53507249088565000D-03
10  3  2.53507248793269600D-03 -5.07014497881825900D-03  0.00000000000000000D+00  0.00000000000000000D+00  0.00000000000000000D+00
10  4  6.48860667923104300D-02  0.00000000000000000D+00  0.00000000000000000D+00  3.47876548356366200D-02 -2.77476894085235900D-03
10  5 -2.77476893999227700D-03  5.54953788084470400D-03  0.00000000000000000D+00  0.00000000000000000D+00  0.00000000000000000D+00
10  6 -1.15230340322719200D-03 -6.60028603495921200D-04  1.15174483347797200D-02  0.00000000000000000D+00  0.00000000000000000D+00
10  7 -1.14420899804590700D-01  0.00000000000000000D+00  0.00000000000000000D+00 -3.73646523701995000D-01 -1.09662360459799100D-04
10  8 -1.09662360453602000D-04  2.19324720913244100D-04  0.00000000000000000D+00  0.00000000000000000D+00  0.00000000000000000D+00
10  9 -1.98663651153409100D-02  0.00000000000000000D+00  0.00000000000000000D+00  1.15487163991964100D+00  5.03506890319506600D-04
10 10  5.03506890265320300D-04 -1.00701378058482700D-03  0.00000000000000000D+00  0.00000000000000000D+00  0.00000000000000000D+00
11  1 -1.62566003870479000D-02 -7.92230279241257400D-02  1.29766544048111300D-01  0.00000000000000000D+00  0.00000000000000000D+00
11  2 -2.63698185951354300D-02  0.00000000000000000D+00  0.00000000000000000D+00  6.44142625630486500D-02 -2.98144335006287200D-04
11  3 -2.98144137124787400D-04  5.96288472131212100D-04  0.00000000000000000D+00  0.00000000000000000D+00  0.00000000000000000D+00
11  4 -6.94650783801710100D-02  0.00000000000000000D+00  0.00000000000000000D+00 -9.09930467175870900D-02  2.74528225200991800D-04
11  5  2.74528135233228300D-04 -5.49056360434179100D-04  0.00000000000000000D+00  0.00000000000000000D+00  0.00000000000000000D+00
11  6  5.85020796218058100D-02 -5.26143487504379300D-02 -9.00092978399709900D-01  0.00000000000000000D+00  0.00000000000000000D+00
11  7  3.15603511149920400D-04  0.00000000000000000D+00  0.00000000000000000D+00 -1.21876568095666300D-03  2.56016589924789100D-05
11  8  2.56016590822419200D-05 -5.12033180749770900D-05  0.00000000000000000D+00  0.00000000000000000D+00  0.00000000000000000D+00
11  9  1.43898164723770100D+00  0.00000000000000000D+00  0.00000000000000000D+00 -1.00328554494821800D-04 -1.42672086846697400D-04
11 10 -1.42672086939585100D-04  2.85344173786282200D-04  0.00000000000000000D+00  0.00000000000000000D+00  0.00000000000000000D+00
12  1  9.02127970201894900D-11  4.24124000032667000D-10 -7.31904661882472500D-10 -8.25160060520506600D-01 -1.57532311329605200D-09
12  2 -2.47807991576090700D-10 -1.44847698451121300D-01 -2.39909863864850100D-10  1.80691599103000800D-10  3.58433251417597000D-11
12  3  3.31883868025557900D-11 -6.90317119443154400D-11 -5.62122268567191700D-11  1.74411530700774400D-01  3.00271722002129400D-10
12  4  4.11931766664483000D-10 -4.25403592472761400D-02 -8.17167287057130200D-11  1.83197575879497000D-10 -2.82437112167415000D-11
12  5 -2.62196948699373000D-11  5.44634060866788900D-11  4.25957160324946200D-11 -3.74797659648717000D-01 -6.88661706534574800D-10
12  6  0.00000000000000000D+00  0.00000000000000000D+00  1.78161761403990100D-11 -1.33615124334690000D-04  0.00000000000000000D+00
12  7  0.00000000000000000D+00 -1.00200937654581600D-03  0.00000000000000000D+00  0.00000000000000000D+00  0.00000000000000000D+00
12  8  0.00000000000000000D+00  0.00000000000000000D+00  0.00000000000000000D+00  8.86768214698727500D-06  0.00000000000000000D+00
12  9 -4.70496751269883400D-11  3.46348928061901100D-03  0.00000000000000000D+00  2.19563015133978400D-11  0.00000000000000000D+00
12 10  0.00000000000000000D+00  0.00000000000000000D+00  0.00000000000000000D+00 -1.78660976683941000D-05  0.00000000000000000D+00
13  1  2.73525450297686700D-11  1.29750268681302500D-10 -2.19945229187677400D-10  1.54777599492591000D-09 -8.25162321705057200D-01
13  2 -7.49523670070722900D-11  2.72293122660359100D-10 -1.44846633336696900D-01  5.21946776007520900D-11  0.00000000000000000D+00
13  3  0.00000000000000000D+00 -1.86047858471258200D-11 -1.62513893684574500D-11 -3.28916958468934600D-10  1.74411827344848400D-01
13  4  1.20307577950177200D-10  7.97458999481879300D-11 -4.25373421523980200D-02  5.28787434497818800D-11  0.00000000000000000D+00
13  5  0.00000000000000000D+00  1.28404281687426200D-11  1.23086212773583200D-11  7.04292926959113200D-10 -3.74798357699845100D-01
13  6  0.00000000000000000D+00  0.00000000000000000D+00  0.00000000000000000D+00  0.00000000000000000D+00 -1.33616038666899500D-04
13  7  0.00000000000000000D+00  0.00000000000000000D+00 -1.00199107535246300D-03  0.00000000000000000D+00  0.00000000000000000D+00
13  8  0.00000000000000000D+00  0.00000000000000000D+00  0.00000000000000000D+00  0.00000000000000000D+00  8.86747818843561400D-06
13  9 -1.36132972389699800D-11  0.00000000000000000D+00  3.46341330032143200D-03  0.00000000000000000D+00  0.00000000000000000D+00
13 10  0.00000000000000000D+00  0.00000000000000000D+00  0.00000000000000000D+00  0.00000000000000000D+00 -1.78655615201692200D-05
14  1  8.62544432251507900D-04  1.92873162217708000D-03 -7.50125719330106400D-03  0.00000000000000000D+00 -1.36871138880882700D-11
14  2  6.89937757504055300D-01  0.00000000000000000D+00  0.00000000000000000D+00  3.14244467697233300D-01  1.23328480602875900D-01
14  3  1.23328481697945400D-01 -2.46656962300821200D-01  0.00000000000000000D+00 -6.43318327015587400D-11 -4.36283215765244900D-10
14  4  6.92450242052731600D-03  0.00000000000000000D+00  0.00000000000000000D+00 -4.93309925235205400D-02 -2.48955468613045100D-01
14  5 -2.48955468690405700D-01  4.97910937303450700D-01  0.00000000000000000D+00  5.34558633218814100D-11  3.62565457950801300D-10
14  6 -9.69045704706617600D-05 -9.93204702463341700D-05  1.02486838592502400D-03  0.00000000000000000D+00  0.00000000000000000D+00
14  7 -2.63155106920644500D-04  0.00000000000000000D+00  0.00000000000000000D+00 -2.88605285644403700D-03 -1.94774529925547800D-05
14  8 -1.94774530208985100D-05  3.89549060136155200D-05  0.00000000000000000D+00  0.00000000000000000D+00  0.00000000000000000D+00
14  9 -3.29626608140114400D-04  0.00000000000000000D+00  0.00000000000000000D+00  1.08440419462293100D-02  3.11119652362749700D-05
14 10  3.11119649594312800D-05 -6.22239301957061600D-05  0.00000000000000000D+00  0.00000000000000000D+00  0.00000000000000000D+00
15  1  2.94624464912918400D-01  1.38500567724530300D+00 -2.39053974176056000D+00  2.24273593320852300D-10  6.22678493301868000D-11
15  2 -8.09223095352494400D-01  3.59137079547621400D-11  0.00000000000000000D+00  5.92103597652792100D-01  1.13186412006299500D-01
15  3  1.13186017745547100D-01 -2.26372429751846500D-01  0.00000000000000000D+00 -1.10244928472592100D-09 -3.93642625684349700D-10
15  4  1.34584601349924600D+00  5.86802140875517600D-11  4.52061818340458300D-11  5.97998644532275900D-01 -8.96808098976720300D-02
15  5 -8.96798932353859000D-02  1.79360703133058300D-01  0.00000000000000000D+00  1.01148543996964000D-09  3.52736476604314600D-10
15  6 -6.50442357107870400D-03 -1.04525544451561500D-02  5.81871188339259900D-02  0.00000000000000000D+00  0.00000000000000000D+00
15  7 -1.10647947528607500D-04  0.00000000000000000D+00  0.00000000000000000D+00 -1.62641283326810700D-02 -5.66444729859600500D-05
15  8 -5.66444734336407800D-05  1.13288946418641600D-04  0.00000000000000000D+00  0.00000000000000000D+00  0.00000000000000000D+00
15  9 -1.53655369549280500D-01  0.00000000000000000D+00  0.00000000000000000D+00  7.17456014420935900D-02  1.44584717349876600D-04
15 10  1.44584717870299500D-04 -2.89169435220176700D-04  0.00000000000000000D+00  0.00000000000000000D+00  0.00000000000000000D+00
16  1  2.16083013814851700D-11  1.22170140152452400D-10 -1.39834061027617300D-10  7.86573790439111500D-01  1.53701662825211700D-07
16  2  1.39681532725788000D-10 -1.28385104914592400D+00 -2.50861989612987600D-07 -1.82893836590148300D-10  1.46987169063889000D-11
16  3  0.00000000000000000D+00 -1.17547595038360700D-11 -2.45647118775214600D-11  3.96578039407152500D-01  7.76400945803645300D-08
16  4  1.62841447293911600D-11  1.10975842846240800D+00  2.16834588484411900D-07  8.75158848520022500D-11 -1.08002494956491800D-11
16  5  0.00000000000000000D+00  0.00000000000000000D+00  2.03335441334719400D-11 -7.83345835634827000D-01 -1.53189671225829900D-07
16  6  0.00000000000000000D+00  0.00000000000000000D+00  0.00000000000000000D+00 -9.08629642673124100D-05 -1.77559231117615700D-11
16  7  0.00000000000000000D+00  6.81171535831209600D-03  1.33093281594517200D-09  0.00000000000000000D+00  0.00000000000000000D+00
16  8  0.00000000000000000D+00  0.00000000000000000D+00  0.00000000000000000D+00 -6.65741902932510100D-05 -1.30078224380860700D-11
16  9 -1.34953749704773300D-11 -2.80829885090070800D-02 -5.48709413158661700D-09  0.00000000000000000D+00  0.00000000000000000D+00
16 10  0.00000000000000000D+00  0.00000000000000000D+00  0.00000000000000000D+00  1.83678314103882900D-04  3.58887433856864100D-11
17  1 -2.31171186360720400D-10 -1.32812359581064400D-09  1.46223254060975400D-09  1.53691042292099700D-07 -7.86586585563774500D-01
17  2  1.44494370788302600D-10 -2.50861193987105200D-07  1.28386354485186200D+00 -2.76496454044683600D-10  3.29452268504489900D-11
17  3  3.42486048309815500D-11 -6.71938316814305200D-11 -1.86785299832759100D-11  7.73727376478725800D-08 -3.96575957922921300D-01
17  4 -9.31391474733513700D-11  2.16848057196639100D-07 -1.10975922183909700D+00  1.42481719201996900D-10 -1.02695270767200400D-10
17  5 -1.03865251778174100D-10  2.06560522545374300D-10  1.55489089794593400D-11 -1.52963887654224900D-07  7.83341335596346100D-01
17  6  0.00000000000000000D+00  0.00000000000000000D+00  0.00000000000000000D+00 -1.77529024637625300D-11  9.08626510961077300D-05
17  7  0.00000000000000000D+00  1.33101642741194800D-09 -6.81171687221846800D-03  0.00000000000000000D+00  0.00000000000000000D+00
17  8  0.00000000000000000D+00  0.00000000000000000D+00  0.00000000000000000D+00 -1.30086837442988000D-11  6.65741829777254100D-05
17  9 -1.77002836033649100D-11 -5.48745282815895700D-09  2.80829984257706400D-02  0.00000000000000000D+00  0.00000000000000000D+00
17 10  0.00000000000000000D+00  0.00000000000000000D+00  0.00000000000000000D+00  3.58908969916188200D-11 -1.83678345657349100D-04
18  1  2.17596108520899500D-09  1.24203914804765100D-08 -1.39016992186351400D-08  2.97246925135236900D-06  5.36825874163533800D-01
18  2 -1.07467443339990700D-09 -5.42778496960561600D-07 -9.80557680274030800D-02  1.97541876583861100D-09 -6.00597477432847000D-10
18  3 -5.83239566730319800D-10  1.18383704416316600D-09  6.23621693093931800D-11  4.87295893360891700D-06  8.79797171783456400D-01
18  4  1.19880812995455500D-09 -3.16616956123439500D-06 -5.71771351053457900D-01 -9.18911696382188000D-10  1.11347439833269200D-09
18  5  1.09870880454865700D-09 -2.21218320288134700D-09 -5.21481700527506600D-11 -8.47107316589185000D-06 -1.52962306446779100D+00
18  6  0.00000000000000000D+00  0.00000000000000000D+00 -3.55311476910081100D-11  2.52141238337922900D-10  4.55379604584133300D-05
18  7  0.00000000000000000D+00 -2.03098631291651800D-08 -3.66772525116836100D-03  0.00000000000000000D+00  0.00000000000000000D+00
18  8  0.00000000000000000D+00  0.00000000000000000D+00  0.00000000000000000D+00  2.05773124748071000D-10  3.71603032820959500D-05
18  9  9.03774149712317500D-11  8.32148133129833100D-08  1.50276046307725700D-02  0.00000000000000000D+00  0.00000000000000000D+00
18 10  0.00000000000000000D+00  0.00000000000000000D+00  0.00000000000000000D+00 -5.44211800026293400D-10 -9.82784296406444400D-05
19  1 -4.90579200771687000D-11 -2.77833456317586800D-10  3.18153035543463700D-10  5.36805239967877000D-01 -2.97269075923569100D-06
19  2  8.01327567913388400D-10 -9.80305163650516700D-02  5.43007217018844800D-07 -1.13101080107541200D-09  2.75873137642372400D-10
19  3  4.18855352816856500D-11 -3.17758672924057000D-10  2.19187254858023800D-11  8.79801879345908700D-01 -4.87080372384884800D-06
19  4 -3.69369619603436500D-11 -5.71772604630230800D-01  3.16616487658812400D-06  6.81602001720276600D-10 -2.05485149298679000D-10
19  5 -1.04571598081106500D-11  2.15942309106788400D-10 -1.83774464434891000D-11 -1.52963026166206700D+00  8.46946118962775200D-06
19  6  0.00000000000000000D+00  0.00000000000000000D+00  3.71085281159472300D-11  4.55370397187688600D-05 -2.52182225616762600D-10
19  7  0.00000000000000000D+00 -3.66772535154295800D-03  2.03099238147359000D-08  0.00000000000000000D+00  0.00000000000000000D+00
19  8  0.00000000000000000D+00  0.00000000000000000D+00  0.00000000000000000D+00  3.71602378367437100D-05 -2.05774074702828900D-10
19  9 -1.00647628018786300D-10  1.50276125856633600D-02 -8.32148575351248600D-08  2.09539507033784300D-11  0.00000000000000000D+00
19 10  0.00000000000000000D+00  0.00000000000000000D+00  0.00000000000000000D+00 -9.82783888779018800D-05  5.44214329542500200D-10
20  1 -8.94981355390552800D-03 -3.72030936461826600D-02  8.34305027090710100D-02 -1.18261618758176200D-09  1.27048106945657000D-09
20  2  1.70674024270814000D+00  7.96718381349036100D-10 -8.04140485149191000D-10 -2.19688310620278600D+00 -2.04191720966223100D-01
20  3 -2.04192457445240500D-01  4.08384178411463200D-01 -8.39080060318670800D-10  1.40348075891144100D-08 -1.70304389651730200D-08
20  4 -6.35356714168612800D-02  4.54351795788905500D-10 -5.30405225079537900D-10  1.00462746563943900D+00  2.37157111741308700D-01
20  5  2.37160267907209300D-01 -4.74317379648517800D-01  6.48436370879262300D-10 -1.00054808751512700D-08  1.21605958880960300D-08
20  6 -6.01496507799839500D-03 -9.72694234492240700D-03  5.29585637703105500D-02  0.00000000000000000D+00  0.00000000000000000D+00
20  7  8.46373948439562700D-04  0.00000000000000000D+00  0.00000000000000000D+00 -4.95714136446252100D-03  1.00549006548811800D-05
20  8  1.00549007736807100D-05 -2.01098014285973700D-05  0.00000000000000000D+00  0.00000000000000000D+00  0.00000000000000000D+00
20  9 -1.44822923723060300D-01 -1.22944074362717300D-11  1.42497202240944100D-11  2.47878372917527200D-02  3.57603392049140400D-05
20 10  3.57603391365702800D-05 -7.15206783414841200D-05  0.00000000000000000D+00  0.00000000000000000D+00  0.00000000000000000D+00
21  1 -6.10460137860865900D-01 -3.53167617158057100D+00  3.81956757244599500D+00 -1.49787995760052000D-10  4.55019217821668300D-09
21  2  1.89507642291218100D-01  1.15542267098713800D-10 -1.06268382500203100D-11 -2.64126381325276900D-01  3.77902046934889200D-01
21  3  3.77894187419156600D-01 -7.55796234354045500D-01 -1.63939193459511600D-08 -7.19362390129770900D-10 -1.66723002301869800D-07
21  4 -1.48775989645178200D-01  7.47672969278101000D-11 -4.57405022431495100D-09  6.66798867304587300D-03 -3.90196482608014000D-01
21  5 -3.90185503832978600D-01  7.80381986440991700D-01  1.25602767736219600D-08  6.06538332530248000D-10  1.20514034243867000D-07
21  6 -8.61663700086364000D-05 -3.84019184941868300D-04 -1.04244118254454000D-03  0.00000000000000000D+00  0.00000000000000000D+00
21  7  3.05892927396225600D-05  0.00000000000000000D+00 -3.09096701361885100D-11  2.05143003462992000D-04  1.11774068109650500D-06
21  8  1.11774032483068700D-06 -2.23548100498111400D-06  0.00000000000000000D+00  0.00000000000000000D+00  0.00000000000000000D+00
21  9  4.72972057245882700D-03  0.00000000000000000D+00  1.15529227596289800D-10 -1.91773811991991500D-03 -6.85621109535100100D-06
21 10 -6.85621016018939600D-06  1.37124212555403600D-05  0.00000000000000000D+00  0.00000000000000000D+00  0.00000000000000000D+00
22  1  6.48368643785364000D-02  4.40641316361991000D-01 -2.94451927140741000D-01 -1.87335626858355700D-09 -2.26779585533598000D-08
22  2 -1.09039200915197600D-01  2.15631073405387900D-09  2.91734791167461100D-08 -2.91188407725601200D-01  4.24374885736821300D-01
22  3  4.24372588357256600D-01 -8.48747474094077900D-01 -5.01490925939994300D-08 -1.32635170574954200D-09 -1.23543399279574700D-07
22  4 -2.43831085874445300D-01 -9.65531415796291400D-11 -3.88273873627269700D-09  2.62533664627314800D-01 -8.11325122855900100D-01
22  5 -8.11323139359969200D-01  1.62264826221586900D+00  3.82472403631564900D-08  6.87012020427014500D-10  8.59100910067862600D-08
22  6 -1.10781372899257500D-03 -1.74759254861568400D-03  1.00001054069333200D-02  0.00000000000000000D+00  0.00000000000000000D+00
22  7 -1.64509499900935900D-04  0.00000000000000000D+00 -1.60807104095066400D-11  7.36265019569556100D-04  1.35871831534341200D-05
22  8  1.35871833216331800D-05 -2.71743664752805500D-05  0.00000000000000000D+00  0.00000000000000000D+00  0.00000000000000000D+00
22  9 -2.82196068092111900D-02  0.00000000000000000D+00  6.72816208603811900D-11 -3.61456272697646100D-04 -2.93276659868355800D-05
22 10 -2.93276660159491200D-05  5.86553320027847500D-05  0.00000000000000000D+00  0.00000000000000000D+00  0.00000000000000000D+00
23  1  2.19566065435030500D-10  1.02917780843484400D-09 -1.78406206007973500D-09  1.83243091911148300D-09  9.61749739940108800D-11
23  2  3.95984040280493200D-10 -2.06817220753890300D-09 -1.07725949528468500D-10 -2.70640123794328600D-10  1.82415286910141800D-06
23  3 -1.82571310078135200D-06  1.56023167993067800D-09 -9.26848858168432200D-01 -1.84922464836827400D-09 -5.19073417850440700D-11
23  4  1.01067961734778000D-09  5.45525682522946300D-11  0.00000000000000000D+00 -3.77845610445678800D-10 -3.50367641710691200D-06
23  5  3.50483399674755800D-06 -1.15757964062609600D-09  1.78014862992096000D+00  1.72158411613282000D-09  5.19097491753877900D-11
23  6  0.00000000000000000D+00  0.00000000000000000D+00  0.00000000000000000D+00  0.00000000000000000D+00  0.00000000000000000D+00
23  7  0.00000000000000000D+00  0.00000000000000000D+00  0.00000000000000000D+00  0.00000000000000000D+00  0.00000000000000000D+00
23  8  0.00000000000000000D+00  0.00000000000000000D+00 -1.03400856224108400D-09  0.00000000000000000D+00  0.00000000000000000D+00
23  9  2.02276474347205600D-11  0.00000000000000000D+00  0.00000000000000000D+00  0.00000000000000000D+00  0.00000000000000000D+00
23 10  0.00000000000000000D+00  0.00000000000000000D+00  9.47141346013026300D-08  0.00000000000000000D+00  0.00000000000000000D+00
24  1 -9.91921694405158300D-06 -4.84743782230175500D-05  7.72097350372284000D-05 -1.03988359156707700D-09  1.09319906848754800D-10
24  2 -2.88364819809141200D-05  1.09512982570110100D-09 -1.14767003898811400D-10  2.73974331321498000D-05  8.02673788935275500D-01
24  3 -8.02690006351041000D-01  1.62174157644545900D-05  2.10566212986159400D-06  4.48103294505975300D-09 -4.88334435228677300D-10
24  4 -3.77722664031239600D-05  3.83897261342462800D-11  0.00000000000000000D+00  1.05370588792215500D-05 -1.54165079087102500D+00
24  5  1.54166808807537500D+00 -1.72972043398884300D-05 -4.04515759354541500D-06 -3.50038033252547800D-09  3.80932590013865900D-10
24  6 -2.16977087172387800D-08 -4.28734655158108800D-08  1.29629708650041200D-07  0.00000000000000000D+00  0.00000000000000000D+00
24  7 -2.90071044128806100D-09  0.00000000000000000D+00  0.00000000000000000D+00  3.95061051653672000D-08  1.41096813549179900D-09
24  8 -3.80003972661500300D-10 -1.03096280671909500D-09  0.00000000000000000D+00  0.00000000000000000D+00  0.00000000000000000D+00
24  9 -2.91562394858393600D-07  0.00000000000000000D+00  0.00000000000000000D+00 -2.11415042836197000D-07 -8.41526361185450000D-08
24 10  7.98975667432236900D-08  4.25506800129744400D-09  0.00000000000000000D+00  0.00000000000000000D+00  0.00000000000000000D+00
25  1 -6.50699825496187000D-08 -3.03717111749605500D-07  5.30941235316828700D-07 -9.53193182682656500D-04 -1.61851748910236900D+00
25  2 -1.03570021085735600D-07  1.07968347146915200D-03  1.83331468777699600D+00  7.35652630687664700D-08  2.79699778096796400D-07
25  3  2.81650858021106100D-07 -5.61350636117902400D-07  3.75003804906104200D-10  8.15092282112943900D-04  1.38348574743331800D+00
25  4 -3.04681816945525300D-07 -3.25513229419424500D-05 -5.52833779321676900D-02  1.10889036551520000D-07 -1.97085850717250900D-07
25  5 -1.98301563931303500D-07  3.95387414648554000D-07 -2.27661010652115400D-10 -7.87476830291133900D-04 -1.33674963870779200D+00
25  6 -2.75225360655281200D-10 -4.81363438309987200D-10  2.11258092827903300D-09 -3.50351630144737300D-08 -5.94811621608091500D-05
25  7 -1.05853310425467600D-10  1.70926916985982900D-07  2.90159838556304400D-04  5.90233203901728800D-10  0.00000000000000000D+00
25  8  0.00000000000000000D+00 -1.21992294855626000D-11  0.00000000000000000D+00 -3.91010010668625000D-09 -6.63871059027708200D-06
25  9 -5.60962456884844300D-09 -2.90289612443416400D-07 -4.92641506950633900D-04 -2.03590116238176600D-09 -2.02220302687555400D-11
25 10 -2.02220836556862300D-11  4.04441139244423200D-11  0.00000000000000000D+00  5.39269746155256800D-09  9.15472075718509700D-06
26  1  5.21029195827309000D-09  2.77654424975969200D-08 -3.66441541665076100D-08 -1.61847720692578800D+00  9.53379522913818400D-04
26  2  5.38235143115004100D-09  1.83326068807392900D+00 -1.07991034457224300D-03 -2.91552037661595900D-09  2.59077307433149000D-08
26  3  8.94754185034900100D-09 -3.48552725936637900D-08  8.44637248049102900D-09  1.38358558360147200D+00 -8.14682067330540900D-04
26  4  1.07053845003949400D-08 -5.52785045436476100D-02  3.25693650607710800D-05 -6.27995336655918900D-09 -1.86057395369589800D-08
26  5 -8.28156626177696700D-09  2.68873057987358100D-08 -5.13947260346756800D-09 -1.33680179797035100D+00  7.87219005109616100D-04
26  6  2.91867566632676500D-11  5.11851356221733500D-11 -2.26993001638005300D-10 -5.94811929082200300D-05  3.50327577164791600D-08
26  7  0.00000000000000000D+00  2.90174279215764800D-04 -1.70884683686468400D-07  2.29815634258799500D-11  0.00000000000000000D+00
26  8  0.00000000000000000D+00  0.00000000000000000D+00  0.00000000000000000D+00 -6.63870441155027200D-06  3.91020787045205300D-09
26  9  5.83693836448082300D-10 -4.92710612034834400D-04  2.90069824838879000D-07 -6.45584796961922600D-11  0.00000000000000000D+00
26 10  0.00000000000000000D+00  0.00000000000000000D+00  0.00000000000000000D+00  9.15504847994003600D-06 -5.39159804809927900D-09
27  1 -3.31940008950365100D-01 -1.60344692897456900D+00  2.61592223513193700D+00 -5.83947785930843100D-08 -2.17112452032539400D-07
27  2 -7.83056526451706300D-01  6.95367847755875000D-08  2.88195861080825300D-07  6.96129962204764200D-01  2.58792764890051500D-01
27  3  2.58668150791960600D-01 -5.17460915682012200D-01 -3.49211667078072000D-07 -1.09802370562827900D-07 -1.75919292017234800D-06
27  4 -1.33875364963506200D+00 -4.96406897681363300D-09 -4.46939431866539400D-08  4.43194784777168800D-01 -1.02446747187378400D-01
27  5 -1.02398880370702800D-01  2.04845627558081000D-01  2.66388346259522500D-07  6.97702143402610000D-08  1.25576588230436100D-06
27  6 -1.11482383153066500D-03 -2.03972927977550700D-03  7.91326723172174400D-03  0.00000000000000000D+00  2.51187511160776100D-11
27  7 -2.13417525076682800D-04  0.00000000000000000D+00 -2.05282440475867900D-10  1.59442809328764300D-03  2.11447782238304000D-05
27  8  2.11447784116453400D-05 -4.22895566349048000D-05  0.00000000000000000D+00  0.00000000000000000D+00  0.00000000000000000D+00
27  9 -1.98756976054725000D-02  5.26048635078643500D-11  8.18975468941603500D-10 -6.94755139374784000D-03 -7.85327311469385500D-05
27 10 -7.85327299300843500D-05  1.57065461077022700D-04  0.00000000000000000D+00  0.00000000000000000D+00  0.00000000000000000D+00
28  1  1.72227732845811700D-07  7.86180148740836700D-07 -1.43538377609409500D-06 -4.02516993636295800D-03 -8.60345217769392500D-01
28  2  3.34018736496151600D-07  4.82266038107226200D-03  1.03081303935410500D+00 -2.48063409719053400D-07 -7.36112256257029900D-07
28  3 -7.41619902844283100D-07  1.47773215910131300D-06  2.05537522961396400D-10 -8.69255963182380400D-03 -1.85835960818796500D+00
28  4  8.76657101397325200D-07 -3.69578544036582100D-04 -7.90016765078428700D-02 -3.16428190308467800D-07  5.18258600700921100D-07
28  5  5.22196034283271300D-07 -1.04045463498419200D-06 -1.47209362766150600D-10  5.62959167913296100D-03  1.20356493071499900D+00
28  6  7.78105934731560400D-10  1.36044059908208000D-09 -5.97467150816134900D-09  5.85430627453971300D-08  1.25191178628074400D-05
28  7  2.94364687864509000D-10 -7.98978341599573100D-07 -1.70824007945854900D-04 -1.65752598211725900D-09 -1.73303455835151300D-11
28  8 -1.73303523507934800D-11  3.46606979340399500D-11  0.00000000000000000D+00 -2.92471369240904100D-09 -6.24721330320784400D-07
28  9  1.58540383437233600D-08  4.28434954577065200D-06  9.15920141535366700D-04  5.77645630972168100D-09  5.79416722339547100D-11
28 10  5.79418521350525900D-11 -1.15883524369009100D-10  0.00000000000000000D+00 -2.14747380270764400D-08 -4.59142059995853200D-06
29  1 -3.54750989629930800D-09 -6.56837458113015500D-09  4.59506333745054500D-08  8.60447729181318400D-01 -4.02438447898759400D-03
29  2 -2.24625963668657600D-08 -1.03092688190816300D+00  4.82178092546981600D-03  2.09522640540563800D-08  1.15467039121895300D-07
29  3  5.44670323263358800D-08 -1.69934071448230800D-07  2.76155816397594800D-09  1.85828263695994600D+00 -8.69318238064835600D-03
29  4 -5.62832656815919000D-08  7.90055349705316700D-02 -3.69549672184362700D-04  1.55696317933737200D-08 -8.13022718209448700D-08
29  5 -3.75284372784601400D-08  1.18830709099404600D-07 -1.98157148955501200D-09 -1.20349514048695400D+00  5.63017253238760900D-03
29  6 -1.28757089242789500D-11 -2.22694929329170100D-11  9.34285741118107300D-11 -1.25162943874542300D-05  5.85674998202227700D-08
29  7 -3.53205753154349500D-11  1.70807586421647200D-04 -7.99107808168434700D-07  1.74753834951995600D-10  0.00000000000000000D+00
29  8  0.00000000000000000D+00  0.00000000000000000D+00  0.00000000000000000D+00  6.25094870119460000D-07 -2.92173288080195800D-09
29  9 -2.77507728392085600D-10 -9.15897021348344900D-04  4.28454159387052400D-06 -5.92560068333816300D-10  0.00000000000000000D+00
29 10  0.00000000000000000D+00  0.00000000000000000D+00  0.00000000000000000D+00  4.59095148503908900D-06 -2.14786042541126900D-08
30  1  2.39569739584082500D-01  1.31957311164588100D+00 -1.61135224605718100D+00 -3.01790597293308200D-08 -1.09844491386722400D-07
30  2  5.02348635562542600D-01  3.78841090475551100D-08  1.50497807897637700D-07 -4.82445691315244300D-01  1.05968234364991600D+00
30  3  1.05954447558878000D+00 -2.11922681923869500D+00 -1.79867563452882400D-07 -1.47755718617434300D-07 -1.12578150446843500D-06
30  4  3.21136517541299900D-01 -4.28871816882245000D-09 -2.67063038903506200D-08 -8.00062220425077600D-02 -7.96987618518099700D-01
30  5 -7.96858574560377200D-01  1.59384619307847600D+00  1.37170907819598800D-07  1.03302086592113500D-07  8.10237996776583800D-07
30  6  3.51105929780528100D-04  7.56947586147386500D-04 -1.70169527517704200D-03  0.00000000000000000D+00  1.66900561933705100D-11
30  7 -2.81953910991813700D-04 -1.59785849643274300D-11 -1.30920163130822100D-10  9.40266928816802600D-04  1.24965002299318800D-06
30  8  1.24964990864053600D-06 -2.49929993207530700D-06  0.00000000000000000D+00  0.00000000000000000D+00  0.00000000000000000D+00
30  9  2.71168553803996100D-03  6.81107218084345200D-11  5.11078813170492100D-10 -1.26023068354655600D-03  5.92314945020397500D-06
30 10  5.92315567305387900D-06 -1.18463051232577300D-05  0.00000000000000000D+00  0.00000000000000000D+00  0.00000000000000000D+00
31  1  5.95365524182328400D-08  2.61196175173371800D-07 -5.14176998822304000D-07 -5.55975698530049900D-09 -3.46662603042555900D-10
31  2  1.42899414735580500D-07  6.26610994591412800D-09  4.15097708275584300D-10 -1.11240328838657800D-07  7.29467526273166700D-03
31  3 -7.29523900730659600D-03  5.63744575014818800D-07 -2.33885112180381300D+00  7.79457635541513400D-09  1.04667930494145400D-10
31  4  3.45020299018480100D-07 -1.47390507252102000D-10 -2.28719046920051900D-11 -1.21679446768720700D-07 -5.54463546706939600D-03
31  5  5.54503015686909600D-03 -3.94689799776165500D-07  1.77774413028729800D+00 -6.83684098808670400D-09 -1.73663270969010000D-10
31  6  2.86085976738441900D-10  4.99923263660936000D-10 -2.19509779076718500D-09  0.00000000000000000D+00  0.00000000000000000D+00
31  7  1.18381502925030800D-10  0.00000000000000000D+00  0.00000000000000000D+00 -6.67341455511700800D-10  0.00000000000000000D+00
31  8 -1.53988007217446100D-11  1.36026361760107600D-11 -2.75645721348529900D-09  0.00000000000000000D+00  0.00000000000000000D+00
31  9  5.83389504277359000D-09  0.00000000000000000D+00  0.00000000000000000D+00  2.34256011378106300D-09 -2.33893990028241500D-10
31 10  2.79795012379598200D-10 -4.59010274897576700D-11  8.23476686546773300D-08  0.00000000000000000D+00  0.00000000000000000D+00
32  1 -7.10882395369549300D-06 -3.00978738347588400D-05  6.32513457810263400D-05  5.77453855560890100D-09 -4.17330532378670900D-10
32  2 -1.78812231353217100D-05 -7.39377943235140300D-09  5.56575685057562100D-10  1.48321856303095100D-05 -2.02545986146750300D+00
32  3  2.02554336963140300D+00 -8.35081639230433500D-05 -8.42350351252639900D-03  3.56105204331267500D-08 -3.61680111896418000D-09
32  4 -4.55274770334230200D-05  9.43909407652855300D-10 -8.75495092279186000D-11  1.54883427241636400D-05  1.53953803884059900D+00
32  5 -1.53959409290150000D+00  5.60540609221595500D-05  6.40264556258386600D-03 -2.52090641340202200D-08  2.59128745715158500D-09
32  6 -3.34665537393162700D-08 -5.84910998946058600D-08  2.55854595290935800D-07  0.00000000000000000D+00  0.00000000000000000D+00
32  7 -1.72007020997477100D-08  0.00000000000000000D+00  0.00000000000000000D+00  9.50322485536246300D-08 -1.48374092904269200D-09
32  8  3.29057577127803900D-09 -1.80683565515474500D-09  0.00000000000000000D+00  0.00000000000000000D+00  0.00000000000000000D+00
32  9 -6.82817896871413700D-07 -1.59337549626789200D-11  0.00000000000000000D+00 -3.32816676817184000D-07  6.82482991332858500D-08
32 10 -7.43814598304392900D-08  6.13316212387057400D-09  2.96579768433616000D-10  0.00000000000000000D+00  0.00000000000000000D+00
 $END   
 POPULATION ANALYSIS
LI           2.99991   0.00009   3.00036  -0.00036
F            9.00009  -0.00009   8.99964   0.00036
 MOMENTS AT POINT    1 X,Y,Z=  0.000000  0.000000 12.144643
 DIPOLE       0.000000  0.000000  0.012557
