 $DATA
 LiF single-point properties R=5.30 Ang                                         
CNV      2

LI          3.0      0.0000000000      0.0000000000      0.0000000000
   S          9
     1      1469.0000000000  0.00076600
     2       220.5000000000  0.00589200
     3        50.2600000000  0.02967100
     4        14.2400000000  0.10918000
     5         4.5810000000  0.28278900
     6         1.5800000000  0.45312300
     7         0.5640000000  0.27477400
     8         0.0734500000  0.00975100
     9         0.0280500000 -0.00318000
   S          9
     1      1469.0000000000 -0.00012000
     2       220.5000000000 -0.00092300
     3        50.2600000000 -0.00468900
     4        14.2400000000 -0.01768200
     5         4.5810000000 -0.04890200
     6         1.5800000000 -0.09600900
     7         0.5640000000 -0.13638000
     8         0.0734500000  0.57510200
     9         0.0280500000  0.51766100
   S          1
     1         0.0280500000  1.00000000
   P          4
     1         1.5340000000  0.02278400
     2         0.2749000000  0.13910700
     3         0.0736200000  0.50037500
     4         0.0240300000  0.50847400
   P          1
     1         0.0240300000  1.00000000
   D          1
     1         0.1144000000  1.00000000
   S          1
     1         0.0086000000  1.00000000
   P          1
     1         0.0058000000  1.00000000
   D          1
     1         0.0733000000  1.00000000
           
F           9.0      0.0000000000      0.0000000000      5.3000000000
   S          8
     1     14710.0000000000  0.00072100
     2      2207.0000000000  0.00555300
     3       502.8000000000  0.02826700
     4       142.6000000000  0.10644400
     5        46.4700000000  0.28681400
     6        16.7000000000  0.44864100
     7         6.3560000000  0.26476100
     8         1.3160000000  0.01533300
   S          8
     1     14710.0000000000 -0.00016500
     2      2207.0000000000 -0.00130800
     3       502.8000000000 -0.00649500
     4       142.6000000000 -0.02669100
     5        46.4700000000 -0.07369000
     6        16.7000000000 -0.17077600
     7         6.3560000000 -0.11232700
     8         1.3160000000  0.56281400
   S          1
     1         0.3897000000  1.00000000
   P          3
     1        22.6700000000  0.04487800
     2         4.9770000000  0.23571800
     3         1.3470000000  0.50852100
   P          1
     1         0.3471000000  1.00000000
   D          1
     1         1.6400000000  1.00000000
   S          1
     1         0.0986300000  1.00000000
   P          1
     1         0.0850200000  1.00000000
   D          1
     1         0.4640000000  1.00000000
           
 $END      
--- RHF ORBITALS --- GENERATED AT  9:40:51  7-MAY-2026    
 LiF single-point properties R=5.30 Ang                                         
E(RHF)=     -106.7647237095, E(NUC)=    2.6958084317,   11 ITERS
 $VEC
 1  1  2.43469067107040900D-05  1.23545667205113300D-04 -1.11890519574288000D-04  0.00000000000000000D+00  0.00000000000000000D+00
 1  2  1.04858687013944200D-04  0.00000000000000000D+00  0.00000000000000000D+00 -2.11697900926079700D-04 -1.04626798582751700D-04
 1  3 -1.04626798582093900D-04  2.09253597164726300D-04  4.65066942586445900D-32  0.00000000000000000D+00  0.00000000000000000D+00
 1  4 -9.10575939015948600D-05  0.00000000000000000D+00  0.00000000000000000D+00 -3.89824263219316600D-05  1.34322214719924400D-04
 1  5  1.34322214719573800D-04 -2.68644429439458800D-04 -2.47903295029094500D-32  0.00000000000000000D+00  0.00000000000000000D+00
 1  6  1.00069959877874900D+00  5.38031623133862700D-04 -3.45669009747542500D-03  0.00000000000000000D+00  0.00000000000000000D+00
 1  7 -5.88318224363922800D-05  0.00000000000000000D+00  0.00000000000000000D+00  6.21636930850191300D-05  3.87270045836507700D-06
 1  8  3.87270045575073400D-06 -7.74540091435866500D-06 -1.84841126412565000D-31  0.00000000000000000D+00  0.00000000000000000D+00
 1  9  1.21587107986705000D-03  0.00000000000000000D+00  0.00000000000000000D+00 -1.11034999676101800D-04 -3.76556318568980400D-06
 1 10 -3.76556318402434700D-06  7.53112636971413800D-06  1.17752231367632600D-31  0.00000000000000000D+00  0.00000000000000000D+00
 2  1 -1.00010368311559300D+00  9.81265852313766700D-04  1.21027422976887100D-03  0.00000000000000000D+00  0.00000000000000000D+00
 2  2  1.56649380097904200D-03  0.00000000000000000D+00  0.00000000000000000D+00 -1.28466012228012000D-03 -1.68081744003315200D-05
 2  3 -1.68081744004824400D-05  3.36163488008000800D-05 -1.06706675190244000D-32  0.00000000000000000D+00  0.00000000000000000D+00
 2  4 -1.32179980476080500D-03  0.00000000000000000D+00  0.00000000000000000D+00  1.40193088290441200D-04 -1.02434437704572900D-05
 2  5 -1.02434437700658900D-05  2.04868875404882700D-05  2.76728297302218300D-32  0.00000000000000000D+00  0.00000000000000000D+00
 2  6 -2.48189502228581000D-06 -5.08159794332732600D-06  1.69266131830724700D-05  0.00000000000000000D+00  0.00000000000000000D+00
 2  7  1.10502609638784100D-05  0.00000000000000000D+00  0.00000000000000000D+00 -3.78295069229520400D-05 -2.08836084732456600D-06
 2  8 -2.08836084735358200D-06  4.17672169468014100D-06 -2.05151976082908900D-33  0.00000000000000000D+00  0.00000000000000000D+00
 2  9 -1.55913464583643000D-05  0.00000000000000000D+00  0.00000000000000000D+00  1.53654546315202700D-04  7.70644618001091700D-06
 2 10  7.70644618105345900D-06 -1.54128923610643500D-05  7.37104547231142900D-32  0.00000000000000000D+00  0.00000000000000000D+00
 3  1  1.02149179404023900D-04  6.45214229927665300D-04 -3.62711417341676800D-04  0.00000000000000000D+00  0.00000000000000000D+00
 3  2  5.74110279218706400D-04  0.00000000000000000D+00  0.00000000000000000D+00 -1.09053987848382900D-03 -3.73135572295699700D-04
 3  3 -3.73135572295849700D-04  7.46271144591555500D-04 -1.06106702873584300D-32  0.00000000000000000D+00  0.00000000000000000D+00
 3  4 -7.16817042808751100D-04  0.00000000000000000D+00  0.00000000000000000D+00 -3.80802663908934300D-04  5.54418068345212400D-04
 3  5  5.54418068345002500D-04 -1.10883613669011900D-03 -1.48416976339341400D-32  0.00000000000000000D+00  0.00000000000000000D+00
 3  6 -6.25414696629980000D-03  4.91132793907813100D-01  5.54187035626328300D-01  0.00000000000000000D+00  0.00000000000000000D+00
 3  7 -9.52998407403227500D-04  0.00000000000000000D+00  0.00000000000000000D+00 -2.24819387357008000D-03  1.45286167692202000D-05
 3  8  1.45286167712949900D-05 -2.90572335406712600D-05  1.46692667186007200D-31  0.00000000000000000D+00  0.00000000000000000D+00
 3  9  5.66391677647456000D-02  0.00000000000000000D+00  0.00000000000000000D+00 -1.84515755670829100D-03 -1.84175573168913300D-04
 3 10 -1.84175573164024200D-04  3.68351146332936500D-04  3.45672827729358700D-31  0.00000000000000000D+00  0.00000000000000000D+00
 4  1  0.00000000000000000D+00  0.00000000000000000D+00  0.00000000000000000D+00 -8.06284355448549900D-04  4.93690472334937100D-20
 4  2  0.00000000000000000D+00 -2.77378402689419700D-03  1.69839677173282600D-19  0.00000000000000000D+00  0.00000000000000000D+00
 4  3  0.00000000000000000D+00  0.00000000000000000D+00  0.00000000000000000D+00  2.46610334722788000D-03 -1.51000291409894700D-19
 4  4  0.00000000000000000D+00 -1.75006186577668400D-04  1.07156844020618600D-20  0.00000000000000000D+00  0.00000000000000000D+00
 4  5  0.00000000000000000D+00  0.00000000000000000D+00  0.00000000000000000D+00 -4.56213176682392600D-03  2.79340777431374400D-19
 4  6  0.00000000000000000D+00  0.00000000000000000D+00  0.00000000000000000D+00 -6.29528577015433100D-01  3.85462347662929500D-17
 4  7  0.00000000000000000D+00 -4.47965045820633200D-01  2.74290420701139900D-17  0.00000000000000000D+00  0.00000000000000000D+00
 4  8  0.00000000000000000D+00  0.00000000000000000D+00  0.00000000000000000D+00  9.46853949990161900D-05 -5.79761681649883900D-21
 4  9  0.00000000000000000D+00 -1.54554216541791900D-01  9.46340377935589700D-18  0.00000000000000000D+00  0.00000000000000000D+00
 4 10  0.00000000000000000D+00  0.00000000000000000D+00  0.00000000000000000D+00  2.85104934564539200D-03 -1.74570657186923900D-19
 5  1  0.00000000000000000D+00  0.00000000000000000D+00  0.00000000000000000D+00 -4.93690472335098600D-20 -8.06284355448813600D-04
 5  2  0.00000000000000000D+00 -1.69839677173146700D-19 -2.77378402689197600D-03  0.00000000000000000D+00  0.00000000000000000D+00
 5  3  0.00000000000000000D+00  0.00000000000000000D+00  0.00000000000000000D+00  1.51000291409859400D-19  2.46610334722730300D-03
 5  4  0.00000000000000000D+00 -1.07156844021302600D-20 -1.75006186578785500D-04  0.00000000000000000D+00  0.00000000000000000D+00
 5  5  0.00000000000000000D+00  0.00000000000000000D+00  0.00000000000000000D+00 -2.79340777431323200D-19 -4.56213176682309000D-03
 5  6  0.00000000000000000D+00  0.00000000000000000D+00  0.00000000000000000D+00 -3.85462347662928000D-17 -6.29528577015430500D-01
 5  7  0.00000000000000000D+00 -2.74290420701139900D-17 -4.47965045820633200D-01  0.00000000000000000D+00  0.00000000000000000D+00
 5  8  0.00000000000000000D+00  0.00000000000000000D+00  0.00000000000000000D+00  5.79761681647880300D-21  9.46853949986889800D-05
 5  9  0.00000000000000000D+00 -9.46340377935609600D-18 -1.54554216541795200D-01  0.00000000000000000D+00  0.00000000000000000D+00
 5 10  0.00000000000000000D+00  0.00000000000000000D+00  0.00000000000000000D+00  1.74570657186949700D-19  2.85104934564581400D-03
 6  1  1.88431222496499300D-03 -9.38567403776448300D-03 -1.07895993155811900D-02  0.00000000000000000D+00  0.00000000000000000D+00
 6  2 -1.19778693205756000D-02  0.00000000000000000D+00  0.00000000000000000D+00 -3.84809653186463100D-03 -2.51191622576222100D-03
 6  3 -2.51191622576240700D-03  5.02383245152470900D-03 -1.31444718704428800D-32  0.00000000000000000D+00  0.00000000000000000D+00
 6  4 -3.29453963250903000D-04  0.00000000000000000D+00  0.00000000000000000D+00  6.24729517986099400D-04  5.20684659676478300D-03
 6  5  5.20684659676514800D-03 -1.04136931935299000D-02  2.58074612547889600D-32  0.00000000000000000D+00  0.00000000000000000D+00
 6  6  1.17092836534184400D-04  4.58287017557840200D-03  1.08415763416135600D-02  0.00000000000000000D+00  0.00000000000000000D+00
 6  7  6.26312448495735600D-01  0.00000000000000000D+00  0.00000000000000000D+00  4.46748957983503700D-01  4.88173781903620500D-05
 6  8  4.88173781830761300D-05 -9.76347563735643500D-05 -5.15134350293053300D-31  0.00000000000000000D+00  0.00000000000000000D+00
 6  9 -1.51012193513579600D-02  0.00000000000000000D+00  0.00000000000000000D+00  1.57754599312146100D-01  1.77099498918183300D-03
 6 10  1.77099498917621500D-03 -3.54198997835805100D-03 -3.97247125154172200D-31  0.00000000000000000D+00  0.00000000000000000D+00
 7  1 -8.30765186875301700D-03  8.93711076888645400D-01  3.73500908524928600D-02  0.00000000000000000D+00  0.00000000000000000D+00
 7  2 -2.53941097559496200D-01  0.00000000000000000D+00  0.00000000000000000D+00 -2.38404015187381300D-02 -1.93563998168435800D-03
 7  3 -1.93563998168443800D-03  3.87127996336898700D-03 -5.65741921163750500D-33  0.00000000000000000D+00  0.00000000000000000D+00
 7  4  4.76125703405936300D-02  0.00000000000000000D+00  0.00000000000000000D+00  1.10198664046876100D-03  4.40559763224300900D-03
 7  5  4.40559763224341600D-03 -8.81119526448638800D-03  2.87926526685891800D-32  0.00000000000000000D+00  0.00000000000000000D+00
 7  6 -6.66056098112648200D-06 -8.83021950410477200D-04 -1.38085634290044400D-03  0.00000000000000000D+00  0.00000000000000000D+00
 7  7  1.46137509022766200D-02  0.00000000000000000D+00  0.00000000000000000D+00  1.04309239679857300D-02 -3.39854020206500000D-05
 7  8 -3.39854020157457200D-05  6.79708040367255300D-05  3.46745630893693200D-31  0.00000000000000000D+00  0.00000000000000000D+00
 7  9  1.02806920623185700D-03  0.00000000000000000D+00  0.00000000000000000D+00  4.78926355281944500D-03  5.14582963675436700D-05
 7 10  5.14582963624427200D-05 -1.02916592729986400D-04 -3.60650694628892100D-31  0.00000000000000000D+00  0.00000000000000000D+00
 8  1  0.00000000000000000D+00  0.00000000000000000D+00  0.00000000000000000D+00 -8.86332228705002300D-01  5.42704039434847100D-17
 8  2  0.00000000000000000D+00 -7.49307172302931000D-02  4.58803162083424000D-18  0.00000000000000000D+00  0.00000000000000000D+00
 8  3  0.00000000000000000D+00  0.00000000000000000D+00  0.00000000000000000D+00 -6.29813406203081600D-02  3.85636749479403800D-18
 8  4  0.00000000000000000D+00 -9.31633316165033600D-02  5.70442039204155900D-18  0.00000000000000000D+00  0.00000000000000000D+00
 8  5  0.00000000000000000D+00  0.00000000000000000D+00  0.00000000000000000D+00  1.70088536295907000D-01 -1.04145751130157900D-17
 8  6  0.00000000000000000D+00  0.00000000000000000D+00  0.00000000000000000D+00  7.07710846301171100D-03 -4.33333599524713000D-19
 8  7  0.00000000000000000D+00 -1.69736775185086500D-04  1.03930366684488600D-20  0.00000000000000000D+00  0.00000000000000000D+00
 8  8  0.00000000000000000D+00  0.00000000000000000D+00  0.00000000000000000D+00  2.21557844928038000D-04 -1.35660572319034100D-20
 8  9  0.00000000000000000D+00  2.50581614239923000D-02 -1.53431918474638800D-18  0.00000000000000000D+00  0.00000000000000000D+00
 8 10  0.00000000000000000D+00  0.00000000000000000D+00  0.00000000000000000D+00 -5.97956724545829300D-04  3.66130802094819800D-20
 9  1  0.00000000000000000D+00  0.00000000000000000D+00  0.00000000000000000D+00 -5.42704039434848400D-17 -8.86332228705004400D-01
 9  2  0.00000000000000000D+00 -4.58803162083399900D-18 -7.49307172302891600D-02  0.00000000000000000D+00  0.00000000000000000D+00
 9  3  0.00000000000000000D+00  0.00000000000000000D+00  0.00000000000000000D+00 -3.85636749479404400D-18 -6.29813406203082700D-02
 9  4  0.00000000000000000D+00 -5.70442039204175600D-18 -9.31633316165065800D-02  0.00000000000000000D+00  0.00000000000000000D+00
 9  5  0.00000000000000000D+00  0.00000000000000000D+00  0.00000000000000000D+00  1.04145751130157400D-17  1.70088536295906300D-01
 9  6  0.00000000000000000D+00  0.00000000000000000D+00  0.00000000000000000D+00  4.33333599524663300D-19  7.07710846301089900D-03
 9  7  0.00000000000000000D+00 -1.03930366684862500D-20 -1.69736775185697100D-04  0.00000000000000000D+00  0.00000000000000000D+00
 9  8  0.00000000000000000D+00  0.00000000000000000D+00  0.00000000000000000D+00  1.35660572319057000D-20  2.21557844928075300D-04
 9  9  0.00000000000000000D+00  1.53431918474638900D-18  2.50581614239923200D-02  0.00000000000000000D+00  0.00000000000000000D+00
 9 10  0.00000000000000000D+00  0.00000000000000000D+00  0.00000000000000000D+00 -3.66130802094853300D-20 -5.97956724545884000D-04
10  1  3.16344886456667900D-02  5.71362757535515800D-01  2.89818118122005000D-02  0.00000000000000000D+00  0.00000000000000000D+00
10  2  6.66580161913310000D-01  0.00000000000000000D+00  0.00000000000000000D+00  1.08295394320746900D-01 -4.10357507264241300D-02
10  3 -4.10357507264307300D-02  8.20715014528550100D-02 -4.66460232530588500D-31  0.00000000000000000D+00  0.00000000000000000D+00
10  4 -5.11393396915403200D-01  0.00000000000000000D+00  0.00000000000000000D+00  2.28556558568810500D-01  1.13876763413305500D-01
10  5  1.13876763413305700D-01 -2.27753526826611300D-01  1.38666955995881000D-32  0.00000000000000000D+00  0.00000000000000000D+00
10  6 -2.62519739649595300D-03 -8.06439085043868900D-03  1.50084469621596900D-02  0.00000000000000000D+00  0.00000000000000000D+00
10  7  2.44806193028898000D-02  0.00000000000000000D+00  0.00000000000000000D+00  1.37807371867420100D-02 -1.31730457831862100D-04
10  8 -1.31730457840877400D-04  2.63460915672948000D-04 -6.37403066055415300D-31  0.00000000000000000D+00  0.00000000000000000D+00
10  9 -6.68852322267603800D-02  0.00000000000000000D+00  0.00000000000000000D+00  3.87225754094443100D-02  2.95341018455486500D-04
10 10  2.95341018462101000D-04 -5.90682036917584400D-04  4.67663938745830500D-31  0.00000000000000000D+00  0.00000000000000000D+00
11  1 -2.95496674194022900D-02  1.17742101443745600D-02  6.51675809514922700D-01  0.00000000000000000D+00  0.00000000000000000D+00
11  2 -7.53385312093587300D-01  0.00000000000000000D+00  0.00000000000000000D+00  1.14633777722986300D-01  2.15982881272220700D-02
11  3  2.15982881272011400D-02 -4.31965762544234800D-02 -1.47949938327827500D-30  0.00000000000000000D+00  0.00000000000000000D+00
11  4 -1.10195048909842500D+00  0.00000000000000000D+00  0.00000000000000000D+00  5.59549295839729600D-01 -7.16044157444887100D-02
11  5 -7.16044157444786900D-02  1.43208831488967500D-01  7.08742219534502800D-31  0.00000000000000000D+00  0.00000000000000000D+00
11  6  1.51760989821175700D-03  5.05056330481133000D-03 -8.21611202509985000D-03  0.00000000000000000D+00  0.00000000000000000D+00
11  7 -1.71588042070061400D-02  0.00000000000000000D+00  0.00000000000000000D+00 -6.43317718159818300D-03  1.25484644014711900D-05
11  8  1.25484644393756600D-05 -2.50969288410583800D-05  2.67994750433801000D-30  0.00000000000000000D+00  0.00000000000000000D+00
11  9  4.43766197713281800D-02  0.00000000000000000D+00  0.00000000000000000D+00 -4.07795977055243900D-02  3.05912159527300400D-05
11 10  3.05912159202362900D-05 -6.11824318729654600D-05 -2.29739556320188500D-30  0.00000000000000000D+00  0.00000000000000000D+00
12  1  0.00000000000000000D+00  0.00000000000000000D+00  0.00000000000000000D+00 -4.16680964960970000D-01  2.55135078604021600D-17
12  2  0.00000000000000000D+00 -1.25026877267731100D-01  7.65543541503170100D-18  0.00000000000000000D+00  0.00000000000000000D+00
12  3  0.00000000000000000D+00  0.00000000000000000D+00  0.00000000000000000D+00  7.26215600143806500D-03 -4.44664119090518200D-19
12  4  0.00000000000000000D+00  1.11155159946423900D+00 -6.80606575652666500D-17  0.00000000000000000D+00  0.00000000000000000D+00
12  5  0.00000000000000000D+00  0.00000000000000000D+00  0.00000000000000000D+00  1.84428315467286700D-02 -1.12926043472998600D-18
12  6  0.00000000000000000D+00  0.00000000000000000D+00  0.00000000000000000D+00 -6.04636564256917100D-03  3.70220889171176400D-19
12  7  0.00000000000000000D+00  3.41689234730696900D-03 -2.09217403941958600D-19  0.00000000000000000D+00  0.00000000000000000D+00
12  8  0.00000000000000000D+00  0.00000000000000000D+00  0.00000000000000000D+00  2.38896489839245700D-05 -1.46277079681501600D-21
12  9  0.00000000000000000D+00 -3.52811819967497000D-02  2.16027798217916800D-18  0.00000000000000000D+00  0.00000000000000000D+00
12 10  0.00000000000000000D+00  0.00000000000000000D+00  0.00000000000000000D+00 -2.78574717437517600D-05  1.70572184494128700D-21
13  1  0.00000000000000000D+00  0.00000000000000000D+00  0.00000000000000000D+00 -2.55135078604015700D-17 -4.16680964960960400D-01
13  2  0.00000000000000000D+00 -7.65543541503258900D-18 -1.25026877267745600D-01  0.00000000000000000D+00  0.00000000000000000D+00
13  3  0.00000000000000000D+00  0.00000000000000000D+00  0.00000000000000000D+00  4.44664119090556700D-19  7.26215600143869300D-03
13  4  0.00000000000000000D+00  6.80606575652668500D-17  1.11155159946424200D+00  0.00000000000000000D+00  0.00000000000000000D+00
13  5  0.00000000000000000D+00  0.00000000000000000D+00  0.00000000000000000D+00  1.12926043472980100D-18  1.84428315467256600D-02
13  6  0.00000000000000000D+00  0.00000000000000000D+00  0.00000000000000000D+00 -3.70220889171207700D-19 -6.04636564256968300D-03
13  7  0.00000000000000000D+00  2.09217403941910800D-19  3.41689234730618900D-03  0.00000000000000000D+00  0.00000000000000000D+00
13  8  0.00000000000000000D+00  0.00000000000000000D+00  0.00000000000000000D+00  1.46277079681046200D-21  2.38896489838502000D-05
13  9  0.00000000000000000D+00 -2.16027798217907800D-18 -3.52811819967482300D-02  0.00000000000000000D+00  0.00000000000000000D+00
13 10  0.00000000000000000D+00  0.00000000000000000D+00  0.00000000000000000D+00 -1.70572184492827500D-21 -2.78574717435392500D-05
14  1  7.32335932572453400D-02  6.22232555785566600D-01 -1.27947408290430800D-01  0.00000000000000000D+00  0.00000000000000000D+00
14  2 -1.50503933586642600D-01  0.00000000000000000D+00  0.00000000000000000D+00  5.46559334238679500D-01  2.50374511837584000D-02
14  3  2.50374511837936400D-02 -5.00749023675516500D-02  2.49138297605932800D-30  0.00000000000000000D+00  0.00000000000000000D+00
14  4 -7.51713628210897500D-01  0.00000000000000000D+00  0.00000000000000000D+00 -1.02206418841131400D+00 -3.95200486253501100D-02
14  5 -3.95200486254116400D-02  7.90400972507619700D-02 -4.35029055838188800D-30  0.00000000000000000D+00  0.00000000000000000D+00
14  6  6.79207156192939600D-03  1.86567014453696900D-02 -4.20968920106898100D-02  0.00000000000000000D+00  0.00000000000000000D+00
14  7  2.95295781795425600D-03  0.00000000000000000D+00  0.00000000000000000D+00 -1.08635246135259700D-02 -2.09374650701677700D-04
14  8 -2.09374650706139000D-04  4.18749301408007100D-04 -3.15425195173095800D-31  0.00000000000000000D+00  0.00000000000000000D+00
14  9  1.79657625966787500D-01  0.00000000000000000D+00  0.00000000000000000D+00  5.32956657242196300D-02  5.56971078479688300D-04
14 10  5.56971078498847100D-04 -1.11394215697854200D-03  1.35457875226045700D-30  0.00000000000000000D+00  0.00000000000000000D+00
15  1  0.00000000000000000D+00  0.00000000000000000D+00  0.00000000000000000D+00 -1.21496593099858100D-16 -1.98425547475937000D+00
15  2  0.00000000000000000D+00  1.48761766048051600D-16  2.42954424634038400D+00  0.00000000000000000D+00  0.00000000000000000D+00
15  3  0.00000000000000000D+00  0.00000000000000000D+00  0.00000000000000000D+00  1.14460921922682100D-17  1.86935044988806400D-01
15  4  0.00000000000000000D+00 -3.42252412290975900D-17 -5.58959066679181800D-01  0.00000000000000000D+00  0.00000000000000000D+00
15  5  0.00000000000000000D+00  0.00000000000000000D+00  0.00000000000000000D+00 -1.98572825845889000D-17 -3.24304745318495900D-01
15  6  0.00000000000000000D+00  0.00000000000000000D+00  0.00000000000000000D+00 -2.56842673631793300D-19 -4.19469771376095600D-03
15  7  0.00000000000000000D+00  9.66438956860685700D-20  1.57836671979388200D-03  0.00000000000000000D+00  0.00000000000000000D+00
15  8  0.00000000000000000D+00  0.00000000000000000D+00  0.00000000000000000D+00 -2.64156029524720100D-20 -4.31413782396615900D-04
15  9  0.00000000000000000D+00 -1.57264781906797600D-18 -2.56841361986936200D-02  0.00000000000000000D+00  0.00000000000000000D+00
15 10  0.00000000000000000D+00  0.00000000000000000D+00  0.00000000000000000D+00  7.78319706501166600D-20  1.27113452265177100D-03
16  1  0.00000000000000000D+00  0.00000000000000000D+00  0.00000000000000000D+00 -1.98425547475936500D+00  1.21496593099857800D-16
16  2  0.00000000000000000D+00  2.42954424634037700D+00 -1.48761766048051200D-16  0.00000000000000000D+00  0.00000000000000000D+00
16  3  0.00000000000000000D+00  0.00000000000000000D+00  0.00000000000000000D+00  1.86935044988806300D-01 -1.14460921922682100D-17
16  4  0.00000000000000000D+00 -5.58959066679186000D-01  3.42252412290978500D-17  0.00000000000000000D+00  0.00000000000000000D+00
16  5  0.00000000000000000D+00  0.00000000000000000D+00  0.00000000000000000D+00 -3.24304745318508900D-01  1.98572825845896900D-17
16  6  0.00000000000000000D+00  0.00000000000000000D+00  0.00000000000000000D+00 -4.19469771376152500D-03  2.56842673631828200D-19
16  7  0.00000000000000000D+00  1.57836671979301800D-03 -9.66438956860156800D-20  0.00000000000000000D+00  0.00000000000000000D+00
16  8  0.00000000000000000D+00  0.00000000000000000D+00  0.00000000000000000D+00 -4.31413782396375200D-04  2.64156029524572700D-20
16  9  0.00000000000000000D+00 -2.56841361986916400D-02  1.57264781906785500D-18  0.00000000000000000D+00  0.00000000000000000D+00
16 10  0.00000000000000000D+00  0.00000000000000000D+00  0.00000000000000000D+00  1.27113452265149900D-03 -7.78319706500999900D-20
17  1 -2.09522840546652600D-01 -1.07567303497613200D+00  1.56020520663349300D+00  0.00000000000000000D+00  0.00000000000000000D+00
17  2  1.89004033691969900D+00  0.00000000000000000D+00  0.00000000000000000D+00 -2.28031929104011100D+00  1.15407183133270000D-01
17  3  1.15407183133023500D-01 -2.30814366266294400D-01 -1.74335178565932600D-29  0.00000000000000000D+00  0.00000000000000000D+00
17  4 -6.25780089189790600D-01  0.00000000000000000D+00  0.00000000000000000D+00  3.82991043907807100D-01 -2.18934270843653900D-01
17  5 -2.18934270843188600D-01  4.37868541686841900D-01  3.29041279138670500D-29  0.00000000000000000D+00  0.00000000000000000D+00
17  6  5.95386604907576300D-03  1.39468012594363800D-02 -4.29796427657511800D-02  0.00000000000000000D+00  0.00000000000000000D+00
17  7 -1.30588950189760700D-03  0.00000000000000000D+00  0.00000000000000000D+00  1.60213602358964600D-02  1.51097634402925700D-04
17  8  1.51097634399947200D-04 -3.02195268803181800D-04 -2.10585393091053700D-31  0.00000000000000000D+00  0.00000000000000000D+00
17  9  1.76542203117534500D-01  0.00000000000000000D+00  0.00000000000000000D+00 -1.14640449679265100D-01 -1.10249254714405500D-03
17 10 -1.10249254714441100D-03  2.20498509428842900D-03 -2.51454228364058500D-32  0.00000000000000000D+00  0.00000000000000000D+00
18  1  0.00000000000000000D+00  0.00000000000000000D+00  0.00000000000000000D+00  0.00000000000000000D+00  0.00000000000000000D+00
18  2  0.00000000000000000D+00  0.00000000000000000D+00  0.00000000000000000D+00  0.00000000000000000D+00  5.74925496615067200D-17
18  3 -5.74925496615067200D-17  0.00000000000000000D+00  5.42106268187520800D-01  0.00000000000000000D+00  0.00000000000000000D+00
18  4  0.00000000000000000D+00  0.00000000000000000D+00  0.00000000000000000D+00  0.00000000000000000D+00 -1.56318299455632600D-16
18  5  1.56318299455632600D-16  0.00000000000000000D+00 -1.47394976333863100D+00  0.00000000000000000D+00  0.00000000000000000D+00
18  6  0.00000000000000000D+00  0.00000000000000000D+00  0.00000000000000000D+00  0.00000000000000000D+00  0.00000000000000000D+00
18  7  0.00000000000000000D+00  0.00000000000000000D+00  0.00000000000000000D+00  0.00000000000000000D+00  1.22685677487500500D-21
18  8 -1.22685677487500500D-21  0.00000000000000000D+00  1.15682249568654100D-05  0.00000000000000000D+00  0.00000000000000000D+00
18  9  0.00000000000000000D+00  0.00000000000000000D+00  0.00000000000000000D+00  0.00000000000000000D+00 -1.86235212066006300D-20
18 10  1.86235212066006300D-20  0.00000000000000000D+00 -1.75604102466532300D-04  0.00000000000000000D+00  0.00000000000000000D+00
19  1  0.00000000000000000D+00  0.00000000000000000D+00  0.00000000000000000D+00  0.00000000000000000D+00  0.00000000000000000D+00
19  2  0.00000000000000000D+00  0.00000000000000000D+00  0.00000000000000000D+00  0.00000000000000000D+00 -4.69477799801703900D-01
19  3  4.69477799801748600D-01  0.00000000000000000D+00  6.63866780470157100D-17  0.00000000000000000D+00  0.00000000000000000D+00
19  4  0.00000000000000000D+00  0.00000000000000000D+00  0.00000000000000000D+00  0.00000000000000000D+00  1.27647793895383400D+00
19  5 -1.27647793895393000D+00  0.00000000000000000D+00 -1.80500824540027500D-16  0.00000000000000000D+00  0.00000000000000000D+00
19  6  0.00000000000000000D+00  0.00000000000000000D+00  0.00000000000000000D+00  0.00000000000000000D+00  0.00000000000000000D+00
19  7  0.00000000000000000D+00  0.00000000000000000D+00  0.00000000000000000D+00  0.00000000000000000D+00 -1.00183766898997700D-05
19  8  1.00183766891142600D-05  0.00000000000000000D+00  1.41665217848621200D-21  0.00000000000000000D+00  0.00000000000000000D+00
19  9  0.00000000000000000D+00  0.00000000000000000D+00  0.00000000000000000D+00  0.00000000000000000D+00  1.52077613749134800D-04
19 10 -1.52077613748825800D-04  0.00000000000000000D+00 -2.15045899643726700D-20  0.00000000000000000D+00  0.00000000000000000D+00
20  1  0.00000000000000000D+00  0.00000000000000000D+00  0.00000000000000000D+00  1.35452110224889000D-17  2.21217389248554700D-01
20  2  0.00000000000000000D+00 -2.58642984318361700D-17 -4.22409998953633600D-01  0.00000000000000000D+00  0.00000000000000000D+00
20  3  0.00000000000000000D+00  0.00000000000000000D+00  0.00000000000000000D+00  2.95978727682458900D-17  4.83385908881849700D-01
20  4  0.00000000000000000D+00  6.68381406192618700D-18  1.09158572321038900D-01  0.00000000000000000D+00  0.00000000000000000D+00
20  5  0.00000000000000000D+00  0.00000000000000000D+00  0.00000000000000000D+00 -8.58367782288670800D-17 -1.40186726879121300D+00
20  6  0.00000000000000000D+00  0.00000000000000000D+00  0.00000000000000000D+00  9.90002118764844400D-19  1.61684955442986200D-02
20  7  0.00000000000000000D+00  1.16485664012073600D-18  1.90241808967405200D-02  0.00000000000000000D+00  0.00000000000000000D+00
20  8  0.00000000000000000D+00  0.00000000000000000D+00  0.00000000000000000D+00  5.10046029060543700D-21  8.32995888790763600D-05
20  9  0.00000000000000000D+00 -1.08418481248411000D-18 -1.77066664581648100D-02  0.00000000000000000D+00  0.00000000000000000D+00
20 10  0.00000000000000000D+00  0.00000000000000000D+00  0.00000000000000000D+00  6.00726263278709300D-20  9.81092840819673700D-04
21  1  0.00000000000000000D+00  0.00000000000000000D+00  0.00000000000000000D+00  2.21217389248575600D-01 -1.35452110224901900D-17
21  2  0.00000000000000000D+00 -4.22409998953661200D-01  2.58642984318378600D-17  0.00000000000000000D+00  0.00000000000000000D+00
21  3  0.00000000000000000D+00  0.00000000000000000D+00  0.00000000000000000D+00  4.83385908881837000D-01 -2.95978727682451200D-17
21  4  0.00000000000000000D+00  1.09158572321048500D-01 -6.68381406192677400D-18  0.00000000000000000D+00  0.00000000000000000D+00
21  5  0.00000000000000000D+00  0.00000000000000000D+00  0.00000000000000000D+00 -1.40186726879119900D+00  8.58367782288662300D-17
21  6  0.00000000000000000D+00  0.00000000000000000D+00  0.00000000000000000D+00  1.61684955442993000D-02 -9.90002118764886000D-19
21  7  0.00000000000000000D+00  1.90241808967417500D-02 -1.16485664012081200D-18  0.00000000000000000D+00  0.00000000000000000D+00
21  8  0.00000000000000000D+00  0.00000000000000000D+00  0.00000000000000000D+00  8.32995888789818200D-05 -5.10046029059964900D-21
21  9  0.00000000000000000D+00 -1.77066664581678500D-02  1.08418481248429600D-18  0.00000000000000000D+00  0.00000000000000000D+00
21 10  0.00000000000000000D+00  0.00000000000000000D+00  0.00000000000000000D+00  9.81092840819483700D-04 -6.00726263278593000D-20
22  1 -4.56166036217967900D-01 -2.50673384413023000D+00  3.16105958680116600D+00  0.00000000000000000D+00  0.00000000000000000D+00
22  2  6.35244437561785500D-03  0.00000000000000000D+00  0.00000000000000000D+00 -1.36551603006800900D-01 -1.97962320451674500D-01
22  3 -1.97962320451599100D-01  3.95924640903272300D-01  5.33097408606386900D-30  0.00000000000000000D+00  0.00000000000000000D+00
22  4 -8.27944857402934800D-01  0.00000000000000000D+00  0.00000000000000000D+00 -4.72791441715787300D-02  5.74180817736143700D-01
22  5  5.74180817736024100D-01 -1.14836163547216900D+00 -8.44943985201568100D-30  0.00000000000000000D+00  0.00000000000000000D+00
22  6  6.15864065596630800D-04  1.08147598868129700D-02  1.42713110931412000D-02  0.00000000000000000D+00  0.00000000000000000D+00
22  7 -2.41345249865077200D-02  0.00000000000000000D+00  0.00000000000000000D+00 -1.65123463645248100D-02  3.01562463141462000D-05
22  8  3.01562463183868700D-05 -6.03124926334645900D-05  2.99826291098135900D-31  0.00000000000000000D+00  0.00000000000000000D+00
22  9  2.72719002639914300D-02  0.00000000000000000D+00  0.00000000000000000D+00 -4.41729026383102400D-04  6.57298481155070700D-04
22 10  6.57298481155664500D-04 -1.31459696231067600D-03  4.19852727876417400D-32  0.00000000000000000D+00  0.00000000000000000D+00
23  1 -6.10608783671255200D-01 -3.31131391602373800D+00  4.12109240411274300D+00  0.00000000000000000D+00  0.00000000000000000D+00
23  2 -6.41868642647681600D-01  0.00000000000000000D+00  0.00000000000000000D+00  1.02961917496432600D+00  4.28937351634506000D-02
23  3  4.28937351634589700D-02 -8.57874703269114300D-02  5.92030864904636300D-31  0.00000000000000000D+00  0.00000000000000000D+00
23  4 -8.49871609674488000D-01  0.00000000000000000D+00  0.00000000000000000D+00 -2.69463966833731700D-01 -2.94828243127078100D-01
23  5 -2.94828243127087900D-01  5.89656486254166700D-01 -6.96416267890424500D-31  0.00000000000000000D+00  0.00000000000000000D+00
23  6  4.43736698192730800D-04 -1.35083909951707500D-02 -3.15977748255935400D-02  0.00000000000000000D+00  0.00000000000000000D+00
23  7  5.59171295835459900D-02  0.00000000000000000D+00  0.00000000000000000D+00  3.53513055176655800D-02 -5.42396227703810600D-04
23  8 -5.42396227686020500D-04  1.08479245538854700D-03  1.25780679108607500D-30  0.00000000000000000D+00  0.00000000000000000D+00
23  9 -5.78550878027970400D-03  0.00000000000000000D+00  0.00000000000000000D+00  9.05001970834317400D-02  8.64378228281709500D-04
23 10  8.64378228265416900D-04 -1.72875645654711300D-03 -1.15192277386231100D-30  0.00000000000000000D+00  0.00000000000000000D+00
24  1  0.00000000000000000D+00  0.00000000000000000D+00  0.00000000000000000D+00  1.56376660245463500D-18  2.55390901341256800D-02
24  2  0.00000000000000000D+00 -4.10103896740470600D-19 -6.69772609721334300D-03  0.00000000000000000D+00  0.00000000000000000D+00
24  3  0.00000000000000000D+00  0.00000000000000000D+00  0.00000000000000000D+00  1.08672102109161200D-16  1.77480872559515600D+00
24  4  0.00000000000000000D+00  1.73735265794878400D-18  2.83740591827890800D-02  0.00000000000000000D+00  0.00000000000000000D+00
24  5  0.00000000000000000D+00  0.00000000000000000D+00  0.00000000000000000D+00 -8.67352273150913900D-17 -1.41654054046614700D+00
24  6  0.00000000000000000D+00  0.00000000000000000D+00  0.00000000000000000D+00  8.38019781222592200D-18  1.36863536369360100D-01
24  7  0.00000000000000000D+00  1.75234956737726500D-17  2.86189853891846500D-01  0.00000000000000000D+00  0.00000000000000000D+00
24  8  0.00000000000000000D+00  0.00000000000000000D+00  0.00000000000000000D+00 -2.80884330032433500D-20 -4.58734072636004600D-04
24  9  0.00000000000000000D+00 -4.42871619914088800D-17 -7.23288130151781100D-01  0.00000000000000000D+00  0.00000000000000000D+00
24 10  0.00000000000000000D+00  0.00000000000000000D+00  0.00000000000000000D+00  1.97119739741302300D-19  3.21931597245156000D-03
25  1  0.00000000000000000D+00  0.00000000000000000D+00  0.00000000000000000D+00  2.55390901341101200D-02 -1.56376660245368200D-18
25  2  0.00000000000000000D+00 -6.69772609719182500D-03  4.10103896739153100D-19  0.00000000000000000D+00  0.00000000000000000D+00
25  3  0.00000000000000000D+00  0.00000000000000000D+00  0.00000000000000000D+00  1.77480872559504700D+00 -1.08672102109154500D-16
25  4  0.00000000000000000D+00  2.83740591827859100D-02 -1.73735265794858900D-18  0.00000000000000000D+00  0.00000000000000000D+00
25  5  0.00000000000000000D+00  0.00000000000000000D+00  0.00000000000000000D+00 -1.41654054046605100D+00  8.67352273150855300D-17
25  6  0.00000000000000000D+00  0.00000000000000000D+00  0.00000000000000000D+00  1.36863536369368400D-01 -8.38019781222643000D-18
25  7  0.00000000000000000D+00  2.86189853891865700D-01 -1.75234956737738300D-17  0.00000000000000000D+00  0.00000000000000000D+00
25  8  0.00000000000000000D+00  0.00000000000000000D+00  0.00000000000000000D+00 -4.58734072635577100D-04  2.80884330032171800D-20
25  9  0.00000000000000000D+00 -7.23288130151836500D-01  4.42871619914122700D-17  0.00000000000000000D+00  0.00000000000000000D+00
25 10  0.00000000000000000D+00  0.00000000000000000D+00  0.00000000000000000D+00  3.21931597245141300D-03 -1.97119739741293300D-19
26  1  0.00000000000000000D+00  0.00000000000000000D+00  0.00000000000000000D+00  0.00000000000000000D+00  0.00000000000000000D+00
26  2  0.00000000000000000D+00  0.00000000000000000D+00  0.00000000000000000D+00  0.00000000000000000D+00 -2.60544714749946800D-16
26  3  2.60544714749946800D-16  0.00000000000000000D+00 -2.45671698055935900D+00  0.00000000000000000D+00  0.00000000000000000D+00
26  4  0.00000000000000000D+00  0.00000000000000000D+00  0.00000000000000000D+00  0.00000000000000000D+00  2.16225635203606700D-16
26  5 -2.16225635203606700D-16  0.00000000000000000D+00  2.03882542828300600D+00  0.00000000000000000D+00  0.00000000000000000D+00
26  6  0.00000000000000000D+00  0.00000000000000000D+00  0.00000000000000000D+00  0.00000000000000000D+00  0.00000000000000000D+00
26  7  0.00000000000000000D+00  0.00000000000000000D+00  0.00000000000000000D+00  0.00000000000000000D+00 -4.71241577401663000D-21
26  8  4.71241577401663000D-21  0.00000000000000000D+00 -4.44341074528927500D-05  0.00000000000000000D+00  0.00000000000000000D+00
26  9  0.00000000000000000D+00  0.00000000000000000D+00  0.00000000000000000D+00  0.00000000000000000D+00  4.58761926356993800D-20
26 10 -4.58761926356993800D-20  0.00000000000000000D+00  4.32573815821600300D-04  0.00000000000000000D+00  0.00000000000000000D+00
27  1  0.00000000000000000D+00  0.00000000000000000D+00  0.00000000000000000D+00  0.00000000000000000D+00  0.00000000000000000D+00
27  2  0.00000000000000000D+00  0.00000000000000000D+00  0.00000000000000000D+00  0.00000000000000000D+00  2.12757931507315700D+00
27  3 -2.12757931507316800D+00  0.00000000000000000D+00 -3.00851122393653300D-16  0.00000000000000000D+00  0.00000000000000000D+00
27  4  0.00000000000000000D+00  0.00000000000000000D+00  0.00000000000000000D+00  0.00000000000000000D+00 -1.76567461477468500D+00
27  5  1.76567461477471200D+00  0.00000000000000000D+00  2.49675857380989200D-16  0.00000000000000000D+00  0.00000000000000000D+00
27  6  0.00000000000000000D+00  0.00000000000000000D+00  0.00000000000000000D+00  0.00000000000000000D+00  0.00000000000000000D+00
27  7  0.00000000000000000D+00  0.00000000000000000D+00  0.00000000000000000D+00  0.00000000000000000D+00  3.84810658504408700D-05
27  8 -3.84810658484875300D-05  0.00000000000000000D+00 -5.44142903143297400D-21  0.00000000000000000D+00  0.00000000000000000D+00
27  9  0.00000000000000000D+00  0.00000000000000000D+00  0.00000000000000000D+00  0.00000000000000000D+00 -3.74619913534849000D-04
27 10  3.74619913533258300D-04  0.00000000000000000D+00  5.29732643381418400D-20  0.00000000000000000D+00  0.00000000000000000D+00
28  1 -1.54019538240335100D-02 -5.96077965236499200D-02  8.99005264909615900D-02  0.00000000000000000D+00  0.00000000000000000D+00
28  2  7.62542929158022700D-02  0.00000000000000000D+00  0.00000000000000000D+00 -1.42815994127243500D-02 -1.01295176465061200D+00
28  3 -1.01295176465061600D+00  2.02590352930122800D+00 -2.71170936169722800D-31  0.00000000000000000D+00  0.00000000000000000D+00
28  4  1.65049266521342100D-02  0.00000000000000000D+00  0.00000000000000000D+00  1.64764971149076000D-02  7.99509204174215400D-01
28  5  7.99509204174219100D-01 -1.59901840834843500D+00  2.58844984525644500D-31  0.00000000000000000D+00  0.00000000000000000D+00
28  6 -2.14559244175285300D-02  2.53366646554067000D-02  3.40509506004622500D-01  0.00000000000000000D+00  0.00000000000000000D+00
28  7 -7.49803714218289000D-02  0.00000000000000000D+00  0.00000000000000000D+00 -1.14872567380280700D-01  6.72137772254462300D-05
28  8  6.72137771758163200D-05 -1.34427554401517200D-04 -3.50896762240232200D-30  0.00000000000000000D+00  0.00000000000000000D+00
28  9 -5.27926771882506400D-01  0.00000000000000000D+00  0.00000000000000000D+00  2.51422926528890900D-01  1.28188619155715900D-03
28 10  1.28188619160263000D-03 -2.56377238315978600D-03  3.21493078204130800D-30  0.00000000000000000D+00  0.00000000000000000D+00
29  1  0.00000000000000000D+00  0.00000000000000000D+00  0.00000000000000000D+00 -6.68611949669058000D-18 -1.09196224171483700D-01
29  2  0.00000000000000000D+00  9.86325451272642200D-18  1.61084490243581300D-01  0.00000000000000000D+00  0.00000000000000000D+00
29  3  0.00000000000000000D+00  0.00000000000000000D+00  0.00000000000000000D+00 -1.05170485565679700D-16 -1.71762109901536900D+00
29  4  0.00000000000000000D+00  8.50530241870482400D-19  1.38906717120275100D-02  0.00000000000000000D+00  0.00000000000000000D+00
29  5  0.00000000000000000D+00  0.00000000000000000D+00  0.00000000000000000D+00  9.26107389374567300D-17  1.51249809619866500D+00
29  6  0.00000000000000000D+00  0.00000000000000000D+00  0.00000000000000000D+00  9.68453684120490200D-18  1.58165712777439900D-01
29  7  0.00000000000000000D+00  2.06443632049331800D-17  3.37159171851357800D-01  0.00000000000000000D+00  0.00000000000000000D+00
29  8  0.00000000000000000D+00  0.00000000000000000D+00  0.00000000000000000D+00 -1.18163770487103300D-20 -1.92982455330690400D-04
29  9  0.00000000000000000D+00 -5.49688475353508700D-17 -8.97739054901618100D-01  0.00000000000000000D+00  0.00000000000000000D+00
29 10  0.00000000000000000D+00  0.00000000000000000D+00  0.00000000000000000D+00 -7.66073267041771100D-20 -1.25113390870563100D-03
30  1  0.00000000000000000D+00  0.00000000000000000D+00  0.00000000000000000D+00 -1.09196224171477800D-01  6.68611949669022000D-18
30  2  0.00000000000000000D+00  1.61084490243574300D-01 -9.86325451272599100D-18  0.00000000000000000D+00  0.00000000000000000D+00
30  3  0.00000000000000000D+00  0.00000000000000000D+00  0.00000000000000000D+00 -1.71762109901547600D+00  1.05170485565686300D-16
30  4  0.00000000000000000D+00  1.38906717120268200D-02 -8.50530241870440000D-19  0.00000000000000000D+00  0.00000000000000000D+00
30  5  0.00000000000000000D+00  0.00000000000000000D+00  0.00000000000000000D+00  1.51249809619875400D+00 -9.26107389374621400D-17
30  6  0.00000000000000000D+00  0.00000000000000000D+00  0.00000000000000000D+00  1.58165712777430800D-01 -9.68453684120434700D-18
30  7  0.00000000000000000D+00  3.37159171851337700D-01 -2.06443632049319500D-17  0.00000000000000000D+00  0.00000000000000000D+00
30  8  0.00000000000000000D+00  0.00000000000000000D+00  0.00000000000000000D+00 -1.92982455330546300D-04  1.18163770487015000D-20
30  9  0.00000000000000000D+00 -8.97739054901572700D-01  5.49688475353480900D-17  0.00000000000000000D+00  0.00000000000000000D+00
30 10  0.00000000000000000D+00  0.00000000000000000D+00  0.00000000000000000D+00 -1.25113390870581300D-03  7.66073267041882600D-20
31  1  9.63514703081939200D-02  4.56061540570454700D-01 -6.86507439820021800D-01  0.00000000000000000D+00  0.00000000000000000D+00
31  2  1.41348168797530600D-02  0.00000000000000000D+00  0.00000000000000000D+00 -2.02014945087116900D-01 -6.40229193694613300D-02
31  3 -6.40229193693876200D-02  1.28045838738849400D-01  5.21233680148961500D-30  0.00000000000000000D+00  0.00000000000000000D+00
31  4  2.05831814857246900D-01  0.00000000000000000D+00  0.00000000000000000D+00  1.71692554375911800D-01  1.17354514975782800D-01
31  5  1.17354514975729600D-01 -2.34709029951512600D-01 -3.75787450748837500D-30  0.00000000000000000D+00  0.00000000000000000D+00
31  6 -3.17906407876702900D-02  3.28116834016544500D-02  5.02146520452420500D-01  0.00000000000000000D+00  0.00000000000000000D+00
31  7  1.68770418802696300D-01  0.00000000000000000D+00  0.00000000000000000D+00  3.70881354233054200D-01  1.95755209457065000D-04
31  8  1.95755209448386100D-04 -3.91510418905209900D-04 -6.13625354406078200D-31  0.00000000000000000D+00  0.00000000000000000D+00
31  9 -8.00539310617639400D-01  0.00000000000000000D+00  0.00000000000000000D+00 -1.01573526224641500D+00  2.13765733136711700D-04
31 10  2.13765733154811500D-04 -4.27531466291517800D-04  1.27970220714132700D-30  0.00000000000000000D+00  0.00000000000000000D+00
32  1  1.42063878026417500D-01  7.13383754140483100D-01 -8.76268977533480800D-01  0.00000000000000000D+00  0.00000000000000000D+00
32  2  3.13288951645908100D-01  0.00000000000000000D+00  0.00000000000000000D+00 -6.80011093990046900D-01 -8.07179301404983300D-01
32  3 -8.07179301404978600D-01  1.61435860280996300D+00  3.32800694390114400D-31  0.00000000000000000D+00  0.00000000000000000D+00
32  4 -6.73378285475064600D-03  0.00000000000000000D+00  0.00000000000000000D+00  6.70712551234688600D-02  8.37010287968541000D-01
32  5  8.37010287968538900D-01 -1.67402057593708100D+00 -1.47911419728939700D-31  0.00000000000000000D+00  0.00000000000000000D+00
32  6  4.40879113642134200D-02 -3.94813791288956000D-02 -7.11312461624181200D-01  0.00000000000000000D+00  0.00000000000000000D+00
32  7  1.09721749076359600D-01  0.00000000000000000D+00  0.00000000000000000D+00  2.53909146962078100D-01  2.05030369839185000D-04
32  8  2.05030369797475800D-04 -4.10060739636556900D-04 -2.94895684745589300D-30  0.00000000000000000D+00  0.00000000000000000D+00
32  9  1.23902098426851300D+00  0.00000000000000000D+00  0.00000000000000000D+00 -8.17557737566452200D-01  2.59215101899703200D-03
32 10  2.59215101902902200D-03 -5.18430203802606800D-03  2.26178805256406500D-30  0.00000000000000000D+00  0.00000000000000000D+00
33  1  0.00000000000000000D+00  0.00000000000000000D+00  0.00000000000000000D+00 -1.32505577237385500D-02  8.11335859009020200D-19
33  2  0.00000000000000000D+00  2.25136957453049800D-02 -1.37852074288621500D-18  0.00000000000000000D+00  0.00000000000000000D+00
33  3  0.00000000000000000D+00  0.00000000000000000D+00  0.00000000000000000D+00 -3.50454451800805600D-02  2.14584374200302300D-18
33  4  0.00000000000000000D+00 -5.57483176072986000D-03  3.41348719784028900D-19  0.00000000000000000D+00  0.00000000000000000D+00
33  5  0.00000000000000000D+00  0.00000000000000000D+00  0.00000000000000000D+00  3.80372419884268800D-02 -2.32903241104534400D-18
33  6  0.00000000000000000D+00  0.00000000000000000D+00  0.00000000000000000D+00  1.62681786814025600D-02 -9.96105748918166200D-19
33  7  0.00000000000000000D+00 -1.73142906927831400D-02  1.06015951971549400D-18  0.00000000000000000D+00  0.00000000000000000D+00
33  8  0.00000000000000000D+00  0.00000000000000000D+00  0.00000000000000000D+00 -3.58829999144244000D-02  2.19712748447059700D-18
33  9  0.00000000000000000D+00  5.86610475769111400D-03 -3.59183457922810800D-19  0.00000000000000000D+00  0.00000000000000000D+00
33 10  0.00000000000000000D+00  0.00000000000000000D+00  0.00000000000000000D+00  1.01816671502818200D+00 -6.23426714236984500D-17
34  1  0.00000000000000000D+00  0.00000000000000000D+00  0.00000000000000000D+00 -8.11335859009037700D-19 -1.32505577237388400D-02
34  2  0.00000000000000000D+00  1.37852074288623000D-18  2.25136957453052200D-02  0.00000000000000000D+00  0.00000000000000000D+00
34  3  0.00000000000000000D+00  0.00000000000000000D+00  0.00000000000000000D+00 -2.14584374200304300D-18 -3.50454451800808800D-02
34  4  0.00000000000000000D+00 -3.41348719784057400D-19 -5.57483176073032700D-03  0.00000000000000000D+00  0.00000000000000000D+00
34  5  0.00000000000000000D+00  0.00000000000000000D+00  0.00000000000000000D+00  2.32903241104540300D-18  3.80372419884278500D-02
34  6  0.00000000000000000D+00  0.00000000000000000D+00  0.00000000000000000D+00  9.96105748918060600D-19  1.62681786814008400D-02
34  7  0.00000000000000000D+00 -1.06015951971532400D-18 -1.73142906927803700D-02  0.00000000000000000D+00  0.00000000000000000D+00
34  8  0.00000000000000000D+00  0.00000000000000000D+00  0.00000000000000000D+00 -2.19712748447059400D-18 -3.58829999144243500D-02
34  9  0.00000000000000000D+00  3.59183457922750400D-19  5.86610475769012800D-03  0.00000000000000000D+00  0.00000000000000000D+00
34 10  0.00000000000000000D+00  0.00000000000000000D+00  0.00000000000000000D+00  6.23426714236984300D-17  1.01816671502818100D+00
35  1  0.00000000000000000D+00  0.00000000000000000D+00  0.00000000000000000D+00  0.00000000000000000D+00  0.00000000000000000D+00
35  2  0.00000000000000000D+00  0.00000000000000000D+00  0.00000000000000000D+00  0.00000000000000000D+00  3.78636650147712200D-19
35  3 -3.78636650147712200D-19  0.00000000000000000D+00  3.57022436157549300D-03  0.00000000000000000D+00  0.00000000000000000D+00
35  4  0.00000000000000000D+00  0.00000000000000000D+00  0.00000000000000000D+00  0.00000000000000000D+00 -4.06072060455641900D-19
35  5  4.06072060455641900D-19  0.00000000000000000D+00 -3.82891714848077000D-03  0.00000000000000000D+00  0.00000000000000000D+00
35  6  0.00000000000000000D+00  0.00000000000000000D+00  0.00000000000000000D+00  0.00000000000000000D+00  0.00000000000000000D+00
35  7  0.00000000000000000D+00  0.00000000000000000D+00  0.00000000000000000D+00  0.00000000000000000D+00 -3.79241757968886700D-18
35  8  3.79241757968886700D-18  0.00000000000000000D+00 -3.57593001812959000D-02  0.00000000000000000D+00  0.00000000000000000D+00
35  9  0.00000000000000000D+00  0.00000000000000000D+00  0.00000000000000000D+00  0.00000000000000000D+00  1.07973526706092600D-16
35 10 -1.07973526706092600D-16  0.00000000000000000D+00  1.01809931843874100D+00  0.00000000000000000D+00  0.00000000000000000D+00
36  1  0.00000000000000000D+00  0.00000000000000000D+00  0.00000000000000000D+00  0.00000000000000000D+00  0.00000000000000000D+00
36  2  0.00000000000000000D+00  0.00000000000000000D+00  0.00000000000000000D+00  0.00000000000000000D+00 -3.09190499438399800D-03
36  3  3.09190499438617300D-03  0.00000000000000000D+00  4.37211943782837400D-19  0.00000000000000000D+00  0.00000000000000000D+00
36  4  0.00000000000000000D+00  0.00000000000000000D+00  0.00000000000000000D+00  0.00000000000000000D+00  3.31593951960804100D-03
36  5 -3.31593951962471300D-03  0.00000000000000000D+00 -4.68891626835426900D-19  0.00000000000000000D+00  0.00000000000000000D+00
36  6  0.00000000000000000D+00  0.00000000000000000D+00  0.00000000000000000D+00  0.00000000000000000D+00  0.00000000000000000D+00
36  7  0.00000000000000000D+00  0.00000000000000000D+00  0.00000000000000000D+00  0.00000000000000000D+00  3.09684623784087200D-02
36  8 -3.09684623782486700D-02  0.00000000000000000D+00 -4.37910662099355400D-18  0.00000000000000000D+00  0.00000000000000000D+00
36  9  0.00000000000000000D+00  0.00000000000000000D+00  0.00000000000000000D+00  0.00000000000000000D+00 -8.81699873343613500D-01
36 10  8.81699873343513900D-01  0.00000000000000000D+00  1.24677089418230000D-16  0.00000000000000000D+00  0.00000000000000000D+00
37  1 -1.66069308123280400D-02 -8.27823642774988700D-02  1.13076516117519900D-01  0.00000000000000000D+00  0.00000000000000000D+00
37  2 -1.73535823431867400D-02  0.00000000000000000D+00  0.00000000000000000D+00  4.55472281772650400D-02  5.39215832818472100D-02
37  3  5.39215832818466100D-02 -1.07843166563693900D-01 -4.23704587765191900D-32  0.00000000000000000D+00  0.00000000000000000D+00
37  4 -2.51905620220896100D-02  0.00000000000000000D+00  0.00000000000000000D+00 -1.51581885601823300D-02 -6.13648347542747500D-02
37  5 -6.13648347542740300D-02  1.22729669508549000D-01  5.08445505318230300D-32  0.00000000000000000D+00  0.00000000000000000D+00
37  6  4.34056341294996200D-03  1.22853425896889700D-02 -3.51010218489836500D-03  0.00000000000000000D+00  0.00000000000000000D+00
37  7 -4.05141963266898200D-02  0.00000000000000000D+00  0.00000000000000000D+00  3.73809956864794600D-02 -1.78261205223871200D-02
37  8 -1.78261205232182500D-02  3.56522410456052900D-02 -5.87628189051767100D-29  0.00000000000000000D+00  0.00000000000000000D+00
37  9 -1.73046241443815700D-02  0.00000000000000000D+00  0.00000000000000000D+00  1.53063172397774200D-02  5.09183461871536400D-01
37 10  5.09183461872055200D-01 -1.01836692374359200D+00  3.66820320927770500D-29  0.00000000000000000D+00  0.00000000000000000D+00
38  1  0.00000000000000000D+00  0.00000000000000000D+00  0.00000000000000000D+00 -1.28747958843429000D-18 -2.10268317556195300D-02
38  2  0.00000000000000000D+00  2.28377348822623200D-18  3.72980832754601500D-02  0.00000000000000000D+00  0.00000000000000000D+00
38  3  0.00000000000000000D+00  0.00000000000000000D+00  0.00000000000000000D+00 -4.13736871102280100D-18 -6.75705903061630700D-02
38  4  0.00000000000000000D+00  7.92491874303634800D-19  1.29428019351691500D-02  0.00000000000000000D+00  0.00000000000000000D+00
38  5  0.00000000000000000D+00  0.00000000000000000D+00  0.00000000000000000D+00  5.06180570774021400D-18  8.26682907848835500D-02
38  6  0.00000000000000000D+00  0.00000000000000000D+00  0.00000000000000000D+00 -5.93041607317520800D-17 -9.68542430743485100D-01
38  7  0.00000000000000000D+00  7.75206415605969400D-17  1.26604996485002600D+00  0.00000000000000000D+00  0.00000000000000000D+00
38  8  0.00000000000000000D+00  0.00000000000000000D+00  0.00000000000000000D+00  2.33176791796665600D-20  3.80819176821757200D-04
38  9  0.00000000000000000D+00 -2.88478164449096400D-17 -4.71136154975296900D-01  0.00000000000000000D+00  0.00000000000000000D+00
38 10  0.00000000000000000D+00  0.00000000000000000D+00  0.00000000000000000D+00  9.41856708899951300D-19  1.53821953635978400D-02
39  1  0.00000000000000000D+00  0.00000000000000000D+00  0.00000000000000000D+00 -2.10268317556200400D-02  1.28747958843432200D-18
39  2  0.00000000000000000D+00  3.72980832754610500D-02 -2.28377348822628800D-18  0.00000000000000000D+00  0.00000000000000000D+00
39  3  0.00000000000000000D+00  0.00000000000000000D+00  0.00000000000000000D+00 -6.75705903061633300D-02  4.13736871102281700D-18
39  4  0.00000000000000000D+00  1.29428019351686100D-02 -7.92491874303601800D-19  0.00000000000000000D+00  0.00000000000000000D+00
39  5  0.00000000000000000D+00  0.00000000000000000D+00  0.00000000000000000D+00  8.26682907848834600D-02 -5.06180570774020800D-18
39  6  0.00000000000000000D+00  0.00000000000000000D+00  0.00000000000000000D+00 -9.68542430743484800D-01  5.93041607317520600D-17
39  7  0.00000000000000000D+00  1.26604996485002600D+00 -7.75206415605969400D-17  0.00000000000000000D+00  0.00000000000000000D+00
39  8  0.00000000000000000D+00  0.00000000000000000D+00  0.00000000000000000D+00  3.80819176821531400D-04 -2.33176791796527400D-20
39  9  0.00000000000000000D+00 -4.71136154975297000D-01  2.88478164449096500D-17  0.00000000000000000D+00  0.00000000000000000D+00
39 10  0.00000000000000000D+00  0.00000000000000000D+00  0.00000000000000000D+00  1.53821953636001600D-02 -9.41856708900093300D-19
40  1 -4.50238206723868000D-02 -2.10785363686684800D-01  2.99105972150005800D-01  0.00000000000000000D+00  0.00000000000000000D+00
40  2 -4.88184043334724000D-02  0.00000000000000000D+00  0.00000000000000000D+00  1.73496620563759000D-01  7.25010976513793300D-02
40  3  7.25010976513792000D-02 -1.45002195302758500D-01 -9.24446373305873200D-33  0.00000000000000000D+00  0.00000000000000000D+00
40  4 -4.40377570556899900D-02  0.00000000000000000D+00  0.00000000000000000D+00 -6.19196581372497600D-02 -1.05036662771139300D-01
40  5 -1.05036662771139200D-01  2.10073325542278700D-01  4.62223186652936600D-33  0.00000000000000000D+00  0.00000000000000000D+00
40  6  1.84968540766189800D-02  4.89714016122492600D-02 -2.64118198438134200D-02  0.00000000000000000D+00  0.00000000000000000D+00
40  7  9.69650979254479300D-01  0.00000000000000000D+00  0.00000000000000000D+00 -1.29739844943986700D+00  3.90682902997091100D-04
40  8  3.90682902995043700D-04 -7.81365805992309600D-04 -1.44751690913929400D-31  0.00000000000000000D+00  0.00000000000000000D+00
40  9 -5.12258167589692200D-02  0.00000000000000000D+00  0.00000000000000000D+00  5.66597260766255100D-01  2.12573450497567500D-02
40 10  2.12573450497471100D-02 -4.25146900995038600D-02 -6.81394014324204000D-31  0.00000000000000000D+00  0.00000000000000000D+00
41  1  2.08957548229884900D-02  1.05063876934327300D-01 -1.02836859558274900D-01  0.00000000000000000D+00  0.00000000000000000D+00
41  2  7.80679955280401700D-02  0.00000000000000000D+00  0.00000000000000000D+00 -1.62192890503570800D-01 -8.77516687413353900D-02
41  3 -8.77516687413353000D-02  1.75503337482671100D-01  6.16297582203915500D-33  0.00000000000000000D+00  0.00000000000000000D+00
41  4 -6.22916204225325300D-02  0.00000000000000000D+00  0.00000000000000000D+00 -2.51825155887338200D-02  1.11209732541808600D-01
41  5  1.11209732541808900D-01 -2.22419465083617200D-01  2.31111593326468300D-32  0.00000000000000000D+00  0.00000000000000000D+00
41  6  7.52072442286510600D-01  1.76608110672595900D+00 -2.25632334093590800D+00  0.00000000000000000D+00  0.00000000000000000D+00
41  7 -3.60547473259988000D-02  0.00000000000000000D+00  0.00000000000000000D+00  7.06495876029560500D-02 -8.20303974380862700D-04
41  8 -8.20303974382578800D-04  1.64060794876351100D-03 -1.21333586496395900D-31  0.00000000000000000D+00  0.00000000000000000D+00
41  9  8.71953478613200100D-01  0.00000000000000000D+00  0.00000000000000000D+00 -9.74739321771132400D-02 -5.91369336819536300D-03
41 10 -5.91369336819011000D-03  1.18273867363854800D-02  3.71463738023688100D-31  0.00000000000000000D+00  0.00000000000000000D+00
42  1  0.00000000000000000D+00  0.00000000000000000D+00  0.00000000000000000D+00 -3.55365593574617400D-19 -5.80375224194143500D-03
42  2  0.00000000000000000D+00  6.07518291620055800D-19  9.92185431218452000D-03  0.00000000000000000D+00  0.00000000000000000D+00
42  3  0.00000000000000000D+00  0.00000000000000000D+00  0.00000000000000000D+00 -7.93066640502952500D-19 -1.29521888895569600D-02
42  4  0.00000000000000000D+00 -1.39740776966893400D-19 -2.28221544875574000D-03  0.00000000000000000D+00  0.00000000000000000D+00
42  5  0.00000000000000000D+00  0.00000000000000000D+00  0.00000000000000000D+00  8.87049516770606100D-19  1.44870964290173500D-02
42  6  0.00000000000000000D+00  0.00000000000000000D+00  0.00000000000000000D+00 -7.00824677666938700D-20 -1.14457135630473700D-03
42  7  0.00000000000000000D+00  8.98869645204776000D-20  1.46801401511452900D-03  0.00000000000000000D+00  0.00000000000000000D+00
42  8  0.00000000000000000D+00  0.00000000000000000D+00  0.00000000000000000D+00 -7.16116617221527100D-17 -1.16954581361807300D+00
42  9  0.00000000000000000D+00 -7.98913618355742900D-20 -1.30476804380784900D-03  0.00000000000000000D+00  0.00000000000000000D+00
42 10  0.00000000000000000D+00  0.00000000000000000D+00  0.00000000000000000D+00  3.53107215086759600D-17  5.76686890419279900D-01
43  1  0.00000000000000000D+00  0.00000000000000000D+00  0.00000000000000000D+00 -5.80375224194173400D-03  3.55365593574635700D-19
43  2  0.00000000000000000D+00  9.92185431218490400D-03 -6.07518291620079300D-19  0.00000000000000000D+00  0.00000000000000000D+00
43  3  0.00000000000000000D+00  0.00000000000000000D+00  0.00000000000000000D+00 -1.29521888895571900D-02  7.93066640502967000D-19
43  4  0.00000000000000000D+00 -2.28221544875562200D-03  1.39740776966886100D-19  0.00000000000000000D+00  0.00000000000000000D+00
43  5  0.00000000000000000D+00  0.00000000000000000D+00  0.00000000000000000D+00  1.44870964290175800D-02 -8.87049516770620200D-19
43  6  0.00000000000000000D+00  0.00000000000000000D+00  0.00000000000000000D+00 -1.14457135630470800D-03  7.00824677666920500D-20
43  7  0.00000000000000000D+00  1.46801401511385800D-03 -8.98869645204365000D-20  0.00000000000000000D+00  0.00000000000000000D+00
43  8  0.00000000000000000D+00  0.00000000000000000D+00  0.00000000000000000D+00 -1.16954581361807400D+00  7.16116617221527700D-17
43  9  0.00000000000000000D+00 -1.30476804380784700D-03  7.98913618355741700D-20  0.00000000000000000D+00  0.00000000000000000D+00
43 10  0.00000000000000000D+00  0.00000000000000000D+00  0.00000000000000000D+00  5.76686890419280300D-01 -3.53107215086759800D-17
44  1  0.00000000000000000D+00  0.00000000000000000D+00  0.00000000000000000D+00  0.00000000000000000D+00  0.00000000000000000D+00
44  2  0.00000000000000000D+00  0.00000000000000000D+00  0.00000000000000000D+00  0.00000000000000000D+00  1.30477956143307200D-19
44  3 -1.30477956143307200D-19  0.00000000000000000D+00  1.23029711331347400D-03  0.00000000000000000D+00  0.00000000000000000D+00
44  4  0.00000000000000000D+00  0.00000000000000000D+00  0.00000000000000000D+00  0.00000000000000000D+00 -1.43681035091285300D-19
44  5  1.43681035091285300D-19  0.00000000000000000D+00 -1.35479101555322400D-03  0.00000000000000000D+00  0.00000000000000000D+00
44  6  0.00000000000000000D+00  0.00000000000000000D+00  0.00000000000000000D+00  0.00000000000000000D+00  0.00000000000000000D+00
44  7  0.00000000000000000D+00  0.00000000000000000D+00  0.00000000000000000D+00  0.00000000000000000D+00 -1.24031545879549700D-16
44  8  1.24031545879549700D-16  0.00000000000000000D+00 -1.16951289984814000D+00  0.00000000000000000D+00  0.00000000000000000D+00
44  9  0.00000000000000000D+00  0.00000000000000000D+00  0.00000000000000000D+00  0.00000000000000000D+00  6.11550452834933200D-17
44 10 -6.11550452834933200D-17  0.00000000000000000D+00  5.76640513852009400D-01  0.00000000000000000D+00  0.00000000000000000D+00
45  1  0.00000000000000000D+00  0.00000000000000000D+00  0.00000000000000000D+00  0.00000000000000000D+00  0.00000000000000000D+00
45  2  0.00000000000000000D+00  0.00000000000000000D+00  0.00000000000000000D+00  0.00000000000000000D+00  1.06546855432568500D-03
45  3 -1.06546855434269100D-03  0.00000000000000000D+00 -1.50662966205591600D-19  0.00000000000000000D+00  0.00000000000000000D+00
45  4  0.00000000000000000D+00  0.00000000000000000D+00  0.00000000000000000D+00  0.00000000000000000D+00 -1.17328343628567000D-03
45  5  1.17328343629354300D-03  0.00000000000000000D+00  1.65908568575020400D-19  0.00000000000000000D+00  0.00000000000000000D+00
45  6  0.00000000000000000D+00  0.00000000000000000D+00  0.00000000000000000D+00  0.00000000000000000D+00  0.00000000000000000D+00
45  7  0.00000000000000000D+00  0.00000000000000000D+00  0.00000000000000000D+00  0.00000000000000000D+00 -1.01282788132228400D+00
45  8  1.01282788132216500D+00  0.00000000000000000D+00  1.43219292803144600D-16  0.00000000000000000D+00  0.00000000000000000D+00
45  9  0.00000000000000000D+00  0.00000000000000000D+00  0.00000000000000000D+00  0.00000000000000000D+00  4.99385333847510200D-01
45 10 -4.99385333847319000D-01  0.00000000000000000D+00 -7.06157637134940600D-17  0.00000000000000000D+00  0.00000000000000000D+00
46  1 -7.67316456646181000D-03 -3.78888136604081300D-02  5.20453928960516300D-02  0.00000000000000000D+00  0.00000000000000000D+00
46  2 -8.45739493022273200D-03  0.00000000000000000D+00  0.00000000000000000D+00  2.27138761313545100D-02  2.16837935510646000D-02
46  3  2.16837935510625000D-02 -4.33675871021271300D-02 -1.48681791706694600D-31  0.00000000000000000D+00  0.00000000000000000D+00
46  4 -1.10712373115076600D-02  0.00000000000000000D+00  0.00000000000000000D+00 -7.42106923836001400D-03 -2.56588710141305900D-02
46  5 -2.56588710141292900D-02  5.13177420282603400D-02  9.12890793639549800D-32  0.00000000000000000D+00  0.00000000000000000D+00
46  6 -3.12318722940632400D-03 -6.61381864190176200D-03  1.30638199711638800D-02  0.00000000000000000D+00  0.00000000000000000D+00
46  7  4.01515751427828700D-03  0.00000000000000000D+00  0.00000000000000000D+00 -9.46051954064905600D-03 -5.84927883640659600D-01
46  8 -5.84927883641554200D-01  1.16985576728221400D+00 -6.32506208615878400D-29  0.00000000000000000D+00  0.00000000000000000D+00
46  9 -1.26659806104584400D-02  0.00000000000000000D+00  0.00000000000000000D+00  1.67054788487296400D-02  2.89097180757030700D-01
46 10  2.89097180758180600D-01 -5.78194361515211300D-01  8.12958140685184900D-29  0.00000000000000000D+00  0.00000000000000000D+00
47  1  0.00000000000000000D+00  0.00000000000000000D+00  0.00000000000000000D+00  0.00000000000000000D+00  0.00000000000000000D+00
47  2  0.00000000000000000D+00  0.00000000000000000D+00  0.00000000000000000D+00  0.00000000000000000D+00  0.00000000000000000D+00
47  3  0.00000000000000000D+00  0.00000000000000000D+00  0.00000000000000000D+00  0.00000000000000000D+00  0.00000000000000000D+00
47  4  0.00000000000000000D+00  0.00000000000000000D+00  0.00000000000000000D+00  0.00000000000000000D+00  4.47213595499956700D-01
47  5  4.47213595499956200D-01  4.47213595499956300D-01  0.00000000000000000D+00  0.00000000000000000D+00  0.00000000000000000D+00
47  6  0.00000000000000000D+00  0.00000000000000000D+00  0.00000000000000000D+00  0.00000000000000000D+00  0.00000000000000000D+00
47  7  0.00000000000000000D+00  0.00000000000000000D+00  0.00000000000000000D+00  0.00000000000000000D+00  0.00000000000000000D+00
47  8  0.00000000000000000D+00  0.00000000000000000D+00  0.00000000000000000D+00  0.00000000000000000D+00  0.00000000000000000D+00
47  9  0.00000000000000000D+00  0.00000000000000000D+00  0.00000000000000000D+00  0.00000000000000000D+00  0.00000000000000000D+00
47 10  0.00000000000000000D+00  0.00000000000000000D+00  0.00000000000000000D+00  0.00000000000000000D+00  0.00000000000000000D+00
48  1  0.00000000000000000D+00  0.00000000000000000D+00  0.00000000000000000D+00  0.00000000000000000D+00  0.00000000000000000D+00
48  2  0.00000000000000000D+00  0.00000000000000000D+00  0.00000000000000000D+00  0.00000000000000000D+00  4.47213595499956800D-01
48  3  4.47213595499955500D-01  4.47213595499956200D-01  0.00000000000000000D+00  0.00000000000000000D+00  0.00000000000000000D+00
48  4  0.00000000000000000D+00  0.00000000000000000D+00  0.00000000000000000D+00  0.00000000000000000D+00  0.00000000000000000D+00
48  5  0.00000000000000000D+00  0.00000000000000000D+00  0.00000000000000000D+00  0.00000000000000000D+00  0.00000000000000000D+00
48  6  0.00000000000000000D+00  0.00000000000000000D+00  0.00000000000000000D+00  0.00000000000000000D+00  0.00000000000000000D+00
48  7  0.00000000000000000D+00  0.00000000000000000D+00  0.00000000000000000D+00  0.00000000000000000D+00  0.00000000000000000D+00
48  8  0.00000000000000000D+00  0.00000000000000000D+00  0.00000000000000000D+00  0.00000000000000000D+00  0.00000000000000000D+00
48  9  0.00000000000000000D+00  0.00000000000000000D+00  0.00000000000000000D+00  0.00000000000000000D+00  0.00000000000000000D+00
48 10  0.00000000000000000D+00  0.00000000000000000D+00  0.00000000000000000D+00  0.00000000000000000D+00  0.00000000000000000D+00
49  1  0.00000000000000000D+00  0.00000000000000000D+00  0.00000000000000000D+00  0.00000000000000000D+00  0.00000000000000000D+00
49  2  0.00000000000000000D+00  0.00000000000000000D+00  0.00000000000000000D+00  0.00000000000000000D+00  0.00000000000000000D+00
49  3  0.00000000000000000D+00  0.00000000000000000D+00  0.00000000000000000D+00  0.00000000000000000D+00  0.00000000000000000D+00
49  4  0.00000000000000000D+00  0.00000000000000000D+00  0.00000000000000000D+00  0.00000000000000000D+00  0.00000000000000000D+00
49  5  0.00000000000000000D+00  0.00000000000000000D+00  0.00000000000000000D+00  0.00000000000000000D+00  0.00000000000000000D+00
49  6  0.00000000000000000D+00  0.00000000000000000D+00  0.00000000000000000D+00  0.00000000000000000D+00  0.00000000000000000D+00
49  7  0.00000000000000000D+00  0.00000000000000000D+00  0.00000000000000000D+00  0.00000000000000000D+00  0.00000000000000000D+00
49  8  0.00000000000000000D+00  0.00000000000000000D+00  0.00000000000000000D+00  0.00000000000000000D+00  0.00000000000000000D+00
49  9  0.00000000000000000D+00  0.00000000000000000D+00  0.00000000000000000D+00  0.00000000000000000D+00  4.47213595500418800D-01
49 10  4.47213595499494700D-01  4.47213595499956700D-01  0.00000000000000000D+00  0.00000000000000000D+00  0.00000000000000000D+00
50  1  0.00000000000000000D+00  0.00000000000000000D+00  0.00000000000000000D+00  0.00000000000000000D+00  0.00000000000000000D+00
50  2  0.00000000000000000D+00  0.00000000000000000D+00  0.00000000000000000D+00  0.00000000000000000D+00  0.00000000000000000D+00
50  3  0.00000000000000000D+00  0.00000000000000000D+00  0.00000000000000000D+00  0.00000000000000000D+00  0.00000000000000000D+00
50  4  0.00000000000000000D+00  0.00000000000000000D+00  0.00000000000000000D+00  0.00000000000000000D+00  0.00000000000000000D+00
50  5  0.00000000000000000D+00  0.00000000000000000D+00  0.00000000000000000D+00  0.00000000000000000D+00  0.00000000000000000D+00
50  6  0.00000000000000000D+00  0.00000000000000000D+00  0.00000000000000000D+00  0.00000000000000000D+00  0.00000000000000000D+00
50  7  0.00000000000000000D+00  0.00000000000000000D+00  0.00000000000000000D+00  0.00000000000000000D+00 -4.47213595500417900D-01
50  8 -4.47213595499495100D-01 -4.47213595499956500D-01  0.00000000000000000D+00  0.00000000000000000D+00  0.00000000000000000D+00
50  9  0.00000000000000000D+00  0.00000000000000000D+00  0.00000000000000000D+00  0.00000000000000000D+00  0.00000000000000000D+00
50 10  0.00000000000000000D+00  0.00000000000000000D+00  0.00000000000000000D+00  0.00000000000000000D+00  0.00000000000000000D+00
 $END
 POPULATION ANALYSIS
LI           2.00556   0.99444   2.01136   0.98864
F            9.99444  -0.99444   9.98864  -0.98864
 MOMENTS AT POINT    1 X,Y,Z=  0.000000  0.000000  7.314387
 DIPOLE       0.000000  0.000000-25.234848
- - - NO-S OF CI STATE  1 E=     -106.7889584368 CREATED  9:42:31  7-MAY-2026    
 $OCCNO 
    2.0000000000    2.0000000000    2.0000000000    1.9834909516    1.9834909516
    1.9725958286    0.0271151808    0.0162579493    0.0162579493    0.0006961988
    0.0000797360    0.0000062864    0.0000062864    0.0000021910    0.0000001683
    0.0000001683    0.0000000781    0.0000000170    0.0000000170    0.0000000169
    0.0000000069    0.0000000069    0.0000000034    0.0000000025    0.0000000025
    0.0000000009    0.0000000006    0.0000000003    0.0000000003    0.0000000002
    0.0000000001    0.0000000001
 $END   
 $VEC   
 1  1  2.43469067103184900D-05  1.23545667202766200D-04 -1.11890519571682900D-04  0.00000000000000000D+00  0.00000000000000000D+00
 1  2  1.04858687014321600D-04  0.00000000000000000D+00  0.00000000000000000D+00 -2.11697900927622800D-04 -1.04626798583639400D-04
 1  3 -1.04626798582327900D-04  2.09253597165850600D-04  0.00000000000000000D+00  0.00000000000000000D+00  0.00000000000000000D+00
 1  4 -9.10575939019691300D-05  0.00000000000000000D+00  0.00000000000000000D+00 -3.89824263215101600D-05  1.34322214720603000D-04
 1  5  1.34322214719895200D-04 -2.68644429440449700D-04  0.00000000000000000D+00  0.00000000000000000D+00  0.00000000000000000D+00
 1  6  1.00069959877874900D+00  5.38031623133911000D-04 -3.45669009747610700D-03  0.00000000000000000D+00  0.00000000000000000D+00
 1  7 -5.88318224394440600D-05  0.00000000000000000D+00  0.00000000000000000D+00  6.21636930876463500D-05  3.87270045997281500D-06
 1  8  3.87270045474114500D-06 -7.74540091495655200D-06  0.00000000000000000D+00  0.00000000000000000D+00  0.00000000000000000D+00
 1  9  1.21587107986800600D-03  0.00000000000000000D+00  0.00000000000000000D+00 -1.11034999677773200D-04 -3.76556318665877300D-06
 1 10 -3.76556318332019500D-06  7.53112636997907600D-06  0.00000000000000000D+00  0.00000000000000000D+00  0.00000000000000000D+00
 2  1 -1.00010368311559300D+00  9.81265852309787200D-04  1.21027422977479400D-03  0.00000000000000000D+00  0.00000000000000000D+00
 2  2  1.56649380097946800D-03  0.00000000000000000D+00  0.00000000000000000D+00 -1.28466012228089200D-03 -1.68081744003382400D-05
 2  3 -1.68081744007508900D-05  3.36163488010754600D-05  0.00000000000000000D+00  0.00000000000000000D+00  0.00000000000000000D+00
 2  4 -1.32179980476280400D-03  0.00000000000000000D+00  0.00000000000000000D+00  1.40193088291005600D-04 -1.02434437704557700D-05
 2  5 -1.02434437697584100D-05  2.04868875401820900D-05  0.00000000000000000D+00  0.00000000000000000D+00  0.00000000000000000D+00
 2  6 -2.48189502272344800D-06 -5.08159794379179800D-06  1.69266131841937500D-05  0.00000000000000000D+00  0.00000000000000000D+00
 2  7  1.10502609639013900D-05  0.00000000000000000D+00  0.00000000000000000D+00 -3.78295069230157900D-05 -2.08836084723310000D-06
 2  8 -2.08836084728661900D-06  4.17672169452198300D-06  0.00000000000000000D+00  0.00000000000000000D+00  0.00000000000000000D+00
 2  9 -1.55913464594821100D-05  0.00000000000000000D+00  0.00000000000000000D+00  1.53654546315355400D-04  7.70644617941078400D-06
 2 10  7.70644618149142200D-06 -1.54128923609023700D-05  0.00000000000000000D+00  0.00000000000000000D+00  0.00000000000000000D+00
 3  1  1.02149179402776300D-04  6.45214229923184500D-04 -3.62711417334861000D-04  0.00000000000000000D+00  0.00000000000000000D+00
 3  2  5.74110279218010900D-04  0.00000000000000000D+00  0.00000000000000000D+00 -1.09053987848230500D-03 -3.73135572295856400D-04
 3  3 -3.73135572296036900D-04  7.46271144591912800D-04  0.00000000000000000D+00  0.00000000000000000D+00  0.00000000000000000D+00
 3  4 -7.16817042810040100D-04  0.00000000000000000D+00  0.00000000000000000D+00 -3.80802663909868000D-04  5.54418068345242900D-04
 3  5  5.54418068345007100D-04 -1.10883613669016700D-03  0.00000000000000000D+00  0.00000000000000000D+00  0.00000000000000000D+00
 3  6 -6.25414696629931200D-03  4.91132793907812700D-01  5.54187035626328300D-01  0.00000000000000000D+00  0.00000000000000000D+00
 3  7 -9.52998407401685200D-04  0.00000000000000000D+00  0.00000000000000000D+00 -2.24819387357117800D-03  1.45286167675676300D-05
 3  8  1.45286167714732100D-05 -2.90572335391968100D-05  0.00000000000000000D+00  0.00000000000000000D+00  0.00000000000000000D+00
 3  9  5.66391677647451700D-02  0.00000000000000000D+00  0.00000000000000000D+00 -1.84515755670774700D-03 -1.84175573170867900D-04
 3 10 -1.84175573160955400D-04  3.68351146331824600D-04  0.00000000000000000D+00  0.00000000000000000D+00  0.00000000000000000D+00
 4  1  0.00000000000000000D+00  0.00000000000000000D+00  0.00000000000000000D+00 -3.33528382353806900D-03  8.07339225480645400D-09
 4  2  0.00000000000000000D+00 -6.85500990224572200D-03  1.65932456664544200D-08  0.00000000000000000D+00  0.00000000000000000D+00
 4  3  0.00000000000000000D+00  0.00000000000000000D+00  0.00000000000000000D+00  5.92970400132958000D-03 -1.43534490286346300D-08
 4  4  0.00000000000000000D+00 -2.23258622158795200D-03  5.40420104050328000D-09  0.00000000000000000D+00  0.00000000000000000D+00
 4  5  0.00000000000000000D+00  0.00000000000000000D+00  0.00000000000000000D+00 -1.05794858098706900D-02  2.56087167736762200D-08
 4  6  0.00000000000000000D+00  0.00000000000000000D+00  0.00000000000000000D+00 -6.27196026952134500D-01  1.51819149857668800D-06
 4  7  0.00000000000000000D+00 -4.43364586768738100D-01  1.07320888123806500D-06  0.00000000000000000D+00  0.00000000000000000D+00
 4  8  0.00000000000000000D+00  0.00000000000000000D+00  0.00000000000000000D+00  9.23479191796973600D-05 -2.23537490329982500D-10
 4  9  0.00000000000000000D+00 -1.65941765554068700D-01  4.01678848233939000D-07  0.00000000000000000D+00  0.00000000000000000D+00
 4 10  0.00000000000000000D+00  0.00000000000000000D+00  0.00000000000000000D+00  2.86590179107925300D-03 -6.93720551151497600D-09
 5  1  0.00000000000000000D+00  0.00000000000000000D+00  0.00000000000000000D+00 -8.07339225758287600D-09 -3.33528382353813100D-03
 5  2  0.00000000000000000D+00 -1.65932456629064500D-08 -6.85500990224543000D-03  0.00000000000000000D+00  0.00000000000000000D+00
 5  3  0.00000000000000000D+00  0.00000000000000000D+00  0.00000000000000000D+00  1.43534490583292400D-08  5.92970400132866200D-03
 5  4  0.00000000000000000D+00 -5.40420103856751600D-09 -2.23258622158823500D-03  0.00000000000000000D+00  0.00000000000000000D+00
 5  5  0.00000000000000000D+00  0.00000000000000000D+00  0.00000000000000000D+00 -2.56087167950373600D-08 -1.05794858098700000D-02
 5  6  0.00000000000000000D+00  0.00000000000000000D+00  0.00000000000000000D+00 -1.51819149855808200D-06 -6.27196026952131700D-01
 5  7  0.00000000000000000D+00 -1.07320888119974500D-06 -4.43364586768739500D-01  0.00000000000000000D+00  0.00000000000000000D+00
 5  8  0.00000000000000000D+00  0.00000000000000000D+00  0.00000000000000000D+00  2.23537490289706900D-10  9.23479191796704900D-05
 5  9  0.00000000000000000D+00 -4.01678848331785300D-07 -1.65941765554070100D-01  0.00000000000000000D+00  0.00000000000000000D+00
 5 10  0.00000000000000000D+00  0.00000000000000000D+00  0.00000000000000000D+00  6.93720551166546400D-09  2.86590179107953100D-03
 6  1 -4.36971709681498700D-03  1.10786371360130500D-01  2.67775688338042500D-02  0.00000000000000000D+00  0.00000000000000000D+00
 6  2  3.07458958302804100D-02  0.00000000000000000D+00  0.00000000000000000D+00  1.40503960155821400D-02  5.15477304799184200D-03
 6  3  5.15477304800362500D-03 -1.03095460959955500D-02  0.00000000000000000D+00  0.00000000000000000D+00  0.00000000000000000D+00
 6  4  8.15683036645057900D-04  0.00000000000000000D+00  0.00000000000000000D+00 -4.70182693782912800D-03 -1.09917783826281500D-02
 6  5 -1.09917783826535700D-02  2.19835567652817000D-02  0.00000000000000000D+00  0.00000000000000000D+00  0.00000000000000000D+00
 6  6 -1.83878874075411800D-04 -5.59461342969920000D-03 -1.22674785122041000D-02  0.00000000000000000D+00  0.00000000000000000D+00
 6  7 -6.14159865230682100D-01  0.00000000000000000D+00  0.00000000000000000D+00 -4.34543287262221000D-01 -6.68939886839575200D-05
 6  8 -6.68939886720646800D-05  1.33787977356187600D-04  0.00000000000000000D+00  0.00000000000000000D+00  0.00000000000000000D+00
 6  9  1.34704493907412400D-02  0.00000000000000000D+00  0.00000000000000000D+00 -1.68182859494967500D-01 -1.72478594509374600D-03
 6 10 -1.72478594508061200D-03  3.44957189017435900D-03  0.00000000000000000D+00  0.00000000000000000D+00  0.00000000000000000D+00
 7  1 -6.55160725848946000D-03 -5.21621848822778800D-01  5.06773855307904900D-02  0.00000000000000000D+00  0.00000000000000000D+00
 7  2 -1.42183908245682100D-01  0.00000000000000000D+00  0.00000000000000000D+00  3.91440758651328500D-02  1.89719767737036000D-02
 7  3  1.89719767736653000D-02 -3.79439535473692400D-02  0.00000000000000000D+00  0.00000000000000000D+00  0.00000000000000000D+00
 7  4 -2.33580190936559500D-02  0.00000000000000000D+00  0.00000000000000000D+00 -1.29538298989548700D-02 -1.38560482980059600D-02
 7  5 -1.38560482979212500D-02  2.77120965959275500D-02  0.00000000000000000D+00  0.00000000000000000D+00  0.00000000000000000D+00
 7  6 -2.20778911622445500D-03  1.07653877629623600D-02  6.10019950220832300D-02  0.00000000000000000D+00  0.00000000000000000D+00
 7  7 -2.48656997741919800D-01  0.00000000000000000D+00  0.00000000000000000D+00 -3.94761105628433100D-01  5.79287173864647700D-05
 7  8  5.79287174053805900D-05 -1.15857434792025100D-04  0.00000000000000000D+00  0.00000000000000000D+00  0.00000000000000000D+00
 7  9 -8.85669222871030600D-02  0.00000000000000000D+00  0.00000000000000000D+00  8.71655752329029800D-01 -1.10311565263172600D-03
 7 10 -1.10311565264286200D-03  2.20623130527458500D-03  0.00000000000000000D+00  0.00000000000000000D+00  0.00000000000000000D+00
 8  1  0.00000000000000000D+00  0.00000000000000000D+00  0.00000000000000000D+00  3.15219391851805800D-02  5.39081234149629400D-04
 8  2  0.00000000000000000D+00  1.30468338052746600D-02  2.23124066960797500D-04  0.00000000000000000D+00  0.00000000000000000D+00
 8  3  0.00000000000000000D+00  0.00000000000000000D+00  0.00000000000000000D+00  8.76362150748955000D-03  1.49873517301942600D-04
 8  4  0.00000000000000000D+00  4.27071815044323200D-03  7.30368775131908600D-05  0.00000000000000000D+00  0.00000000000000000D+00
 8  5  0.00000000000000000D+00  0.00000000000000000D+00  0.00000000000000000D+00  7.02450391097975100D-03  1.20131512702525300D-04
 8  6  0.00000000000000000D+00  0.00000000000000000D+00  0.00000000000000000D+00 -2.16466887270262100D-01 -3.70196884324400400D-03
 8  7  0.00000000000000000D+00 -4.43041886595653800D-01 -7.57680438385675100D-03  0.00000000000000000D+00  0.00000000000000000D+00
 8  8  0.00000000000000000D+00  0.00000000000000000D+00  0.00000000000000000D+00  4.06255528946208000D-04  6.94769222914946600D-06
 8  9  0.00000000000000000D+00  1.13003001246079500D+00  1.93255234129064800D-02  0.00000000000000000D+00  0.00000000000000000D+00
 8 10  0.00000000000000000D+00  0.00000000000000000D+00  0.00000000000000000D+00 -1.25001308454657600D-03 -2.13774473823423500D-05
 9  1  0.00000000000000000D+00  0.00000000000000000D+00  0.00000000000000000D+00 -5.39081234149587700D-04  3.15219391851842000D-02
 9  2  0.00000000000000000D+00 -2.23124066960807000D-04  1.30468338052688700D-02  0.00000000000000000D+00  0.00000000000000000D+00
 9  3  0.00000000000000000D+00  0.00000000000000000D+00  0.00000000000000000D+00 -1.49873517301814300D-04  8.76362150749687700D-03
 9  4  0.00000000000000000D+00 -7.30368775131588300D-05  4.27071815044512100D-03  0.00000000000000000D+00  0.00000000000000000D+00
 9  5  0.00000000000000000D+00  0.00000000000000000D+00  0.00000000000000000D+00 -1.20131512702525300D-04  7.02450391097397800D-03
 9  6  0.00000000000000000D+00  0.00000000000000000D+00  0.00000000000000000D+00  3.70196884324394600D-03 -2.16466887270262300D-01
 9  7  0.00000000000000000D+00  7.57680438385666500D-03 -4.43041886595656100D-01  0.00000000000000000D+00  0.00000000000000000D+00
 9  8  0.00000000000000000D+00  0.00000000000000000D+00  0.00000000000000000D+00 -6.94769222914346300D-06  4.06255528946559800D-04
 9  9  0.00000000000000000D+00 -1.93255234129064600D-02  1.13003001246079600D+00  0.00000000000000000D+00  0.00000000000000000D+00
 9 10  0.00000000000000000D+00  0.00000000000000000D+00  0.00000000000000000D+00  2.13774473823396500D-05 -1.25001308454674500D-03
10  1  1.60484804363590500D-02  3.42925521419010800D-02 -6.38077679785699100D-02  0.00000000000000000D+00  0.00000000000000000D+00
10  2  7.65772149751305100D-02  0.00000000000000000D+00  0.00000000000000000D+00 -1.62422758175476000D-01 -7.53828067233212600D-02
10  3 -7.53828067233208700D-02  1.50765613446642400D-01  0.00000000000000000D+00  0.00000000000000000D+00  0.00000000000000000D+00
10  4 -8.38142721495941000D-02  0.00000000000000000D+00  0.00000000000000000D+00 -3.82237403009584200D-02  9.64115505578532200D-02
10  5  9.64115505578562200D-02 -1.92823101115709800D-01  0.00000000000000000D+00  0.00000000000000000D+00  0.00000000000000000D+00
10  6  5.64931061424372200D-02 -6.03738712357860600D-02 -9.13497322160328400D-01  0.00000000000000000D+00  0.00000000000000000D+00
10  7  7.73000162104992000D-04  0.00000000000000000D+00  0.00000000000000000D+00 -1.97766679073070900D-02 -6.23414595363566600D-05
10  8 -6.23414595353616600D-05  1.24682919071746300D-04  0.00000000000000000D+00  0.00000000000000000D+00  0.00000000000000000D+00
10  9  1.49749324854487500D+00  0.00000000000000000D+00  0.00000000000000000D+00  2.13079825815443200D-02  1.08118919086914600D-03
10 10  1.08118919085225800D-03 -2.16237838172139700D-03  0.00000000000000000D+00  0.00000000000000000D+00  0.00000000000000000D+00
11  1  1.31544571361883900D-01 -2.27650689114264300D-02 -8.67472967795875600D-01  0.00000000000000000D+00  0.00000000000000000D+00
11  2 -4.09038401414214800D-02  0.00000000000000000D+00  0.00000000000000000D+00 -4.92129588154378000D-01 -2.03748762853374500D-01
11  3 -2.03748762853426700D-01  4.07497525706801700D-01  0.00000000000000000D+00  0.00000000000000000D+00  0.00000000000000000D+00
11  4  1.09142194956538700D-01  0.00000000000000000D+00  0.00000000000000000D+00  1.75903526299344500D-01  3.15059112660820700D-01
11  5  3.15059112660940200D-01 -6.30118225321761300D-01  0.00000000000000000D+00  0.00000000000000000D+00  0.00000000000000000D+00
11  6  5.85595835555114900D-03  2.73159871750012000D-03 -8.40366460986762300D-02  0.00000000000000000D+00  0.00000000000000000D+00
11  7  6.48377688085211000D-02  0.00000000000000000D+00  0.00000000000000000D+00  2.60996737084432000D-01  3.10604611691126500D-04
11  8  3.10604611685149500D-04 -6.21209223376313600D-04  0.00000000000000000D+00  0.00000000000000000D+00  0.00000000000000000D+00
11  9  2.02528736084645800D-01  0.00000000000000000D+00  0.00000000000000000D+00 -9.48707214004929100D-01  6.53104324268583900D-04
11 10  6.53104324281918600D-04 -1.30620864855049900D-03  0.00000000000000000D+00  0.00000000000000000D+00  0.00000000000000000D+00
12  1  0.00000000000000000D+00  0.00000000000000000D+00  0.00000000000000000D+00  1.17387776525016900D-03 -1.01883025189005800D-01
12  2  0.00000000000000000D+00 -8.92950816238477500D-03  7.75008550267132400D-01  0.00000000000000000D+00  0.00000000000000000D+00
12  3  0.00000000000000000D+00  0.00000000000000000D+00  0.00000000000000000D+00  1.10735323422624900D-02 -9.61092379436947000D-01
12  4  0.00000000000000000D+00 -2.15893436389479600D-03  1.87377911647813100D-01  0.00000000000000000D+00  0.00000000000000000D+00
12  5  0.00000000000000000D+00  0.00000000000000000D+00  0.00000000000000000D+00 -1.55935439156804300D-02  1.35339255465260700D+00
12  6  0.00000000000000000D+00  0.00000000000000000D+00  0.00000000000000000D+00 -1.48762131427907500D-04  1.29113408842197400D-02
12  7  0.00000000000000000D+00 -6.93976742266276700D-04  6.02315266601366100D-02  0.00000000000000000D+00  0.00000000000000000D+00
12  8  0.00000000000000000D+00  0.00000000000000000D+00  0.00000000000000000D+00  3.13552754084215000D-06 -2.72138242057342700D-04
12  9  0.00000000000000000D+00  2.55277968721537600D-03 -2.21560476631926900D-01  0.00000000000000000D+00  0.00000000000000000D+00
12 10  0.00000000000000000D+00  0.00000000000000000D+00  0.00000000000000000D+00  8.59087608725310800D-06 -7.45618045352556100D-04
13  1  0.00000000000000000D+00  0.00000000000000000D+00  0.00000000000000000D+00  1.01883025191374800D-01  1.17387776583516000D-03
13  2  0.00000000000000000D+00 -7.75008550269883600D-01 -8.92950816279380700D-03  0.00000000000000000D+00  0.00000000000000000D+00
13  3  0.00000000000000000D+00  0.00000000000000000D+00  0.00000000000000000D+00  9.61092379429482600D-01  1.10735323428362900D-02
13  4  0.00000000000000000D+00 -1.87377911648252200D-01 -2.15893436399238000D-03  0.00000000000000000D+00  0.00000000000000000D+00
13  5  0.00000000000000000D+00  0.00000000000000000D+00  0.00000000000000000D+00 -1.35339255464629400D+00 -1.55935439160396800D-02
13  6  0.00000000000000000D+00  0.00000000000000000D+00  0.00000000000000000D+00 -1.29113408842122900D-02 -1.48762131428406600D-04
13  7  0.00000000000000000D+00 -6.02315266601472800D-02 -6.93976742269041600D-04  0.00000000000000000D+00  0.00000000000000000D+00
13  8  0.00000000000000000D+00  0.00000000000000000D+00  0.00000000000000000D+00  2.72138242058648800D-04  3.13552754081744000D-06
13  9  0.00000000000000000D+00  2.21560476631941700D-01  2.55277968723149200D-03  0.00000000000000000D+00  0.00000000000000000D+00
13 10  0.00000000000000000D+00  0.00000000000000000D+00  0.00000000000000000D+00  7.45618045340929900D-04  8.59087608787072100D-06
14  1  2.74929506491159900D-01  1.77101797439580500D+00 -1.93654984772428000D+00  0.00000000000000000D+00  0.00000000000000000D+00
14  2 -2.34911418655947700D-02  0.00000000000000000D+00  0.00000000000000000D+00 -5.26374710045614100D-01 -7.81049081784597600D-01
14  3 -7.81049081784459000D-01  1.56209816356905800D+00  0.00000000000000000D+00 -3.11846009961977200D-11  0.00000000000000000D+00
14  4  5.72451668818633600D-01  0.00000000000000000D+00  0.00000000000000000D+00  2.49834299844072700D-01  1.02094252086896100D+00
14  5  1.02094252086873600D+00 -2.04188504173769800D+00  0.00000000000000000D+00  2.19113313927113400D-11  0.00000000000000000D+00
14  6  5.26613705273540900D-03  9.90222398046865200D-04 -8.68717036333531100D-02  0.00000000000000000D+00  0.00000000000000000D+00
14  7 -1.76150133960183100D-03  0.00000000000000000D+00  0.00000000000000000D+00  5.25313187499238000D-02  4.36475949954727900D-04
14  8  4.36475949893756700D-04 -8.72951899847947300D-04  0.00000000000000000D+00  0.00000000000000000D+00  0.00000000000000000D+00
14  9  1.91293669444629600D-01  0.00000000000000000D+00  0.00000000000000000D+00 -2.83319601763827000D-01  1.32981965307507300D-03
14 10  1.32981965312699100D-03 -2.65963930620206200D-03  0.00000000000000000D+00  0.00000000000000000D+00  0.00000000000000000D+00
15  1  0.00000000000000000D+00  4.06203342218944700D-11 -5.49315282297885100D-11 -1.29872727323556500D-03 -5.36468638035100400D-01
15  2  0.00000000000000000D+00  1.99155048709167600D-03  8.22654917281696600D-01  0.00000000000000000D+00  2.69263215049869900D-11
15  3 -2.47152837977552300D-11  0.00000000000000000D+00  0.00000000000000000D+00 -2.58656583262640700D-03 -1.06843944722659100D+00
15  4  1.96665321010681000D-11 -2.50013266107525600D-03 -1.03273627291404400D+00  0.00000000000000000D+00 -2.77093497242240500D-11
15  5  1.55588092444915900D-11  1.21505404797327900D-11  0.00000000000000000D+00  3.08664511739727700D-03  1.27500849218874200D+00
15  6  0.00000000000000000D+00  0.00000000000000000D+00  0.00000000000000000D+00  3.02295042942769100D-06  1.24869796263169700D-03
15  7  0.00000000000000000D+00 -1.37733226260327100D-05 -5.68938204544725000D-03  0.00000000000000000D+00  0.00000000000000000D+00
15  8  0.00000000000000000D+00  0.00000000000000000D+00  0.00000000000000000D+00  6.89168046965503000D-10  2.84676442855938500D-07
15  9  0.00000000000000000D+00  3.90070903679608100D-05  1.61127598310063200D-02  0.00000000000000000D+00  0.00000000000000000D+00
15 10  0.00000000000000000D+00  0.00000000000000000D+00  0.00000000000000000D+00 -3.51575044456225800D-06 -1.45226014113563700D-03
16  1  1.37699432888973800D-11  6.22222832302140600D-11 -1.20024583051779900D-10  5.36468638238647400D-01 -1.29872722799590000D-03
16  2 -6.37252398271568400D-11 -8.22654917490890800D-01  1.99155045358219000D-03  5.79920257538165000D-11  1.75012516160425700D-10
16  3 -1.40858623615900800D-10 -3.41538925445296500D-11 -2.85981582380204000D-11  1.06843944713671300D+00 -2.58656579931700200D-03
16  4  8.21207849504012700D-11  1.03273627294034800D+00 -2.50013266677118800D-03  2.10610051234664600D-11 -2.22867781657661800D-10
16  5  1.88429764368488500D-10  3.44380172891825900D-11  2.43465499046152500D-11 -1.27500849210483300D+00  3.08664509710043700D-03
16  6  0.00000000000000000D+00  0.00000000000000000D+00  0.00000000000000000D+00 -1.24869796251553900D-03  3.02295040614350100D-06
16  7  0.00000000000000000D+00  5.68938204485829000D-03 -1.37733228182650000D-05  0.00000000000000000D+00  0.00000000000000000D+00
16  8  0.00000000000000000D+00  0.00000000000000000D+00  0.00000000000000000D+00 -2.84676402366909800D-07  6.89167828306832900D-10
16  9 -2.21124612708995600D-11 -1.61127598283803400D-02  3.90070914856240600D-05  0.00000000000000000D+00  0.00000000000000000D+00
16 10  0.00000000000000000D+00  0.00000000000000000D+00  0.00000000000000000D+00  1.45226014093790100D-03 -3.51575041209344400D-06
17  1  7.18105529609742900D-02  6.36341064284064700D-02 -9.18992204132494600D-01  0.00000000000000000D+00  0.00000000000000000D+00
17  2 -6.77025251958554900D-01  8.21766229141774900D-11  0.00000000000000000D+00  8.16763868119549400D-01  1.30396807997899300D-01
17  3  1.30396808005038000D-01 -2.60793616002937300D-01  0.00000000000000000D+00  2.53684897266139300D-10 -1.42634199625826600D-11
17  4  1.10988179320061500D+00 -1.08806629890021900D-10  0.00000000000000000D+00  5.85500995353879200D-01 -1.46256901014275000D-01
17  5 -1.46256901020627500D-01  2.92513802034902900D-01  0.00000000000000000D+00 -1.44261957037486500D-10  0.00000000000000000D+00
17  6 -1.55770512116391200D-02 -2.02025161711863500D-02  1.60511445095769300D-01  0.00000000000000000D+00  0.00000000000000000D+00
17  7 -9.55386475082975500D-04  0.00000000000000000D+00  0.00000000000000000D+00 -1.35772267423938700D-02  1.83798278255700400D-05
17  8  1.83798278391639100D-05 -3.67596556646404100D-05  0.00000000000000000D+00  0.00000000000000000D+00  0.00000000000000000D+00
17  9 -4.36224143649738200D-01  0.00000000000000000D+00  0.00000000000000000D+00  9.63398729168250300D-02 -4.46971997105155000D-04
17 10 -4.46971997135838300D-04  8.93943994240996300D-04  0.00000000000000000D+00  0.00000000000000000D+00  0.00000000000000000D+00
18  1 -5.32363594849660900D-10 -3.72277455878158000D-09  1.63328761614785800D-09  2.76391485748020900D-02  1.65876381815322100D+00
18  2  7.41203273264715400D-10 -2.17420968972719800D-02 -1.30485219496244400D+00 -2.83409580173075500D-09  2.49689561135209300D-11
18  3  2.19002248758713100D-10 -2.43971204872234600D-10 -4.13661592524204500D-11  1.77649966156493200D-02  1.06616647697555200D+00
18  4  3.83244182282679400D-09 -2.49994215184964700D-03 -1.50034054958933300D-01 -1.04004147636526300D-09 -8.53193157151628600D-10
18  5 -1.03402921693035300D-09  1.88722237408197900D-09  3.85576268413448400D-11 -9.88996600399910100D-03 -5.93546425096309500D-01
18  6  0.00000000000000000D+00  0.00000000000000000D+00 -2.62194611650497600D-11 -1.08938230690871600D-05 -6.53792918642967500D-04
18  7  0.00000000000000000D+00 -1.11288221575412700D-04 -6.67896387972211100D-03  0.00000000000000000D+00  0.00000000000000000D+00
18  8  0.00000000000000000D+00  0.00000000000000000D+00  0.00000000000000000D+00  4.71735974729323200D-07  2.83112398766646100D-05
18  9  1.11338262892024100D-10  6.47496235883588700D-04  3.88594939675098200D-02 -3.16673904491321100D-11  0.00000000000000000D+00
18 10  0.00000000000000000D+00  0.00000000000000000D+00  0.00000000000000000D+00  1.54233568742415400D-05  9.25632941886362200D-04
19  1 -1.88542099242235700D-09 -1.34162935003770400D-08  5.00668537930543500D-09  1.65876381970113700D+00 -2.76391486036987900D-02
19  2  3.08090204131568300D-09 -1.30485219674941500D+00  2.17420969295699500D-02 -1.17002651639255500D-08  8.94619608922519800D-10
19  3  3.24823108448620300D-10 -1.21944271737115000D-09  1.94247964244347400D-10  1.06616647489355900D+00 -1.77649966329387900D-02
19  4  1.53887620324803500D-08 -1.50034054582865700D-01  2.49994212298504200D-03 -4.01078597483148700D-09 -4.22626780521946400D-09
19  5 -3.69551087173786200D-09  7.92177867695733300D-09 -1.80994560599352400D-10 -5.93546423480214100D-01  9.88996603682712100D-03
19  6  2.00387481974470100D-11  4.09104194481148900D-11 -1.25866238481356800D-10 -6.53792916287622400D-04  1.08938230996023600D-05
19  7 -1.27089845432541400D-11 -6.67896388209894600D-03  1.11288221469039300D-04 -1.17654647262835800D-11  0.00000000000000000D+00
19  8  0.00000000000000000D+00  0.00000000000000000D+00  0.00000000000000000D+00  2.83112403860915100D-05 -4.71735976903601100D-07
19  9  5.05230461732554300D-10  3.88594939716965200D-02 -6.47496235592603600D-04 -1.87237198698952400D-10  0.00000000000000000D+00
19 10  0.00000000000000000D+00  1.85978583464618700D-11  0.00000000000000000D+00  9.25632938487266400D-04 -1.54233569002361600D-05
20  1  3.23577102448459800D-01  1.75822145137292100D+00 -2.15020250350723600D+00 -9.60147648252943800D-10 -1.15751029582561100D-10
20  2  1.65925453170386800D+00  6.71073387235991300D-10  7.17339211197268500D-11 -1.96460028232934700D+00 -1.74208651316689900D-01
20  3 -1.74208649876304800D-01  3.48417301192995500D-01  0.00000000000000000D+00 -9.67115572005509100D-10 -1.50881414694657200D-10
20  4  3.76190447223485300D-01  1.69100238515693400D-10  3.15559893788956700D-11  7.43220154330642700D-01 -2.01336060997975200D-02
20  5 -2.01336072721325900D-02  4.02672133719294600D-02  0.00000000000000000D+00  5.93655751695256000D-10  9.36421325333702100D-11
20  6  1.54855689094655000D-03  2.26409508099131700D-03 -2.02922634920885800D-02  0.00000000000000000D+00  0.00000000000000000D+00
20  7 -2.13772065188243600D-03  0.00000000000000000D+00  0.00000000000000000D+00  2.91042725907973500D-02  3.51413702900146100D-04
20  8  3.51413702885406500D-04 -7.02827405784965700D-04  0.00000000000000000D+00  0.00000000000000000D+00  0.00000000000000000D+00
20  9  7.30206012617841400D-02 -2.66244374891411900D-11  0.00000000000000000D+00 -1.89547577100964100D-01 -8.24454383622669700D-04
20 10 -8.24454383853527400D-04  1.64890876747619600D-03  0.00000000000000000D+00  0.00000000000000000D+00  0.00000000000000000D+00
21  1  6.51415843051181800D-09  4.30752748621041900D-08 -2.61463298195193300D-08  5.24258846915622800D-10 -8.92503660899167600D-11
21  2 -7.12773619738159000D-09 -5.50746765360704600D-10  2.51136607211931200D-10  2.64302623528655500D-08 -1.55799159346497800D+00
21  3  1.55799159192083900D+00  1.54418677818150700D-09  5.91438517221072900D-07 -1.80534858242417100D-10  5.22347378759725000D-11
21  4 -3.25195019588776600D-08  1.61805865202494700D-10 -1.19504934015659900D-10  9.01542573129760800D-09  2.03501407007228900D+00
21  5 -2.03501405422158200D+00 -1.58508000136130800D-08 -7.72478895255650000D-07  9.66989251528370900D-11 -1.80711475913957800D-10
21  6 -4.14408740234469000D-11 -8.64358506496050900D-11  2.48005935729091900D-10  0.00000000000000000D+00  0.00000000000000000D+00
21  7  3.02113343930920700D-11  0.00000000000000000D+00  0.00000000000000000D+00  5.39185005254830000D-11 -2.94567348961844200D-05
21  8  2.94567304387733900D-05  0.00000000000000000D+00  1.11821692196193400D-11  0.00000000000000000D+00  0.00000000000000000D+00
21  9 -1.04656528397829900D-09  0.00000000000000000D+00  0.00000000000000000D+00  2.03548132585310600D-10  3.32406181882433400D-04
21 10 -3.32406144465810100D-04 -3.74153173898821600D-11 -1.26183173594382500D-10  0.00000000000000000D+00  0.00000000000000000D+00
22  1 -1.47460049069073400D-11 -1.13749463005307200D-10  1.44749817150884800D-11  3.60356812198531700D-10 -6.47763604172122200D-11
22  2  0.00000000000000000D+00 -2.76192650417017400D-10  7.11714918595427200D-11 -9.86831269772877100D-11 -5.12098273678298800D-07
22  3  5.12110904806792200D-07 -1.26311284776672800D-11 -1.79901999637750700D+00 -2.54498234462767300D-10  4.16548144990134900D-11
22  4  1.77871081914099500D-10 -1.10584301015290400D-11 -1.29176136590216100D-11 -5.40337739248005100D-11  6.68891262720041200D-07
22  5 -6.68983123799588900D-07  9.18610795168595800D-11  2.34983503485308500D+00  1.24229911525570800D-10 -3.77343691155508000D-11
22  6  0.00000000000000000D+00  0.00000000000000000D+00  0.00000000000000000D+00  0.00000000000000000D+00  0.00000000000000000D+00
22  7  0.00000000000000000D+00  0.00000000000000000D+00  0.00000000000000000D+00  0.00000000000000000D+00  0.00000000000000000D+00
22  8  0.00000000000000000D+00  0.00000000000000000D+00 -3.40138149518133900D-05  0.00000000000000000D+00  0.00000000000000000D+00
22  9  0.00000000000000000D+00  0.00000000000000000D+00  0.00000000000000000D+00  0.00000000000000000D+00  1.09171904717655700D-10
22 10 -1.09354690411125800D-10  0.00000000000000000D+00  3.83830522394579700D-04  0.00000000000000000D+00  0.00000000000000000D+00
23  1  2.43367619734744200D-01  1.58281944787230200D+00 -1.59077042717439200D+00 -5.98693471202077800D-09 -8.97143656602947500D-10
23  2 -4.86917162089199200D-01  6.05262710092079700D-09  6.05725557131699900D-10 -1.90952865907265000D-01  8.85144737208678800D-01
23  3  8.85144758557989500D-01 -1.77028949576666800D+00  4.46415082134789300D-11  1.91404729655078600D-09 -3.63649849862197200D-11
23  4  2.17824367956644500D-01 -7.03994009111502200D-10  1.13857433617574800D-10  2.99781929740666200D-01 -7.83445154997375400D-01
23  5 -7.83445172695989000D-01  1.56689032769336500D+00 -5.63462859244238200D-11 -2.04616807110168700D-09  1.23702983589847400D-10
23  6  5.91579604839392200D-04  2.76187367938668700D-03  9.15537500221941200D-03  0.00000000000000000D+00  0.00000000000000000D+00
23  7  2.35472404622277100D-04  1.53329591153368400D-11  0.00000000000000000D+00  9.15566352629015900D-04  1.42644020334287800D-04
23  8  1.42644020821026300D-04 -2.85288041154596600D-04  0.00000000000000000D+00  0.00000000000000000D+00  0.00000000000000000D+00
23  9 -2.23851919308357100D-02 -7.46196689386781300D-11 -1.62075188988473800D-11 -1.26748754250087000D-02 -2.02123245296521200D-03
23 10 -2.02123245681012000D-03  4.04246490977533700D-03  0.00000000000000000D+00  0.00000000000000000D+00  0.00000000000000000D+00
24  1  5.89795093591066700D-10  3.67181279576746000D-09 -2.95942624387602400D-09  2.51468060657581300D-03  7.70771800391179200D-01
24  2 -7.68174136189610800D-10 -5.18441095674423700D-03 -1.58906769263177500D+00  1.93795722707183400D-09  4.18051116284410500D-10
24  3 -4.51661228377048900D-10  3.36101120926560100D-11  6.75877409939969700D-11 -4.05401036115761300D-03 -1.24258994583117200D+00
24  4 -1.56364586785017000D-09  2.17305278782613400D-03  6.66059843037334900D-01  3.31461871957003500D-10  3.61761279637504300D-10
24  5  3.84196571207815500D-10 -7.45957850845350000D-10  0.00000000000000000D+00  4.94676758770038100D-03  1.51622789998580900D+00
24  6  0.00000000000000000D+00  0.00000000000000000D+00  1.71879440336575500D-11  6.17532982847212500D-06  1.89279306903774500D-03
24  7  0.00000000000000000D+00  2.49222803572061200D-06  7.63889825164357200D-04  0.00000000000000000D+00  0.00000000000000000D+00
24  8  0.00000000000000000D+00  0.00000000000000000D+00  0.00000000000000000D+00  1.48487345233493400D-06  4.55126811531988300D-04
24  9 -7.16886942253003400D-11 -1.47148177774919700D-05 -4.51022128245220900D-03  2.45333089056954500D-11  0.00000000000000000D+00
24 10  0.00000000000000000D+00  0.00000000000000000D+00  0.00000000000000000D+00 -8.72371826233661700D-06 -2.67389660582108000D-03
25  1  2.22618710977364600D-09  1.42286511237754200D-08 -9.42267198459915700D-09 -7.70771793597993500D-01  2.51468055150078800D-03
25  2 -3.45900247445694400D-10  1.58906768781270100D+00 -5.18441091647787600D-03  7.68140959030891500D-09  8.09158744512642200D-11
25  3 -5.37673494088614900D-10  4.56757619637368200D-10  6.09753943863133000D-11  1.24258994041451300D+00 -4.05401032780178200D-03
25  4 -9.97108011455456200D-09 -6.66059843288646200D-01  2.17305278836533900D-03  2.51363729912868600D-09  2.89195403999714300D-09
25  5  2.90819478525722200D-09 -5.80014882525438800D-09  0.00000000000000000D+00 -1.51622789787060500D+00  4.94676757675002600D-03
25  6 -1.17049181873083900D-11 -2.60645545570431200D-11  5.92287353708786700D-11 -1.89279306437509900D-03  6.17532979958851900D-06
25  7  0.00000000000000000D+00 -7.63889843612988700D-04  2.49222818138930000D-06  2.19697964678960300D-11  0.00000000000000000D+00
25  8  0.00000000000000000D+00  0.00000000000000000D+00  0.00000000000000000D+00 -4.55126810490067000D-04  1.48487344478169600D-06
25  9 -2.86517993505981900D-10  4.51022134385029000D-03 -1.47148183231973800D-05  3.94465275110847600D-11  0.00000000000000000D+00
25 10  0.00000000000000000D+00 -1.15368020232709300D-11  0.00000000000000000D+00  2.67389659876142300D-03 -8.72371821740590200D-06
26  1  2.14502302942770800D-01  1.11128141314396300D+00 -1.65591859986317900D+00 -2.87581805234537200D-08 -5.25146072435455800D-09
26  2 -8.46942682557376400D-01  3.13072152483523600D-08  2.70825446422755100D-09  6.56575110903378500D-01 -3.24008317216187200D-01
26  3 -3.24008131009795600D-01  6.48016448225983900D-01  5.73480014831074300D-11  9.10281113663938700D-10 -2.56846840981608900D-09
26  4  7.80985685509837200D-01 -4.18074332247817600D-09  1.33230953220655000D-09 -4.51269854294131500D-01 -3.23021321595307100D-02
26  5 -3.23022906797189000D-02  6.46044228392497800D-02 -2.31835346356514800D-10 -7.62711935668439200D-09  2.73083899808302500D-09
26  6 -4.00402376640048400D-04 -9.17860204133538600D-04  1.00959451264434600D-03 -1.12971599434356800D-11  0.00000000000000000D+00
26  7  3.60203257234025700D-04  7.74968753679342000D-11  2.35007479566136700D-11 -5.99924511857707200D-03 -5.75464667290055900D-05
26  8 -5.75464633859855200D-05  1.15092930115290300D-04  0.00000000000000000D+00  0.00000000000000000D+00  0.00000000000000000D+00
26  9 -3.31339152968684900D-03 -4.33002575601673200D-10 -1.22409027673358300D-10  2.14879555805304900D-02  6.79759962686560900D-04
26 10  6.79759929615375700D-04 -1.35951989230193900D-03  0.00000000000000000D+00  1.61003673644414400D-11  0.00000000000000000D+00
27  1 -5.50258982700259700D-01 -3.07678824456233700D+00  3.49904992289532200D+00 -1.48653772967380300D-08  2.63919793499499400D-09
27  2  5.36581575705671300D-01  2.27705848975159600D-08 -3.45889004311411900D-09 -1.15814649488642100D+00  1.32072764703256300D-02
27  3  1.32073624608560100D-02 -2.64146389311834800D-02  5.05896742498423000D-10 -1.54444987471515200D-08 -1.21538864192523700D-08
27  4 -2.62820674058334100D-01 -5.26209329517915800D-09  1.54869882012645500D-09  3.37838188065699500D-01 -4.50800133128648500D-02
27  5 -4.50801312365189200D-02  9.01601445493834300D-02 -4.38544532169454800D-10 -1.64294147406231700D-09  7.50509373408910700D-09
27  6  1.21096081008082200D-03  2.33218701233771600D-03 -8.47416468568692500D-03  0.00000000000000000D+00  1.11891124080156200D-11
27  7 -1.56273198502928900D-03  4.16213130542158800D-11  0.00000000000000000D+00  5.03448816805383500D-03  2.96075473718796000D-05
27  8  2.96075490280456900D-05 -5.92150964009012100D-05  0.00000000000000000D+00  0.00000000000000000D+00  0.00000000000000000D+00
27  9  3.67829993422633000D-02 -3.51591569885625500D-10 -8.51577583885616900D-11 -2.84234979957020300D-02 -4.19483951126633000D-04
27 10 -4.19483969935478000D-04  8.38967921062110600D-04  0.00000000000000000D+00  0.00000000000000000D+00 -1.62590096853989800D-11
28  1  3.68293023278975700D-09  2.00430174956327400D-08 -2.46321374938053300D-08  1.40302984371874500D-02  1.14553522364806200D+00
28  2 -2.96071950744347300D-09 -9.66175965605048900D-03 -7.88856066018999200D-01  6.34057047714044300D-09 -6.48326181194118100D-09
28  3  7.20974657006729500D-09 -7.26484758126181100D-10  1.63841349674354400D-09 -1.56176682032686200D-02 -1.27513959459146100D+00
28  4  4.58974956547776000D-09 -5.09319045481494900D-04 -4.15844961551356300D-02 -3.23657960916007300D-09  2.95234016204381900D-09
28  5 -3.81523608474318200D-09  8.62895922699517300D-10 -8.09776478746930800D-10  6.53616230069960100D-03  5.33659651519221000D-01
28  6  0.00000000000000000D+00  0.00000000000000000D+00  4.49933705204919100D-11  1.30809315758539500D-05  1.06802203685342500D-03
28  7  0.00000000000000000D+00 -3.49978120740342600D-05 -2.85747495616517400D-03 -4.18730528504797400D-11  0.00000000000000000D+00
28  8  0.00000000000000000D+00  0.00000000000000000D+00  0.00000000000000000D+00  2.56092736822800400D-06  2.09092666615787700D-04
28  9 -1.98906517430777600D-10  8.66242017175909700D-05  7.07262745627912400D-03  1.99101796834212100D-10  0.00000000000000000D+00
28 10  0.00000000000000000D+00  0.00000000000000000D+00  0.00000000000000000D+00 -1.95419878740696400D-05 -1.59554948890525100D-03
29  1 -7.01228781398859800D-09 -3.94104667828439200D-08  4.51470066969842200D-08 -1.14553522588199800D+00  1.40302984036167900D-02
29  2  8.78990102037450900D-09  7.88856072549919100D-01 -9.66175962102075300D-03 -1.45168389888928100D-08  1.33487396702488800D-08
29  3 -1.45502069868162800D-08  1.20146731656754200D-09  1.89051586608187700D-08  1.27513960169170900D+00 -1.56176682090411300D-02
29  4 -4.64282860928247500D-09  4.15844928301116500D-02 -5.09319048609725600D-04  4.17252464300173800D-09 -6.15818035959894000D-09
29  5  7.63021253592143600D-09 -1.47203217632281000D-09 -9.34341899534558500D-09 -5.33659659543163100D-01  6.53616229628545800D-03
29  6  1.54338717326930900D-11  2.65040803069025000D-11 -1.30772743884360900D-10 -1.06802204679731800D-03  1.30809315690086200D-05
29  7 -1.89898189807501800D-11  2.85747494661758900D-03 -3.49978119708119200D-05  7.12157945346530600D-11  0.00000000000000000D+00
29  8  0.00000000000000000D+00  0.00000000000000000D+00  0.00000000000000000D+00 -2.09092668812090300D-04  2.56092736371213200D-06
29  9  5.11232231713629400D-10 -7.07262739965430800D-03  8.66242011233441000D-05 -3.73507314146165700D-10  0.00000000000000000D+00
29 10  0.00000000000000000D+00  0.00000000000000000D+00  0.00000000000000000D+00  1.59554950289260700D-03 -1.95419878646405400D-05
30  1  2.25278320025212900D-01  9.55918372691676500D-01 -1.89910232769242600D+00 -1.54372150655506000D-08 -4.04535908132700000D-09
30  2  8.39400246430297500D-01  1.63836368298159000D-08  2.09376636677152200D-09 -4.72481602500273000D-01  3.81096357466578100D-01
30  3  3.81096494598703900D-01 -7.62192852065281600D-01 -1.12894189954496100D-10 -2.72918829731159000D-09 -9.18511426052839500D-10
30  4  1.19925664746177900D+00 -1.76371712947787000D-09  9.43549346774893400D-10 -5.17572062874233900D-01 -2.19006725669913200D-01
30  5 -2.19006836506592400D-01  4.38013562176505800D-01 -5.54972015737180700D-11 -2.04169269942839600D-09  1.55665166763393900D-09
30  6  8.29497337973638000D-04  1.96515178194669000D-03 -2.58216240293061800D-03  0.00000000000000000D+00  0.00000000000000000D+00
30  7  4.23676013699698900D-04  4.57388845046136100D-11  1.69867980152936200D-11 -3.55194921666981300D-03  1.43619869561577700D-04
30  8  1.43619871993592900D-04 -2.87239741554534100D-04  0.00000000000000000D+00  0.00000000000000000D+00  0.00000000000000000D+00
30  9  4.98113355272811200D-03 -2.67194301186413500D-10 -8.33131047127057300D-11  9.94515830809530900D-03 -1.08705542276519700D-03
30 10 -1.08705544663158700D-03  2.17411086939678900D-03  0.00000000000000000D+00  0.00000000000000000D+00  0.00000000000000000D+00
31  1  1.62428852397379100D-08  8.00975100460986900D-08 -1.26857184111770100D-07  1.08672310843815300D-08  4.83082792198228800D-09
31  2 -8.75741446760440800D-09 -7.81351556086976400D-09 -2.84905465804730700D-09  1.09421148257230600D-08  1.52304358725015000D+00
31  3 -1.52304358114056000D+00 -6.10957313166226800D-09 -2.18606089252013900D-03 -1.24775535824142700D-08 -5.09151705646968300D-09
31  4  6.27524848532373400D-08 -1.61442417225362500D-10 -4.87528855846466100D-10 -2.96729693848163100D-08 -7.78279911850291900D-01
31  5  7.78279890849766300D-01  2.10004943115755800D-08  1.11707738193600500D-03  5.55916994824470500D-09  1.65855161100001700D-09
31  6  0.00000000000000000D+00  3.01602581128707900D-11  1.48831061771873800D-11  1.07044535286719900D-11  0.00000000000000000D+00
31  7  2.85182318140070600D-11 -2.60287294697210700D-11 -1.33255961821162800D-11 -3.09205780279213700D-10  2.67106765408686600D-05
31  8 -2.67106711983578900D-05  0.00000000000000000D+00 -3.83384582257110200D-08  0.00000000000000000D+00  0.00000000000000000D+00
31  9 -1.33864151715440000D-10  6.16346995149547000D-11  3.49039165274757700D-11  9.88833064620236900D-10 -2.30160265456568900D-04
31 10  2.30160236161542400D-04  2.92940961128818100D-11  3.30354014833965800D-07 -1.59412783659304400D-11  0.00000000000000000D+00
32  1  1.63336042470209000D-10  8.45664054148709000D-10 -1.16832571880133400D-09  1.25361044820181800D-08 -1.26515469700946700D-09
32  2 -7.28595169026282100D-11 -8.68780733508904900D-09  9.34976290498846400D-10  2.07971442326641300D-10  1.89319128316307500D-03
32  3 -1.89319124342436800D-03 -3.97386870428467400D-11  1.75865283735824000D+00 -1.41118569843223800D-08  1.46865571034473900D-09
32  4  3.80735690301474100D-10 -4.01708810346804500D-10  0.00000000000000000D+00 -2.18247975382403600D-10 -9.67426569172438900D-04
32  5  9.67426488743739000D-04  8.04286611162906300D-11 -8.98671849438887400D-01  5.96184971382669500D-09 -6.79382281848120800D-10
32  6  0.00000000000000000D+00  0.00000000000000000D+00  0.00000000000000000D+00  1.18531789990406500D-11  0.00000000000000000D+00
32  7  0.00000000000000000D+00 -3.09158775304313800D-11  0.00000000000000000D+00  0.00000000000000000D+00  3.32022230262512700D-08
32  8 -3.32021990560545300D-08  0.00000000000000000D+00  3.08427083177553900D-05  0.00000000000000000D+00  0.00000000000000000D+00
32  9  0.00000000000000000D+00  7.51875870481226900D-11  0.00000000000000000D+00  1.01031502226022600D-11 -2.86096490223746200D-07
32 10  2.86096433324526100D-07  0.00000000000000000D+00 -2.65764798049046800D-04 -1.76981848268176300D-11  0.00000000000000000D+00
 $END   
 POPULATION ANALYSIS
LI           2.06600   0.93400   2.07357   0.92643
F            9.93400  -0.93400   9.92643  -0.92643
 MOMENTS AT POINT    1 X,Y,Z=  0.000000  0.000000  7.314387
 DIPOLE       0.000000  0.000000-23.974236
