 $DATA
 LiF single-point properties R=1.80 Ang                                         
CNV      2

LI          3.0      0.0000000000      0.0000000000      0.0000000000
   S          9
     1      1469.0000000000  0.00076600
     2       220.5000000000  0.00589200
     3        50.2600000000  0.02967100
     4        14.2400000000  0.10918000
     5         4.5810000000  0.28278900
     6         1.5800000000  0.45312300
     7         0.5640000000  0.27477400
     8         0.0734500000  0.00975100
     9         0.0280500000 -0.00318000
   S          9
     1      1469.0000000000 -0.00012000
     2       220.5000000000 -0.00092300
     3        50.2600000000 -0.00468900
     4        14.2400000000 -0.01768200
     5         4.5810000000 -0.04890200
     6         1.5800000000 -0.09600900
     7         0.5640000000 -0.13638000
     8         0.0734500000  0.57510200
     9         0.0280500000  0.51766100
   S          1
     1         0.0280500000  1.00000000
   P          4
     1         1.5340000000  0.02278400
     2         0.2749000000  0.13910700
     3         0.0736200000  0.50037500
     4         0.0240300000  0.50847400
   P          1
     1         0.0240300000  1.00000000
   D          1
     1         0.1144000000  1.00000000
   S          1
     1         0.0086000000  1.00000000
   P          1
     1         0.0058000000  1.00000000
   D          1
     1         0.0733000000  1.00000000
           
F           9.0      0.0000000000      0.0000000000      1.8000000000
   S          8
     1     14710.0000000000  0.00072100
     2      2207.0000000000  0.00555300
     3       502.8000000000  0.02826700
     4       142.6000000000  0.10644400
     5        46.4700000000  0.28681400
     6        16.7000000000  0.44864100
     7         6.3560000000  0.26476100
     8         1.3160000000  0.01533300
   S          8
     1     14710.0000000000 -0.00016500
     2      2207.0000000000 -0.00130800
     3       502.8000000000 -0.00649500
     4       142.6000000000 -0.02669100
     5        46.4700000000 -0.07369000
     6        16.7000000000 -0.17077600
     7         6.3560000000 -0.11232700
     8         1.3160000000  0.56281400
   S          1
     1         0.3897000000  1.00000000
   P          3
     1        22.6700000000  0.04487800
     2         4.9770000000  0.23571800
     3         1.3470000000  0.50852100
   P          1
     1         0.3471000000  1.00000000
   D          1
     1         1.6400000000  1.00000000
   S          1
     1         0.0986300000  1.00000000
   P          1
     1         0.0850200000  1.00000000
   D          1
     1         0.4640000000  1.00000000
           
 $END      
--- RHF ORBITALS --- GENERATED AT  9:37:37  7-MAY-2026    
 LiF single-point properties R=1.80 Ang                                         
E(RHF)=     -106.9466245952, E(NUC)=    7.9376581601,   10 ITERS
 $VEC
 1  1 -8.30182661457541100D-05 -4.06341009402920500D-05 -5.81372591932753000D-04  0.00000000000000000D+00  0.00000000000000000D+00
 1  2  2.88693934413962500D-04  0.00000000000000000D+00  0.00000000000000000D+00 -6.29262948980817800D-04 -4.46234414508242200D-04
 1  3 -4.46234414507916100D-04  8.92468829016016000D-04  2.30630110840371500D-32  0.00000000000000000D+00  0.00000000000000000D+00
 1  4  1.26980607274411800D-04  0.00000000000000000D+00  0.00000000000000000D+00  1.24812081853165900D-04  3.57464248969595900D-04
 1  5  3.57464248970358300D-04 -7.14928497939915100D-04  5.39049735840758700D-32  0.00000000000000000D+00  0.00000000000000000D+00
 1  6  1.00083192653527000D+00  8.11788632801289600D-04 -4.18020540877726500D-03  0.00000000000000000D+00  0.00000000000000000D+00
 1  7 -2.94236258497973900D-04  0.00000000000000000D+00  0.00000000000000000D+00  2.80810947255508500D-04  7.47596860684974000D-06
 1  8  7.47596861277248600D-06 -1.49519372196536300D-05  4.18753969796816800D-31  0.00000000000000000D+00  0.00000000000000000D+00
 1  9  1.95695835306052700D-03  0.00000000000000000D+00  0.00000000000000000D+00 -1.97409380315910500D-04 -1.55128094100187400D-05
 1 10 -1.55128094161234800D-05  3.10256188261440900D-05 -4.31621213079561800D-31  0.00000000000000000D+00  0.00000000000000000D+00
 2  1  9.86269798079104500D-01 -5.50835519516130000D-02  2.48425534081228000D-02  0.00000000000000000D+00  0.00000000000000000D+00
 2  2 -5.31769724398090800D-02  0.00000000000000000D+00  0.00000000000000000D+00  3.22653070210140400D-02  4.51228258609488300D-03
 2  3  4.51228258609602100D-03 -9.02456517219071000D-03  8.04557234267767800D-32  0.00000000000000000D+00  0.00000000000000000D+00
 2  4  2.57685523627049400D-03  0.00000000000000000D+00  0.00000000000000000D+00 -1.12481862968912200D-03  5.21515290538125800D-04
 2  5  5.21515290540526700D-04 -1.04303058107867700D-03  1.69746650473430000D-31  0.00000000000000000D+00  0.00000000000000000D+00
 2  6 -2.01581657998147900D-04  4.75213889729096500D-03  4.14257442020177200D-03  0.00000000000000000D+00  0.00000000000000000D+00
 2  7 -4.10450290304252900D-03  0.00000000000000000D+00  0.00000000000000000D+00 -5.75464159959517200D-03 -3.47472495128909600D-04
 2  8 -3.47472495104918000D-04  6.94944990233982700D-04  1.69626881705013400D-30  0.00000000000000000D+00  0.00000000000000000D+00
 2  9  3.93450265597390200D-02  0.00000000000000000D+00  0.00000000000000000D+00 -1.36400237808962800D-02 -1.68764901231329500D-04
 2 10 -1.68764901255181300D-04  3.37529802486524900D-04 -1.68638638902299700D-30  0.00000000000000000D+00  0.00000000000000000D+00
 3  1  2.30799752849774400D-02 -6.40892612252223500D-02  3.65186017320635000D-02  0.00000000000000000D+00  0.00000000000000000D+00
 3  2 -5.73892967513498000D-02  0.00000000000000000D+00  0.00000000000000000D+00  3.64919533215240000D-02  2.83448117089141900D-03
 3  3  2.83448117089114800D-03 -5.66896234178240800D-03 -1.91389288223481600D-32  0.00000000000000000D+00  0.00000000000000000D+00
 3  4  4.02262952036200300D-04  0.00000000000000000D+00  0.00000000000000000D+00 -1.43480875205816800D-03  2.21687466369299700D-03
 3  5  2.21687466369287200D-03 -4.43374932738595200D-03 -8.83520361987644400D-33  0.00000000000000000D+00  0.00000000000000000D+00
 3  6  8.09768932817590800D-03 -4.86713653827981500D-01 -5.61055856187517400D-01  0.00000000000000000D+00  0.00000000000000000D+00
 3  7  1.28419296578177500D-02  0.00000000000000000D+00  0.00000000000000000D+00  2.18224999577516100D-02  2.07101126854191700D-04
 3  8  2.07101126851184500D-04 -4.14202253705276100D-04 -2.12622665860350800D-31  0.00000000000000000D+00  0.00000000000000000D+00
 3  9 -1.15153857600854800D-02  0.00000000000000000D+00  0.00000000000000000D+00 -1.17652119072709500D-02  3.49194188942938100D-03
 3 10  3.49194188943232500D-03 -6.98388377886170300D-03  2.08193026988260200D-31  0.00000000000000000D+00  0.00000000000000000D+00
 4  1 -1.31803535690848100D-02  3.28632196586416400D-01 -1.74146453547003600D-01  0.00000000000000000D+00  0.00000000000000000D+00
 4  2  3.09362774055769900D-01  0.00000000000000000D+00  0.00000000000000000D+00 -1.86918906534452800D-01 -1.05940212670274300D-02
 4  3 -1.05940212670304400D-02  2.11880425340578300D-02 -2.12911555352008900D-31  0.00000000000000000D+00  0.00000000000000000D+00
 4  4 -4.82531986526992500D-04  0.00000000000000000D+00  0.00000000000000000D+00  7.56519781487297400D-03 -1.41143832055331000D-02
 4  5 -1.41143832055282700D-02  2.82287664110612700D-02  3.41274786145418200D-31  0.00000000000000000D+00  0.00000000000000000D+00
 4  6 -6.13224128003180300D-03 -3.95298651035277300D-02 -2.28704324939017700D-02  0.00000000000000000D+00  0.00000000000000000D+00
 4  7 -6.23232215221299000D-01  0.00000000000000000D+00  0.00000000000000000D+00 -4.53006604613787900D-01 -8.62947406654518100D-04
 4  8 -8.62947406661176600D-04  1.72589481331576700D-03 -4.70769500781155000D-31  0.00000000000000000D+00  0.00000000000000000D+00
 4  9 -1.80009533159417900D-01  0.00000000000000000D+00  0.00000000000000000D+00 -3.89749924839793700D-02 -1.12393355032660600D-02
 4 10 -1.12393355032594200D-02  2.24786710065254700D-02  4.69252830949950000D-31  0.00000000000000000D+00  0.00000000000000000D+00
 5  1  0.00000000000000000D+00  0.00000000000000000D+00  0.00000000000000000D+00 -1.00333818823875200D-01  6.14347160174904000D-18
 5  2  0.00000000000000000D+00  7.22056827737590400D-02 -4.42117689534141400D-18  0.00000000000000000D+00  0.00000000000000000D+00
 5  3  0.00000000000000000D+00  0.00000000000000000D+00  0.00000000000000000D+00 -3.36362351076982500D-02  2.05955736157753000D-18
 5  4  0.00000000000000000D+00 -5.97739666111632400D-03  3.65997896525985700D-19  0.00000000000000000D+00  0.00000000000000000D+00
 5  5  0.00000000000000000D+00  0.00000000000000000D+00  0.00000000000000000D+00  1.19896932898846100D-02 -7.34132729158710900D-19
 5  6  0.00000000000000000D+00  0.00000000000000000D+00  0.00000000000000000D+00 -6.31739014186547900D-01  3.86815805365165700D-17
 5  7  0.00000000000000000D+00 -4.53638977847803800D-01  2.77764587306954600D-17  0.00000000000000000D+00  0.00000000000000000D+00
 5  8  0.00000000000000000D+00  0.00000000000000000D+00  0.00000000000000000D+00  2.01706689338757600D-03 -1.23505646686359500D-19
 5  9  0.00000000000000000D+00 -9.91551349400764500D-02  6.07130041308664100D-18  0.00000000000000000D+00  0.00000000000000000D+00
 5 10  0.00000000000000000D+00  0.00000000000000000D+00  0.00000000000000000D+00  1.54203981797569100D-02 -9.44195879470066300D-19
 6  1  0.00000000000000000D+00  0.00000000000000000D+00  0.00000000000000000D+00 -6.14347160174905900D-18 -1.00333818823875500D-01
 6  2  0.00000000000000000D+00  4.42117689534139200D-18  7.22056827737586800D-02  0.00000000000000000D+00  0.00000000000000000D+00
 6  3  0.00000000000000000D+00  0.00000000000000000D+00  0.00000000000000000D+00 -2.05955736157729400D-18 -3.36362351076944100D-02
 6  4  0.00000000000000000D+00 -3.65997896525967400D-19 -5.97739666111602600D-03  0.00000000000000000D+00  0.00000000000000000D+00
 6  5  0.00000000000000000D+00  0.00000000000000000D+00  0.00000000000000000D+00  7.34132729158432200D-19  1.19896932898800600D-02
 6  6  0.00000000000000000D+00  0.00000000000000000D+00  0.00000000000000000D+00 -3.86815805365165400D-17 -6.31739014186547300D-01
 6  7  0.00000000000000000D+00 -2.77764587306955300D-17 -4.53638977847804900D-01  0.00000000000000000D+00  0.00000000000000000D+00
 6  8  0.00000000000000000D+00  0.00000000000000000D+00  0.00000000000000000D+00  1.23505646686345300D-19  2.01706689338734500D-03
 6  9  0.00000000000000000D+00 -6.07130041308659400D-18 -9.91551349400756800D-02  0.00000000000000000D+00  0.00000000000000000D+00
 6 10  0.00000000000000000D+00  0.00000000000000000D+00  0.00000000000000000D+00  9.44195879470080000D-19  1.54203981797571300D-02
 7  1  1.89440338706394600D-02 -3.74123372620545100D-01 -7.67059458944642100D-02  0.00000000000000000D+00  0.00000000000000000D+00
 7  2  2.06241383977319900D-01  0.00000000000000000D+00  0.00000000000000000D+00  2.13401659219647300D-01  2.01289694271101500D-03
 7  3  2.01289694271185800D-03 -4.02579388542299200D-03  5.96075317787849500D-32  0.00000000000000000D+00  0.00000000000000000D+00
 7  4 -5.27325732448080900D-01  0.00000000000000000D+00  0.00000000000000000D+00  1.77054221927249900D-01  1.95947314818075200D-02
 7  5  1.95947314817982300D-02 -3.91894629636057200D-02 -6.56934704030486100D-31  0.00000000000000000D+00  0.00000000000000000D+00
 7  6  9.58706547020502000D-04  1.16515329560739800D-02  9.93693451800004000D-03  0.00000000000000000D+00  0.00000000000000000D+00
 7  7 -2.24275075397167300D-02  0.00000000000000000D+00  0.00000000000000000D+00 -1.61840871596001900D-02  2.88198237864889200D-04
 7  8  2.88198237858522100D-04 -5.76396475723873500D-04 -4.50168068907287800D-31  0.00000000000000000D+00  0.00000000000000000D+00
 7  9  7.92446372829628000D-02  0.00000000000000000D+00  0.00000000000000000D+00 -7.14925642389141500D-02 -2.13135216115328400D-03
 7 10 -2.13135216114738600D-03  4.26270432230063100D-03  4.17011981208446200D-31  0.00000000000000000D+00  0.00000000000000000D+00
 8  1  0.00000000000000000D+00  0.00000000000000000D+00  0.00000000000000000D+00  5.78213091567372900D-18  9.44324826933307900D-02
 8  2  0.00000000000000000D+00 -6.91042717738731800D-18 -1.12859567579699800D-01  0.00000000000000000D+00  0.00000000000000000D+00
 8  3  0.00000000000000000D+00  0.00000000000000000D+00  0.00000000000000000D+00  2.21262812655896900D-18  3.61361529711595700D-02
 8  4  0.00000000000000000D+00  6.27347100196706700D-17  1.02456940263058600D+00  0.00000000000000000D+00  0.00000000000000000D+00
 8  5  0.00000000000000000D+00  0.00000000000000000D+00  0.00000000000000000D+00 -5.12737533359961900D-18 -8.37391594057222700D-02
 8  6  0.00000000000000000D+00  0.00000000000000000D+00  0.00000000000000000D+00 -1.06056725752965300D-18 -1.73209497765431800D-02
 8  7  0.00000000000000000D+00 -8.65368759196702400D-19 -1.41330110936566300D-02  0.00000000000000000D+00  0.00000000000000000D+00
 8  8  0.00000000000000000D+00  0.00000000000000000D+00  0.00000000000000000D+00 -3.19102925315378200D-20 -5.21151836783075200D-04
 8  9  0.00000000000000000D+00 -3.55335465034956000D-19 -5.80326018929827600D-03  0.00000000000000000D+00  0.00000000000000000D+00
 8 10  0.00000000000000000D+00  0.00000000000000000D+00  0.00000000000000000D+00  1.45161732347384000D-19  2.37074929252635600D-03
 9  1  0.00000000000000000D+00  0.00000000000000000D+00  0.00000000000000000D+00  9.44324826933334000D-02 -5.78213091567388800D-18
 9  2  0.00000000000000000D+00 -1.12859567579666100D-01  6.91042717738525600D-18  0.00000000000000000D+00  0.00000000000000000D+00
 9  3  0.00000000000000000D+00  0.00000000000000000D+00  0.00000000000000000D+00  3.61361529711573300D-02 -2.21262812655883200D-18
 9  4  0.00000000000000000D+00  1.02456940263056800D+00 -6.27347100196695600D-17  0.00000000000000000D+00  0.00000000000000000D+00
 9  5  0.00000000000000000D+00  0.00000000000000000D+00  0.00000000000000000D+00 -8.37391594057196600D-02  5.12737533359945900D-18
 9  6  0.00000000000000000D+00  0.00000000000000000D+00  0.00000000000000000D+00 -1.73209497765440700D-02  1.06056725752970800D-18
 9  7  0.00000000000000000D+00 -1.41330110936556600D-02  8.65368759196643400D-19  0.00000000000000000D+00  0.00000000000000000D+00
 9  8  0.00000000000000000D+00  0.00000000000000000D+00  0.00000000000000000D+00 -5.21151836783266000D-04  3.19102925315495100D-20
 9  9  0.00000000000000000D+00 -5.80326018930889300D-03  3.55335465035606100D-19  0.00000000000000000D+00  0.00000000000000000D+00
 9 10  0.00000000000000000D+00  0.00000000000000000D+00  0.00000000000000000D+00  2.37074929252630000D-03 -1.45161732347380600D-19
10  1  3.76926616430712000D-02 -1.37651930583975100D-01 -6.31988031253820100D-01  0.00000000000000000D+00  0.00000000000000000D+00
10  2  5.89221915953933000D-02  0.00000000000000000D+00  0.00000000000000000D+00  3.82459533685113500D-01  2.04873329434381100D-02
10  3  2.04873329433722500D-02 -4.09746658868100800D-02 -4.65670601253389800D-30  0.00000000000000000D+00  0.00000000000000000D+00
10  4  4.82362437992883500D-01  0.00000000000000000D+00  0.00000000000000000D+00 -1.05236942073176200D+00 -1.34547506962206600D-02
10  5 -1.34547506960752900D-02  2.69095013922958500D-02  1.02784955202002400D-29  0.00000000000000000D+00  0.00000000000000000D+00
10  6  6.79744855913921700D-04  9.99399268486128200D-03  1.06090901025370600D-02  0.00000000000000000D+00  0.00000000000000000D+00
10  7 -1.16381301161622700D-02  0.00000000000000000D+00  0.00000000000000000D+00 -1.45001340302676900D-02  4.32123622901441600D-04
10  8  4.32123622920708400D-04 -8.64247245822426400D-04  1.36221626819616800D-30  0.00000000000000000D+00  0.00000000000000000D+00
10  9  9.24161346518678800D-02  0.00000000000000000D+00  0.00000000000000000D+00 -6.87285783834987900D-02 -2.47912954835353300D-03
10 10 -2.47912954837186400D-03  4.95825909672534400D-03 -1.29610270432400000D-30  0.00000000000000000D+00  0.00000000000000000D+00
11  1 -4.54538911610542100D-02  7.85094365517655500D-02  1.36530681366434200D+00  0.00000000000000000D+00  0.00000000000000000D+00
11  2 -4.98773624145251200D-02  0.00000000000000000D+00  0.00000000000000000D+00  1.52384073508266400D-02  1.54238993265342300D-02
11  3  1.54238993265630700D-02 -3.08477986530975400D-02  2.03917462511720500D-30  0.00000000000000000D+00  0.00000000000000000D+00
11  4 -1.50650960901027400D+00  0.00000000000000000D+00  0.00000000000000000D+00 -3.78162859118887400D-01 -8.19404652323607500D-02
11  5 -8.19404652323741900D-02  1.63880930464734900D-01 -9.50639020549539600D-31  0.00000000000000000D+00  0.00000000000000000D+00
11  6 -3.95086835576514500D-03 -4.65833976335238600D-03  4.39062521397917100D-02  0.00000000000000000D+00  0.00000000000000000D+00
11  7  1.71649277030209800D-02  0.00000000000000000D+00  0.00000000000000000D+00  4.58035090069596900D-03 -3.80845557536609300D-04
11  8 -3.80845557559763500D-04  7.61691115096645100D-04 -1.63706151758791700D-30  0.00000000000000000D+00  0.00000000000000000D+00
11  9 -3.08830955303232300D-01  0.00000000000000000D+00  0.00000000000000000D+00  1.26450694455413500D-01  2.09073339401049300D-03
11 10  2.09073339403563700D-03 -4.18146678804614000D-03  1.77775370929094300D-30  0.00000000000000000D+00  0.00000000000000000D+00
12  1  0.00000000000000000D+00  0.00000000000000000D+00  0.00000000000000000D+00  1.88671006537631100D-01 -1.15523856694023200D-17
12  2  0.00000000000000000D+00  1.06191467220304700D+00 -6.50213727398529300D-17  0.00000000000000000D+00  0.00000000000000000D+00
12  3  0.00000000000000000D+00  0.00000000000000000D+00  0.00000000000000000D+00  7.93914852053554400D-02 -4.86116586109367700D-18
12  4  0.00000000000000000D+00 -6.40298600564071700D-01  3.92056867297169300D-17  0.00000000000000000D+00  0.00000000000000000D+00
12  5  0.00000000000000000D+00  0.00000000000000000D+00  0.00000000000000000D+00 -2.14589614403599000D-01  1.31393902631470600D-17
12  6  0.00000000000000000D+00  0.00000000000000000D+00  0.00000000000000000D+00 -5.60712673139589500D-02  3.43326151097735500D-18
12  7  0.00000000000000000D+00 -2.93958242587191400D-02  1.79991565815367200D-18  0.00000000000000000D+00  0.00000000000000000D+00
12  8  0.00000000000000000D+00  0.00000000000000000D+00  0.00000000000000000D+00 -1.48121706428368700D-03  9.06953914155965800D-20
12  9  0.00000000000000000D+00 -1.25163625165336600D-01  7.66380853224568200D-18  0.00000000000000000D+00  0.00000000000000000D+00
12 10  0.00000000000000000D+00  0.00000000000000000D+00  0.00000000000000000D+00  4.27804849474976200D-03 -2.61946268431540800D-19
13  1  0.00000000000000000D+00  0.00000000000000000D+00  0.00000000000000000D+00  1.15523856694051000D-17  1.88671006537676600D-01
13  2  0.00000000000000000D+00  6.50213727398503300D-17  1.06191467220300500D+00  0.00000000000000000D+00  0.00000000000000000D+00
13  3  0.00000000000000000D+00  0.00000000000000000D+00  0.00000000000000000D+00  4.86116586109407300D-18  7.93914852053619200D-02
13  4  0.00000000000000000D+00 -3.92056867297149900D-17 -6.40298600564040100D-01  0.00000000000000000D+00  0.00000000000000000D+00
13  5  0.00000000000000000D+00  0.00000000000000000D+00  0.00000000000000000D+00 -1.31393902631473400D-17 -2.14589614403603600D-01
13  6  0.00000000000000000D+00  0.00000000000000000D+00  0.00000000000000000D+00 -3.43326151097744400D-18 -5.60712673139603900D-02
13  7  0.00000000000000000D+00 -1.79991565815381100D-18 -2.93958242587214200D-02  0.00000000000000000D+00  0.00000000000000000D+00
13  8  0.00000000000000000D+00  0.00000000000000000D+00  0.00000000000000000D+00 -9.06953914156054500D-20 -1.48121706428383200D-03
13  9  0.00000000000000000D+00 -7.66380853224605000D-18 -1.25163625165342700D-01  0.00000000000000000D+00  0.00000000000000000D+00
13 10  0.00000000000000000D+00  0.00000000000000000D+00  0.00000000000000000D+00  2.61946268431586600D-19  4.27804849475051100D-03
14  1 -1.38248907585071900D-02  3.51497576957657000D-01  5.49953130045268700D-01  0.00000000000000000D+00  0.00000000000000000D+00
14  2 -2.19878378089509100D-01  0.00000000000000000D+00  0.00000000000000000D+00  1.41567327469172000D+00 -7.82344897667122400D-02
14  3 -7.82344897667519900D-02  1.56468979533464500D-01 -2.80954660287210000D-30  0.00000000000000000D+00  0.00000000000000000D+00
14  4 -2.31714365759581900D-01  0.00000000000000000D+00  0.00000000000000000D+00 -5.02630670355252200D-01  1.34575637379420500D-01
14  5  1.34575637379533000D-01 -2.69151274758953800D-01  7.95177955438601900D-30  0.00000000000000000D+00  0.00000000000000000D+00
14  6 -9.25400811093850100D-03 -5.43116982620990000D-02 -2.95341655953088000D-03  0.00000000000000000D+00  0.00000000000000000D+00
14  7  2.16836393020445600D-02  0.00000000000000000D+00  0.00000000000000000D+00  5.14724543666945100D-02  4.26849700840513900D-04
14  8  4.26849700847831400D-04 -8.53699401688196200D-04  5.17370986904249900D-31  0.00000000000000000D+00  0.00000000000000000D+00
14  9 -4.86400468386063500D-01  0.00000000000000000D+00  0.00000000000000000D+00 -4.51535666763966300D-02  6.76085878435800100D-04
14 10  6.76085878428260600D-04 -1.35217175686406500D-03 -5.33067315951005800D-31  0.00000000000000000D+00  0.00000000000000000D+00
15  1  2.46299272060994400D-01  1.73960576376278500D+00 -2.50246210826638600D+00  0.00000000000000000D+00  0.00000000000000000D+00
15  2 -1.58680036646332100D+00  0.00000000000000000D+00  0.00000000000000000D+00  1.68034396601546500D+00  1.88245793143232400D-01
15  3  1.88245793142412500D-01 -3.76491586285643700D-01 -5.79720320700113100D-29  0.00000000000000000D+00  0.00000000000000000D+00
15  4  6.80594182144874400D-01  0.00000000000000000D+00  0.00000000000000000D+00 -2.25311095587392200D-01 -4.80101727949283600D-01
15  5 -4.80101727947395400D-01  9.60203455896680200D-01  1.33502382257012200D-28  0.00000000000000000D+00  0.00000000000000000D+00
15  6 -1.56733909531227500D-03  1.02850544592613400D-02  3.40123222980713800D-02  0.00000000000000000D+00  0.00000000000000000D+00
15  7 -2.72503708700118800D-02  0.00000000000000000D+00  0.00000000000000000D+00 -5.49214099360521600D-02  2.69038206905926500D-03
15  8  2.69038206906349800D-03 -5.38076413812257500D-03  2.99265439233471600D-31  0.00000000000000000D+00  0.00000000000000000D+00
15  9  1.47825530577296500D-02  0.00000000000000000D+00  0.00000000000000000D+00 -3.90792233179657300D-01 -1.51168027104091300D-02
15 10 -1.51168027104143900D-02  3.02336054208233700D-02 -3.71897072261175200D-31  0.00000000000000000D+00  0.00000000000000000D+00
16  1  0.00000000000000000D+00  0.00000000000000000D+00  0.00000000000000000D+00 -1.38988309829638200D+00  8.51029836622040800D-17
16  2  0.00000000000000000D+00  1.83437791190604700D+00 -1.12319542311578500D-16  0.00000000000000000D+00  0.00000000000000000D+00
16  3  0.00000000000000000D+00  0.00000000000000000D+00  0.00000000000000000D+00 -3.19207314174132100D-01  1.95451652562109000D-17
16  4  0.00000000000000000D+00 -3.37845778109621200D-01  2.06864043242553600D-17  0.00000000000000000D+00  0.00000000000000000D+00
16  5  0.00000000000000000D+00  0.00000000000000000D+00  0.00000000000000000D+00  1.14123008554977800D+00 -6.98778806968756400D-17
16  6  0.00000000000000000D+00  0.00000000000000000D+00  0.00000000000000000D+00  1.74270864863256000D-02 -1.06706604198832100D-18
16  7  0.00000000000000000D+00  6.66396055137594000D-02 -4.08036421641832400D-18  0.00000000000000000D+00  0.00000000000000000D+00
16  8  0.00000000000000000D+00  0.00000000000000000D+00  0.00000000000000000D+00  3.62718048241099400D-03 -2.22093413261050900D-19
16  9  0.00000000000000000D+00 -5.28636593286016300D-01  3.23685865500535700D-17  0.00000000000000000D+00  0.00000000000000000D+00
16 10  0.00000000000000000D+00  0.00000000000000000D+00  0.00000000000000000D+00 -7.94154986670700400D-03  4.86263621298332500D-19
17  1  0.00000000000000000D+00  0.00000000000000000D+00  0.00000000000000000D+00 -8.51029836621667500D-17 -1.38988309829577300D+00
17  2  0.00000000000000000D+00  1.12319542311557300D-16  1.83437791190570000D+00  0.00000000000000000D+00  0.00000000000000000D+00
17  3  0.00000000000000000D+00  0.00000000000000000D+00  0.00000000000000000D+00 -1.95451652562293900D-17 -3.19207314174434200D-01
17  4  0.00000000000000000D+00 -2.06864043242544100D-17 -3.37845778109605700D-01  0.00000000000000000D+00  0.00000000000000000D+00
17  5  0.00000000000000000D+00  0.00000000000000000D+00  0.00000000000000000D+00  6.98778806969145800D-17  1.14123008555041400D+00
17  6  0.00000000000000000D+00  0.00000000000000000D+00  0.00000000000000000D+00  1.06706604198653600D-18  1.74270864862964500D-02
17  7  0.00000000000000000D+00  4.08036421641899300D-18  6.66396055137703200D-02  0.00000000000000000D+00  0.00000000000000000D+00
17  8  0.00000000000000000D+00  0.00000000000000000D+00  0.00000000000000000D+00  2.22093413260997000D-19  3.62718048241011300D-03
17  9  0.00000000000000000D+00 -3.23685865500745500D-17 -5.28636593286358900D-01  0.00000000000000000D+00  0.00000000000000000D+00
17 10  0.00000000000000000D+00  0.00000000000000000D+00  0.00000000000000000D+00 -4.86263621298444700D-19 -7.94154986670883600D-03
18  1  0.00000000000000000D+00  0.00000000000000000D+00  0.00000000000000000D+00  0.00000000000000000D+00  0.00000000000000000D+00
18  2  0.00000000000000000D+00  0.00000000000000000D+00  0.00000000000000000D+00  0.00000000000000000D+00  7.75696482150906700D-17
18  3 -7.75696482150906700D-17  0.00000000000000000D+00  7.31416379445356300D-01  0.00000000000000000D+00  0.00000000000000000D+00
18  4  0.00000000000000000D+00  0.00000000000000000D+00  0.00000000000000000D+00  0.00000000000000000D+00 -1.72683849151488100D-16
18  5  1.72683849151488100D-16  0.00000000000000000D+00 -1.62826309827840500D+00  0.00000000000000000D+00  0.00000000000000000D+00
18  6  0.00000000000000000D+00  0.00000000000000000D+00  0.00000000000000000D+00  0.00000000000000000D+00  0.00000000000000000D+00
18  7  0.00000000000000000D+00  0.00000000000000000D+00  0.00000000000000000D+00  0.00000000000000000D+00 -3.67639848170502100D-19
18  8  3.67639848170502100D-19  0.00000000000000000D+00 -3.46653379093701800D-03  0.00000000000000000D+00  0.00000000000000000D+00
18  9  0.00000000000000000D+00  0.00000000000000000D+00  0.00000000000000000D+00  0.00000000000000000D+00  3.76207391448765500D-19
18 10 -3.76207391448765500D-19  0.00000000000000000D+00  3.54731850028561200D-03  0.00000000000000000D+00  0.00000000000000000D+00
19  1  0.00000000000000000D+00  0.00000000000000000D+00  0.00000000000000000D+00  0.00000000000000000D+00  0.00000000000000000D+00
19  2  0.00000000000000000D+00  0.00000000000000000D+00  0.00000000000000000D+00  0.00000000000000000D+00  6.33425165344372800D-01
19  3 -6.33425165344537500D-01  0.00000000000000000D+00 -8.95697145559584600D-17  0.00000000000000000D+00  0.00000000000000000D+00
19  4  0.00000000000000000D+00  0.00000000000000000D+00  0.00000000000000000D+00  0.00000000000000000D+00 -1.41011720715442200D+00
19  5  1.41011720715469000D+00  0.00000000000000000D+00  1.99398133584723100D-16  0.00000000000000000D+00  0.00000000000000000D+00
19  6  0.00000000000000000D+00  0.00000000000000000D+00  0.00000000000000000D+00  0.00000000000000000D+00  0.00000000000000000D+00
19  7  0.00000000000000000D+00  0.00000000000000000D+00  0.00000000000000000D+00  0.00000000000000000D+00 -3.00210632603039500D-03
19  8  3.00210632602935400D-03  0.00000000000000000D+00  4.24513930612319400D-19  0.00000000000000000D+00  0.00000000000000000D+00
19  9  0.00000000000000000D+00  0.00000000000000000D+00  0.00000000000000000D+00  0.00000000000000000D+00  3.07206793659884100D-03
19 10 -3.07206793658273700D-03  0.00000000000000000D+00 -4.34406877452233100D-19  0.00000000000000000D+00  0.00000000000000000D+00
20  1 -2.08859987694582400D-01 -1.57266988047354900D+00  3.19565040715255700D+00  0.00000000000000000D+00  0.00000000000000000D+00
20  2  1.25150422791205600D+00  0.00000000000000000D+00  0.00000000000000000D+00 -3.34106665459586600D-02  2.88192353119184000D-01
20  3  2.88192353119430700D-01 -5.76384706238615600D-01  1.74443030642818300D-29  0.00000000000000000D+00  0.00000000000000000D+00
20  4 -6.85073395418130600D-01  0.00000000000000000D+00  0.00000000000000000D+00 -1.62490058461583100D-01 -8.56168111543020000D-01
20  5 -8.56168111543609200D-01  1.71233622308662900D+00 -4.16617165569846900D-29  0.00000000000000000D+00  0.00000000000000000D+00
20  6 -2.01371048513154700D-02 -4.69877837816985300D-02  1.78450695903585900D-01  0.00000000000000000D+00  0.00000000000000000D+00
20  7 -7.44264131538018000D-02  0.00000000000000000D+00  0.00000000000000000D+00 -1.06936053009852400D-01 -7.30730559007772000D-04
20  8 -7.30730559009811300D-04  1.46146111801712000D-03 -1.44179930461689400D-31  0.00000000000000000D+00  0.00000000000000000D+00
20  9 -1.84205732460716200D+00  0.00000000000000000D+00  0.00000000000000000D+00  1.29671664124558400D-01  2.29855488344048100D-03
20 10  2.29855488344508800D-03 -4.59710976688557100D-03  3.25771050093100900D-31  0.00000000000000000D+00  0.00000000000000000D+00
21  1  0.00000000000000000D+00  0.00000000000000000D+00  0.00000000000000000D+00  1.69135079093599300D+00 -1.03561946256136000D-16
21  2  0.00000000000000000D+00 -1.18051849193443800D+00  7.22835223013861800D-17  0.00000000000000000D+00  0.00000000000000000D+00
21  3  0.00000000000000000D+00  0.00000000000000000D+00  0.00000000000000000D+00 -9.55143972379372000D-01  5.84837688695462000D-17
21  4  0.00000000000000000D+00  1.03413640744877900D-01 -6.33205007640410900D-18  0.00000000000000000D+00  0.00000000000000000D+00
21  5  0.00000000000000000D+00  0.00000000000000000D+00  0.00000000000000000D+00  1.87857804593095500D+00 -1.15025930559913700D-16
21  6  0.00000000000000000D+00  0.00000000000000000D+00  0.00000000000000000D+00 -1.38476578975900700D-01  8.47896492347371400D-18
21  7  0.00000000000000000D+00 -1.10872928836942900D-01  6.78878465603082600D-18  0.00000000000000000D+00  0.00000000000000000D+00
21  8  0.00000000000000000D+00  0.00000000000000000D+00  0.00000000000000000D+00  5.77269737892270800D-04 -3.53464094446126600D-20
21  9  0.00000000000000000D+00 -5.10389288088484600D-01  3.12512982558019000D-17  0.00000000000000000D+00  0.00000000000000000D+00
21 10  0.00000000000000000D+00  0.00000000000000000D+00  0.00000000000000000D+00 -2.06957700619530300D-02  1.26720857575573100D-18
22  1  0.00000000000000000D+00  0.00000000000000000D+00  0.00000000000000000D+00  1.03561946256161700D-16  1.69135079093641200D+00
22  2  0.00000000000000000D+00 -7.22835223014177800D-17 -1.18051849193495400D+00  0.00000000000000000D+00  0.00000000000000000D+00
22  3  0.00000000000000000D+00  0.00000000000000000D+00  0.00000000000000000D+00 -5.84837688695447500D-17 -9.55143972379348200D-01
22  4  0.00000000000000000D+00  6.33205007640985200D-18  1.03413640744971700D-01  0.00000000000000000D+00  0.00000000000000000D+00
22  5  0.00000000000000000D+00  0.00000000000000000D+00  0.00000000000000000D+00  1.15025930559899600D-16  1.87857804593072500D+00
22  6  0.00000000000000000D+00  0.00000000000000000D+00  0.00000000000000000D+00 -8.47896492347390500D-18 -1.38476578975903900D-01
22  7  0.00000000000000000D+00 -6.78878465603050400D-18 -1.10872928836937600D-01  0.00000000000000000D+00  0.00000000000000000D+00
22  8  0.00000000000000000D+00  0.00000000000000000D+00  0.00000000000000000D+00  3.53464094446053800D-20  5.77269737892151900D-04
22  9  0.00000000000000000D+00 -3.12512982557972500D-17 -5.10389288088408700D-01  0.00000000000000000D+00  0.00000000000000000D+00
22 10  0.00000000000000000D+00  0.00000000000000000D+00  0.00000000000000000D+00 -1.26720857575586800D-18 -2.06957700619552800D-02
23  1 -1.91711584656659200D-01 -1.42467283453994000D+00  1.57262929699782500D+00  0.00000000000000000D+00  0.00000000000000000D+00
23  2 -9.86408695739429600D-01  0.00000000000000000D+00  0.00000000000000000D+00  9.36171157794175100D-01 -7.05389219196166800D-01
23  3 -7.05389219196150600D-01  1.41077843839231700D+00  1.14631350289928300D-30  0.00000000000000000D+00  0.00000000000000000D+00
23  4 -2.18700016578883300D-01  0.00000000000000000D+00  0.00000000000000000D+00 -1.11655825521380800D-01  7.22253663039007100D-01
23  5  7.22253663038956900D-01 -1.44450732607796600D+00 -3.54371109767251400D-30  0.00000000000000000D+00  0.00000000000000000D+00
23  6 -1.06537468878103300D-02  9.77576189534695300D-02  3.68342654130330100D-01  0.00000000000000000D+00  0.00000000000000000D+00
23  7 -9.00043784430365200D-02  0.00000000000000000D+00  0.00000000000000000D+00  2.68851762954339700D-02  9.87239359976306400D-04
23  8  9.87239360005771100D-04 -1.97447871998211600D-03  2.08324230965721600D-30  0.00000000000000000D+00  0.00000000000000000D+00
23  9 -5.25844248535846700D-01  0.00000000000000000D+00  0.00000000000000000D+00 -3.33410272276762600D-02 -3.06336465984178900D-03
23 10 -3.06336465986988200D-03  6.12672931971168400D-03 -1.98621155164655600D-30  0.00000000000000000D+00  0.00000000000000000D+00
24  1  0.00000000000000000D+00  0.00000000000000000D+00  0.00000000000000000D+00 -1.02539954543236700D-16 -1.67465984841868000D+00
24  2  0.00000000000000000D+00  3.02586634761527800D-17  4.94177796509157100D-01  0.00000000000000000D+00  0.00000000000000000D+00
24  3  0.00000000000000000D+00  0.00000000000000000D+00  0.00000000000000000D+00 -1.90299502153776600D-17 -3.10792936129708400D-01
24  4  0.00000000000000000D+00  3.94087702963467500D-18  6.43615316437640800D-02  0.00000000000000000D+00  0.00000000000000000D+00
24  5  0.00000000000000000D+00  0.00000000000000000D+00  0.00000000000000000D+00 -4.68882648864212600D-17 -7.65768767082881800D-01
24  6  0.00000000000000000D+00  0.00000000000000000D+00  0.00000000000000000D+00 -7.39234998540816900D-18 -1.20730224244457800D-01
24  7  0.00000000000000000D+00 -1.97332940967954100D-17 -3.22279792770985700D-01  0.00000000000000000D+00  0.00000000000000000D+00
24  8  0.00000000000000000D+00  0.00000000000000000D+00  0.00000000000000000D+00  8.41073787440533100D-19  1.37362309907225300D-02
24  9  0.00000000000000000D+00  1.32532697211944200D-16  2.16449468514136800D+00  0.00000000000000000D+00  0.00000000000000000D+00
24 10  0.00000000000000000D+00  0.00000000000000000D+00  0.00000000000000000D+00 -1.75329774440034000D-18 -2.86344708065208500D-02
25  1  0.00000000000000000D+00  0.00000000000000000D+00  0.00000000000000000D+00 -1.67465984841859300D+00  1.02539954543231400D-16
25  2  0.00000000000000000D+00  4.94177796509044800D-01 -3.02586634761459100D-17  0.00000000000000000D+00  0.00000000000000000D+00
25  3  0.00000000000000000D+00  0.00000000000000000D+00  0.00000000000000000D+00 -3.10792936129900500D-01  1.90299502153894200D-17
25  4  0.00000000000000000D+00  6.43615316437891200D-02 -3.94087702963620800D-18  0.00000000000000000D+00  0.00000000000000000D+00
25  5  0.00000000000000000D+00  0.00000000000000000D+00  0.00000000000000000D+00 -7.65768767082803200D-01  4.68882648864164400D-17
25  6  0.00000000000000000D+00  0.00000000000000000D+00  0.00000000000000000D+00 -1.20730224244446200D-01  7.39234998540746200D-18
25  7  0.00000000000000000D+00 -3.22279792770943100D-01  1.97332940967928000D-17  0.00000000000000000D+00  0.00000000000000000D+00
25  8  0.00000000000000000D+00  0.00000000000000000D+00  0.00000000000000000D+00  1.37362309907240500D-02 -8.41073787440625800D-19
25  9  0.00000000000000000D+00  2.16449468514135400D+00 -1.32532697211943400D-16  0.00000000000000000D+00  0.00000000000000000D+00
25 10  0.00000000000000000D+00  0.00000000000000000D+00  0.00000000000000000D+00 -2.86344708065273400D-02  1.75329774440073800D-18
26  1 -3.95822773368527200D-01 -1.22868522058644000D+00  1.86628253836570700D+00  0.00000000000000000D+00  0.00000000000000000D+00
26  2  1.25543287564886400D+00  0.00000000000000000D+00  0.00000000000000000D+00 -2.00977639072594200D-02  2.21194574694908700D-01
26  3  2.21194574695006300D-01 -4.42389149389915600D-01  6.89945143277283400D-30  0.00000000000000000D+00  0.00000000000000000D+00
26  4 -1.56355450954396700D-01  0.00000000000000000D+00  0.00000000000000000D+00 -8.20638792167048000D-02 -6.74395814605342900D-01
26  5 -6.74395814605492200D-01  1.34879162921083500D+00 -1.05571775831530700D-29  0.00000000000000000D+00  0.00000000000000000D+00
26  6 -1.77581984675206200D-02 -2.21234229219267700D-03  2.79490271461557000D-01  0.00000000000000000D+00  0.00000000000000000D+00
26  7  1.99376513863680700D-01  0.00000000000000000D+00  0.00000000000000000D+00  4.55407728932909700D-01 -4.90440830998464300D-04
26  8 -4.90440830992391400D-04  9.80881661990857600D-04  4.29374044038981800D-31  0.00000000000000000D+00  0.00000000000000000D+00
26  9 -1.71534390564434800D+00  0.00000000000000000D+00  0.00000000000000000D+00 -1.51647535539796800D+00  1.29670407307866500D-02
26 10  1.29670407307774700D-02 -2.59340814615641200D-02 -6.49038391258498500D-31  0.00000000000000000D+00  0.00000000000000000D+00
27  1  0.00000000000000000D+00  0.00000000000000000D+00  0.00000000000000000D+00  0.00000000000000000D+00  0.00000000000000000D+00
27  2  0.00000000000000000D+00  0.00000000000000000D+00  0.00000000000000000D+00  0.00000000000000000D+00  2.55404577855091300D-16
27  3 -2.55404577855091300D-16  0.00000000000000000D+00  2.40824982357208000D+00  0.00000000000000000D+00  0.00000000000000000D+00
27  4  0.00000000000000000D+00  0.00000000000000000D+00  0.00000000000000000D+00  0.00000000000000000D+00 -2.03421871105590700D-16
27  5  2.03421871105590700D-16  0.00000000000000000D+00 -1.91809672839415700D+00  0.00000000000000000D+00  0.00000000000000000D+00
27  6  0.00000000000000000D+00  0.00000000000000000D+00  0.00000000000000000D+00  0.00000000000000000D+00  0.00000000000000000D+00
27  7  0.00000000000000000D+00  0.00000000000000000D+00  0.00000000000000000D+00  0.00000000000000000D+00  6.12097116853766100D-19
27  8 -6.12097116853766100D-19  0.00000000000000000D+00  5.77155971929528600D-03  0.00000000000000000D+00  0.00000000000000000D+00
27  9  0.00000000000000000D+00  0.00000000000000000D+00  0.00000000000000000D+00  0.00000000000000000D+00 -7.12401031086367600D-19
27 10  7.12401031086367600D-19  0.00000000000000000D+00 -6.71734105877974700D-03  0.00000000000000000D+00  0.00000000000000000D+00
28  1  0.00000000000000000D+00  0.00000000000000000D+00  0.00000000000000000D+00  0.00000000000000000D+00  0.00000000000000000D+00
28  2  0.00000000000000000D+00  0.00000000000000000D+00  0.00000000000000000D+00  0.00000000000000000D+00 -2.08560552587287200D+00
28  3  2.08560552587286300D+00  0.00000000000000000D+00  2.94915803553805900D-16  0.00000000000000000D+00  0.00000000000000000D+00
28  4  0.00000000000000000D+00  0.00000000000000000D+00  0.00000000000000000D+00  0.00000000000000000D+00  1.66112049370491000D+00
28  5 -1.66112049370489200D+00  0.00000000000000000D+00 -2.34891344083702900D-16  0.00000000000000000D+00  0.00000000000000000D+00
28  6  0.00000000000000000D+00  0.00000000000000000D+00  0.00000000000000000D+00  0.00000000000000000D+00  0.00000000000000000D+00
28  7  0.00000000000000000D+00  0.00000000000000000D+00  0.00000000000000000D+00  0.00000000000000000D+00 -4.99831733638667200D-03
28  8  4.99831733638517700D-03  0.00000000000000000D+00  7.06788870373864700D-19  0.00000000000000000D+00  0.00000000000000000D+00
28  9  0.00000000000000000D+00  0.00000000000000000D+00  0.00000000000000000D+00  0.00000000000000000D+00  5.81738800286639300D-03
28 10 -5.81738800286531300D-03  0.00000000000000000D+00 -8.22609854148436800D-19  0.00000000000000000D+00  0.00000000000000000D+00
29  1  0.00000000000000000D+00  0.00000000000000000D+00  0.00000000000000000D+00  4.04225906377541200D-18  6.60172805923840600D-02
29  2  0.00000000000000000D+00  1.41585563500558700D-17  2.31234409422466500D-01  0.00000000000000000D+00  0.00000000000000000D+00
29  3  0.00000000000000000D+00  0.00000000000000000D+00  0.00000000000000000D+00 -1.54794845174574100D-16 -2.52807515968558100D+00
29  4  0.00000000000000000D+00 -3.77308009819436600D-18 -6.16211092881791800D-02  0.00000000000000000D+00  0.00000000000000000D+00
29  5  0.00000000000000000D+00  0.00000000000000000D+00  0.00000000000000000D+00  1.37086322362506100D-16  2.23886348351234700D+00
29  6  0.00000000000000000D+00  0.00000000000000000D+00  0.00000000000000000D+00  9.92961765708566500D-18  1.62168318432976300D-01
29  7  0.00000000000000000D+00  2.42245547776590600D-17  3.95630068422341400D-01  0.00000000000000000D+00  0.00000000000000000D+00
29  8  0.00000000000000000D+00  0.00000000000000000D+00  0.00000000000000000D+00  1.05867027048594500D-18  1.72899686038947200D-02
29  9  0.00000000000000000D+00 -4.22813443381963200D-17 -6.90529560070027300D-01  0.00000000000000000D+00  0.00000000000000000D+00
29 10  0.00000000000000000D+00  0.00000000000000000D+00  0.00000000000000000D+00 -3.59689276470370600D-18 -5.87436567428657500D-02
30  1  0.00000000000000000D+00  0.00000000000000000D+00  0.00000000000000000D+00  6.60172805925379200D-02 -4.04225906378483300D-18
30  2  0.00000000000000000D+00  2.31234409422437300D-01 -1.41585563500540800D-17  0.00000000000000000D+00  0.00000000000000000D+00
30  3  0.00000000000000000D+00  0.00000000000000000D+00  0.00000000000000000D+00 -2.52807515968557600D+00  1.54794845174573900D-16
30  4  0.00000000000000000D+00 -6.16211092881901900D-02  3.77308009819504100D-18  0.00000000000000000D+00  0.00000000000000000D+00
30  5  0.00000000000000000D+00  0.00000000000000000D+00  0.00000000000000000D+00  2.23886348351248200D+00 -1.37086322362514300D-16
30  6  0.00000000000000000D+00  0.00000000000000000D+00  0.00000000000000000D+00  1.62168318432995500D-01 -9.92961765708683900D-18
30  7  0.00000000000000000D+00  3.95630068422355700D-01 -2.42245547776599300D-17  0.00000000000000000D+00  0.00000000000000000D+00
30  8  0.00000000000000000D+00  0.00000000000000000D+00  0.00000000000000000D+00  1.72899686038933300D-02 -1.05867027048585900D-18
30  9  0.00000000000000000D+00 -6.90529560070239100D-01  4.22813443382092900D-17  0.00000000000000000D+00  0.00000000000000000D+00
30 10  0.00000000000000000D+00  0.00000000000000000D+00  0.00000000000000000D+00 -5.87436567428639000D-02  3.59689276470359400D-18
31  1 -3.13863837442776800D-02  2.36436708728600300D-01 -6.99852119792301700D-01  0.00000000000000000D+00  0.00000000000000000D+00
31  2  5.88668596534725000D-01  0.00000000000000000D+00  0.00000000000000000D+00 -8.27548558273199800D-01 -1.26548649173636700D+00
31  3 -1.26548649173635700D+00  2.53097298347272300D+00  6.77927340424307000D-31  0.00000000000000000D+00  0.00000000000000000D+00
31  4  1.11548966090565900D-01  0.00000000000000000D+00  0.00000000000000000D+00  1.33350228038966000D-01  9.80825971899740900D-01
31  5  9.80825971899721900D-01 -1.96165194379946400D+00 -1.34352872920453600D-30  0.00000000000000000D+00  0.00000000000000000D+00
31  6  6.79922000771782800D-02 -2.68715952689850800D-02 -1.24165192815578800D+00  0.00000000000000000D+00  0.00000000000000000D+00
31  7  3.95215122492390900D-02  0.00000000000000000D+00  0.00000000000000000D+00  3.48311230911702600D-01 -4.63091830515719000D-04
31  8 -4.63091830514978700D-04  9.26183661030521500D-04  5.23371462387231300D-32  0.00000000000000000D+00  0.00000000000000000D+00
31  9  1.35203481393950700D+00  0.00000000000000000D+00  0.00000000000000000D+00 -1.57215422115746200D-01  2.13490492712893500D-02
31 10  2.13490492712890200D-02 -4.26980985425783700D-02 -2.34963453215242800D-32  0.00000000000000000D+00  0.00000000000000000D+00
32  1  2.14314203327113700D+00  9.28239393645721800D+00 -5.53277266209380100D+00  0.00000000000000000D+00  0.00000000000000000D+00
32  2  5.61438185572920900D+00  0.00000000000000000D+00  0.00000000000000000D+00 -3.24310572295219700D+00 -7.46426257735333100D-01
32  3 -7.46426257735335000D-01  1.49285251547066900D+00 -1.35585468084861400D-31  0.00000000000000000D+00  0.00000000000000000D+00
32  4  1.06049423534057800D-01  0.00000000000000000D+00  0.00000000000000000D+00  2.88581470585628200D-02  2.04751188369432500D-01
32  5  2.04751188369407400D-01 -4.09502376738837800D-01 -1.77801852465829600D-30  0.00000000000000000D+00  0.00000000000000000D+00
32  6 -1.09780907426517200D-02 -1.06095405459884800D-02  2.49741816651129300D-01  0.00000000000000000D+00  0.00000000000000000D+00
32  7  2.63328937131387600D-01  0.00000000000000000D+00  0.00000000000000000D+00  1.35539060165393800D-01  7.00769619450264300D-03
32  8  7.00769619440518600D-03 -1.40153923889098700D-02 -6.89039956203421400D-30  0.00000000000000000D+00  0.00000000000000000D+00
32  9 -5.20620119263698400D+00  0.00000000000000000D+00  0.00000000000000000D+00  2.36333454657240300D+00 -2.00484518800274200D-01
32 10 -2.00484518800167200D-01  4.00969037600441400D-01  7.56813430946408200D-30  0.00000000000000000D+00  0.00000000000000000D+00
33  1  0.00000000000000000D+00  0.00000000000000000D+00  0.00000000000000000D+00  0.00000000000000000D+00  0.00000000000000000D+00
33  2  0.00000000000000000D+00  0.00000000000000000D+00  0.00000000000000000D+00  0.00000000000000000D+00  2.51686870927589800D-17
33  3 -2.51686870927589800D-17  0.00000000000000000D+00  2.37319498184826500D-01  0.00000000000000000D+00  0.00000000000000000D+00
33  4  0.00000000000000000D+00  0.00000000000000000D+00  0.00000000000000000D+00  0.00000000000000000D+00 -9.38077798691254800D-18
33  5  9.38077798691254800D-18  0.00000000000000000D+00 -8.84528269683896900D-02  0.00000000000000000D+00  0.00000000000000000D+00
33  6  0.00000000000000000D+00  0.00000000000000000D+00  0.00000000000000000D+00  0.00000000000000000D+00  0.00000000000000000D+00
33  7  0.00000000000000000D+00  0.00000000000000000D+00  0.00000000000000000D+00  0.00000000000000000D+00  3.46466467745870700D-18
33  8 -3.46466467745870700D-18  0.00000000000000000D+00  3.26688666597055000D-02  0.00000000000000000D+00  0.00000000000000000D+00
33  9  0.00000000000000000D+00  0.00000000000000000D+00  0.00000000000000000D+00  0.00000000000000000D+00 -1.09230178588802400D-16
33 10  1.09230178588802400D-16  0.00000000000000000D+00 -1.02994848614060000D+00  0.00000000000000000D+00  0.00000000000000000D+00
34  1  0.00000000000000000D+00  0.00000000000000000D+00  0.00000000000000000D+00  0.00000000000000000D+00  0.00000000000000000D+00
34  2  0.00000000000000000D+00  0.00000000000000000D+00  0.00000000000000000D+00  0.00000000000000000D+00 -2.05524714241305400D-01
34  3  2.05524714241295200D-01  0.00000000000000000D+00  2.90622965362886100D-17  0.00000000000000000D+00  0.00000000000000000D+00
34  4  0.00000000000000000D+00  0.00000000000000000D+00  0.00000000000000000D+00  0.00000000000000000D+00  7.66023951911008300D-02
34  5 -7.66023951910909000D-02  0.00000000000000000D+00 -1.08319893918929600D-17  0.00000000000000000D+00  0.00000000000000000D+00
34  6  0.00000000000000000D+00  0.00000000000000000D+00  0.00000000000000000D+00  0.00000000000000000D+00  0.00000000000000000D+00
34  7  0.00000000000000000D+00  0.00000000000000000D+00  0.00000000000000000D+00  0.00000000000000000D+00 -2.82920684399050200D-02
34  8  2.82920684399272700D-02  0.00000000000000000D+00  4.00065016833185900D-18  0.00000000000000000D+00  0.00000000000000000D+00
34  9  0.00000000000000000D+00  0.00000000000000000D+00  0.00000000000000000D+00  0.00000000000000000D+00  8.91961553587058100D-01
34 10 -8.91961553587083300D-01  0.00000000000000000D+00 -1.26128146023749600D-16  0.00000000000000000D+00  0.00000000000000000D+00
35  1  0.00000000000000000D+00  0.00000000000000000D+00  0.00000000000000000D+00  7.60051324595493500D-01 -4.65381840665377700D-17
35  2  0.00000000000000000D+00 -4.46849803956745200D-01  2.73607554564856900D-17  0.00000000000000000D+00  0.00000000000000000D+00
35  3  0.00000000000000000D+00  0.00000000000000000D+00  0.00000000000000000D+00  6.45345623226635700D-01 -3.95147175307400000D-17
35  4  0.00000000000000000D+00  2.19569554548577400D-02 -1.34443135803068400D-18  0.00000000000000000D+00  0.00000000000000000D+00
35  5  0.00000000000000000D+00  0.00000000000000000D+00  0.00000000000000000D+00 -2.56096510230825400D-01  1.56808706810203100D-17
35  6  0.00000000000000000D+00  0.00000000000000000D+00  0.00000000000000000D+00 -5.76039215680188400D-02  3.52710641786408700D-18
35  7  0.00000000000000000D+00  3.67855421626870300D-02 -2.25239043306137400D-18  0.00000000000000000D+00  0.00000000000000000D+00
35  8  0.00000000000000000D+00  0.00000000000000000D+00  0.00000000000000000D+00 -2.69576772277511200D-02  1.65062714086984200D-18
35  9  0.00000000000000000D+00 -4.26378772048080100D-01  2.61073076692531000D-17  0.00000000000000000D+00  0.00000000000000000D+00
35 10  0.00000000000000000D+00  0.00000000000000000D+00  0.00000000000000000D+00  1.10556610650705200D+00 -6.76941639299601500D-17
36  1  0.00000000000000000D+00  0.00000000000000000D+00  0.00000000000000000D+00  4.65381840665387500D-17  7.60051324595509400D-01
36  2  0.00000000000000000D+00 -2.73607554564864500D-17 -4.46849803956757700D-01  0.00000000000000000D+00  0.00000000000000000D+00
36  3  0.00000000000000000D+00  0.00000000000000000D+00  0.00000000000000000D+00  3.95147175307402600D-17  6.45345623226639900D-01
36  4  0.00000000000000000D+00  1.34443135803077800D-18  2.19569554548592600D-02  0.00000000000000000D+00  0.00000000000000000D+00
36  5  0.00000000000000000D+00  0.00000000000000000D+00  0.00000000000000000D+00 -1.56808706810203100D-17 -2.56096510230825400D-01
36  6  0.00000000000000000D+00  0.00000000000000000D+00  0.00000000000000000D+00 -3.52710641786409200D-18 -5.76039215680189200D-02
36  7  0.00000000000000000D+00  2.25239043306134000D-18  3.67855421626864700D-02  0.00000000000000000D+00  0.00000000000000000D+00
36  8  0.00000000000000000D+00  0.00000000000000000D+00  0.00000000000000000D+00 -1.65062714086977500D-18 -2.69576772277500300D-02
36  9  0.00000000000000000D+00 -2.61073076692534200D-17 -4.26378772048085400D-01  0.00000000000000000D+00  0.00000000000000000D+00
36 10  0.00000000000000000D+00  0.00000000000000000D+00  0.00000000000000000D+00  6.76941639299601900D-17  1.10556610650705300D+00
37  1 -1.75327394437875900D+00 -7.01153897929093000D+00  4.35917584051696400D+00  0.00000000000000000D+00  0.00000000000000000D+00
37  2 -3.92253893930930000D+00  0.00000000000000000D+00  0.00000000000000000D+00  2.41254267594641300D+00  3.80755404879338500D-01
37  3  3.80755404879335900D-01 -7.61510809758674600D-01 -1.84889274661174600D-31  0.00000000000000000D+00  0.00000000000000000D+00
37  4 -9.99125735525173600D-02  0.00000000000000000D+00  0.00000000000000000D+00 -5.04275111931939300D-02 -9.81075926017195800D-02
37  5 -9.81075926017326200D-02  1.96215185203450200D-01 -9.21364885394853600D-31  0.00000000000000000D+00  0.00000000000000000D+00
37  6 -4.33780159730483300D-02 -1.27149503496661800D-01 -1.08622297361877700D-01  0.00000000000000000D+00  0.00000000000000000D+00
37  7 -3.81985339056839700D-01  0.00000000000000000D+00  0.00000000000000000D+00  3.04864738502172900D-01  1.02345021803827000D-02
37  8  1.02345021803153200D-02 -2.04690043606969200D-02 -4.76398031043626700D-30  0.00000000000000000D+00  0.00000000000000000D+00
37  9  3.58253804202577400D+00  0.00000000000000000D+00  0.00000000000000000D+00 -2.03436995731621200D+00 -4.74962511327766000D-01
37 10 -4.74962511327695200D-01  9.49925022655461100D-01  5.01049934331783300D-30  0.00000000000000000D+00  0.00000000000000000D+00
38  1  0.00000000000000000D+00  0.00000000000000000D+00  0.00000000000000000D+00  2.36023049972649900D-18  3.85467622695160100D-02
38  2  0.00000000000000000D+00  1.45186401045853900D-17  2.37115217625128300D-01  0.00000000000000000D+00  0.00000000000000000D+00
38  3  0.00000000000000000D+00  0.00000000000000000D+00  0.00000000000000000D+00 -4.43089407990328500D-17 -7.23643816818863700D-01
38  4  0.00000000000000000D+00 -3.69566741130304100D-18 -6.03568224151004000D-02  0.00000000000000000D+00  0.00000000000000000D+00
38  5  0.00000000000000000D+00  0.00000000000000000D+00  0.00000000000000000D+00  4.55256593125810400D-17  7.43514994356861000D-01
38  6  0.00000000000000000D+00  0.00000000000000000D+00  0.00000000000000000D+00 -5.94721574617422800D-17 -9.71286116164777100D-01
38  7  0.00000000000000000D+00  8.72020691208472400D-17  1.42416489753891100D+00  0.00000000000000000D+00  0.00000000000000000D+00
38  8  0.00000000000000000D+00  0.00000000000000000D+00  0.00000000000000000D+00  2.77263173509731500D-19  4.52820079929043100D-03
38  9  0.00000000000000000D+00 -4.83400664555955100D-17 -7.89479269068156100D-01  0.00000000000000000D+00  0.00000000000000000D+00
38 10  0.00000000000000000D+00  0.00000000000000000D+00  0.00000000000000000D+00 -7.28363376905931400D-18 -1.18954695054861100D-01
39  1  0.00000000000000000D+00  0.00000000000000000D+00  0.00000000000000000D+00  3.85467622695246600D-02 -2.36023049972702900D-18
39  2  0.00000000000000000D+00  2.37115217625134300D-01 -1.45186401045857600D-17  0.00000000000000000D+00  0.00000000000000000D+00
39  3  0.00000000000000000D+00  0.00000000000000000D+00  0.00000000000000000D+00 -7.23643816818894000D-01  4.43089407990347000D-17
39  4  0.00000000000000000D+00 -6.03568224151039300D-02  3.69566741130325800D-18  0.00000000000000000D+00  0.00000000000000000D+00
39  5  0.00000000000000000D+00  0.00000000000000000D+00  0.00000000000000000D+00  7.43514994356902600D-01 -4.55256593125836000D-17
39  6  0.00000000000000000D+00  0.00000000000000000D+00  0.00000000000000000D+00 -9.71286116164774800D-01  5.94721574617421500D-17
39  7  0.00000000000000000D+00  1.42416489753891500D+00 -8.72020691208475300D-17  0.00000000000000000D+00  0.00000000000000000D+00
39  8  0.00000000000000000D+00  0.00000000000000000D+00  0.00000000000000000D+00  4.52820079929060200D-03 -2.77263173509741900D-19
39  9  0.00000000000000000D+00 -7.89479269068179400D-01  4.83400664555969400D-17  0.00000000000000000D+00  0.00000000000000000D+00
39 10  0.00000000000000000D+00  0.00000000000000000D+00  0.00000000000000000D+00 -1.18954695054861900D-01  7.28363376905935900D-18
40  1  2.01528142127752100D+00  8.32977888450598100D+00 -4.80229749956677800D+00  0.00000000000000000D+00  0.00000000000000000D+00
40  2  5.84503932446488000D+00  0.00000000000000000D+00  0.00000000000000000D+00 -3.29201202324008200D+00 -6.15887711694251000D-01
40  3 -6.15887711694250200D-01  1.23177542338850100D+00  6.16297582203915500D-32  0.00000000000000000D+00  0.00000000000000000D+00
40  4  1.04331470315501400D-01  0.00000000000000000D+00  0.00000000000000000D+00  5.35684427970917000D-02 -1.96046479616467600D-02
40  5 -1.96046479616450300D-02  3.92092959232935800D-02  1.21911365479712000D-31  0.00000000000000000D+00  0.00000000000000000D+00
40  6  4.75308682118397200D-02  1.17272532110165800D-01  2.03679916369079500D-02  0.00000000000000000D+00  0.00000000000000000D+00
40  7 -8.85924846591727100D-01  0.00000000000000000D+00  0.00000000000000000D+00  1.65895299420493700D+00 -2.82075944952382900D-03
40  8 -2.82075944950908400D-03  5.64151889903151200D-03  1.04255402714542000D-30  0.00000000000000000D+00  0.00000000000000000D+00
40  9 -5.07489819105426200D+00  0.00000000000000000D+00  0.00000000000000000D+00  1.42481240286329400D+00  2.01295882137986900D-01
40 10  2.01295882137970300D-01 -4.02591764275957100D-01 -1.17712838200947900D-30  0.00000000000000000D+00  0.00000000000000000D+00
41  1  3.71991754492821300D-01  1.27783990565142700D+00 -2.97016545906706100D-01  0.00000000000000000D+00  0.00000000000000000D+00
41  2  5.87690360822258500D-01  0.00000000000000000D+00  0.00000000000000000D+00  1.74894313694207300D-02  2.81034307737315400D-01
41  3  2.81034307737315900D-01 -5.62068615474630600D-01  3.69778549322349300D-32  0.00000000000000000D+00  0.00000000000000000D+00
41  4 -7.55589798431572400D-02  0.00000000000000000D+00  0.00000000000000000D+00 -8.61865146631300400D-02 -2.84697031501718700D-01
41  5 -2.84697031501720300D-01  5.69394063003438400D-01 -1.14015052707724400D-31  0.00000000000000000D+00  0.00000000000000000D+00
41  6 -8.14750183586750000D-01 -1.86248998625416200D+00  2.77936197338069900D+00  0.00000000000000000D+00  0.00000000000000000D+00
41  7 -7.75184027596341500D-03  0.00000000000000000D+00  0.00000000000000000D+00 -3.76141957321801500D-02  9.04440711209925400D-03
41  8  9.04440711208941300D-03 -1.80888142241895800D-02 -6.95838488907108300D-31  0.00000000000000000D+00  0.00000000000000000D+00
41  9 -2.18340380142795600D+00  0.00000000000000000D+00  0.00000000000000000D+00  3.98972925049512000D-01  5.56561622057640700D-02
41 10  5.56561622057739900D-02 -1.11312324411538100D-01  7.01808871734708700D-31  0.00000000000000000D+00  0.00000000000000000D+00
42  1  0.00000000000000000D+00  0.00000000000000000D+00  0.00000000000000000D+00  0.00000000000000000D+00  0.00000000000000000D+00
42  2  0.00000000000000000D+00  0.00000000000000000D+00  0.00000000000000000D+00  0.00000000000000000D+00 -8.21905293792485200D-18
42  3  8.21905293792485200D-18  0.00000000000000000D+00 -7.74987392705128500D-02  0.00000000000000000D+00  0.00000000000000000D+00
42  4  0.00000000000000000D+00  0.00000000000000000D+00  0.00000000000000000D+00  0.00000000000000000D+00  2.23219375588838500D-18
42  5 -2.23219375588838500D-18  0.00000000000000000D+00  2.10477050330981100D-02  0.00000000000000000D+00  0.00000000000000000D+00
42  6  0.00000000000000000D+00  0.00000000000000000D+00  0.00000000000000000D+00  0.00000000000000000D+00  0.00000000000000000D+00
42  7  0.00000000000000000D+00  0.00000000000000000D+00  0.00000000000000000D+00  0.00000000000000000D+00 -1.24325605660390100D-16
42  8  1.24325605660390100D-16  0.00000000000000000D+00 -1.17228563564354300D+00  0.00000000000000000D+00  0.00000000000000000D+00
42  9  0.00000000000000000D+00  0.00000000000000000D+00  0.00000000000000000D+00  0.00000000000000000D+00  6.27205743291379100D-17
42 10 -6.27205743291379100D-17  0.00000000000000000D+00  5.91402132769073800D-01  0.00000000000000000D+00  0.00000000000000000D+00
43  1  0.00000000000000000D+00  0.00000000000000000D+00  0.00000000000000000D+00  0.00000000000000000D+00  0.00000000000000000D+00
43  2  0.00000000000000000D+00  0.00000000000000000D+00  0.00000000000000000D+00  0.00000000000000000D+00 -6.71158769695656500D-02
43  3  6.71158769695580400D-02  0.00000000000000000D+00  9.49054485239375400D-18  0.00000000000000000D+00  0.00000000000000000D+00
43  4  0.00000000000000000D+00  0.00000000000000000D+00  0.00000000000000000D+00  0.00000000000000000D+00  1.82278472500309900D-02
43  5 -1.82278472500198900D-02  0.00000000000000000D+00 -2.57751533169123900D-18  0.00000000000000000D+00  0.00000000000000000D+00
43  6  0.00000000000000000D+00  0.00000000000000000D+00  0.00000000000000000D+00  0.00000000000000000D+00  0.00000000000000000D+00
43  7  0.00000000000000000D+00  0.00000000000000000D+00  0.00000000000000000D+00  0.00000000000000000D+00 -1.01522914095901100D+00
43  8  1.01522914095904100D+00  0.00000000000000000D+00  1.43558843790396800D-16  0.00000000000000000D+00  0.00000000000000000D+00
43  9  0.00000000000000000D+00  0.00000000000000000D+00  0.00000000000000000D+00  0.00000000000000000D+00  5.12169270830570800D-01
43 10 -5.12169270830603300D-01  0.00000000000000000D+00 -7.24234809453496000D-17  0.00000000000000000D+00  0.00000000000000000D+00
44  1 -5.15030218144520200D-01 -1.89174634768001200D+00  1.13677047635732000D+00  0.00000000000000000D+00  0.00000000000000000D+00
44  2 -1.13000181987092200D+00  0.00000000000000000D+00  0.00000000000000000D+00  6.72327182381794200D-01  6.54532369112794800D-02
44  3  6.54532369112690300D-02 -1.30906473822548700D-01 -7.38786726666943700D-31  0.00000000000000000D+00  0.00000000000000000D+00
44  4 -2.24323824716419800D-02  0.00000000000000000D+00  0.00000000000000000D+00 -1.46580677987530400D-02  1.73277180443614300D-02
44  5  1.73277180443394200D-02 -3.46554360887015200D-02 -1.55653658105376400D-30  0.00000000000000000D+00  0.00000000000000000D+00
44  6  2.91668561365933800D-02  6.06977288103307100D-02 -1.68039706294508900D-01  0.00000000000000000D+00  0.00000000000000000D+00
44  7  1.92145214097625900D-02  0.00000000000000000D+00  0.00000000000000000D+00 -8.87609952288992400D-02  5.91654690514959100D-01
44  8  5.91654690514777300D-01 -1.18330938102973700D+00 -1.28559675647736800D-29  0.00000000000000000D+00  0.00000000000000000D+00
44  9  1.08571005314025200D+00  0.00000000000000000D+00  0.00000000000000000D+00 -4.82383955922894000D-01 -3.31119814020543200D-01
44 10 -3.31119814020351800D-01  6.62239628040895100D-01  1.35369763931090000D-29  0.00000000000000000D+00  0.00000000000000000D+00
45  1  0.00000000000000000D+00  0.00000000000000000D+00  0.00000000000000000D+00  3.16532203735831600D-01 -1.93813673942149300D-17
45  2  0.00000000000000000D+00 -1.93581051636222100D-01  1.18530292906667600D-17  0.00000000000000000D+00  0.00000000000000000D+00
45  3  0.00000000000000000D+00  0.00000000000000000D+00  0.00000000000000000D+00  2.76130963012483300D-01 -1.69075865896089400D-17
45  4  0.00000000000000000D+00  1.08520118724504000D-02 -6.64472134537931600D-19  0.00000000000000000D+00  0.00000000000000000D+00
45  5  0.00000000000000000D+00  0.00000000000000000D+00  0.00000000000000000D+00 -1.19372295691651500D-01  7.30920358871800300D-18
45  6  0.00000000000000000D+00  0.00000000000000000D+00  0.00000000000000000D+00  9.90776613768076300D-03 -6.06655668219502800D-19
45  7  0.00000000000000000D+00 -4.14737945238982800D-02  2.53945361455447700D-18  0.00000000000000000D+00  0.00000000000000000D+00
45  8  0.00000000000000000D+00  0.00000000000000000D+00  0.00000000000000000D+00 -1.18815356520010000D+00  7.27510202630376100D-17
45  9  0.00000000000000000D+00 -1.51194545904739000D-01  9.25769007891162100D-18  0.00000000000000000D+00  0.00000000000000000D+00
45 10  0.00000000000000000D+00  0.00000000000000000D+00  0.00000000000000000D+00  6.71570815365112900D-01 -4.11204943768895900D-17
46  1  0.00000000000000000D+00  0.00000000000000000D+00  0.00000000000000000D+00  1.93813673942153000D-17  3.16532203735837600D-01
46  2  0.00000000000000000D+00 -1.18530292906669700D-17 -1.93581051636225500D-01  0.00000000000000000D+00  0.00000000000000000D+00
46  3  0.00000000000000000D+00  0.00000000000000000D+00  0.00000000000000000D+00  1.69075865896091900D-17  2.76130963012487400D-01
46  4  0.00000000000000000D+00  6.64472134537913500D-19  1.08520118724501000D-02  0.00000000000000000D+00  0.00000000000000000D+00
46  5  0.00000000000000000D+00  0.00000000000000000D+00  0.00000000000000000D+00 -7.30920358871802500D-18 -1.19372295691651900D-01
46  6  0.00000000000000000D+00  0.00000000000000000D+00  0.00000000000000000D+00  6.06655668219513800D-19  9.90776613768094100D-03
46  7  0.00000000000000000D+00 -2.53945361455445500D-18 -4.14737945238979200D-02  0.00000000000000000D+00  0.00000000000000000D+00
46  8  0.00000000000000000D+00  0.00000000000000000D+00  0.00000000000000000D+00 -7.27510202630376300D-17 -1.18815356520010000D+00
46  9  0.00000000000000000D+00 -9.25769007891188300D-18 -1.51194545904743200D-01  0.00000000000000000D+00  0.00000000000000000D+00
46 10  0.00000000000000000D+00  0.00000000000000000D+00  0.00000000000000000D+00  4.11204943768897500D-17  6.71570815365115500D-01
47  1  0.00000000000000000D+00  0.00000000000000000D+00  0.00000000000000000D+00  0.00000000000000000D+00  0.00000000000000000D+00
47  2  0.00000000000000000D+00  0.00000000000000000D+00  0.00000000000000000D+00  0.00000000000000000D+00  0.00000000000000000D+00
47  3  0.00000000000000000D+00  0.00000000000000000D+00  0.00000000000000000D+00  0.00000000000000000D+00  0.00000000000000000D+00
47  4  0.00000000000000000D+00  0.00000000000000000D+00  0.00000000000000000D+00  0.00000000000000000D+00  4.47213595499958000D-01
47  5  4.47213595499954900D-01  4.47213595499956300D-01  0.00000000000000000D+00  0.00000000000000000D+00  0.00000000000000000D+00
47  6  0.00000000000000000D+00  0.00000000000000000D+00  0.00000000000000000D+00  0.00000000000000000D+00  0.00000000000000000D+00
47  7  0.00000000000000000D+00  0.00000000000000000D+00  0.00000000000000000D+00  0.00000000000000000D+00  0.00000000000000000D+00
47  8  0.00000000000000000D+00  0.00000000000000000D+00  0.00000000000000000D+00  0.00000000000000000D+00  0.00000000000000000D+00
47  9  0.00000000000000000D+00  0.00000000000000000D+00  0.00000000000000000D+00  0.00000000000000000D+00  0.00000000000000000D+00
47 10  0.00000000000000000D+00  0.00000000000000000D+00  0.00000000000000000D+00  0.00000000000000000D+00  0.00000000000000000D+00
48  1  0.00000000000000000D+00  0.00000000000000000D+00  0.00000000000000000D+00  0.00000000000000000D+00  0.00000000000000000D+00
48  2  0.00000000000000000D+00  0.00000000000000000D+00  0.00000000000000000D+00  0.00000000000000000D+00 -4.47213595499955800D-01
48  3 -4.47213595499957700D-01 -4.47213595499956900D-01  0.00000000000000000D+00  0.00000000000000000D+00  0.00000000000000000D+00
48  4  0.00000000000000000D+00  0.00000000000000000D+00  0.00000000000000000D+00  0.00000000000000000D+00  0.00000000000000000D+00
48  5  0.00000000000000000D+00  0.00000000000000000D+00  0.00000000000000000D+00  0.00000000000000000D+00  0.00000000000000000D+00
48  6  0.00000000000000000D+00  0.00000000000000000D+00  0.00000000000000000D+00  0.00000000000000000D+00  0.00000000000000000D+00
48  7  0.00000000000000000D+00  0.00000000000000000D+00  0.00000000000000000D+00  0.00000000000000000D+00  0.00000000000000000D+00
48  8  0.00000000000000000D+00  0.00000000000000000D+00  0.00000000000000000D+00  0.00000000000000000D+00  0.00000000000000000D+00
48  9  0.00000000000000000D+00  0.00000000000000000D+00  0.00000000000000000D+00  0.00000000000000000D+00  0.00000000000000000D+00
48 10  0.00000000000000000D+00  0.00000000000000000D+00  0.00000000000000000D+00  0.00000000000000000D+00  0.00000000000000000D+00
49  1  0.00000000000000000D+00  0.00000000000000000D+00  0.00000000000000000D+00  0.00000000000000000D+00  0.00000000000000000D+00
49  2  0.00000000000000000D+00  0.00000000000000000D+00  0.00000000000000000D+00  0.00000000000000000D+00  0.00000000000000000D+00
49  3  0.00000000000000000D+00  0.00000000000000000D+00  0.00000000000000000D+00  0.00000000000000000D+00  0.00000000000000000D+00
49  4  0.00000000000000000D+00  0.00000000000000000D+00  0.00000000000000000D+00  0.00000000000000000D+00  0.00000000000000000D+00
49  5  0.00000000000000000D+00  0.00000000000000000D+00  0.00000000000000000D+00  0.00000000000000000D+00  0.00000000000000000D+00
49  6  0.00000000000000000D+00  0.00000000000000000D+00  0.00000000000000000D+00  0.00000000000000000D+00  0.00000000000000000D+00
49  7  0.00000000000000000D+00  0.00000000000000000D+00  0.00000000000000000D+00  0.00000000000000000D+00  0.00000000000000000D+00
49  8  0.00000000000000000D+00  0.00000000000000000D+00  0.00000000000000000D+00  0.00000000000000000D+00  0.00000000000000000D+00
49  9  0.00000000000000000D+00  0.00000000000000000D+00  0.00000000000000000D+00  0.00000000000000000D+00  4.47213595499865600D-01
49 10  4.47213595500048000D-01  4.47213595499956800D-01  0.00000000000000000D+00  0.00000000000000000D+00  0.00000000000000000D+00
50  1  0.00000000000000000D+00  0.00000000000000000D+00  0.00000000000000000D+00  0.00000000000000000D+00  0.00000000000000000D+00
50  2  0.00000000000000000D+00  0.00000000000000000D+00  0.00000000000000000D+00  0.00000000000000000D+00  0.00000000000000000D+00
50  3  0.00000000000000000D+00  0.00000000000000000D+00  0.00000000000000000D+00  0.00000000000000000D+00  0.00000000000000000D+00
50  4  0.00000000000000000D+00  0.00000000000000000D+00  0.00000000000000000D+00  0.00000000000000000D+00  0.00000000000000000D+00
50  5  0.00000000000000000D+00  0.00000000000000000D+00  0.00000000000000000D+00  0.00000000000000000D+00  0.00000000000000000D+00
50  6  0.00000000000000000D+00  0.00000000000000000D+00  0.00000000000000000D+00  0.00000000000000000D+00  0.00000000000000000D+00
50  7  0.00000000000000000D+00  0.00000000000000000D+00  0.00000000000000000D+00  0.00000000000000000D+00 -4.47213595499869500D-01
50  8 -4.47213595500042900D-01 -4.47213595499955700D-01  0.00000000000000000D+00  0.00000000000000000D+00  0.00000000000000000D+00
50  9  0.00000000000000000D+00  0.00000000000000000D+00  0.00000000000000000D+00  0.00000000000000000D+00  0.00000000000000000D+00
50 10  0.00000000000000000D+00  0.00000000000000000D+00  0.00000000000000000D+00  0.00000000000000000D+00  0.00000000000000000D+00
 $END
 POPULATION ANALYSIS
LI           2.22962   0.77038   2.28149   0.71851
F            9.77038  -0.77038   9.71851  -0.71851
 MOMENTS AT POINT    1 X,Y,Z=  0.000000  0.000000  2.484132
 DIPOLE       0.000000  0.000000 -7.599531
- - - NO-S OF CI STATE  1 E=     -106.9747845907 CREATED  9:39:13  7-MAY-2026    
 $OCCNO 
    2.0000000000    2.0000000000    2.0000000000    1.9860591028    1.9860591028
    1.9858021701    0.0135887181    0.0133946125    0.0133946125    0.0008536191
    0.0003518586    0.0001806431    0.0001806431    0.0000399676    0.0000399669
    0.0000184140    0.0000184140    0.0000149485    0.0000006756    0.0000005136
    0.0000005136    0.0000004134    0.0000004134    0.0000003931    0.0000001891
    0.0000000320    0.0000000287    0.0000000287    0.0000000018    0.0000000013
    0.0000000013    0.0000000007
 $END   
 $VEC   
 1  1 -8.30182661477047600D-05 -4.06341009489006100D-05 -5.81372591928578100D-04  0.00000000000000000D+00  0.00000000000000000D+00
 1  2  2.88693934404883800D-04  0.00000000000000000D+00  0.00000000000000000D+00 -6.29262948975339900D-04 -4.46234414508722900D-04
 1  3 -4.46234414508061900D-04  8.92468829016665000D-04  0.00000000000000000D+00  0.00000000000000000D+00  0.00000000000000000D+00
 1  4  1.26980607274371200D-04  0.00000000000000000D+00  0.00000000000000000D+00  1.24812081853459100D-04  3.57464248970589800D-04
 1  5  3.57464248972140600D-04 -7.14928497942706500D-04  0.00000000000000000D+00  0.00000000000000000D+00  0.00000000000000000D+00
 1  6  1.00083192653527000D+00  8.11788632800242800D-04 -4.18020540877730800D-03  0.00000000000000000D+00  0.00000000000000000D+00
 1  7 -2.94236258498038400D-04  0.00000000000000000D+00  0.00000000000000000D+00  2.80810947254382000D-04  7.47596860381850600D-06
 1  8  7.47596861596024000D-06 -1.49519372197990100D-05  0.00000000000000000D+00  0.00000000000000000D+00  0.00000000000000000D+00
 1  9  1.95695835306770700D-03  0.00000000000000000D+00  0.00000000000000000D+00 -1.97409380317168800D-04 -1.55128094070362900D-05
 1 10 -1.55128094195531700D-05  3.10256188265912000D-05  0.00000000000000000D+00  0.00000000000000000D+00  0.00000000000000000D+00
 2  1  9.86269798079090500D-01 -5.50835519516690200D-02  2.48425534081590200D-02  0.00000000000000000D+00  0.00000000000000000D+00
 2  2 -5.31769724398430700D-02  0.00000000000000000D+00  0.00000000000000000D+00  3.22653070210365800D-02  4.51228258609797200D-03
 2  3  4.51228258610085500D-03 -9.02456517219862500D-03  0.00000000000000000D+00  0.00000000000000000D+00  0.00000000000000000D+00
 2  4  2.57685523626888700D-03  0.00000000000000000D+00  0.00000000000000000D+00 -1.12481862969034200D-03  5.21515290534736200D-04
 2  5  5.21515290540497600D-04 -1.04303058107527400D-03  0.00000000000000000D+00  0.00000000000000000D+00  0.00000000000000000D+00
 2  6 -2.01581657997703200D-04  4.75213889729198800D-03  4.14257442019995600D-03  0.00000000000000000D+00  0.00000000000000000D+00
 2  7 -4.10450290304260600D-03  0.00000000000000000D+00  0.00000000000000000D+00 -5.75464159959729500D-03 -3.47472495144302100D-04
 2  8 -3.47472495088512100D-04  6.94944990232987300D-04  0.00000000000000000D+00  0.00000000000000000D+00  0.00000000000000000D+00
 2  9  3.93450265597664500D-02  0.00000000000000000D+00  0.00000000000000000D+00 -1.36400237809116100D-02 -1.68764901216644600D-04
 2 10 -1.68764901272399900D-04  3.37529802489050700D-04  0.00000000000000000D+00  0.00000000000000000D+00  0.00000000000000000D+00
 3  1  2.30799752849786100D-02 -6.40892612252156200D-02  3.65186017320606300D-02  0.00000000000000000D+00  0.00000000000000000D+00
 3  2 -5.73892967513490700D-02  0.00000000000000000D+00  0.00000000000000000D+00  3.64919533215274200D-02  2.83448117089189700D-03
 3  3  2.83448117089096400D-03 -5.66896234178279300D-03  0.00000000000000000D+00  0.00000000000000000D+00  0.00000000000000000D+00
 3  4  4.02262952036516300D-04  0.00000000000000000D+00  0.00000000000000000D+00 -1.43480875205913900D-03  2.21687466369224000D-03
 3  5  2.21687466369200100D-03 -4.43374932738433600D-03  0.00000000000000000D+00  0.00000000000000000D+00  0.00000000000000000D+00
 3  6  8.09768932817540200D-03 -4.86713653827982200D-01 -5.61055856187515500D-01  0.00000000000000000D+00  0.00000000000000000D+00
 3  7  1.28419296578177900D-02  0.00000000000000000D+00  0.00000000000000000D+00  2.18224999577514300D-02  2.07101126856604600D-04
 3  8  2.07101126848425000D-04 -4.14202253704933100D-04  0.00000000000000000D+00  0.00000000000000000D+00  0.00000000000000000D+00
 3  9 -1.15153857600918000D-02  0.00000000000000000D+00  0.00000000000000000D+00 -1.17652119072698900D-02  3.49194188942672000D-03
 3 10  3.49194188943490500D-03 -6.98388377886162600D-03  0.00000000000000000D+00  0.00000000000000000D+00  0.00000000000000000D+00
 4  1  0.00000000000000000D+00  0.00000000000000000D+00  0.00000000000000000D+00  1.12316325809712300D-08  1.28728622904121700D-01
 4  2  0.00000000000000000D+00 -7.43999500919454700D-09 -8.52716917072233700D-02  0.00000000000000000D+00  0.00000000000000000D+00
 4  3  0.00000000000000000D+00  0.00000000000000000D+00  0.00000000000000000D+00  3.04481762062714300D-09  3.48974405576291300D-02
 4  4  0.00000000000000000D+00  5.37558180483231400D-10  6.16109219191900600D-03  0.00000000000000000D+00  0.00000000000000000D+00
 4  5  0.00000000000000000D+00  0.00000000000000000D+00  0.00000000000000000D+00 -7.19250453756089800D-10 -8.24351835308042100D-03
 4  6  0.00000000000000000D+00  0.00000000000000000D+00  0.00000000000000000D+00  5.46809094347224600D-08  6.26711919847963600D-01
 4  7  0.00000000000000000D+00  3.89793102904020600D-08  4.46751866598231300D-01  0.00000000000000000D+00  0.00000000000000000D+00
 4  8  0.00000000000000000D+00  0.00000000000000000D+00  0.00000000000000000D+00 -1.81743863454143500D-10 -2.08301305446608600D-03
 4  9  0.00000000000000000D+00  9.36171424921544400D-09  1.07297007450787300D-01  0.00000000000000000D+00  0.00000000000000000D+00
 4 10  0.00000000000000000D+00  0.00000000000000000D+00  0.00000000000000000D+00 -1.34632862855326700D-09 -1.54306174031502500D-02
 5  1  0.00000000000000000D+00  0.00000000000000000D+00  0.00000000000000000D+00 -1.28728622904122200D-01  1.12316328032053500D-08
 5  2  0.00000000000000000D+00  8.52716917072233500D-02 -7.43999522664064200D-09  0.00000000000000000D+00  0.00000000000000000D+00
 5  3  0.00000000000000000D+00  0.00000000000000000D+00  0.00000000000000000D+00 -3.48974405576316100D-02  3.04481878339982700D-09
 5  4  0.00000000000000000D+00 -6.16109219191864600D-03  5.37558205944110000D-10  0.00000000000000000D+00  0.00000000000000000D+00
 5  5  0.00000000000000000D+00  0.00000000000000000D+00  0.00000000000000000D+00  8.24351835308295000D-03 -7.19251471098259500D-10
 5  6  0.00000000000000000D+00  0.00000000000000000D+00  0.00000000000000000D+00 -6.26711919847964000D-01  5.46809093257674200D-08
 5  7  0.00000000000000000D+00 -4.46751866598230400D-01  3.89793100848864500D-08  0.00000000000000000D+00  0.00000000000000000D+00
 5  8  0.00000000000000000D+00  0.00000000000000000D+00  0.00000000000000000D+00  2.08301305446600000D-03 -1.81743872188996700D-10
 5  9  0.00000000000000000D+00 -1.07297007450787100D-01  9.36171450508040400D-09  0.00000000000000000D+00  0.00000000000000000D+00
 5 10  0.00000000000000000D+00  0.00000000000000000D+00  0.00000000000000000D+00  1.54306174031505900D-02 -1.34632860000615100D-09
 6  1 -1.54142892883544100D-02  3.39033778231777900D-01 -1.74730839700198600D-01  0.00000000000000000D+00  0.00000000000000000D+00
 6  2  3.16890803257900800D-01  0.00000000000000000D+00  0.00000000000000000D+00 -1.92656294857128600D-01 -8.93749335184836100D-03
 6  3 -8.93749335180540500D-03  1.78749867036536900D-02  0.00000000000000000D+00  0.00000000000000000D+00  0.00000000000000000D+00
 6  4 -1.96785441610929200D-03  0.00000000000000000D+00  0.00000000000000000D+00  7.86653090883044200D-03 -1.44191264391927500D-02
 6  5 -1.44191264393108400D-02  2.88382528785034800D-02  0.00000000000000000D+00  0.00000000000000000D+00  0.00000000000000000D+00
 6  6 -6.00656539369159600D-03 -4.04670174063945700D-02 -2.68866029214506100D-02  0.00000000000000000D+00  0.00000000000000000D+00
 6  7 -6.19899014007666700D-01  0.00000000000000000D+00  0.00000000000000000D+00 -4.47585915040418100D-01 -8.82480053511175200D-04
 6  8 -8.82480053525235400D-04  1.76496010703649800D-03  0.00000000000000000D+00  0.00000000000000000D+00  0.00000000000000000D+00
 6  9 -1.76677241503316800D-01  0.00000000000000000D+00  0.00000000000000000D+00 -5.02176824707651900D-02 -1.09396232233006500D-02
 6 10 -1.09396232232866900D-02  2.18792464465873300D-02  0.00000000000000000D+00  0.00000000000000000D+00  0.00000000000000000D+00
 7  1 -6.85697767549292900D-01 -3.87854790554926900D+00  2.04847665623542000D+00  0.00000000000000000D+00  0.00000000000000000D+00
 7  2 -3.33506601194487000D+00  0.00000000000000000D+00  0.00000000000000000D+00  1.86266152894236400D+00  2.50979244966054500D-01
 7  3  2.50979244965769100D-01 -5.01958489931823200D-01  0.00000000000000000D+00  0.00000000000000000D+00  0.00000000000000000D+00
 7  4 -2.09532519629982600D-02  0.00000000000000000D+00  0.00000000000000000D+00 -4.50195436192591700D-02  1.09049660171323800D-01
 7  5  1.09049660172004900D-01 -2.18099320343329700D-01  0.00000000000000000D+00  0.00000000000000000D+00  0.00000000000000000D+00
 7  6 -2.33438536060550100D-03  3.87107803160799000D-02  8.07138917373170800D-02  0.00000000000000000D+00  0.00000000000000000D+00
 7  7 -3.32259155048810000D-01  0.00000000000000000D+00  0.00000000000000000D+00 -4.84862332531502800D-01 -1.96668091071295000D-03
 7  8 -1.96668091062364800D-03  3.93336182133724000D-03  0.00000000000000000D+00  0.00000000000000000D+00  0.00000000000000000D+00
 7  9  2.46063831921919700D+00  0.00000000000000000D+00  0.00000000000000000D+00  7.76845464114855900D-02  6.66561444306115700D-02
 7 10  6.66561444305193300D-02 -1.33312288861130900D-01  0.00000000000000000D+00  0.00000000000000000D+00  0.00000000000000000D+00
 8  1  0.00000000000000000D+00  0.00000000000000000D+00  0.00000000000000000D+00 -1.30175656896474900D-05 -5.32033215556313400D-01
 8  2  0.00000000000000000D+00  1.32322867794803700D-05  5.40808955634647300D-01  0.00000000000000000D+00  0.00000000000000000D+00
 8  3  0.00000000000000000D+00  0.00000000000000000D+00  0.00000000000000000D+00 -1.63486482852756600D-05 -6.68175917504452500D-01
 8  4  0.00000000000000000D+00 -1.70891930291095100D-06 -6.98442324967041800D-02  0.00000000000000000D+00  0.00000000000000000D+00
 8  5  0.00000000000000000D+00  0.00000000000000000D+00  0.00000000000000000D+00  1.39770789546441800D-05  5.71248911928211600D-01
 8  6  0.00000000000000000D+00  0.00000000000000000D+00  0.00000000000000000D+00  6.39677286684818300D-06  2.61438713940802500D-01
 8  7  0.00000000000000000D+00  1.10029968671600000D-05  4.49696965991283100D-01  0.00000000000000000D+00  0.00000000000000000D+00
 8  8  0.00000000000000000D+00  0.00000000000000000D+00  0.00000000000000000D+00  8.91948238866973500D-08  3.64542880142903800D-03
 8  9  0.00000000000000000D+00 -2.51083212024584500D-05 -1.02618731961689400D+00  0.00000000000000000D+00  0.00000000000000000D+00
 8 10  0.00000000000000000D+00  0.00000000000000000D+00  0.00000000000000000D+00 -2.05023641977004000D-07 -8.37939979371878100D-03
 9  1  0.00000000000000000D+00  0.00000000000000000D+00  0.00000000000000000D+00  5.32033215556387400D-01 -1.30175657090550000D-05
 9  2  0.00000000000000000D+00 -5.40808955634576900D-01  1.32322868387589800D-05  0.00000000000000000D+00  0.00000000000000000D+00
 9  3  0.00000000000000000D+00  0.00000000000000000D+00  0.00000000000000000D+00  6.68175917504339700D-01 -1.63486482744044300D-05
 9  4  0.00000000000000000D+00  6.98442324965765400D-02 -1.70891940454452300D-06  0.00000000000000000D+00  0.00000000000000000D+00
 9  5  0.00000000000000000D+00  0.00000000000000000D+00  0.00000000000000000D+00 -5.71248911928117400D-01  1.39770789301185800D-05
 9  6  0.00000000000000000D+00  0.00000000000000000D+00  0.00000000000000000D+00 -2.61438713940804800D-01  6.39677286688003800D-06
 9  7  0.00000000000000000D+00 -4.49696965991256600D-01  1.10029968669005000D-05  0.00000000000000000D+00  0.00000000000000000D+00
 9  8  0.00000000000000000D+00  0.00000000000000000D+00  0.00000000000000000D+00 -3.64542880142855300D-03  8.91948238843126100D-08
 9  9  0.00000000000000000D+00  1.02618731961682500D+00 -2.51083211949531900D-05  0.00000000000000000D+00  0.00000000000000000D+00
 9 10  0.00000000000000000D+00  0.00000000000000000D+00  0.00000000000000000D+00  8.37939979371787900D-03 -2.05023641820501500D-07
10  1 -4.54102724413586200D-01 -1.48112979641680100D+00  3.93395571562458200D-01  0.00000000000000000D+00  0.00000000000000000D+00
10  2 -8.32038273864111900D-01  0.00000000000000000D+00  0.00000000000000000D+00  1.31377969791599300D-01 -2.30097556182380500D-01
10  3 -2.30097556182447600D-01  4.60195112364827700D-01  0.00000000000000000D+00  0.00000000000000000D+00  0.00000000000000000D+00
10  4  7.65263515249548500D-02  0.00000000000000000D+00  0.00000000000000000D+00  7.65685278936399800D-02  2.71832755868067900D-01
10  5  2.71832755868220200D-01 -5.43665511736288500D-01  0.00000000000000000D+00  0.00000000000000000D+00  0.00000000000000000D+00
10  6  5.20621541333480000D-02 -9.31528476397201900D-02 -1.12840099645446200D+00  0.00000000000000000D+00  0.00000000000000000D+00
10  7 -4.92693947563186400D-02  0.00000000000000000D+00  0.00000000000000000D+00  4.89410234827464400D-02 -2.85778830365944700D-03
10  8 -2.85778830364477300D-03  5.71557660730469300D-03  0.00000000000000000D+00  0.00000000000000000D+00  0.00000000000000000D+00
10  9  2.73025974767763800D+00  0.00000000000000000D+00  0.00000000000000000D+00 -3.12047966706665500D-01  7.02158548714092400D-02
10 10  7.02158548713917000D-02 -1.40431709742800900D-01  0.00000000000000000D+00  0.00000000000000000D+00  0.00000000000000000D+00
11  1  2.00192211584844500D+00  8.38626069334874000D+00 -5.47537733916091100D+00  0.00000000000000000D+00  0.00000000000000000D+00
11  2  4.57917314383029500D+00  0.00000000000000000D+00  0.00000000000000000D+00 -2.92736638768150200D+00 -5.49965506736836200D-01
11  3 -5.49965506736982100D-01  1.09993101347381900D+00  0.00000000000000000D+00  0.00000000000000000D+00  0.00000000000000000D+00
11  4  1.84157511131728700D-01  0.00000000000000000D+00  0.00000000000000000D+00  9.04044911174482900D-02  1.83415604188900700D-01
11  5  1.83415604189231600D-01 -3.66831208378130200D-01  0.00000000000000000D+00  0.00000000000000000D+00  0.00000000000000000D+00
11  6 -1.30133693692441500D-03 -3.02953302746949100D-02  3.32334879761979300D-02  0.00000000000000000D+00  0.00000000000000000D+00
11  7  1.28289277525669700D-01  0.00000000000000000D+00  0.00000000000000000D+00 -1.19981754858833400D-01  5.93517967536627600D-03
11  8  5.93517967521742500D-03 -1.18703593505855500D-02  0.00000000000000000D+00  0.00000000000000000D+00  0.00000000000000000D+00
11  9 -3.78280009796052500D+00  0.00000000000000000D+00  0.00000000000000000D+00  2.68250887704131000D+00 -1.74976802691064900D-01
11 10 -1.74976802690902700D-01  3.49953605381967600D-01  0.00000000000000000D+00  0.00000000000000000D+00  0.00000000000000000D+00
12  1  0.00000000000000000D+00  0.00000000000000000D+00  0.00000000000000000D+00 -1.07405987733205700D-02  2.04971458926320300D+00
12  2  0.00000000000000000D+00  6.33153301668971900D-03 -1.20829721605842500D+00  0.00000000000000000D+00  0.00000000000000000D+00
12  3  0.00000000000000000D+00  0.00000000000000000D+00  0.00000000000000000D+00 -6.85104293147835400D-03  1.30743945922447100D+00
12  4  0.00000000000000000D+00 -2.82528887853175700D-04  5.39172531714331600D-02  0.00000000000000000D+00  0.00000000000000000D+00
12  5  0.00000000000000000D+00  0.00000000000000000D+00  0.00000000000000000D+00  2.09984102606999100D-03 -4.00729501316162400D-01
12  6  0.00000000000000000D+00  0.00000000000000000D+00  0.00000000000000000D+00 -8.91786249295904800D-06  1.70186720691777000D-03
12  7  0.00000000000000000D+00 -3.13403730184633900D-04  5.98093468949791900D-02  0.00000000000000000D+00  0.00000000000000000D+00
12  8  0.00000000000000000D+00  0.00000000000000000D+00  0.00000000000000000D+00  1.04736766169245700D-04 -1.99877569404083500D-02
12  9  0.00000000000000000D+00  7.49009315168275300D-03 -1.42939453671700800D+00  0.00000000000000000D+00  0.00000000000000000D+00
12 10  0.00000000000000000D+00  0.00000000000000000D+00  0.00000000000000000D+00 -2.55462054253138100D-04  4.87518722885756900D-02
13  1  0.00000000000000000D+00  0.00000000000000000D+00  0.00000000000000000D+00 -2.04971458926190300D+00 -1.07405987724197000D-02
13  2  0.00000000000000000D+00  1.20829721605798600D+00  6.33153301612299100D-03  0.00000000000000000D+00  0.00000000000000000D+00
13  3  0.00000000000000000D+00  0.00000000000000000D+00  0.00000000000000000D+00 -1.30743945922637500D+00 -6.85104293281893800D-03
13  4  0.00000000000000000D+00 -5.39172531714674100D-02 -2.82528887809969600D-04  0.00000000000000000D+00  0.00000000000000000D+00
13  5  0.00000000000000000D+00  0.00000000000000000D+00  0.00000000000000000D+00  4.00729501318640500D-01  2.09984102802945000D-03
13  6  0.00000000000000000D+00  0.00000000000000000D+00  0.00000000000000000D+00 -1.70186720688970900D-03 -8.91786248048844600D-06
13  7  0.00000000000000000D+00 -5.98093468947531700D-02 -3.13403730052788800D-04  0.00000000000000000D+00  0.00000000000000000D+00
13  8  0.00000000000000000D+00  0.00000000000000000D+00  0.00000000000000000D+00  1.99877569404143900D-02  1.04736766174268000D-04
13  9  0.00000000000000000D+00  1.42939453671585900D+00  7.49009315087941400D-03  0.00000000000000000D+00  0.00000000000000000D+00
13 10  0.00000000000000000D+00  0.00000000000000000D+00  0.00000000000000000D+00 -4.87518722886146200D-02 -2.55462054281295000D-04
14  1  0.00000000000000000D+00  0.00000000000000000D+00  1.47296427336909600D-11  0.00000000000000000D+00  2.60550235698695100D-11
14  2  3.14852199245819900D-11  0.00000000000000000D+00  0.00000000000000000D+00  0.00000000000000000D+00  1.10887343747814300D+00
14  3 -1.10887343751282400D+00  3.48886512587407200D-11  1.14252350014077900D-09  0.00000000000000000D+00 -3.98274316265745600D-11
14  4  0.00000000000000000D+00  1.19969095522911300D-11 -1.61527945215826400D-11  0.00000000000000000D+00 -2.71053706253678900D-01
14  5  2.71053706260408000D-01  0.00000000000000000D+00 -2.79262816263265000D-10  0.00000000000000000D+00  4.18508634562042100D-11
14  6  0.00000000000000000D+00  0.00000000000000000D+00  0.00000000000000000D+00  0.00000000000000000D+00  0.00000000000000000D+00
14  7  0.00000000000000000D+00  0.00000000000000000D+00  0.00000000000000000D+00  0.00000000000000000D+00  5.71280561221469200D-03
14  8 -5.71280561216833000D-03  0.00000000000000000D+00  0.00000000000000000D+00  0.00000000000000000D+00  0.00000000000000000D+00
14  9 -2.63823914468493600D-11  0.00000000000000000D+00 -2.27471823805570900D-11  0.00000000000000000D+00 -6.36372306203043800D-03
14 10  6.36372306158722100D-03  0.00000000000000000D+00  0.00000000000000000D+00  0.00000000000000000D+00  0.00000000000000000D+00
15  1  0.00000000000000000D+00  0.00000000000000000D+00  0.00000000000000000D+00  0.00000000000000000D+00  0.00000000000000000D+00
15  2  0.00000000000000000D+00  0.00000000000000000D+00  0.00000000000000000D+00  0.00000000000000000D+00 -9.89358802023462300D-10
15  3  9.89590770937559400D-10  0.00000000000000000D+00  1.28043174573705800D+00  0.00000000000000000D+00  0.00000000000000000D+00
15  4  0.00000000000000000D+00  0.00000000000000000D+00  0.00000000000000000D+00  0.00000000000000000D+00  2.41640957471207100D-10
15  5 -2.42103624408981300D-10  0.00000000000000000D+00 -3.13003131525446000D-01  0.00000000000000000D+00  0.00000000000000000D+00
15  6  0.00000000000000000D+00  0.00000000000000000D+00  0.00000000000000000D+00  0.00000000000000000D+00  0.00000000000000000D+00
15  7  0.00000000000000000D+00  0.00000000000000000D+00  0.00000000000000000D+00  0.00000000000000000D+00  0.00000000000000000D+00
15  8  0.00000000000000000D+00  0.00000000000000000D+00  6.59658903074464600D-03  0.00000000000000000D+00  0.00000000000000000D+00
15  9  0.00000000000000000D+00  0.00000000000000000D+00  0.00000000000000000D+00  0.00000000000000000D+00  0.00000000000000000D+00
15 10  0.00000000000000000D+00  0.00000000000000000D+00 -7.34820777093067200D-03  0.00000000000000000D+00  0.00000000000000000D+00
16  1  0.00000000000000000D+00  0.00000000000000000D+00  0.00000000000000000D+00  1.35670748513389000D+00  2.11371665595823700D-02
16  2  0.00000000000000000D+00 -1.11099625559142400D-01 -1.73090464492432000D-03  0.00000000000000000D+00  0.00000000000000000D+00
16  3  0.00000000000000000D+00  1.21002829302615600D-11  0.00000000000000000D+00 -1.90627818041098100D+00 -2.96993418607272700D-02
16  4  0.00000000000000000D+00 -1.17161678647105600D-01 -1.82534993453616100D-03  0.00000000000000000D+00  0.00000000000000000D+00
16  5  0.00000000000000000D+00  0.00000000000000000D+00  0.00000000000000000D+00  2.06472057740316800D+00  3.21678351568627600D-02
16  6  0.00000000000000000D+00  0.00000000000000000D+00  0.00000000000000000D+00  4.15165878642127600D-02  6.46818155233799700D-04
16  7  0.00000000000000000D+00  2.61830874618529200D-01  4.07926017060474300D-03  0.00000000000000000D+00  0.00000000000000000D+00
16  8  0.00000000000000000D+00  0.00000000000000000D+00  0.00000000000000000D+00  7.63688334216230300D-03  1.18980750794221400D-04
16  9  0.00000000000000000D+00 -1.09873697289874100D+00 -1.71180498776570500D-02  0.00000000000000000D+00  0.00000000000000000D+00
16 10  0.00000000000000000D+00  0.00000000000000000D+00  0.00000000000000000D+00 -3.73969015494090800D-02 -5.82634462821081500D-04
17  1  0.00000000000000000D+00  0.00000000000000000D+00 -1.07532912619604300D-11  2.11371665628768900D-02 -1.35670748512774400D+00
17  2  0.00000000000000000D+00 -1.73090464932091900D-03  1.11099625550146900D-01  0.00000000000000000D+00  2.19359415470701000D-11
17  3 -2.45688586861051000D-11  0.00000000000000000D+00  0.00000000000000000D+00 -2.96993418673651100D-02  1.90627818040713700D+00
17  4  0.00000000000000000D+00 -1.82534993189261100D-03  1.17161678650239500D-01  0.00000000000000000D+00  0.00000000000000000D+00
17  5  0.00000000000000000D+00  0.00000000000000000D+00  0.00000000000000000D+00  3.21678351686164700D-02 -2.06472057739779300D+00
17  6  0.00000000000000000D+00  0.00000000000000000D+00  0.00000000000000000D+00  6.46818155224825100D-04 -4.15165878641694500D-02
17  7  0.00000000000000000D+00  4.07926017102257900D-03 -2.61830874618322400D-01  0.00000000000000000D+00  0.00000000000000000D+00
17  8  0.00000000000000000D+00  0.00000000000000000D+00  0.00000000000000000D+00  1.18980750820664200D-04 -7.63688334215490400D-03
17  9  0.00000000000000000D+00 -1.71180498815263100D-02  1.09873697289723400D+00  0.00000000000000000D+00  0.00000000000000000D+00
17 10  0.00000000000000000D+00  0.00000000000000000D+00  0.00000000000000000D+00 -5.82634462969905400D-04  3.73969015493277600D-02
18  1 -1.19151897664091000D-03 -2.74000192426829800D-01  5.05715079563840800D-01 -1.15179963265292600D-11  0.00000000000000000D+00
18  2  1.35666649800625600D+00  0.00000000000000000D+00  0.00000000000000000D+00 -2.07649095143335500D-01 -7.97813106132801800D-01
18  3 -7.97813106086840600D-01  1.59562621221964200D+00  0.00000000000000000D+00  1.58056820326244500D-11  0.00000000000000000D+00
18  4  5.49848888727514100D-02  0.00000000000000000D+00  0.00000000000000000D+00 -8.45704908015563200D-02  1.43862052459313500D-01
18  5  1.43862052449839500D-01 -2.87724104909153900D-01  0.00000000000000000D+00 -1.71612963624342700D-11  0.00000000000000000D+00
18  6  2.07613308900857500D-02  1.38802023333348700D-02 -3.63910388187526600D-01  0.00000000000000000D+00  0.00000000000000000D+00
18  7  3.54970361891788300D-02  0.00000000000000000D+00  0.00000000000000000D+00  3.12583610193442400D-01  1.14395863394158700D-03
18  8  1.14395863420184700D-03 -2.28791726814420500D-03  0.00000000000000000D+00  0.00000000000000000D+00  0.00000000000000000D+00
18  9 -1.19829023420479800D+00  0.00000000000000000D+00  0.00000000000000000D+00 -4.76657573331383500D-01 -1.05251266837619500D-02
18 10 -1.05251266840487500D-02  2.10502533678106900D-02  0.00000000000000000D+00  0.00000000000000000D+00  0.00000000000000000D+00
19  1 -1.29095982746736800D-01 -7.30946418060413900D-01 -1.11526263509143300D+00 -4.09056055946374500D-11 -1.91647585982340400D-11
19  2 -1.80411545675976400D-01  1.18970726153877300D-10  4.00380607883715600D-11 -1.17090185369281100D+00  2.68008080428588400D-01
19  3  2.68008080436310600D-01 -5.36016160864899200D-01 -3.93242621172050600D-11 -1.65731273040916800D-11  1.14609075112449400D-11
19  4  2.91929510227777500D-01 -2.58328865297455900D-11  0.00000000000000000D+00  4.02767096308677700D-01 -9.80058456317488600D-02
19  5 -9.80058456408381300D-02  1.96011691272587600D-01  4.54609015624827700D-11  1.22568669836561300D-10  0.00000000000000000D+00
19  6  2.16490608748389100D-02  2.31510352514207500D-02 -2.68779032099135800D-01  0.00000000000000000D+00  0.00000000000000000D+00
19  7 -2.89179420206017400D-03  0.00000000000000000D+00  0.00000000000000000D+00 -2.74504792364424700D-02 -1.46069593508304800D-03
19  8 -1.46069593508627200D-03  2.92139187016933800D-03  0.00000000000000000D+00  0.00000000000000000D+00  0.00000000000000000D+00
19  9  1.76058186337667400D+00 -9.25389906793885100D-11 -1.19910374952024100D-11 -2.69695185348667000D-01  2.48974749466541300D-02
19 10  2.48974749466533600D-02 -4.97949498933074900D-02  0.00000000000000000D+00  0.00000000000000000D+00  0.00000000000000000D+00
20  1 -3.05040497503425300D-11 -2.15981906905928500D-10  3.46962004757046500D-10  8.82725063497030900D-02 -5.93208106563698000D-01
20  2  1.79052091202334600D-10 -2.33537152828596500D-01  1.56941428218462600D+00 -1.06151282335163100D-10  2.18736446349351600D-10
20  3 -2.06202622750522100D-10 -1.25338235988541400D-11  0.00000000000000000D+00  5.30956265734731200D-03 -3.56812747736037800D-02
20  4 -7.42714423401502900D-11  5.36457333487710000D-02 -3.60509576600840300D-01 -6.21846152039941200D-11 -2.55710355433782000D-10
20  5  2.34552189367524400D-10  2.11581660663157600D-11  0.00000000000000000D+00 -1.76491957638309500D-01  1.18605967109113000D+00
20  6  0.00000000000000000D+00  0.00000000000000000D+00  1.65040945457377100D-11  1.00626778179176400D-03 -6.76231172922875000D-03
20  7  0.00000000000000000D+00 -1.01953517860728500D-02  6.85147116730113100D-02  0.00000000000000000D+00  0.00000000000000000D+00
20  8  0.00000000000000000D+00  0.00000000000000000D+00  0.00000000000000000D+00  3.39815010808478100D-04 -2.28362179275892300D-03
20  9 -1.05074988396184400D-10  1.52029114084563900D-01 -1.02166468977035700D+00  2.64002999200112400D-11  0.00000000000000000D+00
20 10  0.00000000000000000D+00  0.00000000000000000D+00  0.00000000000000000D+00 -6.91231972092089100D-04  4.64521091850186100D-03
21  1 -6.13713491940459700D-11 -3.25431892001676300D-10  2.43584794597340200D-10  5.93208106593986400D-01  8.82725064390448000D-02
21  2  9.76991332423786200D-11 -1.56941428222799700D+00 -2.33537152949817900D-01  0.00000000000000000D+00  3.41179694851109900D-10
21  3  1.12170871350764600D-10 -4.53350566201887700D-10 -1.96874346155882400D-11  3.56812747323522700D-02  5.30956253693008800D-03
21  4  1.01019818685420900D-11  3.60509576607536900D-01  5.36457333696161900D-02  0.00000000000000000D+00 -3.83760783550250500D-10
21  5 -1.19583836197638600D-10  5.03344619747920500D-10  2.27169316007676400D-11 -1.18605967102434300D+00 -1.76491957446751400D-01
21  6  0.00000000000000000D+00  0.00000000000000000D+00  7.40561224065524200D-11  6.76231172915180100D-03  1.00626778174819300D-03
21  7  0.00000000000000000D+00 -6.85147116710475600D-02 -1.01953517796608200D-02 -2.37374451939037800D-11  0.00000000000000000D+00
21  8  0.00000000000000000D+00  0.00000000000000000D+00  0.00000000000000000D+00  2.28362179292210800D-03  3.39815011283434500D-04
21  9 -8.02366350004317600D-11  1.02166468975258600D+00  1.52029114031050800D-01 -1.13864123372843400D-10  0.00000000000000000D+00
21 10  0.00000000000000000D+00  0.00000000000000000D+00  0.00000000000000000D+00 -4.64521091946638400D-03 -6.91231974880148600D-04
22  1 -8.49229300725157100D-11 -5.46448535226998900D-10  7.74437774585484100D-10 -1.36756651946874500D-10  7.48140173404613200D-11
22  2  3.66708346366592800D-10  2.44764210874277400D-10 -1.82368313860396800D-10 -1.54853810145011900D-10  1.87653338625595900D+00
22  3 -1.87653338600378500D+00 -2.52388700456018000D-10 -1.26667037525238800D-08  1.19016803377148800D-10 -1.41415492941658500D-11
22  4 -1.33780731141768700D-10 -4.84417442433765100D-11  4.24830166899666800D-11 -5.27852882129260000D-11 -2.16200872372263400D+00
22  5  2.16200872344110300D+00  2.82043974933223300D-10  1.45937279324091100D-08 -1.01287845052917000D-10 -9.53771299528994300D-11
22  6  0.00000000000000000D+00  0.00000000000000000D+00  8.18060527328074400D-11  0.00000000000000000D+00  0.00000000000000000D+00
22  7  0.00000000000000000D+00  0.00000000000000000D+00  0.00000000000000000D+00 -1.11912749907355400D-11  1.16604915165209100D-03
22  8 -1.16604915272614600D-03  0.00000000000000000D+00  0.00000000000000000D+00  0.00000000000000000D+00  0.00000000000000000D+00
22  9 -2.71314452432479300D-10 -2.54222021004575400D-11  9.90058461137631800D-11  0.00000000000000000D+00 -1.66812270617883000D-03
22 10  1.66812271376287100D-03  0.00000000000000000D+00  1.12596534584182200D-11  0.00000000000000000D+00  0.00000000000000000D+00
23  1 -7.81540289134382900D-11 -3.90896532509871500D-10  4.50563415631306300D-10  0.00000000000000000D+00  0.00000000000000000D+00
23  2  1.30508407027689100D-10 -1.62148607025823300D-11  0.00000000000000000D+00  1.61658710899710800D-10  1.13128959430139700D-08
23  3 -1.06266075038027200D-08 -6.86288439212510700D-10  2.16682525307526000D+00  0.00000000000000000D+00  0.00000000000000000D+00
23  4  0.00000000000000000D+00  0.00000000000000000D+00  0.00000000000000000D+00 -1.80264058689383000D-11 -1.30417360545157400D-08
23  5  1.22353748955143100D-08  8.06361159004424000D-10 -2.49647047175544000D+00  0.00000000000000000D+00 -2.00629131344057500D-11
23  6 -1.12901412639410500D-11 -1.53071542279118900D-11  1.53311025836753400D-10  0.00000000000000000D+00  0.00000000000000000D+00
23  7  0.00000000000000000D+00  0.00000000000000000D+00  0.00000000000000000D+00 -3.63011026465672300D-11  0.00000000000000000D+00
23  8  0.00000000000000000D+00  0.00000000000000000D+00  1.34639194759622500D-03  0.00000000000000000D+00  0.00000000000000000D+00
23  9 -3.21917881176669000D-10  0.00000000000000000D+00  0.00000000000000000D+00 -1.64732604260456000D-10  0.00000000000000000D+00
23 10  1.35909163996298600D-11  0.00000000000000000D+00 -1.92613135524701900D-03  0.00000000000000000D+00  0.00000000000000000D+00
24  1  2.91960750908017200D-01  1.47411449162098500D+00 -1.85391888279143400D+00  1.12827275383088000D-10 -2.13191665318182600D-11
24  2 -5.49021481013377900D-01 -2.78125541240428900D-10  2.04169641753729400D-11 -6.36808351441828600D-01 -1.25633587758075000D+00
24  3 -1.25633587803795900D+00  2.51267175561870900D+00  5.79513360390334800D-10 -1.75124395827021400D-11  3.88512798678602400D-11
24  4  6.86279644422474500D-02  6.80530739837311500D-11  0.00000000000000000D+00  7.63241763992861000D-02  1.48801913627675800D+00
24  5  1.48801913680335800D+00 -2.97603827308011600D+00 -6.67502367620569800D-10 -1.55467509561091700D-10 -7.66582027924423700D-11
24  6  4.37229514795353200D-02  5.89160512813198500D-02 -5.91889293009977900D-01  0.00000000000000000D+00  0.00000000000000000D+00
24  7 -2.95213164138353000D-03  0.00000000000000000D+00  0.00000000000000000D+00  1.32476074485425900D-01  1.00338816093938600D-03
24  8  1.00338816064788400D-03 -2.00677632158712200D-03  0.00000000000000000D+00  0.00000000000000000D+00  0.00000000000000000D+00
24  9  1.33611514998875600D+00  1.55191389973866900D-10  2.96335574058677600D-11  5.86087784597830100D-01 -1.30561685994942800D-02
24 10 -1.30561685990777700D-02  2.61123371985720400D-02  0.00000000000000000D+00  0.00000000000000000D+00  0.00000000000000000D+00
25  1  3.16925289977171700D-01  2.25899388467752500D+00 -3.68444511234427800D+00  4.67710949911211600D-10 -4.09847994079278900D-10
25  2 -1.87342165942910700D+00 -6.45504907172173400D-10  6.25583529239283800D-10  1.54334462042816300D+00  1.72831510682178200D-01
25  3  1.72831510051595700D-01 -3.45663020733772100D-01 -1.49279963958986100D-11 -6.04522179727323600D-10  4.73640847019528100D-10
25  4  1.01718951982764000D+00  1.03109637576679000D-10 -1.22454079272327900D-10 -7.61026852594690700D-03 -1.97905068218124800D-01
25  5 -1.97905067493481800D-01  3.95810135711607700D-01  1.71500112696665700D-11  9.25747612494751800D-10 -6.45913800930120700D-10
25  6  5.84266885733294500D-03  1.22226540330955500D-02 -6.18549216028004600D-02  0.00000000000000000D+00  0.00000000000000000D+00
25  7  2.20283044369469100D-03  3.09954343158446600D-11 -1.93809927535670800D-11 -3.48871688032596100D-02  2.60691674990921300D-03
25  8  2.60691674950202000D-03 -5.21383349941092900D-03  0.00000000000000000D+00  0.00000000000000000D+00  0.00000000000000000D+00
25  9  8.00777753445494700D-01 -2.41691013272517100D-10  1.17253009783036900D-10 -3.86538059389894300D-01 -1.34651790515640800D-02
25 10 -1.34651790509898700D-02  2.69303581025539600D-02  0.00000000000000000D+00 -1.41233466769308100D-11  1.14526242784202900D-11
26  1 -8.21167686299708500D-02 -9.13629163837106600D-02  1.40085931866590100D+00  1.41244423698911900D-09 -1.32230953268076200D-09
26  2  3.18472004810136400D-01 -1.81201720814424400D-09  1.73866015736286900D-09 -4.40196387535643000D-01  2.39407605494347200D-01
26  3  2.39407605409542300D-01 -4.78815210903889900D-01  0.00000000000000000D+00 -1.92798802577299500D-09  1.78655991411436500D-09
26  4 -5.21869750193552500D-01  1.17895955416173700D-10 -2.34253791344153600D-10  1.11640056867442200D-01 -6.99604302504279900D-01
26  5 -6.99604302407208700D-01  1.39920860491148900D+00  0.00000000000000000D+00  3.04518995111834200D-09 -2.82481725354062100D-09
26  6 -7.71947907341555100D-03 -1.48174925647172300D-02  7.71703424652628200D-02  0.00000000000000000D+00  0.00000000000000000D+00
26  7  3.84299707817391700D-03  1.06630690203993900D-10 -9.84082939416329600D-11 -9.63681636691261800D-03 -2.94206396733719900D-04
26  8 -2.94206396819718800D-04  5.88412793553652000D-04  0.00000000000000000D+00  0.00000000000000000D+00  0.00000000000000000D+00
26  9 -9.81988814103811600D-01 -8.65245943768873300D-10  8.01248612774028900D-10 -7.18138245370128600D-02  4.34636314272063600D-04
26 10  4.34636314382755000D-04 -8.69272628654824700D-04  0.00000000000000000D+00 -4.46419764280486300D-11  4.12664987992258700D-11
27  1  3.56981019517176800D-10  2.80598954407406000D-09 -3.96089579725971200D-09 -8.39748980559321600D-01  4.41036741353289700D-01
27  2 -1.35755094162733700D-09  1.06229206651933100D+00 -5.57916523042080400D-01  3.32512638810383100D-09  1.45642435476612300D-09
27  3  1.79282865729436400D-09 -3.24925301206046500D-09  1.17307831534276900D-11  1.15146272890045400D+00 -6.04749016004785900D-01
27  4  3.48014606056049300D-09 -2.02321571341832400D-02  1.06259429536003600D-02 -6.95648911528040600D-09 -2.64571857028397300D-09
27  5 -3.03146382656864400D-09  5.67718239685257200D-09 -1.34237903671282600D-11 -1.81460286048619000D+00  9.53030668460565600D-01
27  6 -3.30612766180048900D-11 -5.63926153790246300D-11  3.79819456362081400D-10  9.89281885480086700D-06 -5.19571474310448500D-06
27  7  2.29245233683248100D-11 -6.36584497435741900D-02  3.34334615188302900D-02 -2.01468058956703600D-10  0.00000000000000000D+00
27  8  0.00000000000000000D+00  0.00000000000000000D+00  0.00000000000000000D+00 -4.57948665171917700D-03  2.40514953466955500D-03
27  9 -1.78499042845220800D-09  5.14323080686969700D-01 -2.70122835126186000D-01 -9.67406897165640500D-10 -2.45032440442163800D-11
27 10 -2.48120965303381500D-11  4.93153405745528800D-11  0.00000000000000000D+00  2.67178321534373000D-02 -1.40322237962050000D-02
28  1  1.43354886188449800D-10  4.83978174258136400D-10 -2.25780989379612500D-09 -4.41036741189829100D-01 -8.39748980390490100D-01
28  2 -3.25509729827840600D-10  5.57916522565137900D-01  1.06229206600691300D+00  1.47415510927579500D-09  2.88318836447144500D-10
28  3  4.07053807184616800D-10 -6.95372643631753000D-10 -1.30548675814759300D-11  6.04749015934743300D-01  1.15146272880145000D+00
28  4  1.90741826474407700D-09 -1.06259423465267500D-02 -2.02321563045138700D-02 -3.11685534321751000D-09 -1.79660002094267200D-10
28  5 -3.15835177209019500D-10  4.95495179303270800D-10  1.49619567985336700D-11 -9.53030668432174300D-01 -1.81460286032062900D+00
28  6  0.00000000000000000D+00 -1.01404021137095900D-11  9.94571269709092600D-11  5.19571554845679700D-06  9.89281919660384100D-06
28  7  0.00000000000000000D+00 -3.34334615229400400D-02 -6.36584497424476400D-02 -6.41571554343913500D-11  0.00000000000000000D+00
28  8  0.00000000000000000D+00  0.00000000000000000D+00  0.00000000000000000D+00 -2.40514953432126600D-03 -4.57948665150634200D-03
28  9  2.27486102800691100D-10  2.70122835185480900D-01  5.14323080660979200D-01 -2.00184787546982100D-10  0.00000000000000000D+00
28 10  0.00000000000000000D+00  1.23405308413626900D-11  0.00000000000000000D+00  1.40322237945435900D-02  2.67178321516956700D-02
29  1  3.54788042954005100D-02  2.53314242953540500D-01  2.82787188854800400D-01  7.53389608145003000D-10  9.47458886969165700D-10
29  2 -1.42766964827410900D-01  4.75519017499320800D-09 -3.40002284934922000D-09  8.03913842895447100D-01  1.82112953906823300D-01
29  3  1.82112953987894300D-01 -3.64225907894717400D-01  0.00000000000000000D+00 -3.35125848776870300D-09 -3.94163551285070500D-10
29  4 -7.52268087128278300D-01 -1.72770099287939800D-08  6.63720646381562200D-09 -1.05956638248640700D+00 -2.69680037546940600D-01
29  5 -2.69680037639958200D-01  5.39360075186898800D-01  0.00000000000000000D+00  4.55004235897614600D-09  8.73075955639246500D-10
29  6 -7.69320100721025000D-03 -1.30268548096913200D-02  8.37456155166485200D-02  0.00000000000000000D+00  0.00000000000000000D+00
29  7  2.23813727460766800D-03  2.23351923496921000D-10  0.00000000000000000D+00 -3.21190922519439500D-02  4.66737841416812600D-04
29  8  4.66737841454785900D-04 -9.33475682871661500D-04  0.00000000000000000D+00  1.84854338410874000D-11  0.00000000000000000D+00
29  9 -3.36421137289465500D-01 -1.29721780700705000D-09 -2.27181661831982300D-10 -3.52858863093136000D-02 -3.06719329778399300D-03
29 10 -3.06719329784182900D-03  6.13438659562582400D-03  0.00000000000000000D+00 -9.32582577870659800D-11  0.00000000000000000D+00
30  1  1.63066513368851500D-10  2.39967759718949600D-09  1.51659729531614500D-08  1.90623900975652100D-01 -1.34062562667510700D-01
30  2 -1.44127718982065100D-09 -5.62207280056771900D-01  3.95390862830928800D-01  1.18772265197085900D-08  2.01872466575082100D-09
30  3  1.99654441449130600D-09 -4.01526908024213200D-09  0.00000000000000000D+00 -1.31640445742844300D-01  9.25804971384968600D-02
30  4 -2.46102472770523600D-08  9.80748249540417500D-01 -6.89743641238145900D-01 -1.04034563967190000D-08 -3.34652285763989100D-09
30  5 -3.29174949566435700D-09  6.63827235330426100D-09  0.00000000000000000D+00  2.50186259150574500D-01 -1.75951760960226500D-01
30  6 -1.30848519414802100D-10 -2.25616541221584200D-10  1.35761716997012200D-09  4.37503939548066600D-04 -3.07689114533550900D-04
30  7  2.26912533540460200D-11  5.23354935349924200D-03 -3.68066667078744000D-03 -4.09589714263905800D-10  0.00000000000000000D+00
30  8  0.00000000000000000D+00  0.00000000000000000D+00  0.00000000000000000D+00  2.29055063081754900D-04 -1.61090548842406100D-04
30  9 -6.81433384831162300D-09 -7.14658277743166800D-02  5.02607069089828400D-02  4.25600690228081900D-10 -3.46101860410187300D-11
30 10 -3.47465915991408400D-11  6.93567776401601400D-11  0.00000000000000000D+00 -2.17125660388500900D-03  1.52700801635267500D-03
31  1  4.93092198060627700D-11  7.08110583763236900D-10  3.68931062041874800D-09  1.34062563025822900D-01  1.90623901676530200D-01
31  2 -4.06190022436995900D-10 -3.95390863270542600D-01 -5.62207280932362200D-01  3.01087191208303100D-09  5.73750258354110500D-10
31  3  5.44954390133238100D-10 -1.11870464848734900D-09  0.00000000000000000D+00 -9.25804976416655100D-02 -1.31640446710300000D-01
31  4 -6.02134731044272500D-09  6.89743641241568000D-01  9.80748249554297400D-01 -2.72183604881347600D-09 -9.67340173657961400D-10
31  5 -9.41331374607051100D-10  1.90867154826501400D-09  0.00000000000000000D+00  1.75951761769164700D-01  2.50186260680499300D-01
31  6 -3.36467471328588700D-11 -5.80837151858720900D-11  3.49623334429610900D-10  3.07689114435834400D-04  4.37503939627636700D-04
31  7  0.00000000000000000D+00  3.68066669968524900D-03  5.23354940797872100D-03 -1.07563202296734800D-10  0.00000000000000000D+00
31  8  0.00000000000000000D+00  0.00000000000000000D+00  0.00000000000000000D+00  1.61090550805923000D-04  2.29055066912240900D-04
31  9 -1.79497853863877900D-09 -5.02607071488624200D-02 -7.14658282146089100D-02  6.66629964261097100D-11  0.00000000000000000D+00
31 10  0.00000000000000000D+00  1.89246944846725200D-11  0.00000000000000000D+00 -1.52700802793976300D-03 -2.17125662627202000D-03
32  1  3.59990534958076800D-02  1.22944981553139600D-01 -1.10398332755737700D+00  7.40771652525759100D-09 -1.23344405457089800D-09
32  2 -5.86635566863346500D-02 -1.29958978204548700D-08  2.99410762179219900D-09  1.43322901941976600D-02  7.03696125495057900D-02
32  3  7.03696126840235300D-02 -1.40739225233528900D-01  0.00000000000000000D+00 -8.70514292886141200D-09  1.12817010794945000D-09
32  4  1.36250149311056100D+00  1.12612347354959900D-08 -4.47523106302614200D-09 -5.68322692278115700D-01 -6.35364073003108200D-02
32  5 -6.35364074543985400D-02  1.27072814754709400D-01  0.00000000000000000D+00  1.42312635348871300D-08 -2.01229752766619500D-09
32  6  1.57847808801017200D-03  3.11268286862830000D-03 -1.01262396827349800D-02  0.00000000000000000D+00  0.00000000000000000D+00
32  7  1.04414170614454900D-03  4.59953831407131500D-10 -5.57302686190381600D-11 -7.12386647784357000D-03  2.48742687764466100D-04
32  8  2.48742687900788300D-04 -4.97485375665253200D-04  0.00000000000000000D+00  3.12144855917075600D-11  0.00000000000000000D+00
32  9  1.86271039292189900D-01 -4.05803015654870200D-09  5.98756368154809700D-10 -9.35759171027821000D-02 -1.04635338485770200D-03
32 10 -1.04635338503113000D-03  2.09270676988883800D-03  0.00000000000000000D+00 -1.91804567661772200D-10  2.19305137332850600D-11
 $END   
 POPULATION ANALYSIS
LI           2.28775   0.71225   2.32565   0.67435
F            9.71225  -0.71225   9.67435  -0.67435
 MOMENTS AT POINT    1 X,Y,Z=  0.000000  0.000000  2.484132
 DIPOLE       0.000000  0.000000 -7.323581
