 $DATA
 LiF single-point properties R=8.50 Ang                                         
CNV      2

LI          3.0      0.0000000000      0.0000000000      0.0000000000
   S          9
     1      1469.0000000000  0.00076600
     2       220.5000000000  0.00589200
     3        50.2600000000  0.02967100
     4        14.2400000000  0.10918000
     5         4.5810000000  0.28278900
     6         1.5800000000  0.45312300
     7         0.5640000000  0.27477400
     8         0.0734500000  0.00975100
     9         0.0280500000 -0.00318000
   S          9
     1      1469.0000000000 -0.00012000
     2       220.5000000000 -0.00092300
     3        50.2600000000 -0.00468900
     4        14.2400000000 -0.01768200
     5         4.5810000000 -0.04890200
     6         1.5800000000 -0.09600900
     7         0.5640000000 -0.13638000
     8         0.0734500000  0.57510200
     9         0.0280500000  0.51766100
   S          1
     1         0.0280500000  1.00000000
   P          4
     1         1.5340000000  0.02278400
     2         0.2749000000  0.13910700
     3         0.0736200000  0.50037500
     4         0.0240300000  0.50847400
   P          1
     1         0.0240300000  1.00000000
   D          1
     1         0.1144000000  1.00000000
   S          1
     1         0.0086000000  1.00000000
   P          1
     1         0.0058000000  1.00000000
   D          1
     1         0.0733000000  1.00000000
           
F           9.0      0.0000000000      0.0000000000      8.5000000000
   S          8
     1     14710.0000000000  0.00072100
     2      2207.0000000000  0.00555300
     3       502.8000000000  0.02826700
     4       142.6000000000  0.10644400
     5        46.4700000000  0.28681400
     6        16.7000000000  0.44864100
     7         6.3560000000  0.26476100
     8         1.3160000000  0.01533300
   S          8
     1     14710.0000000000 -0.00016500
     2      2207.0000000000 -0.00130800
     3       502.8000000000 -0.00649500
     4       142.6000000000 -0.02669100
     5        46.4700000000 -0.07369000
     6        16.7000000000 -0.17077600
     7         6.3560000000 -0.11232700
     8         1.3160000000  0.56281400
   S          1
     1         0.3897000000  1.00000000
   P          3
     1        22.6700000000  0.04487800
     2         4.9770000000  0.23571800
     3         1.3470000000  0.50852100
   P          1
     1         0.3471000000  1.00000000
   D          1
     1         1.6400000000  1.00000000
   S          1
     1         0.0986300000  1.00000000
   P          1
     1         0.0850200000  1.00000000
   D          1
     1         0.4640000000  1.00000000
           
 $END      
--- RHF ORBITALS --- GENERATED AT  9:55:45  7-MAY-2026    
 LiF single-point properties R=8.50 Ang                                         
E(RHF)=     -106.7267118058, E(NUC)=    1.6809158457,   15 ITERS
 $VEC
 1  1 -1.71351286090369300D-05 -8.25645563223122500D-05  1.37139934838522700D-04  0.00000000000000000D+00  0.00000000000000000D+00
 1  2 -2.39868765145359700D-05  0.00000000000000000D+00  0.00000000000000000D+00  6.05050618694676000D-05 -7.83937903081044300D-07
 1  3 -7.83937775032782100D-07  1.56787567819168900D-06  9.05335541149498400D-30  0.00000000000000000D+00  0.00000000000000000D+00
 1  4 -7.42808832088252200D-05  0.00000000000000000D+00  0.00000000000000000D+00 -9.21143510366067000D-05  8.63548875667113000D-07
 1  5  8.63548751449194800D-07 -1.72709762720042700D-06 -8.78253982726751500D-30  0.00000000000000000D+00  0.00000000000000000D+00
 1  6  1.00068425350519100D+00  5.09663452575103600D-04 -3.37518135048370400D-03  0.00000000000000000D+00  0.00000000000000000D+00
 1  7 -1.94448057949109800D-05  0.00000000000000000D+00  0.00000000000000000D+00  1.17333603866123800D-05  4.24536557729041200D-07
 1  8  4.24833275295354400D-07 -8.49369832622007300D-07  2.09787273797017200D-26  0.00000000000000000D+00  0.00000000000000000D+00
 1  9  1.10460885299867700D-03  0.00000000000000000D+00  0.00000000000000000D+00 -1.35238388884283000D-05 -8.07612188148101900D-08
 1 10 -8.07679223440552900D-08  1.61529141154108500D-07 -4.73957488470073500D-28  0.00000000000000000D+00  0.00000000000000000D+00
 2  1 -1.00008281568233000D+00  1.09121247938945300D-03  1.07451522873585500D-03  0.00000000000000000D+00  0.00000000000000000D+00
 2  2  6.10759133810904200D-04  0.00000000000000000D+00  0.00000000000000000D+00 -5.18597611868123900D-04 -1.34440321307880800D-05
 2  3 -1.34440326409888100D-05  2.68880647716781000D-05 -3.60725589605762700D-29  0.00000000000000000D+00  0.00000000000000000D+00
 2  4 -1.30983368488896100D-03  0.00000000000000000D+00  0.00000000000000000D+00  5.05719309524029600D-05  9.52741015324786400D-06
 2  5  9.52740978855291900D-06 -1.90548199415772000D-05 -2.57849102890441400D-29  0.00000000000000000D+00  0.00000000000000000D+00
 2  6  7.76692965712475300D-06  1.40816568526924500D-05 -4.60837392576365900D-05  0.00000000000000000D+00  0.00000000000000000D+00
 2  7 -2.74619580146930700D-06  0.00000000000000000D+00  0.00000000000000000D+00  1.38142319027461500D-05  9.73477931686636800D-08
 2  8  9.73477793478862800D-08 -1.94695572522260700D-07 -9.77166013651410400D-31  0.00000000000000000D+00  0.00000000000000000D+00
 2  9  7.63708420155832100D-05  0.00000000000000000D+00  0.00000000000000000D+00 -3.99788090046020000D-05 -3.45971010159110300D-07
 2 10 -3.45971098878987800D-07  6.91942108999493800D-07 -6.27273318131095500D-30  0.00000000000000000D+00  0.00000000000000000D+00
 3  1 -1.22476055169233200D-04 -5.78857466899920100D-04  1.00101295698418500D-03  0.00000000000000000D+00  0.00000000000000000D+00
 3  2 -1.33818481501737000D-04  0.00000000000000000D+00  0.00000000000000000D+00  3.93833640906042700D-04 -5.54385615649311000D-07
 3  3 -5.54349322534881000D-07  1.10873493814332400D-06  2.56602048489004900D-27  0.00000000000000000D+00  0.00000000000000000D+00
 3  4 -5.75545479420801900D-04  0.00000000000000000D+00  0.00000000000000000D+00 -6.94106646984832500D-04 -4.06933865174238900D-07
 3  5 -4.06970523577323200D-07  8.13904388800603500D-07 -2.59184737202358600D-27  0.00000000000000000D+00  0.00000000000000000D+00
 3  6 -6.35231189436737600D-03  4.90907340091220600D-01  5.54515762012096400D-01  0.00000000000000000D+00  0.00000000000000000D+00
 3  7 -3.99273026687770300D-04  0.00000000000000000D+00  0.00000000000000000D+00 -9.56224362736752800D-04  2.47968034605707000D-06
 3  8  2.48206171910283600D-06 -4.96174206554196000D-06  1.68369458327788000D-25  0.00000000000000000D+00  0.00000000000000000D+00
 3  9  5.63034819913130100D-02  0.00000000000000000D+00  0.00000000000000000D+00 -5.78703829662157200D-04 -4.39331220813379200D-05
 3 10 -4.39342180126650000D-05  8.78673400940306200D-05 -7.74852828003224300D-26  0.00000000000000000D+00  0.00000000000000000D+00
 4  1  0.00000000000000000D+00  0.00000000000000000D+00  0.00000000000000000D+00 -2.32080206247727800D-21 -3.79028257567557600D-05
 4  2  0.00000000000000000D+00  1.18993506939416200D-20  1.94337562544895400D-04  0.00000000000000000D+00  0.00000000000000000D+00
 4  3  0.00000000000000000D+00  0.00000000000000000D+00  0.00000000000000000D+00  7.13722982765421000D-21  1.16563658278869700D-04
 4  4  0.00000000000000000D+00 -6.67245111526895500D-20 -1.08972995190530600D-03  0.00000000000000000D+00  0.00000000000000000D+00
 4  5  0.00000000000000000D+00  0.00000000000000000D+00  0.00000000000000000D+00 -9.81708158685138300D-21 -1.60330404234948100D-04
 4  6  0.00000000000000000D+00  0.00000000000000000D+00  0.00000000000000000D+00 -3.84969340458152700D-17 -6.28723408557441700D-01
 4  7  0.00000000000000000D+00 -2.74003225356845100D-17 -4.47496004739148800D-01  0.00000000000000000D+00  0.00000000000000000D+00
 4  8  0.00000000000000000D+00  0.00000000000000000D+00  0.00000000000000000D+00  1.99866162210311700D-21  3.26416993651008300D-05
 4  9  0.00000000000000000D+00 -9.61724620482529100D-18 -1.57066736993595900D-01  0.00000000000000000D+00  0.00000000000000000D+00
 4 10  0.00000000000000000D+00  0.00000000000000000D+00  0.00000000000000000D+00  7.06055922715391400D-20  1.15311490996526600D-03
 5  1  0.00000000000000000D+00  0.00000000000000000D+00  0.00000000000000000D+00 -3.78982242565210900D-05  2.32052031115605300D-21
 5  2  0.00000000000000000D+00  1.94330223765465700D-04 -1.18989013381456800D-20  0.00000000000000000D+00  0.00000000000000000D+00
 5  3  0.00000000000000000D+00  0.00000000000000000D+00  0.00000000000000000D+00  1.16565520831273400D-04 -7.13734387232960700D-21
 5  4  0.00000000000000000D+00 -1.08974394830118500D-03  6.67253681564557500D-20  0.00000000000000000D+00  0.00000000000000000D+00
 5  5  0.00000000000000000D+00  0.00000000000000000D+00  0.00000000000000000D+00 -1.60332878298828200D-04  9.81723307456874800D-21
 5  6  0.00000000000000000D+00  0.00000000000000000D+00  0.00000000000000000D+00 -6.28723337108680300D-01  3.84969296709849200D-17
 5  7  0.00000000000000000D+00 -4.47495954573524700D-01  2.74003194640274100D-17  0.00000000000000000D+00  0.00000000000000000D+00
 5  8  0.00000000000000000D+00  0.00000000000000000D+00  0.00000000000000000D+00  3.26414705330540400D-05 -1.99864761064419400D-21
 5  9  0.00000000000000000D+00 -1.57066950632191300D-01  9.61725928598435500D-18  0.00000000000000000D+00  0.00000000000000000D+00
 5 10  0.00000000000000000D+00  0.00000000000000000D+00  0.00000000000000000D+00  1.15311486148830000D-03 -7.06055893032791400D-20
 6  1  6.91115368056341900D-05  1.13063710997174600D-03 -2.02461408311073800D-03  0.00000000000000000D+00  0.00000000000000000D+00
 6  2 -1.20493970045813800D-03  0.00000000000000000D+00  0.00000000000000000D+00  2.90230213929504700D-03  4.71398432410729800D-04
 6  3  4.71398422747273300D-04 -9.42796855157944900D-04 -6.83232284363466300D-28  0.00000000000000000D+00  0.00000000000000000D+00
 6  4  3.75879923769323000D-03  0.00000000000000000D+00  0.00000000000000000D+00  2.07900928401839400D-03 -6.60191784643270400D-04
 6  5 -6.60191772378341000D-04  1.32038355702151000D-03  8.67163384803184000D-28  0.00000000000000000D+00  0.00000000000000000D+00
 6  6  1.32329340254072100D-06 -1.69147294474507200D-03 -4.53850196427639400D-03  0.00000000000000000D+00  0.00000000000000000D+00
 6  7 -6.28181903128645500D-01  0.00000000000000000D+00  0.00000000000000000D+00 -4.47131525498722200D-01 -1.68769438352109700D-05
 6  8 -1.68769121235368400D-05  3.37538559586392700D-05  2.24210037420265100D-27  0.00000000000000000D+00  0.00000000000000000D+00
 6  9  6.69668571607418600D-03  0.00000000000000000D+00  0.00000000000000000D+00 -1.58402491840258400D-01 -6.84229990843783900D-04
 6 10 -6.84230455127964400D-04  1.36846044597186000D-03 -3.28261362131740600D-26  0.00000000000000000D+00  0.00000000000000000D+00
 7  1 -4.53916594239482700D-04 -9.83454893928533200D-01  1.78100439060241400D-03  0.00000000000000000D+00  0.00000000000000000D+00
 7  2  1.15841977739322400D-01  0.00000000000000000D+00  0.00000000000000000D+00  1.38773922303985200D-02  1.64686124847880900D-03
 7  3  1.64686123819173100D-03 -3.29372248667051100D-03 -7.27323952749815400D-28  0.00000000000000000D+00  0.00000000000000000D+00
 7  4 -1.51497351948078900D-02  0.00000000000000000D+00  0.00000000000000000D+00 -8.17986432201770600D-04 -3.67559225651132100D-03
 7  5 -3.67559231718300200D-03  7.35118457369449200D-03 -4.28965048741166900D-27  0.00000000000000000D+00  0.00000000000000000D+00
 7  6  1.82608384244600400D-05  6.06287974344102400D-05 -9.35144079267022400D-05  0.00000000000000000D+00  0.00000000000000000D+00
 7  7 -1.08701424566319500D-03  0.00000000000000000D+00  0.00000000000000000D+00 -7.82276156382037700D-04 -3.09572983472436300D-07
 7  8 -3.09572285862443600D-07  6.19145269298857300D-07  4.93228966457128900D-29  0.00000000000000000D+00  0.00000000000000000D+00
 7  9  3.85393120039753700D-04  0.00000000000000000D+00  0.00000000000000000D+00 -2.64527275891123000D-04  4.18738088710769400D-06
 7 10  4.18739111964489700D-06 -8.37477200681726300D-06  7.23467811616575700D-28  0.00000000000000000D+00  0.00000000000000000D+00
 8  1  0.00000000000000000D+00  0.00000000000000000D+00  0.00000000000000000D+00 -5.98482571409259700D-17 -9.77428492905021100D-01
 8  2  0.00000000000000000D+00 -6.13989450280465600D-19 -1.00275398435426000D-02  0.00000000000000000D+00  0.00000000000000000D+00
 8  3  0.00000000000000000D+00  0.00000000000000000D+00  0.00000000000000000D+00 -1.82421373672185300D-18 -2.97926551014195600D-02
 8  4  0.00000000000000000D+00 -1.87851644223145200D-18 -3.06795148721549200D-02  0.00000000000000000D+00  0.00000000000000000D+00
 8  5  0.00000000000000000D+00  0.00000000000000000D+00  0.00000000000000000D+00  4.77095856335565200D-18  7.79182395790125900D-02
 8  6  0.00000000000000000D+00  0.00000000000000000D+00  0.00000000000000000D+00  3.25904836595609000D-20  5.32260567778958100D-04
 8  7  0.00000000000000000D+00 -8.70117263156945200D-24 -1.42105626096261700D-07  0.00000000000000000D+00  0.00000000000000000D+00
 8  8  0.00000000000000000D+00  0.00000000000000000D+00  0.00000000000000000D+00  6.10560467626103400D-22  9.97153845756808700D-06
 8  9  0.00000000000000000D+00  8.90474516456530300D-20  1.45430327660326500D-03  0.00000000000000000D+00  0.00000000000000000D+00
 8 10  0.00000000000000000D+00  0.00000000000000000D+00  0.00000000000000000D+00 -1.24685923416519500D-21 -2.03634291178281000D-05
 9  1  0.00000000000000000D+00  0.00000000000000000D+00  0.00000000000000000D+00 -9.77428493285758000D-01  5.98482571642386100D-17
 9  2  0.00000000000000000D+00 -1.00275395912078300D-02  6.13989434829927900D-19  0.00000000000000000D+00  0.00000000000000000D+00
 9  3  0.00000000000000000D+00  0.00000000000000000D+00  0.00000000000000000D+00 -2.97926551869161000D-02  1.82421374195683300D-18
 9  4  0.00000000000000000D+00 -3.06795144825105500D-02  1.87851641837340300D-18  0.00000000000000000D+00  0.00000000000000000D+00
 9  5  0.00000000000000000D+00  0.00000000000000000D+00  0.00000000000000000D+00  7.79182397486286000D-02 -4.77095857374129500D-18
 9  6  0.00000000000000000D+00  0.00000000000000000D+00  0.00000000000000000D+00  5.32265653545561100D-04 -3.25907950626657100D-20
 9  7  0.00000000000000000D+00 -1.38545781756815900D-07  8.48320223173425600D-24  0.00000000000000000D+00  0.00000000000000000D+00
 9  8  0.00000000000000000D+00  0.00000000000000000D+00  0.00000000000000000D+00  9.97153983935329000D-06 -6.10560552233250300D-22
 9  9  0.00000000000000000D+00  1.45430500664676900D-03 -8.90475575767664300D-20  0.00000000000000000D+00  0.00000000000000000D+00
 9 10  0.00000000000000000D+00  0.00000000000000000D+00  0.00000000000000000D+00 -2.03634103357432700D-05  1.24685808413217400D-21
10  1  2.08594301283149200D-02  2.85126274569227900D-01 -6.14742526298502900D-02  0.00000000000000000D+00  0.00000000000000000D+00
10  2  9.88991822965485400D-01  0.00000000000000000D+00  0.00000000000000000D+00 -2.31344587920609100D-02 -2.05168880656478000D-02
10  3 -2.05168881703438800D-02  4.10337762359918000D-02 -7.40229363751086400D-27  0.00000000000000000D+00  0.00000000000000000D+00
10  4 -1.51113965628977100D-01  0.00000000000000000D+00  0.00000000000000000D+00  3.24873528647007600D-02  5.23324127807278900D-02
10  5  5.23324129258145600D-02 -1.04664825706542500D-01  1.02580167219155800D-26  0.00000000000000000D+00  0.00000000000000000D+00
10  6 -2.09736795680822400D-04 -6.22299885856699000D-04  1.10972380087428900D-03  0.00000000000000000D+00  0.00000000000000000D+00
10  7  2.90255742755186400D-03  0.00000000000000000D+00  0.00000000000000000D+00  7.30228766664445400D-04 -1.82639965109947100D-05
10  8 -1.82639987323621100D-05  3.65279952434709700D-05 -1.57056630173308800D-28  0.00000000000000000D+00  0.00000000000000000D+00
10  9 -3.13555767551347300D-03  0.00000000000000000D+00  0.00000000000000000D+00  5.09703448557978900D-03  3.93779428790338400D-05
10 10  3.93779035300284500D-05 -7.87558464092414000D-05 -2.78208016775654900D-27  0.00000000000000000D+00  0.00000000000000000D+00
11  1 -2.39838894581116600D-02 -4.45674249638069200D-01 -3.84426350249144600D-01  0.00000000000000000D+00  0.00000000000000000D+00
11  2  4.92211011916052000D-01  0.00000000000000000D+00  0.00000000000000000D+00 -2.14677128701083700D-01 -3.70667864084944400D-03
11  3 -3.70667863840423300D-03  7.41335727925358400D-03  1.72882979239616000D-28  0.00000000000000000D+00  0.00000000000000000D+00
11  4  1.24113378349965500D+00  0.00000000000000000D+00  0.00000000000000000D+00 -4.74767692681846700D-01  1.24193107619331300D-02
11  5  1.24193107996888500D-02 -2.48386215616218800D-02  2.66943096237205100D-27  0.00000000000000000D+00  0.00000000000000000D+00
11  6  8.52042930675492400D-04  1.57341461791788400D-03 -6.50608883680715800D-03  0.00000000000000000D+00  0.00000000000000000D+00
11  7  2.56910037181803300D-03  0.00000000000000000D+00  0.00000000000000000D+00 -1.00095716161035800D-03 -3.48749555532381000D-05
11  8 -3.48749543451984300D-05  6.97499098984239100D-05  8.54116437210300000D-29  0.00000000000000000D+00  0.00000000000000000D+00
11  9  1.98085492003160100D-02  0.00000000000000000D+00  0.00000000000000000D+00  1.13057958116162300D-02  9.86344899841413600D-05
11 10  9.86345695007131500D-05 -1.97269059484865200D-04  5.62203479440498500D-27  0.00000000000000000D+00  0.00000000000000000D+00
12  1  0.00000000000000000D+00  0.00000000000000000D+00  0.00000000000000000D+00 -3.43353893854038400D-17 -5.60757981995314800D-01
12  2  0.00000000000000000D+00  8.61323798682870500D-18  1.40669496935796700D-01  0.00000000000000000D+00  0.00000000000000000D+00
12  3  0.00000000000000000D+00  0.00000000000000000D+00  0.00000000000000000D+00  8.32019229869830400D-19  1.35883539599944000D-02
12  4  0.00000000000000000D+00  6.41391168884081600D-17  1.04750586485542900D+00  0.00000000000000000D+00  0.00000000000000000D+00
12  5  0.00000000000000000D+00  0.00000000000000000D+00  0.00000000000000000D+00 -6.12421718038833500D-19 -1.00019359874669100D-02
12  6  0.00000000000000000D+00  0.00000000000000000D+00  0.00000000000000000D+00 -2.40264925921857100D-19 -3.92395360634730500D-03
12  7  0.00000000000000000D+00  1.34285480341636600D-19  2.19312075137434800D-03  0.00000000000000000D+00  0.00000000000000000D+00
12  8  0.00000000000000000D+00  0.00000000000000000D+00  0.00000000000000000D+00 -4.43860025611121000D-21 -7.24902372465561500D-05
12  9  0.00000000000000000D+00 -1.28836907153096900D-18 -2.10413585967371200D-02  0.00000000000000000D+00  0.00000000000000000D+00
12 10  0.00000000000000000D+00  0.00000000000000000D+00  0.00000000000000000D+00  1.18734228155866500D-20  1.93914114172705500D-04
13  1  0.00000000000000000D+00  0.00000000000000000D+00  0.00000000000000000D+00 -5.60757983082362200D-01  3.43353894519641000D-17
13  2  0.00000000000000000D+00  1.40669498841726700D-01 -8.61323810352940400D-18  0.00000000000000000D+00  0.00000000000000000D+00
13  3  0.00000000000000000D+00  0.00000000000000000D+00  0.00000000000000000D+00  1.35883541051473600D-02 -8.32019238757592200D-19
13  4  0.00000000000000000D+00  1.04750586438887900D+00 -6.41391168598411500D-17  0.00000000000000000D+00  0.00000000000000000D+00
13  5  0.00000000000000000D+00  0.00000000000000000D+00  0.00000000000000000D+00 -1.00019362344309500D-02  6.12421733160520100D-19
13  6  0.00000000000000000D+00  0.00000000000000000D+00  0.00000000000000000D+00 -3.92396540834375600D-03  2.40265648561849100D-19
13  7  0.00000000000000000D+00  2.19311280434416000D-03 -1.34284993742453500D-19  0.00000000000000000D+00  0.00000000000000000D+00
13  8  0.00000000000000000D+00  0.00000000000000000D+00  0.00000000000000000D+00 -7.24902412085902400D-05  4.43860049870781600D-21
13  9  0.00000000000000000D+00 -2.10413643356626200D-02  1.28836942292720100D-18  0.00000000000000000D+00  0.00000000000000000D+00
13 10  0.00000000000000000D+00  0.00000000000000000D+00  0.00000000000000000D+00  1.93914062863090500D-04 -1.18734196738826300D-20
14  1 -1.05814866060399300D-01 -7.55899292193423600D-01  4.08945564122125900D-01  0.00000000000000000D+00  0.00000000000000000D+00
14  2 -4.12663302366486500D-01  0.00000000000000000D+00  0.00000000000000000D+00  1.08674597056581100D-01 -2.16072346916098700D-02
14  3 -2.16072347926318600D-02  4.32144694842418300D-02 -7.14252555476287400D-27  0.00000000000000000D+00  0.00000000000000000D+00
14  4  5.63486111714435100D-01  0.00000000000000000D+00  0.00000000000000000D+00  9.28437946848634300D-01  3.41922124237666800D-02
14  5  3.41922126269834300D-02 -6.83844250507499600D-02  1.43679689417934300D-26  0.00000000000000000D+00  0.00000000000000000D+00
14  6 -6.08255521550731800D-03 -1.49331115152270300D-02  4.00586874200268500D-02  0.00000000000000000D+00  0.00000000000000000D+00
14  7  1.05661372978461200D-02  0.00000000000000000D+00  0.00000000000000000D+00 -5.44769076690764300D-04 -3.26908577001486200D-05
14  8 -3.26909013542952100D-05  6.53817590541064000D-05 -3.08646519220909500D-27  0.00000000000000000D+00  0.00000000000000000D+00
14  9 -1.38398159585918800D-01  0.00000000000000000D+00  0.00000000000000000D+00  4.04745961606808900D-02  8.98954982672954700D-05
14 10  8.98943623965941000D-05 -1.79789860663753100D-04 -8.03091036327173600D-26  0.00000000000000000D+00  0.00000000000000000D+00
15  1  0.00000000000000000D+00  0.00000000000000000D+00  0.00000000000000000D+00  1.16557057816849200D-16  1.90358407749622400D+00
15  2  0.00000000000000000D+00 -1.49353108498177500D-16 -2.43920192038853900D+00  0.00000000000000000D+00  0.00000000000000000D+00
15  3  0.00000000000000000D+00  0.00000000000000000D+00  0.00000000000000000D+00 -7.35039785157432500D-18 -1.20045071277499900D-01
15  4  0.00000000000000000D+00  4.15734232420049200D-17  6.78967949369874500D-01  0.00000000000000000D+00  0.00000000000000000D+00
15  5  0.00000000000000000D+00  0.00000000000000000D+00  0.00000000000000000D+00  1.52742960765103100D-17  2.49456423753387900D-01
15  6  0.00000000000000000D+00  0.00000000000000000D+00  0.00000000000000000D+00 -1.05266934912837000D-19 -1.71919628841163700D-03
15  7  0.00000000000000000D+00  6.39169595364429700D-20  1.04387764014025000D-03  0.00000000000000000D+00  0.00000000000000000D+00
15  8  0.00000000000000000D+00  0.00000000000000000D+00  0.00000000000000000D+00 -1.69194994102110100D-21 -2.76325520562587200D-05
15  9  0.00000000000000000D+00 -6.45779234867930200D-19 -1.05467235712480600D-02  0.00000000000000000D+00  0.00000000000000000D+00
15 10  0.00000000000000000D+00  0.00000000000000000D+00  0.00000000000000000D+00  5.81720451485089000D-21  9.50052969543002400D-05
16  1  0.00000000000000000D+00  0.00000000000000000D+00  0.00000000000000000D+00  1.90358407684138900D+00 -1.16557057776753500D-16
16  2  0.00000000000000000D+00 -2.43920192005393900D+00  1.49353108477689800D-16  0.00000000000000000D+00  0.00000000000000000D+00
16  3  0.00000000000000000D+00  0.00000000000000000D+00  0.00000000000000000D+00 -1.20045071694757300D-01  7.35039787712312900D-18
16  4  0.00000000000000000D+00  6.78967950176473600D-01 -4.15734232913932400D-17  0.00000000000000000D+00  0.00000000000000000D+00
16  5  0.00000000000000000D+00  0.00000000000000000D+00  0.00000000000000000D+00  2.49456424799623400D-01 -1.52742961405716500D-17
16  6  0.00000000000000000D+00  0.00000000000000000D+00  0.00000000000000000D+00 -1.71919640698962600D-03  1.05266942173404900D-19
16  7  0.00000000000000000D+00  1.04387777446236500D-03 -6.39169677610287500D-20  0.00000000000000000D+00  0.00000000000000000D+00
16  8  0.00000000000000000D+00  0.00000000000000000D+00  0.00000000000000000D+00 -2.76325519275920900D-05  1.69194993314280300D-21
16  9  0.00000000000000000D+00 -1.05467247791048600D-02  6.45779308825386300D-19  0.00000000000000000D+00  0.00000000000000000D+00
16 10  0.00000000000000000D+00  0.00000000000000000D+00  0.00000000000000000D+00  9.50053162567166700D-05 -5.81720569674398100D-21
17  1 -1.57327932628220800D-01 -8.40666905270812800D-01  1.11208934744058600D+00  0.00000000000000000D+00  0.00000000000000000D+00
17  2  1.81697700419855800D+00  0.00000000000000000D+00  0.00000000000000000D+00 -2.34491773491294000D+00  8.79397704512008800D-02
17  3  8.79397704081604800D-02 -1.75879540859362100D-01 -3.04307177160487400D-27  0.00000000000000000D+00  0.00000000000000000D+00
17  4 -3.33277217901385400D-01  0.00000000000000000D+00  0.00000000000000000D+00  6.73048802085153500D-01 -1.93388979343945600D-01
17  5 -1.93388979250259100D-01  3.86777958594205300D-01  6.62388629484199700D-27  0.00000000000000000D+00  0.00000000000000000D+00
17  6 -2.59707557804395600D-03 -5.74123692749997700D-03  1.85011601782774600D-02  0.00000000000000000D+00  0.00000000000000000D+00
17  7 -3.84115608719756200D-03  0.00000000000000000D+00  0.00000000000000000D+00 -3.98305552211084300D-03  4.35793760756041000D-05
17  8  4.35793621933338300D-05 -8.71587382694079600D-05 -9.81513723482474700D-28  0.00000000000000000D+00  0.00000000000000000D+00
17  9 -6.43648561031077600D-02  0.00000000000000000D+00  0.00000000000000000D+00  4.69735888679425100D-03 -4.54515720571819700D-05
17 10 -4.54520214012013500D-05  9.09035934583885400D-05 -3.17698267726924900D-26  0.00000000000000000D+00  0.00000000000000000D+00
18  1  0.00000000000000000D+00  0.00000000000000000D+00  0.00000000000000000D+00  0.00000000000000000D+00  0.00000000000000000D+00
18  2  0.00000000000000000D+00  0.00000000000000000D+00  0.00000000000000000D+00  0.00000000000000000D+00  5.55115524807340300D-17
18  3 -5.55115524807340300D-17  0.00000000000000000D+00  5.23427135060160000D-01  0.00000000000000000D+00  0.00000000000000000D+00
18  4  0.00000000000000000D+00  0.00000000000000000D+00  0.00000000000000000D+00  0.00000000000000000D+00 -1.54671152848431600D-16
18  5  1.54671152848431600D-16  0.00000000000000000D+00 -1.45841855963233100D+00  0.00000000000000000D+00  0.00000000000000000D+00
18  6  0.00000000000000000D+00  0.00000000000000000D+00  0.00000000000000000D+00  0.00000000000000000D+00  0.00000000000000000D+00
18  7  0.00000000000000000D+00  0.00000000000000000D+00  0.00000000000000000D+00  0.00000000000000000D+00  3.73823655524705100D-25
18  8 -3.73823655524705100D-25  0.00000000000000000D+00  3.52484188038016200D-09  0.00000000000000000D+00  0.00000000000000000D+00
18  9  0.00000000000000000D+00  0.00000000000000000D+00  0.00000000000000000D+00  0.00000000000000000D+00 -1.63683963080903900D-23
18 10  1.63683963080903900D-23  0.00000000000000000D+00 -1.54340176093013600D-07  0.00000000000000000D+00  0.00000000000000000D+00
19  1 -9.97950822292690200D-11 -5.62184753815980700D-10  7.15423040850953200D-10  0.00000000000000000D+00  0.00000000000000000D+00
19  2 -1.17222703985693200D-10  0.00000000000000000D+00  0.00000000000000000D+00  1.48317412564516900D-10  4.53301195988867100D-01
19  3 -4.53301195993826900D-01  0.00000000000000000D+00 -6.40992195356498500D-17  0.00000000000000000D+00  0.00000000000000000D+00
19  4 -2.43886131578070100D-10  0.00000000000000000D+00  0.00000000000000000D+00 -1.13907148229542800D-10 -1.26302752198798000D+00
19  5  1.26302752199541800D+00  0.00000000000000000D+00  1.78598863465736700D-16  0.00000000000000000D+00  0.00000000000000000D+00
19  6  0.00000000000000000D+00  0.00000000000000000D+00  0.00000000000000000D+00  0.00000000000000000D+00  0.00000000000000000D+00
19  7  0.00000000000000000D+00  0.00000000000000000D+00  0.00000000000000000D+00  0.00000000000000000D+00  3.05260538100936000D-09
19  8 -3.05259344590699300D-09  0.00000000000000000D+00 -4.31653923898728700D-25  0.00000000000000000D+00  0.00000000000000000D+00
19  9  1.81036564097001600D-11  0.00000000000000000D+00  0.00000000000000000D+00  0.00000000000000000D+00 -1.33662561368442600D-07
19 10  1.33662491484686200D-07  0.00000000000000000D+00  1.89005978825379000D-23  0.00000000000000000D+00  0.00000000000000000D+00
20  1  0.00000000000000000D+00  0.00000000000000000D+00  0.00000000000000000D+00 -1.40477266278975800D-17 -2.29424362923649000D-01
20  2  0.00000000000000000D+00  2.21111413031856000D-17  3.61114267195656000D-01  0.00000000000000000D+00  0.00000000000000000D+00
20  3  0.00000000000000000D+00  0.00000000000000000D+00  0.00000000000000000D+00 -3.06971406021702600D-17 -5.01338907908732300D-01
20  4  0.00000000000000000D+00 -6.13570499351214800D-18 -1.00206976296680200D-01  0.00000000000000000D+00  0.00000000000000000D+00
20  5  0.00000000000000000D+00  0.00000000000000000D+00  0.00000000000000000D+00  8.74143786176347400D-17  1.42763228926237900D+00
20  6  0.00000000000000000D+00  0.00000000000000000D+00  0.00000000000000000D+00  6.98626359648891900D-21  1.14098111196020100D-04
20  7  0.00000000000000000D+00 -2.53745915182819800D-20 -4.14412213999706700D-04  0.00000000000000000D+00  0.00000000000000000D+00
20  8  0.00000000000000000D+00  0.00000000000000000D+00  0.00000000000000000D+00  2.40541246566251000D-22  3.92846641396963100D-06
20  9  0.00000000000000000D+00  1.19645771160336900D-19  1.95402826037747200D-03  0.00000000000000000D+00  0.00000000000000000D+00
20 10  0.00000000000000000D+00  0.00000000000000000D+00  0.00000000000000000D+00 -9.94350126392041200D-22 -1.62395062427753300D-05
21  1  0.00000000000000000D+00  0.00000000000000000D+00  0.00000000000000000D+00 -2.29424364117310300D-01  1.40477267009858400D-17
21  2  0.00000000000000000D+00  3.61114268867785400D-01 -2.21111414055706100D-17  0.00000000000000000D+00  0.00000000000000000D+00
21  3  0.00000000000000000D+00  0.00000000000000000D+00  0.00000000000000000D+00 -5.01338907696355800D-01  3.06971405891663800D-17
21  4  0.00000000000000000D+00 -1.00206976778052500D-01  6.13570502298672500D-18  0.00000000000000000D+00  0.00000000000000000D+00
21  5  0.00000000000000000D+00  0.00000000000000000D+00  0.00000000000000000D+00  1.42763228897691400D+00 -8.74143786001556500D-17
21  6  0.00000000000000000D+00  0.00000000000000000D+00  0.00000000000000000D+00  1.14097254403116800D-04 -6.98621113478725200D-21
21  7  0.00000000000000000D+00 -4.14412832394011600D-04  2.53746293827617300D-20  0.00000000000000000D+00  0.00000000000000000D+00
21  8  0.00000000000000000D+00  0.00000000000000000D+00  0.00000000000000000D+00  3.92846578600557400D-06 -2.40541208115812300D-22
21  9  0.00000000000000000D+00  1.95402805975995800D-03 -1.19645758876462800D-19  0.00000000000000000D+00  0.00000000000000000D+00
21 10  0.00000000000000000D+00  0.00000000000000000D+00  0.00000000000000000D+00 -1.62395198283565500D-05  9.94350958241495800D-22
22  1 -1.04068019528609000D-01 -5.65243210241084400D-01  7.38967552244667100D-01  0.00000000000000000D+00  0.00000000000000000D+00
22  2  3.44029557048008400D-01  0.00000000000000000D+00  0.00000000000000000D+00 -5.18377881994147800D-01 -2.38821408293889900D-01
22  3 -2.38821408292007200D-01  4.77642816585897600D-01  1.33114114780223700D-28  0.00000000000000000D+00  0.00000000000000000D+00
22  4 -2.29950191570962900D-01  0.00000000000000000D+00  0.00000000000000000D+00  1.14903618974404800D-01  6.92223177095324700D-01
22  5  6.92223177069993300D-01 -1.38444635416531700D+00 -1.79099775173951100D-27  0.00000000000000000D+00  0.00000000000000000D+00
22  6 -3.36752804814605600D-04 -2.92765578565838300D-04  3.13993016235808100D-03  0.00000000000000000D+00  0.00000000000000000D+00
22  7 -3.19885408609182500D-03  0.00000000000000000D+00  0.00000000000000000D+00 -3.87943285779453800D-03  1.30033672015896300D-05
22  8  1.30033686171964200D-05 -2.60067358195716600D-05  1.00087194914548900D-28  0.00000000000000000D+00  0.00000000000000000D+00
22  9 -7.02700933545554200D-03  0.00000000000000000D+00  0.00000000000000000D+00  2.54609944281196500D-03 -1.16961112383411100D-05
22 10 -1.16961105697211400D-05  2.33922218081273100D-05  4.72732244387423500D-29  0.00000000000000000D+00  0.00000000000000000D+00
23  1  7.63401724815729800D-01  4.12846693762268500D+00 -5.26248128155540500D+00  0.00000000000000000D+00  0.00000000000000000D+00
23  2  3.57407847712446400D-01  0.00000000000000000D+00  0.00000000000000000D+00 -5.55610416258114400D-01 -6.32329784863226900D-03
23  3 -6.32329778538616600D-03  1.26465956340181500D-02  4.47166901904598800D-27  0.00000000000000000D+00  0.00000000000000000D+00
23  4  1.31958722332320400D+00  0.00000000000000000D+00  0.00000000000000000D+00  2.82505750123899600D-01  4.93457570635632300D-02
23  5  4.93457572661606700D-02 -9.86915143297249500D-02  1.43241817689498200D-26  0.00000000000000000D+00  0.00000000000000000D+00
23  6 -2.16431257441139200D-03 -7.44250784711328800D-03  1.07630867987856600D-02  0.00000000000000000D+00  0.00000000000000000D+00
23  7  3.86845030448855900D-03  0.00000000000000000D+00  0.00000000000000000D+00 -2.46587367800674900D-03 -2.35133529821452000D-05
23  8 -2.35133824893139000D-05  4.70267354722284700D-05 -2.08623593039994600D-27  0.00000000000000000D+00  0.00000000000000000D+00
23  9 -6.08515721884478900D-02  0.00000000000000000D+00  0.00000000000000000D+00  2.67014438168287600D-02  1.10198616807435300D-04
23 10  1.10197855129742200D-04 -2.20396471937262100D-04 -5.38526548078986200D-26  0.00000000000000000D+00  0.00000000000000000D+00
24  1  0.00000000000000000D+00  0.00000000000000000D+00  0.00000000000000000D+00  0.00000000000000000D+00  0.00000000000000000D+00
24  2  0.00000000000000000D+00  0.00000000000000000D+00  0.00000000000000000D+00  0.00000000000000000D+00  2.60974109261515500D-16
24  3 -2.60974109261515500D-16  0.00000000000000000D+00  2.46076580875739900D+00  0.00000000000000000D+00  0.00000000000000000D+00
24  4  0.00000000000000000D+00  0.00000000000000000D+00  0.00000000000000000D+00  0.00000000000000000D+00 -2.17407112671592800D-16
24  5  2.17407112671592800D-16  0.00000000000000000D+00 -2.04996576463769100D+00  0.00000000000000000D+00  0.00000000000000000D+00
24  6  0.00000000000000000D+00  0.00000000000000000D+00  0.00000000000000000D+00  0.00000000000000000D+00  0.00000000000000000D+00
24  7  0.00000000000000000D+00  0.00000000000000000D+00  0.00000000000000000D+00  0.00000000000000000D+00  1.06629162175753600D-24
24  8 -1.06629162175753600D-24  0.00000000000000000D+00  1.00542309442508100D-08  0.00000000000000000D+00  0.00000000000000000D+00
24  9  0.00000000000000000D+00  0.00000000000000000D+00  0.00000000000000000D+00  0.00000000000000000D+00 -2.08814904930551100D-23
24 10  2.08814904930551100D-23  0.00000000000000000D+00 -1.96894849020105700D-07  0.00000000000000000D+00  0.00000000000000000D+00
25  1 -3.61083346185961900D-11 -2.01439901853403100D-10  2.49296931292362700D-10  0.00000000000000000D+00  0.00000000000000000D+00
25  2  0.00000000000000000D+00  0.00000000000000000D+00  0.00000000000000000D+00  1.68472869716566100D-11 -2.13108570323185200D+00
25  3  2.13108570306515800D+00  1.66694075427807600D-10  3.01346944467378600D-16  0.00000000000000000D+00  0.00000000000000000D+00
25  4 -6.64849069325810300D-11  0.00000000000000000D+00  0.00000000000000000D+00  0.00000000000000000D+00  1.77532242913448500D+00
25  5 -1.77532242899626400D+00 -1.38221013015723400D-10 -2.51040110049471100D-16  0.00000000000000000D+00  0.00000000000000000D+00
25  6  0.00000000000000000D+00  0.00000000000000000D+00 -1.94415311949338200D-11  0.00000000000000000D+00  0.00000000000000000D+00
25  7  0.00000000000000000D+00  0.00000000000000000D+00  0.00000000000000000D+00  0.00000000000000000D+00 -8.70722002361795100D-09
25  8  8.70721925355335700D-09  0.00000000000000000D+00  1.23124754157824400D-24  0.00000000000000000D+00  0.00000000000000000D+00
25  9  2.61072873261536100D-11  0.00000000000000000D+00  0.00000000000000000D+00  1.50915306756493300D-11  1.70515941859323600D-07
25 10 -1.70515926618932300D-07  0.00000000000000000D+00 -2.41118673406918000D-23  0.00000000000000000D+00  0.00000000000000000D+00
26  1  0.00000000000000000D+00  0.00000000000000000D+00  0.00000000000000000D+00 -2.29056758548551200D-18 -3.74090429685578200D-02
26  2  0.00000000000000000D+00  2.84096857260076900D-18  4.63980701020082500D-02  0.00000000000000000D+00  0.00000000000000000D+00
26  3  0.00000000000000000D+00  0.00000000000000000D+00  0.00000000000000000D+00 -1.50760946383904800D-16 -2.46219441722367400D+00
26  4  0.00000000000000000D+00 -4.09672422924618700D-19 -6.69067936232575700D-03  0.00000000000000000D+00  0.00000000000000000D+00
26  5  0.00000000000000000D+00  0.00000000000000000D+00  0.00000000000000000D+00  1.25823684360966300D-16  2.05492457177331200D+00
26  6  0.00000000000000000D+00  0.00000000000000000D+00  0.00000000000000000D+00 -4.88474642822387200D-20 -7.97765978100155900D-04
26  7  0.00000000000000000D+00 -1.15272403606397800D-19 -1.88260338918864400D-03  0.00000000000000000D+00  0.00000000000000000D+00
26  8  0.00000000000000000D+00  0.00000000000000000D+00  0.00000000000000000D+00  7.97194831605423300D-23  1.30196095931909900D-06
26  9  0.00000000000000000D+00  2.80368788471615000D-19  4.57892101566347100D-03  0.00000000000000000D+00  0.00000000000000000D+00
26 10  0.00000000000000000D+00  0.00000000000000000D+00  0.00000000000000000D+00 -4.78925556218333100D-22 -7.82170621152597300D-06
27  1  0.00000000000000000D+00  0.00000000000000000D+00  0.00000000000000000D+00 -3.74090430078519600D-02  2.29056758789150400D-18
27  2  0.00000000000000000D+00  4.63980701412382900D-02 -2.84096857500283700D-18  0.00000000000000000D+00  0.00000000000000000D+00
27  3  0.00000000000000000D+00  0.00000000000000000D+00  0.00000000000000000D+00 -2.46219441726622500D+00  1.50760946386510200D-16
27  4  0.00000000000000000D+00 -6.69067928543247900D-03  4.09672418216418900D-19  0.00000000000000000D+00  0.00000000000000000D+00
27  5  0.00000000000000000D+00  0.00000000000000000D+00  0.00000000000000000D+00  2.05492457185669300D+00 -1.25823684366071700D-16
27  6  0.00000000000000000D+00  0.00000000000000000D+00  0.00000000000000000D+00 -7.97766512150935800D-04  4.88474969823376400D-20
27  7  0.00000000000000000D+00 -1.88260325152784900D-03  1.15272395177383600D-19  0.00000000000000000D+00  0.00000000000000000D+00
27  8  0.00000000000000000D+00  0.00000000000000000D+00  0.00000000000000000D+00  1.30195994241260000D-06 -7.97194208950343500D-23
27  9  0.00000000000000000D+00  4.57891856313804800D-03 -2.80368638302704200D-19  0.00000000000000000D+00  0.00000000000000000D+00
27 10  0.00000000000000000D+00  0.00000000000000000D+00  0.00000000000000000D+00 -7.82171879474372900D-06  4.78926326692753900D-22
28  1  7.67908738773277800D-03  4.19999532004653000D-02 -5.06790287739611300D-02  0.00000000000000000D+00  0.00000000000000000D+00
28  2  4.82715291103558600D-02  0.00000000000000000D+00  0.00000000000000000D+00 -6.23398888986514800D-02 -1.22999084172763200D+00
28  3 -1.22999084201665500D+00  2.45998168374428800D+00 -2.04346652147967300D-26  0.00000000000000000D+00  0.00000000000000000D+00
28  4  8.23624076752950800D-03  0.00000000000000000D+00  0.00000000000000000D+00  1.14784027699853200D-02  1.02772624262622200D+00
28  5  1.02772624286772100D+00 -2.05545248549394100D+00  1.70746107966209900D-26  0.00000000000000000D+00  0.00000000000000000D+00
28  6 -6.24528805868609600D-04 -4.83049689978769400D-06  7.56519383632521100D-03  0.00000000000000000D+00  0.00000000000000000D+00
28  7 -9.13930431302604200D-03  0.00000000000000000D+00  0.00000000000000000D+00 -2.09203564205846200D-02 -7.41507079401140400D-06
28  8 -7.41506614901941300D-06  1.48301369417271500D-05  3.28413386104031900D-28  0.00000000000000000D+00  0.00000000000000000D+00
28  9 -1.22962312255920700D-02  0.00000000000000000D+00  0.00000000000000000D+00  5.02803199520109600D-02  4.12497553962451700D-05
28 10  4.12498367145362900D-05 -8.24995921108128700D-05  5.74942118036506500D-27  0.00000000000000000D+00  0.00000000000000000D+00
29  1  2.20024564336404700D-02  1.04546935824181200D-01 -1.84555495834657600D-01  0.00000000000000000D+00  0.00000000000000000D+00
29  2 -5.45858898499053200D-02  0.00000000000000000D+00  0.00000000000000000D+00  6.22289059676436000D-02  6.11942082614925400D-02
29  3  6.11942082188392200D-02 -1.22388416480331800D-01 -3.01570430709513100D-27  0.00000000000000000D+00  0.00000000000000000D+00
29  4  1.14692751274447400D-01  0.00000000000000000D+00  0.00000000000000000D+00  5.08298721883845600D-02 -5.51719656456939700D-02
29  5 -5.51719656073629300D-02  1.10343931253056800D-01  2.71010775835547600D-27  0.00000000000000000D+00  0.00000000000000000D+00
29  6 -6.08890139360738300D-03  2.91032710915452000D-03  8.50439802799160500D-02  0.00000000000000000D+00  0.00000000000000000D+00
29  7 -2.09151291305360100D-01  0.00000000000000000D+00  0.00000000000000000D+00 -4.43339178592764700D-01 -1.24812950392052700D-04
29  8 -1.24812895369632900D-04  2.49625845760904300D-04  3.89023258492723400D-27  0.00000000000000000D+00  0.00000000000000000D+00
29  9 -1.39251119276867000D-01  0.00000000000000000D+00  0.00000000000000000D+00  1.14146824480887000D+00  4.54039539998990300D-04
29 10  4.54040569026672300D-04 -9.08080109025556000D-04  7.27550157374570100D-26  0.00000000000000000D+00  0.00000000000000000D+00
30  1  0.00000000000000000D+00  0.00000000000000000D+00  0.00000000000000000D+00 -7.50509358878184100D-19 -1.22571527827797200D-02
30  2  0.00000000000000000D+00  1.72027395771136700D-18  2.80951336295431900D-02  0.00000000000000000D+00  0.00000000000000000D+00
30  3  0.00000000000000000D+00  0.00000000000000000D+00  0.00000000000000000D+00  6.71266129437646600D-19  1.09629698938343100D-02
30  4  0.00000000000000000D+00 -2.33774093842024700D-18 -3.81794677305638700D-02  0.00000000000000000D+00  0.00000000000000000D+00
30  5  0.00000000000000000D+00  0.00000000000000000D+00  0.00000000000000000D+00 -6.02411881517371700D-19 -9.83845755229110000D-03
30  6  0.00000000000000000D+00  0.00000000000000000D+00  0.00000000000000000D+00 -1.27965870063436000D-17 -2.08991027466115400D-01
30  7  0.00000000000000000D+00 -2.71474470127832000D-17 -4.43366097653300200D-01  0.00000000000000000D+00  0.00000000000000000D+00
30  8  0.00000000000000000D+00  0.00000000000000000D+00  0.00000000000000000D+00  1.26186998003686000D-20  2.06085812979521400D-04
30  9  0.00000000000000000D+00  6.98221250776191100D-17  1.14031949711321600D+00  0.00000000000000000D+00  0.00000000000000000D+00
30 10  0.00000000000000000D+00  0.00000000000000000D+00  0.00000000000000000D+00 -4.68677668227592900D-20 -7.65433997242794200D-04
31  1  0.00000000000000000D+00  0.00000000000000000D+00  0.00000000000000000D+00 -1.22571519618463300D-02  7.50509308612171400D-19
31  2  0.00000000000000000D+00  2.80951317683366200D-02 -1.72027384374909700D-18  0.00000000000000000D+00  0.00000000000000000D+00
31  3  0.00000000000000000D+00  0.00000000000000000D+00  0.00000000000000000D+00  1.09629650489881000D-02 -6.71265832786174100D-19
31  4  0.00000000000000000D+00 -3.81794649001539100D-02  2.33774076511334600D-18  0.00000000000000000D+00  0.00000000000000000D+00
31  5  0.00000000000000000D+00  0.00000000000000000D+00  0.00000000000000000D+00 -9.83845339864671300D-03  6.02411627188406300D-19
31  6  0.00000000000000000D+00  0.00000000000000000D+00  0.00000000000000000D+00 -2.08991146672970500D-01  1.27965943054172000D-17
31  7  0.00000000000000000D+00 -4.43366195745906600D-01  2.71474530190246500D-17  0.00000000000000000D+00  0.00000000000000000D+00
31  8  0.00000000000000000D+00  0.00000000000000000D+00  0.00000000000000000D+00  2.06085779577106600D-04 -1.26186977551281300D-20
31  9  0.00000000000000000D+00  1.14031946877156600D+00 -6.98221233422508700D-17  0.00000000000000000D+00  0.00000000000000000D+00
31 10  0.00000000000000000D+00  0.00000000000000000D+00  0.00000000000000000D+00 -7.65433739505733400D-04  4.68677510414371700D-20
32  1 -3.32706649498402200D-02 -1.65292389239867900D-01  2.56925625942098400D-01  0.00000000000000000D+00  0.00000000000000000D+00
32  2 -4.27887000348080700D-02  0.00000000000000000D+00  0.00000000000000000D+00  9.96971363090295300D-02 -5.25207467530053100D-03
32  3 -5.25207475920527900D-03  1.05041494345060200D-02 -5.93229062960237400D-27  0.00000000000000000D+00  0.00000000000000000D+00
32  4 -1.21898706996585700D-01  0.00000000000000000D+00  0.00000000000000000D+00 -1.37426577274474000D-01  4.71522364484667500D-03
32  5  4.71522371741785100D-03 -9.43044736226496300D-03  5.13097666136095400D-27  0.00000000000000000D+00  0.00000000000000000D+00
32  6  5.85518165613493500D-02 -5.19649359189270600D-02 -8.99721032908044300D-01  0.00000000000000000D+00  0.00000000000000000D+00
32  7 -1.43053635598298900D-02  0.00000000000000000D+00  0.00000000000000000D+00 -3.47669908103348200D-02  2.07031334559846500D-05
32  8  2.07026043372680300D-05 -4.14057377931764500D-05 -3.74101117279629700D-26  0.00000000000000000D+00  0.00000000000000000D+00
32  9  1.44366568382417200D+00  0.00000000000000000D+00  0.00000000000000000D+00  8.94870123504012700D-02 -1.33243385091529700D-04
32 10 -1.33257476743061800D-04  2.66500861834645900D-04 -9.96317540259129500D-25  0.00000000000000000D+00  0.00000000000000000D+00
33  1  4.44335546583393500D-04  2.00718628476324500D-03 -4.01222539241938900D-03  0.00000000000000000D+00  0.00000000000000000D+00
33  2 -4.11661017245878000D-03  0.00000000000000000D+00  0.00000000000000000D+00  6.32642130185237300D-03  5.32189670146388500D-05
33  3  5.32189606508412000D-05 -1.06437927665461400D-04 -4.49937553900854200D-28  0.00000000000000000D+00  0.00000000000000000D+00
33  4  2.98009718732502800D-03  0.00000000000000000D+00  0.00000000000000000D+00 -1.40296726688654100D-03 -5.74439946313627000D-05
33  5 -5.74439875457844200D-05  1.14887982176918500D-04  5.00969379302593700D-28  0.00000000000000000D+00  0.00000000000000000D+00
33  6  1.88128778029259900D-04  4.35825194315826900D-04 -7.09269689599312800D-04  0.00000000000000000D+00  0.00000000000000000D+00
33  7 -6.63852817794181100D-03  0.00000000000000000D+00  0.00000000000000000D+00  7.32415786312706300D-03 -1.79791929045448100D-02
33  8 -1.79788612378701800D-02  3.59580541424149900D-02  2.34497230297725900D-23  0.00000000000000000D+00  0.00000000000000000D+00
33  9  6.00517013814243900D-04  0.00000000000000000D+00  0.00000000000000000D+00 -3.61195532227231300D-03  5.09096010211367700D-01
33 10  5.09086614733481500D-01 -1.01818262494484900D+00 -6.64285473985263000D-22  0.00000000000000000D+00  0.00000000000000000D+00
34  1  0.00000000000000000D+00  0.00000000000000000D+00  0.00000000000000000D+00 -1.26180325940250300D-04  7.72606144369045300D-21
34  2  0.00000000000000000D+00  6.04134523616083700D-04 -3.69913488091855600D-20  0.00000000000000000D+00  0.00000000000000000D+00
34  3  0.00000000000000000D+00  0.00000000000000000D+00  0.00000000000000000D+00  1.15464930753647400D-05 -7.06995439222887000D-22
34  4  0.00000000000000000D+00 -1.49970439502050700D-03  9.18273765498728500D-20  0.00000000000000000D+00  0.00000000000000000D+00
34  5  0.00000000000000000D+00  0.00000000000000000D+00  0.00000000000000000D+00 -1.24642176838482400D-05  7.63188008553289400D-22
34  6  0.00000000000000000D+00  0.00000000000000000D+00  0.00000000000000000D+00 -5.40785385315029900D-03  3.31124609455534100D-19
34  7  0.00000000000000000D+00  6.00657428654539700D-03 -3.67784451800480300D-19  0.00000000000000000D+00  0.00000000000000000D+00
34  8  0.00000000000000000D+00  0.00000000000000000D+00  0.00000000000000000D+00  3.59441030529380000D-02 -2.20086884905370900D-18
34  9  0.00000000000000000D+00 -3.14292487350416600D-03  1.92442288483979700D-19  0.00000000000000000D+00  0.00000000000000000D+00
34 10  0.00000000000000000D+00  0.00000000000000000D+00  0.00000000000000000D+00 -1.01817777681888500D+00  6.23433487406574400D-17
35  1  0.00000000000000000D+00  0.00000000000000000D+00  0.00000000000000000D+00 -7.72606477592072000D-21 -1.26180380361497700D-04
35  2  0.00000000000000000D+00  3.69913527341093300D-20  6.04134587717070200D-04  0.00000000000000000D+00  0.00000000000000000D+00
35  3  0.00000000000000000D+00  0.00000000000000000D+00  0.00000000000000000D+00  7.06992786947414600D-22  1.15464497589886000D-05
35  4  0.00000000000000000D+00 -9.18273726132468300D-20 -1.49970433072840200D-03  0.00000000000000000D+00  0.00000000000000000D+00
35  5  0.00000000000000000D+00  0.00000000000000000D+00  0.00000000000000000D+00 -7.63185098546144700D-22 -1.24641701582554500D-05
35  6  0.00000000000000000D+00  0.00000000000000000D+00  0.00000000000000000D+00 -3.31124593541451900D-19 -5.40785359324503000D-03
35  7  0.00000000000000000D+00  3.67784422078533900D-19  6.00657380113314400D-03  0.00000000000000000D+00  0.00000000000000000D+00
35  8  0.00000000000000000D+00  0.00000000000000000D+00  0.00000000000000000D+00  2.20086882648112500D-18  3.59441026842875500D-02
35  9  0.00000000000000000D+00 -1.92442282871337300D-19 -3.14292478183973400D-03  0.00000000000000000D+00  0.00000000000000000D+00
35 10  0.00000000000000000D+00  0.00000000000000000D+00  0.00000000000000000D+00 -6.23433487296253900D-17 -1.01817777663871200D+00
36  1  0.00000000000000000D+00  0.00000000000000000D+00  0.00000000000000000D+00  0.00000000000000000D+00  0.00000000000000000D+00
36  2  0.00000000000000000D+00  0.00000000000000000D+00  0.00000000000000000D+00  0.00000000000000000D+00 -7.20772763551362000D-23
36  3  7.20772763551362000D-23  0.00000000000000000D+00 -6.79627943725804600D-07  0.00000000000000000D+00  0.00000000000000000D+00
36  4  0.00000000000000000D+00  0.00000000000000000D+00  0.00000000000000000D+00  0.00000000000000000D+00  8.00626616156086200D-23
36  5 -8.00626616156086200D-23  0.00000000000000000D+00  7.54923393815970000D-07  0.00000000000000000D+00  0.00000000000000000D+00
36  6  0.00000000000000000D+00  0.00000000000000000D+00  0.00000000000000000D+00  0.00000000000000000D+00  0.00000000000000000D+00
36  7  0.00000000000000000D+00  0.00000000000000000D+00  0.00000000000000000D+00  0.00000000000000000D+00  3.80760401753979600D-18
36  8 -3.80760401753979600D-18  0.00000000000000000D+00  3.59024954857118700D-02  0.00000000000000000D+00  0.00000000000000000D+00
36  9  0.00000000000000000D+00  0.00000000000000000D+00  0.00000000000000000D+00  0.00000000000000000D+00 -1.07980961083519700D-16
36 10  1.07980961083519700D-16  0.00000000000000000D+00 -1.01816941834954800D+00  0.00000000000000000D+00  0.00000000000000000D+00
37  1  2.27416670041194400D-09  1.02449008510807500D-08 -2.06285123636833400D-08  0.00000000000000000D+00  0.00000000000000000D+00
37  2 -2.19424224204845400D-08  0.00000000000000000D+00  0.00000000000000000D+00  3.38342222344259700D-08 -5.88309023350830900D-07
37  3  5.88841088007784700D-07 -5.32064737176407200D-10  8.32276685806835100D-23  0.00000000000000000D+00  0.00000000000000000D+00
37  4  1.54685983445355100D-08  0.00000000000000000D+00  0.00000000000000000D+00 -7.87933894637787100D-09  6.53495941650802900D-07
37  5 -6.54069748296039400D-07  5.73806747111856400D-10 -9.24483996053542500D-23  0.00000000000000000D+00  0.00000000000000000D+00
37  6  3.52933858338132900D-09  6.85931932209351800D-09 -1.75555379341096600D-08  0.00000000000000000D+00  0.00000000000000000D+00
37  7 -3.53961674744838000D-08  0.00000000000000000D+00  0.00000000000000000D+00  3.87367702415627700D-08  3.10923774726844200D-02
37  8 -3.10925688265324100D-02  1.91353838402319500D-07 -4.39664240894941800D-18  0.00000000000000000D+00  0.00000000000000000D+00
37  9  1.73333923347391100D-08  0.00000000000000000D+00  0.00000000000000000D+00 -1.91624901074592400D-08 -8.81757869468423900D-01
37 10  8.81763293801188900D-01 -5.42433278099913400D-06  1.24685673896105600D-16  0.00000000000000000D+00  0.00000000000000000D+00
38  1  0.00000000000000000D+00  0.00000000000000000D+00  0.00000000000000000D+00  2.70266644935886700D-19  4.41393504275558300D-03
38  2  0.00000000000000000D+00 -6.42573959950582800D-19 -1.04943757305343000D-02  0.00000000000000000D+00  0.00000000000000000D+00
38  3  0.00000000000000000D+00  0.00000000000000000D+00  0.00000000000000000D+00 -3.84746077716429100D-20 -6.28358780787829400D-04
38  4  0.00000000000000000D+00  9.03771101313873500D-19  1.47601896477659600D-02  0.00000000000000000D+00  0.00000000000000000D+00
38  5  0.00000000000000000D+00  0.00000000000000000D+00  0.00000000000000000D+00  4.12073677841310500D-20  6.72989612629561300D-04
38  6  0.00000000000000000D+00  0.00000000000000000D+00  0.00000000000000000D+00 -5.93305103997566500D-17 -9.68972767690902000D-01
38  7  0.00000000000000000D+00  7.72648133129387200D-17  1.26187183451680100D+00  0.00000000000000000D+00  0.00000000000000000D+00
38  8  0.00000000000000000D+00  0.00000000000000000D+00  0.00000000000000000D+00  8.15755727359240400D-21  1.33227420356429300D-04
38  9  0.00000000000000000D+00 -2.82246840666605900D-17 -4.60959294855241900D-01  0.00000000000000000D+00  0.00000000000000000D+00
38 10  0.00000000000000000D+00  0.00000000000000000D+00  0.00000000000000000D+00  3.00975967421029600D-19  4.91547290248152100D-03
39  1  0.00000000000000000D+00  0.00000000000000000D+00  0.00000000000000000D+00  4.41393498664080500D-03 -2.70266641499961000D-19
39  2  0.00000000000000000D+00 -1.04943756064934000D-02  6.42573952355518900D-19  0.00000000000000000D+00  0.00000000000000000D+00
39  3  0.00000000000000000D+00  0.00000000000000000D+00  0.00000000000000000D+00 -6.28358778043584400D-04  3.84746076036119200D-20
39  4  0.00000000000000000D+00  1.47601895129321900D-02 -9.03771093057959000D-19  0.00000000000000000D+00  0.00000000000000000D+00
39  5  0.00000000000000000D+00  0.00000000000000000D+00  0.00000000000000000D+00  6.72989611040817000D-04 -4.12073676868517400D-20
39  6  0.00000000000000000D+00  0.00000000000000000D+00  0.00000000000000000D+00 -9.68972788287396400D-01  5.93305116608865400D-17
39  7  0.00000000000000000D+00  1.26187181785294800D+00 -7.72648122926056800D-17  0.00000000000000000D+00  0.00000000000000000D+00
39  8  0.00000000000000000D+00  0.00000000000000000D+00  0.00000000000000000D+00  1.33227321437961100D-04 -8.15755121678316600D-21
39  9  0.00000000000000000D+00 -4.60959291901230300D-01  2.82246838857855200D-17  0.00000000000000000D+00  0.00000000000000000D+00
39 10  0.00000000000000000D+00  0.00000000000000000D+00  0.00000000000000000D+00  4.91547333250167000D-03 -3.00975993751300000D-19
40  1  6.47318390108864600D-03  3.01552407505811800D-02 -5.57469953456169800D-02  0.00000000000000000D+00  0.00000000000000000D+00
40  2 -1.67086303474635100D-02  0.00000000000000000D+00  0.00000000000000000D+00  2.04330826770417700D-02  3.26719265435547600D-03
40  3  3.26719265465273300D-03 -6.53438530900821800D-03  2.10168549628715400D-29  0.00000000000000000D+00  0.00000000000000000D+00
40  4  3.71565796788581600D-02  0.00000000000000000D+00  0.00000000000000000D+00  1.50210592657780100D-02 -3.53036290822039900D-03
40  5 -3.53036290856173500D-03  7.06072581678214600D-03 -2.41333466506303600D-29  0.00000000000000000D+00  0.00000000000000000D+00
40  6  5.44460422376260800D-05  5.25693321224444000D-04  2.68002616968527300D-03  0.00000000000000000D+00  0.00000000000000000D+00
40  7  9.69236677138361800D-01  0.00000000000000000D+00  0.00000000000000000D+00 -1.26312083399608300D+00  7.95541486971714600D-05
40  8  7.95541724601703800D-05 -1.59108321158233300D-04  1.68010772725356000D-27  0.00000000000000000D+00  0.00000000000000000D+00
40  9 -7.87282404234770900D-03  0.00000000000000000D+00  0.00000000000000000D+00  4.64438970379483100D-01  3.04790522088537000D-03
40 10  3.04790499149376200D-03 -6.09581021237912200D-03 -1.62186016938875600D-26  0.00000000000000000D+00  0.00000000000000000D+00
41  1 -1.26140643051893900D-02 -6.11244233531131000D-02  1.00503028462762100D-01  0.00000000000000000D+00  0.00000000000000000D+00
41  2 -1.66244140885947100D-02  0.00000000000000000D+00  0.00000000000000000D+00  4.20517570952551700D-02 -8.16367563468033800D-04
41  3 -8.16367561521945200D-04  1.63273512499012800D-03  1.37593683386122600D-28  0.00000000000000000D+00  0.00000000000000000D+00
41  4 -5.34997486255324000D-02  0.00000000000000000D+00  0.00000000000000000D+00 -6.45274094037285200D-02  8.74555699814715700D-04
41  5  8.74555697945362600D-04 -1.74911139776074600D-03 -1.32168278547473000D-28  0.00000000000000000D+00  0.00000000000000000D+00
41  6  7.44282585086581600D-01  1.75417831979808000D+00 -2.20156064464160400D+00  0.00000000000000000D+00  0.00000000000000000D+00
41  7 -1.79011636037512100D-03  0.00000000000000000D+00  0.00000000000000000D+00  3.59461756560837100D-03 -1.07037574039074000D-05
41  8 -1.07053659011873500D-05  2.14091233052416200D-05 -1.13725069757209200D-25  0.00000000000000000D+00  0.00000000000000000D+00
41  9  7.81617467524557400D-01  0.00000000000000000D+00  0.00000000000000000D+00 -6.91235947805977500D-03 -1.30865460458188900D-04
41 10 -1.30869613685126900D-04  2.61735074143347600D-04 -2.93644278499802400D-25  0.00000000000000000D+00  0.00000000000000000D+00
42  1  2.36198951236176600D-04  1.07654800171250200D-03 -2.09658412397434000D-03  0.00000000000000000D+00  0.00000000000000000D+00
42  2 -1.78153606240147300D-03  0.00000000000000000D+00  0.00000000000000000D+00  2.73910803698160500D-03  1.67686361866356700D-05
42  3  1.67686348843898300D-05 -3.35372710710250400D-05 -9.20722711890603900D-29  0.00000000000000000D+00  0.00000000000000000D+00
42  4  1.50126518842129600D-03  0.00000000000000000D+00  0.00000000000000000D+00 -5.12901745702580800D-04 -1.82383226359901700D-05
42  5 -1.82383212733925500D-05  3.64766439092607900D-05  9.63393047739577200D-29  0.00000000000000000D+00  0.00000000000000000D+00
42  6 -2.97978219406732500D-05 -7.39658962884446300D-05  8.35064160719454300D-05  0.00000000000000000D+00  0.00000000000000000D+00
42  7  4.22866639798404200D-04  0.00000000000000000D+00  0.00000000000000000D+00 -3.81799817881302300D-04 -5.84764394204809700D-01
42  8 -5.84743835102059200D-01  1.16950822930686900D+00  1.45358367936800700D-21  0.00000000000000000D+00  0.00000000000000000D+00
42  9 -1.86243778586780900D-05  0.00000000000000000D+00  0.00000000000000000D+00  1.05089752550151500D-04  2.88242401116740700D-01
42 10  2.88232266723630600D-01 -5.76474667840371400D-01 -7.16528761192948800D-22  0.00000000000000000D+00  0.00000000000000000D+00
43  1  0.00000000000000000D+00  0.00000000000000000D+00  0.00000000000000000D+00 -7.75049318080647300D-05  4.74565159723630700D-21
43  2  0.00000000000000000D+00  3.12672380871249700D-04 -1.91450292139851300D-20  0.00000000000000000D+00  0.00000000000000000D+00
43  3  0.00000000000000000D+00  0.00000000000000000D+00  0.00000000000000000D+00  2.78524970055066200D-06 -1.70541724013810700D-22
43  4  0.00000000000000000D+00 -7.17633657182485400D-04  4.39409368151230600D-20  0.00000000000000000D+00  0.00000000000000000D+00
43  5  0.00000000000000000D+00  0.00000000000000000D+00  0.00000000000000000D+00 -2.95719582041746400D-06  1.81070039559010200D-22
43  6  0.00000000000000000D+00  0.00000000000000000D+00  0.00000000000000000D+00  3.36940028601730000D-04 -2.06309449941386000D-20
43  7  0.00000000000000000D+00 -2.59935730448618100D-04  1.59159473546419200D-20  0.00000000000000000D+00  0.00000000000000000D+00
43  8  0.00000000000000000D+00  0.00000000000000000D+00  0.00000000000000000D+00  1.16950733055400900D+00 -7.16093053919143500D-17
43  9  0.00000000000000000D+00 -3.82380904082489400D-06  2.34133042359880800D-22  0.00000000000000000D+00  0.00000000000000000D+00
43 10  0.00000000000000000D+00  0.00000000000000000D+00  0.00000000000000000D+00 -5.76481049704591800D-01  3.52981178163218400D-17
44  1  0.00000000000000000D+00  0.00000000000000000D+00  0.00000000000000000D+00 -4.74565140925934100D-21 -7.75049287380665100D-05
44  2  0.00000000000000000D+00  1.91450290080146100D-20  3.12672377507384700D-04  0.00000000000000000D+00  0.00000000000000000D+00
44  3  0.00000000000000000D+00  0.00000000000000000D+00  0.00000000000000000D+00  1.70541881193599600D-22  2.78525226757619500D-06
44  4  0.00000000000000000D+00 -4.39409371661343800D-20 -7.17633662915124500D-04  0.00000000000000000D+00  0.00000000000000000D+00
44  5  0.00000000000000000D+00  0.00000000000000000D+00  0.00000000000000000D+00 -1.81070220482558600D-22 -2.95719877522082300D-06
44  6  0.00000000000000000D+00  0.00000000000000000D+00  0.00000000000000000D+00  2.06309560572165800D-20  3.36940209281471500D-04
44  7  0.00000000000000000D+00 -1.59159477810838500D-20 -2.59935737413173300D-04  0.00000000000000000D+00  0.00000000000000000D+00
44  8  0.00000000000000000D+00  0.00000000000000000D+00  0.00000000000000000D+00  7.16093053926067600D-17  1.16950733056531800D+00
44  9  0.00000000000000000D+00 -2.34131622692699300D-22 -3.82378585513461900D-06  0.00000000000000000D+00  0.00000000000000000D+00
44 10  0.00000000000000000D+00  0.00000000000000000D+00  0.00000000000000000D+00 -3.52981178360036200D-17 -5.76481050026030200D-01
45  1  2.41160139999519600D-09  1.09953171743014500D-08 -2.13937156504626100D-08  0.00000000000000000D+00  0.00000000000000000D+00
45  2 -1.80686289839024500D-08  0.00000000000000000D+00  0.00000000000000000D+00  2.77617084244897900D-08 -6.41101114056057400D-08
45  3  6.44530202880247300D-08 -3.42909049139099000D-10  9.08975806317747900D-24  0.00000000000000000D+00  0.00000000000000000D+00
45  4  1.52990264823600200D-08  0.00000000000000000D+00  0.00000000000000000D+00 -5.13448637096229500D-09  6.71151641289025300D-08
45  5 -6.74882125070208800D-08  3.73048277812917700D-10 -9.51681957330475900D-24  0.00000000000000000D+00  0.00000000000000000D+00
45  6 -8.47128823073913000D-10 -1.69152698251266900D-09  3.90607951131951800D-09  0.00000000000000000D+00  0.00000000000000000D+00
45  7  4.29175907934242600D-09  0.00000000000000000D+00  0.00000000000000000D+00 -3.89371898170830900D-09  1.01281799510287700D+00
45  8 -1.01282986491671300D+00  1.18698138544709100D-05 -1.43218734066381700D-16  0.00000000000000000D+00  0.00000000000000000D+00
45  9 -1.55374151340556000D-09  0.00000000000000000D+00  0.00000000000000000D+00  1.07769558636342300D-09 -4.99273883283456000D-01
45 10  4.99279734345565900D-01 -5.85106207986450900D-06  7.06004176919730000D-17  0.00000000000000000D+00  0.00000000000000000D+00
46  1  0.00000000000000000D+00  0.00000000000000000D+00  0.00000000000000000D+00  0.00000000000000000D+00  0.00000000000000000D+00
46  2  0.00000000000000000D+00  0.00000000000000000D+00  0.00000000000000000D+00  0.00000000000000000D+00  7.87196150972650300D-24
46  3 -7.87196150972650300D-24  0.00000000000000000D+00  7.42259597544138300D-08  0.00000000000000000D+00  0.00000000000000000D+00
46  4  0.00000000000000000D+00  0.00000000000000000D+00  0.00000000000000000D+00  0.00000000000000000D+00 -8.24180797862614600D-24
46  5  8.24180797862614600D-24  0.00000000000000000D+00 -7.77133001183037500D-08  0.00000000000000000D+00  0.00000000000000000D+00
46  6  0.00000000000000000D+00  0.00000000000000000D+00  0.00000000000000000D+00  0.00000000000000000D+00  0.00000000000000000D+00
46  7  0.00000000000000000D+00  0.00000000000000000D+00  0.00000000000000000D+00  0.00000000000000000D+00 -1.24031062005708800D-16
46  8  1.24031062005708800D-16  0.00000000000000000D+00 -1.16950833732580200D+00  0.00000000000000000D+00  0.00000000000000000D+00
46  9  0.00000000000000000D+00  0.00000000000000000D+00  0.00000000000000000D+00  0.00000000000000000D+00  6.11417552422003100D-17
46 10 -6.11417552422003100D-17  0.00000000000000000D+00  5.76515199968178800D-01  0.00000000000000000D+00  0.00000000000000000D+00
47  1  0.00000000000000000D+00  0.00000000000000000D+00  0.00000000000000000D+00  0.00000000000000000D+00  0.00000000000000000D+00
47  2  0.00000000000000000D+00  0.00000000000000000D+00  0.00000000000000000D+00  0.00000000000000000D+00  0.00000000000000000D+00
47  3  0.00000000000000000D+00  0.00000000000000000D+00  0.00000000000000000D+00  0.00000000000000000D+00  0.00000000000000000D+00
47  4  0.00000000000000000D+00  0.00000000000000000D+00  0.00000000000000000D+00  0.00000000000000000D+00  4.47213595499956900D-01
47  5  4.47213595499956700D-01  4.47213595499957700D-01  0.00000000000000000D+00  0.00000000000000000D+00  0.00000000000000000D+00
47  6  0.00000000000000000D+00  0.00000000000000000D+00  0.00000000000000000D+00  0.00000000000000000D+00  0.00000000000000000D+00
47  7  0.00000000000000000D+00  0.00000000000000000D+00  0.00000000000000000D+00  0.00000000000000000D+00  0.00000000000000000D+00
47  8  0.00000000000000000D+00  0.00000000000000000D+00  0.00000000000000000D+00  0.00000000000000000D+00  0.00000000000000000D+00
47  9  0.00000000000000000D+00  0.00000000000000000D+00  0.00000000000000000D+00  0.00000000000000000D+00  0.00000000000000000D+00
47 10  0.00000000000000000D+00  0.00000000000000000D+00  0.00000000000000000D+00  0.00000000000000000D+00  0.00000000000000000D+00
48  1  0.00000000000000000D+00  0.00000000000000000D+00  0.00000000000000000D+00  0.00000000000000000D+00  0.00000000000000000D+00
48  2  0.00000000000000000D+00  0.00000000000000000D+00  0.00000000000000000D+00  0.00000000000000000D+00 -4.47213595499956300D-01
48  3 -4.47213595499957900D-01 -4.47213595499956800D-01  0.00000000000000000D+00  0.00000000000000000D+00  0.00000000000000000D+00
48  4  0.00000000000000000D+00  0.00000000000000000D+00  0.00000000000000000D+00  0.00000000000000000D+00  0.00000000000000000D+00
48  5  0.00000000000000000D+00  0.00000000000000000D+00  0.00000000000000000D+00  0.00000000000000000D+00  0.00000000000000000D+00
48  6  0.00000000000000000D+00  0.00000000000000000D+00  0.00000000000000000D+00  0.00000000000000000D+00  0.00000000000000000D+00
48  7  0.00000000000000000D+00  0.00000000000000000D+00  0.00000000000000000D+00  0.00000000000000000D+00  0.00000000000000000D+00
48  8  0.00000000000000000D+00  0.00000000000000000D+00  0.00000000000000000D+00  0.00000000000000000D+00  0.00000000000000000D+00
48  9  0.00000000000000000D+00  0.00000000000000000D+00  0.00000000000000000D+00  0.00000000000000000D+00  0.00000000000000000D+00
48 10  0.00000000000000000D+00  0.00000000000000000D+00  0.00000000000000000D+00  0.00000000000000000D+00  0.00000000000000000D+00
49  1  0.00000000000000000D+00  0.00000000000000000D+00  0.00000000000000000D+00  0.00000000000000000D+00  0.00000000000000000D+00
49  2  0.00000000000000000D+00  0.00000000000000000D+00  0.00000000000000000D+00  0.00000000000000000D+00  0.00000000000000000D+00
49  3  0.00000000000000000D+00  0.00000000000000000D+00  0.00000000000000000D+00  0.00000000000000000D+00  0.00000000000000000D+00
49  4  0.00000000000000000D+00  0.00000000000000000D+00  0.00000000000000000D+00  0.00000000000000000D+00  0.00000000000000000D+00
49  5  0.00000000000000000D+00  0.00000000000000000D+00  0.00000000000000000D+00  0.00000000000000000D+00  0.00000000000000000D+00
49  6  0.00000000000000000D+00  0.00000000000000000D+00  0.00000000000000000D+00  0.00000000000000000D+00  0.00000000000000000D+00
49  7  0.00000000000000000D+00  0.00000000000000000D+00  0.00000000000000000D+00  0.00000000000000000D+00  0.00000000000000000D+00
49  8  0.00000000000000000D+00  0.00000000000000000D+00  0.00000000000000000D+00  0.00000000000000000D+00  0.00000000000000000D+00
49  9  0.00000000000000000D+00  0.00000000000000000D+00  0.00000000000000000D+00  0.00000000000000000D+00 -4.47213595497958600D-01
49 10 -4.47213595501955800D-01 -4.47213595499957700D-01  0.00000000000000000D+00  0.00000000000000000D+00  0.00000000000000000D+00
50  1  0.00000000000000000D+00  0.00000000000000000D+00  0.00000000000000000D+00  0.00000000000000000D+00  0.00000000000000000D+00
50  2  0.00000000000000000D+00  0.00000000000000000D+00  0.00000000000000000D+00  0.00000000000000000D+00  1.06258827506263200D-11
50  3  1.06259691158191300D-11  1.06260873449102100D-11  0.00000000000000000D+00  0.00000000000000000D+00  0.00000000000000000D+00
50  4  0.00000000000000000D+00  0.00000000000000000D+00  0.00000000000000000D+00  0.00000000000000000D+00  0.00000000000000000D+00
50  5  0.00000000000000000D+00  0.00000000000000000D+00  0.00000000000000000D+00  0.00000000000000000D+00  0.00000000000000000D+00
50  6  0.00000000000000000D+00  0.00000000000000000D+00  0.00000000000000000D+00  0.00000000000000000D+00  0.00000000000000000D+00
50  7  0.00000000000000000D+00  0.00000000000000000D+00  0.00000000000000000D+00  0.00000000000000000D+00  4.47213595497944000D-01
50  8  4.47213595501969800D-01  4.47213595499957100D-01  0.00000000000000000D+00  0.00000000000000000D+00  0.00000000000000000D+00
50  9  0.00000000000000000D+00  0.00000000000000000D+00  0.00000000000000000D+00  0.00000000000000000D+00  0.00000000000000000D+00
50 10  0.00000000000000000D+00  0.00000000000000000D+00  0.00000000000000000D+00  0.00000000000000000D+00  0.00000000000000000D+00
 $END
 POPULATION ANALYSIS
LI           2.00022   0.99978   2.00091   0.99909
F            9.99978  -0.99978   9.99909  -0.99909
 MOMENTS AT POINT    1 X,Y,Z=  0.000000  0.000000 11.730621
 DIPOLE       0.000000  0.000000-40.766549
- - - NO-S OF CI STATE  1 E=     -106.7701421083 CREATED  9:57:11  7-MAY-2026    
 $OCCNO 
    2.0000000000    2.0000000000    2.0000000000    1.9992918383    1.9992918383
    1.0101439491    0.9897888474    0.0005555530    0.0005555529    0.0002384013
    0.0001329035    0.0000004494    0.0000004494    0.0000001913    0.0000000072
    0.0000000063    0.0000000063    0.0000000019    0.0000000019    0.0000000010
    0.0000000007    0.0000000002    0.0000000001    0.0000000001    0.0000000001
    0.0000000001    0.0000000001    0.0000000000    0.0000000000    0.0000000000
    0.0000000000    0.0000000000
 $END   
 $VEC   
 1  1 -1.71351286046238500D-05 -8.25645562996550300D-05  1.37139934812606800D-04  0.00000000000000000D+00  0.00000000000000000D+00
 1  2 -2.39868765111889600D-05  0.00000000000000000D+00  0.00000000000000000D+00  6.05050618663441000D-05 -7.83943158121794600D-07
 1  3 -7.83943030073069500D-07  1.56788618827251900D-06  0.00000000000000000D+00  0.00000000000000000D+00  0.00000000000000000D+00
 1  4 -7.42808832051695100D-05  0.00000000000000000D+00  0.00000000000000000D+00 -9.21143510387863700D-05  8.63553697679688600D-07
 1  5  8.63553573462214800D-07 -1.72710727122606800D-06  0.00000000000000000D+00  0.00000000000000000D+00  0.00000000000000000D+00
 1  6  1.00068425350519300D+00  5.09663452580460100D-04 -3.37518135049404800D-03  0.00000000000000000D+00  0.00000000000000000D+00
 1  7 -1.94448058011564200D-05  0.00000000000000000D+00  0.00000000000000000D+00  1.17333604036368100D-05  4.24536568180689800D-07
 1  8  4.24833265396282400D-07 -8.49369833175101200D-07  0.00000000000000000D+00  0.00000000000000000D+00  0.00000000000000000D+00
 1  9  1.10460885300634800D-03  0.00000000000000000D+00  0.00000000000000000D+00 -1.35238389137645500D-05 -8.07612286901635500D-08
 1 10 -8.07679128493940000D-08  1.61529141539489800D-07  0.00000000000000000D+00  0.00000000000000000D+00  0.00000000000000000D+00
 2  1 -1.00008281568233100D+00  1.09121247938023800D-03  1.07451522874746400D-03  0.00000000000000000D+00  0.00000000000000000D+00
 2  2  6.10759133810391200D-04  0.00000000000000000D+00  0.00000000000000000D+00 -5.18597611867283400D-04 -1.34440321312188400D-05
 2  3 -1.34440326414197100D-05  2.68880647725397500D-05  0.00000000000000000D+00  0.00000000000000000D+00  0.00000000000000000D+00
 2  4 -1.30983368489217800D-03  0.00000000000000000D+00  0.00000000000000000D+00  5.05719309522911300D-05  9.52741015358381100D-06
 2  5  9.52740978890550500D-06 -1.90548199422657300D-05  0.00000000000000000D+00  0.00000000000000000D+00  0.00000000000000000D+00
 2  6  7.76692965853318600D-06  1.40816568539830900D-05 -4.60837392595220200D-05  0.00000000000000000D+00  0.00000000000000000D+00
 2  7 -2.74619580100703100D-06  0.00000000000000000D+00  0.00000000000000000D+00  1.38142319031558200D-05  9.73477931067853900D-08
 2  8  9.73477794059427600D-08 -1.94695572519148700D-07  0.00000000000000000D+00  0.00000000000000000D+00  0.00000000000000000D+00
 2  9  7.63708420163126600D-05  0.00000000000000000D+00  0.00000000000000000D+00 -3.99788090054243700D-05 -3.45971012232726600D-07
 2 10 -3.45971096796731800D-07  6.91942109029461800D-07  0.00000000000000000D+00  0.00000000000000000D+00  0.00000000000000000D+00
 3  1 -1.22476055171190700D-04 -5.78857466912209500D-04  1.00101295699921700D-03  0.00000000000000000D+00  0.00000000000000000D+00
 3  2 -1.33818481501921400D-04  0.00000000000000000D+00  0.00000000000000000D+00  3.93833640905625300D-04 -5.54385582742744100D-07
 3  3 -5.54349289628020200D-07  1.10873487232994300D-06  0.00000000000000000D+00  0.00000000000000000D+00  0.00000000000000000D+00
 3  4 -5.75545479425139500D-04  0.00000000000000000D+00  0.00000000000000000D+00 -6.94106646985004800D-04 -4.06933895319997200D-07
 3  5 -4.06970553753341200D-07  8.13904449122493100D-07  0.00000000000000000D+00  0.00000000000000000D+00  0.00000000000000000D+00
 3  6 -6.35231189436712400D-03  4.90907340091221300D-01  5.54515762012095700D-01  0.00000000000000000D+00  0.00000000000000000D+00
 3  7 -3.99273026685111800D-04  0.00000000000000000D+00  0.00000000000000000D+00 -9.56224362737798700D-04  2.47968035135741800D-06
 3  8  2.48206171360716700D-06 -4.96174206534778200D-06  0.00000000000000000D+00  0.00000000000000000D+00  0.00000000000000000D+00
 3  9  5.63034819913130100D-02  0.00000000000000000D+00  0.00000000000000000D+00 -5.78703829662146100D-04 -4.39331220905048600D-05
 3 10 -4.39342180031888100D-05  8.78673400936937400D-05  0.00000000000000000D+00  0.00000000000000000D+00  0.00000000000000000D+00
 4  1  0.00000000000000000D+00  0.00000000000000000D+00  0.00000000000000000D+00  0.00000000000000000D+00 -1.38087803948221400D-04
 4  2  0.00000000000000000D+00  0.00000000000000000D+00  3.10475566920083100D-04  0.00000000000000000D+00  0.00000000000000000D+00
 4  3  0.00000000000000000D+00  0.00000000000000000D+00  0.00000000000000000D+00  0.00000000000000000D+00  2.27627365954081100D-05
 4  4  0.00000000000000000D+00  0.00000000000000000D+00 -4.07260243298025400D-04  0.00000000000000000D+00  0.00000000000000000D+00
 4  5  0.00000000000000000D+00  0.00000000000000000D+00  0.00000000000000000D+00  0.00000000000000000D+00 -2.44995274802592200D-05
 4  6  0.00000000000000000D+00  0.00000000000000000D+00  0.00000000000000000D+00 -1.33351565139523000D-08 -6.50269047878986100D-01
 4  7  0.00000000000000000D+00 -1.02619756059831100D-08 -5.00409898386962100D-01  0.00000000000000000D+00  0.00000000000000000D+00
 4  8  0.00000000000000000D+00  0.00000000000000000D+00  0.00000000000000000D+00  0.00000000000000000D+00  5.83217964179006600D-05
 4  9  0.00000000000000000D+00 -2.12075986140181000D-10 -1.03415705690941600D-02  0.00000000000000000D+00  0.00000000000000000D+00
 4 10  0.00000000000000000D+00  0.00000000000000000D+00  0.00000000000000000D+00  2.14701088599379000D-11  1.04695801587309700D-03
 5  1  0.00000000000000000D+00  0.00000000000000000D+00  0.00000000000000000D+00 -1.38087828097014900D-04  0.00000000000000000D+00
 5  2  0.00000000000000000D+00  3.10475644072120500D-04  0.00000000000000000D+00  0.00000000000000000D+00  0.00000000000000000D+00
 5  3  0.00000000000000000D+00  0.00000000000000000D+00  0.00000000000000000D+00  2.27627531423982300D-05  0.00000000000000000D+00
 5  4  0.00000000000000000D+00 -4.07260387562197200D-04  0.00000000000000000D+00  0.00000000000000000D+00  0.00000000000000000D+00
 5  5  0.00000000000000000D+00  0.00000000000000000D+00  0.00000000000000000D+00 -2.44995437384293700D-05  0.00000000000000000D+00
 5  6  0.00000000000000000D+00  0.00000000000000000D+00  0.00000000000000000D+00 -6.50269016750203500D-01  1.33351571494444200D-08
 5  7  0.00000000000000000D+00 -5.00409934722299700D-01  1.02619748796856800D-08  0.00000000000000000D+00  0.00000000000000000D+00
 5  8  0.00000000000000000D+00  0.00000000000000000D+00  0.00000000000000000D+00  5.83216022132676800D-05  0.00000000000000000D+00
 5  9  0.00000000000000000D+00 -1.03415650519040600D-02  2.12076014159545700D-10  0.00000000000000000D+00  0.00000000000000000D+00
 5 10  0.00000000000000000D+00  0.00000000000000000D+00  0.00000000000000000D+00  1.04695782993006900D-03 -2.14701125857201100D-11
 6  1  1.97196742498918300D-03  7.10935949746823600D-01 -9.60768343405474900D-03  0.00000000000000000D+00  0.00000000000000000D+00
 6  2 -6.11306166235194500D-05  0.00000000000000000D+00  0.00000000000000000D+00  7.04975056061738800D-04  1.60115817695197200D-04
 6  3  1.60115731329393800D-04 -3.20231549024610600D-04  0.00000000000000000D+00  0.00000000000000000D+00  0.00000000000000000D+00
 6  4  6.80076460322630800D-03  0.00000000000000000D+00  0.00000000000000000D+00  7.06148454249307600D-04 -2.19283203284609200D-04
 6  5 -2.19283067572276300D-04  4.38566270856716500D-04  0.00000000000000000D+00  0.00000000000000000D+00  0.00000000000000000D+00
 6  6 -2.50464395729263100D-04 -1.17825088156310800D-03 -8.35792522346171700D-05  0.00000000000000000D+00  0.00000000000000000D+00
 6  7 -4.61627880332604700D-01  0.00000000000000000D+00  0.00000000000000000D+00 -3.59085244482830100D-01 -2.58298629363757800D-05
 6  8 -2.58298385011557600D-05  5.16597014373934000D-05  0.00000000000000000D+00  0.00000000000000000D+00  0.00000000000000000D+00
 6  9 -1.89253194558834700D-04  0.00000000000000000D+00  0.00000000000000000D+00  7.13625445757685500D-03 -4.34477889031078900D-04
 6 10 -4.34478195726497000D-04  8.68956084757575600D-04  0.00000000000000000D+00  0.00000000000000000D+00  0.00000000000000000D+00
 7  1 -1.39981277275326800D-03 -7.10015077638404700D-01  4.69921571881019900D-03  0.00000000000000000D+00  0.00000000000000000D+00
 7  2 -1.01459220052126600D-03  0.00000000000000000D+00  0.00000000000000000D+00  4.93370948207203000D-04  7.96049751732066800D-05
 7  3  7.96050144528461000D-05 -1.59209989626021300D-04  0.00000000000000000D+00  0.00000000000000000D+00  0.00000000000000000D+00
 7  4 -3.58861726067471200D-03  0.00000000000000000D+00  0.00000000000000000D+00  8.14303652219514900D-04 -4.24538043617761800D-05
 7  5 -4.24538883012174600D-05  8.49076926630902700D-05  0.00000000000000000D+00  0.00000000000000000D+00  0.00000000000000000D+00
 7  6 -2.42682251173102400D-04 -9.37176059284223800D-04  4.10681818507905100D-04  0.00000000000000000D+00  0.00000000000000000D+00
 7  7 -4.61090773453510800D-01  0.00000000000000000D+00  0.00000000000000000D+00 -3.59499791088593000D-01 -2.23848629338575100D-05
 7  8 -2.23848368570561400D-05  4.47696997907273700D-05  0.00000000000000000D+00  0.00000000000000000D+00  0.00000000000000000D+00
 7  9 -5.07165948369027800D-04  0.00000000000000000D+00  0.00000000000000000D+00  1.05886898890773000D-02 -4.31754473644389500D-04
 7 10 -4.31754745697654500D-04  8.63509219342043900D-04  0.00000000000000000D+00  0.00000000000000000D+00  0.00000000000000000D+00
 8  1  0.00000000000000000D+00  0.00000000000000000D+00  0.00000000000000000D+00 -5.70342757351148400D-03  1.10100547004878800D-08
 8  2  0.00000000000000000D+00  1.78264743815073800D-02 -3.44127265919218300D-08  0.00000000000000000D+00  0.00000000000000000D+00
 8  3  0.00000000000000000D+00  0.00000000000000000D+00  0.00000000000000000D+00  5.42648806364030800D-04 -1.04769408316717300D-09
 8  4  0.00000000000000000D+00 -2.54597043098621400D-02  4.91481361050492400D-08  0.00000000000000000D+00  0.00000000000000000D+00
 8  5  0.00000000000000000D+00  0.00000000000000000D+00  0.00000000000000000D+00 -3.17416705481091100D-04  6.12874232885643800D-10
 8  6  0.00000000000000000D+00  0.00000000000000000D+00  0.00000000000000000D+00 -1.27042311187774400D-01  2.45246101999358100D-07
 8  7  0.00000000000000000D+00 -3.82560714226694900D-01  7.38506115878079900D-07  0.00000000000000000D+00  0.00000000000000000D+00
 8  8  0.00000000000000000D+00  0.00000000000000000D+00  0.00000000000000000D+00  1.99444484954599700D-04 -3.85013359161722500D-10
 8  9  0.00000000000000000D+00  1.15075600370761000D+00 -2.22145225759168200D-06  0.00000000000000000D+00  0.00000000000000000D+00
 8 10  0.00000000000000000D+00  0.00000000000000000D+00  0.00000000000000000D+00 -9.04210153288790300D-04  1.74551322081780800D-09
 9  1  0.00000000000000000D+00  0.00000000000000000D+00  0.00000000000000000D+00 -1.10100609364883300D-08 -5.70342604626580100D-03
 9  2  0.00000000000000000D+00  3.44127369982590100D-08  1.78264710943575300D-02  0.00000000000000000D+00  0.00000000000000000D+00
 9  3  0.00000000000000000D+00  0.00000000000000000D+00  0.00000000000000000D+00  1.04747272449899200D-09  5.42648281402427100D-04
 9  4  0.00000000000000000D+00 -4.91481409424084600D-08 -2.54597024560249900D-02  0.00000000000000000D+00  0.00000000000000000D+00
 9  5  0.00000000000000000D+00  0.00000000000000000D+00  0.00000000000000000D+00 -6.12690308433386700D-10 -3.17415873666933600D-04
 9  6  0.00000000000000000D+00  0.00000000000000000D+00  0.00000000000000000D+00 -2.45246106411349800D-07 -1.27042308958097500D-01
 9  7  0.00000000000000000D+00 -7.38506130376362900D-07 -3.82560706788832800D-01  0.00000000000000000D+00  0.00000000000000000D+00
 9  8  0.00000000000000000D+00  0.00000000000000000D+00  0.00000000000000000D+00  3.85013330806916300D-10  1.99444499709821200D-04
 9  9  0.00000000000000000D+00  2.22145226023827300D-06  1.15075600242994500D+00  0.00000000000000000D+00  0.00000000000000000D+00
 9 10  0.00000000000000000D+00  0.00000000000000000D+00  0.00000000000000000D+00 -1.74551310832861800D-09 -9.04210211837321800D-04
10  1  1.12622592004288500D-02  5.63204984023575600D-02 -9.78860449366464200D-02  0.00000000000000000D+00  0.00000000000000000D+00
10  2 -2.67856520524745200D-02  0.00000000000000000D+00  0.00000000000000000D+00  3.26907438829568100D-02  4.56758659475349700D-03
10  3  4.56758648060382200D-03 -9.13517307535734400D-03  0.00000000000000000D+00  0.00000000000000000D+00  0.00000000000000000D+00
10  4  6.67801460038833000D-02  0.00000000000000000D+00  0.00000000000000000D+00  2.86061971652499800D-02 -5.02982779569246000D-03
10  5 -5.02982777005888600D-03  1.00596555657513800D-02  0.00000000000000000D+00  0.00000000000000000D+00  0.00000000000000000D+00
10  6 -1.20728435731459100D-03 -7.50589424165596200D-04  1.17833717523515000D-02  0.00000000000000000D+00  0.00000000000000000D+00
10  7 -1.14481059485123200D-01  0.00000000000000000D+00  0.00000000000000000D+00 -3.73707457132140400D-01 -1.17139806952031800D-04
10  8 -1.17139798758039800D-04  2.34279605709291200D-04  0.00000000000000000D+00  0.00000000000000000D+00  0.00000000000000000D+00
10  9 -2.00860995013388400D-02  0.00000000000000000D+00  0.00000000000000000D+00  1.15526661661713300D+00  5.35325988202480600D-04
10 10  5.35325967138284500D-04 -1.07065195534076500D-03  0.00000000000000000D+00  0.00000000000000000D+00  0.00000000000000000D+00
11  1 -1.76158371784023100D-02 -8.57968068483935800D-02  1.41649451089138700D-01  0.00000000000000000D+00  0.00000000000000000D+00
11  2 -2.26450128895668200D-02  0.00000000000000000D+00  0.00000000000000000D+00  6.00293804992680600D-02 -6.93796255787340100D-04
11  3 -6.93796241527235700D-04  1.38759249731475900D-03  0.00000000000000000D+00  0.00000000000000000D+00  0.00000000000000000D+00
11  4 -7.76828512111973900D-02  0.00000000000000000D+00  0.00000000000000000D+00 -9.45289717041303000D-02  6.86793963189419500D-04
11  5  6.86793930262802300D-04 -1.37358789345265100D-03  0.00000000000000000D+00  0.00000000000000000D+00  0.00000000000000000D+00
11  6  5.84979159947337300D-02 -5.27601934828062500D-02 -9.00888351750137400D-01  0.00000000000000000D+00  0.00000000000000000D+00
11  7  3.41341163996750400D-04  0.00000000000000000D+00  0.00000000000000000D+00 -1.17827914451493200D-03  2.91331742529381100D-05
11  8  2.91326407016568600D-05 -5.82658149544450000D-05  0.00000000000000000D+00  0.00000000000000000D+00  0.00000000000000000D+00
11  9  1.44164814097563900D+00  0.00000000000000000D+00  0.00000000000000000D+00 -3.72173499280717400D-04 -1.66005965243875000D-04
11 10 -1.66020146356751700D-04  3.32026111600626800D-04  0.00000000000000000D+00  0.00000000000000000D+00  0.00000000000000000D+00
12  1 -1.28178261054183700D-11 -5.74777792922745100D-11  1.08815788013749800D-10  8.23510536238955000D-01  3.23429431066995700D-08
12  2  6.25878888659400300D-11  1.32003023709146800D-01  5.18322987856169800D-09 -5.60024415029818100D-11  0.00000000000000000D+00
12  3 -1.43677467307518700D-11  2.11293919580255500D-11  1.73103367354277000D-10 -1.78806167806892500D-01 -7.02247146290743600D-09
12  4 -6.97221315982898100D-11  6.93683464736963200D-02  2.72454452211885800D-09 -2.33254281252429400D-11  1.11071780331147100D-11
12  5  0.00000000000000000D+00 -1.84624602408839700D-11 -1.33020994332384300D-10  3.82935531192697500D-01  1.50395797241650500D-08
12  6  0.00000000000000000D+00  0.00000000000000000D+00  0.00000000000000000D+00  2.35215595685060800D-04  0.00000000000000000D+00
12  7  0.00000000000000000D+00  1.64706469640559500D-03  6.46872466307498500D-11  0.00000000000000000D+00  0.00000000000000000D+00
12  8  0.00000000000000000D+00  0.00000000000000000D+00  0.00000000000000000D+00 -1.38921510249376500D-05  0.00000000000000000D+00
12  9  0.00000000000000000D+00 -5.75267501206465400D-03 -2.25932914168810800D-10  0.00000000000000000D+00  0.00000000000000000D+00
12 10  0.00000000000000000D+00  0.00000000000000000D+00  0.00000000000000000D+00  2.93945890717305600D-05  0.00000000000000000D+00
13  1 -2.93065006921049600D-10 -1.31199995666077700D-09  2.49172879017748100D-09  3.24701004950614100D-08 -8.23518675174852100D-01
13  2  1.44737043287211200D-09  5.21232264440979400D-09 -1.31992408794709200D-01 -1.27266613798457500D-09 -1.60046921157599800D-10
13  3 -3.40001384717999700D-10  5.00048305875838800D-10  3.97586334206219300D-09 -6.75453019895049500D-09  1.78806687106355900D-01
13  4 -1.60288162965889100D-09  2.52702049270238400D-09 -6.93716062872333900D-02 -5.45542620182366800D-10  2.56327329565152600D-10
13  5  1.73006032261956100D-10 -4.29333361827480500D-10 -3.05355363764916200D-09  1.45635917920410600D-08 -3.82936691285313500D-01
13  6  0.00000000000000000D+00  1.21362471253419000D-11 -6.77757353191396700D-11  0.00000000000000000D+00 -2.35215328945442300D-04
13  7  0.00000000000000000D+00  6.33338084255158500D-11 -1.64708268875421700D-03  2.05147583791109900D-11  0.00000000000000000D+00
13  8  0.00000000000000000D+00  0.00000000000000000D+00  0.00000000000000000D+00  0.00000000000000000D+00  1.38922950637724900D-05
13  9  1.78339020751481300D-10 -2.20317556268058200D-10  5.75275275646577300D-03 -9.06096453114719400D-11  0.00000000000000000D+00
13 10  0.00000000000000000D+00  0.00000000000000000D+00  0.00000000000000000D+00  0.00000000000000000D+00 -2.93951067151818500D-05
14  1  4.20316445596261400D-04  5.03734657680823000D-03 -1.62371488707763200D-03  0.00000000000000000D+00 -2.83182156939128300D-11
14  2 -6.80816972422454800D-01  0.00000000000000000D+00  1.52603692041912700D-11 -3.23173204365990800D-01 -1.28916805709213500D-01
14  3 -1.28916762300496000D-01  2.57833568009709800D-01  0.00000000000000000D+00 -7.28933221125009800D-11 -8.73249878265815400D-10
14  4 -4.16411156145253500D-03  0.00000000000000000D+00  0.00000000000000000D+00  5.51893377427459700D-02  2.58848082317306900D-01
14  5  2.58848043514740300D-01 -5.17696125832046700D-01  0.00000000000000000D+00  6.06474980140330900D-11  7.25902504428046100D-10
14  6  1.89686132382114900D-04  2.07780583114059600D-04 -2.01364232032814700D-03  0.00000000000000000D+00  0.00000000000000000D+00
14  7  3.42859529048365200D-04  0.00000000000000000D+00  0.00000000000000000D+00  3.90748111254014600D-03  2.79199291118976200D-05
14  8  2.79199295289084000D-05 -5.58398586410405400D-05  0.00000000000000000D+00  0.00000000000000000D+00  0.00000000000000000D+00
14  9  2.17412514752792800D-03  0.00000000000000000D+00  0.00000000000000000D+00 -1.51584469883590600D-02 -4.87503874569726800D-05
14 10 -4.87504044727889700D-05  9.75007919297618400D-05  0.00000000000000000D+00  0.00000000000000000D+00  0.00000000000000000D+00
15  1 -2.28408376519183500D-01 -1.02167729123173600D+00  1.94347057458639300D+00 -9.49512326944988300D-11  5.77313749588807500D-10
15  2  1.12968424867954100D+00  5.85563304224455200D-11  6.37233713951024100D-10 -9.98871289420261800D-01 -1.97290822634025600D-01
15  3 -1.97290815198886500D-01  3.94581637832912100D-01 -8.96290598973178200D-11 -5.39954623796412700D-10 -7.37120015491134400D-09
15  4 -1.25268356293209600D+00 -5.67055068863897900D-11 -1.22269198242982300D-10 -4.26053357427918700D-01  1.70354960391169300D-01
15  5  1.70354951560555100D-01 -3.40709911951723500D-01  7.47249357398942400D-11  4.71142994593345900D-10  6.74283643691144000D-09
15  6  5.90642783870973800D-03  9.48863077654422400D-03 -5.29913894271873800D-02  0.00000000000000000D+00  0.00000000000000000D+00
15  7  3.37463208058535000D-04  0.00000000000000000D+00  0.00000000000000000D+00  1.60642975172871300D-02  6.13163239314703900D-05
15  8  6.13163439761291200D-05 -1.22632667908054700D-04  0.00000000000000000D+00  0.00000000000000000D+00  0.00000000000000000D+00
15  9  1.39411762009979000D-01  0.00000000000000000D+00  0.00000000000000000D+00 -7.09396672834185800D-02 -1.44469750074359900D-04
15 10 -1.44469271315800000D-04  2.88939021390159700D-04  0.00000000000000000D+00  0.00000000000000000D+00  0.00000000000000000D+00
16  1  3.88679771840755900D-10  2.14634865398783400D-09 -2.60621885150752500D-09  7.08698479999701900D-01  3.30546918069219200D-07
16  2 -1.45333477618089100D-10 -1.19040309556448100D+00 -5.55213151364857900D-07  3.40013891566013800D-10 -3.64849750666489600D-10
16  3 -8.32708896654983100D-10  1.19755864732147600D-09  1.52739739381793600D-11  4.34326386080770500D-01  2.03030462981492500D-07
16  4  5.01066308211156700D-10  1.08057587212227400D+00  5.03998899081353800D-07 -3.49454742491931100D-10  3.29437527862532900D-10
16  5  7.16420441052763600D-10 -1.04585796891530000D-09  0.00000000000000000D+00 -8.64846706522308800D-01 -4.03776890181002500D-07
16  6  0.00000000000000000D+00  0.00000000000000000D+00 -1.28757701202805000D-11 -1.19041469213496700D-04 -5.55373920152307100D-11
16  7  0.00000000000000000D+00  7.20930448921666900D-03  3.36256107760268500D-09  0.00000000000000000D+00  0.00000000000000000D+00
16  8  0.00000000000000000D+00  0.00000000000000000D+00  0.00000000000000000D+00 -6.72912791245747900D-05 -3.13860123435422300D-11
16  9  3.41927410085021400D-11 -2.97742257751452900D-02 -1.38872156731458600D-08  0.00000000000000000D+00  0.00000000000000000D+00
16 10  0.00000000000000000D+00  0.00000000000000000D+00  0.00000000000000000D+00  1.90629269666600400D-04  8.89137861767619600D-11
17  1 -3.99330644211547500D-10 -2.06925242462205900D-09  2.91033636283604500D-09 -3.30565626690876100D-07  7.08637585519392600D-01
17  2  1.31868422394111000D-10  5.55285549685146300D-07 -1.19033675387686700D+00 -3.01382272181855800D-11  1.40205659932067000D-10
17  3  2.41894681523121700D-10 -3.82100341455155500D-10  3.51714181901317300D-10 -2.02355730203722300D-07  4.34331564052843500D-01
17  4 -1.05709628498318500D-09 -5.04064035827020700D-07  1.08057343920039700D+00 -4.08426770904748700D-10 -1.43371468866207700D-10
17  5 -2.60490815270824000D-10  4.03862284136980100D-10 -2.58124064392630300D-10  4.03163636215462600D-07 -8.64858586770610600D-01
17  6  0.00000000000000000D+00  0.00000000000000000D+00 -4.41470551369499800D-11  5.55217819891196700D-11 -1.19042770614748000D-04
17  7  0.00000000000000000D+00 -3.36296820649741500D-09  7.20931659208393300D-03  1.09929464829272900D-11  0.00000000000000000D+00
17  8  0.00000000000000000D+00  0.00000000000000000D+00  0.00000000000000000D+00  3.13897519473043500D-11 -6.72916007908620600D-05
17  9  1.18669548638209500D-10  1.38890014219231400D-08 -2.97742522597923700D-02 -4.90860934326470800D-11  0.00000000000000000D+00
17 10  0.00000000000000000D+00  0.00000000000000000D+00  0.00000000000000000D+00 -8.89235632182210000D-11  1.90629619140184800D-04
18  1 -4.24866499063093800D-09 -2.31980457738272000D-08  2.89298936926186600D-08  5.03169061898940400D-06  5.07229385965730100D-01
18  2 -6.52261994457725900D-09 -3.36398554262208500D-07 -3.38677466990463400D-02  8.13160079158520200D-09  3.36205655436364200D-09
18  3  4.65168942222544000D-09 -8.01374597658907000D-09 -1.27195725675383600D-09  9.35613456174642100D-06  9.43064269503982400D-01
18  4 -6.51806119355338700D-09 -6.07426179049140900D-06 -6.12371947692386800D-01 -4.55570623321963200D-09 -3.55755852277623300D-09
18  5 -4.64225352715828900D-09  8.19981204993450300D-09  1.07016459393752500D-09 -1.54174705768023600D-05 -1.55419228816582900D+00
18  6  3.97524042116528300D-11  6.28730846354799900D-11 -3.62839085787580700D-10  3.44306319082710600D-10  3.47153386842822800D-05
18  7  0.00000000000000000D+00 -4.21434550423678900D-08 -4.24863862815246100D-03  5.64540412117883300D-11  0.00000000000000000D+00
18  8  0.00000000000000000D+00  0.00000000000000000D+00  0.00000000000000000D+00  4.08022296213353100D-10  4.11340771958488400D-05
18  9  1.00036569716367400D-09  1.74548593082560100D-07  1.75968932703335900D-02 -2.63055619213545000D-10  0.00000000000000000D+00
18 10  0.00000000000000000D+00  0.00000000000000000D+00  0.00000000000000000D+00 -1.07566897607104800D-09 -1.08442389784687400D-04
19  1  5.46694448650624600D-09  4.22800806049161500D-09 -8.07969901359822100D-08  5.07303280265775100D-01 -5.03113601509914800D-06
19  2  7.42713564137361000D-08 -3.39527713247493800D-02  3.36069452461677500D-07 -6.58144119311409800D-08 -1.27303846833732500D-08
19  3 -1.51922850056163700D-08  2.79226696889895900D-08 -2.04157512352586700D-09  9.43053568866949400D-01 -9.35375864864048900D-06
19  4  1.10068154242502500D-07 -6.12369740664926100D-01  6.07422594882181200D-06 -3.59652187472926800D-08  5.44389918959322300D-09
19  5  7.50136373838283000D-09 -1.29452629279760100D-08  1.70571084445199000D-09 -1.55416946376706000D+00  1.54159852479370300D-05
19  6  6.73515941941605200D-11  1.16978841073480500D-10 -5.15937348150287600D-10  3.47166903212695100D-05 -3.44293339039909500D-10
19  7  3.40554495776562400D-11 -4.24866442463293400D-03  4.21434063585872800D-08 -2.06826124162483300D-10  0.00000000000000000D+00
19  8  0.00000000000000000D+00  0.00000000000000000D+00  0.00000000000000000D+00  4.11345950906933400D-05 -4.08019607573096700D-10
19  9  1.35155695457991000D-09  1.75969650517962500D-02 -1.74547949808504700D-07  8.30223703924351500D-10  0.00000000000000000D+00
19 10  0.00000000000000000D+00 -1.55137030487959700D-11  0.00000000000000000D+00 -1.08442994464327000D-04  1.07566604130497300D-09
20  1 -3.03060625267016000D-01 -1.66563621161767600D+00  2.04366560472941600D+00  2.04672040858536700D-10 -6.68023767300783000D-09
20  2 -1.39042683520156200D+00 -2.84081650354257100D-10  2.43757323256088700D-09  1.82632572255449000D+00  3.58246096459216200D-01
20  3  3.58246973045167400D-01 -7.16493069504383500D-01  2.41800344793846700D-08 -1.11575970162418000D-08  5.05293436404981700D-08
20  4 -4.19971016969599800D-01  1.94217092841261900D-10  5.19411609630712500D-09 -9.74744432018918100D-01 -3.79241023828763400D-01
20  5 -3.79241754483642700D-01  7.58482778312405500D-01 -1.90219329635780600D-08  8.65084439768561100D-09 -3.12853875423875500D-08
20  6  6.87914234124404700D-03  1.10587180733525600D-02 -6.13368625650551500D-02  0.00000000000000000D+00  0.00000000000000000D+00
20  7 -1.04681388990546300D-03  0.00000000000000000D+00  3.82736222819723600D-11  6.20078185087081400D-03 -7.63376153376970000D-06
20  8 -7.63374047187228900D-06  1.52675020061548200D-05  0.00000000000000000D+00  0.00000000000000000D+00  0.00000000000000000D+00
20  9  1.69068850188884700D-01  0.00000000000000000D+00 -1.50224316228849500D-10 -3.07204984451032200D-02 -5.99909775427147100D-05
20 10 -5.99903666000973400D-05  1.19981344142811900D-04  0.00000000000000000D+00  0.00000000000000000D+00  0.00000000000000000D+00
21  1 -5.79926747458584200D-01 -3.32356969358241500D+00  3.68310027451048800D+00 -1.29936940054985900D-08 -3.74405610793248900D-09
21  2  7.72398380125017900D-01  3.71549328663702100D-09  4.17590997127688500D-10 -1.05853850992824000D+00  3.37995261391840600D-01
21  3  3.37995535200308300D-01 -6.75990796592149100D-01  7.88623688770891400D-07 -1.33713362784765700D-07  6.72125159504945000D-08
21  4 -2.67594671031203600D-01  1.32778580223709000D-08  3.80681932722252400D-09  4.31423292725383400D-01 -3.45513958921424500D-01
21  5 -3.45514182536727100D-01  6.91028141458152100D-01 -6.09946774374699100D-07  1.19587025358834800D-07 -4.61954268875539000D-08
21  6 -2.51353221855578500D-03 -4.30841144431618900D-03  2.03708084701996500D-02  0.00000000000000000D+00  0.00000000000000000D+00
21  7  1.55103025552013100D-04  9.09676153861749500D-11  2.81742805028771800D-11 -6.33325907361245100D-04  1.50854729619009700D-05
21  8  1.50854658579080500D-05 -3.01709388203659100D-05  0.00000000000000000D+00  0.00000000000000000D+00  0.00000000000000000D+00
21  9 -5.44271409547821900D-02 -3.90256740770239100D-10 -1.07140058863149700D-10  3.99684805491532400D-03 -2.71567642124928100D-05
21 10 -2.71569809619087500D-05  5.43137451744016300D-05  0.00000000000000000D+00  0.00000000000000000D+00  0.00000000000000000D+00
22  1 -7.79805285694199900D-02 -5.43264175261900500D-01  3.31607771106760800D-01 -3.90185248782523500D-08  1.26920237290609500D-08
22  2  2.11874511410890700D-01  3.06671504717635700D-08 -1.28880166844654800D-08  1.96853270835690800D-01 -3.89247676371493800D-01
22  3 -3.89253453680232000D-01  7.78501130051726400D-01  2.12641636618583300D-06  2.57916550579699600D-08 -4.52916023844186500D-08
22  4  3.45913003373283900D-01  1.37957685133745600D-08 -8.85163165177572600D-10 -3.00131370684269600D-01  7.64647837142072200D-01
22  5  7.64653676614237200D-01 -1.52930151375630800D+00 -1.63101598900229800D-06 -2.95937582136201400D-09  3.44218149091172200D-08
22  6  1.13525791150129800D-03  1.77207941268556100D-03 -1.04036042836692100D-02  0.00000000000000000D+00  0.00000000000000000D+00
22  7  3.32241139010811300D-04  1.10734595429904800D-10 -1.31892153553717600D-11 -1.74725311012453300D-03 -2.15200558735596500D-05
22  8 -2.15200529121433800D-05  4.30401087850414300D-05  0.00000000000000000D+00  0.00000000000000000D+00  0.00000000000000000D+00
22  9  2.99922756576020300D-02 -4.41044768979893900D-10  4.36470483028141500D-11  3.82857018359752100D-03  5.34897422457825200D-05
22 10  5.34898379787205600D-05 -1.06979580224503200D-04  0.00000000000000000D+00  0.00000000000000000D+00  0.00000000000000000D+00
23  1 -5.74371618194285700D-09 -2.26820908923960300D-08  5.38869329792731400D-08  4.29961376430292300D-08  4.17989265101192800D-08
23  2 -2.08553250620110400D-08 -4.21395262730637400D-08 -4.13873409692736300D-08  1.97771054220925700D-08 -5.02908188109070100D-05
23  3  5.03104514632400100D-05 -1.96326522156097300D-08  8.88562240459687800D-01 -2.36516156878489200D-07 -2.17531254225573200D-07
23  4 -4.32779319982714700D-08 -4.47951990149416500D-09 -3.91769174572099600D-09  1.48442168015264300D-08  9.90917949043554900D-05
23  5 -9.90938830934939800D-05  2.08818895558775100D-09 -1.75090403834025400D+00  1.79006982681745400D-07  1.65061451613745200D-07
23  6 -3.27698725875257400D-11 -5.75757435182654400D-11  2.48353197315794200D-10  0.00000000000000000D+00  0.00000000000000000D+00
23  7 -1.19293250197387600D-11 -5.61655075583675600D-11 -5.14820495164897100D-11  7.28694470652579100D-11  0.00000000000000000D+00
23  8  0.00000000000000000D+00  0.00000000000000000D+00  5.00096730838601600D-09  0.00000000000000000D+00  0.00000000000000000D+00
23  9 -6.43396090093772300D-10  1.84961272282682800D-10  1.68410279303358200D-10 -2.96520719955714700D-10  0.00000000000000000D+00
23 10 -1.32188856069276600D-11  0.00000000000000000D+00 -1.82269707164683300D-07  0.00000000000000000D+00  0.00000000000000000D+00
24  1  1.36048107592810100D-06  6.15679003476821800D-06 -1.14289023364522300D-05  4.06143536444755800D-08 -1.88261964275750300D-08
24  2  3.26786915715257800D-06 -3.97590749885765200D-08  1.85644741168344100D-08 -2.58135708038040900D-06 -7.69526094309109800D-01
24  3  7.69523447404121700D-01  2.64690678487502300D-06 -5.80364190062828500D-05 -2.25754542548695000D-07  1.04374971828720000D-07
24  4  7.13643594626799700D-06 -4.27207224672604900D-09  1.96504416048463600D-09 -2.69401456914854200D-06  1.51633353767070700D+00
24  5 -1.51633241868822700D+00 -1.11898527854131600D-06  1.14387437851068400D-04  1.70809630665594900D-07 -7.89487121703238400D-08
24  6  7.06896614673786600D-09  1.23732181413936100D-08 -5.42913056933912500D-08  0.00000000000000000D+00  0.00000000000000000D+00
24  7  1.77240232445504700D-09 -5.33818629818405900D-11  2.48218220678814600D-11 -1.14530272483158200D-08 -4.46863748560814200D-09
24  8  4.19334403146574200D-09  2.75289574978503900D-10  0.00000000000000000D+00  0.00000000000000000D+00  0.00000000000000000D+00
24  9  1.41761312018922800D-07  1.75765878503440700D-10 -8.16638005794873500D-11  4.58206187515203000D-08  1.58351860325126800D-07
24 10 -1.57349619195977400D-07 -1.00221655162569700D-09  1.19079316082378200D-11  0.00000000000000000D+00  0.00000000000000000D+00
25  1 -2.90599215354706100D-07 -1.27838478680142500D-06  2.50383923475550900D-06  5.16744271259748000D-01  2.26553229329964300D-03
25  2 -7.24275636316998000D-07 -5.25865926896662200D-01 -2.30537391368849800D-03  6.47948269798391200D-07  3.05603839212186000D-07
25  3  4.82708752217867300D-07 -7.88312591430252600D-07  1.07848957489334700D-07 -2.26541709080335800D+00 -9.93651635116456200D-03
25  4 -1.67033830161326400D-06 -3.40972777066498400D-02 -1.49628921531688200D-04  6.01802985866494000D-07 -1.03058158886589200D-07
25  5 -5.62154221102585800D-08  1.59273580997158300D-07  2.84886727558411000D-08  1.73439922446359800D+00  7.60713944927773300D-03
25  6 -1.46937064660456700D-09 -2.58092711874341100D-09  1.11876729852557400D-08  7.85041628633352000D-05  3.44321481666920400D-07
25  7 -4.37885603813429900D-10 -5.33782051258419600D-04 -2.34121630908012700D-06  2.71845316010427100D-09  3.04302624154549300D-11
25  8  3.04307204493913900D-11 -6.08609828644546200D-11  0.00000000000000000D+00  6.53983045063591700D-06  2.86807470752785000D-08
25  9 -2.90533281246766900D-08  1.70885359765928700D-03  7.49558435446745500D-06 -1.09855584747303800D-08 -1.13562407428627700D-10
25 10 -1.13555290294269400D-10  2.27117697719550000D-10  0.00000000000000000D+00 -1.56666612926798000D-05 -6.87158226369702900D-08
26  1 -1.58851146294347800D-07 -7.12156945282323200D-07  1.34594728175454600D-06  2.26653319092165800D-03 -5.16549021989468700D-01
26  2 -3.78676826581320500D-07 -2.30654660048686600D-03  5.25637026087210000D-01  3.35567532063676400D-07  5.73269771640994200D-08
26  3  1.40215058400810000D-07 -1.97542035565002600D-07 -9.85200574454050000D-08 -9.93640005284912900D-03  2.26543844453489900D+00
26  4 -8.60024359767575900D-07 -1.49552630302274000D-04  3.41118771418675100D-02  3.24183615383876300D-07  3.25017423733652400D-08
26  5  5.43904106302842000D-08 -8.68921530035039600D-08 -2.59869274619868100D-08  7.60729544319667900D-03 -1.73436604423442000D+00
26  6 -8.78565533797341800D-10 -1.54044538021297100D-09  6.73443337460518600D-09  3.44329260130908600D-07 -7.85025347034847600D-05
26  7 -1.61211016536076200D-10 -2.34123421026478600D-06  5.33776373876054400D-04  1.14223521099440900D-09  1.50187554580375600D-11
26  8  1.50189694629613700D-11 -3.00377249209363400D-11  0.00000000000000000D+00  2.86846101330349300D-08 -6.53905366964741600D-06
26  9 -1.74532261558699800D-08  7.49523107823852300D-06 -1.70891391846059800D-03 -4.85091359262025500D-09 -5.58692828225548300D-11
26 10 -5.58659701475684600D-11  1.11735252968557400D-10  0.00000000000000000D+00 -6.87159054466869200D-08  1.56665824848074700D-05
27  1  2.92837347222448900D-01  1.37370712401919400D+00 -2.37751277727273700D+00 -2.54949026025127200D-07 -3.09935042444250800D-08
27  2  6.35447974705770000D-01  3.49952313899095800D-07 -1.31263421795239300D-08 -5.60959013564818300D-01 -1.00121629020640800D-01
27  3 -1.00190758045107900D-01  2.00312387065748400D-01  3.07596938055916700D-05 -3.19850878266146900D-06  1.54998180931393100D-06
27  4  1.34359065504405400D+00 -6.72286323547477000D-08  4.71263599218376000D-08 -4.83845973287343100D-01 -7.82388577809186900D-02
27  5 -7.81761898697383700D-02  1.56415047650656800D-01 -2.36473177273436900D-05  2.35340566278386600D-06 -1.13076406285537000D-06
27  6  1.25943349555268500D-03  2.24541133011447900D-03 -9.36153142270003600D-03  9.62127036175057200D-11 -5.04762211025901700D-11
27  7  2.48607424209344700D-04 -3.77519419293927800D-10  3.56871858557762000D-10 -1.75911973738266000D-03 -2.27978092248723400D-05
27  8 -2.27978077536640800D-05  4.55956169788185500D-05  0.00000000000000000D+00  0.00000000000000000D+00  0.00000000000000000D+00
27  9  2.38507292379215800D-02  1.27054198345027500D-09 -1.27345532160220700D-09  7.79143691688119000D-03  8.78839205313181200D-05
27 10  8.78840069896388500D-05 -1.75767927520957500D-04  0.00000000000000000D+00 -1.28412649851169600D-11  1.06417500379815200D-11
28  1  1.14572919185042500D-07  5.08187958397526800D-07 -9.80067968975994800D-07  1.80077522328101800D+00  1.95519371009185700D-04
28  2  2.81878975045688900D-07 -2.09533882537234200D+00 -2.27498803944020400D-04 -2.45130062318758800D-07 -9.33177836052770300D-08
28  3 -1.90690004726018100D-07  2.84007788331312800D-07 -5.67290719743000600D-08  2.95246678847186500D-01  3.19956157283676900D-05
28  4  6.41984701637864900D-07  1.46589279197541900D-01  1.59143388208014500D-05 -2.34178862792310500D-07  1.42554979944041800D-09
28  5  6.53125195580497600D-08 -6.67380693575176400D-08  3.72204265110690700D-08  1.05379109323098500D-01  1.14793007443082600D-05
28  6  5.84152936998190000D-10  1.02506470815007000D-09 -4.45833050284939500D-09  8.19148453171766200D-06  8.91175606830621800D-10
28  7  1.64950334005709300D-10  4.93661558131918700D-05  5.34905430123476200D-09 -1.03485464204985600D-09 -1.18337535637866300D-11
28  8 -1.18341272206694400D-11  2.36678807844402500D-11  0.00000000000000000D+00  6.02674129082295900D-06  6.54438096957613800D-10
28  9  1.15921096757933100D-08 -9.43786528846066800D-04 -1.02433205720229500D-07  4.17762072414728400D-09  4.39084443208036500D-11
28 10  4.39143777995748600D-11 -8.78228221199368700D-11  0.00000000000000000D+00  2.31209015172461400D-06  2.50710818134469700D-10
29  1  4.12681767875831100D-08  1.84669259277647700D-07 -3.50243659112043500D-07  1.95467264306497000D-04 -1.80087229700948700D+00
29  2  1.00993080001466000D-07 -2.27445888149652900D-04  2.09543599269727800D+00 -8.76644399256372700D-08 -5.06486664004194100D-09
29  3 -4.89283513540922700D-08  5.39932179941421100D-08  4.04257270240651700D-08  3.22008511489993500D-05 -2.95040644914048200D-01
29  4  2.24780011417551700D-07  1.59166427762553300D-05 -1.46593054511497200D-01 -8.47462467941084300D-08 -2.13571375344620400D-08
29  5  7.42243409556181800D-09  1.39347034388878200D-08 -2.65236254262678600D-08  1.13274820526065600D-05 -1.05486819954278200D-01
29  6  2.28443151001548100D-10  4.00317137326928000D-10 -1.75233704782776200D-09  8.84200578004323000D-10 -8.19747324745140200D-06
29  7  4.41701559802573400D-11  5.39406329290184300D-09 -4.93460117187787000D-05 -3.07945735678197000D-10  0.00000000000000000D+00
29  8  0.00000000000000000D+00  0.00000000000000000D+00  0.00000000000000000D+00  6.53867541628573100D-10 -6.02716058168776300D-06
29  9  4.54738239452944300D-09 -1.02572795311696600D-07  9.43761184185423200D-04  1.29448146460920000D-09  1.47970886657524400D-11
29 10  1.47997597485047100D-11 -2.95968484140581900D-11  0.00000000000000000D+00  2.52028654457829800D-10 -2.31153484476865100D-06
30  1 -2.44157245152736000D-01 -1.36468519532060300D+00  1.60835403917609700D+00 -2.16250021201336200D-08 -4.50065674850443700D-09
30  2 -4.89112015491807600D-01  4.28402828842759200D-08  1.28313968124529100D-09  4.85937484405905300D-01 -1.05955516351370900D+00
30  3 -1.05956730860248900D+00  2.11912247211619700D+00  4.27175674913712000D-06 -6.49349893050269600D-07  1.28730251899296300D-07
30  4 -2.48375771577080100D-01 -1.92883618838870500D-08  3.61679478117931600D-09  3.61837933096015000D-02  7.95174419682770000D-01
30  5  7.95184607090342000D-01 -1.59035902677311000D+00 -3.28725817642113800D-06  4.72351376420990800D-07 -9.45199384038847700D-08
30  6 -2.59953869168351900D-04 -6.35170425352408900D-04  6.84151093427139300D-04  2.05544959246395100D-11  0.00000000000000000D+00
30  7  4.29130309087422100D-04 -1.28952841633285400D-10  2.86609903241722100D-11 -1.66726207763087500D-03 -6.30915211895233200D-06
30  8 -6.30915202900612200D-06  1.26183041466868900D-05  0.00000000000000000D+00  0.00000000000000000D+00  0.00000000000000000D+00
30  9  7.77139994693570200D-04  4.62776968722725500D-10 -1.00876084511881000D-10  3.04536429612156400D-03  4.27984370596182900D-06
30 10  4.27983619595143800D-06 -8.55967990191312100D-06  0.00000000000000000D+00  0.00000000000000000D+00  0.00000000000000000D+00
31  1  3.54932930486468100D-06  1.59641366290143100D-05 -2.99847844023230400D-05  5.77076792373489200D-09 -2.33784334990287300D-09
31  2  8.21138528840432000D-06 -1.28406752863792600D-08  5.08506063169290700D-09 -6.76949083906592900D-06 -2.03551099877378800D+00
31  3  2.03550136801694000D+00  9.63075657409668800D-06  1.24120786555861800D-01  2.01783735752945400D-07 -7.87245943155961700D-08
31  4  1.90095621768052500D-05  6.67199841494719300D-09 -2.57062566912202200D-09 -6.97723932359512700D-06  1.56235130108896200D+00
31  5 -1.56234737754790500D+00 -3.92354063087063500D-06 -9.52688920553474700D-02 -1.45955840997560300D-07  5.69471128561007000D-08
31  6  1.73167023155699700D-08  3.03728544745051100D-08 -1.32276598413708500D-07  0.00000000000000000D+00  0.00000000000000000D+00
31  7  5.26381656182575800D-09  4.50167296511417000D-11 -1.72953056335760900D-11 -3.28090893005335900D-08 -8.50223970760357900D-09
31  8  7.77003800979529600D-09  7.32201980324642100D-10  4.96124458808692500D-10  0.00000000000000000D+00  0.00000000000000000D+00
31  9  3.45198779344053800D-07 -1.63969861749234300D-10  6.29064390829649300D-11  1.29898996004805400D-07  1.49540441995273800D-07
31 10 -1.46859976360328500D-07 -2.68047703339739500D-09 -9.03695146581060300D-09  0.00000000000000000D+00  0.00000000000000000D+00
32  1  3.30560258574804900D-06  1.47080043662530300D-05 -2.81974163663879500D-05 -3.66450732360613000D-09  4.89401303570266700D-09
32  2  8.28931938671815500D-06  9.96446410546756100D-09 -1.85411929555688900D-09 -6.96628486940951500D-06 -1.07495345347215800D-01
32  3  1.07487901238658500D-01  7.44410854286707700D-06 -2.35040326371943100D+00 -1.90283614355835500D-07 -1.87009165979672600D-07
32  4  1.83383550604013700D-05 -5.89396855350252600D-09 -5.19892151156187800D-09 -6.76588766012360300D-06  8.25061199080718800D-02
32  5 -8.25039262332269400D-02 -2.19367482244195300D-06  1.80405188515725400D+00  1.38086688089580000D-07  1.36691652446189000D-07
32  6  1.71658933641889000D-08  3.00841605872439900D-08 -1.31367087085725800D-07  0.00000000000000000D+00  0.00000000000000000D+00
32  7  4.64870588620813400D-09 -4.06441100337956600D-11 -4.30964883165269900D-11 -2.94865765866019400D-08 -7.73007439156985500D-10
32  8  8.63039488581023600D-11  6.86703505218655300D-10 -9.39482106344978200D-09  0.00000000000000000D+00  0.00000000000000000D+00
32  9  3.42135513529249900D-07  1.46421522413284500D-10  1.50895580058516600D-10  1.18739187298507300D-07  9.09245054508869300D-09
32 10 -6.55995286340387900D-09 -2.53249828361743600D-09  1.71127523968834200D-07  0.00000000000000000D+00  0.00000000000000000D+00
 $END   
 POPULATION ANALYSIS
LI           2.99986   0.00014   3.00039  -0.00039
F            9.00014  -0.00014   8.99961   0.00039
 MOMENTS AT POINT    1 X,Y,Z=  0.000000  0.000000 11.730621
 DIPOLE       0.000000  0.000000  0.010841
