 $DATA
 LiF single-point properties R=9.10 Ang                                         
CNV      2

LI          3.0      0.0000000000      0.0000000000      0.0000000000
   S          9
     1      1469.0000000000  0.00076600
     2       220.5000000000  0.00589200
     3        50.2600000000  0.02967100
     4        14.2400000000  0.10918000
     5         4.5810000000  0.28278900
     6         1.5800000000  0.45312300
     7         0.5640000000  0.27477400
     8         0.0734500000  0.00975100
     9         0.0280500000 -0.00318000
   S          9
     1      1469.0000000000 -0.00012000
     2       220.5000000000 -0.00092300
     3        50.2600000000 -0.00468900
     4        14.2400000000 -0.01768200
     5         4.5810000000 -0.04890200
     6         1.5800000000 -0.09600900
     7         0.5640000000 -0.13638000
     8         0.0734500000  0.57510200
     9         0.0280500000  0.51766100
   S          1
     1         0.0280500000  1.00000000
   P          4
     1         1.5340000000  0.02278400
     2         0.2749000000  0.13910700
     3         0.0736200000  0.50037500
     4         0.0240300000  0.50847400
   P          1
     1         0.0240300000  1.00000000
   D          1
     1         0.1144000000  1.00000000
   S          1
     1         0.0086000000  1.00000000
   P          1
     1         0.0058000000  1.00000000
   D          1
     1         0.0733000000  1.00000000
           
F           9.0      0.0000000000      0.0000000000      9.1000000000
   S          8
     1     14710.0000000000  0.00072100
     2      2207.0000000000  0.00555300
     3       502.8000000000  0.02826700
     4       142.6000000000  0.10644400
     5        46.4700000000  0.28681400
     6        16.7000000000  0.44864100
     7         6.3560000000  0.26476100
     8         1.3160000000  0.01533300
   S          8
     1     14710.0000000000 -0.00016500
     2      2207.0000000000 -0.00130800
     3       502.8000000000 -0.00649500
     4       142.6000000000 -0.02669100
     5        46.4700000000 -0.07369000
     6        16.7000000000 -0.17077600
     7         6.3560000000 -0.11232700
     8         1.3160000000  0.56281400
   S          1
     1         0.3897000000  1.00000000
   P          3
     1        22.6700000000  0.04487800
     2         4.9770000000  0.23571800
     3         1.3470000000  0.50852100
   P          1
     1         0.3471000000  1.00000000
   D          1
     1         1.6400000000  1.00000000
   S          1
     1         0.0986300000  1.00000000
   P          1
     1         0.0850200000  1.00000000
   D          1
     1         0.4640000000  1.00000000
           
 $END      
--- RHF ORBITALS --- GENERATED AT  9:59:50  7-MAY-2026    
 LiF single-point properties R=9.10 Ang                                         
E(RHF)=     -106.7225939186, E(NUC)=    1.5700862295,   23 ITERS
 $VEC
 1  1 -1.42600454821456800D-05 -6.91292644632495000D-05  1.12716335742293900D-04  0.00000000000000000D+00  0.00000000000000000D+00
 1  2 -2.94918303237062400D-05  0.00000000000000000D+00  0.00000000000000000D+00  6.65840073447503400D-05 -1.86774425093841100D-07
 1  3 -1.86774425049225100D-07  3.73548850251435800D-07  3.15446700842244100D-33  0.00000000000000000D+00  0.00000000000000000D+00
 1  4 -5.85327927635065600D-05  0.00000000000000000D+00  0.00000000000000000D+00 -8.45343497617257000D-05  2.04307003671380600D-07
 1  5  2.04307003449439600D-07 -4.08614007142246400D-07 -1.56918269033923200D-32  0.00000000000000000D+00  0.00000000000000000D+00
 1  6  1.00068333766578800D+00  5.07917353477250400D-04 -3.37041046852901300D-03  0.00000000000000000D+00  0.00000000000000000D+00
 1  7 -1.70376101108353500D-05  0.00000000000000000D+00  0.00000000000000000D+00  1.05197687744548800D-05  3.50247429507419400D-07
 1  8  3.50247425330299700D-07 -7.00494854765150400D-07 -2.95333563444236700D-31  0.00000000000000000D+00  0.00000000000000000D+00
 1  9  1.09762963096585700D-03  0.00000000000000000D+00  0.00000000000000000D+00 -1.22340653208347800D-05 -9.26967571712947000D-08
 1 10 -9.26967519288535200D-08  1.85393509100151700D-07  3.70654644527333200D-31  0.00000000000000000D+00  0.00000000000000000D+00
 2  1 -1.00008168966018600D+00  1.09684191909600200D-03  1.06528830341656000D-03  0.00000000000000000D+00  0.00000000000000000D+00
 2  2  5.31486835301344800D-04  0.00000000000000000D+00  0.00000000000000000D+00 -4.51017291094405900D-04 -1.08825014891052800D-05
 2  3 -1.08825014891664200D-05  2.17650029781393500D-05 -4.32271590593984700D-33  0.00000000000000000D+00  0.00000000000000000D+00
 2  4 -1.30459888935993000D-03  0.00000000000000000D+00  0.00000000000000000D+00  4.56001799532552300D-05  7.66620590998236900D-06
 2  5  7.66620590968523200D-06 -1.53324118195937900D-05 -2.10083409983478600D-32  0.00000000000000000D+00  0.00000000000000000D+00
 2  6  6.51757828454215200D-06  1.18304166158065200D-05 -3.82877852187508300D-05  0.00000000000000000D+00  0.00000000000000000D+00
 2  7 -3.26705631660268800D-06  0.00000000000000000D+00  0.00000000000000000D+00  1.61295071637414900D-05  1.29761293174850600D-07
 2  8  1.29761291560112700D-07 -2.59522584719664200D-07 -1.14166296219005000D-31  0.00000000000000000D+00  0.00000000000000000D+00
 2  9  6.08942699856303500D-05  0.00000000000000000D+00  0.00000000000000000D+00 -4.19243037965227000D-05 -4.44877359896123900D-07
 2 10 -4.44877369351898300D-07  8.89754729248001900D-07 -6.68548599971553900D-31  0.00000000000000000D+00  0.00000000000000000D+00
 3  1 -1.05763979197273600D-04 -5.05377450145044100D-04  8.50642971289328900D-04  0.00000000000000000D+00  0.00000000000000000D+00
 3  2 -1.92247259093639300D-04  0.00000000000000000D+00  0.00000000000000000D+00  4.67120665649786200D-04  1.45658998261426900D-06
 3  3  1.45658998218912900D-06 -2.91317996480267000D-06 -3.00586013097072400D-32  0.00000000000000000D+00  0.00000000000000000D+00
 3  4 -4.64788056099002900D-04  0.00000000000000000D+00  0.00000000000000000D+00 -6.49954617245386900D-04 -2.06908504277881800D-06
 3  5 -2.06908504318765400D-06  4.13817008590397900D-06 -2.89057822449123100D-32  0.00000000000000000D+00  0.00000000000000000D+00
 3  6 -6.35672619569911000D-03  4.90898803813575300D-01  5.54539039100157100D-01  0.00000000000000000D+00  0.00000000000000000D+00
 3  7 -3.49316185823452500D-04  0.00000000000000000D+00  0.00000000000000000D+00 -8.34088535563372300D-04  2.00620306331413100D-06
 3  8  2.00620305649698100D-06 -4.01240611998581300D-06 -4.81990769854104500D-31  0.00000000000000000D+00  0.00000000000000000D+00
 3  9  5.62641936076147200D-02  0.00000000000000000D+00  0.00000000000000000D+00 -5.06563253964653000D-04 -3.58550041103834200D-05
 3 10 -3.58550041154888700D-05  7.17100082258723200D-05 -3.60968924459546700D-31  0.00000000000000000D+00  0.00000000000000000D+00
 4  1  0.00000000000000000D+00  0.00000000000000000D+00  0.00000000000000000D+00 -7.70177200201178800D-21 -1.25783636153318400D-04
 4  2  0.00000000000000000D+00  2.38731323329179500D-20  3.89890714814641900D-04  0.00000000000000000D+00  0.00000000000000000D+00
 4  3  0.00000000000000000D+00  0.00000000000000000D+00  0.00000000000000000D+00  2.37241529551317000D-21  3.87457616581544700D-05
 4  4  0.00000000000000000D+00 -6.14959870329959900D-20 -1.00433885290645300D-03  0.00000000000000000D+00  0.00000000000000000D+00
 4  5  0.00000000000000000D+00  0.00000000000000000D+00  0.00000000000000000D+00 -3.22300798602735300D-21 -5.26374532676127700D-05
 4  6  0.00000000000000000D+00  0.00000000000000000D+00  0.00000000000000000D+00 -3.84948131681292900D-17 -6.28688770852364300D-01
 4  7  0.00000000000000000D+00 -2.73988431843080200D-17 -4.47471844299806300D-01  0.00000000000000000D+00  0.00000000000000000D+00
 4  8  0.00000000000000000D+00  0.00000000000000000D+00  0.00000000000000000D+00  1.73091301545557500D-21  2.82688883665001000D-05
 4  9  0.00000000000000000D+00 -9.62397838747004500D-18 -1.57176685510909100D-01  0.00000000000000000D+00  0.00000000000000000D+00
 4 10  0.00000000000000000D+00  0.00000000000000000D+00  0.00000000000000000D+00  6.17154997491577400D-20  1.00792388601487300D-03
 5  1  0.00000000000000000D+00  0.00000000000000000D+00  0.00000000000000000D+00 -1.25783636153621900D-04  7.70177200203037600D-21
 5  2  0.00000000000000000D+00  3.89890714816196200D-04 -2.38731323330131200D-20  0.00000000000000000D+00  0.00000000000000000D+00
 5  3  0.00000000000000000D+00  0.00000000000000000D+00  0.00000000000000000D+00  3.87457616594127200D-05 -2.37241529559021400D-21
 5  4  0.00000000000000000D+00 -1.00433885290817000D-03  6.14959870331011400D-20  0.00000000000000000D+00  0.00000000000000000D+00
 5  5  0.00000000000000000D+00  0.00000000000000000D+00  0.00000000000000000D+00 -5.26374532695688100D-05  3.22300798614712100D-21
 5  6  0.00000000000000000D+00  0.00000000000000000D+00  0.00000000000000000D+00 -6.28688770852362400D-01  3.84948131681291800D-17
 5  7  0.00000000000000000D+00 -4.47471844299807400D-01  2.73988431843080800D-17  0.00000000000000000D+00  0.00000000000000000D+00
 5  8  0.00000000000000000D+00  0.00000000000000000D+00  0.00000000000000000D+00  2.82688883668978700D-05 -1.73091301547993100D-21
 5  9  0.00000000000000000D+00 -1.57176685510910900D-01  9.62397838747015500D-18  0.00000000000000000D+00  0.00000000000000000D+00
 5 10  0.00000000000000000D+00  0.00000000000000000D+00  0.00000000000000000D+00  1.00792388601637900D-03 -6.17154997492499700D-20
 6  1  2.67569938125651700D-04  1.65927186250878600D-03 -3.15400128042816900D-03  0.00000000000000000D+00  0.00000000000000000D+00
 6  2 -6.82328672078026300D-04  0.00000000000000000D+00  0.00000000000000000D+00  1.32079993041711900D-03  1.93270086095692400D-04
 6  3  1.93270086094505700D-04 -3.86540172190138300D-04 -8.39013324679070700D-32  0.00000000000000000D+00  0.00000000000000000D+00
 6  4  3.53220329772664100D-03  0.00000000000000000D+00  0.00000000000000000D+00  2.40684429266423500D-03 -2.64794560127917300D-04
 6  5 -2.64794560129230300D-04  5.29589120257141300D-04 -9.28358418505409800D-32  0.00000000000000000D+00  0.00000000000000000D+00
 6  6  1.17944212058117700D-06 -1.47523483528626000D-03 -3.95838308649058300D-03  0.00000000000000000D+00  0.00000000000000000D+00
 6  7 -6.28255459242959600D-01  0.00000000000000000D+00  0.00000000000000000D+00 -4.47180535384967200D-01 -1.48192114529601300D-05
 6  8 -1.48192114614083100D-05  2.96384229147226100D-05 -5.97309116658472600D-31  0.00000000000000000D+00  0.00000000000000000D+00
 6  9  5.84174579647986300D-03  0.00000000000000000D+00  0.00000000000000000D+00 -1.58251114506527900D-01 -5.95841614594874100D-04
 6 10 -5.95841614667612500D-04  1.19168322926248700D-03 -5.14280471196616000D-30  0.00000000000000000D+00  0.00000000000000000D+00
 7  1  8.96856232595930100D-04  9.88282883748305900D-01 -3.69937454624064100D-03  0.00000000000000000D+00  0.00000000000000000D+00
 7  2 -1.02049605242144500D-01  0.00000000000000000D+00  0.00000000000000000D+00 -1.24534059904689400D-02 -1.45725219525714000D-03
 7  3 -1.45725219525687400D-03  2.91450439051410300D-03  1.88259652063852300D-32  0.00000000000000000D+00  0.00000000000000000D+00
 7  4  1.33735826529694000D-02  0.00000000000000000D+00  0.00000000000000000D+00  6.46236525090699800D-04  3.25920681071329400D-03
 7  5  3.25920681071344000D-03 -6.51841362142704300D-03  1.03037252024717100D-32  0.00000000000000000D+00  0.00000000000000000D+00
 7  6 -1.56904121216376600D-05 -4.20520770527295400D-05  9.64925497804851300D-05  0.00000000000000000D+00  0.00000000000000000D+00
 7  7  6.27491582632487400D-04  0.00000000000000000D+00  0.00000000000000000D+00  4.45331640053482600D-04  1.34727974788871200D-07
 7  8  1.34727902853669800D-07 -2.69455877623201600D-07 -5.08601158255757600D-30  0.00000000000000000D+00  0.00000000000000000D+00
 7  9 -3.24697547767500300D-04  0.00000000000000000D+00  0.00000000000000000D+00  1.98028651140227900D-04 -1.85818391254804100D-06
 7 10 -1.85818382485687500D-06  3.71636773740510500D-06  6.20000053217621300D-30  0.00000000000000000D+00  0.00000000000000000D+00
 8  1  0.00000000000000000D+00  0.00000000000000000D+00  0.00000000000000000D+00 -9.82030025042816900D-01  6.01300104155891000D-17
 8  2  0.00000000000000000D+00 -6.42197304387387400D-03  3.93219449680199000D-19  0.00000000000000000D+00  0.00000000000000000D+00
 8  3  0.00000000000000000D+00  0.00000000000000000D+00  0.00000000000000000D+00 -2.63289773444573400D-02  1.61213164728339400D-18
 8  4  0.00000000000000000D+00 -2.80583117437067100D-02  1.71801934194361300D-18  0.00000000000000000D+00  0.00000000000000000D+00
 8  5  0.00000000000000000D+00  0.00000000000000000D+00  0.00000000000000000D+00  6.87268636839554700D-02 -4.20816769728281300D-18
 8  6  0.00000000000000000D+00  0.00000000000000000D+00  0.00000000000000000D+00  3.12285458850119200D-04 -1.91213378557096200D-20
 8  7  0.00000000000000000D+00  4.20517058717477500D-06 -2.57483930998060300D-22  0.00000000000000000D+00  0.00000000000000000D+00
 8  8  0.00000000000000000D+00  0.00000000000000000D+00  0.00000000000000000D+00  5.01365179261895600D-06 -3.06987492054706300D-22
 8  9  0.00000000000000000D+00  8.41247631024069600D-04 -5.15098597045049200D-20  0.00000000000000000D+00  0.00000000000000000D+00
 8 10  0.00000000000000000D+00  0.00000000000000000D+00  0.00000000000000000D+00 -9.68507120013145700D-06  5.93019986445154900D-22
 9  1  0.00000000000000000D+00  0.00000000000000000D+00  0.00000000000000000D+00 -6.01300104155890700D-17 -9.82030025042816600D-01
 9  2  0.00000000000000000D+00 -3.93219449680171700D-19 -6.42197304387343000D-03  0.00000000000000000D+00  0.00000000000000000D+00
 9  3  0.00000000000000000D+00  0.00000000000000000D+00  0.00000000000000000D+00 -1.61213164728335600D-18 -2.63289773444567100D-02
 9  4  0.00000000000000000D+00 -1.71801934194366800D-18 -2.80583117437076000D-02  0.00000000000000000D+00  0.00000000000000000D+00
 9  5  0.00000000000000000D+00  0.00000000000000000D+00  0.00000000000000000D+00  4.20816769728275200D-18  6.87268636839544800D-02
 9  6  0.00000000000000000D+00  0.00000000000000000D+00  0.00000000000000000D+00  1.91213378557150900D-20  3.12285458850208500D-04
 9  7  0.00000000000000000D+00  2.57483931001778000D-22  4.20517058723549100D-06  0.00000000000000000D+00  0.00000000000000000D+00
 9  8  0.00000000000000000D+00  0.00000000000000000D+00  0.00000000000000000D+00  3.06987492053873100D-22  5.01365179260534900D-06
 9  9  0.00000000000000000D+00  5.15098597045243600D-20  8.41247631024387100D-04  0.00000000000000000D+00  0.00000000000000000D+00
 9 10  0.00000000000000000D+00  0.00000000000000000D+00  0.00000000000000000D+00 -5.93019986449297400D-22 -9.68507120019911100D-06
10  1 -1.83153691089237900D-02 -2.50611046390905400D-01  5.47388802086440500D-02  0.00000000000000000D+00  0.00000000000000000D+00
10  2 -9.94431504157560200D-01  0.00000000000000000D+00  0.00000000000000000D+00  2.18240345535348000D-02  1.77751476396129600D-02
10  3  1.77751476396128200D-02 -3.55502952792255800D-02 -1.04000216996910700D-32  0.00000000000000000D+00  0.00000000000000000D+00
10  4  1.30896485936164300D-01  0.00000000000000000D+00  0.00000000000000000D+00 -2.69239655553566200D-02 -4.53515092482477400D-02
10  5 -4.53515092482495400D-02  9.07030184964974400D-02 -1.27111376329557600D-31  0.00000000000000000D+00  0.00000000000000000D+00
10  6  9.69622183214592200D-05  3.16338152642591500D-04 -4.63147837609698300D-04  0.00000000000000000D+00  0.00000000000000000D+00
10  7 -1.77087725500833700D-03  0.00000000000000000D+00  0.00000000000000000D+00 -6.84233397099872200D-04  7.81006414296810900D-06
10  8  7.81006413244389800D-06 -1.56201282754102900D-05 -7.44089992940565400D-31  0.00000000000000000D+00  0.00000000000000000D+00
10  9  1.45596305689998600D-03  0.00000000000000000D+00  0.00000000000000000D+00 -2.20598699232588500D-03 -1.24188237484245400D-05
10 10 -1.24188238508212500D-05  2.48376475992457400D-05 -7.23972150038671700D-30  0.00000000000000000D+00  0.00000000000000000D+00
11  1  2.94571073450123300D-02  4.82158507385254700D-01  3.55294994274568900D-01  0.00000000000000000D+00  0.00000000000000000D+00
11  2 -4.62658689908679200D-01  0.00000000000000000D+00  0.00000000000000000D+00  2.07066473087741200D-01  2.91129489430191800D-03
11  3  2.91129489430205700D-03 -5.82258978860409000D-03  9.84631684067974300D-33  0.00000000000000000D+00  0.00000000000000000D+00
11  4 -1.25150034843981400D+00  0.00000000000000000D+00  0.00000000000000000D+00  4.55591569091457000D-01 -9.90913344703074600D-03
11  5 -9.90913344703032100D-03  1.98182668940611200D-02  3.00445071324408800D-32  0.00000000000000000D+00  0.00000000000000000D+00
11  6 -9.37165383112483400D-04 -1.78098047815419700D-03  7.03805566490362100D-03  0.00000000000000000D+00  0.00000000000000000D+00
11  7 -1.73980318343045900D-03  0.00000000000000000D+00  0.00000000000000000D+00  3.57544564016548300D-04  2.62585067844183500D-05
11  8  2.62585065512539200D-05 -5.25170133353353600D-05 -1.64853498192087000D-29  0.00000000000000000D+00  0.00000000000000000D+00
11  9 -2.10940011569102100D-02  0.00000000000000000D+00  0.00000000000000000D+00 -6.09496055590698900D-03 -7.17738255971045600D-05
11 10 -7.17738253803243800D-05  1.43547650977429000D-04  1.53269401973208100D-29  0.00000000000000000D+00  0.00000000000000000D+00
12  1  0.00000000000000000D+00  0.00000000000000000D+00  0.00000000000000000D+00 -5.81713954277146700D-01  3.56185302257466900D-17
12  2  0.00000000000000000D+00  1.71938447118382300D-01 -1.05278457403761900D-17  0.00000000000000000D+00  0.00000000000000000D+00
12  3  0.00000000000000000D+00  0.00000000000000000D+00  0.00000000000000000D+00  1.28644976184546600D-02 -7.87697276114620600D-19
12  4  0.00000000000000000D+00  1.03858931669829500D+00 -6.35931538120386800D-17  0.00000000000000000D+00  0.00000000000000000D+00
12  5  0.00000000000000000D+00  0.00000000000000000D+00  0.00000000000000000D+00 -1.03730001489119000D-02  6.35142094527899000D-19
12  6  0.00000000000000000D+00  0.00000000000000000D+00  0.00000000000000000D+00 -3.22044478344990100D-03  1.97188857197343900D-19
12  7  0.00000000000000000D+00  1.83289364030117700D-03 -1.12228659889672400D-19  0.00000000000000000D+00  0.00000000000000000D+00
12  8  0.00000000000000000D+00  0.00000000000000000D+00  0.00000000000000000D+00 -6.34346258617225700D-05  3.88412229413053800D-21
12  9  0.00000000000000000D+00 -1.71829504778415500D-02  1.05211751662900100D-18  0.00000000000000000D+00  0.00000000000000000D+00
12 10  0.00000000000000000D+00  0.00000000000000000D+00  0.00000000000000000D+00  1.69252725332331000D-04 -1.03633981421863100D-20
13  1  0.00000000000000000D+00  0.00000000000000000D+00  0.00000000000000000D+00 -3.56185302257470900D-17 -5.81713954277153300D-01
13  2  0.00000000000000000D+00  1.05278457403766100D-17  1.71938447118389200D-01  0.00000000000000000D+00  0.00000000000000000D+00
13  3  0.00000000000000000D+00  0.00000000000000000D+00  0.00000000000000000D+00  7.87697276114627500D-19  1.28644976184547700D-02
13  4  0.00000000000000000D+00  6.35931538120385400D-17  1.03858931669829300D+00  0.00000000000000000D+00  0.00000000000000000D+00
13  5  0.00000000000000000D+00  0.00000000000000000D+00  0.00000000000000000D+00 -6.35142094527909000D-19 -1.03730001489120700D-02
13  6  0.00000000000000000D+00  0.00000000000000000D+00  0.00000000000000000D+00 -1.97188857197331600D-19 -3.22044478344970000D-03
13  7  0.00000000000000000D+00  1.12228659889686800D-19  1.83289364030141200D-03  0.00000000000000000D+00  0.00000000000000000D+00
13  8  0.00000000000000000D+00  0.00000000000000000D+00  0.00000000000000000D+00 -3.88412229413305700D-21 -6.34346258617637200D-05
13  9  0.00000000000000000D+00 -1.05211751662896500D-18 -1.71829504778409700D-02  0.00000000000000000D+00  0.00000000000000000D+00
13 10  0.00000000000000000D+00  0.00000000000000000D+00  0.00000000000000000D+00  1.03633981421793300D-20  1.69252725332217000D-04
14  1 -1.00632512512635800D-01 -7.20425778663065700D-01  3.86562685589127200D-01  0.00000000000000000D+00  0.00000000000000000D+00
14  2 -5.08853069857486400D-01  0.00000000000000000D+00  0.00000000000000000D+00  2.20659384557486800D-01 -1.91987354987295000D-02
14  3 -1.91987354987286500D-02  3.83974709974583100D-02  6.00890142648817600D-32  0.00000000000000000D+00  0.00000000000000000D+00
14  4  5.41300442585687900D-01  0.00000000000000000D+00  0.00000000000000000D+00  9.03337256304273500D-01  2.98619641905119700D-02
14  5  2.98619641905086200D-02 -5.97239283810208200D-02 -2.37274569148507500D-31  0.00000000000000000D+00  0.00000000000000000D+00
14  6 -5.19754230000230400D-03 -1.25830891957209500D-02  3.44170816484218000D-02  0.00000000000000000D+00  0.00000000000000000D+00
14  7  9.73352817471481600D-03  0.00000000000000000D+00  0.00000000000000000D+00 -1.22945206682448300D-03 -3.65208887973196800D-05
14  8 -3.65208887369599200D-05  7.30417775344583500D-05  4.26759706986933800D-30  0.00000000000000000D+00  0.00000000000000000D+00
14  9 -1.15809092788944100D-01  0.00000000000000000D+00  0.00000000000000000D+00  3.90485583007798800D-02  9.75433050497119800D-05
14 10  9.75433049879401900D-05 -1.95086610037652500D-04 -4.36743133488693500D-30  0.00000000000000000D+00  0.00000000000000000D+00
15  1  0.00000000000000000D+00  0.00000000000000000D+00  0.00000000000000000D+00 -1.89628839505837200D+00  1.16110340863406000D-16
15  2  0.00000000000000000D+00  2.44029170810628300D+00 -1.49419836546350800D-16  0.00000000000000000D+00  0.00000000000000000D+00
15  3  0.00000000000000000D+00  0.00000000000000000D+00  0.00000000000000000D+00  1.10383469186909900D-01 -6.75881488616232400D-18
15  4  0.00000000000000000D+00 -6.92758228095302200D-01  4.24178063894119400D-17  0.00000000000000000D+00  0.00000000000000000D+00
15  5  0.00000000000000000D+00  0.00000000000000000D+00  0.00000000000000000D+00 -2.32829676107125000D-01  1.42562350359595700D-17
15  6  0.00000000000000000D+00  0.00000000000000000D+00  0.00000000000000000D+00  1.76181436264037200D-03 -1.07876453137246100D-19
15  7  0.00000000000000000D+00 -7.17612497101619300D-04  4.39396411766492600D-20  0.00000000000000000D+00  0.00000000000000000D+00
15  8  0.00000000000000000D+00  0.00000000000000000D+00  0.00000000000000000D+00  3.17246061300654700D-05 -1.94250771196952600D-21
15  9  0.00000000000000000D+00  9.17790201320400400D-03 -5.61965856006440500D-19  0.00000000000000000D+00  0.00000000000000000D+00
15 10  0.00000000000000000D+00  0.00000000000000000D+00  0.00000000000000000D+00 -9.02610540326309200D-05  5.52671301355323600D-21
16  1  0.00000000000000000D+00  0.00000000000000000D+00  0.00000000000000000D+00 -1.16110340863406300D-16 -1.89628839505837700D+00
16  2  0.00000000000000000D+00  1.49419836546351200D-16  2.44029170810628900D+00  0.00000000000000000D+00  0.00000000000000000D+00
16  3  0.00000000000000000D+00  0.00000000000000000D+00  0.00000000000000000D+00  6.75881488616199500D-18  1.10383469186904500D-01
16  4  0.00000000000000000D+00 -4.24178063894121800D-17 -6.92758228095306200D-01  0.00000000000000000D+00  0.00000000000000000D+00
16  5  0.00000000000000000D+00  0.00000000000000000D+00  0.00000000000000000D+00 -1.42562350359587000D-17 -2.32829676107110700D-01
16  6  0.00000000000000000D+00  0.00000000000000000D+00  0.00000000000000000D+00  1.07876453137227700D-19  1.76181436264007200D-03
16  7  0.00000000000000000D+00 -4.39396411766971200D-20 -7.17612497102401000D-04  0.00000000000000000D+00  0.00000000000000000D+00
16  8  0.00000000000000000D+00  0.00000000000000000D+00  0.00000000000000000D+00  1.94250771196809700D-21  3.17246061300421400D-05
16  9  0.00000000000000000D+00  5.61965856006473900D-19  9.17790201320454900D-03  0.00000000000000000D+00  0.00000000000000000D+00
16 10  0.00000000000000000D+00  0.00000000000000000D+00  0.00000000000000000D+00 -5.52671301357180400D-21 -9.02610540329341700D-05
17  1  1.54323251489904800D-01  8.31431039554678300D-01 -1.07867992615022400D+00  0.00000000000000000D+00  0.00000000000000000D+00
17  2 -1.80597416803135700D+00  0.00000000000000000D+00  0.00000000000000000D+00  2.35203339043217600D+00 -7.99526791605135000D-02
17  3 -7.99526791604893800D-02  1.59905358321003400D-01  1.70560355874933600D-30  0.00000000000000000D+00  0.00000000000000000D+00
17  4  2.98875751312299500D-01  0.00000000000000000D+00  0.00000000000000000D+00 -7.15575014803162900D-01  1.78456816772870300D-01
17  5  1.78456816772800000D-01 -3.56913633545669900D-01 -4.96889925651906900D-30  0.00000000000000000D+00  0.00000000000000000D+00
17  6  2.74898107498696200D-03  6.51203072274367200D-03 -1.86958687821626500D-02  0.00000000000000000D+00  0.00000000000000000D+00
17  7  4.71854465342640100D-04  0.00000000000000000D+00  0.00000000000000000D+00  3.69985595680835000D-03 -1.27905707810865000D-05
17  8 -1.27905707232164200D-05  2.55811415032832500D-05  4.09156951798059500D-30  0.00000000000000000D+00  0.00000000000000000D+00
17  9  6.60872067792723100D-02  0.00000000000000000D+00  0.00000000000000000D+00 -1.46662754662681100D-02 -1.51341894380954600D-05
17 10 -1.51341895143255000D-05  3.02683789524208800D-05 -5.38966868191003100D-30  0.00000000000000000D+00  0.00000000000000000D+00
18  1  0.00000000000000000D+00  0.00000000000000000D+00  0.00000000000000000D+00  0.00000000000000000D+00  0.00000000000000000D+00
18  2  0.00000000000000000D+00  0.00000000000000000D+00  0.00000000000000000D+00  0.00000000000000000D+00  5.53907369137970800D-17
18  3 -5.53907369137970800D-17  0.00000000000000000D+00  5.22287946130172500D-01  0.00000000000000000D+00  0.00000000000000000D+00
18  4  0.00000000000000000D+00  0.00000000000000000D+00  0.00000000000000000D+00  0.00000000000000000D+00 -1.54570494604875000D-16
18  5  1.54570494604875000D-16  0.00000000000000000D+00 -1.45746943726607600D+00  0.00000000000000000D+00  0.00000000000000000D+00
18  6  0.00000000000000000D+00  0.00000000000000000D+00  0.00000000000000000D+00  0.00000000000000000D+00  0.00000000000000000D+00
18  7  0.00000000000000000D+00  0.00000000000000000D+00  0.00000000000000000D+00  0.00000000000000000D+00 -1.33168240791426300D-26
18  8  1.33168240791426300D-26  0.00000000000000000D+00 -1.25566422921876300D-10  0.00000000000000000D+00  0.00000000000000000D+00
18  9  0.00000000000000000D+00  0.00000000000000000D+00  0.00000000000000000D+00  0.00000000000000000D+00 -4.28444142302966400D-24
18 10  4.28444142302966400D-24  0.00000000000000000D+00 -4.03986701717234800D-08  0.00000000000000000D+00  0.00000000000000000D+00
19  1  0.00000000000000000D+00  0.00000000000000000D+00  0.00000000000000000D+00  0.00000000000000000D+00  0.00000000000000000D+00
19  2  0.00000000000000000D+00  0.00000000000000000D+00  0.00000000000000000D+00  0.00000000000000000D+00 -4.52314629438588300D-01
19  3  4.52314629438618100D-01  0.00000000000000000D+00  6.39597137355105800D-17  0.00000000000000000D+00  0.00000000000000000D+00
19  4  0.00000000000000000D+00  0.00000000000000000D+00  0.00000000000000000D+00  0.00000000000000000D+00  1.26220555791145900D+00
19  5 -1.26220555791154500D+00  0.00000000000000000D+00 -1.78482633337749200D-16  0.00000000000000000D+00  0.00000000000000000D+00
19  6  0.00000000000000000D+00  0.00000000000000000D+00  0.00000000000000000D+00  0.00000000000000000D+00  0.00000000000000000D+00
19  7  0.00000000000000000D+00  0.00000000000000000D+00  0.00000000000000000D+00  0.00000000000000000D+00  1.08743518890111900D-10
19  8 -1.08744051474158700D-10  0.00000000000000000D+00 -1.53769542660996900D-26  0.00000000000000000D+00  0.00000000000000000D+00
19  9  0.00000000000000000D+00  0.00000000000000000D+00  0.00000000000000000D+00  0.00000000000000000D+00  3.49862747634812700D-08
19 10 -3.49862743692537400D-08  0.00000000000000000D+00 -4.94724680630871800D-24  0.00000000000000000D+00  0.00000000000000000D+00
20  1  0.00000000000000000D+00  0.00000000000000000D+00  0.00000000000000000D+00  2.18348795809704200D-01 -1.33695661349014300D-17
20  2  0.00000000000000000D+00 -3.39947761391559000D-01  2.08151094283898300D-17  0.00000000000000000D+00  0.00000000000000000D+00
20  3  0.00000000000000000D+00  0.00000000000000000D+00  0.00000000000000000D+00  5.03703900699893600D-01 -3.08419498621102700D-17
20  4  0.00000000000000000D+00  9.55139634846933900D-02 -5.84835032810570300D-18  0.00000000000000000D+00  0.00000000000000000D+00
20  5  0.00000000000000000D+00  0.00000000000000000D+00  0.00000000000000000D+00 -1.43114767353594900D+00  8.76296267135118500D-17
20  6  0.00000000000000000D+00  0.00000000000000000D+00  0.00000000000000000D+00 -2.05189433737656600D-04  1.25638142146175000D-20
20  7  0.00000000000000000D+00  1.49066786475191800D-04 -9.12740669307017700D-21  0.00000000000000000D+00  0.00000000000000000D+00
20  8  0.00000000000000000D+00  0.00000000000000000D+00  0.00000000000000000D+00 -4.13508506132799400D-06  2.53192571984912800D-22
20  9  0.00000000000000000D+00 -1.31470681157504100D-03  8.04999157434177200D-20  0.00000000000000000D+00  0.00000000000000000D+00
20 10  0.00000000000000000D+00  0.00000000000000000D+00  0.00000000000000000D+00  1.24129394217855900D-05 -7.60048224276545000D-22
21  1  0.00000000000000000D+00  0.00000000000000000D+00  0.00000000000000000D+00  1.33695661349002300D-17  2.18348795809684600D-01
21  2  0.00000000000000000D+00 -2.08151094283882400D-17 -3.39947761391533100D-01  0.00000000000000000D+00  0.00000000000000000D+00
21  3  0.00000000000000000D+00  0.00000000000000000D+00  0.00000000000000000D+00  3.08419498621101900D-17  5.03703900699892200D-01
21  4  0.00000000000000000D+00  5.84835032810525700D-18  9.55139634846861000D-02  0.00000000000000000D+00  0.00000000000000000D+00
21  5  0.00000000000000000D+00  0.00000000000000000D+00  0.00000000000000000D+00 -8.76296267135119300D-17 -1.43114767353595100D+00
21  6  0.00000000000000000D+00  0.00000000000000000D+00  0.00000000000000000D+00 -1.25638142146461000D-20 -2.05189433738123700D-04
21  7  0.00000000000000000D+00  9.12740669311924900D-21  1.49066786475993300D-04  0.00000000000000000D+00  0.00000000000000000D+00
21  8  0.00000000000000000D+00  0.00000000000000000D+00  0.00000000000000000D+00 -2.53192571974430400D-22 -4.13508506115679800D-06
21  9  0.00000000000000000D+00 -8.04999157435383300D-20 -1.31470681157701100D-03  0.00000000000000000D+00  0.00000000000000000D+00
21 10  0.00000000000000000D+00  0.00000000000000000D+00  0.00000000000000000D+00  7.60048224283553700D-22  1.24129394219000500D-05
22  1  8.75235409948257700D-02  4.76165335707481800D-01 -6.19373979616554600D-01  0.00000000000000000D+00  0.00000000000000000D+00
22  2 -3.29287369869809300D-01  0.00000000000000000D+00  0.00000000000000000D+00  4.94214001468209500D-01  2.42415023324415400D-01
22  3  2.42415023324366200D-01 -4.84830046648781400D-01 -3.48208133945212200D-30  0.00000000000000000D+00  0.00000000000000000D+00
22  4  1.88455494488270900D-01  0.00000000000000000D+00  0.00000000000000000D+00 -1.21900157073444400D-01 -6.98274787541611800D-01
22  5 -6.98274787541474500D-01  1.39654957508308600D+00  9.70052394388963000D-30  0.00000000000000000D+00  0.00000000000000000D+00
22  6  3.61179505792224700D-04  6.84880280510829300D-04 -2.74699076768450900D-03  0.00000000000000000D+00  0.00000000000000000D+00
22  7  1.34616982173022100D-03  0.00000000000000000D+00  0.00000000000000000D+00  1.91688078833098100D-03 -6.03180200071282100D-06
22  8 -6.03180198089609700D-06  1.20636039811276700D-05  1.40109550875074500D-30  0.00000000000000000D+00  0.00000000000000000D+00
22  9  8.44108052173220100D-03  0.00000000000000000D+00  0.00000000000000000D+00 -2.39055402146356200D-03  2.27176281973664900D-06
22 10  2.27176279995133500D-06 -4.54352561968805900D-06 -1.39887474131328500D-30  0.00000000000000000D+00  0.00000000000000000D+00
23  1 -7.66118123353836700D-01 -4.14257544910647700D+00  5.28344647790715200D+00  0.00000000000000000D+00  0.00000000000000000D+00
23  2 -3.33212222590664900D-01  0.00000000000000000D+00  0.00000000000000000D+00  5.18009626152144300D-01  5.02924003173765900D-03
23  3  5.02924003173786200D-03 -1.00584800634766800D-02  1.43481780856849100D-32  0.00000000000000000D+00  0.00000000000000000D+00
23  4 -1.32942426989767600D+00  0.00000000000000000D+00  0.00000000000000000D+00 -2.69773054241779000D-01 -3.97356006390302400D-02
23  5 -3.97356006390343100D-02  7.94712012780642000D-02 -2.88119119680330500D-31  0.00000000000000000D+00  0.00000000000000000D+00
23  6  1.67559374319124200D-03  6.16910548859166300D-03 -7.59609444096506100D-03  0.00000000000000000D+00  0.00000000000000000D+00
23  7 -5.48618450255825400D-03  0.00000000000000000D+00  0.00000000000000000D+00 -2.31606537125609400D-04  2.87092876173465700D-05
23  8  2.87092875967657300D-05 -5.74185752132184300D-05 -1.45512057083770100D-30  0.00000000000000000D+00  0.00000000000000000D+00
23  9  4.70671824561528900D-02  0.00000000000000000D+00  0.00000000000000000D+00 -2.13601064491512300D-02 -8.71735637762837600D-05
23 10 -8.71735637166001200D-05  1.74347127492883900D-04  4.21979300600557800D-30  0.00000000000000000D+00  0.00000000000000000D+00
24  1  0.00000000000000000D+00  0.00000000000000000D+00  0.00000000000000000D+00  0.00000000000000000D+00  0.00000000000000000D+00
24  2  0.00000000000000000D+00  0.00000000000000000D+00  0.00000000000000000D+00  0.00000000000000000D+00  2.60999778597250900D-16
24  3 -2.60999778597250900D-16  0.00000000000000000D+00  2.46100784895015900D+00  0.00000000000000000D+00  0.00000000000000000D+00
24  4  0.00000000000000000D+00  0.00000000000000000D+00  0.00000000000000000D+00  0.00000000000000000D+00 -2.17478689441682300D-16
24  5  2.17478689441682300D-16  0.00000000000000000D+00 -2.05064067322933600D+00  0.00000000000000000D+00  0.00000000000000000D+00
24  6  0.00000000000000000D+00  0.00000000000000000D+00  0.00000000000000000D+00  0.00000000000000000D+00  0.00000000000000000D+00
24  7  0.00000000000000000D+00  0.00000000000000000D+00  0.00000000000000000D+00  0.00000000000000000D+00  6.98957861800880000D-26
24  8 -6.98957861800880000D-26  0.00000000000000000D+00  6.59058330709060700D-10  0.00000000000000000D+00  0.00000000000000000D+00
24  9  0.00000000000000000D+00  0.00000000000000000D+00  0.00000000000000000D+00  0.00000000000000000D+00 -5.25949291137376800D-24
24 10  5.25949291137376800D-24  0.00000000000000000D+00 -4.95925835874440900D-08  0.00000000000000000D+00  0.00000000000000000D+00
25  1  0.00000000000000000D+00  0.00000000000000000D+00  0.00000000000000000D+00  0.00000000000000000D+00  0.00000000000000000D+00
25  2  0.00000000000000000D+00  0.00000000000000000D+00  0.00000000000000000D+00  0.00000000000000000D+00  2.13129531610410300D+00
25  3 -2.13129531610412600D+00  0.00000000000000000D+00 -3.01376584863163900D-16  0.00000000000000000D+00  0.00000000000000000D+00
25  4  0.00000000000000000D+00  0.00000000000000000D+00  0.00000000000000000D+00  0.00000000000000000D+00 -1.77590691705077600D+00
25  5  1.77590691705079500D+00  0.00000000000000000D+00  2.51122759784402600D-16  0.00000000000000000D+00  0.00000000000000000D+00
25  6  0.00000000000000000D+00  0.00000000000000000D+00  0.00000000000000000D+00  0.00000000000000000D+00  0.00000000000000000D+00
25  7  0.00000000000000000D+00  0.00000000000000000D+00  0.00000000000000000D+00  0.00000000000000000D+00  5.70761935618425400D-10
25  8 -5.70760705008343400D-10  0.00000000000000000D+00 -8.07087108897091000D-26  0.00000000000000000D+00  0.00000000000000000D+00
25  9  0.00000000000000000D+00  0.00000000000000000D+00  0.00000000000000000D+00  0.00000000000000000D+00 -4.29484374521256900D-08
25 10  4.29484366092635900D-08  0.00000000000000000D+00  6.07313926874368900D-24  0.00000000000000000D+00  0.00000000000000000D+00
26  1  0.00000000000000000D+00  0.00000000000000000D+00  0.00000000000000000D+00 -3.28928848261577800D-02  2.01404178768302400D-18
26  2  0.00000000000000000D+00  4.08452671372632500D-02 -2.50096868299324600D-18  0.00000000000000000D+00  0.00000000000000000D+00
26  3  0.00000000000000000D+00  0.00000000000000000D+00  0.00000000000000000D+00 -2.46223033334248200D+00  1.50763145539269700D-16
26  4  0.00000000000000000D+00 -5.81611994525201500D-03  3.56122871977433700D-19  0.00000000000000000D+00  0.00000000000000000D+00
26  5  0.00000000000000000D+00  0.00000000000000000D+00  0.00000000000000000D+00  2.05477878210185500D+00 -1.25814757613066900D-16
26  6  0.00000000000000000D+00  0.00000000000000000D+00  0.00000000000000000D+00 -1.57456273624042500D-04  9.64109765645986400D-21
26  7  0.00000000000000000D+00 -3.97213953175455200D-04  2.43215365442783300D-20  0.00000000000000000D+00  0.00000000000000000D+00
26  8  0.00000000000000000D+00  0.00000000000000000D+00  0.00000000000000000D+00  2.89582686425526100D-07 -1.77312398876826200D-23
26  9  0.00000000000000000D+00  9.92009862616231800D-04 -6.07410790407150500D-20  0.00000000000000000D+00  0.00000000000000000D+00
26 10  0.00000000000000000D+00  0.00000000000000000D+00  0.00000000000000000D+00 -1.55403344304166400D-06  9.51539614200643300D-23
27  1  0.00000000000000000D+00  0.00000000000000000D+00  0.00000000000000000D+00 -2.01404178768290200D-18 -3.28928848261557800D-02
27  2  0.00000000000000000D+00  2.50096868299313000D-18  4.08452671372613500D-02  0.00000000000000000D+00  0.00000000000000000D+00
27  3  0.00000000000000000D+00  0.00000000000000000D+00  0.00000000000000000D+00 -1.50763145539270300D-16 -2.46223033334249300D+00
27  4  0.00000000000000000D+00 -3.56122871977395600D-19 -5.81611994525139300D-03  0.00000000000000000D+00  0.00000000000000000D+00
27  5  0.00000000000000000D+00  0.00000000000000000D+00  0.00000000000000000D+00  1.25814757613067600D-16  2.05477878210186600D+00
27  6  0.00000000000000000D+00  0.00000000000000000D+00  0.00000000000000000D+00 -9.64109765642573700D-21 -1.57456273623485200D-04
27  7  0.00000000000000000D+00 -2.43215365442643500D-20 -3.97213953175226800D-04  0.00000000000000000D+00  0.00000000000000000D+00
27  8  0.00000000000000000D+00  0.00000000000000000D+00  0.00000000000000000D+00  1.77312398638499000D-23  2.89582686036295400D-07
27  9  0.00000000000000000D+00  6.07410790406250700D-20  9.92009862614762200D-04  0.00000000000000000D+00  0.00000000000000000D+00
27 10  0.00000000000000000D+00  0.00000000000000000D+00  0.00000000000000000D+00 -9.51539614008680800D-23 -1.55403344272815500D-06
28  1 -5.82801112083237400D-03 -3.22180856464136200D-02  3.75852546082966800D-02  0.00000000000000000D+00  0.00000000000000000D+00
28  2 -4.34606963820695000D-02  0.00000000000000000D+00  0.00000000000000000D+00  5.58780037947910400D-02  1.23129820367392500D+00
28  3  1.23129820367388600D+00 -2.46259640734781000D+00 -2.76101316827354100D-30  0.00000000000000000D+00  0.00000000000000000D+00
28  4 -4.21417171816228400D-03  0.00000000000000000D+00  0.00000000000000000D+00 -8.84502928950294100D-03 -1.02857711230969500D+00
28  5 -1.02857711230966300D+00  2.05715422461935600D+00  2.26797510251040900D-30  0.00000000000000000D+00  0.00000000000000000D+00
28  6  1.26167180142801600D-04  7.69545730307380100D-05 -1.34031986183816800D-03  0.00000000000000000D+00  0.00000000000000000D+00
28  7  2.86191889276857600D-03  0.00000000000000000D+00  0.00000000000000000D+00  6.67243883159190700D-03  1.99500149761856900D-06
28  8  1.99500149921541900D-06 -3.99000299692741700D-06  1.12901600948738500D-31  0.00000000000000000D+00  0.00000000000000000D+00
28  9  2.56020280116764500D-03  0.00000000000000000D+00  0.00000000000000000D+00 -1.60024081591875700D-02 -1.20262822449105900D-05
28 10 -1.20262822470191300D-05  2.40525644919297200D-05 -1.49079202836820600D-31  0.00000000000000000D+00  0.00000000000000000D+00
29  1 -2.61975224747695000D-02 -1.28609247013333600D-01  2.07108971290673600D-01  0.00000000000000000D+00  0.00000000000000000D+00
29  2  1.38116983466130100D-02  0.00000000000000000D+00  0.00000000000000000D+00 -9.98946524379831700D-05 -1.91034279811952800D-02
29  3 -1.91034279811964300D-02  3.82068559623914600D-02 -8.08890576642639100D-32  0.00000000000000000D+00  0.00000000000000000D+00
29  4 -1.07141072349392300D-01  0.00000000000000000D+00  0.00000000000000000D+00 -6.58891828545861400D-02  1.72364756463160300D-02
29  5  1.72364756463161600D-02 -3.44729512926321800D-02  9.24446373305873200D-33  0.00000000000000000D+00  0.00000000000000000D+00
29  6  5.16089896394206300D-03 -2.35957314797017900D-03 -7.17937523569999600D-02  0.00000000000000000D+00  0.00000000000000000D+00
29  7  2.09343414826914800D-01  0.00000000000000000D+00  0.00000000000000000D+00  4.44011355869624300D-01  1.08788617430169900D-04
29  8  1.08788617434844900D-04 -2.17577234864708300D-04  3.30537726705459400D-31  0.00000000000000000D+00  0.00000000000000000D+00
29  9  1.18035233673973400D-01  0.00000000000000000D+00  0.00000000000000000D+00 -1.14272062051101800D+00 -3.99168939431831600D-04
29 10 -3.99168939459673000D-04  7.98337878891504500D-04 -1.96846290350281300D-30  0.00000000000000000D+00  0.00000000000000000D+00
30  1  0.00000000000000000D+00  0.00000000000000000D+00  0.00000000000000000D+00 -1.38684699512308200D-02  8.49170821003598600D-19
30  2  0.00000000000000000D+00  2.88366158332853300D-02 -1.76567514860880900D-18  0.00000000000000000D+00  0.00000000000000000D+00
30  3  0.00000000000000000D+00  0.00000000000000000D+00  0.00000000000000000D+00  2.31026432078060500D-03 -1.41458218311853400D-19
30  4  0.00000000000000000D+00 -3.28990734095439600D-02  2.01442071660981800D-18  0.00000000000000000D+00  0.00000000000000000D+00
30  5  0.00000000000000000D+00  0.00000000000000000D+00  0.00000000000000000D+00 -2.06409269529576900D-03  1.26385051476877800D-19
30  6  0.00000000000000000D+00  0.00000000000000000D+00  0.00000000000000000D+00 -2.09000278675764500D-01  1.27971534608494400D-17
30  7  0.00000000000000000D+00 -4.43404690501525800D-01  2.71498100651406600D-17  0.00000000000000000D+00  0.00000000000000000D+00
30  8  0.00000000000000000D+00  0.00000000000000000D+00  0.00000000000000000D+00  1.80098719148201400D-04 -1.10275017892079700D-20
30  9  0.00000000000000000D+00  1.13997835730058200D+00 -6.98012369785144300D-17  0.00000000000000000D+00  0.00000000000000000D+00
30 10  0.00000000000000000D+00  0.00000000000000000D+00  0.00000000000000000D+00 -6.69394239146642600D-04  4.09872219235537200D-20
31  1  0.00000000000000000D+00  0.00000000000000000D+00  0.00000000000000000D+00 -8.49170821003731200D-19 -1.38684699512329800D-02
31  2  0.00000000000000000D+00  1.76567514860897200D-18  2.88366158332879900D-02  0.00000000000000000D+00  0.00000000000000000D+00
31  3  0.00000000000000000D+00  0.00000000000000000D+00  0.00000000000000000D+00  1.41458218311542800D-19  2.31026432077553300D-03
31  4  0.00000000000000000D+00 -2.01442071660987900D-18 -3.28990734095449600D-02  0.00000000000000000D+00  0.00000000000000000D+00
31  5  0.00000000000000000D+00  0.00000000000000000D+00  0.00000000000000000D+00 -1.26385051476727300D-19 -2.06409269529331200D-03
31  6  0.00000000000000000D+00  0.00000000000000000D+00  0.00000000000000000D+00 -1.27971534608495200D-17 -2.09000278675765800D-01
31  7  0.00000000000000000D+00 -2.71498100651403300D-17 -4.43404690501520400D-01  0.00000000000000000D+00  0.00000000000000000D+00
31  8  0.00000000000000000D+00  0.00000000000000000D+00  0.00000000000000000D+00  1.10275017892197500D-20  1.80098719148393900D-04
31  9  0.00000000000000000D+00  6.98012369785144600D-17  1.13997835730058200D+00  0.00000000000000000D+00  0.00000000000000000D+00
31 10  0.00000000000000000D+00  0.00000000000000000D+00  0.00000000000000000D+00 -4.09872219235445000D-20 -6.69394239146491900D-04
32  1  2.79752418252255800D-02  1.39672325914297200D-01 -2.13980624173504200D-01  0.00000000000000000D+00  0.00000000000000000D+00
32  2  5.08645898540759000D-02  0.00000000000000000D+00  0.00000000000000000D+00 -1.07478961299011700D-01  3.32746802434649100D-04
32  3  3.32746802437200200D-04 -6.65493604871887100D-04  1.80366348557402700D-31  0.00000000000000000D+00  0.00000000000000000D+00
32  4  9.77196991133931400D-02  0.00000000000000000D+00  0.00000000000000000D+00  1.25376836878392500D-01 -2.27165864845745100D-04
32  5 -2.27165864846737000D-04  4.54331729692765200D-04 -7.01369518966145400D-32  0.00000000000000000D+00  0.00000000000000000D+00
32  6 -5.85687638752113100D-02  5.18643371729389800D-02  8.98684364552249400D-01  0.00000000000000000D+00  0.00000000000000000D+00
32  7  1.17468519463521900D-02  0.00000000000000000D+00  0.00000000000000000D+00  2.88730013719327900D-02 -1.70632884556141000D-05
32  8 -1.70632884734482100D-05  3.41265769293089600D-05 -1.26091931204795600D-30  0.00000000000000000D+00  0.00000000000000000D+00
32  9 -1.43827887741218700D+00  0.00000000000000000D+00  0.00000000000000000D+00 -7.41453512864192600D-02  1.00202072975706400D-04
32 10  1.00202072988241000D-04 -2.00404145963947400D-04  8.86231710237477100D-31  0.00000000000000000D+00  0.00000000000000000D+00
33  1 -7.22032375946656000D-04 -3.48099793197669600D-03  5.82535182713368800D-03  0.00000000000000000D+00  0.00000000000000000D+00
33  2  1.86940838271143300D-03  0.00000000000000000D+00  0.00000000000000000D+00 -2.69462774148973400D-03 -1.29052589944528500D-05
33  3 -1.29052589942816600D-05  2.58105179887326500D-05  1.21036421524508000D-32  0.00000000000000000D+00  0.00000000000000000D+00
33  4 -3.22801342266945000D-03  0.00000000000000000D+00  0.00000000000000000D+00  9.89681074991304100D-06  1.41710787103805200D-05
33  5  1.41710787094933900D-05 -2.83421574198744500D-05 -6.27224977689159500D-32  0.00000000000000000D+00  0.00000000000000000D+00
33  6 -1.81749964486677100D-04 -4.39872930821630200D-04  5.75477103840638500D-04  0.00000000000000000D+00  0.00000000000000000D+00
33  7  5.72378462673357300D-03  0.00000000000000000D+00  0.00000000000000000D+00 -6.32713402220519900D-03  1.79772962364702300D-02
33  8  1.79772962394103900D-02 -3.59545924758805700D-02  2.07877559663369600D-28  0.00000000000000000D+00  0.00000000000000000D+00
33  9 -2.76346231538679000D-04  0.00000000000000000D+00  0.00000000000000000D+00  3.16365348446553300D-03 -5.09091526623496300D-01
33 10 -5.09091526706685800D-01  1.01818305333018200D+00 -5.88171609444875400D-27  0.00000000000000000D+00  0.00000000000000000D+00
34  1  0.00000000000000000D+00  0.00000000000000000D+00  0.00000000000000000D+00 -2.78722122278700300D-20 -4.55202802776127800D-04
34  2  0.00000000000000000D+00  6.55963958310372300D-20  1.07130582209198000D-03  0.00000000000000000D+00  0.00000000000000000D+00
34  3  0.00000000000000000D+00  0.00000000000000000D+00  0.00000000000000000D+00  5.49114161571738800D-23  8.96801098341165400D-07
34  4  0.00000000000000000D+00 -9.03629102961234000D-20 -1.47578705620908500D-03  0.00000000000000000D+00  0.00000000000000000D+00
34  5  0.00000000000000000D+00  0.00000000000000000D+00  0.00000000000000000D+00 -5.67697288295201300D-23 -9.27150649714075900D-07
34  6  0.00000000000000000D+00  0.00000000000000000D+00  0.00000000000000000D+00 -2.89131662238929800D-19 -4.72203433105601600D-03
34  7  0.00000000000000000D+00  3.21239733907875400D-19  5.24641625294832500D-03  0.00000000000000000D+00  0.00000000000000000D+00
34  8  0.00000000000000000D+00  0.00000000000000000D+00  0.00000000000000000D+00  2.20078410609750300D-18  3.59427190497284500D-02
34  9  0.00000000000000000D+00 -1.68461111478232100D-19 -2.75126959700009000D-03  0.00000000000000000D+00  0.00000000000000000D+00
34 10  0.00000000000000000D+00  0.00000000000000000D+00  0.00000000000000000D+00 -6.23434903178083700D-17 -1.01818008902558700D+00
35  1  0.00000000000000000D+00  0.00000000000000000D+00  0.00000000000000000D+00 -4.55202802776662500D-04  2.78722122279027700D-20
35  2  0.00000000000000000D+00  1.07130582209260000D-03 -6.55963958310751700D-20  0.00000000000000000D+00  0.00000000000000000D+00
35  3  0.00000000000000000D+00  0.00000000000000000D+00  0.00000000000000000D+00  8.96801099312092300D-07 -5.49114162166240500D-23
35  4  0.00000000000000000D+00 -1.47578705620905200D-03  9.03629102961213300D-20  0.00000000000000000D+00  0.00000000000000000D+00
35  5  0.00000000000000000D+00  0.00000000000000000D+00  0.00000000000000000D+00 -9.27150650583446900D-07  5.67697288827519900D-23
35  6  0.00000000000000000D+00  0.00000000000000000D+00  0.00000000000000000D+00 -4.72203433106095100D-03  2.89131662239232000D-19
35  7  0.00000000000000000D+00  5.24641625295277300D-03 -3.21239733908147700D-19  0.00000000000000000D+00  0.00000000000000000D+00
35  8  0.00000000000000000D+00  0.00000000000000000D+00  0.00000000000000000D+00  3.59427190497282300D-02 -2.20078410609748900D-18
35  9  0.00000000000000000D+00 -2.75126959700250700D-03  1.68461111478380000D-19  0.00000000000000000D+00  0.00000000000000000D+00
35 10  0.00000000000000000D+00  0.00000000000000000D+00  0.00000000000000000D+00 -1.01818008902558700D+00  6.23434903178084000D-17
36  1  0.00000000000000000D+00  0.00000000000000000D+00  0.00000000000000000D+00  0.00000000000000000D+00  0.00000000000000000D+00
36  2  0.00000000000000000D+00  0.00000000000000000D+00  0.00000000000000000D+00  0.00000000000000000D+00 -1.63391740150646500D-23
36  3  1.63391740150646500D-23  0.00000000000000000D+00 -1.54064634508698100D-07  0.00000000000000000D+00  0.00000000000000000D+00
36  4  0.00000000000000000D+00  0.00000000000000000D+00  0.00000000000000000D+00  0.00000000000000000D+00  1.83188821927917000D-23
36  5 -1.83188821927917000D-23  0.00000000000000000D+00  1.72731613424167600D-07  0.00000000000000000D+00  0.00000000000000000D+00
36  6  0.00000000000000000D+00  0.00000000000000000D+00  0.00000000000000000D+00  0.00000000000000000D+00  0.00000000000000000D+00
36  7  0.00000000000000000D+00  0.00000000000000000D+00  0.00000000000000000D+00  0.00000000000000000D+00  3.80827702681638000D-18
36  8 -3.80827702681638000D-18  0.00000000000000000D+00  3.59088413957390400D-02  0.00000000000000000D+00  0.00000000000000000D+00
36  9  0.00000000000000000D+00  0.00000000000000000D+00  0.00000000000000000D+00  0.00000000000000000D+00 -1.07981292845373600D-16
36 10  1.07981292845373600D-16  0.00000000000000000D+00 -1.01817254658410400D+00  0.00000000000000000D+00  0.00000000000000000D+00
37  1  0.00000000000000000D+00  0.00000000000000000D+00  0.00000000000000000D+00  0.00000000000000000D+00  0.00000000000000000D+00
37  2  0.00000000000000000D+00  0.00000000000000000D+00  0.00000000000000000D+00  0.00000000000000000D+00 -1.33423886301766900D-07
37  3  1.33423885969789200D-07  0.00000000000000000D+00  1.88668528659254600D-23  0.00000000000000000D+00  0.00000000000000000D+00
37  4  0.00000000000000000D+00  0.00000000000000000D+00  0.00000000000000000D+00  0.00000000000000000D+00  1.49589964304314500D-07
37  5 -1.49589963671695200D-07  0.00000000000000000D+00 -2.11528229503725200D-23  0.00000000000000000D+00  0.00000000000000000D+00
37  6  0.00000000000000000D+00  0.00000000000000000D+00  0.00000000000000000D+00  0.00000000000000000D+00  0.00000000000000000D+00
37  7  0.00000000000000000D+00  0.00000000000000000D+00  0.00000000000000000D+00  0.00000000000000000D+00  3.10979688697592000D-02
37  8 -3.10979688680642800D-02  0.00000000000000000D+00 -4.39741953312479000D-18  0.00000000000000000D+00  0.00000000000000000D+00
37  9  0.00000000000000000D+00  0.00000000000000000D+00  0.00000000000000000D+00  0.00000000000000000D+00 -8.81763290801715400D-01
37 10  8.81763290753686800D-01  4.80286447532314700D-11  1.24686056983436300D-16  0.00000000000000000D+00  0.00000000000000000D+00
38  1  0.00000000000000000D+00  0.00000000000000000D+00  0.00000000000000000D+00  4.81319589172126000D-03 -2.94713513559680900D-19
38  2  0.00000000000000000D+00 -1.05083179677985300D-02  6.43427647567596200D-19  0.00000000000000000D+00  0.00000000000000000D+00
38  3  0.00000000000000000D+00  0.00000000000000000D+00  0.00000000000000000D+00 -1.55404042414356200D-04  9.51543888751514200D-21
38  4  0.00000000000000000D+00  1.26842469145874100D-02 -7.76660468252781600D-19  0.00000000000000000D+00  0.00000000000000000D+00
38  5  0.00000000000000000D+00  0.00000000000000000D+00  0.00000000000000000D+00  1.64302758495587200D-04 -1.00603101002119900D-20
38  6  0.00000000000000000D+00  0.00000000000000000D+00  0.00000000000000000D+00 -9.68988507760899600D-01  5.93314741692430700D-17
38  7  0.00000000000000000D+00  1.26176140495327500D+00 -7.72580516756814800D-17  0.00000000000000000D+00  0.00000000000000000D+00
38  8  0.00000000000000000D+00  0.00000000000000000D+00  0.00000000000000000D+00  1.16236423547739100D-04 -7.11719314110751600D-21
38  9  0.00000000000000000D+00 -4.60688162907149300D-01  2.82080825713426700D-17  0.00000000000000000D+00  0.00000000000000000D+00
38 10  0.00000000000000000D+00  0.00000000000000000D+00  0.00000000000000000D+00  4.29068703571093200D-03 -2.62720130309745400D-19
39  1  0.00000000000000000D+00  0.00000000000000000D+00  0.00000000000000000D+00  2.94713513559675500D-19  4.81319589172117100D-03
39  2  0.00000000000000000D+00 -6.43427647567596200D-19 -1.05083179677985300D-02  0.00000000000000000D+00  0.00000000000000000D+00
39  3  0.00000000000000000D+00  0.00000000000000000D+00  0.00000000000000000D+00 -9.51543888751542700D-21 -1.55404042414360900D-04
39  4  0.00000000000000000D+00  7.76660468252792600D-19  1.26842469145875900D-02  0.00000000000000000D+00  0.00000000000000000D+00
39  5  0.00000000000000000D+00  0.00000000000000000D+00  0.00000000000000000D+00  1.00603101002416500D-20  1.64302758496071700D-04
39  6  0.00000000000000000D+00  0.00000000000000000D+00  0.00000000000000000D+00 -5.93314741692430500D-17 -9.68988507760899200D-01
39  7  0.00000000000000000D+00  7.72580516756817200D-17  1.26176140495327900D+00  0.00000000000000000D+00  0.00000000000000000D+00
39  8  0.00000000000000000D+00  0.00000000000000000D+00  0.00000000000000000D+00  7.11719314115844200D-21  1.16236423548570800D-04
39  9  0.00000000000000000D+00 -2.82080825713430700D-17 -4.60688162907155800D-01  0.00000000000000000D+00  0.00000000000000000D+00
39 10  0.00000000000000000D+00  0.00000000000000000D+00  0.00000000000000000D+00  2.62720130309463400D-19  4.29068703570632600D-03
40  1 -7.55074485814787400D-03 -3.62733083003356100D-02  6.12849131489665300D-02  0.00000000000000000D+00  0.00000000000000000D+00
40  2  4.35413757563378500D-03  0.00000000000000000D+00  0.00000000000000000D+00 -4.48315766296062200D-04 -1.02812745891131400D-03
40  3 -1.02812745891123000D-03  2.05625491782242800D-03  5.94630870329559100D-33  0.00000000000000000D+00  0.00000000000000000D+00
40  4 -3.46277885767258700D-02  0.00000000000000000D+00  0.00000000000000000D+00 -2.12501631673259100D-02  1.10147856764948000D-03
40  5  1.10147856764949200D-03 -2.20295713529903900D-03  8.30557288516995500D-34  0.00000000000000000D+00  0.00000000000000000D+00
40  6 -2.23830185705691800D-04 -9.21323005504304200D-04 -2.05021473927464800D-03  0.00000000000000000D+00  0.00000000000000000D+00
40  7 -9.69212007629523500D-01  0.00000000000000000D+00  0.00000000000000000D+00  1.26287736027976200D+00 -6.89111679770920400D-05
40  8 -6.89111679724851800D-05  1.37822335950044400D-04  3.25716883313415100D-31  0.00000000000000000D+00  0.00000000000000000D+00
40  9  7.34663954773309400D-03  0.00000000000000000D+00  0.00000000000000000D+00 -4.63814135068851700D-01 -2.62160435337262700D-03
40 10 -2.62160435365583900D-03  5.24320870702846500D-03 -2.00237973352968700D-29  0.00000000000000000D+00  0.00000000000000000D+00
41  1 -1.05860822818244100D-02 -5.16251418789034800D-02  8.32654553891636900D-02  0.00000000000000000D+00  0.00000000000000000D+00
41  2 -2.08473690797172800D-02  0.00000000000000000D+00  0.00000000000000000D+00  4.67859818274759900D-02 -1.87203625773205700D-04
41  3 -1.87203625773351800D-04  3.74407251547464500D-04 -1.03277993267765500D-32  0.00000000000000000D+00  0.00000000000000000D+00
41  4 -4.23854329252429700D-02  0.00000000000000000D+00  0.00000000000000000D+00 -5.92643447267348000D-02  1.95692609879638900D-04
41  5  1.95692609879589900D-04 -3.91385219759634500D-04 -3.46065536882081400D-33  0.00000000000000000D+00  0.00000000000000000D+00
41  6  7.43827473922392900D-01  1.75344520569477400D+00 -2.19853825512221500D+00  0.00000000000000000D+00  0.00000000000000000D+00
41  7 -1.88176881720632800D-03  0.00000000000000000D+00  0.00000000000000000D+00  3.71241839112670200D-03 -1.43220433155224200D-05
41  8 -1.43220433279501100D-05  2.86440866436283700D-05 -8.78671118652084300D-31  0.00000000000000000D+00  0.00000000000000000D+00
41  9  7.76455053151573600D-01  0.00000000000000000D+00  0.00000000000000000D+00 -6.51745165051361400D-03 -1.46598869675924900D-04
41 10 -1.46598869674284600D-04  2.93197739350209400D-04  1.15968066041954500D-31  0.00000000000000000D+00  0.00000000000000000D+00
42  1 -3.42763518319822100D-04 -1.64549971523456000D-03  2.77332703845265700D-03  0.00000000000000000D+00  0.00000000000000000D+00
42  2  7.80593546560956900D-04  0.00000000000000000D+00  0.00000000000000000D+00 -1.10943346370962300D-03 -3.03379051438436100D-06
42  3 -3.03379051341321600D-06  6.06758102779717900D-06  6.86625058224911300D-32  0.00000000000000000D+00  0.00000000000000000D+00
42  4 -1.55273581330069100D-03  0.00000000000000000D+00  0.00000000000000000D+00 -9.89549313337867200D-05  3.31311042227559000D-06
42  5  3.31311042087528000D-06 -6.62622084315111400D-06 -9.90056355398149000D-32  0.00000000000000000D+00  0.00000000000000000D+00
42  6  4.78424632845514800D-05  1.09782826679118800D-04 -1.68700797473455900D-04  0.00000000000000000D+00  0.00000000000000000D+00
42  7 -3.62257152634236000D-04  0.00000000000000000D+00  0.00000000000000000D+00  3.16083111601692000D-04  5.84753756134169900D-01
42  8  5.84753756103706300D-01 -1.16950751223787600D+00 -2.15386144218953200D-27  0.00000000000000000D+00  0.00000000000000000D+00
42  9  1.32188514994047400D-04  0.00000000000000000D+00  0.00000000000000000D+00 -7.17005989291877300D-05 -2.88237021628671800D-01
42 10 -2.88237021613653800D-01  5.76474043242325700D-01  1.06181294140330400D-27  0.00000000000000000D+00  0.00000000000000000D+00
43  1  0.00000000000000000D+00  0.00000000000000000D+00  0.00000000000000000D+00 -1.31170415261081600D-20 -2.14224619775420800D-04
43  2  0.00000000000000000D+00  3.09232207030255700D-20  5.05031198090791900D-04  0.00000000000000000D+00  0.00000000000000000D+00
43  3  0.00000000000000000D+00  0.00000000000000000D+00  0.00000000000000000D+00  5.56797502935132100D-24  9.09349361445323100D-08
43  4  0.00000000000000000D+00 -4.24449665242710700D-20 -6.93201801408054600D-04  0.00000000000000000D+00  0.00000000000000000D+00
43  5  0.00000000000000000D+00  0.00000000000000000D+00  0.00000000000000000D+00 -3.34868196873119600D-24 -5.46899329450466700D-08
43  6  0.00000000000000000D+00  0.00000000000000000D+00  0.00000000000000000D+00  1.79741776285373400D-20  2.93550291853938900D-04
43  7  0.00000000000000000D+00 -1.37851527495791700D-20 -2.25136064443099200D-04  0.00000000000000000D+00  0.00000000000000000D+00
43  8  0.00000000000000000D+00  0.00000000000000000D+00  0.00000000000000000D+00  7.16093056840327100D-17  1.16950733532482200D+00
43  9  0.00000000000000000D+00 -4.24086904418723300D-22 -6.92609348457185700D-06  0.00000000000000000D+00  0.00000000000000000D+00
43 10  0.00000000000000000D+00  0.00000000000000000D+00  0.00000000000000000D+00 -3.52981679107345400D-17 -5.76481867835455600D-01
44  1  0.00000000000000000D+00  0.00000000000000000D+00  0.00000000000000000D+00 -2.14224619775570600D-04  1.31170415261173300D-20
44  2  0.00000000000000000D+00  5.05031198091587300D-04 -3.09232207030742700D-20  0.00000000000000000D+00  0.00000000000000000D+00
44  3  0.00000000000000000D+00  0.00000000000000000D+00  0.00000000000000000D+00  9.09349367675439100D-08 -5.56797506749851900D-24
44  4  0.00000000000000000D+00 -6.93201801408168400D-04  4.24449665242780400D-20  0.00000000000000000D+00  0.00000000000000000D+00
44  5  0.00000000000000000D+00  0.00000000000000000D+00  0.00000000000000000D+00 -5.46899336131191200D-08  3.34868200963748400D-24
44  6  0.00000000000000000D+00  0.00000000000000000D+00  0.00000000000000000D+00  2.93550291853532400D-04 -1.79741776285124500D-20
44  7  0.00000000000000000D+00 -2.25136064441983800D-04  1.37851527495108800D-20  0.00000000000000000D+00  0.00000000000000000D+00
44  8  0.00000000000000000D+00  0.00000000000000000D+00  0.00000000000000000D+00  1.16950733532482200D+00 -7.16093056840327500D-17
44  9  0.00000000000000000D+00 -6.92609348473784000D-06  4.24086904428886400D-22  0.00000000000000000D+00  0.00000000000000000D+00
44 10  0.00000000000000000D+00  0.00000000000000000D+00  0.00000000000000000D+00 -5.76481867835457300D-01  3.52981679107346500D-17
45  1  0.00000000000000000D+00  0.00000000000000000D+00  0.00000000000000000D+00  0.00000000000000000D+00  0.00000000000000000D+00
45  2  0.00000000000000000D+00  0.00000000000000000D+00  0.00000000000000000D+00  0.00000000000000000D+00  3.54292350323609800D-25
45  3 -3.54292350323609800D-25  0.00000000000000000D+00  3.34067814024799700D-09  0.00000000000000000D+00  0.00000000000000000D+00
45  4  0.00000000000000000D+00  0.00000000000000000D+00  0.00000000000000000D+00  0.00000000000000000D+00 -3.22517431921866000D-25
45  5  3.22517431921866000D-25  0.00000000000000000D+00 -3.04106745089522800D-09  0.00000000000000000D+00  0.00000000000000000D+00
45  6  0.00000000000000000D+00  0.00000000000000000D+00  0.00000000000000000D+00  0.00000000000000000D+00  0.00000000000000000D+00
45  7  0.00000000000000000D+00  0.00000000000000000D+00  0.00000000000000000D+00  0.00000000000000000D+00 -1.24031041343308000D-16
45  8  1.24031041343308000D-16  0.00000000000000000D+00 -1.16950814249678300D+00  0.00000000000000000D+00  0.00000000000000000D+00
45  9  0.00000000000000000D+00  0.00000000000000000D+00  0.00000000000000000D+00  0.00000000000000000D+00  6.11411693219877900D-17
45 10 -6.11411693219877900D-17  0.00000000000000000D+00  5.76509675234596200D-01  0.00000000000000000D+00  0.00000000000000000D+00
46  1  0.00000000000000000D+00  0.00000000000000000D+00  0.00000000000000000D+00  0.00000000000000000D+00  0.00000000000000000D+00
46  2  0.00000000000000000D+00  0.00000000000000000D+00  0.00000000000000000D+00  0.00000000000000000D+00  2.89311369872225700D-09
46  3 -2.89311334210974900D-09  0.00000000000000000D+00 -4.09101763522022800D-25  0.00000000000000000D+00  0.00000000000000000D+00
46  4  0.00000000000000000D+00  0.00000000000000000D+00  0.00000000000000000D+00  0.00000000000000000D+00 -2.63364340752438400D-09
46  5  2.63364308286789400D-09  0.00000000000000000D+00  3.72411275428514600D-25  0.00000000000000000D+00  0.00000000000000000D+00
46  6  0.00000000000000000D+00  0.00000000000000000D+00  0.00000000000000000D+00  0.00000000000000000D+00  0.00000000000000000D+00
46  7  0.00000000000000000D+00  0.00000000000000000D+00  0.00000000000000000D+00  0.00000000000000000D+00 -1.01282376132630200D+00
46  8  1.01282376134388900D+00 -1.75875889654698200D-11  1.43218710214874800D-16  0.00000000000000000D+00  0.00000000000000000D+00
46  9  0.00000000000000000D+00  0.00000000000000000D+00  0.00000000000000000D+00  0.00000000000000000D+00  4.99272024276638100D-01
46 10 -4.99272024285304300D-01  0.00000000000000000D+00 -7.05997411332777000D-17  0.00000000000000000D+00  0.00000000000000000D+00
47  1  0.00000000000000000D+00  0.00000000000000000D+00  0.00000000000000000D+00  0.00000000000000000D+00  0.00000000000000000D+00
47  2  0.00000000000000000D+00  0.00000000000000000D+00  0.00000000000000000D+00  0.00000000000000000D+00  0.00000000000000000D+00
47  3  0.00000000000000000D+00  0.00000000000000000D+00  0.00000000000000000D+00  0.00000000000000000D+00  0.00000000000000000D+00
47  4  0.00000000000000000D+00  0.00000000000000000D+00  0.00000000000000000D+00  0.00000000000000000D+00 -4.47213595499956800D-01
47  5 -4.47213595499957000D-01 -4.47213595499957000D-01  0.00000000000000000D+00  0.00000000000000000D+00  0.00000000000000000D+00
47  6  0.00000000000000000D+00  0.00000000000000000D+00  0.00000000000000000D+00  0.00000000000000000D+00  0.00000000000000000D+00
47  7  0.00000000000000000D+00  0.00000000000000000D+00  0.00000000000000000D+00  0.00000000000000000D+00  0.00000000000000000D+00
47  8  0.00000000000000000D+00  0.00000000000000000D+00  0.00000000000000000D+00  0.00000000000000000D+00  0.00000000000000000D+00
47  9  0.00000000000000000D+00  0.00000000000000000D+00  0.00000000000000000D+00  0.00000000000000000D+00  0.00000000000000000D+00
47 10  0.00000000000000000D+00  0.00000000000000000D+00  0.00000000000000000D+00  0.00000000000000000D+00  0.00000000000000000D+00
48  1  0.00000000000000000D+00  0.00000000000000000D+00  0.00000000000000000D+00  0.00000000000000000D+00  0.00000000000000000D+00
48  2  0.00000000000000000D+00  0.00000000000000000D+00  0.00000000000000000D+00  0.00000000000000000D+00 -4.47213595499956600D-01
48  3 -4.47213595499956600D-01 -4.47213595499956800D-01  0.00000000000000000D+00  0.00000000000000000D+00  0.00000000000000000D+00
48  4  0.00000000000000000D+00  0.00000000000000000D+00  0.00000000000000000D+00  0.00000000000000000D+00  0.00000000000000000D+00
48  5  0.00000000000000000D+00  0.00000000000000000D+00  0.00000000000000000D+00  0.00000000000000000D+00  0.00000000000000000D+00
48  6  0.00000000000000000D+00  0.00000000000000000D+00  0.00000000000000000D+00  0.00000000000000000D+00  0.00000000000000000D+00
48  7  0.00000000000000000D+00  0.00000000000000000D+00  0.00000000000000000D+00  0.00000000000000000D+00  0.00000000000000000D+00
48  8  0.00000000000000000D+00  0.00000000000000000D+00  0.00000000000000000D+00  0.00000000000000000D+00  0.00000000000000000D+00
48  9  0.00000000000000000D+00  0.00000000000000000D+00  0.00000000000000000D+00  0.00000000000000000D+00  0.00000000000000000D+00
48 10  0.00000000000000000D+00  0.00000000000000000D+00  0.00000000000000000D+00  0.00000000000000000D+00  0.00000000000000000D+00
49  1  0.00000000000000000D+00  0.00000000000000000D+00  0.00000000000000000D+00  0.00000000000000000D+00  0.00000000000000000D+00
49  2  0.00000000000000000D+00  0.00000000000000000D+00  0.00000000000000000D+00  0.00000000000000000D+00  0.00000000000000000D+00
49  3  0.00000000000000000D+00  0.00000000000000000D+00  0.00000000000000000D+00  0.00000000000000000D+00  0.00000000000000000D+00
49  4  0.00000000000000000D+00  0.00000000000000000D+00  0.00000000000000000D+00  0.00000000000000000D+00  0.00000000000000000D+00
49  5  0.00000000000000000D+00  0.00000000000000000D+00  0.00000000000000000D+00  0.00000000000000000D+00  0.00000000000000000D+00
49  6  0.00000000000000000D+00  0.00000000000000000D+00  0.00000000000000000D+00  0.00000000000000000D+00  0.00000000000000000D+00
49  7  0.00000000000000000D+00  0.00000000000000000D+00  0.00000000000000000D+00  0.00000000000000000D+00  0.00000000000000000D+00
49  8  0.00000000000000000D+00  0.00000000000000000D+00  0.00000000000000000D+00  0.00000000000000000D+00  0.00000000000000000D+00
49  9  0.00000000000000000D+00  0.00000000000000000D+00  0.00000000000000000D+00  0.00000000000000000D+00  4.47213595499957300D-01
49 10  4.47213595499957300D-01  4.47213595499957300D-01  0.00000000000000000D+00  0.00000000000000000D+00  0.00000000000000000D+00
50  1  0.00000000000000000D+00  0.00000000000000000D+00  0.00000000000000000D+00  0.00000000000000000D+00  0.00000000000000000D+00
50  2  0.00000000000000000D+00  0.00000000000000000D+00  0.00000000000000000D+00  0.00000000000000000D+00  0.00000000000000000D+00
50  3  0.00000000000000000D+00  0.00000000000000000D+00  0.00000000000000000D+00  0.00000000000000000D+00  0.00000000000000000D+00
50  4  0.00000000000000000D+00  0.00000000000000000D+00  0.00000000000000000D+00  0.00000000000000000D+00  0.00000000000000000D+00
50  5  0.00000000000000000D+00  0.00000000000000000D+00  0.00000000000000000D+00  0.00000000000000000D+00  0.00000000000000000D+00
50  6  0.00000000000000000D+00  0.00000000000000000D+00  0.00000000000000000D+00  0.00000000000000000D+00  0.00000000000000000D+00
50  7  0.00000000000000000D+00  0.00000000000000000D+00  0.00000000000000000D+00  0.00000000000000000D+00 -4.47213595499957200D-01
50  8 -4.47213595499957200D-01 -4.47213595499957200D-01  0.00000000000000000D+00  0.00000000000000000D+00  0.00000000000000000D+00
50  9  0.00000000000000000D+00  0.00000000000000000D+00  0.00000000000000000D+00  0.00000000000000000D+00  0.00000000000000000D+00
50 10  0.00000000000000000D+00  0.00000000000000000D+00  0.00000000000000000D+00  0.00000000000000000D+00  0.00000000000000000D+00
 $END
 POPULATION ANALYSIS
LI           2.00017   0.99983   2.00067   0.99933
F            9.99983  -0.99983   9.99933  -0.99933
 MOMENTS AT POINT    1 X,Y,Z=  0.000000  0.000000 12.558665
 DIPOLE       0.000000  0.000000-43.656887
- - - NO-S OF CI STATE  1 E=     -106.7701229807 CREATED 10:01:16  7-MAY-2026    
 $OCCNO 
    2.0000000000    2.0000000000    2.0000000000    1.9992952173    1.9992952173
    1.0043989159    0.9955342686    0.0005527037    0.0005527037    0.0002381800
    0.0001321211    0.0000002658    0.0000002658    0.0000001245    0.0000000058
    0.0000000034    0.0000000034    0.0000000014    0.0000000014    0.0000000003
    0.0000000002    0.0000000001    0.0000000001    0.0000000001    0.0000000000
    0.0000000000    0.0000000000    0.0000000000    0.0000000000    0.0000000000
    0.0000000000    0.0000000000
 $END   
 $VEC   
 1  1 -1.42600454817799500D-05 -6.91292644647168600D-05  1.12716335743541600D-04  0.00000000000000000D+00  0.00000000000000000D+00
 1  2 -2.94918303232460100D-05  0.00000000000000000D+00  0.00000000000000000D+00  6.65840073445958000D-05 -1.86774520982639600D-07
 1  3 -1.86774520893389500D-07  3.73549041984495400D-07  0.00000000000000000D+00  0.00000000000000000D+00  0.00000000000000000D+00
 1  4 -5.85327927633404600D-05  0.00000000000000000D+00  0.00000000000000000D+00 -8.45343497621783500D-05  2.04307091794252700D-07
 1  5  2.04307091350357500D-07 -4.08614183166098100D-07  0.00000000000000000D+00  0.00000000000000000D+00  0.00000000000000000D+00
 1  6  1.00068333766578900D+00  5.07917353477622300D-04 -3.37041046853018000D-03  0.00000000000000000D+00  0.00000000000000000D+00
 1  7 -1.70376101134365400D-05  0.00000000000000000D+00  0.00000000000000000D+00  1.05197687761108100D-05  3.50247431972669700D-07
 1  8  3.50247423640960200D-07 -7.00494855541069000D-07  0.00000000000000000D+00  0.00000000000000000D+00  0.00000000000000000D+00
 1  9  1.09762963096672300D-03  0.00000000000000000D+00  0.00000000000000000D+00 -1.22340653216531100D-05 -9.26967600455034300D-08
 1 10 -9.26967495171175700D-08  1.85393509562624400D-07  0.00000000000000000D+00  0.00000000000000000D+00  0.00000000000000000D+00
 2  1 -1.00008168966018600D+00  1.09684191909521800D-03  1.06528830341740000D-03  0.00000000000000000D+00  0.00000000000000000D+00
 2  2  5.31486835304739700D-04  0.00000000000000000D+00  0.00000000000000000D+00 -4.51017291097626700D-04 -1.08825014889685800D-05
 2  3 -1.08825014890787100D-05  2.17650029779149400D-05  0.00000000000000000D+00  0.00000000000000000D+00  0.00000000000000000D+00
 2  4 -1.30459888936001000D-03  0.00000000000000000D+00  0.00000000000000000D+00  4.56001799534333100D-05  7.66620590995004300D-06
 2  5  7.66620590936815800D-06 -1.53324118192444000D-05  0.00000000000000000D+00  0.00000000000000000D+00  0.00000000000000000D+00
 2  6  6.51757828499383000D-06  1.18304166152129200D-05 -3.82877852185680300D-05  0.00000000000000000D+00  0.00000000000000000D+00
 2  7 -3.26705631674049100D-06  0.00000000000000000D+00  0.00000000000000000D+00  1.61295071647168300D-05  1.29761294281633000D-07
 2  8  1.29761290462522300D-07 -2.59522584728856200D-07  0.00000000000000000D+00  0.00000000000000000D+00  0.00000000000000000D+00
 2  9  6.08942699858970600D-05  0.00000000000000000D+00  0.00000000000000000D+00 -4.19243037970859400D-05 -4.44877355420488200D-07
 2 10 -4.44877373897192300D-07  8.89754729317695700D-07  0.00000000000000000D+00  0.00000000000000000D+00  0.00000000000000000D+00
 3  1 -1.05763979198461100D-04 -5.05377450151107800D-04  8.50642971296990900D-04  0.00000000000000000D+00  0.00000000000000000D+00
 3  2 -1.92247259091766000D-04  0.00000000000000000D+00  0.00000000000000000D+00  4.67120665648315800D-04  1.45658863576834400D-06
 3  3  1.45658863491980400D-06 -2.91317727068745600D-06  0.00000000000000000D+00  0.00000000000000000D+00  0.00000000000000000D+00
 3  4 -4.64788056100815400D-04  0.00000000000000000D+00  0.00000000000000000D+00 -6.49954617245413300D-04 -2.06908380650782200D-06
 3  5 -2.06908380732724100D-06  4.13816761377254700D-06  0.00000000000000000D+00  0.00000000000000000D+00  0.00000000000000000D+00
 3  6 -6.35672619569890900D-03  4.90898803813575900D-01  5.54539039100156800D-01  0.00000000000000000D+00  0.00000000000000000D+00
 3  7 -3.49316185824318900D-04  0.00000000000000000D+00  0.00000000000000000D+00 -8.34088535559483000D-04  2.00620306766004600D-06
 3  8  2.00620305333663500D-06 -4.01240612117135700D-06  0.00000000000000000D+00  0.00000000000000000D+00  0.00000000000000000D+00
 3  9  5.62641936076157200D-02  0.00000000000000000D+00  0.00000000000000000D+00 -5.06563253967845600D-04 -3.58550041103389900D-05
 3 10 -3.58550041156441600D-05  7.17100082259831000D-05  0.00000000000000000D+00  0.00000000000000000D+00  0.00000000000000000D+00
 4  1  0.00000000000000000D+00  0.00000000000000000D+00  0.00000000000000000D+00  1.41298935104417100D-04 -3.78121693756826400D-11
 4  2  0.00000000000000000D+00 -2.99667614051782500D-04  8.01922322509086000D-11  0.00000000000000000D+00  0.00000000000000000D+00
 4  3  0.00000000000000000D+00  0.00000000000000000D+00  0.00000000000000000D+00 -5.12602343691212400D-06  0.00000000000000000D+00
 4  4  0.00000000000000000D+00  3.43225989354288100D-04 -9.18486006089011100D-11  0.00000000000000000D+00  0.00000000000000000D+00
 4  5  0.00000000000000000D+00  0.00000000000000000D+00  0.00000000000000000D+00  5.25687943373729100D-06  0.00000000000000000D+00
 4  6  0.00000000000000000D+00  0.00000000000000000D+00  0.00000000000000000D+00  6.50246777991769200D-01 -1.74008544859024600D-07
 4  7  0.00000000000000000D+00  5.00438858251768600D-01 -1.33919367949487800D-07  0.00000000000000000D+00  0.00000000000000000D+00
 4  8  0.00000000000000000D+00  0.00000000000000000D+00  0.00000000000000000D+00 -5.07655895750230400D-05  1.35850675042644600D-11
 4  9  0.00000000000000000D+00  1.03330612986545800D-02 -2.76516701500398700D-09  0.00000000000000000D+00  0.00000000000000000D+00
 4 10  0.00000000000000000D+00  0.00000000000000000D+00  0.00000000000000000D+00 -9.14896059891177400D-04  2.44829713043353700D-10
 5  1  0.00000000000000000D+00  0.00000000000000000D+00  0.00000000000000000D+00 -3.78121329717035000D-11 -1.41299041153068700D-04
 5  2  0.00000000000000000D+00  8.01922003914933000D-11  2.99667695306096500D-04  0.00000000000000000D+00  0.00000000000000000D+00
 5  3  0.00000000000000000D+00  0.00000000000000000D+00  0.00000000000000000D+00  0.00000000000000000D+00  5.12598095089655100D-06
 5  4  0.00000000000000000D+00 -9.18485968421569700D-11 -3.43225996760208200D-04  0.00000000000000000D+00  0.00000000000000000D+00
 5  5  0.00000000000000000D+00  0.00000000000000000D+00  0.00000000000000000D+00  0.00000000000000000D+00 -5.25686259710044300D-06
 5  6  0.00000000000000000D+00  0.00000000000000000D+00  0.00000000000000000D+00 -1.74008544854193400D-07 -6.50246777991832400D-01
 5  7  0.00000000000000000D+00 -1.33919367938521900D-07 -5.00438858251972000D-01  0.00000000000000000D+00  0.00000000000000000D+00
 5  8  0.00000000000000000D+00  0.00000000000000000D+00  0.00000000000000000D+00  1.35850674997339200D-11  5.07655895749243600D-05
 5  9  0.00000000000000000D+00 -2.76516704423620500D-09 -1.03330612979847500D-02  0.00000000000000000D+00  0.00000000000000000D+00
 5 10  0.00000000000000000D+00  0.00000000000000000D+00  0.00000000000000000D+00  2.44829713061943800D-10  9.14896059888740500D-04
 6  1 -2.01033175118560800D-03 -7.13764675159469800D-01  9.76461084790637000D-03  0.00000000000000000D+00  0.00000000000000000D+00
 6  2 -2.77827316643746900D-04  0.00000000000000000D+00  0.00000000000000000D+00  1.02729572363826900D-04 -6.49209801284546300D-05
 6  3 -6.49209796096383000D-05  1.29841959737986500D-04  0.00000000000000000D+00  0.00000000000000000D+00  0.00000000000000000D+00
 6  4 -6.66536947922364200D-03  0.00000000000000000D+00  0.00000000000000000D+00 -9.40450898832243800D-04  1.00673094628818300D-04
 6  5  1.00673094153185500D-04 -2.01346188781761400D-04  0.00000000000000000D+00  0.00000000000000000D+00  0.00000000000000000D+00
 6  6  2.15012903523384500D-04  9.75576539388226100D-04 -2.11811573347913500D-05  0.00000000000000000D+00  0.00000000000000000D+00
 6  7  4.60090393765355400D-01  0.00000000000000000D+00  0.00000000000000000D+00  3.58077440462707400D-01  2.18093392241585000D-05
 6  8  2.18093393280903100D-05 -4.36186785524749900D-05  0.00000000000000000D+00  0.00000000000000000D+00  0.00000000000000000D+00
 6  9  2.44769325351172800D-04  0.00000000000000000D+00  0.00000000000000000D+00 -7.98798477875764000D-03  3.76629379646636800D-04
 6 10  3.76629379548769100D-04 -7.53258759195406000D-04  0.00000000000000000D+00  0.00000000000000000D+00  0.00000000000000000D+00
 7  1  1.37264861691958700D-03  7.07260839651710400D-01 -4.61246442629495300D-03  0.00000000000000000D+00  0.00000000000000000D+00
 7  2  4.34206056555858400D-04  0.00000000000000000D+00  0.00000000000000000D+00  2.04835314721288400D-04 -1.32259896945206500D-05
 7  3 -1.32259900990360400D-05  2.64519797935422000D-05  0.00000000000000000D+00  0.00000000000000000D+00  0.00000000000000000D+00
 7  4  3.72939539619425700D-03  0.00000000000000000D+00  0.00000000000000000D+00 -1.01482684670263900D-03 -1.59217012049800200D-05
 7  5 -1.59217008005327400D-05  3.18434020052816400D-05  0.00000000000000000D+00  0.00000000000000000D+00  0.00000000000000000D+00
 7  6  2.11204147355120200D-04  8.57636607612409800D-04 -2.69338114657769400D-04  0.00000000000000000D+00  0.00000000000000000D+00
 7  7  4.62645306923937800D-01  0.00000000000000000D+00  0.00000000000000000D+00  3.60465253650079300D-01  2.05660242187543700D-05
 7  8  2.05660241375438200D-05 -4.11320483565096000D-05  0.00000000000000000D+00  0.00000000000000000D+00  0.00000000000000000D+00
 7  9  4.05270289769596400D-04  0.00000000000000000D+00  0.00000000000000000D+00 -9.68258494545170200D-03  3.76582574709600500D-04
 7 10  3.76582574909804200D-04 -7.53165149619404300D-04  0.00000000000000000D+00  0.00000000000000000D+00  0.00000000000000000D+00
 8  1  0.00000000000000000D+00  0.00000000000000000D+00  0.00000000000000000D+00  3.36469533612140300D-06 -7.34147462333697000D-03
 8  2  0.00000000000000000D+00 -8.10368638411972800D-06  1.76815096571418900D-02  0.00000000000000000D+00  0.00000000000000000D+00
 8  3  0.00000000000000000D+00  0.00000000000000000D+00  0.00000000000000000D+00 -4.46261070448935000D-08  9.73660649412257800D-05
 8  4  0.00000000000000000D+00  1.00667315820948900D-05 -2.19646745180709600D-02  0.00000000000000000D+00  0.00000000000000000D+00
 8  5  0.00000000000000000D+00  0.00000000000000000D+00  0.00000000000000000D+00  7.43823212214957400D-09 -1.62280527034011800D-05
 8  6  0.00000000000000000D+00  0.00000000000000000D+00  0.00000000000000000D+00  5.81959069072939900D-05 -1.26978086923782400D-01
 8  7  0.00000000000000000D+00  1.75333327648160900D-04 -3.82561106109972100D-01  0.00000000000000000D+00  0.00000000000000000D+00
 8  8  0.00000000000000000D+00  0.00000000000000000D+00  0.00000000000000000D+00 -7.99342998924181700D-08  1.74409249835023600D-04
 8  9  0.00000000000000000D+00 -5.27296896769977400D-04  1.15051306434256000D+00  0.00000000000000000D+00  0.00000000000000000D+00
 8 10  0.00000000000000000D+00  0.00000000000000000D+00  0.00000000000000000D+00  3.62555804651263800D-07 -7.91063236080225100D-04
 9  1  0.00000000000000000D+00  0.00000000000000000D+00  0.00000000000000000D+00  7.34145406007272900D-03  3.36470476212260400D-06
 9  2  0.00000000000000000D+00 -1.76814942663563700D-02 -8.10369343979975300D-06  0.00000000000000000D+00  0.00000000000000000D+00
 9  3  0.00000000000000000D+00  0.00000000000000000D+00  0.00000000000000000D+00 -9.73698583927058000D-05 -4.46242697062734500D-08
 9  4  0.00000000000000000D+00  2.19646773427065200D-02  1.00667302875605100D-05  0.00000000000000000D+00  0.00000000000000000D+00
 9  5  0.00000000000000000D+00  0.00000000000000000D+00  0.00000000000000000D+00  1.62293842018439300D-05  7.43753947014144100D-09
 9  6  0.00000000000000000D+00  0.00000000000000000D+00  0.00000000000000000D+00  1.26978086922943300D-01  5.81959069076780800D-05
 9  7  0.00000000000000000D+00  3.82561106128322000D-01  1.75333327639729200D-04  0.00000000000000000D+00  0.00000000000000000D+00
 9  8  0.00000000000000000D+00  0.00000000000000000D+00  0.00000000000000000D+00 -1.74409250053136000D-04 -7.99342997924341800D-08
 9  9  0.00000000000000000D+00 -1.15051306441375700D+00 -5.27296896737255500D-04  0.00000000000000000D+00  0.00000000000000000D+00
 9 10  0.00000000000000000D+00  0.00000000000000000D+00  0.00000000000000000D+00  7.91063236642379700D-04  3.62555804393552000D-07
10  1 -1.28595937818366700D-02 -6.32806545117834700D-02  1.05501006329841600D-01  0.00000000000000000D+00  0.00000000000000000D+00
10  2  6.40228472694337900D-03  0.00000000000000000D+00  0.00000000000000000D+00  1.15320151326390300D-03 -1.35875124608536900D-03
10  3 -1.35875124768091200D-03  2.71750249376606400D-03  0.00000000000000000D+00  0.00000000000000000D+00  0.00000000000000000D+00
10  4 -6.15997442892634800D-02  0.00000000000000000D+00  0.00000000000000000D+00 -3.92947412056934500D-02  1.47726827612226200D-03
10  5  1.47726827648434000D-03 -2.95453655260658300D-03  0.00000000000000000D+00  0.00000000000000000D+00  0.00000000000000000D+00
10  6  1.08469791902762000D-03  5.95207203128658400D-04 -1.09688397376637400D-02  0.00000000000000000D+00  0.00000000000000000D+00
10  7  1.14388245784658000D-01  0.00000000000000000D+00  0.00000000000000000D+00  3.73591905474251900D-01  1.02645132698586700D-04
10  8  1.02645132703009200D-04 -2.05290265401244000D-04  0.00000000000000000D+00  0.00000000000000000D+00  0.00000000000000000D+00
10  9  1.90355155092024600D-02  0.00000000000000000D+00  0.00000000000000000D+00 -1.15458677756019200D+00 -4.72093292775364500D-04
10 10 -4.72093292815310300D-04  9.44186585590675000D-04  0.00000000000000000D+00  0.00000000000000000D+00  0.00000000000000000D+00
11  1  1.47325773881362600D-02  7.18303400528109800D-02 -1.16963667494685700D-01  0.00000000000000000D+00  0.00000000000000000D+00
11  2  2.85733735351774300D-02  0.00000000000000000D+00  0.00000000000000000D+00 -6.63955269082275600D-02  9.79564803817788000D-05
11  3  9.79566496716612600D-05 -1.95913130053489200D-04  0.00000000000000000D+00  0.00000000000000000D+00  0.00000000000000000D+00
11  4  6.14660122694529700D-02  0.00000000000000000D+00  0.00000000000000000D+00  8.67108571149807200D-02 -6.95334952894457300D-05
11  5 -6.95335731772541800D-05  1.39067068466984600D-04  0.00000000000000000D+00  0.00000000000000000D+00  0.00000000000000000D+00
11  6 -5.85069616262041500D-02  5.24697769660806300D-02  8.99320062317642300D-01  0.00000000000000000D+00  0.00000000000000000D+00
11  7 -3.06138909627455900D-04  0.00000000000000000D+00  0.00000000000000000D+00  1.18318490788027100D-03 -2.25880539585736400D-05
11  8 -2.25880539969637600D-05  4.51761079557649200D-05  0.00000000000000000D+00  0.00000000000000000D+00  0.00000000000000000D+00
11  9 -1.43640329053083500D+00  0.00000000000000000D+00  0.00000000000000000D+00 -3.50701739613990000D-06  1.23164783852401900D-04
11 10  1.23164783884527000D-04 -2.46329567736928900D-04  0.00000000000000000D+00  0.00000000000000000D+00  0.00000000000000000D+00
12  1  0.00000000000000000D+00  0.00000000000000000D+00  0.00000000000000000D+00 -2.42920733483940800D-08 -8.24073919101017200D-01
12  2  0.00000000000000000D+00 -4.60946155324532100D-09 -1.56219245207743600D-01  0.00000000000000000D+00  6.51074428023420700D-10
12  3 -6.57946713954539900D-10  0.00000000000000000D+00  0.00000000000000000D+00  5.05335115035041400D-09  1.70860401232796400D-01
12  4  0.00000000000000000D+00 -7.01279597658791600D-10 -2.37979555522613300D-02  0.00000000000000000D+00 -4.90527833694995600D-10
12  5  4.96368106220212000D-10  0.00000000000000000D+00  0.00000000000000000D+00 -1.08427040795640900D-08 -3.67371117613813900D-01
12  6  0.00000000000000000D+00  0.00000000000000000D+00  0.00000000000000000D+00  0.00000000000000000D+00 -7.64471011144230100D-05
12  7  0.00000000000000000D+00 -1.78354485945525000D-11 -6.04993849641526700D-04  0.00000000000000000D+00  0.00000000000000000D+00
12  8  0.00000000000000000D+00  0.00000000000000000D+00  0.00000000000000000D+00  0.00000000000000000D+00  5.51100301687988400D-06
12  9  0.00000000000000000D+00  6.04737390288483000D-11  2.05136835292135000D-03  0.00000000000000000D+00  0.00000000000000000D+00
12 10  0.00000000000000000D+00  0.00000000000000000D+00  0.00000000000000000D+00  0.00000000000000000D+00 -1.05461790775606300D-05
13  1 -1.67866859556254800D-11 -8.09572963707466000D-11  1.32661662652300500D-10  8.24077075104544100D-01 -2.42336510320506100D-08
13  2  2.27920132766942900D-11  1.56217663234023800D-01 -4.68076967140545600D-09  0.00000000000000000D+00  5.06402002439824700D-09
13  3 -5.06977743037053200D-09  0.00000000000000000D+00  4.38368741751181400D-11 -1.70860565665112100D-01  5.30918934247816200D-09
13  4 -6.84612480039799900D-11  2.37939722253249400D-02 -6.96650406522971700D-10 -3.79922875013852000D-11 -3.81873451677800500D-09
13  5  3.82205410455005900D-09  0.00000000000000000D+00 -3.20361468948886900D-11  3.67371568434741000D-01 -1.10195097855286900D-08
13  6  0.00000000000000000D+00  0.00000000000000000D+00  0.00000000000000000D+00  7.64482134712514800D-05  0.00000000000000000D+00
13  7  0.00000000000000000D+00  6.04972019911312500D-04 -1.78249667941431000D-11  0.00000000000000000D+00  0.00000000000000000D+00
13  8  0.00000000000000000D+00  0.00000000000000000D+00  0.00000000000000000D+00 -5.51075200042551400D-06  0.00000000000000000D+00
13  9  0.00000000000000000D+00 -2.05127809013024800D-03  6.04185354130353900D-11  0.00000000000000000D+00  0.00000000000000000D+00
13 10  0.00000000000000000D+00  0.00000000000000000D+00  0.00000000000000000D+00  1.05455182857479300D-05  0.00000000000000000D+00
14  1 -1.60816736682227200D-03 -6.19174447131695200D-03  1.25232195909519300D-02  0.00000000000000000D+00  0.00000000000000000D+00
14  2 -6.97850616725688600D-01  0.00000000000000000D+00  0.00000000000000000D+00 -3.06990496711717200D-01 -1.18636726020634200D-01
14  3 -1.18636724291251100D-01  2.37273450311885500D-01  0.00000000000000000D+00  1.54823260783374000D-10  3.59634622240930200D-11
14  4 -7.83369881870637000D-03  0.00000000000000000D+00  0.00000000000000000D+00  4.51768794166171300D-02  2.40218601052317800D-01
14  5  2.40218600303660200D-01 -4.80437201355977700D-01  0.00000000000000000D+00 -1.28669853089060700D-10 -2.98964578605682100D-11
14  6  2.59235640990201600D-05  1.13555911533756300D-05 -2.91848049376273600D-04  0.00000000000000000D+00  0.00000000000000000D+00
14  7  2.01274795463692100D-04  0.00000000000000000D+00  0.00000000000000000D+00  2.05541712697442600D-03  1.31289595741069600D-05
14  8  1.31289594862363000D-05 -2.62579190601530300D-05  0.00000000000000000D+00  0.00000000000000000D+00  0.00000000000000000D+00
14  9 -9.98756288595988900D-04  0.00000000000000000D+00  0.00000000000000000D+00 -7.47527019579832900D-03 -1.82638735944057600D-05
14 10 -1.82638737357227400D-05  3.65277473301282200D-05  0.00000000000000000D+00  0.00000000000000000D+00  0.00000000000000000D+00
15  1  3.33444181761355600D-01  1.60544188175385100D+00 -2.63972462818184000D+00 -2.52250184004384900D-10 -6.40296082322220400D-11
15  2 -5.12085080525534900D-01  2.71303320259530400D-10  3.94473844595554700D-11  2.22616646109137200D-01  6.31717252557464400D-02
15  3  6.31721011627023700D-02 -1.26343826418448000D-01  0.00000000000000000D+00 -5.75796486477648000D-09 -1.68063120602695800D-09
15  4  1.37051048638304200D+00 -8.14071678532727400D-11 -1.02903500249258200D-11  7.27756193081982800D-01 -4.38803374454360300D-02
15  5 -4.38811723990455100D-02  8.77615098444815000D-02  0.00000000000000000D+00  4.95560434970977900D-09  1.44136273183348800D-09
15  6 -6.67699454908872800D-03 -1.07162026068582000D-02  5.96687348196299400D-02  0.00000000000000000D+00  0.00000000000000000D+00
15  7 -1.47923988414221500D-05  0.00000000000000000D+00  0.00000000000000000D+00 -1.62607949232611400D-02 -5.38954793994464900D-05
15  8 -5.38954792467740700D-05  1.07790958645694700D-04  0.00000000000000000D+00  0.00000000000000000D+00  0.00000000000000000D+00
15  9 -1.57498322320643300D-01  0.00000000000000000D+00  0.00000000000000000D+00  7.15790576402967900D-02  1.42079955291926900D-04
15 10  1.42079955105967700D-04 -2.84159910397894400D-04  0.00000000000000000D+00  0.00000000000000000D+00  0.00000000000000000D+00
16  1 -4.54755575241547100D-10 -2.48791326742879100D-09  3.08888209326561900D-09 -1.26841232115540100D-06 -8.28106088127454800D-01
16  2 -1.81995201320728700D-11  2.06690569804884800D-06  1.34946470427265500D+00 -1.14097520446198000D-10  1.67415452065088200D-09
16  3 -5.60173563301405700D-10 -1.11398095734948000D-09  2.92991381946839400D-11 -5.30997564623658600D-07 -3.46017393463302300D-01
16  4 -6.78807859060635200D-10 -1.75381729851053600D-06 -1.14509135249535300D+00  2.43036592526387100D-10 -1.32871498877637100D-09
16  5  3.74132576939468500D-10  9.54582411836902400D-10 -2.35431464202778600D-11  1.03629700828074300D-06  6.76022083378249300D-01
16  6  0.00000000000000000D+00  0.00000000000000000D+00  0.00000000000000000D+00  1.04807383414413900D-10  6.84264019686644200D-05
16  7  0.00000000000000000D+00 -9.86249396101772800D-09 -6.43936206382350300D-03  0.00000000000000000D+00  0.00000000000000000D+00
16  8  0.00000000000000000D+00  0.00000000000000000D+00  0.00000000000000000D+00  1.00086642866643500D-10  6.53480904844279200D-05
16  9 -1.21562511124590500D-11  4.05402688996124600D-08  2.64693261669142300D-02  0.00000000000000000D+00  0.00000000000000000D+00
16 10  0.00000000000000000D+00  0.00000000000000000D+00  0.00000000000000000D+00 -2.70257275639408600D-10 -1.76454868850511800D-04
17  1 -1.51878109852817300D-10 -7.84348557889445600D-10  1.11016198077404400D-09 -8.28121730860675200D-01  1.26840127850384100D-06
17  2 -7.14938535408171700D-10  1.34948076398653700D+00 -2.06700632008810600D-06  9.66961612828208100D-10  5.19673444604213100D-09
17  3 -4.95915563767426700D-09 -2.37578808367877100D-10 -1.15583339956832900D-11 -3.46012634666428600D-01  5.28860580312242300D-07
17  4 -4.10753628623397400D-10 -1.14509308293768400D+00  1.75394607458076200D-06 -5.19402153381795400D-10 -3.94470157272052900D-09
17  5  3.71248644035860000D-09  2.32215132361927900D-10  1.42052374435951700D-11  6.76012517469614800D-01 -1.03441433997503300D-06
17  6  0.00000000000000000D+00  0.00000000000000000D+00 -3.26329138781682400D-11  6.84259873903587100D-05 -1.04799757751068400D-10
17  7  0.00000000000000000D+00 -6.43936876312380900D-03  9.86320790399519800D-09  0.00000000000000000D+00  0.00000000000000000D+00
17  8  0.00000000000000000D+00  0.00000000000000000D+00  0.00000000000000000D+00  6.53481381133425200D-05 -1.00094052192951200D-10
17  9  8.78885790432913800D-11  2.64693577189243100D-02 -4.05432658203114600D-08 -2.83557260223307100D-11  0.00000000000000000D+00
17 10  0.00000000000000000D+00  0.00000000000000000D+00  0.00000000000000000D+00 -1.76455023786013000D-04  2.70276856732541000D-10
18  1 -5.73218480141939800D-10 -3.12354605863527500D-09  3.90604549519921700D-09 -5.94744727397225700D-01 -1.38955679569423700D-05
18  2 -6.00034690980940100D-09  1.99706032066390000D-01  4.66473802131499600D-06  7.48311125581493600D-09  3.12084535556256100D-09
18  3 -1.22800138773063500D-09 -1.89284396783193100D-09  4.67456362041883900D-11 -8.57175096093445100D-01 -2.00375444344536500D-05
18  4 -8.93256072099854400D-10  5.04136849529051600D-01  1.17800125852625100D-05 -2.87501103223079700D-09 -2.59456931351280500D-09
18  5  7.00076857092380500D-10  1.89449245642042500D-09 -3.71699004896829600D-11  1.53918790179428900D+00  3.59717592484748800D-05
18  6  1.75538223943153000D-11  2.79009197004678900D-11 -1.57730856848805000D-10 -4.66044646694951600D-05 -1.08886873992071900D-09
18  7  0.00000000000000000D+00  2.97344265775632500D-03  6.94791069232185800D-08  2.23208464541442000D-11  0.00000000000000000D+00
18  8  0.00000000000000000D+00  0.00000000000000000D+00  0.00000000000000000D+00 -3.13026074957905300D-05 -7.31431783696955900D-10
18  9  4.29255256509179500D-10 -1.20622475833407900D-02 -2.81853854880885900D-07 -1.06485722224019900D-10  0.00000000000000000D+00
18 10  0.00000000000000000D+00  0.00000000000000000D+00  0.00000000000000000D+00  8.29008816492433100D-05  1.93710413826330700D-09
19  1 -3.27604611470375200D-09 -1.80619353204787100D-08  2.20139272417963900D-08  1.38975775927457600D-05 -5.94710348543053400D-01
19  2 -6.68614620977752500D-10 -4.66696091616823500D-06  1.99663660629201800D-01 -2.74469604300174000D-10  5.32834160580262800D-09
19  3  2.75064401113208500D-09 -8.07898561693472100D-09  1.76488915473922000D-10  2.00206575286195700D-05 -8.57181197550276100D-01
19  4 -4.33546516767442000D-09 -1.17797484474859800D-05  5.04140566801123600D-01  1.75802503688078500D-09 -4.52636554905221300D-09
19  5 -2.45497966661053600D-09  6.98134521566274600D-09 -1.47062891383669200D-10 -3.59589753498243000D-05  1.53919814426415500D+00
19  6  0.00000000000000000D+00 -1.18996529732398300D-11  4.45331759209141800D-11  1.08904979668116900D-09 -4.66031709924822100D-05
19  7  0.00000000000000000D+00 -6.94781326919104100D-08  2.97345459984845700D-03  0.00000000000000000D+00  0.00000000000000000D+00
19  8  0.00000000000000000D+00  0.00000000000000000D+00  0.00000000000000000D+00  7.31424054176116400D-10 -3.13026559648470100D-05
19  9 -1.10655061986455000D-10  2.81848801570354800D-07 -1.20623075120247900D-02 -1.12733730947947200D-11  0.00000000000000000D+00
19 10  0.00000000000000000D+00  0.00000000000000000D+00  0.00000000000000000D+00 -1.93708202467011100D-09  8.29011188644656000D-05
20  1  1.95062831043496200D-01  1.04110929721520600D+00 -1.37206273929894700D+00  9.04487200457265600D-09 -2.70118361009553500D-09
20  2 -1.71592055642913300D+00 -6.90477906227821400D-09  1.46288153491377400D-09  2.15727574363606500D+00  1.46101651029864600D-01
20  3  1.46099854795768100D-01 -2.92201505825632200D-01  8.14563813800214700D-09 -1.36771186870422900D-07  6.85485234243169900D-08
20  4  3.98493552221065500D-01 -2.34849071143626400D-09  1.11676231345005300D-09 -9.16652836489594300D-01 -2.20463826200926700D-01
20  5 -2.20459404101239300D-01  4.40923230302166200D-01 -6.79470944397662400D-09  1.00479956783131700D-07 -5.01689645632023600D-08
20  6  4.82797125737632400D-03  7.83920477020076100D-03 -4.20797220963171200D-02  0.00000000000000000D+00  0.00000000000000000D+00
20  7 -6.93350006009548800D-04 -1.58443747841563900D-11  0.00000000000000000D+00  4.13448486701270300D-03 -7.00757031140344500D-06
20  8 -7.00757020002904000D-06  1.40151405102599000D-05  0.00000000000000000D+00  0.00000000000000000D+00  0.00000000000000000D+00
20  9  1.14055647883543600D-01  5.83967373292672500D-11 -2.63928005432619100D-11 -2.00645933199437500D-02 -2.81042981724580100D-05
20 10 -2.81042982125727800D-05  5.62085963850306600D-05  0.00000000000000000D+00  0.00000000000000000D+00  0.00000000000000000D+00
21  1  5.66748126102277200D-01  3.34138462599968500D+00 -3.43888031744477600D+00  6.00412040888998300D-09  2.46892354548003700D-08
21  2  1.21685856104673900D-01 -9.84302373143302600D-09 -3.86131113471835000D-08 -2.04572635248502400D-01 -1.46368790599934600D-01
21  3 -1.46392379335866000D-01  2.92761169935801200D-01  5.15628482138731900D-08  1.59736612288247600D-07  5.54350291967956800D-07
21  4 -1.11346708087095700D-01  2.30363693759434700D-09  8.17336637051985900D-09  2.02758863927252100D-01  1.34575557325835200D-01
21  5  1.34603243984301500D-01 -2.69178801310136300D-01 -3.99731442553058000D-08 -1.16520012323763500D-07 -4.03509506811658300D-07
21  6 -7.38231186134598500D-04 -9.59553783970127800D-04  8.13332667357667300D-03  0.00000000000000000D+00  0.00000000000000000D+00
21  7 -9.18318817641992900D-05  1.15329822594974000D-11  3.98850365400106700D-11 -6.84026910647618000D-06  7.13217285711094500D-06
21  8  7.13217255540404900D-06 -1.42643454129612900D-05  0.00000000000000000D+00  0.00000000000000000D+00  0.00000000000000000D+00
21  9 -2.40924168362462400D-02 -4.49959747622176400D-11 -1.56950682584837000D-10  2.35901199657742600D-03 -1.34702256065519100D-05
21 10 -1.34702246176695600D-05  2.69404502242211300D-05  0.00000000000000000D+00  0.00000000000000000D+00  0.00000000000000000D+00
22  1  5.05320323944931600D-02  2.44211035382437000D-01 -3.97995749555061900D-01  6.57657649579212700D-08  1.56751539310672900D-07
22  2 -6.42799695275451000D-02 -7.77614676979411400D-08 -1.93310444017583000D-07  4.74150622494262700D-01 -4.20601198974572000D-01
22  3 -4.20626791119669700D-01  8.41227990094241900D-01  1.08733692602054100D-07  1.55084602578525600D-07  8.30890708612732500D-07
22  4  2.03175266647325100D-01  3.64849149557709400D-09  1.43097509415432600D-08 -2.64886031979778200D-01  8.21739570989758300D-01
22  5  8.21761697157768000D-01 -1.64350126814752600D+00 -7.90710333234746200D-08 -1.01621018554662900D-07 -5.83808386089261400D-07
22  6  1.23445192994701000D-03  2.00214872677696900D-03 -1.07240883052797200D-02  0.00000000000000000D+00  0.00000000000000000D+00
22  7 -1.10644680161884900D-05  0.00000000000000000D+00  3.79727156381658400D-11  1.94900564453767600D-04 -7.57875727193912700D-06
22  8 -7.57875719157203300D-06  1.51575144633790900D-05  0.00000000000000000D+00  0.00000000000000000D+00  0.00000000000000000D+00
22  9  2.93363633069742900D-02 -2.75269858989451700D-11 -1.85784116033262800D-10 -2.62378932902106700D-03  1.02653479405310500D-05
22 10  1.02653484479791300D-05 -2.05306963885100100D-05  0.00000000000000000D+00  0.00000000000000000D+00  0.00000000000000000D+00
23  1  3.22133525480976900D-10  3.98077708676479500D-10 -4.50835966542057400D-09  9.30444331882801800D-10  1.06942399685983300D-09
23  2  2.58829692232517400D-09 -1.06569693041572200D-09 -1.11116515501793400D-09 -1.31937455853516300D-09 -1.38148372196562200D-05
23  3  1.37835580860436300D-05  3.12791336128592100D-08  9.57628653946091000D-01  2.19518261093973500D-10 -6.84310639920061400D-09
23  4  5.89544119554311900D-09  2.39060919346977200D-11 -4.81859411602639800D-11 -1.90496746043955700D-09  2.59952065993950700D-05
23  5 -2.59689268584688100D-05 -2.62797409268904200D-08 -1.80345049483857600D+00  3.51586518081726000D-11  5.30548188076628100D-09
23  6  0.00000000000000000D+00  0.00000000000000000D+00 -2.67150081536841400D-11  0.00000000000000000D+00  0.00000000000000000D+00
23  7  0.00000000000000000D+00  0.00000000000000000D+00  0.00000000000000000D+00 -1.69620394144050500D-11  0.00000000000000000D+00
23  8  0.00000000000000000D+00  0.00000000000000000D+00  0.00000000000000000D+00  0.00000000000000000D+00  0.00000000000000000D+00
23  9  7.54855854126443400D-11  0.00000000000000000D+00  0.00000000000000000D+00  5.16216342121410100D-11  0.00000000000000000D+00
23 10  0.00000000000000000D+00  0.00000000000000000D+00 -4.86803975160482500D-08  0.00000000000000000D+00  0.00000000000000000D+00
24  1  8.57459191658903300D-06  4.07722385430033000D-05 -6.86577254934789500D-05  1.41776021215070400D-09  5.03174641018064600D-09
24  2  3.56031414203282700D-05 -1.56556955059020000D-09 -5.31058616966565500D-09 -3.44085421334756500D-05  8.29349894586792300D-01
24  3 -8.29326734732860100D-01 -2.31598539479386400D-05  1.59234275857805300D-05 -3.45513984520202000D-09 -2.68136021743158300D-08
24  4  3.71270934197402300D-05  0.00000000000000000D+00 -1.67741752468403300D-10 -1.01685079000140800D-05 -1.56185051440824100D+00
24  5  1.56182879057108400D+00  2.17238371953125300D-05 -2.99935794467626800D-05  2.86354985985182600D-09  2.09464451016440100D-08
24  6  2.28915827199182600D-08  4.49160214919698100D-08 -1.41134969139510300D-07  0.00000000000000000D+00  0.00000000000000000D+00
24  7  1.44376674457007200D-09  0.00000000000000000D+00  0.00000000000000000D+00 -2.81699636109272400D-08 -4.64855523230546200D-10
24  8 -4.55975681293665300D-10  9.20831872362215700D-10  0.00000000000000000D+00  0.00000000000000000D+00  0.00000000000000000D+00
24  9  3.28021331264808400D-07  0.00000000000000000D+00  0.00000000000000000D+00  1.57124439915095800D-07 -4.03392658324728800D-08
24 10  4.39779258844002900D-08 -3.63866026998370500D-09  0.00000000000000000D+00  0.00000000000000000D+00  0.00000000000000000D+00
25  1 -3.11394168930307300D-08 -1.45695651109499200D-07  2.53461825415563000D-07  1.78376938354167300D+00  8.75835948399349100D-04
25  2 -5.76530854457907600D-08 -2.03375110229126500D+00 -9.98564914308499300D-04  3.32487508761911500D-08  1.94742438385390400D-07
25  3  1.80613138974260600D-07 -3.75355577359651000D-07  4.26568154586370200D-09 -6.40623201736509100D-01 -3.15066939901283900D-04
25  4 -1.44372899250408800D-07  4.68558358308242600D-02  2.29999605165989600D-05  5.66115693724447000D-08 -1.55300403964771900D-07
25  5 -1.46422071618392000D-07  3.01722475583163700D-07 -2.68171829829236900D-09  8.54980490790831800D-01  4.20171733247536700D-04
25  6 -1.64954950537105800D-10 -2.86229457511708600D-10  1.28715902975621700D-09  6.06650290404660100D-05  2.97905393338088700D-08
25  7 -3.23673515001949200D-11 -2.38843280858886500D-04 -1.17309171920480700D-07  1.85782029538526300D-10  0.00000000000000000D+00
25  8  0.00000000000000000D+00  0.00000000000000000D+00  0.00000000000000000D+00  5.53529731623444500D-06  2.71815563738469000D-09
25  9 -3.40751278352846900D-09  3.61778216527419700D-04  1.77769753687237000D-07 -5.71051869956633700D-10  0.00000000000000000D+00
25 10  0.00000000000000000D+00  1.54209431816051300D-11  0.00000000000000000D+00 -9.91816463453104700D-06 -4.87082813543067100D-09
26  1  1.13533699726223500D-08  2.62724850953501900D-08 -1.38115926016722300D-07  8.75927367948547900D-04 -1.78378301955525100D+00
26  2  4.10422449088533900D-08 -9.98691089975087600D-04  2.03375733303509600D+00 -1.56568549624075900D-08 -5.22139559214222300D-07
26  3 -4.60861745643904600D-07  9.83001304858127000D-07 -8.06158482296876700D-09 -3.14021551471843200D-04  6.40669056635911900D-01
26  4  1.59258233699212900D-07  2.30151441934356700D-05 -4.68548831406611400D-02 -5.09560338658313600D-08  4.09933200183902500D-07
26  5  3.71427252329142400D-07 -7.81360452513044200D-07  5.06844996802487400D-09  4.19426438927245200D-04 -8.54993544655157000D-01
26  6  8.31161236110650300D-11  1.37439615117456200D-10 -6.75508955840811200D-10  2.97851582416903900D-08 -6.06648274643919600D-05
26  7  1.00722122609402200D-10 -1.17247995531592700D-07  2.38851577199510000D-04 -4.91106103962851100D-10  0.00000000000000000D+00
26  8  0.00000000000000000D+00  0.00000000000000000D+00  0.00000000000000000D+00  2.71779806118484600D-09 -5.53535833753108000D-06
26  9  1.93316142028069100D-09  1.77516280589566500D-07 -3.61807190688069300D-04  1.48306071276890000D-09  1.14161200785117500D-11
26 10  1.14152521267312600D-11 -2.28313722052259900D-11  0.00000000000000000D+00 -4.86932254633382800D-09  9.91834533459179600D-06
27  1  3.80324875701973200D-01  1.93021683378411600D+00 -2.83839245289193600D+00  1.83829077325082100D-07  2.11894997900799200D-07
27  2  1.07698454068926800D+00 -2.33570498970291200D-07 -3.01501764258111800D-07 -1.00855470046476500D+00  4.64476989402974700D-01
27  3  4.64429380750323700D-01 -9.28906370153297800D-01  2.99699402067109500D-07  1.42365647392605600D-06  3.66440170107099000D-06
27  4  1.16372822302286800D+00  2.14865302004937800D-08  4.71565872480155000D-08 -3.52909863414959800D-01 -3.96039290440013100D-01
27  5 -3.96059911945986900D-01  7.92099202385999800D-01 -2.27314310429571600D-07 -1.01961542060030900D-06 -2.68067481100946200D-06
27  6  9.85577204262638100D-04  1.88997782953822600D-03 -6.43474929931057200D-03  0.00000000000000000D+00 -2.38870423547219500D-11
27  7 -3.20044714936726300D-05  7.19039945488898100D-11  2.12675618401924300D-10 -4.02882397264859500D-04 -1.30679988573265800D-05
27  8 -1.30679986650725900D-05  2.61359975218578600D-05  0.00000000000000000D+00  0.00000000000000000D+00  0.00000000000000000D+00
27  9  1.52775654086372000D-02 -3.17762647996686700D-10 -8.43146239135477500D-10  3.21753082996023300D-03  5.15477919589171100D-05
27 10  5.15477909029663100D-05 -1.03095582861883200D-04  0.00000000000000000D+00  0.00000000000000000D+00  0.00000000000000000D+00
28  1 -1.14967219307001500D-01 -5.25900301479440000D-01  9.56140176008567700D-01  3.46006883712525400D-07  4.10759943695149800D-07
28  2 -2.90964676031724200D-01 -5.06788369930801900D-07 -6.61110821408258700D-07  2.56155693213194300D-01  1.06266391050880800D+00
28  3  1.06229767577308400D+00 -2.12496158628189200D+00  8.76768274938873300D-07  6.98176441646384700D-06  1.21154577719939300D-05
28  4 -5.80613152533943000D-01  8.67951840230469800D-08  1.44030961898199200D-07  1.65312903051632400D-01 -7.89988788189734100D-01
28  5 -7.89706263326394700D-01  1.57969505151612800D+00 -6.75119309106781600D-07 -5.12357456706392000D-06 -8.93365256413375100D-06
28  6 -2.89506931856695400D-04 -5.38472092747109800D-04  1.94905029290218700D-03 -4.72213000992366700D-11 -8.77622169851516400D-11
28  7 -2.27585938710376600D-04  4.04472709915920500D-10  7.18308277451198800D-10  1.23011669533519300D-03  1.03963457150945000D-05
28  8  1.03963454742215300D-05 -2.07926911891236600D-05  0.00000000000000000D+00  0.00000000000000000D+00  0.00000000000000000D+00
28  9 -5.02753092284132000D-03 -1.58373686886426900D-09 -2.75159970372785900D-09 -4.28211247887823700D-03 -3.52923864540745200D-05
28 10 -3.52923795838109700D-05  7.05847660378852500D-05  0.00000000000000000D+00  1.06813443012824100D-11  1.93403376221998100D-11
29  1  4.87937127721382000D-08 -1.96811674469834900D-08 -8.19742168067689300D-07  2.14443037446257200D-01  3.39301207569266800D-02
29  2  6.78898537690373600D-08 -2.80849686172140800D-01 -4.44356578509739100D-02 -1.82613555401497700D-08 -4.65531938292465700D-06
29  3 -4.18135486424963100D-06  8.83667424717428700D-06 -1.84098183717164600D-08  2.21638489061478900D+00  3.50592381226358900D-01
29  4  1.21168983415405800D-06  3.08064287015007200D-02  4.87336207757541100D-03 -3.56677514769074400D-07  3.42761362672311300D-06
29  5  3.07578913495587400D-06 -6.50340276167898500D-06  1.36650637962407400D-08 -1.60403205970349300D+00 -2.53727668376996700D-01
29  6  3.96055758425089700D-10  6.24466351721932600D-10 -3.33624254143694600D-09 -1.17489982086021700D-05 -1.85826937788522000D-06
29  7  8.78120680406546400D-10  1.17298839937035900D-04  1.85538235294285000D-05 -4.21689786965162600D-09 -2.86575246852711500D-11
29  8 -2.86573864536993800D-11  5.73149111385565300D-11  0.00000000000000000D+00 -6.41857743610988400D-07 -1.01508862629562000D-07
29  9  1.01706097223322700D-08 -4.92439888359870300D-04 -7.78952598013778700D-05  1.28143155739467000D-08  8.89901237852978000D-11
29 10  8.89818325859779500D-11 -1.77971956371150500D-10  0.00000000000000000D+00  2.89002121938015000D-06  4.57116715295827500D-07
30  1 -1.79172019388956400D-07 -1.28667759011000500D-06  6.94598061732455100D-07 -3.39209192416632300D-02  2.14496028506004900D-01
30  2 -1.66617353774684500D-07  4.44252856822273500D-02 -2.80909331528090400D-01  8.14030301880648500D-08 -6.38319256711963900D-06
30  3 -4.70333366853882000D-06  1.10865262356584600D-05 -2.57536110443698700D-07 -3.50595198659300300D-01  2.21636899172649000D+00
30  4  9.50682967434274200D-07 -4.87305073318674200D-03  3.08082429439174200D-02 -1.70810820716976900D-07  4.63213341335822300D-06
30  5  3.38520159907951100D-06 -8.01733501243773000D-06  1.91161695917520300D-07  2.53731261914010700D-01 -1.60401191304626100D+00
30  6 -5.68758899468024800D-10 -1.08582567091764900D-09  4.05856571180423000D-09  1.85850827157167600D-06 -1.17476633274372200D-05
30  7  1.17766877262850400D-09 -1.85547606570435600D-05  1.17293511142255600D-04 -5.45967287770718900D-09 -2.83662560663797900D-11
30  8 -2.83657670463640600D-11  5.67320231122847600D-11  0.00000000000000000D+00  1.01532291964392800D-07 -6.41724708427890700D-07
30  9 -8.60848527865153500D-09  7.78958089513854800D-05 -4.92437060371337900D-04  1.66955494525996700D-08  9.07658612702682700D-11
30 10  9.07364768897642400D-11 -1.81502338159589300D-10  0.00000000000000000D+00 -4.57155005866259700D-07  2.88980525579557600D-06
31  1 -1.40780676886759900D-09 -9.82753863495599600D-08 -1.44752229526438700D-07  5.80362808354977100D-09 -1.62677850308618100D-08
31  2  1.46620676979456300D-08 -7.05169143732638000D-09  2.23470078463230700D-08 -8.20225160223620900D-09  3.63221931943989000D-02
31  3 -3.63250569875982800D-02  2.86379319930311500D-06 -2.32605513234134100D+00  2.23289794855344900D-08 -2.35418633536111400D-07
31  4  3.57788993581458600D-07  4.74317352625724100D-10 -3.04629383895620800D-09 -9.78342411694503500D-08 -2.73866139751052500D-02
31  5  2.73887138566527300D-02 -2.09988154748783000D-06  1.75382739247947400D+00 -1.54178178703023100D-08  1.71819202540641700D-07
31  6  5.86424859643741800D-11  8.02887267723150400D-11 -5.41301540643784300D-10  0.00000000000000000D+00  0.00000000000000000D+00
31  7  2.92108531693292500D-10  0.00000000000000000D+00 -1.30184635939942800D-11 -1.37512757844937000D-09  0.00000000000000000D+00
31  8 -1.92553442663509200D-11  1.75986124627305200D-11 -6.69573152101567700D-10  0.00000000000000000D+00  0.00000000000000000D+00
31  9  1.89307697621228000D-09  0.00000000000000000D+00  5.24071498279545400D-11  4.18116706769645100D-09 -6.20127234941554300D-10
31 10  6.75467157454435200D-10 -5.53399415650830800D-11  4.14830968213409400D-08  0.00000000000000000D+00  0.00000000000000000D+00
32  1 -1.26867025177421900D-06 -1.32168059935867600D-05 -2.07790899322040300D-06  4.77593831569212800D-09  6.55818511883939600D-08
32  2 -5.22342028101643100D-07 -1.05884199981450400D-08 -9.03954076069257700D-08  4.35126559973441200D-08  2.01431636650938500D+00
32  3 -2.01452305345040200D+00  2.06686941012934500D-04  4.19429787040586600D-02  1.19394047163990400D-07  9.89939992763866900D-07
32  4  2.30477218587118900D-05  3.69398686132634300D-09  1.31367510687641000D-08 -5.69693341820460700D-06 -1.51877818090956500D+00
32  5  1.51892821910459500D+00 -1.50038195029975500D-04 -3.16246805855071200D-02 -9.06111107737113100D-08 -7.23773795917329800D-07
32  6 -1.05211229577351000D-09 -3.47101528928486200D-09  1.84684467185112200D-09  0.00000000000000000D+00  0.00000000000000000D+00
32  7  2.13825819196083100D-08  1.85067918588727200D-11  5.77464667569694000D-11 -9.99961542400943700D-08 -1.65742471444962800D-11
32  8 -1.17630827924775400D-09  1.19288385356050900D-09  1.20736136525588600D-11  0.00000000000000000D+00  0.00000000000000000D+00
32  9  3.05056115093014400D-08 -7.54507743037332000D-11 -2.31373406102906600D-10  3.04949519541843200D-07 -3.40362768381574100D-08
32 10  3.78142369590805300D-08 -3.77796117751177500D-09 -7.48015292647499200D-10  0.00000000000000000D+00  0.00000000000000000D+00
 $END   
 POPULATION ANALYSIS
LI           2.99993   0.00007   3.00032  -0.00032
F            9.00007  -0.00007   8.99968   0.00032
 MOMENTS AT POINT    1 X,Y,Z=  0.000000  0.000000 12.558665
 DIPOLE       0.000000  0.000000  0.013111
