 $DATA
 LiF single-point properties R=8.25 Ang                                         
CNV      2

LI          3.0      0.0000000000      0.0000000000      0.0000000000
   S          9
     1      1469.0000000000  0.00076600
     2       220.5000000000  0.00589200
     3        50.2600000000  0.02967100
     4        14.2400000000  0.10918000
     5         4.5810000000  0.28278900
     6         1.5800000000  0.45312300
     7         0.5640000000  0.27477400
     8         0.0734500000  0.00975100
     9         0.0280500000 -0.00318000
   S          9
     1      1469.0000000000 -0.00012000
     2       220.5000000000 -0.00092300
     3        50.2600000000 -0.00468900
     4        14.2400000000 -0.01768200
     5         4.5810000000 -0.04890200
     6         1.5800000000 -0.09600900
     7         0.5640000000 -0.13638000
     8         0.0734500000  0.57510200
     9         0.0280500000  0.51766100
   S          1
     1         0.0280500000  1.00000000
   P          4
     1         1.5340000000  0.02278400
     2         0.2749000000  0.13910700
     3         0.0736200000  0.50037500
     4         0.0240300000  0.50847400
   P          1
     1         0.0240300000  1.00000000
   D          1
     1         0.1144000000  1.00000000
   S          1
     1         0.0086000000  1.00000000
   P          1
     1         0.0058000000  1.00000000
   D          1
     1         0.0733000000  1.00000000
           
F           9.0      0.0000000000      0.0000000000      8.2500000000
   S          8
     1     14710.0000000000  0.00072100
     2      2207.0000000000  0.00555300
     3       502.8000000000  0.02826700
     4       142.6000000000  0.10644400
     5        46.4700000000  0.28681400
     6        16.7000000000  0.44864100
     7         6.3560000000  0.26476100
     8         1.3160000000  0.01533300
   S          8
     1     14710.0000000000 -0.00016500
     2      2207.0000000000 -0.00130800
     3       502.8000000000 -0.00649500
     4       142.6000000000 -0.02669100
     5        46.4700000000 -0.07369000
     6        16.7000000000 -0.17077600
     7         6.3560000000 -0.11232700
     8         1.3160000000  0.56281400
   S          1
     1         0.3897000000  1.00000000
   P          3
     1        22.6700000000  0.04487800
     2         4.9770000000  0.23571800
     3         1.3470000000  0.50852100
   P          1
     1         0.3471000000  1.00000000
   D          1
     1         1.6400000000  1.00000000
   S          1
     1         0.0986300000  1.00000000
   P          1
     1         0.0850200000  1.00000000
   D          1
     1         0.4640000000  1.00000000
           
 $END      
--- RHF ORBITALS --- GENERATED AT  9:55:26  7-MAY-2026    
 LiF single-point properties R=8.25 Ang                                         
E(RHF)=     -106.7286056092, E(NUC)=    1.7318526895,   23 ITERS
 $VEC
 1  1 -1.80598536768883100D-05 -8.66915654150080700D-05  1.45675803756972900D-04  0.00000000000000000D+00  0.00000000000000000D+00
 1  2 -1.97978720347189700D-05  0.00000000000000000D+00  0.00000000000000000D+00  5.48448607285156600D-05 -1.36180948891377600D-06
 1  3 -1.36180948891166600D-06  2.72361897767352300D-06  1.49205497949873000D-34  0.00000000000000000D+00  0.00000000000000000D+00
 1  4 -8.09281014080283200D-05  0.00000000000000000D+00  0.00000000000000000D+00 -9.42488226425764000D-05  1.50470660942245100D-06
 1  5  1.50470660942165300D-06 -3.00941321871603100D-06 -5.64002189524533500D-35  0.00000000000000000D+00  0.00000000000000000D+00
 1  6  1.00068463718672200D+00  5.10390313298684300D-04 -3.37719150385479700D-03  0.00000000000000000D+00  0.00000000000000000D+00
 1  7 -2.05801091950257300D-05  0.00000000000000000D+00  0.00000000000000000D+00  1.22186482220189200D-05  4.63972656011976200D-07
 1  8  4.63972645747760200D-07 -9.27945301747812900D-07 -7.25707588772519500D-31  0.00000000000000000D+00  0.00000000000000000D+00
 1  9  1.10757559864594800D-03  0.00000000000000000D+00  0.00000000000000000D+00 -1.39162554298408500D-05 -7.23033131549223100D-08
 1 10 -7.23033030580591800D-08  1.44606616160397700D-07  7.13875290389172800D-31  0.00000000000000000D+00  0.00000000000000000D+00
 2  1  1.00008319320968300D+00 -1.08930138356455600D-03 -1.07770795487107500D-03  0.00000000000000000D+00  0.00000000000000000D+00
 2  2 -6.49372065907510000D-04  0.00000000000000000D+00  0.00000000000000000D+00  5.51877839582356000D-04  1.47768192224238700D-05
 2  3  1.47768192224106600D-05 -2.95536384448954800D-05 -9.34188870485488300D-34  0.00000000000000000D+00  0.00000000000000000D+00
 2  4  1.31179285773074700D-03  0.00000000000000000D+00  0.00000000000000000D+00 -5.35733617611109900D-05 -1.05119579909813200D-05
 2  5 -1.05119579909928600D-05  2.10239159820264100D-05 -8.15228842182272800D-34  0.00000000000000000D+00  0.00000000000000000D+00
 2  6 -8.12001447668842700D-06 -1.47120640306428300D-05  4.84382800240066300D-05  0.00000000000000000D+00  0.00000000000000000D+00
 2  7  2.22064727862158700D-06  0.00000000000000000D+00  0.00000000000000000D+00 -1.13926610348610100D-05 -6.35218939100115500D-08
 2  8 -6.35218937078857800D-08  1.27043787918007900D-07  1.42908345325159200D-32  0.00000000000000000D+00  0.00000000000000000D+00
 2  9 -8.20857974764477000D-05  0.00000000000000000D+00  0.00000000000000000D+00  3.60546384355815200D-05  2.37380098904639700D-07
 2 10  2.37380098449911800D-07 -4.74760197354551500D-07 -3.21504846078076900D-32  0.00000000000000000D+00  0.00000000000000000D+00
 3  1  1.26535711141575900D-04  5.93705359637642500D-04 -1.04498074142359000D-03  0.00000000000000000D+00  0.00000000000000000D+00
 3  2  9.49205113496430400D-05  0.00000000000000000D+00  0.00000000000000000D+00 -3.39477231025297200D-04  4.17316654700479400D-06
 3  3  4.17316654695311500D-06 -8.34633309402323200D-06 -3.65385962032196600D-33  0.00000000000000000D+00  0.00000000000000000D+00
 3  4  6.19874436257845200D-04  0.00000000000000000D+00  0.00000000000000000D+00  7.04034379711516300D-04 -3.27224165475680600D-06
 3  5 -3.27224165467847200D-06  6.54448330943920300D-06  5.53841216356025700D-33  0.00000000000000000D+00  0.00000000000000000D+00
 3  6  6.35025656402157200D-03 -4.90911478901143000D-01 -5.54505826387426300D-01  0.00000000000000000D+00  0.00000000000000000D+00
 3  7  4.23142487774696800D-04  0.00000000000000000D+00  0.00000000000000000D+00  1.01528716803891700D-03 -2.72857228037935400D-06
 3  8 -2.72857227600022000D-06  5.45714455649736300D-06  3.09616466328620400D-31  0.00000000000000000D+00  0.00000000000000000D+00
 3  9 -5.63194053439114600D-02  0.00000000000000000D+00  0.00000000000000000D+00  6.12436231411607600D-04  4.80084654358515700D-05
 3 10  4.80084654333632200D-05 -9.60169308692147800D-05 -1.75933700419774000D-31  0.00000000000000000D+00  0.00000000000000000D+00
 4  1  0.00000000000000000D+00  0.00000000000000000D+00  0.00000000000000000D+00  1.32153481647214600D-05 -8.09179966524639600D-22
 4  2  0.00000000000000000D+00  6.88396624129693200D-05 -4.21507439929548600D-21  0.00000000000000000D+00  0.00000000000000000D+00
 4  3  0.00000000000000000D+00  0.00000000000000000D+00  0.00000000000000000D+00  1.75839163837733800D-04 -1.07666878643251400D-20
 4  4  0.00000000000000000D+00 -1.11167396313304400D-03  6.80681499315814600D-20  0.00000000000000000D+00  0.00000000000000000D+00
 4  5  0.00000000000000000D+00  0.00000000000000000D+00  0.00000000000000000D+00 -2.43720729975265300D-04  1.49230977242968900D-20
 4  6  0.00000000000000000D+00  0.00000000000000000D+00  0.00000000000000000D+00 -6.28741761619211100D-01  3.84980578096180200D-17
 4  7  0.00000000000000000D+00 -4.47508275918341600D-01  2.74010739038849300D-17  0.00000000000000000D+00  0.00000000000000000D+00
 4  8  0.00000000000000000D+00  0.00000000000000000D+00  0.00000000000000000D+00  3.47701258960303600D-05 -2.12898585477413800D-21
 4  9  0.00000000000000000D+00 -1.57009792621719600D-01  9.61375948284458000D-18  0.00000000000000000D+00  0.00000000000000000D+00
 4 10  0.00000000000000000D+00  0.00000000000000000D+00  0.00000000000000000D+00  1.22286264208691100D-03 -7.48762680675825400D-20
 5  1  0.00000000000000000D+00  0.00000000000000000D+00  0.00000000000000000D+00  8.09179966380927100D-22  1.32153481623743800D-05
 5  2  0.00000000000000000D+00  4.21507439929761000D-21  6.88396624130040200D-05  0.00000000000000000D+00  0.00000000000000000D+00
 5  3  0.00000000000000000D+00  0.00000000000000000D+00  0.00000000000000000D+00  1.07666878643504200D-20  1.75839163838146700D-04
 5  4  0.00000000000000000D+00 -6.80681499314327600D-20 -1.11167396313061600D-03  0.00000000000000000D+00  0.00000000000000000D+00
 5  5  0.00000000000000000D+00  0.00000000000000000D+00  0.00000000000000000D+00 -1.49230977243241300D-20 -2.43720729975710200D-04
 5  6  0.00000000000000000D+00  0.00000000000000000D+00  0.00000000000000000D+00 -3.84980578096178900D-17 -6.28741761619208900D-01
 5  7  0.00000000000000000D+00 -2.74010739038849700D-17 -4.47508275918342200D-01  0.00000000000000000D+00  0.00000000000000000D+00
 5  8  0.00000000000000000D+00  0.00000000000000000D+00  0.00000000000000000D+00  2.12898585478791300D-21  3.47701258962553300D-05
 5  9  0.00000000000000000D+00 -9.61375948284480200D-18 -1.57009792621723200D-01  0.00000000000000000D+00  0.00000000000000000D+00
 5 10  0.00000000000000000D+00  0.00000000000000000D+00  0.00000000000000000D+00  7.48762680675830700D-20  1.22286264208692000D-03
 6  1 -5.22487739951546100D-05  8.17297318302155300D-04 -1.28352556264342700D-03  0.00000000000000000D+00  0.00000000000000000D+00
 6  2 -1.37035789109700900D-03  0.00000000000000000D+00  0.00000000000000000D+00  3.62694292670919300D-03  6.42537784436681400D-04
 6  3  6.42537784355031700D-04 -1.28507556879177500D-03 -5.77285463767921500D-30  0.00000000000000000D+00  0.00000000000000000D+00
 6  4  3.77933439908593800D-03  0.00000000000000000D+00  0.00000000000000000D+00  1.89503548967892200D-03 -9.12157067748124400D-04
 6  5 -9.12157067611741400D-04  1.82431413535997000D-03  9.64263771199864100D-30  0.00000000000000000D+00  0.00000000000000000D+00
 6  6  1.61008520397153000D-06 -1.79547439203701100D-03 -4.82023333820664400D-03  0.00000000000000000D+00  0.00000000000000000D+00
 6  7 -6.28142330644845100D-01  0.00000000000000000D+00  0.00000000000000000D+00 -4.47107048383888200D-01 -1.78785110596570600D-05
 6  8 -1.78785110614316700D-05  3.57570221211304200D-05 -1.25470010057617400D-31  0.00000000000000000D+00  0.00000000000000000D+00
 6  9  7.11461793176647700D-03  0.00000000000000000D+00  0.00000000000000000D+00 -1.58473438362998600D-01 -7.26940098836120000D-04
 6 10 -7.26940098834363800D-04  1.45388019767043600D-03  1.24168314633290800D-31  0.00000000000000000D+00  0.00000000000000000D+00
 7  1 -2.23076175188699500D-04 -9.80947767228500000D-01  7.81908760187854900D-04  0.00000000000000000D+00  0.00000000000000000D+00
 7  2  1.22365844683327900D-01  0.00000000000000000D+00  0.00000000000000000D+00  1.45259285026031900D-02  1.73108165834186500D-03
 7  3  1.73108165832856500D-03 -3.46216331667029000D-03 -9.40287147098458200D-31  0.00000000000000000D+00  0.00000000000000000D+00
 7  4 -1.60768956995908100D-02  0.00000000000000000D+00  0.00000000000000000D+00 -9.03529853928539100D-04 -3.85970045216031100D-03
 7  5 -3.85970045213673500D-03  7.71940090429688900D-03  1.66684421861854300D-30  0.00000000000000000D+00  0.00000000000000000D+00
 7  6  1.95354408679994400D-05  7.20755001280687400D-05 -8.77495389357517400D-05  0.00000000000000000D+00  0.00000000000000000D+00
 7  7 -1.36019765462965300D-03  0.00000000000000000D+00  0.00000000000000000D+00 -9.77401867352005500D-04 -3.09413395061983700D-07
 7  8 -3.09413401075755000D-07  6.18826796499374300D-07 -4.25189754347794800D-31  0.00000000000000000D+00  0.00000000000000000D+00
 7  9  4.05770711805707900D-04  0.00000000000000000D+00  0.00000000000000000D+00 -3.13769739682494300D-04  5.32583863319227600D-06
 7 10  5.32583863248949600D-06 -1.06516772656867600D-05 -4.96884283279022900D-32  0.00000000000000000D+00  0.00000000000000000D+00
 8  1  0.00000000000000000D+00  0.00000000000000000D+00  0.00000000000000000D+00 -9.75072713837267000D-01  5.97040120401972900D-17
 8  2  0.00000000000000000D+00 -1.18432703169413800D-02  7.25167204008118600D-19  0.00000000000000000D+00  0.00000000000000000D+00
 8  3  0.00000000000000000D+00  0.00000000000000000D+00  0.00000000000000000D+00 -3.14300808836078000D-02  1.92447383756086800D-18
 8  4  0.00000000000000000D+00 -3.20719932128847900D-02  1.96377833341234300D-18  0.00000000000000000D+00  0.00000000000000000D+00
 8  5  0.00000000000000000D+00  0.00000000000000000D+00  0.00000000000000000D+00  8.22739003546492500D-02 -5.03765705640263000D-18
 8  6  0.00000000000000000D+00  0.00000000000000000D+00  0.00000000000000000D+00  6.63181775461140300D-04 -4.06068307984458800D-20
 8  7  0.00000000000000000D+00 -1.01225835636570300D-05  6.19809007457618000D-22  0.00000000000000000D+00  0.00000000000000000D+00
 8  8  0.00000000000000000D+00  0.00000000000000000D+00  0.00000000000000000D+00  1.33701328259559800D-05 -8.18657480505741400D-22
 8  9  0.00000000000000000D+00  1.85001418438996900D-03 -1.13276956243274000D-19  0.00000000000000000D+00  0.00000000000000000D+00
 8 10  0.00000000000000000D+00  0.00000000000000000D+00  0.00000000000000000D+00 -2.82245820675901800D-05  1.72820012669760300D-21
 9  1  0.00000000000000000D+00  0.00000000000000000D+00  0.00000000000000000D+00 -5.97040120401969500D-17 -9.75072713837261500D-01
 9  2  0.00000000000000000D+00 -7.25167204008502700D-19 -1.18432703169476500D-02  0.00000000000000000D+00  0.00000000000000000D+00
 9  3  0.00000000000000000D+00  0.00000000000000000D+00  0.00000000000000000D+00 -1.92447383756083500D-18 -3.14300808836072700D-02
 9  4  0.00000000000000000D+00 -1.96377833341240800D-18 -3.20719932128858400D-02  0.00000000000000000D+00  0.00000000000000000D+00
 9  5  0.00000000000000000D+00  0.00000000000000000D+00  0.00000000000000000D+00  5.03765705640258400D-18  8.22739003546484900D-02
 9  6  0.00000000000000000D+00  0.00000000000000000D+00  0.00000000000000000D+00  4.06068307984894300D-20  6.63181775461851500D-04
 9  7  0.00000000000000000D+00 -6.19809007429151600D-22 -1.01225835631921200D-05  0.00000000000000000D+00  0.00000000000000000D+00
 9  8  0.00000000000000000D+00  0.00000000000000000D+00  0.00000000000000000D+00  8.18657480507075800D-22  1.33701328259777700D-05
 9  9  0.00000000000000000D+00  1.13276956243294100D-19  1.85001418439029900D-03  0.00000000000000000D+00  0.00000000000000000D+00
 9 10  0.00000000000000000D+00  0.00000000000000000D+00  0.00000000000000000D+00 -1.72820012669954200D-21 -2.82245820676218400D-05
10  1  2.20884921550662000D-02  3.01594187119593700D-01 -6.47730252375360700D-02  0.00000000000000000D+00  0.00000000000000000D+00
10  2  9.85689698123547000D-01  0.00000000000000000D+00  0.00000000000000000D+00 -2.34735339871121700D-02 -2.18588414657858800D-02
10  3 -2.18588414657895200D-02  4.37176829315754600D-02 -2.57689426559012200D-31  0.00000000000000000D+00  0.00000000000000000D+00
10  4 -1.60782823239826500D-01  0.00000000000000000D+00  0.00000000000000000D+00  3.57734729401950100D-02  5.57353170511564300D-02
10  5  5.57353170511602100D-02 -1.11470634102316500D-01  2.66548704303193400D-31  0.00000000000000000D+00  0.00000000000000000D+00
10  6 -2.86561422590154600D-04 -8.20430526932322900D-04  1.57420555255506900D-03  0.00000000000000000D+00  0.00000000000000000D+00
10  7  3.53207004154011000D-03  0.00000000000000000D+00  0.00000000000000000D+00  7.32453687118878600D-04 -2.48088820901766000D-05
10  8 -2.48088820769493300D-05  4.96177641672813000D-05  9.35203745288214300D-31  0.00000000000000000D+00  0.00000000000000000D+00
10  9 -4.37106162249369400D-03  0.00000000000000000D+00  0.00000000000000000D+00  6.88772305214227400D-03  5.73965830518961400D-05
10 10  5.73965830547751300D-05 -1.14793166106684900D-04  2.03551987212117700D-31  0.00000000000000000D+00  0.00000000000000000D+00
11  1 -2.14069357615710400D-02 -4.28461144967380100D-01 -3.98372970050280800D-01  0.00000000000000000D+00  0.00000000000000000D+00
11  2  5.05192281045072900D-01  0.00000000000000000D+00  0.00000000000000000D+00 -2.17185139424759300D-01 -4.15594493627793500D-03
11  3 -4.15594493635007400D-03  8.31188987262803000D-03 -5.10039212347210700D-30  0.00000000000000000D+00  0.00000000000000000D+00
11  4  1.23679981922802100D+00  0.00000000000000000D+00  0.00000000000000000D+00 -4.82716045047326100D-01  1.37731603767516900D-02
11  5  1.37731603769142300D-02 -2.75463207536658100D-02  1.14922165711530800D-29  0.00000000000000000D+00  0.00000000000000000D+00
11  6  7.87965463187792000D-04  1.42668994076630500D-03 -6.07721590219355800D-03  0.00000000000000000D+00  0.00000000000000000D+00
11  7  2.96139482180251900D-03  0.00000000000000000D+00  0.00000000000000000D+00 -1.27972503172459300D-03 -3.83691178441392700D-05
11  8 -3.83691178507492900D-05  7.67382356946256100D-05 -4.67345708915175900D-31  0.00000000000000000D+00  0.00000000000000000D+00
11  9  1.86117580662484300D-02  0.00000000000000000D+00  0.00000000000000000D+00  1.37647456850088700D-02  1.10005007327900900D-04
11 10  1.10005007324508800D-04 -2.20010014652442300D-04 -2.39826426324820500D-31  0.00000000000000000D+00  0.00000000000000000D+00
12  1  0.00000000000000000D+00  0.00000000000000000D+00  0.00000000000000000D+00  5.50940367125364300D-01 -3.37342537079477200D-17
12  2  0.00000000000000000D+00 -1.25854445290877800D-01  7.70610766799998700D-18  0.00000000000000000D+00  0.00000000000000000D+00
12  3  0.00000000000000000D+00  0.00000000000000000D+00  0.00000000000000000D+00 -1.38591511696381500D-02  8.48600229046185500D-19
12  4  0.00000000000000000D+00 -1.05166998216911800D+00  6.43940871144283900D-17  0.00000000000000000D+00  0.00000000000000000D+00
12  5  0.00000000000000000D+00  0.00000000000000000D+00  0.00000000000000000D+00  9.70030228426318500D-03 -5.93952590565320800D-19
12  6  0.00000000000000000D+00  0.00000000000000000D+00  0.00000000000000000D+00  4.23631504305555500D-03 -2.59390915925957500D-19
12  7  0.00000000000000000D+00 -2.34794272902009500D-03  1.43765279218453000D-19  0.00000000000000000D+00  0.00000000000000000D+00
12  8  0.00000000000000000D+00  0.00000000000000000D+00  0.00000000000000000D+00  7.58081293259982600D-05 -4.64175584220029800D-21
12  9  0.00000000000000000D+00  2.27647671058878300D-02 -1.39389392205784500D-18  0.00000000000000000D+00  0.00000000000000000D+00
12 10  0.00000000000000000D+00  0.00000000000000000D+00  0.00000000000000000D+00 -2.03164931149001300D-04  1.24398532779476400D-20
13  1  0.00000000000000000D+00  0.00000000000000000D+00  0.00000000000000000D+00  3.37342537079467400D-17  5.50940367125348300D-01
13  2  0.00000000000000000D+00 -7.70610766799853600D-18 -1.25854445290854100D-01  0.00000000000000000D+00  0.00000000000000000D+00
13  3  0.00000000000000000D+00  0.00000000000000000D+00  0.00000000000000000D+00 -8.48600229046143300D-19 -1.38591511696374600D-02
13  4  0.00000000000000000D+00 -6.43940871144288100D-17 -1.05166998216912500D+00  0.00000000000000000D+00  0.00000000000000000D+00
13  5  0.00000000000000000D+00  0.00000000000000000D+00  0.00000000000000000D+00  5.93952590565229100D-19  9.70030228426168600D-03
13  6  0.00000000000000000D+00  0.00000000000000000D+00  0.00000000000000000D+00  2.59390915925873800D-19  4.23631504305418800D-03
13  7  0.00000000000000000D+00 -1.43765279218493400D-19 -2.34794272902075400D-03  0.00000000000000000D+00  0.00000000000000000D+00
13  8  0.00000000000000000D+00  0.00000000000000000D+00  0.00000000000000000D+00  4.64175584219629800D-21  7.58081293259329300D-05
13  9  0.00000000000000000D+00  1.39389392205779900D-18  2.27647671058870900D-02  0.00000000000000000D+00  0.00000000000000000D+00
13 10  0.00000000000000000D+00  0.00000000000000000D+00  0.00000000000000000D+00 -1.24398532779405700D-20 -2.03164931148885900D-04
14  1 -1.07340746520108600D-01 -7.67146515260866700D-01  4.14143036216818200D-01  0.00000000000000000D+00  0.00000000000000000D+00
14  2 -3.65381286957652100D-01  0.00000000000000000D+00  0.00000000000000000D+00  5.30294049861897200D-02 -2.26516629411022300D-02
14  3 -2.26516629411222100D-02  4.53033258822245100D-02 -1.41266961420803700D-30  0.00000000000000000D+00  0.00000000000000000D+00
14  4  5.73287373191488800D-01  0.00000000000000000D+00  0.00000000000000000D+00  9.40995222919130300D-01  3.61009463735645200D-02
14  5  3.61009463735611700D-02 -7.22018927471257000D-02 -2.36889383159630000D-31  0.00000000000000000D+00  0.00000000000000000D+00
14  6 -6.45995004708576400D-03 -1.59476959381632300D-02  4.24554951653046500D-02  0.00000000000000000D+00  0.00000000000000000D+00
14  7  1.07384074257418400D-02  0.00000000000000000D+00  0.00000000000000000D+00 -2.05596163005393600D-04 -2.91239120734256800D-05
14  8 -2.91239120992676400D-05  5.82478241728732900D-05 -1.82709588400286700D-30  0.00000000000000000D+00  0.00000000000000000D+00
14  9 -1.48348222353898600D-01  0.00000000000000000D+00  0.00000000000000000D+00  4.03379131977074900D-02  8.22634339896631400D-05
14 10  8.22634339815747800D-05 -1.64526867971223300D-04 -5.71868785799332400D-31  0.00000000000000000D+00  0.00000000000000000D+00
15  1  0.00000000000000000D+00  0.00000000000000000D+00  0.00000000000000000D+00 -1.90710510180120700D+00  1.16772651253641500D-16
15  2  0.00000000000000000D+00  2.43867312315342900D+00 -1.49320730075477500D-16  0.00000000000000000D+00  0.00000000000000000D+00
15  3  0.00000000000000000D+00  0.00000000000000000D+00  0.00000000000000000D+00  1.24324408081387100D-01 -7.61242300358363700D-18
15  4  0.00000000000000000D+00 -6.72423072388497400D-01  4.11726783451859100D-17  0.00000000000000000D+00  0.00000000000000000D+00
15  5  0.00000000000000000D+00  0.00000000000000000D+00  0.00000000000000000D+00 -2.56477863957613300D-01  1.57042210908642300D-17
15  6  0.00000000000000000D+00  0.00000000000000000D+00  0.00000000000000000D+00  1.62175124835561900D-03 -9.93003441527831700D-20
15  7  0.00000000000000000D+00 -1.19489392318755100D-03  7.31637345239611600D-20  0.00000000000000000D+00  0.00000000000000000D+00
15  8  0.00000000000000000D+00  0.00000000000000000D+00  0.00000000000000000D+00  2.30441206071945000D-05 -1.41099882569097800D-21
15  9  0.00000000000000000D+00  1.09317190789017100D-02 -6.69352632111216900D-19  0.00000000000000000D+00  0.00000000000000000D+00
15 10  0.00000000000000000D+00  0.00000000000000000D+00  0.00000000000000000D+00 -9.21249317613411100D-05  5.64083883901956300D-21
16  1  0.00000000000000000D+00  0.00000000000000000D+00  0.00000000000000000D+00 -1.16772651253642000D-16 -1.90710510180121600D+00
16  2  0.00000000000000000D+00  1.49320730075477700D-16  2.43867312315343200D+00  0.00000000000000000D+00  0.00000000000000000D+00
16  3  0.00000000000000000D+00  0.00000000000000000D+00  0.00000000000000000D+00  7.61242300358354300D-18  1.24324408081385500D-01
16  4  0.00000000000000000D+00 -4.11726783451853900D-17 -6.72423072388488900D-01  0.00000000000000000D+00  0.00000000000000000D+00
16  5  0.00000000000000000D+00  0.00000000000000000D+00  0.00000000000000000D+00 -1.57042210908637900D-17 -2.56477863957606100D-01
16  6  0.00000000000000000D+00  0.00000000000000000D+00  0.00000000000000000D+00  9.93003441527915200D-20  1.62175124835575600D-03
16  7  0.00000000000000000D+00 -7.31637345239363200D-20 -1.19489392318714600D-03  0.00000000000000000D+00  0.00000000000000000D+00
16  8  0.00000000000000000D+00  0.00000000000000000D+00  0.00000000000000000D+00  1.41099882569292500D-21  2.30441206072262900D-05
16  9  0.00000000000000000D+00  6.69352632111110600D-19  1.09317190788999700D-02  0.00000000000000000D+00  0.00000000000000000D+00
16 10  0.00000000000000000D+00  0.00000000000000000D+00  0.00000000000000000D+00 -5.64083883902310800D-21 -9.21249317613990100D-05
17  1 -1.58302055418424800D-01 -8.42203158751586400D-01  1.12546923923615500D+00  0.00000000000000000D+00  0.00000000000000000D+00
17  2  1.82105238472800400D+00  0.00000000000000000D+00  0.00000000000000000D+00 -2.33951174451420700D+00  9.19851547844694300D-02
17  3  9.19851547843134700D-02 -1.83970309568782400D-01 -1.10271044895835600D-29  0.00000000000000000D+00  0.00000000000000000D+00
17  4 -3.50308126551580000D-01  0.00000000000000000D+00  0.00000000000000000D+00  6.50979598003973600D-01 -2.00998060666299400D-01
17  5 -2.00998060665844700D-01  4.01996121332144200D-01  3.21430003998452100D-29  0.00000000000000000D+00  0.00000000000000000D+00
17  6 -2.40351523082637900D-03 -5.06982861020073300D-03  1.76236399726530800D-02  0.00000000000000000D+00  0.00000000000000000D+00
17  7 -5.51791076830274300D-03  0.00000000000000000D+00  0.00000000000000000D+00 -3.75672513033887500D-03  6.15895912944695100D-05
17  8  6.15895913080460200D-05 -1.23179182603004400D-04  9.59896273661135300D-31  0.00000000000000000D+00  0.00000000000000000D+00
17  9 -6.07702665644528600D-02  0.00000000000000000D+00  0.00000000000000000D+00 -1.83374037113967600D-03 -8.62507593847362800D-05
17 10 -8.62507593757616400D-05  1.72501518760503300D-04  6.34531474415678500D-31  0.00000000000000000D+00  0.00000000000000000D+00
18  1  0.00000000000000000D+00  0.00000000000000000D+00  0.00000000000000000D+00  0.00000000000000000D+00  0.00000000000000000D+00
18  2  0.00000000000000000D+00  0.00000000000000000D+00  0.00000000000000000D+00  0.00000000000000000D+00  5.55724300993215100D-17
18  3 -5.55724300993215100D-17  0.00000000000000000D+00  5.24001159674182300D-01  0.00000000000000000D+00  0.00000000000000000D+00
18  4  0.00000000000000000D+00  0.00000000000000000D+00  0.00000000000000000D+00  0.00000000000000000D+00 -1.54721864612137300D-16
18  5  1.54721864612137300D-16  0.00000000000000000D+00 -1.45889672880620800D+00  0.00000000000000000D+00  0.00000000000000000D+00
18  6  0.00000000000000000D+00  0.00000000000000000D+00  0.00000000000000000D+00  0.00000000000000000D+00  0.00000000000000000D+00
18  7  0.00000000000000000D+00  0.00000000000000000D+00  0.00000000000000000D+00  0.00000000000000000D+00  1.12863526610763900D-24
18  8 -1.12863526610763900D-24  0.00000000000000000D+00  1.06420789451279100D-08  0.00000000000000000D+00  0.00000000000000000D+00
18  9  0.00000000000000000D+00  0.00000000000000000D+00  0.00000000000000000D+00  0.00000000000000000D+00 -2.87283762957026700D-23
18 10  2.87283762957026700D-23  0.00000000000000000D+00 -2.70884365999468500D-07  0.00000000000000000D+00  0.00000000000000000D+00
19  1  0.00000000000000000D+00  0.00000000000000000D+00  0.00000000000000000D+00  0.00000000000000000D+00  0.00000000000000000D+00
19  2  0.00000000000000000D+00  0.00000000000000000D+00  0.00000000000000000D+00  0.00000000000000000D+00  4.53798315888546100D-01
19  3 -4.53798315888102100D-01  0.00000000000000000D+00 -6.41695149544435000D-17  0.00000000000000000D+00  0.00000000000000000D+00
19  4  0.00000000000000000D+00  0.00000000000000000D+00  0.00000000000000000D+00  0.00000000000000000D+00 -1.26344162864331600D+00
19  5  1.26344162864190900D+00  0.00000000000000000D+00  1.78657420366452600D-16  0.00000000000000000D+00  0.00000000000000000D+00
19  6  0.00000000000000000D+00  0.00000000000000000D+00  0.00000000000000000D+00  0.00000000000000000D+00  0.00000000000000000D+00
19  7  0.00000000000000000D+00  0.00000000000000000D+00  0.00000000000000000D+00  0.00000000000000000D+00  9.21631144308063500D-09
19  8 -9.21631187381204600D-09  0.00000000000000000D+00 -1.30323588273744100D-24  0.00000000000000000D+00  0.00000000000000000D+00
19  9  0.00000000000000000D+00  0.00000000000000000D+00  0.00000000000000000D+00  0.00000000000000000D+00 -2.34592735820509400D-07
19 10  2.34592738705396900D-07  0.00000000000000000D+00  3.31726708428408900D-23  0.00000000000000000D+00  0.00000000000000000D+00
20  1  0.00000000000000000D+00  0.00000000000000000D+00  0.00000000000000000D+00 -2.33579627982972500D-01  1.43021548275707700D-17
20  2  0.00000000000000000D+00  3.69703791779938900D-01 -2.26370806222969200D-17  0.00000000000000000D+00  0.00000000000000000D+00
20  3  0.00000000000000000D+00  0.00000000000000000D+00  0.00000000000000000D+00 -5.00240861717523900D-01  3.06299068850430500D-17
20  4  0.00000000000000000D+00 -1.01999021651409200D-01  6.24543249989909800D-18  0.00000000000000000D+00  0.00000000000000000D+00
20  5  0.00000000000000000D+00  0.00000000000000000D+00  0.00000000000000000D+00  1.42603668668474800D+00 -8.73166793648976300D-17
20  6  0.00000000000000000D+00  0.00000000000000000D+00  0.00000000000000000D+00  1.90342852367631600D-05 -1.16547533207038200D-21
20  7  0.00000000000000000D+00 -6.24293364266621600D-04  3.82256810265026300D-20  0.00000000000000000D+00  0.00000000000000000D+00
20  8  0.00000000000000000D+00  0.00000000000000000D+00  0.00000000000000000D+00  3.54265970763815500D-06 -2.16918179370210500D-22
20  9  0.00000000000000000D+00  2.36458819656163500D-03 -1.44784486484138700D-19  0.00000000000000000D+00  0.00000000000000000D+00
20 10  0.00000000000000000D+00  0.00000000000000000D+00  0.00000000000000000D+00 -1.85975965550041500D-05  1.13873674535416200D-21
21  1  0.00000000000000000D+00  0.00000000000000000D+00  0.00000000000000000D+00 -1.43021548275700400D-17 -2.33579627982960600D-01
21  2  0.00000000000000000D+00  2.26370806222959700D-17  3.69703791779923400D-01  0.00000000000000000D+00  0.00000000000000000D+00
21  3  0.00000000000000000D+00  0.00000000000000000D+00  0.00000000000000000D+00 -3.06299068850431000D-17 -5.00240861717524800D-01
21  4  0.00000000000000000D+00 -6.24543249989879200D-18 -1.01999021651404200D-01  0.00000000000000000D+00  0.00000000000000000D+00
21  5  0.00000000000000000D+00  0.00000000000000000D+00  0.00000000000000000D+00  8.73166793648978000D-17  1.42603668668475000D+00
21  6  0.00000000000000000D+00  0.00000000000000000D+00  0.00000000000000000D+00  1.16547533205548500D-21  1.90342852365198600D-05
21  7  0.00000000000000000D+00 -3.82256810265644800D-20 -6.24293364267631600D-04  0.00000000000000000D+00  0.00000000000000000D+00
21  8  0.00000000000000000D+00  0.00000000000000000D+00  0.00000000000000000D+00  2.16918179371891500D-22  3.54265970766560900D-06
21  9  0.00000000000000000D+00  1.44784486484213100D-19  2.36458819656285100D-03  0.00000000000000000D+00  0.00000000000000000D+00
21 10  0.00000000000000000D+00  0.00000000000000000D+00  0.00000000000000000D+00 -1.13873674534951500D-21 -1.85975965549282600D-05
22  1 -1.12677311521103300D-01 -6.11572635687544800D-01  8.01176048311890800D-01  0.00000000000000000D+00  0.00000000000000000D+00
22  2  3.50948757810075900D-01  0.00000000000000000D+00  0.00000000000000000D+00 -5.29572857249567000D-01 -2.36907233490619000D-01
22  3 -2.36907233491691300D-01  4.73814466982310900D-01 -7.58107655869036400D-29  0.00000000000000000D+00  0.00000000000000000D+00
22  4 -2.51485921162214300D-01  0.00000000000000000D+00  0.00000000000000000D+00  1.10913644138374700D-01  6.88916873875376400D-01
22  5  6.88916873878250700D-01 -1.37783374775362700D+00  2.03224127731741100D-28  0.00000000000000000D+00  0.00000000000000000D+00
22  6 -3.21829700830034900D-04 -2.51164918969994200D-05  3.42093562975862900D-03  0.00000000000000000D+00  0.00000000000000000D+00
22  7 -4.33996448851687000D-03  0.00000000000000000D+00  0.00000000000000000D+00 -5.17988234755165700D-03  1.65553987286634500D-05
22  8  1.65553987295905100D-05 -3.31107974581433100D-05  6.55453769227546200D-32  0.00000000000000000D+00  0.00000000000000000D+00
22  9 -5.92065023143570600D-03  0.00000000000000000D+00  0.00000000000000000D+00  2.90094786274281100D-03 -1.55195504311618800D-05
22 10 -1.55195504427488800D-05  3.10391008739995300D-05 -8.19232293822529300D-31  0.00000000000000000D+00  0.00000000000000000D+00
23  1  7.62041861103198300D-01  4.12170181060884200D+00 -5.25140757987113000D+00  0.00000000000000000D+00  0.00000000000000000D+00
23  2  3.68660529737636800D-01  0.00000000000000000D+00  0.00000000000000000D+00 -5.72594035855972500D-01 -7.03777364679644600D-03
23  3 -7.03777364671680700D-03  1.40755472935117400D-02  5.63074508190774200D-30  0.00000000000000000D+00  0.00000000000000000D+00
23  4  1.31331445122792900D+00  0.00000000000000000D+00  0.00000000000000000D+00  2.86399386207836000D-01  5.43510472873030300D-02
23  5  5.43510472869198600D-02 -1.08702094574222100D-01 -2.70909009697286100D-29  0.00000000000000000D+00  0.00000000000000000D+00
23  6 -2.37987741158544100D-03 -7.88606204696127100D-03  1.23795818479816600D-02  0.00000000000000000D+00  0.00000000000000000D+00
23  7  2.57687960118861400D-03  0.00000000000000000D+00  0.00000000000000000D+00 -4.09768881746175600D-03 -1.78684774019026200D-05
23  8 -1.78684774026209000D-05  3.57369548015825400D-05 -5.07841771419647900D-32  0.00000000000000000D+00  0.00000000000000000D+00
23  9 -6.69068519471170000D-02  0.00000000000000000D+00  0.00000000000000000D+00  2.86638850984141800D-02  1.17912584561967200D-04
23 10  1.17912584564626000D-04 -2.35825169126591300D-04  1.87985808899884700D-31  0.00000000000000000D+00  0.00000000000000000D+00
24  1  0.00000000000000000D+00  0.00000000000000000D+00  0.00000000000000000D+00  0.00000000000000000D+00  0.00000000000000000D+00
24  2  0.00000000000000000D+00  0.00000000000000000D+00  0.00000000000000000D+00  0.00000000000000000D+00  2.60961152619511700D-16
24  3 -2.60961152619511700D-16  0.00000000000000000D+00  2.46064363854775700D+00  0.00000000000000000D+00  0.00000000000000000D+00
24  4  0.00000000000000000D+00  0.00000000000000000D+00  0.00000000000000000D+00  0.00000000000000000D+00 -2.17371025609642200D-16
24  5  2.17371025609642200D-16  0.00000000000000000D+00 -2.04962549407047700D+00  0.00000000000000000D+00  0.00000000000000000D+00
24  6  0.00000000000000000D+00  0.00000000000000000D+00  0.00000000000000000D+00  0.00000000000000000D+00  0.00000000000000000D+00
24  7  0.00000000000000000D+00  0.00000000000000000D+00  0.00000000000000000D+00  0.00000000000000000D+00  2.72592335027503800D-24
24  8 -2.72592335027503800D-24  0.00000000000000000D+00  2.57031588176758800D-08  0.00000000000000000D+00  0.00000000000000000D+00
24  9  0.00000000000000000D+00  0.00000000000000000D+00  0.00000000000000000D+00  0.00000000000000000D+00 -3.90288643227123300D-23
24 10  3.90288643227123300D-23  0.00000000000000000D+00 -3.68009283188018600D-07  0.00000000000000000D+00  0.00000000000000000D+00
25  1  0.00000000000000000D+00  0.00000000000000000D+00  0.00000000000000000D+00  0.00000000000000000D+00  0.00000000000000000D+00
25  2  0.00000000000000000D+00  0.00000000000000000D+00  0.00000000000000000D+00  0.00000000000000000D+00  2.13097990064359400D+00
25  3 -2.13097990064366900D+00  0.00000000000000000D+00 -3.01331983425918100D-16  0.00000000000000000D+00  0.00000000000000000D+00
25  4  0.00000000000000000D+00  0.00000000000000000D+00  0.00000000000000000D+00  0.00000000000000000D+00 -1.77502774611068600D+00
25  5  1.77502774611073200D+00  0.00000000000000000D+00  2.50998440299707400D-16  0.00000000000000000D+00  0.00000000000000000D+00
25  6  0.00000000000000000D+00  0.00000000000000000D+00  0.00000000000000000D+00  0.00000000000000000D+00  0.00000000000000000D+00
25  7  0.00000000000000000D+00  0.00000000000000000D+00  0.00000000000000000D+00  0.00000000000000000D+00  2.22595881464908300D-08
25  8 -2.22595884790077000D-08  0.00000000000000000D+00 -3.14762513456800400D-24  0.00000000000000000D+00  0.00000000000000000D+00
25  9  0.00000000000000000D+00  0.00000000000000000D+00  0.00000000000000000D+00  0.00000000000000000D+00 -3.18705390123255400D-07
25 10  3.18705392024638900D-07  0.00000000000000000D+00  4.50666510706361300D-23  0.00000000000000000D+00  0.00000000000000000D+00
26  1  0.00000000000000000D+00  0.00000000000000000D+00  0.00000000000000000D+00 -2.42243820978767300D-18 -3.95627248254345600D-02
26  2  0.00000000000000000D+00  3.00363883256849400D-18  4.90547647934898200D-02  0.00000000000000000D+00  0.00000000000000000D+00
26  3  0.00000000000000000D+00  0.00000000000000000D+00  0.00000000000000000D+00 -1.50757222829069600D-16 -2.46213360495002200D+00
26  4  0.00000000000000000D+00 -4.38704034256717600D-19 -7.16481721473003600D-03  0.00000000000000000D+00  0.00000000000000000D+00
26  5  0.00000000000000000D+00  0.00000000000000000D+00  0.00000000000000000D+00  1.25825357744127100D-16  2.05495190109682200D+00
26  6  0.00000000000000000D+00  0.00000000000000000D+00  0.00000000000000000D+00 -8.62799967678504700D-20 -1.40910581589820700D-03
26  7  0.00000000000000000D+00 -2.01082014362876500D-19 -3.28402696483220100D-03  0.00000000000000000D+00  0.00000000000000000D+00
26  8  0.00000000000000000D+00  0.00000000000000000D+00  0.00000000000000000D+00  1.49408759499382900D-22  2.44011080022623900D-06
26  9  0.00000000000000000D+00  4.88383512309508700D-19  7.97617145762982400D-03  0.00000000000000000D+00  0.00000000000000000D+00
26 10  0.00000000000000000D+00  0.00000000000000000D+00  0.00000000000000000D+00 -8.90864899210311700D-22 -1.45494084107867800D-05
27  1  0.00000000000000000D+00  0.00000000000000000D+00  0.00000000000000000D+00 -3.95627248254352800D-02  2.42243820978771800D-18
27  2  0.00000000000000000D+00  4.90547647934902300D-02 -3.00363883256852000D-18  0.00000000000000000D+00  0.00000000000000000D+00
27  3  0.00000000000000000D+00  0.00000000000000000D+00  0.00000000000000000D+00 -2.46213360495002500D+00  1.50757222829069800D-16
27  4  0.00000000000000000D+00 -7.16481721473070200D-03  4.38704034256758300D-19  0.00000000000000000D+00  0.00000000000000000D+00
27  5  0.00000000000000000D+00  0.00000000000000000D+00  0.00000000000000000D+00  2.05495190109682400D+00 -1.25825357744127200D-16
27  6  0.00000000000000000D+00  0.00000000000000000D+00  0.00000000000000000D+00 -1.40910581589909300D-03  8.62799967679047300D-20
27  7  0.00000000000000000D+00 -3.28402696483387100D-03  2.01082014362978700D-19  0.00000000000000000D+00  0.00000000000000000D+00
27  8  0.00000000000000000D+00  0.00000000000000000D+00  0.00000000000000000D+00  2.44011080043248600D-06 -1.49408759512011500D-22
27  9  0.00000000000000000D+00  7.97617145763486600D-03 -4.88383512309817500D-19  0.00000000000000000D+00  0.00000000000000000D+00
27 10  0.00000000000000000D+00  0.00000000000000000D+00  0.00000000000000000D+00 -1.45494084109857700D-05  8.90864899222495500D-22
28  1  8.54924330465824500D-03  4.64593283863663000D-02 -5.72875334151732500D-02  0.00000000000000000D+00  0.00000000000000000D+00
28  2  4.89681406755192000D-02  0.00000000000000000D+00  0.00000000000000000D+00 -6.31571738791159900D-02 -1.22786077992297400D+00
28  3 -1.22786077992280000D+00  2.45572155984577400D+00  1.23012997407901500D-29  0.00000000000000000D+00  0.00000000000000000D+00
28  4  1.11850733333443400D-02  0.00000000000000000D+00  0.00000000000000000D+00  1.28250307883887000D-02  1.02588864396378600D+00
28  5  1.02588864396360400D+00 -2.05177728792738900D+00 -1.28436416131296000D-29  0.00000000000000000D+00  0.00000000000000000D+00
28  6 -1.07173711558803600D-03  9.20604570637151200D-05  1.32559492667576500D-02  0.00000000000000000D+00  0.00000000000000000D+00
28  7 -1.41598440652741100D-02  0.00000000000000000D+00  0.00000000000000000D+00 -3.21856575688028300D-02 -1.26510157814116500D-05
28  8 -1.26510157798632500D-05  2.53020315607169700D-05  1.09476516038973500D-31  0.00000000000000000D+00  0.00000000000000000D+00
28  9 -2.11405463059253400D-02  0.00000000000000000D+00  0.00000000000000000D+00  7.75433444865140100D-02  6.87689247564829800D-05
28 10  6.87689247644284100D-05 -1.37537849520892100D-04  5.61762919805991100D-31  0.00000000000000000D+00  0.00000000000000000D+00
29  1  0.00000000000000000D+00  0.00000000000000000D+00  0.00000000000000000D+00 -6.46033310767946300D-19 -1.05508730826273300D-02
29  2  0.00000000000000000D+00  1.60772209528311500D-18  2.62569615168974800D-02  0.00000000000000000D+00  0.00000000000000000D+00
29  3  0.00000000000000000D+00  0.00000000000000000D+00  0.00000000000000000D+00  1.17451662551252700D-18  1.91819456406786600D-02
29  4  0.00000000000000000D+00 -2.45867892743050500D-18 -4.01546002069351200D-02  0.00000000000000000D+00  0.00000000000000000D+00
29  5  0.00000000000000000D+00  0.00000000000000000D+00  0.00000000000000000D+00 -1.05353928668713000D-18 -1.72061705118335600D-02
29  6  0.00000000000000000D+00  0.00000000000000000D+00  0.00000000000000000D+00 -1.27960612686903200D-17 -2.08982441235093000D-01
29  7  0.00000000000000000D+00 -2.71456587720099900D-17 -4.43336892500679100D-01  0.00000000000000000D+00  0.00000000000000000D+00
29  8  0.00000000000000000D+00  0.00000000000000000D+00  0.00000000000000000D+00  1.33829869611584300D-20  2.18567981774485600D-04
29  9  0.00000000000000000D+00  6.98309845776615600D-17  1.14046418850755300D+00  0.00000000000000000D+00  0.00000000000000000D+00
29 10  0.00000000000000000D+00  0.00000000000000000D+00  0.00000000000000000D+00 -4.97018252124510900D-20 -8.11719211766560600D-04
30  1  0.00000000000000000D+00  0.00000000000000000D+00  0.00000000000000000D+00 -1.05508730826262500D-02  6.46033310767880100D-19
30  2  0.00000000000000000D+00  2.62569615168957000D-02 -1.60772209528300600D-18  0.00000000000000000D+00  0.00000000000000000D+00
30  3  0.00000000000000000D+00  0.00000000000000000D+00  0.00000000000000000D+00  1.91819456406913800D-02 -1.17451662551330600D-18
30  4  0.00000000000000000D+00 -4.01546002069341800D-02  2.45867892743044700D-18  0.00000000000000000D+00  0.00000000000000000D+00
30  5  0.00000000000000000D+00  0.00000000000000000D+00  0.00000000000000000D+00 -1.72061705118434000D-02  1.05353928668773200D-18
30  6  0.00000000000000000D+00  0.00000000000000000D+00  0.00000000000000000D+00 -2.08982441235091000D-01  1.27960612686902000D-17
30  7  0.00000000000000000D+00 -4.43336892500676800D-01  2.71456587720098500D-17  0.00000000000000000D+00  0.00000000000000000D+00
30  8  0.00000000000000000D+00  0.00000000000000000D+00  0.00000000000000000D+00  2.18567981774771900D-04 -1.33829869611759600D-20
30  9  0.00000000000000000D+00  1.14046418850755400D+00 -6.98309845776616000D-17  0.00000000000000000D+00  0.00000000000000000D+00
30 10  0.00000000000000000D+00  0.00000000000000000D+00  0.00000000000000000D+00 -8.11719211766446600D-04  4.97018252124441200D-20
31  1  1.78478657397611300D-02  8.19228795781116500D-02 -1.58745430921437400D-01  0.00000000000000000D+00  0.00000000000000000D+00
31  2 -7.66706147748757000D-02  0.00000000000000000D+00  0.00000000000000000D+00  9.66778092825324300D-02  9.49902758899107100D-02
31  3  9.49902758900540900D-02 -1.89980551779965100D-01  1.01365544832989000D-29  0.00000000000000000D+00  0.00000000000000000D+00
31  4  1.14084548167772800D-01  0.00000000000000000D+00  0.00000000000000000D+00  4.14762122004395700D-02 -8.55942272057285100D-02
31  5 -8.55942272058642800D-02  1.71188454411592900D-01 -9.59883484282598300D-30  0.00000000000000000D+00  0.00000000000000000D+00
31  6 -6.56885372897219200D-03  3.25338039996267200D-03  9.20659576577058100D-02  0.00000000000000000D+00  0.00000000000000000D+00
31  7 -2.08866011474585400D-01  0.00000000000000000D+00  0.00000000000000000D+00 -4.42479361303705300D-01 -1.32135884940152800D-04
31  8 -1.32135884941110400D-04  2.64271769880828400D-04 -6.77024560762875500D-32  0.00000000000000000D+00  0.00000000000000000D+00
31  9 -1.50260508913602600D-01  0.00000000000000000D+00  0.00000000000000000D+00  1.13984073057604600D+00  4.74800509765358700D-04
31 10  4.74800509766048400D-04 -9.49601019531390600D-04  4.87741758416067500D-32  0.00000000000000000D+00  0.00000000000000000D+00
32  1 -3.49694495363519100D-02 -1.73211253071887000D-01  2.71609170930799900D-01  0.00000000000000000D+00  0.00000000000000000D+00
32  2 -3.66792308402930200D-02  0.00000000000000000D+00  0.00000000000000000D+00  9.21746560820094800D-02 -9.77151113508721100D-03
32  3 -9.77151113497503800D-03  1.95430222700623000D-02  7.93088321448941800D-30  0.00000000000000000D+00  0.00000000000000000D+00
32  4 -1.31766625291061700D-01  0.00000000000000000D+00  0.00000000000000000D+00 -1.41096122414296800D-01  8.83949362011648500D-03
32  5  8.83949362000285500D-03 -1.76789872401190900D-02 -8.03392046651413500D-30  0.00000000000000000D+00  0.00000000000000000D+00
32  6  5.85252732277707800D-02 -5.19998194509439200D-02 -8.99904046646771400D-01  0.00000000000000000D+00  0.00000000000000000D+00
32  7 -1.58088940857001700D-02  0.00000000000000000D+00  0.00000000000000000D+00 -3.82033613278923600D-02  2.22214729100173400D-05
32  8  2.22214729253793400D-05 -4.44429458357480600D-05  1.08613477490554600D-30  0.00000000000000000D+00  0.00000000000000000D+00
32  9  1.44558905068366100D+00  0.00000000000000000D+00  0.00000000000000000D+00  9.85645316632906000D-02 -1.49545988177575400D-04
32 10 -1.49545988153741500D-04  2.99091976331329400D-04  1.68512400212976200D-30  0.00000000000000000D+00  0.00000000000000000D+00
33  1  2.01811561125509600D-04  7.40587868904453600D-04 -2.36384376125438000D-03  0.00000000000000000D+00  0.00000000000000000D+00
33  2 -5.38107740169140800D-03  0.00000000000000000D+00  0.00000000000000000D+00  8.37062758970516900D-03  1.02808954768992600D-04
33  3  1.02808954797674200D-04 -2.05617909566668200D-04  2.02786730985777600D-30  0.00000000000000000D+00  0.00000000000000000D+00
33  4  2.61277929278100300D-03  0.00000000000000000D+00  0.00000000000000000D+00 -2.18047706275208900D-03 -1.09991889031733900D-04
33  5 -1.09991889065651000D-04  2.19983778097385100D-04 -2.39802653127069500D-30  0.00000000000000000D+00  0.00000000000000000D+00
33  6  1.90024379316757100D-04  4.29263531698477100D-04 -7.80844527863436400D-04  0.00000000000000000D+00  0.00000000000000000D+00
33  7 -7.13525159107149500D-03  0.00000000000000000D+00  0.00000000000000000D+00  7.85330381635109700D-03 -1.79796688830363100D-02
33  8 -1.79796693602177800D-02  3.59593382432540100D-02 -3.37380095500610500D-26  0.00000000000000000D+00  0.00000000000000000D+00
33  9  7.92264020167362200D-04  0.00000000000000000D+00  0.00000000000000000D+00 -3.79718125207198100D-03  5.09091493551980400D-01
33 10  5.09091507097318500D-01 -1.01818300064929900D+00  9.57691720539103300D-25  0.00000000000000000D+00  0.00000000000000000D+00
34  1  0.00000000000000000D+00  0.00000000000000000D+00  0.00000000000000000D+00  1.22158918645819800D-04 -7.47982939748708700D-21
34  2  0.00000000000000000D+00  2.33036575954830900D-04 -1.42689035793648400D-20  0.00000000000000000D+00  0.00000000000000000D+00
34  3  0.00000000000000000D+00  0.00000000000000000D+00  0.00000000000000000D+00  2.52550341300963600D-05 -1.54637376308585000D-21
34  4  0.00000000000000000D+00 -1.45247569272062100D-03  8.89355481039115500D-20  0.00000000000000000D+00  0.00000000000000000D+00
34  5  0.00000000000000000D+00  0.00000000000000000D+00  0.00000000000000000D+00 -2.71101657078550500D-05  1.65996405895084100D-21
34  6  0.00000000000000000D+00  0.00000000000000000D+00  0.00000000000000000D+00 -5.73544163436749300D-03  3.51182913371191600D-19
34  7  0.00000000000000000D+00  6.37017793821033500D-03 -3.90048018905575400D-19  0.00000000000000000D+00  0.00000000000000000D+00
34  8  0.00000000000000000D+00  0.00000000000000000D+00  0.00000000000000000D+00  3.59447098034892900D-02 -2.20090600058272400D-18
34  9  0.00000000000000000D+00 -3.33269322017813800D-03  2.04061864638545400D-19  0.00000000000000000D+00  0.00000000000000000D+00
34 10  0.00000000000000000D+00  0.00000000000000000D+00  0.00000000000000000D+00 -1.01817647878679000D+00  6.23432692617398700D-17
35  1  0.00000000000000000D+00  0.00000000000000000D+00  0.00000000000000000D+00  7.47982939750598900D-21  1.22158918646128400D-04
35  2  0.00000000000000000D+00  1.42689035793703400D-20  2.33036575954920600D-04  0.00000000000000000D+00  0.00000000000000000D+00
35  3  0.00000000000000000D+00  0.00000000000000000D+00  0.00000000000000000D+00  1.54637376307965600D-21  2.52550341299952000D-05
35  4  0.00000000000000000D+00 -8.89355481039251500D-20 -1.45247569272084300D-03  0.00000000000000000D+00  0.00000000000000000D+00
35  5  0.00000000000000000D+00  0.00000000000000000D+00  0.00000000000000000D+00 -1.65996405894657000D-21 -2.71101657077853000D-05
35  6  0.00000000000000000D+00  0.00000000000000000D+00  0.00000000000000000D+00 -3.51182913371188600D-19 -5.73544163436744500D-03
35  7  0.00000000000000000D+00  3.90048018905572100D-19  6.37017793821028200D-03  0.00000000000000000D+00  0.00000000000000000D+00
35  8  0.00000000000000000D+00  0.00000000000000000D+00  0.00000000000000000D+00  2.20090600058273500D-18  3.59447098034894600D-02
35  9  0.00000000000000000D+00 -2.04061864638552900D-19 -3.33269322017826200D-03  0.00000000000000000D+00  0.00000000000000000D+00
35 10  0.00000000000000000D+00  0.00000000000000000D+00  0.00000000000000000D+00 -6.23432692617398500D-17 -1.01817647878678900D+00
36  1  0.00000000000000000D+00  0.00000000000000000D+00  0.00000000000000000D+00  0.00000000000000000D+00  0.00000000000000000D+00
36  2  0.00000000000000000D+00  0.00000000000000000D+00  0.00000000000000000D+00  0.00000000000000000D+00 -1.42313399815921500D-22
36  3  1.42313399815921500D-22  0.00000000000000000D+00 -1.34189536803482200D-06  0.00000000000000000D+00  0.00000000000000000D+00
36  4  0.00000000000000000D+00  0.00000000000000000D+00  0.00000000000000000D+00  0.00000000000000000D+00  1.56298974146796500D-22
36  5 -1.56298974146796500D-22  0.00000000000000000D+00  1.47376754197053500D-06  0.00000000000000000D+00  0.00000000000000000D+00
36  6  0.00000000000000000D+00  0.00000000000000000D+00  0.00000000000000000D+00  0.00000000000000000D+00  0.00000000000000000D+00
36  7  0.00000000000000000D+00  0.00000000000000000D+00  0.00000000000000000D+00  0.00000000000000000D+00  3.80725227075909500D-18
36  8 -3.80725227075909500D-18  0.00000000000000000D+00  3.58991788101468600D-02  0.00000000000000000D+00  0.00000000000000000D+00
36  9  0.00000000000000000D+00  0.00000000000000000D+00  0.00000000000000000D+00  0.00000000000000000D+00 -1.07980787687686900D-16
36 10  1.07980787687686900D-16  0.00000000000000000D+00 -1.01816778337304400D+00  0.00000000000000000D+00  0.00000000000000000D+00
37  1  0.00000000000000000D+00  0.00000000000000000D+00 -1.81368768101243600D-11  0.00000000000000000D+00  0.00000000000000000D+00
37  2 -4.12796214062250400D-11  0.00000000000000000D+00  0.00000000000000000D+00  6.42591881216416800D-11  1.16211626760791500D-06
37  3 -1.16211469724089000D-06  0.00000000000000000D+00 -1.64329360020310500D-22  0.00000000000000000D+00  0.00000000000000000D+00
37  4  2.00259307220798500D-11  0.00000000000000000D+00  0.00000000000000000D+00 -1.67667175130005000D-11 -1.27632097372045500D-06
37  5  1.27631928324094100D-06  0.00000000000000000D+00  1.80478509293001700D-22  0.00000000000000000D+00  0.00000000000000000D+00
37  6  0.00000000000000000D+00  0.00000000000000000D+00  0.00000000000000000D+00  0.00000000000000000D+00  0.00000000000000000D+00
37  7 -5.49190714869497300D-11  0.00000000000000000D+00  0.00000000000000000D+00  6.04668676527044300D-11 -3.10896009607818400D-02
37  8  3.10896006878780900D-02  2.72898101873390200D-10  4.39623624675476700D-18  0.00000000000000000D+00  0.00000000000000000D+00
37  9  0.00000000000000000D+00  0.00000000000000000D+00  0.00000000000000000D+00 -2.92194156871906000D-11  8.81759169626133000D-01
37 10 -8.81759161805714500D-01 -7.82040674918801100D-09 -1.24685473677584000D-16  0.00000000000000000D+00  0.00000000000000000D+00
38  1  0.00000000000000000D+00  0.00000000000000000D+00  0.00000000000000000D+00  3.94099694047322100D-03 -2.41308494684902800D-19
38  2  0.00000000000000000D+00 -1.00138242395171100D-02  6.13149639488659600D-19  0.00000000000000000D+00  0.00000000000000000D+00
38  3  0.00000000000000000D+00  0.00000000000000000D+00  0.00000000000000000D+00 -1.06554659755342200D-03  6.52437566828868400D-20
38  4  0.00000000000000000D+00  1.55558187264158400D-02 -9.52487722563897800D-19  0.00000000000000000D+00  0.00000000000000000D+00
38  5  0.00000000000000000D+00  0.00000000000000000D+00  0.00000000000000000D+00  1.14584659734244300D-03 -7.01605511805653600D-20
38  6  0.00000000000000000D+00  0.00000000000000000D+00  0.00000000000000000D+00 -9.68964158223238400D-01  5.93299832393164600D-17
38  7  0.00000000000000000D+00  1.26192447760476800D+00 -7.72680366659391300D-17  0.00000000000000000D+00  0.00000000000000000D+00
38  8  0.00000000000000000D+00  0.00000000000000000D+00  0.00000000000000000D+00  1.41392687379061700D-04 -8.65751916742100300D-21
38  9  0.00000000000000000D+00 -4.61087844849069300D-01  2.82325552236218400D-17  0.00000000000000000D+00  0.00000000000000000D+00
38 10  0.00000000000000000D+00  0.00000000000000000D+00  0.00000000000000000D+00  5.21342334121937900D-03 -3.19219567441156900D-19
39  1  0.00000000000000000D+00  0.00000000000000000D+00  0.00000000000000000D+00  2.41308494684886600D-19  3.94099694047295700D-03
39  2  0.00000000000000000D+00 -6.13149639488652500D-19 -1.00138242395170000D-02  0.00000000000000000D+00  0.00000000000000000D+00
39  3  0.00000000000000000D+00  0.00000000000000000D+00  0.00000000000000000D+00 -6.52437566830756000D-20 -1.06554659755650500D-03
39  4  0.00000000000000000D+00  9.52487722563911900D-19  1.55558187264160700D-02  0.00000000000000000D+00  0.00000000000000000D+00
39  5  0.00000000000000000D+00  0.00000000000000000D+00  0.00000000000000000D+00  7.01605511807575800D-20  1.14584659734558300D-03
39  6  0.00000000000000000D+00  0.00000000000000000D+00  0.00000000000000000D+00 -5.93299832393165800D-17 -9.68964158223240400D-01
39  7  0.00000000000000000D+00  7.72680366659391600D-17  1.26192447760476800D+00  0.00000000000000000D+00  0.00000000000000000D+00
39  8  0.00000000000000000D+00  0.00000000000000000D+00  0.00000000000000000D+00  8.65751916739008500D-21  1.41392687378556800D-04
39  9  0.00000000000000000D+00 -2.82325552236219100D-17 -4.61087844849070500D-01  0.00000000000000000D+00  0.00000000000000000D+00
39 10  0.00000000000000000D+00  0.00000000000000000D+00  0.00000000000000000D+00  3.19219567441171900D-19  5.21342334121962300D-03
40  1  5.38112642053712200D-03  2.43195025838396600D-02 -4.89782234681960300D-02  0.00000000000000000D+00  0.00000000000000000D+00
40  2 -2.32059629136057700D-02  0.00000000000000000D+00  0.00000000000000000D+00  3.12133321244076000D-02  5.06891902895428100D-03
40  3  5.06891902895475000D-03 -1.01378380579090700D-02  3.31741432920701400D-32  0.00000000000000000D+00  0.00000000000000000D+00
40  4  3.70281506964528100D-02  0.00000000000000000D+00  0.00000000000000000D+00  1.13278255539345600D-02 -5.50022597686721700D-03
40  5 -5.50022597686787800D-03  1.10004519537349300D-02 -4.68000976486098300D-32  0.00000000000000000D+00  0.00000000000000000D+00
40  6 -7.35609417744387000D-05  2.12151558757197600D-04  3.04904338693733500D-03  0.00000000000000000D+00  0.00000000000000000D+00
40  7  9.69249692409964100D-01  0.00000000000000000D+00  0.00000000000000000D+00 -1.26333483402197000D+00  8.50340257340658400D-05
40  8  8.50340257417783600D-05 -1.70068051476038800D-04  5.45296218781480300D-31  0.00000000000000000D+00  0.00000000000000000D+00
40  9 -7.94241723380715400D-03  0.00000000000000000D+00  0.00000000000000000D+00  4.64968033706420300D-01  3.28510379471453400D-03
40 10  3.28510379450822000D-03 -6.57020758922275500D-03 -1.45869933987889200D-29  0.00000000000000000D+00  0.00000000000000000D+00
41  1 -1.32387522437842100D-02 -6.38978086131886100D-02  1.06335784666131100D-01  0.00000000000000000D+00  0.00000000000000000D+00
41  2 -1.34999292679964700D-02  0.00000000000000000D+00  0.00000000000000000D+00  3.78425055343977100D-02 -1.39965151107781700D-03
41  3 -1.39965151107776500D-03  2.79930302215565500D-03  3.69537808079300900D-33  0.00000000000000000D+00  0.00000000000000000D+00
41  4 -5.81412953342856000D-02  0.00000000000000000D+00  0.00000000000000000D+00 -6.59984144816150000D-02  1.50731614652337500D-03
41  5  1.50731614652332600D-03 -3.01463229304644100D-03 -3.44259977559218400D-33  0.00000000000000000D+00  0.00000000000000000D+00
41  6  7.44474315571393700D-01  1.75448689609195600D+00 -2.20283592459908800D+00  0.00000000000000000D+00  0.00000000000000000D+00
41  7 -1.65616817459961200D-03  0.00000000000000000D+00  0.00000000000000000D+00  3.36795998974853900D-03 -8.47810971168097600D-06
41  8 -8.47810971121477700D-06  1.69562194222678400D-05  3.29615198738934000D-32  0.00000000000000000D+00  0.00000000000000000D+00
41  9  7.83812062732454300D-01  0.00000000000000000D+00  0.00000000000000000D+00 -6.89689476332067600D-03 -1.19799123746234700D-04
41 10 -1.19799123702996600D-04  2.39598247449230700D-04  3.05704816095185700D-30  0.00000000000000000D+00  0.00000000000000000D+00
42  1  1.37291140369912200D-04  5.60015374592267900D-04 -1.43154218175636000D-03  0.00000000000000000D+00  0.00000000000000000D+00
42  2 -2.35039154893486700D-03  0.00000000000000000D+00  0.00000000000000000D+00  3.66605340802294800D-03  3.45965726899831000D-05
42  3  3.45965727089586000D-05 -6.91931453989423400D-05  1.34161859790422400D-30  0.00000000000000000D+00  0.00000000000000000D+00
42  4  1.36766802085984600D-03  0.00000000000000000D+00  0.00000000000000000D+00 -8.59003292634344500D-04 -3.75559083370843000D-05
42  5 -3.75559083583853900D-05  7.51118166954693000D-05 -1.50604411458989900D-30  0.00000000000000000D+00  0.00000000000000000D+00
42  6 -1.86854734788027300D-05 -5.17277197961626800D-05  3.13042555679685500D-05  0.00000000000000000D+00  0.00000000000000000D+00
42  7  4.58024375493114200D-04  0.00000000000000000D+00  0.00000000000000000D+00 -4.29520355531461300D-04 -5.84754431520356100D-01
42  8 -5.84754539146273100D-01  1.16950897066662900D+00 -7.60944085372444300D-24  0.00000000000000000D+00  0.00000000000000000D+00
42  9  5.35608870113215700D-05  0.00000000000000000D+00  0.00000000000000000D+00  1.45621728627484100D-04  2.88238415942787000D-01
42 10  2.88238468990173000D-01 -5.76476884932959900D-01  3.75059240304978700D-24  0.00000000000000000D+00  0.00000000000000000D+00
43  1  0.00000000000000000D+00  0.00000000000000000D+00  0.00000000000000000D+00  1.69243054171658400D-21  2.76404011204740500D-05
43  2  0.00000000000000000D+00  9.52398333724038200D-21  1.55543588476624600D-04  0.00000000000000000D+00  0.00000000000000000D+00
43  3  0.00000000000000000D+00  0.00000000000000000D+00  0.00000000000000000D+00  4.14804249171988500D-22  6.77449121307031300D-06
43  4  0.00000000000000000D+00 -4.30824465300360300D-20 -7.03612983805976700D-04  0.00000000000000000D+00  0.00000000000000000D+00
43  5  0.00000000000000000D+00  0.00000000000000000D+00  0.00000000000000000D+00 -4.44516766928704100D-22 -7.25974947853616800D-06
43  6  0.00000000000000000D+00  0.00000000000000000D+00  0.00000000000000000D+00  2.18966654591027900D-20  3.57611495167512200D-04
43  7  0.00000000000000000D+00 -1.69056181235860300D-20 -2.76098814460962800D-04  0.00000000000000000D+00  0.00000000000000000D+00
43  8  0.00000000000000000D+00  0.00000000000000000D+00  0.00000000000000000D+00  7.16093050998941700D-17  1.16950732578480000D+00
43  9  0.00000000000000000D+00 -2.05412217592104300D-22 -3.35474688582088200D-06  0.00000000000000000D+00  0.00000000000000000D+00
43 10  0.00000000000000000D+00  0.00000000000000000D+00  0.00000000000000000D+00 -3.52980964090802200D-17 -5.76480700086258500D-01
44  1  0.00000000000000000D+00  0.00000000000000000D+00  0.00000000000000000D+00  2.76404011199800900D-05 -1.69243054168633800D-21
44  2  0.00000000000000000D+00  1.55543588476827500D-04 -9.52398333725280200D-21  0.00000000000000000D+00  0.00000000000000000D+00
44  3  0.00000000000000000D+00  0.00000000000000000D+00  0.00000000000000000D+00  6.77449121266883500D-06 -4.14804249147405900D-22
44  4  0.00000000000000000D+00 -7.03612983806105800D-04  4.30824465300439300D-20  0.00000000000000000D+00  0.00000000000000000D+00
44  5  0.00000000000000000D+00  0.00000000000000000D+00  0.00000000000000000D+00 -7.25974947825305800D-06  4.44516766911369200D-22
44  6  0.00000000000000000D+00  0.00000000000000000D+00  0.00000000000000000D+00  3.57611495167739700D-04 -2.18966654591167200D-20
44  7  0.00000000000000000D+00 -2.76098814461479200D-04  1.69056181236176600D-20  0.00000000000000000D+00  0.00000000000000000D+00
44  8  0.00000000000000000D+00  0.00000000000000000D+00  0.00000000000000000D+00  1.16950732578480100D+00 -7.16093050998942200D-17
44  9  0.00000000000000000D+00 -3.35474688586407100D-06  2.05412217594748700D-22  0.00000000000000000D+00  0.00000000000000000D+00
44 10  0.00000000000000000D+00  0.00000000000000000D+00  0.00000000000000000D+00 -5.76480700086259200D-01  3.52980964090802700D-17
45  1  0.00000000000000000D+00  0.00000000000000000D+00  0.00000000000000000D+00  0.00000000000000000D+00  0.00000000000000000D+00
45  2  0.00000000000000000D+00  0.00000000000000000D+00  0.00000000000000000D+00  0.00000000000000000D+00  2.15174349139874100D-23
45  3 -2.15174349139874100D-23  0.00000000000000000D+00  2.02891268709892200D-07  0.00000000000000000D+00  0.00000000000000000D+00
45  4  0.00000000000000000D+00  0.00000000000000000D+00  0.00000000000000000D+00  0.00000000000000000D+00 -2.28027497508814000D-23
45  5  2.28027497508814000D-23  0.00000000000000000D+00 -2.15010703902399800D-07  0.00000000000000000D+00  0.00000000000000000D+00
45  6  0.00000000000000000D+00  0.00000000000000000D+00  0.00000000000000000D+00  0.00000000000000000D+00  0.00000000000000000D+00
45  7  0.00000000000000000D+00  0.00000000000000000D+00  0.00000000000000000D+00  0.00000000000000000D+00 -1.24031072803411800D-16
45  8  1.24031072803411800D-16  0.00000000000000000D+00 -1.16950843913903600D+00  0.00000000000000000D+00  0.00000000000000000D+00
45  9  0.00000000000000000D+00  0.00000000000000000D+00  0.00000000000000000D+00  0.00000000000000000D+00  6.11420614713232100D-17
45 10 -6.11420614713232100D-17  0.00000000000000000D+00  5.76518087450609200D-01  0.00000000000000000D+00  0.00000000000000000D+00
46  1  0.00000000000000000D+00  2.97648037714134600D-11 -7.60584863288020000D-11  0.00000000000000000D+00  0.00000000000000000D+00
46  2 -1.24874981354126000D-10  0.00000000000000000D+00  0.00000000000000000D+00  1.94798611510708800D-10  1.75710830754646800D-07
46  3 -1.75707153296667900D-07  0.00000000000000000D+00 -2.48461935548375500D-23  0.00000000000000000D+00  0.00000000000000000D+00
46  4  7.26568990964060400D-11  0.00000000000000000D+00  0.00000000000000000D+00 -4.56567118373146500D-11 -1.86206727091641100D-07
46  5  1.86202736954776500D-07  0.00000000000000000D+00  2.63303474645152900D-23  0.00000000000000000D+00  0.00000000000000000D+00
46  6  0.00000000000000000D+00  0.00000000000000000D+00  0.00000000000000000D+00  0.00000000000000000D+00  0.00000000000000000D+00
46  7  2.43404879212469100D-11  0.00000000000000000D+00  0.00000000000000000D+00 -2.28271030559941000D-11 -1.01282404930563800D+00
46  8  1.01282398716400100D+00  6.21416023194142900D-08  1.43218746541873200D-16  0.00000000000000000D+00  0.00000000000000000D+00
46  9  0.00000000000000000D+00  0.00000000000000000D+00  0.00000000000000000D+00  0.00000000000000000D+00  4.99279324789905500D-01
46 10 -4.99279294157560100D-01 -3.06322920511229900D-08 -7.06007712985945100D-17  0.00000000000000000D+00  0.00000000000000000D+00
47  1  0.00000000000000000D+00  0.00000000000000000D+00  0.00000000000000000D+00  0.00000000000000000D+00  0.00000000000000000D+00
47  2  0.00000000000000000D+00  0.00000000000000000D+00  0.00000000000000000D+00  0.00000000000000000D+00  0.00000000000000000D+00
47  3  0.00000000000000000D+00  0.00000000000000000D+00  0.00000000000000000D+00  0.00000000000000000D+00  0.00000000000000000D+00
47  4  0.00000000000000000D+00  0.00000000000000000D+00  0.00000000000000000D+00  0.00000000000000000D+00  4.47213595499957200D-01
47  5  4.47213595499956800D-01  4.47213595499956800D-01  0.00000000000000000D+00  0.00000000000000000D+00  0.00000000000000000D+00
47  6  0.00000000000000000D+00  0.00000000000000000D+00  0.00000000000000000D+00  0.00000000000000000D+00  0.00000000000000000D+00
47  7  0.00000000000000000D+00  0.00000000000000000D+00  0.00000000000000000D+00  0.00000000000000000D+00  0.00000000000000000D+00
47  8  0.00000000000000000D+00  0.00000000000000000D+00  0.00000000000000000D+00  0.00000000000000000D+00  0.00000000000000000D+00
47  9  0.00000000000000000D+00  0.00000000000000000D+00  0.00000000000000000D+00  0.00000000000000000D+00  0.00000000000000000D+00
47 10  0.00000000000000000D+00  0.00000000000000000D+00  0.00000000000000000D+00  0.00000000000000000D+00  0.00000000000000000D+00
48  1  0.00000000000000000D+00  0.00000000000000000D+00  0.00000000000000000D+00  0.00000000000000000D+00  0.00000000000000000D+00
48  2  0.00000000000000000D+00  0.00000000000000000D+00  0.00000000000000000D+00  0.00000000000000000D+00 -4.47213595499956900D-01
48  3 -4.47213595499956900D-01 -4.47213595499956600D-01  0.00000000000000000D+00  0.00000000000000000D+00  0.00000000000000000D+00
48  4  0.00000000000000000D+00  0.00000000000000000D+00  0.00000000000000000D+00  0.00000000000000000D+00  0.00000000000000000D+00
48  5  0.00000000000000000D+00  0.00000000000000000D+00  0.00000000000000000D+00  0.00000000000000000D+00  0.00000000000000000D+00
48  6  0.00000000000000000D+00  0.00000000000000000D+00  0.00000000000000000D+00  0.00000000000000000D+00  0.00000000000000000D+00
48  7  0.00000000000000000D+00  0.00000000000000000D+00  0.00000000000000000D+00  0.00000000000000000D+00  0.00000000000000000D+00
48  8  0.00000000000000000D+00  0.00000000000000000D+00  0.00000000000000000D+00  0.00000000000000000D+00  0.00000000000000000D+00
48  9  0.00000000000000000D+00  0.00000000000000000D+00  0.00000000000000000D+00  0.00000000000000000D+00  0.00000000000000000D+00
48 10  0.00000000000000000D+00  0.00000000000000000D+00  0.00000000000000000D+00  0.00000000000000000D+00  0.00000000000000000D+00
49  1  0.00000000000000000D+00  0.00000000000000000D+00  0.00000000000000000D+00  0.00000000000000000D+00  0.00000000000000000D+00
49  2  0.00000000000000000D+00  0.00000000000000000D+00  0.00000000000000000D+00  0.00000000000000000D+00  0.00000000000000000D+00
49  3  0.00000000000000000D+00  0.00000000000000000D+00  0.00000000000000000D+00  0.00000000000000000D+00  0.00000000000000000D+00
49  4  0.00000000000000000D+00  0.00000000000000000D+00  0.00000000000000000D+00  0.00000000000000000D+00  0.00000000000000000D+00
49  5  0.00000000000000000D+00  0.00000000000000000D+00  0.00000000000000000D+00  0.00000000000000000D+00  0.00000000000000000D+00
49  6  0.00000000000000000D+00  0.00000000000000000D+00  0.00000000000000000D+00  0.00000000000000000D+00  0.00000000000000000D+00
49  7  0.00000000000000000D+00  0.00000000000000000D+00  0.00000000000000000D+00  0.00000000000000000D+00  0.00000000000000000D+00
49  8  0.00000000000000000D+00  0.00000000000000000D+00  0.00000000000000000D+00  0.00000000000000000D+00  0.00000000000000000D+00
49  9  0.00000000000000000D+00  0.00000000000000000D+00  0.00000000000000000D+00  0.00000000000000000D+00 -4.47213595495807900D-01
49 10 -4.47213595504105700D-01 -4.47213595499956900D-01  0.00000000000000000D+00  0.00000000000000000D+00  0.00000000000000000D+00
50  1  0.00000000000000000D+00  0.00000000000000000D+00  0.00000000000000000D+00  0.00000000000000000D+00  0.00000000000000000D+00
50  2  0.00000000000000000D+00  0.00000000000000000D+00  0.00000000000000000D+00  0.00000000000000000D+00  0.00000000000000000D+00
50  3  0.00000000000000000D+00  0.00000000000000000D+00  0.00000000000000000D+00  0.00000000000000000D+00  0.00000000000000000D+00
50  4  0.00000000000000000D+00  0.00000000000000000D+00  0.00000000000000000D+00  0.00000000000000000D+00  0.00000000000000000D+00
50  5  0.00000000000000000D+00  0.00000000000000000D+00  0.00000000000000000D+00  0.00000000000000000D+00  0.00000000000000000D+00
50  6  0.00000000000000000D+00  0.00000000000000000D+00  0.00000000000000000D+00  0.00000000000000000D+00  0.00000000000000000D+00
50  7  0.00000000000000000D+00  0.00000000000000000D+00  0.00000000000000000D+00  0.00000000000000000D+00 -4.47213595495809600D-01
50  8 -4.47213595504103800D-01 -4.47213595499956700D-01  0.00000000000000000D+00  0.00000000000000000D+00  0.00000000000000000D+00
50  9  0.00000000000000000D+00  0.00000000000000000D+00  0.00000000000000000D+00  0.00000000000000000D+00  0.00000000000000000D+00
50 10  0.00000000000000000D+00  0.00000000000000000D+00  0.00000000000000000D+00  0.00000000000000000D+00  0.00000000000000000D+00
 $END
 POPULATION ANALYSIS
LI           2.00026   0.99974   2.00104   0.99896
F            9.99974  -0.99974   9.99896  -0.99896
 MOMENTS AT POINT    1 X,Y,Z=  0.000000  0.000000 11.385603
 DIPOLE       0.000000  0.000000-39.561503
- - - NO-S OF CI STATE  1 E=     -106.7701545717 CREATED  9:56:53  7-MAY-2026    
 $OCCNO 
    2.0000000000    2.0000000000    2.0000000000    1.9992880173    1.9992880173
    1.0145681344    0.9853643742    0.0005590810    0.0005590810    0.0002385912
    0.0001332935    0.0000005721    0.0000005721    0.0000002313    0.0000000090
    0.0000000090    0.0000000087    0.0000000020    0.0000000020    0.0000000017
    0.0000000010    0.0000000003    0.0000000001    0.0000000001    0.0000000001
    0.0000000001    0.0000000001    0.0000000001    0.0000000001    0.0000000000
    0.0000000000    0.0000000000
 $END   
 $VEC   
 1  1 -1.80598536846395400D-05 -8.66915654503162000D-05  1.45675803817687400D-04  0.00000000000000000D+00  0.00000000000000000D+00
 1  2 -1.97978720231554600D-05  0.00000000000000000D+00  0.00000000000000000D+00  5.48448607173731100D-05 -1.36183530876825000D-06
 1  3 -1.36183530876348200D-06  2.72367061737954100D-06  0.00000000000000000D+00  0.00000000000000000D+00  0.00000000000000000D+00
 1  4 -8.09281014441630400D-05  0.00000000000000000D+00  0.00000000000000000D+00 -9.42488226612928300D-05  1.50473030230464900D-06
 1  5  1.50473030230346200D-06 -3.00946060448027400D-06  0.00000000000000000D+00  0.00000000000000000D+00  0.00000000000000000D+00
 1  6  1.00068463718673700D+00  5.10390313328039500D-04 -3.37719150392140800D-03  0.00000000000000000D+00  0.00000000000000000D+00
 1  7 -2.05801092353462000D-05  0.00000000000000000D+00  0.00000000000000000D+00  1.22186483523782700D-05  4.63972662154175000D-07
 1  8  4.63972640591562800D-07 -9.27945302732335400D-07  0.00000000000000000D+00  0.00000000000000000D+00  0.00000000000000000D+00
 1  9  1.10757559870906100D-03  0.00000000000000000D+00  0.00000000000000000D+00 -1.39162556285919800D-05 -7.23033193690269500D-08
 1 10 -7.23032980723147300D-08  1.44606617441450100D-07  0.00000000000000000D+00  0.00000000000000000D+00  0.00000000000000000D+00
 2  1  1.00008319320968400D+00 -1.08930138355983800D-03 -1.07770795487684100D-03  0.00000000000000000D+00  0.00000000000000000D+00
 2  2 -6.49372065908545900D-04  0.00000000000000000D+00  0.00000000000000000D+00  5.51877839583762200D-04  1.47768192231832400D-05
 2  3  1.47768192231700000D-05 -2.95536384464141900D-05  0.00000000000000000D+00  0.00000000000000000D+00  0.00000000000000000D+00
 2  4  1.31179285773196800D-03  0.00000000000000000D+00  0.00000000000000000D+00 -5.35733617617468700D-05 -1.05119579916920300D-05
 2  5 -1.05119579917037300D-05  2.10239159834480000D-05  0.00000000000000000D+00  0.00000000000000000D+00  0.00000000000000000D+00
 2  6 -8.12001447469924100D-06 -1.47120640285199600D-05  4.84382800215725900D-05  0.00000000000000000D+00  0.00000000000000000D+00
 2  7  2.22064727878240100D-06  0.00000000000000000D+00  0.00000000000000000D+00 -1.13926610343919800D-05 -6.35218941178590400D-08
 2  8 -6.35218935138411200D-08  1.27043787931732400D-07  0.00000000000000000D+00  0.00000000000000000D+00  0.00000000000000000D+00
 2  9 -8.20857974751518600D-05  0.00000000000000000D+00  0.00000000000000000D+00  3.60546384350712900D-05  2.37380099292385100D-07
 2 10  2.37380098086630400D-07 -4.74760197379002000D-07  0.00000000000000000D+00  0.00000000000000000D+00  0.00000000000000000D+00
 3  1  1.26535711142276200D-04  5.93705359640091100D-04 -1.04498074142651800D-03  0.00000000000000000D+00  0.00000000000000000D+00
 3  2  9.49205113491538800D-05  0.00000000000000000D+00  0.00000000000000000D+00 -3.39477231025158600D-04  4.17316638251833300D-06
 3  3  4.17316638247084200D-06 -8.34633276505457700D-06  0.00000000000000000D+00  0.00000000000000000D+00  0.00000000000000000D+00
 3  4  6.19874436258572500D-04  0.00000000000000000D+00  0.00000000000000000D+00  7.04034379710756500D-04 -3.27224150367761500D-06
 3  5 -3.27224150357678000D-06  6.54448300725816800D-06  0.00000000000000000D+00  0.00000000000000000D+00  0.00000000000000000D+00
 3  6  6.35025656402130700D-03 -4.90911478901143800D-01 -5.54505826387424300D-01  0.00000000000000000D+00  0.00000000000000000D+00
 3  7  4.23142487773499300D-04  0.00000000000000000D+00  0.00000000000000000D+00  1.01528716803960900D-03 -2.72857228457841600D-06
 3  8 -2.72857227196385600D-06  5.45714455666014700D-06  0.00000000000000000D+00  0.00000000000000000D+00  0.00000000000000000D+00
 3  9 -5.63194053439120600D-02  0.00000000000000000D+00  0.00000000000000000D+00  6.12436231410108400D-04  4.80084654406439100D-05
 3 10  4.80084654290403900D-05 -9.60169308696843000D-05  0.00000000000000000D+00  0.00000000000000000D+00  0.00000000000000000D+00
 4  1  0.00000000000000000D+00  0.00000000000000000D+00  0.00000000000000000D+00  1.29035080021590900D-04 -2.46720694461664300D-07
 4  2  0.00000000000000000D+00 -3.01812388078262100D-04  5.77078434592696300D-07  0.00000000000000000D+00  0.00000000000000000D+00
 4  3  0.00000000000000000D+00  0.00000000000000000D+00  0.00000000000000000D+00 -3.82401324843986000D-05  7.31168004622658400D-08
 4  4  0.00000000000000000D+00  4.32777871097514100D-04 -8.27490143724426200D-07  0.00000000000000000D+00  0.00000000000000000D+00
 4  5  0.00000000000000000D+00  0.00000000000000000D+00  0.00000000000000000D+00  4.14313932444406800D-05 -7.92186298651388500D-08
 4  6  0.00000000000000000D+00  0.00000000000000000D+00  0.00000000000000000D+00  6.50278627990358600D-01 -1.24336106644131000D-03
 4  7  0.00000000000000000D+00  5.00391179280594600D-01 -9.56769734584251600D-04  0.00000000000000000D+00  0.00000000000000000D+00
 4  8  0.00000000000000000D+00  0.00000000000000000D+00  0.00000000000000000D+00 -6.19816335061330400D-05  1.18511583525609300D-07
 4  9  0.00000000000000000D+00  1.03540530255804600D-02 -1.97974004645730200D-05  0.00000000000000000D+00  0.00000000000000000D+00
 4 10  0.00000000000000000D+00  0.00000000000000000D+00  0.00000000000000000D+00 -1.11037322446530600D-03  2.12308197915998200D-06
 5  1  0.00000000000000000D+00  0.00000000000000000D+00  0.00000000000000000D+00  2.46720694482171000D-07  1.29035080021538400D-04
 5  2  0.00000000000000000D+00 -5.77078434619808200D-07 -3.01812388077567700D-04  0.00000000000000000D+00  0.00000000000000000D+00
 5  3  0.00000000000000000D+00  0.00000000000000000D+00  0.00000000000000000D+00 -7.31167992036782200D-08 -3.82401324834323600D-05
 5  4  0.00000000000000000D+00  8.27490143730836600D-07  4.32777871096627600D-04  0.00000000000000000D+00  0.00000000000000000D+00
 5  5  0.00000000000000000D+00  0.00000000000000000D+00  0.00000000000000000D+00  7.92186288153143600D-08  4.14313932433053000D-05
 5  6  0.00000000000000000D+00  0.00000000000000000D+00  0.00000000000000000D+00  1.24336106644131800D-03  6.50278627990357200D-01
 5  7  0.00000000000000000D+00  9.56769734584267100D-04  5.00391179280595400D-01  0.00000000000000000D+00  0.00000000000000000D+00
 5  8  0.00000000000000000D+00  0.00000000000000000D+00  0.00000000000000000D+00 -1.18511583525560000D-07 -6.19816335061639400D-05
 5  9  0.00000000000000000D+00  1.97974004645211900D-05  1.03540530255814000D-02  0.00000000000000000D+00  0.00000000000000000D+00
 5 10  0.00000000000000000D+00  0.00000000000000000D+00  0.00000000000000000D+00 -2.12308197915971700D-06 -1.11037322446542000D-03
 6  1  1.92803407530153400D-03  7.09472161478614900D-01 -9.35666744471701700D-03  0.00000000000000000D+00  0.00000000000000000D+00
 6  2 -2.54508139251345500D-04  0.00000000000000000D+00  0.00000000000000000D+00  1.17668750990079500D-03  2.34271595427567500D-04
 6  3  2.34271595226968600D-04 -4.68543190654688400D-04  0.00000000000000000D+00  0.00000000000000000D+00  0.00000000000000000D+00
 6  4  6.82222681826925300D-03  0.00000000000000000D+00  0.00000000000000000D+00  5.60951404624459400D-04 -3.10143860927861100D-04
 6  5 -3.10143860454028700D-04  6.20287721382101500D-04  0.00000000000000000D+00  0.00000000000000000D+00  0.00000000000000000D+00
 6  6 -2.68685724944334500D-04 -1.28895929282002400D-03 -1.54024045897070000D-04  0.00000000000000000D+00  0.00000000000000000D+00
 6  7 -4.62306432496195900D-01  0.00000000000000000D+00  0.00000000000000000D+00 -3.59460362234148700D-01 -2.79589303258562500D-05
 6  8 -2.79589303111542500D-05  5.59178606368116900D-05  0.00000000000000000D+00  0.00000000000000000D+00  0.00000000000000000D+00
 6  9 -1.51122358846640000D-04  0.00000000000000000D+00  0.00000000000000000D+00  6.49737453077584200D-03 -4.62709238736678300D-04
 6 10 -4.62709238744093700D-04  9.25418477480771800D-04  0.00000000000000000D+00  0.00000000000000000D+00  0.00000000000000000D+00
 7  1 -1.43491582930739600D-03 -7.11402559277346000D-01  4.90344688637048300D-03  0.00000000000000000D+00  0.00000000000000000D+00
 7  2 -1.33553597300743100D-03  0.00000000000000000D+00  0.00000000000000000D+00  8.83242884060707100D-04  1.33248347010001000D-04
 7  3  1.33248347120266200D-04 -2.66496694130220000D-04  0.00000000000000000D+00  0.00000000000000000D+00  0.00000000000000000D+00
 7  4 -3.58326912891849700D-03  0.00000000000000000D+00  0.00000000000000000D+00  6.79753377789579000D-04 -9.22206474516907000D-05
 7  5 -9.22206477741936100D-05  1.84441295225849400D-04  0.00000000000000000D+00  0.00000000000000000D+00  0.00000000000000000D+00
 7  6 -2.57311705782310300D-04 -9.65030042894557700D-04  4.93370353237000300D-04  0.00000000000000000D+00  0.00000000000000000D+00
 7  7 -4.60408178140318400D-01  0.00000000000000000D+00  0.00000000000000000D+00 -3.59143220928789600D-01 -2.28948066815954400D-05
 7  8 -2.28948067034850100D-05  4.57896133853428600D-05  0.00000000000000000D+00  0.00000000000000000D+00  0.00000000000000000D+00
 7  9 -5.45015020350111600D-04  0.00000000000000000D+00  0.00000000000000000D+00  1.12785817086789200D-02 -4.59274159767465700D-04
 7 10 -4.59274159748645500D-04  9.18548319516111200D-04  0.00000000000000000D+00  0.00000000000000000D+00  0.00000000000000000D+00
 8  1  0.00000000000000000D+00  0.00000000000000000D+00  0.00000000000000000D+00  2.70047652603111700D-06  3.99150758291631400D-03
 8  2  0.00000000000000000D+00 -1.15728878621181400D-05 -1.71055994057995600D-02  0.00000000000000000D+00  0.00000000000000000D+00
 8  3  0.00000000000000000D+00  0.00000000000000000D+00  0.00000000000000000D+00 -6.48704235924097300D-07 -9.58833717712503200D-04
 8  4  0.00000000000000000D+00  1.80129452037092000D-05  2.66244889305766900D-02  0.00000000000000000D+00  0.00000000000000000D+00
 8  5  0.00000000000000000D+00  0.00000000000000000D+00  0.00000000000000000D+00  4.04231534327407600D-07  5.97484657773719700D-04
 8  6  0.00000000000000000D+00  0.00000000000000000D+00  0.00000000000000000D+00  8.59753721768719100D-05  1.27078071849742500D-01
 8  7  0.00000000000000000D+00  2.58822517701544300D-04  3.82559163956208100D-01  0.00000000000000000D+00  0.00000000000000000D+00
 8  8  0.00000000000000000D+00  0.00000000000000000D+00  0.00000000000000000D+00 -1.43066936846086400D-07 -2.11463701982329700D-04
 8  9  0.00000000000000000D+00 -7.78619752951950500D-04 -1.15085860524920800D+00  0.00000000000000000D+00  0.00000000000000000D+00
 8 10  0.00000000000000000D+00  0.00000000000000000D+00  0.00000000000000000D+00  6.48626452234746400D-07  9.58718721579591900D-04
 9  1  0.00000000000000000D+00  0.00000000000000000D+00  0.00000000000000000D+00  3.99150758255376800D-03 -2.70047651328142400D-06
 9  2  0.00000000000000000D+00 -1.71055994056670500D-02  1.15728878637890300D-05  0.00000000000000000D+00  0.00000000000000000D+00
 9  3  0.00000000000000000D+00  0.00000000000000000D+00  0.00000000000000000D+00 -9.58833717669985200D-04  6.48704248509138400D-07
 9  4  0.00000000000000000D+00  2.66244889304861800D-02 -1.80129452021657800D-05  0.00000000000000000D+00  0.00000000000000000D+00
 9  5  0.00000000000000000D+00  0.00000000000000000D+00  0.00000000000000000D+00  5.97484657714954200D-04 -4.04231541104316600D-07
 9  6  0.00000000000000000D+00  0.00000000000000000D+00  0.00000000000000000D+00  1.27078071849742300D-01 -8.59753721768779600D-05
 9  7  0.00000000000000000D+00  3.82559163956205000D-01 -2.58822517701513900D-04  0.00000000000000000D+00  0.00000000000000000D+00
 9  8  0.00000000000000000D+00  0.00000000000000000D+00  0.00000000000000000D+00 -2.11463701982545600D-04  1.43066936845625700D-07
 9  9  0.00000000000000000D+00 -1.15085860524920300D+00  7.78619752951811800D-04  0.00000000000000000D+00  0.00000000000000000D+00
 9 10  0.00000000000000000D+00  0.00000000000000000D+00  0.00000000000000000D+00  9.58718721579378500D-04 -6.48626452234131300D-07
10  1  9.49707065588695200D-03  4.84577194136086600D-02 -8.70626847365439200D-02  0.00000000000000000D+00  0.00000000000000000D+00
10  2 -3.76575394943781200D-02  0.00000000000000000D+00  0.00000000000000000D+00  5.11521573556025200D-02  7.22414915440833700D-03
10  3  7.22414915431098400D-03 -1.44482983087194300D-02  0.00000000000000000D+00  0.00000000000000000D+00  0.00000000000000000D+00
10  4  6.68826029615977900D-02  0.00000000000000000D+00  0.00000000000000000D+00  2.21635476986288100D-02 -7.99732910885926800D-03
10  5 -7.99732910867507900D-03  1.59946582175344600D-02  0.00000000000000000D+00  0.00000000000000000D+00  0.00000000000000000D+00
10  6 -1.25411333523652100D-03 -8.29293770053898700D-04  1.19787491895577800D-02  0.00000000000000000D+00  0.00000000000000000D+00
10  7 -1.14571365944355600D-01  0.00000000000000000D+00  0.00000000000000000D+00 -3.73771047497390500D-01 -1.23660944615569200D-04
10  8 -1.23660944611871100D-04  2.47321889227072300D-04  0.00000000000000000D+00  0.00000000000000000D+00  0.00000000000000000D+00
10  9 -2.01003307824198500D-02  0.00000000000000000D+00  0.00000000000000000D+00  1.15578640678883300D+00  5.60880948053985800D-04
10 10  5.60880948054532400D-04 -1.12176189610851800D-03  0.00000000000000000D+00  0.00000000000000000D+00  0.00000000000000000D+00
11  1 -1.85229101048683700D-02 -9.01682839373932600D-02  1.50148369901736000D-01  0.00000000000000000D+00  0.00000000000000000D+00
11  2 -1.81734748897075200D-02  0.00000000000000000D+00  0.00000000000000000D+00  5.42122009609783400D-02 -1.27934487701049900D-03
11  3 -1.27934487701814700D-03  2.55868975402866200D-03  0.00000000000000000D+00  0.00000000000000000D+00  0.00000000000000000D+00
11  4 -8.44949177066016400D-02  0.00000000000000000D+00  0.00000000000000000D+00 -9.67385131967894400D-02  1.30247125737901900D-03
11  5  1.30247125738737100D-03 -2.60494251476613100D-03  0.00000000000000000D+00  0.00000000000000000D+00  0.00000000000000000D+00
11  6  5.84938614522233500D-02 -5.28829530656733200D-02 -9.01550905082367500D-01  0.00000000000000000D+00  0.00000000000000000D+00
11  7  3.56083754435441300D-04  0.00000000000000000D+00  0.00000000000000000D+00 -1.16786416676549500D-03  3.24463818229674200D-05
11  8  3.24463818769633800D-05 -6.48927637002664300D-05  0.00000000000000000D+00  0.00000000000000000D+00  0.00000000000000000D+00
11  9  1.44388814406196000D+00  0.00000000000000000D+00  0.00000000000000000D+00 -4.86226849998869200D-04 -1.88155036092071100D-04
11 10 -1.88155036108067400D-04  3.76310072200138400D-04  0.00000000000000000D+00  0.00000000000000000D+00  0.00000000000000000D+00
12  1  0.00000000000000000D+00  0.00000000000000000D+00  0.00000000000000000D+00  8.13307233217341300D-01 -8.22874856635694400D-02
12  2  0.00000000000000000D+00  1.20463641438129000D-01 -1.21880756371991400D-02  0.00000000000000000D+00 -1.86070824115604700D-10
12  3  1.87099991446681900D-10  0.00000000000000000D+00  2.56144225937979900D-11 -1.82864142300179000D-01  1.85015314242302100D-02
12  4  0.00000000000000000D+00  1.00224518370598800D-01 -1.01403536133792100D-02  0.00000000000000000D+00  1.43865998616596200D-10
12  5 -1.43509221491178400D-10  0.00000000000000000D+00 -1.97377442272173900D-11  3.88688177214534000D-01 -3.93260623203337500D-02
12  6  0.00000000000000000D+00  0.00000000000000000D+00  0.00000000000000000D+00  3.81142559585405100D-04 -3.85626260194694200D-05
12  7  0.00000000000000000D+00  2.48956002825366500D-03 -2.51884676130555300D-04  0.00000000000000000D+00  0.00000000000000000D+00
12  8  0.00000000000000000D+00  0.00000000000000000D+00  0.00000000000000000D+00 -1.97704948454347200D-05  2.00030712934992200D-06
12  9  0.00000000000000000D+00 -8.72468675303744700D-03  8.82732234896989200D-04  0.00000000000000000D+00  0.00000000000000000D+00
12 10  0.00000000000000000D+00  0.00000000000000000D+00  0.00000000000000000D+00  4.34396441870485400D-05 -4.39506599256143800D-06
13  1  0.00000000000000000D+00  0.00000000000000000D+00  0.00000000000000000D+00 -8.22874850104013700D-02 -8.13307232971890300D-01
13  2  0.00000000000000000D+00 -1.21880756605932500D-02 -1.20463641461801800D-01  0.00000000000000000D+00  0.00000000000000000D+00
13  3  0.00000000000000000D+00  0.00000000000000000D+00  0.00000000000000000D+00  1.85015327693063800D-02  1.82864142938294100D-01
13  4  0.00000000000000000D+00 -1.01403543968173000D-02 -1.00224518646528200D-01  0.00000000000000000D+00  0.00000000000000000D+00
13  5  0.00000000000000000D+00  0.00000000000000000D+00  0.00000000000000000D+00 -3.93260644090606100D-02 -3.88688178083814000D-01
13  6  0.00000000000000000D+00  0.00000000000000000D+00  0.00000000000000000D+00 -3.85626260112901400D-05 -3.81142559554372100D-04
13  7  0.00000000000000000D+00 -2.51884681906449800D-04 -2.48956003018092100D-03  0.00000000000000000D+00  0.00000000000000000D+00
13  8  0.00000000000000000D+00  0.00000000000000000D+00  0.00000000000000000D+00  2.00030718261130000D-06  1.97704948637625300D-05
13  9  0.00000000000000000D+00  8.82732259093945100D-04  8.72468676127014100D-03  0.00000000000000000D+00  0.00000000000000000D+00
13 10  0.00000000000000000D+00  0.00000000000000000D+00  0.00000000000000000D+00 -4.39506613116335000D-06 -4.34396442348509500D-05
14  1  2.25150821700878700D-03  1.48795992226022400D-02 -1.46682294621303800D-02  0.00000000000000000D+00  0.00000000000000000D+00
14  2 -6.71632804135225400D-01  0.00000000000000000D+00  0.00000000000000000D+00 -3.32399930248125600D-01 -1.34559602737692400D-01
14  3 -1.34559602737765200D-01  2.69119205475457700D-01  0.00000000000000000D+00  0.00000000000000000D+00  0.00000000000000000D+00
14  4 -1.17957202017936500D-04  0.00000000000000000D+00  0.00000000000000000D+00  6.12513534902786900D-02  2.68410133696071400D-01
14  5  2.68410133696185600D-01 -5.36820267392257200D-01  0.00000000000000000D+00  0.00000000000000000D+00  0.00000000000000000D+00
14  6  2.89950741179412200D-04  3.16431603726067900D-04 -3.12073576174895700D-03  0.00000000000000000D+00  0.00000000000000000D+00
14  7  4.39644555026488400D-04  0.00000000000000000D+00  0.00000000000000000D+00  4.96044977016892000D-03  3.68050678149798400D-05
14  8  3.68050677828545800D-05 -7.36101355982259600D-05  0.00000000000000000D+00  0.00000000000000000D+00  0.00000000000000000D+00
14  9  4.31156663992036000D-03  0.00000000000000000D+00  0.00000000000000000D+00 -1.97562535274789000D-02 -6.73185313580782100D-05
14 10 -6.73185313358198200D-05  1.34637062693898100D-04  0.00000000000000000D+00  0.00000000000000000D+00  0.00000000000000000D+00
15  1  4.20226301337052100D-11  2.37364758180365200D-10 -2.72844963519392000D-10  5.79300086047771700D-01 -1.72602464527484300D-01
15  2 -3.54274029749356600D-11 -1.04398680264945000D+00  3.11055874914823500D-01 -2.52994647618579300D-11 -2.19813143673397300D-11
15  3 -1.41028672770116700D-10  1.63009987137455800D-10  0.00000000000000000D+00  4.24525867630945700D-01 -1.26487484346327700D-01
15  4  3.32847305227023000D-11  1.02599523341435100D+00 -3.05695286781534500D-01  0.00000000000000000D+00 -8.37299889349405000D-11
15  5  1.57596789595508900D-11  6.79703099753895900D-11  0.00000000000000000D+00 -8.54949512587212400D-01  2.54732212394706200D-01
15  6  0.00000000000000000D+00  0.00000000000000000D+00  0.00000000000000000D+00 -1.39935663455821900D-04  4.16938318412525500D-05
15  7  0.00000000000000000D+00  7.32728394310609300D-03 -2.18316430071353000D-03  0.00000000000000000D+00  0.00000000000000000D+00
15  8  0.00000000000000000D+00  0.00000000000000000D+00  0.00000000000000000D+00 -6.53030427302425600D-05  1.94570420260481400D-05
15  9  0.00000000000000000D+00 -3.02662035260908500D-02  9.01781554675104000D-03  0.00000000000000000D+00  0.00000000000000000D+00
15 10  0.00000000000000000D+00  0.00000000000000000D+00  0.00000000000000000D+00  1.89680646958322800D-04 -5.65153500500887900D-05
16  1  9.85593705621387700D-11  4.08871254241599400D-10 -8.94306076260924200D-10  1.72602464573935500D-01  5.79300085908997400D-01
16  2 -8.86213657732770200D-10 -3.11055874924840000D-01 -1.04398680268774300D+00  8.23974924843786100D-10  1.49390169285770100D-10
16  3  1.06719468409255400D-10 -2.56109637695026200D-10  0.00000000000000000D+00  1.26487485077598100D-01  4.24525863176707000D-01
16  4  6.69555620100984800D-10  3.05695286731835700D-01  1.02599523364955500D+00  1.30728262214927000D-10 -2.05520646383620000D-10
16  5 -1.69583949532117900D-10  3.75104595915738000D-10  0.00000000000000000D+00 -2.54732213027032600D-01 -8.54949508824285000D-01
16  6  0.00000000000000000D+00  0.00000000000000000D+00  2.57717142985679200D-11 -4.16938318701616000D-05 -1.39935663268123500D-04
16  7  0.00000000000000000D+00  2.18316430037270500D-03  7.32728394463549800D-03  0.00000000000000000D+00  0.00000000000000000D+00
16  8  0.00000000000000000D+00  0.00000000000000000D+00  0.00000000000000000D+00 -1.94570420227896400D-05 -6.53030427444887600D-05
16  9 -6.71148080803935700D-11 -9.01781554518003500D-03 -3.02662035334213700D-02  4.08077539596035600D-11  0.00000000000000000D+00
16 10  0.00000000000000000D+00  0.00000000000000000D+00  0.00000000000000000D+00  5.65153500432297300D-05  1.89680646986518700D-04
17  1  1.29284020693367000D-01  4.87179616547609700D-01 -1.25760309347895500D+00 -9.49275082698723300D-11 -3.31350182937298200D-10
17  2 -1.38505818859092200D+00  1.59612340833169300D-10  6.33068095868295100D-10  1.32965405925325200D+00  2.95800450600133600D-01
17  3  2.95800450627463600D-01 -5.91600901227597800D-01  0.00000000000000000D+00 -1.62184863136370700D-10  3.67240275670944800D-10
17  4  1.07486250417849600D+00 -1.49443737825014100D-10 -6.45624933434701200D-10  2.55330907342052500D-01 -2.67940371463737900D-01
17  5 -2.67940371488024200D-01  5.35880742951762100D-01  0.00000000000000000D+00  2.18315962141809600D-10  0.00000000000000000D+00
17  6 -4.97076087599504200D-03 -7.96341094979962500D-03  4.48370320922994200D-02  0.00000000000000000D+00  0.00000000000000000D+00
17  7 -6.80114068862606900D-04  0.00000000000000000D+00  0.00000000000000000D+00 -1.56065504306036600D-02 -6.65975036236845000D-05
17  8 -6.65975037179068400D-05  1.33195007341607400D-04  0.00000000000000000D+00  0.00000000000000000D+00  0.00000000000000000D+00
17  9 -1.16757480561558900D-01  0.00000000000000000D+00  1.90957399341817400D-11  6.91120897364579900D-02  1.37493423111608700D-04
17 10  1.37493423164507800D-04 -2.74986846276117000D-04  0.00000000000000000D+00  0.00000000000000000D+00  0.00000000000000000D+00
18  1 -3.47248667987190000D-08 -1.54502117571930600D-07  2.96222017296890300D-07 -5.07343898839769700D-01  5.54488396073299200D-03
18  2 -8.20087785361735200D-08  1.74516271149796500D-02 -1.90733024943761900D-04  6.93783463954948500D-08  1.08365904222706700D-08
18  3  1.28104364066967700D-08 -2.36470268289673600D-08  1.32526500679491800D-10 -1.04473588986496700D+00  1.14181707931870800D-02
18  4 -1.92666145081831000D-07  6.09187074519219600D-01 -6.65795268566358800D-03  7.25197734546178300D-08  1.31527860224519000D-08
18  5  1.15025371031581500D-08 -2.46553231256101100D-08 -1.10711074766839800D-10  1.62385443221475300D+00 -1.77474972869530600D-02
18  6 -1.81938090414939900D-10 -3.18522270794733500D-10  1.39138776900001000D-09 -7.66033301686846700D-06  8.37216178752151100D-08
18  7 -4.53158183186889900D-11  4.48693613507128600D-03 -4.90388088902107900D-05  3.19819541666865000D-10  0.00000000000000000D+00
18  8  0.00000000000000000D+00  0.00000000000000000D+00  0.00000000000000000D+00 -4.13700855263076700D-05  4.52143657828588300D-07
18  9 -3.58503641279634300D-09 -1.88017799316893600D-02  2.05489194579144400D-04 -1.38183294177267300D-09 -1.39488846947664000D-11
18 10 -1.39491810516470500D-11  2.78980657464130400D-11  0.00000000000000000D+00  1.07723724178189800D-04 -1.17733860282793100D-06
19  1  8.96660998030522000D-08  3.95690077071806400D-07 -7.70440161657185600D-07 -5.54488535207058700D-03 -5.07343903158600800D-01
19  2  2.23595332848383800D-07  1.90733158751418900D-04  1.74516291543541000D-02 -1.87385077918224300D-07 -2.79548956576523900D-08
19  3 -2.79692432702418800D-08  5.59241389278940800D-08  0.00000000000000000D+00 -1.14181686309227900D-02 -1.04473582796973900D+00
19  4  5.10435195875757700D-07  6.65795255727906600D-03  6.09187076457387600D-01 -1.92213746253770200D-07 -3.05193546021196400D-08
19  5 -3.05082604917942300D-08  6.10276150939140300D-08  0.00000000000000000D+00  1.77474954035520200D-02  1.62385438816854600D+00
19  6  4.81004938811052200D-10  8.41258082232548700D-10 -3.68416517937749100D-09 -8.37222180122985600D-08 -7.66033633538688700D-06
19  7  1.20798167030859600D-10  4.90388058471395900D-05  4.48693615225239300D-03 -8.53332112246285800D-10  0.00000000000000000D+00
19  8  0.00000000000000000D+00  1.89291620975640900D-11  0.00000000000000000D+00 -4.52143635051955500D-07 -4.13700856904281500D-05
19  9  9.50320313836811000D-09 -2.05489183576255700D-04 -1.88017799895309100D-02  3.67885792623038300D-09  3.71164455100434600D-11
19 10  3.71164474981073800D-11 -7.42328930081506400D-11  0.00000000000000000D+00  1.17733855505310500D-06  1.07723724732580500D-04
20  1 -4.63685953865454700D-01 -2.51050128880547100D+00  3.19358033514062000D+00 -1.21161606696667700D-10  7.86205971013221800D-10
20  2 -9.80231811725332900D-01 -4.90670759091892300D-11 -2.12296210150072100D-11  1.35088539393948200D+00  3.81188216231677100D-01
20  3  3.81188217143925100D-01 -7.62376433375601600D-01  7.85380765292943500D-11 -1.82699295364613100D-09  4.28865510021429100D-09
20  4 -7.96371988448059200D-01  2.22873937710627600D-10 -9.67567911598264700D-10 -9.09906475429441800D-01 -4.02933580306493100D-01
20  5 -4.02933581056322000D-01  8.05867161362814400D-01 -6.48277802440042800D-11  1.67590227214227900D-09 -4.58888829599182600D-09
20  6  7.55990439361972800D-03  1.21507363887713900D-02 -6.76569042829856200D-02  0.00000000000000000D+00  0.00000000000000000D+00
20  7 -1.21586347469398700D-03  0.00000000000000000D+00  0.00000000000000000D+00  7.78458544767252900D-03 -7.37912709441925400D-07
20  8 -7.37912700240523300D-07  1.47582541193168700D-06  0.00000000000000000D+00  0.00000000000000000D+00  0.00000000000000000D+00
20  9  1.86864267504164600D-01  0.00000000000000000D+00  3.00061349414767400D-11 -3.74450445643815900D-02 -9.30007300731767200D-05
20 10 -9.30007300815237400D-05  1.86001460154700500D-04  0.00000000000000000D+00  0.00000000000000000D+00  0.00000000000000000D+00
21  1 -5.15880120759470000D-01 -2.96275120699145600D+00  3.26618474287707500D+00 -1.14086239454077700D-09  6.71718711981151700D-09
21  2  1.00458508441088100D+00 -3.47351197905993800D-10 -5.51445796106759500D-11 -1.38129542352186100D+00  2.50883027344177300D-01
21  3  2.50883038517263000D-01 -5.01766065861439300D-01  1.03549671285901900D-09 -1.36361892133244400D-08  1.45001662252860900D-08
21  4 -2.13762656570192200D-01  1.87989880605883100D-09 -8.26048226039887900D-09  6.33953583608696100D-01 -2.63202249043886300D-01
21  5 -2.63202258090698600D-01  5.26404507134584500D-01 -8.48783211443020300D-10  1.29854224880493600D-08 -2.23134841259328400D-08
21  6 -3.92462975662647000D-03 -6.58396835071469900D-03  3.29607270215233500D-02  0.00000000000000000D+00  0.00000000000000000D+00
21  7  2.09727280575374300D-04  1.32204085271222700D-11 -6.07127997879716900D-11 -6.64501407154684900D-04  2.75361999819812100D-05
21  8  2.75361999599980200D-05 -5.50723999407501800D-05  0.00000000000000000D+00  0.00000000000000000D+00  0.00000000000000000D+00
21  9 -8.98284790568916500D-02 -5.78102677204555600D-11  2.54569267275996700D-10  5.59173539772653100D-03 -5.07214270406015000D-05
21 10 -5.07214270298218500D-05  1.01442854070423600D-04  0.00000000000000000D+00  0.00000000000000000D+00  0.00000000000000000D+00
22  1 -7.51853661262384400D-02 -5.47634031612522100D-01  2.79236205684372500D-01  8.24866008141444000D-09  2.24700115348570100D-08
22  2  2.51997205206178600D-01 -7.26289697153827500D-09  2.56456437652183300D-09  1.67608640527789200D-01 -3.67019077828014800D-01
22  3 -3.67018896599476700D-01  7.34037974427492100D-01  1.33013559486001900D-08 -2.39839872357854200D-07  2.43778485913066700D-08
22  4  4.28018280139845300D-01 -8.47990080569012800D-10 -3.06893194452604000D-08 -3.33490049720348800D-01  7.31167279602560200D-01
22  5  7.31167132491773500D-01 -1.46233441209433400D+00 -1.08787379597769600D-08  1.84199101362809200D-07 -6.01302467512741300D-08
22  6  1.12094107859613100D-03  1.72318278419579300D-03 -1.04724564585342800D-02  1.17702730972025600D-11  0.00000000000000000D+00
22  7  5.10254178275628100D-04 -1.98772192691458200D-11 -2.25060902553134000D-10 -2.82780202796936200D-03 -3.00726506416876500D-05
22  8 -3.00726506414960400D-05  6.01453012832586900D-05  0.00000000000000000D+00  0.00000000000000000D+00  0.00000000000000000D+00
22  9  3.08784711632472600D-02  2.78244347325738700D-11  9.38482214043160400D-10  7.67758856768309600D-03  8.01351977843263800D-05
22 10  8.01351977452695000D-05 -1.60270395529595700D-04  0.00000000000000000D+00  0.00000000000000000D+00  0.00000000000000000D+00
23  1 -4.59668549410937000D-07 -2.08623010204993400D-06  3.85154036236655400D-06  4.14445450417953000D-02 -1.21921196393389300D-03
23  2 -9.54798872399754100D-07  5.41254643539528000D-02 -1.59224191863293900D-03  8.15421822506330200D-07  8.25746498717953700D-08
23  3  2.39769692212504900D-07 -3.22344342084300300D-07  1.09127849748600700D-08 -2.21788322804903500D+00  6.52451400859371500D-02
23  4 -2.38773089096755400D-06 -1.04875151700605800D-01  3.08519069182202200D-03  9.05027773901330100D-07  2.58871873338675800D-07
23  5  9.63701042171453800D-08 -3.55241977555815400D-07 -1.13091420026116700D-08  1.57465224585474900D+00 -4.63227311672309700D-02
23  6 -2.31761837838634100D-09 -4.06361240600902000D-09  1.76958002231603800D-08  1.17496457459913200D-04 -3.45648170516152000D-06
23  7 -5.41600356984716400D-10 -8.31666174358606100D-04  2.44657500358621700D-05  3.85842306462722600D-09  4.36007569721977500D-11
23  8  4.36025586456784900D-11 -8.72033156155701800D-11  0.00000000000000000D+00  7.32858286876927000D-06 -2.15590473565320300D-07
23  9 -4.55275695498878500D-08  2.98919710927982600D-03 -8.79354590596393700D-05 -1.67810517981517900D-08 -1.71581947874235700D-10
23 10 -1.71611401056596300D-10  3.43193348930801800D-10  0.00000000000000000D+00 -2.52407618880827900D-05  7.42526490518373400D-07
24  1 -2.67465429126233700D-08 -1.20906565940419200D-07  2.24922647551225000D-07  1.21917664736064600D-03  4.14441896052503100D-02
24  2 -5.92627121441223800D-08  1.59228266728494000D-03  5.41258605526207900D-02  4.78764938339738900D-08  7.89508748320850000D-09
24  3  1.17429334813983100D-08 -1.96380209646067800D-08  2.00142243366200700D-10 -6.52451351980750800D-02 -2.21788320615675500D+00
24  4 -1.40841344551065000D-07 -3.08519395207396300D-03 -1.04875168465682200D-01  5.36564073520606200D-08  7.27294263195184800D-09
24  5  3.32130951046328900D-09 -1.05942521424150300D-08 -2.07343552230184400D-10  4.63227225038167700D-02  1.57465220146809800D+00
24  6 -1.36234008808612500D-10 -2.38299959038684800D-10  1.04399413757380400D-09  3.45648155796695300D-06  1.17496455829439400D-04
24  7 -3.49541433310685800D-11 -2.44657497776875900D-05 -8.31666062154149000D-04  2.41977720316970900D-10  0.00000000000000000D+00
24  8  0.00000000000000000D+00  0.00000000000000000D+00  0.00000000000000000D+00  2.15590293504971600D-07  7.32858010793496200D-06
24  9 -2.69850557394825700D-09  8.79354755915123000D-05  2.98919681012240100D-03 -1.03073033017518900D-09 -1.04972860077841800D-11
24 10 -1.04980020513585800D-11  2.09952880591419900D-11  0.00000000000000000D+00 -7.42526502058424500D-07 -2.52407593657005300D-05
25  1 -2.08826739016313200D-09 -9.45120795593723200D-09  1.75424530390076500D-08  6.08774577199208900D-11  0.00000000000000000D+00
25  2 -4.44180227811915600D-09 -3.42916778979340700D-10  0.00000000000000000D+00  3.76719846036809200D-09 -3.83783605706065900D-07
25  3  3.85204176332937900D-07 -1.42057062691939900D-09  8.66022080612484500D-01  5.99533649563838200D-09 -6.70028792408783200D-11
25  4 -1.09524373191815500D-08  2.95830860462270800D-10  0.00000000000000000D+00  4.15383245529219100D-09  7.70192397534392900D-07
25  5 -7.68634533629210700D-07 -1.55786390500027900D-09 -1.73355450335044700D+00 -4.23680256131481600D-09  4.78314515133923800D-11
25  6 -1.06260553871133900D-11 -1.86219642816720300D-11  8.11968576218622000D-11  0.00000000000000000D+00  0.00000000000000000D+00
25  7  0.00000000000000000D+00  0.00000000000000000D+00  0.00000000000000000D+00  1.77999283863008900D-11  0.00000000000000000D+00
25  8  0.00000000000000000D+00  0.00000000000000000D+00  1.41635153617147200D-08  0.00000000000000000D+00  0.00000000000000000D+00
25  9 -2.09043207274716900D-10  0.00000000000000000D+00  0.00000000000000000D+00 -7.72714329365146300D-11  0.00000000000000000D+00
25 10  0.00000000000000000D+00  0.00000000000000000D+00 -3.20109828303729500D-07  0.00000000000000000D+00  0.00000000000000000D+00
26  1  1.62482149491245900D-08  7.36669196485511600D-08 -1.36272314957650300D-07 -5.93776703059252500D-10  1.82824813167035500D-10
26  2  3.40560104569292100D-08  2.92966043359507500D-09 -2.23707499545363400D-10 -2.89995156032349900D-08  7.50004964660066400D-01
26  3 -7.50004975914864100D-01  1.12548901467192200D-08  4.43535223304403000D-07 -4.93758432962734400D-08  2.47952579395850700D-10
26  4  8.47027680295431400D-08 -2.44377649401560000D-09  2.97660944824767800D-11 -3.21153844534957900D-08 -1.50130830279297500D+00
26  5  1.50130829041688800D+00  1.23757329504710900D-08 -8.88102457461512800D-07  3.48821469159940100D-08 -1.46494724704043300D-10
26  6  8.22175138665406800D-11  1.44127470471634600D-10 -6.27960641378042800D-10  0.00000000000000000D+00  0.00000000000000000D+00
26  7  1.92572247715501600D-11 -1.82963848634081400D-11  0.00000000000000000D+00 -1.37174692394159000D-10  1.22644947790601700D-08
26  8 -1.22675945315015500D-08  0.00000000000000000D+00  0.00000000000000000D+00  0.00000000000000000D+00  0.00000000000000000D+00
26  9  1.61606524948793200D-09  6.63430385407659500D-11  0.00000000000000000D+00  5.96151213060989300D-10 -2.77218225878248500D-07
26 10  2.77230418328636500D-07 -1.21920698557862600D-11  0.00000000000000000D+00  0.00000000000000000D+00  0.00000000000000000D+00
27  1  2.92654464105948300D-01  1.37446049155247500D+00 -2.37336827535875800D+00  1.87768148561258600D-07  1.67864012525285900D-07
27  2  5.84002469729904500D-01 -1.14411771435034400D-07  2.38357829947128800D-08 -5.30285811351192000D-01  7.07593302013878200D-02
27  3  7.07620507746384900D-02 -1.41521380976027000D-01  1.84387094379089000D-07 -4.10973753068806500D-06  2.86174366049981800D-07
27  4  1.33649042204427100D+00 -8.52909345217880200D-08 -2.35265312705608900D-07 -4.88705573149288200D-01 -2.45145486217465000D-01
27  5 -2.45147701949493900D-01  4.90293188166959200D-01 -1.50945648198818100D-07  3.06861895536068300D-06 -5.36931967684394200D-07
27  6  1.27095648813293300D-03  2.26960465329849100D-03 -9.39319091800818100D-03  2.08491507809054000D-10  0.00000000000000000D+00
27  7  1.89622042502338400D-04 -8.60580411894541700D-10 -1.71916735810880200D-09 -1.65711467790442300D-03 -2.10268528866629200D-05
27  8 -2.10268528581886900D-05  4.20537057434759700D-05  0.00000000000000000D+00  0.00000000000000000D+00  1.57132438702643000D-11
27  9  2.35022787166957500D-02  2.63289278395681600D-09  7.19176844708369600D-09  8.21063205700696800D-03  8.87138615312435100D-05
27 10  8.87138611424863800D-05 -1.77427722673729400D-04  0.00000000000000000D+00 -2.99477850983869300D-11 -4.15425845434310900D-11
28  1  2.51535769206081200D-08  1.14114635255686400D-07 -2.10838816461188500D-07 -1.90300892050649300D+00  1.82650559240830500D-01
28  2  5.24790934909116100D-08  2.20302515390039500D+00 -2.11446079750495600D-01 -4.47199601375212700D-08 -4.15905496600642000D-09
28  3 -1.32907907848290500D-08  1.74498457508352500D-08 -6.02074285433103200D-10  2.89319798495171200D-01 -2.77688831452001300D-02
28  4  1.30842106708600300D-07 -1.78416576951157800D-01  1.71244006113063900D-02 -4.96167958074249200D-08 -1.24341005529789600D-08
28  5 -6.82591568738156700D-09  1.92600162403609700D-08  3.71058973138641400D-10 -5.09519608167913800D-01  4.89036320395426300D-02
28  6  1.27103139483784000D-10  2.22827200529873300D-10 -9.70705034621171700D-10 -9.16177722852626500D-06  8.79346496369649700D-07
28  7  2.96992902816610800D-11  2.54121643959031900D-06 -2.43907402084129700D-07 -2.11662050025848200D-10  0.00000000000000000D+00
28  8  0.00000000000000000D+00  0.00000000000000000D+00  0.00000000000000000D+00 -9.65398851558419500D-06  9.26588630756445800D-07
28  9  2.49791412429678400D-09  9.50892500646540600D-04 -9.12665374761440100D-05  9.20172329142806800D-10  0.00000000000000000D+00
28 10  0.00000000000000000D+00 -1.88245747904548600D-11  0.00000000000000000D+00 -7.68653308066407800D-07  7.37751947845071500D-08
29  1 -8.42394405472256100D-10 -3.75898663832018500D-09  7.16711817322493700D-09 -1.82650559497511800D-01 -1.90300892722508400D+00
29  2 -2.08746165766281800D-09  2.11446079388252100D-01  2.20302514412691600D+00  1.62700027741812800D-09 -1.23555846961077700D-10
29  3  2.61975326652673400D-10 -1.38419479691588100D-10 -5.80648170886870500D-11  2.77688975811042300D-02  2.89320196587820100D-01
29  4 -4.62992464759275100D-09 -1.71243999288949000D-02 -1.78416558916515100D-01  1.80790437629614400D-09  3.80306874875396500D-10
29  5  1.26516285663804000D-10 -5.06823160539215400D-10  3.57036450366533900D-11 -4.89036423074745700D-02 -5.09519891989429900D-01
29  6  0.00000000000000000D+00  0.00000000000000000D+00  3.70177297092196300D-11 -8.79347262116480500D-07 -9.16179823999210700D-06
29  7  0.00000000000000000D+00  2.43912808269872500D-07  2.54135985869498200D-06  0.00000000000000000D+00  0.00000000000000000D+00
29  8  0.00000000000000000D+00  0.00000000000000000D+00  0.00000000000000000D+00 -9.26588678401365400D-07 -9.65398977680767800D-06
29  9 -9.60449016223318200D-11  9.12665180461371600D-05  9.50891988389048900D-04 -3.27943179791760200D-11  0.00000000000000000D+00
29 10  0.00000000000000000D+00  0.00000000000000000D+00  0.00000000000000000D+00 -7.37750305138867200D-08 -7.68648921069335200D-07
30  1 -2.07247018740415700D-01 -1.18696743479659200D+00  1.31633116720358800D+00  2.57077566648713800D-08  1.72655515888586000D-08
30  2 -4.63008770183370700D-01 -1.47865239275129900D-08  2.38474176545938900D-09  4.77517969109503800D-01 -1.06244701913746100D+00
30  3 -1.06244667063029500D+00  2.12489368976775600D+00  2.31328251051899600D-08 -5.45554973976862600D-07  3.30336185768533200D-08
30  4 -9.69748314050041900D-02 -1.28169700618734600D-08 -2.41583858028004900D-08 -3.15129035603602200D-02  7.82427668249892600D-01
30  5  7.82427384141917300D-01 -1.56485505239181000D+00 -1.89438395859342500D-08  4.05593863332505900D-07 -5.78724516408595300D-08
30  6 -1.49704884392326500D-04 -4.70888203105671000D-04 -4.05566511132228100D-04  2.78192603547524600D-11  0.00000000000000000D+00
30  7  6.52134167024100600D-04 -1.25132577187199100D-10 -1.76442954917426200D-10 -2.70165439087584200D-03 -1.44980526584520000D-05
30  8 -1.44980526768871800D-05  2.89961053358734000D-05  0.00000000000000000D+00  0.00000000000000000D+00  0.00000000000000000D+00
30  9  4.41274755477925000D-03  3.94728488098956800D-10  7.38857217701929900D-10  6.14686508544517700D-03  2.78021569268990500D-05
30 10  2.78021568978588800D-05 -5.56043138247580100D-05  0.00000000000000000D+00  0.00000000000000000D+00  0.00000000000000000D+00
31  1  1.98824232743526300D-08  8.99916767156382000D-08 -1.67010641296481100D-07  6.99317326302934700D-10  0.00000000000000000D+00
31  2  4.22994783692800500D-08 -4.47814738198132200D-10  0.00000000000000000D+00 -3.58435407346607600D-08  6.12551955989980900D-03
31  3 -6.12553303014415700D-03  1.34702442423165200D-08 -2.36205420293099000D+00 -8.39556845822610500D-09  9.22830705887158100D-11
31  4  1.04251995882507600D-07 -3.06168004726339200D-10  0.00000000000000000D+00 -3.95504656309158500D-08 -4.72814191121248300D-03
31  5  4.72812713706238100D-03  1.47741502578415400D-08  1.82321235953154900D+00  6.10401917213516600D-09 -6.76707946801479800D-11
31  6  1.01214628202070200D-10  1.77369627256552100D-10 -7.73475351811863100D-10  0.00000000000000000D+00  0.00000000000000000D+00
31  7  2.37883235849193600D-11  0.00000000000000000D+00  0.00000000000000000D+00 -1.69469396554784800D-10  6.01827918561888100D-11
31  8 -6.40120810848326700D-11  0.00000000000000000D+00 -2.39453123001722100D-08  0.00000000000000000D+00  0.00000000000000000D+00
31  9  1.99147384637332700D-09  0.00000000000000000D+00  0.00000000000000000D+00  7.35589958528411900D-10 -8.38143094285569700D-10
31 10  8.53185205671143500D-10 -1.50421093308632200D-11  3.26095944578073800D-07  0.00000000000000000D+00  0.00000000000000000D+00
32  1  1.66097196056530000D-07  7.52695718606123700D-07 -1.39366154056510900D-06  5.85046919514773800D-09 -6.65837491535484500D-10
32  2  3.49975928223283400D-07 -3.83603083400852900D-09  7.51901403814906000D-10 -2.97251728046832000D-07  2.04559601053764600D+00
32  3 -2.04559612424159500D+00  1.13703914246865000D-07  7.07315862002956800D-03 -6.83304606963212400D-08  4.29299362493811000D-10
32  4  8.67320501670176500D-07 -2.46903807953404500D-09 -5.42908086832138600D-11 -3.29014450983047100D-07 -1.57894252241793400D+00
32  5  1.57894239742143600D+00  1.24996550344984900D-07 -5.45959971659562600D-03  4.97196317783777300D-08 -4.18807030658320900D-10
32  6  8.42552800279240900D-10  1.47676848472887100D-09 -6.43697447273063100D-09  0.00000000000000000D+00  0.00000000000000000D+00
32  7  1.97415640189313000D-10 -2.31117361931674200D-11  0.00000000000000000D+00 -1.40673065335031900D-09  2.07213001621845500D-08
32  8 -2.07531027118474600D-08  3.18019801394862800D-11  7.17041095450044700D-11  0.00000000000000000D+00  0.00000000000000000D+00
32  9  1.65694177760383000D-08  7.95789334188049300D-11  0.00000000000000000D+00  6.11022124451176900D-09 -2.82343816495580400D-07
32 10  2.82468807865412400D-07 -1.24990683669238800D-10 -9.76492573145130200D-10  0.00000000000000000D+00  0.00000000000000000D+00
 $END   
 POPULATION ANALYSIS
LI           2.99978   0.00022   3.00039  -0.00039
F            9.00022  -0.00022   8.99961   0.00039
 MOMENTS AT POINT    1 X,Y,Z=  0.000000  0.000000 11.385603
 DIPOLE       0.000000  0.000000  0.007634
