 $DATA
 LiF single-point properties R=5.00 Ang                                         
CNV      2

LI          3.0      0.0000000000      0.0000000000      0.0000000000
   S          9
     1      1469.0000000000  0.00076600
     2       220.5000000000  0.00589200
     3        50.2600000000  0.02967100
     4        14.2400000000  0.10918000
     5         4.5810000000  0.28278900
     6         1.5800000000  0.45312300
     7         0.5640000000  0.27477400
     8         0.0734500000  0.00975100
     9         0.0280500000 -0.00318000
   S          9
     1      1469.0000000000 -0.00012000
     2       220.5000000000 -0.00092300
     3        50.2600000000 -0.00468900
     4        14.2400000000 -0.01768200
     5         4.5810000000 -0.04890200
     6         1.5800000000 -0.09600900
     7         0.5640000000 -0.13638000
     8         0.0734500000  0.57510200
     9         0.0280500000  0.51766100
   S          1
     1         0.0280500000  1.00000000
   P          4
     1         1.5340000000  0.02278400
     2         0.2749000000  0.13910700
     3         0.0736200000  0.50037500
     4         0.0240300000  0.50847400
   P          1
     1         0.0240300000  1.00000000
   D          1
     1         0.1144000000  1.00000000
   S          1
     1         0.0086000000  1.00000000
   P          1
     1         0.0058000000  1.00000000
   D          1
     1         0.0733000000  1.00000000
           
F           9.0      0.0000000000      0.0000000000      5.0000000000
   S          8
     1     14710.0000000000  0.00072100
     2      2207.0000000000  0.00555300
     3       502.8000000000  0.02826700
     4       142.6000000000  0.10644400
     5        46.4700000000  0.28681400
     6        16.7000000000  0.44864100
     7         6.3560000000  0.26476100
     8         1.3160000000  0.01533300
   S          8
     1     14710.0000000000 -0.00016500
     2      2207.0000000000 -0.00130800
     3       502.8000000000 -0.00649500
     4       142.6000000000 -0.02669100
     5        46.4700000000 -0.07369000
     6        16.7000000000 -0.17077600
     7         6.3560000000 -0.11232700
     8         1.3160000000  0.56281400
   S          1
     1         0.3897000000  1.00000000
   P          3
     1        22.6700000000  0.04487800
     2         4.9770000000  0.23571800
     3         1.3470000000  0.50852100
   P          1
     1         0.3471000000  1.00000000
   D          1
     1         1.6400000000  1.00000000
   S          1
     1         0.0986300000  1.00000000
   P          1
     1         0.0850200000  1.00000000
   D          1
     1         0.4640000000  1.00000000
           
 $END      
--- RHF ORBITALS --- GENERATED AT  9:39:15  7-MAY-2026    
 LiF single-point properties R=5.00 Ang                                         
E(RHF)=     -106.7708730637, E(NUC)=    2.8575569376,   16 ITERS
 $VEC
 1  1 -3.92841923784394600D-05 -1.89132106979251700D-04  2.11910649273222900D-04  0.00000000000000000D+00  0.00000000000000000D+00
 1  2 -1.06862427275524100D-04  0.00000000000000000D+00  0.00000000000000000D+00  2.59851857260911700D-04  1.23641548404444900D-04
 1  3  1.23641548404488500D-04 -2.47283096808954800D-04  3.08148791101957700D-33  0.00000000000000000D+00  0.00000000000000000D+00
 1  4  7.68872296997222300D-05  0.00000000000000000D+00  0.00000000000000000D+00  2.19676350416151200D-05 -1.68147080757496400D-04
 1  5 -1.68147080757520200D-04  3.36294161514839300D-04 -1.68669333410788400D-33  0.00000000000000000D+00  0.00000000000000000D+00
 1  6 -1.00070563727881800D+00 -5.49155411153017800D-04  3.49016289055882200D-03  0.00000000000000000D+00  0.00000000000000000D+00
 1  7  6.77166760355936100D-05  0.00000000000000000D+00  0.00000000000000000D+00 -7.68895374764389100D-05 -5.33528795924852300D-06
 1  8 -5.33528795185602000D-06  1.06705759110735100D-05  5.22669833319112500D-31  0.00000000000000000D+00  0.00000000000000000D+00
 1  9 -1.26743604476122900D-03  0.00000000000000000D+00  0.00000000000000000D+00  1.52604348221382000D-04  6.02392183696406900D-06
 1 10  6.02392183067870500D-06 -1.20478436676432400D-05 -4.44392065825539300D-31  0.00000000000000000D+00  0.00000000000000000D+00
 2  1 -1.00010937703882600D+00  9.52876215554499700D-04  1.25006238996669400D-03  0.00000000000000000D+00  0.00000000000000000D+00
 2  2  1.78077972631785100D-03  0.00000000000000000D+00  0.00000000000000000D+00 -1.45719539151032000D-03 -1.86410720693969000D-05
 2  3 -1.86410720695083600D-05  3.72821441388154900D-05 -7.88032604881648400D-33  0.00000000000000000D+00  0.00000000000000000D+00
 2  4 -1.32928641469352800D-03  0.00000000000000000D+00  0.00000000000000000D+00  1.59914377832177600D-04 -1.61691242752826800D-05
 2  5 -1.61691242753473000D-05  3.23382485505861700D-05 -4.56862932413187000D-33  0.00000000000000000D+00  0.00000000000000000D+00
 2  6 -2.16546791088315300D-06 -4.89388772825609400D-06  1.77717840036031200D-05  0.00000000000000000D+00  0.00000000000000000D+00
 2  7  1.19315832417801400D-05  0.00000000000000000D+00  0.00000000000000000D+00 -2.97639360550992400D-05 -1.97095006754373000D-06
 2  8 -1.97095006766426700D-06  3.94190013529562800D-06 -8.52221649402650200D-33  0.00000000000000000D+00  0.00000000000000000D+00
 2  9 -3.59354711929535400D-05  0.00000000000000000D+00  0.00000000000000000D+00  1.61574044042569300D-04  7.71156926629218100D-06
 2 10  7.71156926749103700D-06 -1.54231385337831600D-05  8.47623585699973800D-32  0.00000000000000000D+00  0.00000000000000000D+00
 3  1  1.34138302272286000D-04  8.26715541503070300D-04 -6.27259287608622500D-04  0.00000000000000000D+00  0.00000000000000000D+00
 3  2  5.81842631387621800D-04  0.00000000000000000D+00  0.00000000000000000D+00 -1.23271386656830000D-03 -2.48824448822878100D-04
 3  3 -2.48824448822784400D-04  4.97648897645707600D-04  6.62339344936922800D-33  0.00000000000000000D+00  0.00000000000000000D+00
 3  4 -6.86045110711908100D-04  0.00000000000000000D+00  0.00000000000000000D+00 -3.12760472447444500D-04  4.56626284405774900D-04
 3  5  4.56626284405835600D-04 -9.13252568811581000D-04  4.29723118841402000D-33  0.00000000000000000D+00  0.00000000000000000D+00
 3  6 -6.22535649114810700D-03  4.91203638692607000D-01  5.54113068451755800D-01  0.00000000000000000D+00  0.00000000000000000D+00
 3  7 -1.04115882785745300D-03  0.00000000000000000D+00  0.00000000000000000D+00 -2.49170538320808700D-03  1.81190022351696600D-05
 3  8  1.81190022343837200D-05 -3.62380044698390600D-05 -5.55677808729750400D-32  0.00000000000000000D+00  0.00000000000000000D+00
 3  9  5.66994438738473900D-02  0.00000000000000000D+00  0.00000000000000000D+00 -2.10942734439835400D-03 -2.19141788428058500D-04
 3 10 -2.19141788419279000D-04  4.38283576847339700D-04  6.20730230341544200D-31  0.00000000000000000D+00  0.00000000000000000D+00
 4  1  0.00000000000000000D+00  0.00000000000000000D+00  0.00000000000000000D+00  1.01254166836647500D-19  1.65366064810298900D-03
 4  2  0.00000000000000000D+00  1.66539154539641000D-19  2.71988062155353900D-03  0.00000000000000000D+00  0.00000000000000000D+00
 4  3  0.00000000000000000D+00  0.00000000000000000D+00  0.00000000000000000D+00 -1.82274887334555200D-19 -2.97687312768905000D-03
 4  4  0.00000000000000000D+00 -2.79136415819180100D-21 -4.55879417819299300D-05  0.00000000000000000D+00  0.00000000000000000D+00
 4  5  0.00000000000000000D+00  0.00000000000000000D+00  0.00000000000000000D+00  3.43915880410862400D-19  5.61675806004752500D-03
 4  6  0.00000000000000000D+00  0.00000000000000000D+00  0.00000000000000000D+00  3.85605762361378600D-17  6.29762798727579800D-01
 4  7  0.00000000000000000D+00  2.74379433373373200D-17  4.48110419347326800D-01  0.00000000000000000D+00  0.00000000000000000D+00
 4  8  0.00000000000000000D+00  0.00000000000000000D+00  0.00000000000000000D+00 -6.70348084241422700D-21 -1.09479765828269300D-04
 4  9  0.00000000000000000D+00  9.41326760184344400D-18  1.53735403584371500D-01  0.00000000000000000D+00  0.00000000000000000D+00
 4 10  0.00000000000000000D+00  0.00000000000000000D+00  0.00000000000000000D+00 -1.93872858653184400D-19 -3.16628862896304500D-03
 5  1  0.00000000000000000D+00  0.00000000000000000D+00  0.00000000000000000D+00  1.65366064810662500D-03 -1.01254166836870200D-19
 5  2  0.00000000000000000D+00  2.71988062155029100D-03 -1.66539154539442200D-19  0.00000000000000000D+00  0.00000000000000000D+00
 5  3  0.00000000000000000D+00  0.00000000000000000D+00  0.00000000000000000D+00 -2.97687312768952100D-03  1.82274887334584000D-19
 5  4  0.00000000000000000D+00 -4.55879417809584900D-05  2.79136415813231900D-21  0.00000000000000000D+00  0.00000000000000000D+00
 5  5  0.00000000000000000D+00  0.00000000000000000D+00  0.00000000000000000D+00  5.61675806004693600D-03 -3.43915880410826300D-19
 5  6  0.00000000000000000D+00  0.00000000000000000D+00  0.00000000000000000D+00  6.29762798727575700D-01 -3.85605762361376100D-17
 5  7  0.00000000000000000D+00  4.48110419347330400D-01 -2.74379433373375400D-17  0.00000000000000000D+00  0.00000000000000000D+00
 5  8  0.00000000000000000D+00  0.00000000000000000D+00  0.00000000000000000D+00 -1.09479765827971800D-04  6.70348084239601100D-21
 5  9  0.00000000000000000D+00  1.53735403584370800D-01 -9.41326760184339600D-18  0.00000000000000000D+00  0.00000000000000000D+00
 5 10  0.00000000000000000D+00  0.00000000000000000D+00  0.00000000000000000D+00 -3.16628862896277900D-03  1.93872858653168100D-19
 6  1  1.91973590512484500D-03 -1.43841380302736100D-02 -1.03643238500014400D-02  0.00000000000000000D+00  0.00000000000000000D+00
 6  2 -1.69395154400068500D-02  0.00000000000000000D+00  0.00000000000000000D+00 -1.29126954402238000D-03 -3.18751126058578600D-03
 6  3 -3.18751126058445400D-03  6.37502252117024300D-03  9.41779742805358300D-32  0.00000000000000000D+00  0.00000000000000000D+00
 6  4  2.94788256949382600D-04  0.00000000000000000D+00  0.00000000000000000D+00  6.64639856596392600D-04  6.48240634636944500D-03
 6  5  6.48240634636586300D-03 -1.29648126927352400D-02 -2.53259787686921500D-31  0.00000000000000000D+00  0.00000000000000000D+00
 6  6  1.86750352484107700D-04  5.24465689638487300D-03  1.17594670666464600D-02  0.00000000000000000D+00  0.00000000000000000D+00
 6  7  6.25742077408321700D-01  0.00000000000000000D+00  0.00000000000000000D+00  4.46722013245635000D-01  5.95170093181997800D-05
 6  8  5.95170093099898000D-05 -1.19034018628364200D-04 -5.80468514390852100D-31  0.00000000000000000D+00  0.00000000000000000D+00
 6  9 -1.59454476069618000D-02  0.00000000000000000D+00  0.00000000000000000D+00  1.56921213253328600D-01  1.97604310187218500D-03
 6 10  1.97604310186311700D-03 -3.95208620373530100D-03 -6.41118004362206000D-31  0.00000000000000000D+00  0.00000000000000000D+00
 7  1 -1.05885932095720200D-02  8.71652271389610000D-01  4.79208059512041400D-02  0.00000000000000000D+00  0.00000000000000000D+00
 7  2 -2.74466621194451100D-01  0.00000000000000000D+00  0.00000000000000000D+00 -2.53513020244661400D-02 -1.57883911084833600D-03
 7  3 -1.57883911083863200D-03  3.15767822168712800D-03  6.86088468563647900D-31  0.00000000000000000D+00  0.00000000000000000D+00
 7  4  5.52544625958480700D-02  0.00000000000000000D+00  0.00000000000000000D+00  4.44419065189244300D-04  3.62981173835201200D-03
 7  5  3.62981173832835000D-03 -7.25962347668036500D-03 -1.67295904619197200D-30  0.00000000000000000D+00  0.00000000000000000D+00
 7  6  2.00800104479476400D-05 -1.13588145777174900D-03 -2.08430613185509000D-03  0.00000000000000000D+00  0.00000000000000000D+00
 7  7  1.78019929493881700D-02  0.00000000000000000D+00  0.00000000000000000D+00  1.27192208510581800D-02 -4.14393521005377400D-05
 7  8 -4.14393520977608800D-05  8.28787041987043300D-05  1.96331254553434600D-31  0.00000000000000000D+00  0.00000000000000000D+00
 7  9  1.73569983295519800D-03  0.00000000000000000D+00  0.00000000000000000D+00  6.18319204544456900D-03  5.61068628507522100D-05
 7 10  5.61068628441407500D-05 -1.12213725694891700D-04 -4.67448023943471500D-31  0.00000000000000000D+00  0.00000000000000000D+00
 8  1  0.00000000000000000D+00  0.00000000000000000D+00  0.00000000000000000D+00 -5.27109153067640900D-17 -8.60863005360652200D-01
 8  2  0.00000000000000000D+00 -5.62844769204949100D-18 -9.19225622908350100D-02  0.00000000000000000D+00  0.00000000000000000D+00
 8  3  0.00000000000000000D+00  0.00000000000000000D+00  0.00000000000000000D+00 -4.06906875241970400D-18 -6.64551304950995000D-02
 8  4  0.00000000000000000D+00 -6.85395118611200400D-18 -1.11937214186725300D-01  0.00000000000000000D+00  0.00000000000000000D+00
 8  5  0.00000000000000000D+00  0.00000000000000000D+00  0.00000000000000000D+00  1.11478202381797300D-17  1.82063733433750700D-01
 8  6  0.00000000000000000D+00  0.00000000000000000D+00  0.00000000000000000D+00  5.36309416978624300D-19  8.75888672804343800D-03
 8  7  0.00000000000000000D+00  1.62011965935197500D-20  2.64594357900410600D-04  0.00000000000000000D+00  0.00000000000000000D+00
 8  8  0.00000000000000000D+00  0.00000000000000000D+00  0.00000000000000000D+00  1.52992520776910700D-20  2.49863999642617300D-04
 8  9  0.00000000000000000D+00  1.85297829812646000D-18  3.02624315534986100D-02  0.00000000000000000D+00  0.00000000000000000D+00
 8 10  0.00000000000000000D+00  0.00000000000000000D+00  0.00000000000000000D+00 -3.99792665846023300D-20 -6.52932535582795300D-04
 9  1  0.00000000000000000D+00  0.00000000000000000D+00  0.00000000000000000D+00 -8.60863005360655300D-01  5.27109153067642800D-17
 9  2  0.00000000000000000D+00 -9.19225622908311200D-02  5.62844769204925300D-18  0.00000000000000000D+00  0.00000000000000000D+00
 9  3  0.00000000000000000D+00  0.00000000000000000D+00  0.00000000000000000D+00 -6.64551304950986300D-02  4.06906875241965000D-18
 9  4  0.00000000000000000D+00 -1.11937214186724600D-01  6.85395118611196400D-18  0.00000000000000000D+00  0.00000000000000000D+00
 9  5  0.00000000000000000D+00  0.00000000000000000D+00  0.00000000000000000D+00  1.82063733433750200D-01 -1.11478202381797000D-17
 9  6  0.00000000000000000D+00  0.00000000000000000D+00  0.00000000000000000D+00  8.75888672804384800D-03 -5.36309416978649500D-19
 9  7  0.00000000000000000D+00  2.64594357900854700D-04 -1.62011965935469400D-20  0.00000000000000000D+00  0.00000000000000000D+00
 9  8  0.00000000000000000D+00  0.00000000000000000D+00  0.00000000000000000D+00  2.49863999642586900D-04 -1.52992520776892100D-20
 9  9  0.00000000000000000D+00  3.02624315534986300D-02 -1.85297829812646100D-18  0.00000000000000000D+00  0.00000000000000000D+00
 9 10  0.00000000000000000D+00  0.00000000000000000D+00  0.00000000000000000D+00 -6.52932535582777100D-04  3.99792665846012100D-20
10  1  2.57011726151852100D-02  5.77576930791898400D-01  1.22050508300278700D-01  0.00000000000000000D+00  0.00000000000000000D+00
10  2  5.32517731182202900D-01  0.00000000000000000D+00  0.00000000000000000D+00  1.44592581345969900D-01 -3.86825746696394000D-02
10  3 -3.86825746696103900D-02  7.73651493392499000D-02  2.05111539077240600D-30  0.00000000000000000D+00  0.00000000000000000D+00
10  4 -6.42829986200139200D-01  0.00000000000000000D+00  0.00000000000000000D+00  3.07714108187086500D-01  1.10661023988041200D-01
10  5  1.10661023987858500D-01 -2.21322047975899800D-01 -1.29160565790385600D-29  0.00000000000000000D+00  0.00000000000000000D+00
10  6 -2.67185148048612500D-03 -8.80444815457076500D-03  1.43297234318537400D-02  0.00000000000000000D+00  0.00000000000000000D+00
10  7  2.72089455505871200D-02  0.00000000000000000D+00  0.00000000000000000D+00  1.72012900193588200D-02 -1.05722118359453400D-04
10  8 -1.05722118367600300D-04  2.11444236727067700D-04 -5.76012544445303100D-31  0.00000000000000000D+00  0.00000000000000000D+00
10  9 -7.26966755639367100D-02  0.00000000000000000D+00  0.00000000000000000D+00  3.54669822340476200D-02  1.42476882560417200D-04
10 10  1.42476882562622500D-04 -2.84953765123038400D-04  1.55917570693068200D-31  0.00000000000000000D+00  0.00000000000000000D+00
11  1 -3.86143929662482500D-02 -1.02016738434487200D-01  6.73872344730314700D-01  0.00000000000000000D+00  0.00000000000000000D+00
11  2 -8.09305250672541600D-01  0.00000000000000000D+00  0.00000000000000000D+00  6.48906129151503900D-02  2.73250560234564300D-02
11  3  2.73250560235156800D-02 -5.46501120469720900D-02  4.18889762904223800D-30  0.00000000000000000D+00  0.00000000000000000D+00
11  4 -1.02629713326242900D+00  0.00000000000000000D+00  0.00000000000000000D+00  5.38751947998050600D-01 -9.18987070614584500D-02
11  5 -9.18987070618203600D-02  1.83797414123279100D-01 -2.55886756131065700D-29  0.00000000000000000D+00  0.00000000000000000D+00
11  6  2.11398216940963900D-03  7.37890794690485700D-03 -1.08158614572513600D-02  0.00000000000000000D+00  0.00000000000000000D+00
11  7 -2.35671343356087200D-02  0.00000000000000000D+00  0.00000000000000000D+00 -1.18089594103277300D-02 -1.11788534436752500D-05
11  8 -1.11788534092851100D-05  2.23577068531947700D-05  2.43147470580582900D-30  0.00000000000000000D+00  0.00000000000000000D+00
11  9  6.40970812480362900D-02  0.00000000000000000D+00  0.00000000000000000D+00 -4.31403510337944000D-02  1.85332545081674000D-04
11 10  1.85332545050373500D-04 -3.70665090132043800D-04 -2.21302892305014900D-30  0.00000000000000000D+00  0.00000000000000000D+00
12  1  0.00000000000000000D+00  0.00000000000000000D+00  0.00000000000000000D+00  2.49289515969272800D-17  4.07134121411607400D-01
12  2  0.00000000000000000D+00  9.76640087881056900D-18  1.59502698125427700D-01  0.00000000000000000D+00  0.00000000000000000D+00
12  3  0.00000000000000000D+00  0.00000000000000000D+00  0.00000000000000000D+00 -1.87415000231163600D-19 -3.06082031415537200D-03
12  4  0.00000000000000000D+00 -6.83777098419744400D-17 -1.11672962709276100D+00  0.00000000000000000D+00  0.00000000000000000D+00
12  5  0.00000000000000000D+00  0.00000000000000000D+00  0.00000000000000000D+00 -1.78947190873317200D-18 -2.92252592540888500D-02
12  6  0.00000000000000000D+00  0.00000000000000000D+00  0.00000000000000000D+00  3.34657494681757300D-19  5.46555215293775300D-03
12  7  0.00000000000000000D+00 -2.03990626496084100D-19 -3.33152977459844100D-03  0.00000000000000000D+00  0.00000000000000000D+00
12  8  0.00000000000000000D+00  0.00000000000000000D+00  0.00000000000000000D+00 -4.20953414216279200D-21 -6.87491801593798200D-05
12  9  0.00000000000000000D+00  2.01276345590149700D-18  3.28720073943604100D-02  0.00000000000000000D+00  0.00000000000000000D+00
12 10  0.00000000000000000D+00  0.00000000000000000D+00  0.00000000000000000D+00  8.46942805487087800D-21  1.38320824948117600D-04
13  1  0.00000000000000000D+00  0.00000000000000000D+00  0.00000000000000000D+00  4.07134121411635700D-01 -2.49289515969290100D-17
13  2  0.00000000000000000D+00  1.59502698125391400D-01 -9.76640087880834200D-18  0.00000000000000000D+00  0.00000000000000000D+00
13  3  0.00000000000000000D+00  0.00000000000000000D+00  0.00000000000000000D+00 -3.06082031415635600D-03  1.87415000231223900D-19
13  4  0.00000000000000000D+00 -1.11672962709275300D+00  6.83777098419739500D-17  0.00000000000000000D+00  0.00000000000000000D+00
13  5  0.00000000000000000D+00  0.00000000000000000D+00  0.00000000000000000D+00 -2.92252592540895000D-02  1.78947190873321100D-18
13  6  0.00000000000000000D+00  0.00000000000000000D+00  0.00000000000000000D+00  5.46555215293809000D-03 -3.34657494681777900D-19
13  7  0.00000000000000000D+00 -3.33152977459842700D-03  2.03990626496083300D-19  0.00000000000000000D+00  0.00000000000000000D+00
13  8  0.00000000000000000D+00  0.00000000000000000D+00  0.00000000000000000D+00 -6.87491801595075400D-05  4.20953414217061200D-21
13  9  0.00000000000000000D+00  3.28720073943613200D-02 -2.01276345590155200D-18  0.00000000000000000D+00  0.00000000000000000D+00
13 10  0.00000000000000000D+00  0.00000000000000000D+00  0.00000000000000000D+00  1.38320824948141900D-04 -8.46942805487236500D-21
14  1  6.26572811879996700D-02  5.73797156470649800D-01 -5.00824088661007800D-02  0.00000000000000000D+00  0.00000000000000000D+00
14  2 -1.83032182953162300D-01  0.00000000000000000D+00  0.00000000000000000D+00  5.88917130152007300D-01  2.51947806247773200D-02
14  3  2.51947806248531800D-02 -5.03895612496303300D-02  5.36371489511845200D-30  0.00000000000000000D+00  0.00000000000000000D+00
14  4 -7.80541005789254700D-01  0.00000000000000000D+00  0.00000000000000000D+00 -1.01983810947079800D+00 -3.88436287891486600D-02
14  5 -3.88436287892259300D-02  7.76872575783746600D-02 -5.46270769425995600D-30  0.00000000000000000D+00  0.00000000000000000D+00
14  6  5.93785550223064800D-03  1.69821640561214300D-02 -3.55055394615653900D-02  0.00000000000000000D+00  0.00000000000000000D+00
14  7  5.69674218256318500D-03  0.00000000000000000D+00  0.00000000000000000D+00 -1.23787581570284300D-02 -2.59068313178465800D-04
14  8 -2.59068313185733900D-04  5.18136626364517700D-04 -5.13868201817895600D-31  0.00000000000000000D+00  0.00000000000000000D+00
14  9  1.59028888913862500D-01  0.00000000000000000D+00  0.00000000000000000D+00  7.41675657767163800D-02  7.31921177508180000D-04
14 10  7.31921177502709100D-04 -1.46384235501103900D-03 -3.86804973736947700D-31  0.00000000000000000D+00  0.00000000000000000D+00
15  1  0.00000000000000000D+00  0.00000000000000000D+00  0.00000000000000000D+00  1.99974276417999600D+00 -1.22444884751257300D-16
15  2  0.00000000000000000D+00 -2.43048874072982100D+00  1.48819597739574400D-16  0.00000000000000000D+00  0.00000000000000000D+00
15  3  0.00000000000000000D+00  0.00000000000000000D+00  0.00000000000000000D+00 -1.91641855644747100D-01  1.17342917040434100D-17
15  4  0.00000000000000000D+00  5.44595660432529600D-01 -3.33457653014884800D-17  0.00000000000000000D+00  0.00000000000000000D+00
15  5  0.00000000000000000D+00  0.00000000000000000D+00  0.00000000000000000D+00  3.20441417897971500D-01 -1.96207298192853800D-17
15  6  0.00000000000000000D+00  0.00000000000000000D+00  0.00000000000000000D+00  4.65996977966474400D-03 -2.85331430039885500D-19
15  7  0.00000000000000000D+00 -2.54235072875296300D-03  1.55668942803791500D-19  0.00000000000000000D+00  0.00000000000000000D+00
15  8  0.00000000000000000D+00  0.00000000000000000D+00  0.00000000000000000D+00  4.82355534942239700D-04 -2.95347826445829200D-20
15  9  0.00000000000000000D+00  3.49708599696326000D-02 -2.14127686587223600D-18  0.00000000000000000D+00  0.00000000000000000D+00
15 10  0.00000000000000000D+00  0.00000000000000000D+00  0.00000000000000000D+00 -1.54259129516070000D-03  9.44533550702441700D-20
16  1  0.00000000000000000D+00  0.00000000000000000D+00  0.00000000000000000D+00  1.22444884751257700D-16  1.99974276418000200D+00
16  2  0.00000000000000000D+00 -1.48819597739573600D-16 -2.43048874072980900D+00  0.00000000000000000D+00  0.00000000000000000D+00
16  3  0.00000000000000000D+00  0.00000000000000000D+00  0.00000000000000000D+00 -1.17342917040446500D-17 -1.91641855644767400D-01
16  4  0.00000000000000000D+00  3.33457653014873100D-17  5.44595660432510500D-01  0.00000000000000000D+00  0.00000000000000000D+00
16  5  0.00000000000000000D+00  0.00000000000000000D+00  0.00000000000000000D+00  1.96207298192884200D-17  3.20441417898021100D-01
16  6  0.00000000000000000D+00  0.00000000000000000D+00  0.00000000000000000D+00  2.85331430039876900D-19  4.65996977966460500D-03
16  7  0.00000000000000000D+00 -1.55668942803924900D-19 -2.54235072875514200D-03  0.00000000000000000D+00  0.00000000000000000D+00
16  8  0.00000000000000000D+00  0.00000000000000000D+00  0.00000000000000000D+00  2.95347826445667800D-20  4.82355534941976000D-04
16  9  0.00000000000000000D+00  2.14127686587249400D-18  3.49708599696368200D-02  0.00000000000000000D+00  0.00000000000000000D+00
16 10  0.00000000000000000D+00  0.00000000000000000D+00  0.00000000000000000D+00 -9.44533550702091200D-20 -1.54259129516012800D-03
17  1 -2.22325178862178700D-01 -1.14367414267849900D+00  1.65347927867133600D+00  0.00000000000000000D+00  0.00000000000000000D+00
17  2  1.90840702813853900D+00  0.00000000000000000D+00  0.00000000000000000D+00 -2.29486832072362000D+00  9.98669574315937300D-02
17  3  9.98669574313649200D-02 -1.99733914862958300D-01 -1.61778115328527800D-29  0.00000000000000000D+00  0.00000000000000000D+00
17  4 -6.60070978287437100D-01  0.00000000000000000D+00  0.00000000000000000D+00  3.67783601217141300D-01 -1.76898118400981200D-01
17  5 -1.76898118400554800D-01  3.53796236801536300D-01  3.01446554895490200D-29  0.00000000000000000D+00  0.00000000000000000D+00
17  6  6.40266939986322600D-03  1.48659384823739000D-02 -4.69360063336226800D-02  0.00000000000000000D+00  0.00000000000000000D+00
17  7  3.72052965110228500D-03  0.00000000000000000D+00  0.00000000000000000D+00  1.62596574324242700D-02 -3.56558381927748100D-05
17  8 -3.56558381875582300D-05  7.13116763800574900D-05  3.68826492937731300D-31  0.00000000000000000D+00  0.00000000000000000D+00
17  9  2.06729928595908400D-01  0.00000000000000000D+00  0.00000000000000000D+00 -1.01423504338427700D-01 -6.01030848252242800D-04
17 10 -6.01030848257329700D-04  1.20206169650964700D-03 -3.59661398583240100D-31  0.00000000000000000D+00  0.00000000000000000D+00
18  1  0.00000000000000000D+00  0.00000000000000000D+00  0.00000000000000000D+00  0.00000000000000000D+00  0.00000000000000000D+00
18  2  0.00000000000000000D+00  0.00000000000000000D+00  0.00000000000000000D+00  0.00000000000000000D+00  5.79839547755102400D-17
18  3 -5.79839547755102400D-17  0.00000000000000000D+00  5.46739804081982400D-01  0.00000000000000000D+00  0.00000000000000000D+00
18  4  0.00000000000000000D+00  0.00000000000000000D+00  0.00000000000000000D+00  0.00000000000000000D+00 -1.56725896547531200D-16
18  5  1.56725896547531200D-16  0.00000000000000000D+00 -1.47779306024778200D+00  0.00000000000000000D+00  0.00000000000000000D+00
18  6  0.00000000000000000D+00  0.00000000000000000D+00  0.00000000000000000D+00  0.00000000000000000D+00  0.00000000000000000D+00
18  7  0.00000000000000000D+00  0.00000000000000000D+00  0.00000000000000000D+00  0.00000000000000000D+00  7.43853936468474100D-22
18  8 -7.43853936468474100D-22  0.00000000000000000D+00  7.01391543686416600D-06  0.00000000000000000D+00  0.00000000000000000D+00
18  9  0.00000000000000000D+00  0.00000000000000000D+00  0.00000000000000000D+00  0.00000000000000000D+00 -2.72041813544796000D-20
18 10  2.72041813544796000D-20  0.00000000000000000D+00 -2.56512492836049600D-04  0.00000000000000000D+00  0.00000000000000000D+00
19  1  0.00000000000000000D+00  0.00000000000000000D+00  0.00000000000000000D+00  0.00000000000000000D+00  0.00000000000000000D+00
19  2  0.00000000000000000D+00  0.00000000000000000D+00  0.00000000000000000D+00  0.00000000000000000D+00 -4.73490559593714400D-01
19  3  4.73490559593544400D-01  0.00000000000000000D+00  6.69541037964283300D-17  0.00000000000000000D+00  0.00000000000000000D+00
19  4  0.00000000000000000D+00  0.00000000000000000D+00  0.00000000000000000D+00  0.00000000000000000D+00  1.27980633170994800D+00
19  5 -1.27980633170964000D+00  0.00000000000000000D+00 -1.80971477121244500D-16  0.00000000000000000D+00  0.00000000000000000D+00
19  6  0.00000000000000000D+00  0.00000000000000000D+00  0.00000000000000000D+00  0.00000000000000000D+00  0.00000000000000000D+00
19  7  0.00000000000000000D+00  0.00000000000000000D+00  0.00000000000000000D+00  0.00000000000000000D+00 -6.07422895052224700D-06
19  8  6.07422895018080500D-06  0.00000000000000000D+00  8.58928541202910700D-22  0.00000000000000000D+00  0.00000000000000000D+00
19  9  0.00000000000000000D+00  0.00000000000000000D+00  0.00000000000000000D+00  0.00000000000000000D+00  2.22146335194977900D-04
19 10 -2.22146335193875100D-04  0.00000000000000000D+00 -3.14126828576455300D-20  0.00000000000000000D+00  0.00000000000000000D+00
20  1  0.00000000000000000D+00  0.00000000000000000D+00  0.00000000000000000D+00 -2.03557580826443900D-01  1.24638953424387600D-17
20  2  0.00000000000000000D+00  4.12458663222247700D-01 -2.52549749835524300D-17  0.00000000000000000D+00  0.00000000000000000D+00
20  3  0.00000000000000000D+00  0.00000000000000000D+00  0.00000000000000000D+00 -4.83100093045018300D-01  2.95803721737555500D-17
20  4  0.00000000000000000D+00 -1.07224130940284000D-01  6.56536760162771700D-18  0.00000000000000000D+00  0.00000000000000000D+00
20  5  0.00000000000000000D+00  0.00000000000000000D+00  0.00000000000000000D+00  1.40112615191206000D+00 -8.57913994069103000D-17
20  6  0.00000000000000000D+00  0.00000000000000000D+00  0.00000000000000000D+00 -2.14769481712545600D-02  1.31504035956161100D-18
20  7  0.00000000000000000D+00 -2.23909606529153200D-02  1.37100563418734800D-18  0.00000000000000000D+00  0.00000000000000000D+00
20  8  0.00000000000000000D+00  0.00000000000000000D+00  0.00000000000000000D+00 -2.56079981282759700D-04  1.56798586082791500D-20
20  9  0.00000000000000000D+00  1.30778885285931200D-02 -8.00763269334795700D-19  0.00000000000000000D+00  0.00000000000000000D+00
20 10  0.00000000000000000D+00  0.00000000000000000D+00  0.00000000000000000D+00 -9.18635405540175300D-04  5.62483377235347500D-20
21  1  0.00000000000000000D+00  0.00000000000000000D+00  0.00000000000000000D+00 -1.24638953424430800D-17 -2.03557580826514400D-01
21  2  0.00000000000000000D+00  2.52549749835573500D-17  4.12458663222328000D-01  0.00000000000000000D+00  0.00000000000000000D+00
21  3  0.00000000000000000D+00  0.00000000000000000D+00  0.00000000000000000D+00 -2.95803721737554600D-17 -4.83100093045016800D-01
21  4  0.00000000000000000D+00 -6.56536760162846600D-18 -1.07224130940296200D-01  0.00000000000000000D+00  0.00000000000000000D+00
21  5  0.00000000000000000D+00  0.00000000000000000D+00  0.00000000000000000D+00  8.57913994069099500D-17  1.40112615191205400D+00
21  6  0.00000000000000000D+00  0.00000000000000000D+00  0.00000000000000000D+00 -1.31504035956168000D-18 -2.14769481712556800D-02
21  7  0.00000000000000000D+00 -1.37100563418744400D-18 -2.23909606529169000D-02  0.00000000000000000D+00  0.00000000000000000D+00
21  8  0.00000000000000000D+00  0.00000000000000000D+00  0.00000000000000000D+00 -1.56798586082659400D-20 -2.56079981282544000D-04
21  9  0.00000000000000000D+00  8.00763269334921700D-19  1.30778885285951800D-02  0.00000000000000000D+00  0.00000000000000000D+00
21 10  0.00000000000000000D+00  0.00000000000000000D+00  0.00000000000000000D+00 -5.62483377235292200D-20 -9.18635405540085100D-04
22  1 -4.91609177294955300D-01 -2.71456648328655300D+00  3.38805108896437800D+00  0.00000000000000000D+00  0.00000000000000000D+00
22  2 -1.43204330162032000D-01  0.00000000000000000D+00  0.00000000000000000D+00  3.79930855522128800D-02 -2.02632597176276600D-01
22  3 -2.02632597176597600D-01  4.05265194352874100D-01 -2.26920769767481700D-29  0.00000000000000000D+00  0.00000000000000000D+00
22  4 -8.49941767979326900D-01  0.00000000000000000D+00  0.00000000000000000D+00 -7.16428969461417500D-02  5.62957544843472400D-01
22  5  5.62957544844349500D-01 -1.12591508968782200D+00  6.20118627213579700D-29  0.00000000000000000D+00  0.00000000000000000D+00
22  6  9.42852046640357900D-04  1.17586137607338800D-02  1.29207368593390900D-02  0.00000000000000000D+00  0.00000000000000000D+00
22  7 -2.43559307158391900D-02  0.00000000000000000D+00  0.00000000000000000D+00 -1.29703850311552500D-02  2.21395717846455400D-04
22  8  2.21395717854893400D-04 -4.42791435701275800D-04  5.96589902194865500D-31  0.00000000000000000D+00  0.00000000000000000D+00
22  9  2.13775645694521100D-02  0.00000000000000000D+00  0.00000000000000000D+00 -1.06135127752690800D-02  1.18642238860577800D-04
22 10  1.18642238866797400D-04 -2.37284477727370400D-04  4.39740963817753700D-31  0.00000000000000000D+00  0.00000000000000000D+00
23  1 -5.83418314272699500D-01 -3.15221319388078500D+00  3.92458185687640000D+00  0.00000000000000000D+00  0.00000000000000000D+00
23  2 -6.12899646675865600D-01  0.00000000000000000D+00  0.00000000000000000D+00  1.04060698057659900D+00  6.00782316121036300D-02
23  3  6.00782316119606600D-02 -1.20156463224065100D-01 -1.01080507201219700D-29  0.00000000000000000D+00  0.00000000000000000D+00
23  4 -7.78790489169888900D-01  0.00000000000000000D+00  0.00000000000000000D+00 -2.59376710103748900D-01 -3.52084879267574500D-01
23  5 -3.52084879267195200D-01  7.04169758534770000D-01  2.68151078016923600D-29  0.00000000000000000D+00  0.00000000000000000D+00
23  6 -9.60956942932252000D-04 -2.09963200350964100D-02 -3.00979918896584200D-02  0.00000000000000000D+00  0.00000000000000000D+00
23  7  6.26428702243078900D-02  0.00000000000000000D+00  0.00000000000000000D+00  3.37845537663913600D-02 -7.48387111577398900D-04
23  8 -7.48387111562525800D-04  1.49677422314044100D-03  1.05156978669758300D-30  0.00000000000000000D+00  0.00000000000000000D+00
23  9 -5.42717224673253900D-02  0.00000000000000000D+00  0.00000000000000000D+00  1.37931639186841400D-01  1.53452499293935600D-03
23 10  1.53452499290803100D-03 -3.06904998584738800D-03 -2.21472313954810200D-30  0.00000000000000000D+00  0.00000000000000000D+00
24  1  0.00000000000000000D+00  0.00000000000000000D+00  0.00000000000000000D+00  9.38067789763733000D-19  1.53203155746453800D-02
24  2  0.00000000000000000D+00  1.40447379977716300D-18  2.29375553277731100D-02  0.00000000000000000D+00  0.00000000000000000D+00
24  3  0.00000000000000000D+00  0.00000000000000000D+00  0.00000000000000000D+00  9.34333341036929100D-17  1.52593253843667300D+00
24  4  0.00000000000000000D+00  1.61054100952872600D-18  2.63029994006110900D-02  0.00000000000000000D+00  0.00000000000000000D+00
24  5  0.00000000000000000D+00  0.00000000000000000D+00  0.00000000000000000D+00 -7.20820637141689300D-17 -1.17722831486507300D+00
24  6  0.00000000000000000D+00  0.00000000000000000D+00  0.00000000000000000D+00  9.56263800827348600D-18  1.56174888010755800D-01
24  7  0.00000000000000000D+00  1.98464843095627000D-17  3.24128390280119700D-01  0.00000000000000000D+00  0.00000000000000000D+00
24  8  0.00000000000000000D+00  0.00000000000000000D+00  0.00000000000000000D+00 -2.55451157858907200D-20 -4.17197178606112300D-04
24  9  0.00000000000000000D+00 -5.03828037909273500D-17 -8.22840803229004100D-01  0.00000000000000000D+00  0.00000000000000000D+00
24 10  0.00000000000000000D+00  0.00000000000000000D+00  0.00000000000000000D+00  1.94250218780727700D-19  3.17245159106699700D-03
25  1  0.00000000000000000D+00  0.00000000000000000D+00  0.00000000000000000D+00  1.53203155746371500D-02 -9.38067789763229000D-19
25  2  0.00000000000000000D+00  2.29375553277827600D-02 -1.40447379977775500D-18  0.00000000000000000D+00  0.00000000000000000D+00
25  3  0.00000000000000000D+00  0.00000000000000000D+00  0.00000000000000000D+00  1.52593253843663100D+00 -9.34333341036903700D-17
25  4  0.00000000000000000D+00  2.63029994006106200D-02 -1.61054100952869700D-18  0.00000000000000000D+00  0.00000000000000000D+00
25  5  0.00000000000000000D+00  0.00000000000000000D+00  0.00000000000000000D+00 -1.17722831486504000D+00  7.20820637141668700D-17
25  6  0.00000000000000000D+00  0.00000000000000000D+00  0.00000000000000000D+00  1.56174888010758400D-01 -9.56263800827364600D-18
25  7  0.00000000000000000D+00  3.24128390280127900D-01 -1.98464843095631900D-17  0.00000000000000000D+00  0.00000000000000000D+00
25  8  0.00000000000000000D+00  0.00000000000000000D+00  0.00000000000000000D+00 -4.17197178606167300D-04  2.55451157858940800D-20
25  9  0.00000000000000000D+00 -8.22840803229021600D-01  5.03828037909284200D-17  0.00000000000000000D+00  0.00000000000000000D+00
25 10  0.00000000000000000D+00  0.00000000000000000D+00  0.00000000000000000D+00  3.17245159106759000D-03 -1.94250218780764100D-19
26  1  0.00000000000000000D+00  0.00000000000000000D+00  0.00000000000000000D+00  0.00000000000000000D+00  0.00000000000000000D+00
26  2  0.00000000000000000D+00  0.00000000000000000D+00  0.00000000000000000D+00  0.00000000000000000D+00 -2.60435517695724700D-16
26  3  2.60435517695724700D-16  0.00000000000000000D+00 -2.45568734440806700D+00  0.00000000000000000D+00  0.00000000000000000D+00
26  4  0.00000000000000000D+00  0.00000000000000000D+00  0.00000000000000000D+00  0.00000000000000000D+00  2.15930023892200900D-16
26  5 -2.15930023892200900D-16  0.00000000000000000D+00  2.03603806286255200D+00  0.00000000000000000D+00  0.00000000000000000D+00
26  6  0.00000000000000000D+00  0.00000000000000000D+00  0.00000000000000000D+00  0.00000000000000000D+00  0.00000000000000000D+00
26  7  0.00000000000000000D+00  0.00000000000000000D+00  0.00000000000000000D+00  0.00000000000000000D+00 -6.20106436737519300D-21
26  8  6.20106436737519300D-21  0.00000000000000000D+00 -5.84708085270239500D-05  0.00000000000000000D+00  0.00000000000000000D+00
26  9  0.00000000000000000D+00  0.00000000000000000D+00  0.00000000000000000D+00  0.00000000000000000D+00  7.12742103535957600D-20
26 10 -7.12742103535957600D-20  0.00000000000000000D+00  6.72055708440250000D-04  0.00000000000000000D+00  0.00000000000000000D+00
27  1  0.00000000000000000D+00  0.00000000000000000D+00  0.00000000000000000D+00  0.00000000000000000D+00  0.00000000000000000D+00
27  2  0.00000000000000000D+00  0.00000000000000000D+00  0.00000000000000000D+00  0.00000000000000000D+00 -2.12668762400992300D+00
27  3  2.12668762400992400D+00  0.00000000000000000D+00  3.00725032496415100D-16  0.00000000000000000D+00  0.00000000000000000D+00
27  4  0.00000000000000000D+00  0.00000000000000000D+00  0.00000000000000000D+00  0.00000000000000000D+00  1.76326068551216000D+00
27  5 -1.76326068551216200D+00  0.00000000000000000D+00 -2.49334514840728500D-16  0.00000000000000000D+00  0.00000000000000000D+00
27  6  0.00000000000000000D+00  0.00000000000000000D+00  0.00000000000000000D+00  0.00000000000000000D+00  0.00000000000000000D+00
27  7  0.00000000000000000D+00  0.00000000000000000D+00  0.00000000000000000D+00  0.00000000000000000D+00 -5.06372055612824800D-05
27  8  5.06372055606135800D-05  0.00000000000000000D+00  7.16037236307004100D-21  0.00000000000000000D+00  0.00000000000000000D+00
27  9  0.00000000000000000D+00  0.00000000000000000D+00  0.00000000000000000D+00  0.00000000000000000D+00  5.82017316264971100D-04
27 10 -5.82017316263479100D-04  0.00000000000000000D+00 -8.23003690673749200D-20  0.00000000000000000D+00  0.00000000000000000D+00
28  1  3.08395343820540800D-02  1.63141341709988900D-01 -2.30695094094101800D-01  0.00000000000000000D+00  0.00000000000000000D+00
28  2  9.85954321376878400D-02  0.00000000000000000D+00  0.00000000000000000D+00 -1.28378978813017100D-01 -1.00446636616594900D+00
28  3 -1.00446636616601500D+00  2.00893273233196400D+00 -4.68386162474975800D-30  0.00000000000000000D+00  0.00000000000000000D+00
28  4  9.31260472703252800D-02  0.00000000000000000D+00  0.00000000000000000D+00  7.95657470602695700D-02  8.28077955353824200D-01
28  5  8.28077955353923900D-01 -1.65615591070774900D+00  7.05044434041279300D-30  0.00000000000000000D+00  0.00000000000000000D+00
28  6 -2.75523179312219200D-02  3.87826013990613000D-02  4.57073298559285100D-01  0.00000000000000000D+00  0.00000000000000000D+00
28  7 -5.35774100492394200D-03  0.00000000000000000D+00  0.00000000000000000D+00  4.36019661293673400D-02  5.54236614386260100D-04
28  8  5.54236614323702900D-04 -1.10847322870987000D-03 -4.42296432112712500D-30  0.00000000000000000D+00  0.00000000000000000D+00
28  9 -6.94921797939404200D-01  0.00000000000000000D+00  0.00000000000000000D+00 -2.01799794360961700D-01 -4.77761129348866900D-04
28 10 -4.77761129307309100D-04  9.55522258656172300D-04  2.93824687140577700D-30  0.00000000000000000D+00  0.00000000000000000D+00
29  1  0.00000000000000000D+00  0.00000000000000000D+00  0.00000000000000000D+00 -1.23267198983422200D-01  7.54768975464930300D-18
29  2  0.00000000000000000D+00  1.88558050032770400D-01 -1.15454693067244200D-17  0.00000000000000000D+00  0.00000000000000000D+00
29  3  0.00000000000000000D+00  0.00000000000000000D+00  0.00000000000000000D+00 -1.95052196054402000D+00  1.19431079307614400D-16
29  4  0.00000000000000000D+00  5.15726082116176000D-03 -3.15780718495695100D-19  0.00000000000000000D+00  0.00000000000000000D+00
29  5  0.00000000000000000D+00  0.00000000000000000D+00  0.00000000000000000D+00  1.72186695406614800D+00 -1.05430460619309400D-16
29  6  0.00000000000000000D+00  0.00000000000000000D+00  0.00000000000000000D+00  1.39049568263454400D-01 -8.51404923958422900D-18
29  7  0.00000000000000000D+00  3.01190574826805700D-01 -1.84419945822160200D-17  0.00000000000000000D+00  0.00000000000000000D+00
29  8  0.00000000000000000D+00  0.00000000000000000D+00  0.00000000000000000D+00 -2.51662610979809400D-04  1.54093816212701900D-20
29  9  0.00000000000000000D+00 -8.19457314033924600D-01  5.01756316726081600D-17  0.00000000000000000D+00  0.00000000000000000D+00
29 10  0.00000000000000000D+00  0.00000000000000000D+00  0.00000000000000000D+00 -2.19067991953828700D-03  1.34136027432884000D-19
30  1  0.00000000000000000D+00  0.00000000000000000D+00  0.00000000000000000D+00 -7.54768975464936200D-18 -1.23267198983423100D-01
30  2  0.00000000000000000D+00  1.15454693067244800D-17  1.88558050032771400D-01  0.00000000000000000D+00  0.00000000000000000D+00
30  3  0.00000000000000000D+00  0.00000000000000000D+00  0.00000000000000000D+00 -1.19431079307613000D-16 -1.95052196054399700D+00
30  4  0.00000000000000000D+00  3.15780718495785800D-19  5.15726082116324200D-03  0.00000000000000000D+00  0.00000000000000000D+00
30  5  0.00000000000000000D+00  0.00000000000000000D+00  0.00000000000000000D+00  1.05430460619308500D-16  1.72186695406613300D+00
30  6  0.00000000000000000D+00  0.00000000000000000D+00  0.00000000000000000D+00  8.51404923958447600D-18  1.39049568263458400D-01
30  7  0.00000000000000000D+00  1.84419945822163000D-17  3.01190574826810300D-01  0.00000000000000000D+00  0.00000000000000000D+00
30  8  0.00000000000000000D+00  0.00000000000000000D+00  0.00000000000000000D+00 -1.54093816212724900D-20 -2.51662610979847000D-04
30  9  0.00000000000000000D+00 -5.01756316726091700D-17 -8.19457314033941100D-01  0.00000000000000000D+00  0.00000000000000000D+00
30 10  0.00000000000000000D+00  0.00000000000000000D+00  0.00000000000000000D+00 -1.34136027432877200D-19 -2.19067991953817600D-03
31  1 -1.00167406057189900D-01 -4.48929030196430000D-01  7.15876207922385900D-01  0.00000000000000000D+00  0.00000000000000000D+00
31  2  7.87880921552295600D-02  0.00000000000000000D+00  0.00000000000000000D+00  1.52523131806272200D-01 -2.96415296817839700D-01
31  3 -2.96415296817751100D-01  5.92830593635590900D-01  6.26466492310280100D-30  0.00000000000000000D+00  0.00000000000000000D+00
31  4 -2.02449053578816400D-01  0.00000000000000000D+00  0.00000000000000000D+00 -1.56719276310516400D-01  1.60628791445411800D-01
31  5  1.60628791445372400D-01 -3.21257582890784000D-01 -2.78874655947271800D-30  0.00000000000000000D+00  0.00000000000000000D+00
31  6  1.89434726829411300D-02 -1.85417605028595700D-02 -2.97161356502285300D-01  0.00000000000000000D+00  0.00000000000000000D+00
31  7 -1.90606607387377900D-01  0.00000000000000000D+00  0.00000000000000000D+00 -4.01951053538507100D-01 -1.15827020032453400D-04
31  8 -1.15827020040206100D-04  2.31654040072518600D-04 -5.48137717765836000D-31  0.00000000000000000D+00  0.00000000000000000D+00
31  9  4.72347337228434000D-01  0.00000000000000000D+00  0.00000000000000000D+00  1.08937317361988600D+00 -1.89073861582149100D-04
31 10 -1.89073861592491300D-04  3.78147723174640600D-04 -7.31219928471378500D-31  0.00000000000000000D+00  0.00000000000000000D+00
32  1  1.72771767412387300D-01  8.44334248034563000D-01 -1.08456426441841600D+00  0.00000000000000000D+00  0.00000000000000000D+00
32  2  2.84389522598138100D-01  0.00000000000000000D+00  0.00000000000000000D+00 -7.42486481010041900D-01 -8.07839188663243100D-01
32  3 -8.07839188663248400D-01  1.61567837732649200D+00 -3.69778549322349300D-31  0.00000000000000000D+00  0.00000000000000000D+00
32  4  2.34917239199135300D-02  0.00000000000000000D+00  0.00000000000000000D+00  8.71632647014604800D-02  8.77329007558522600D-01
32  5  8.77329007558537300D-01 -1.75465801511706000D+00  1.03537993810257800D-30  0.00000000000000000D+00  0.00000000000000000D+00
32  6  4.88030880064101000D-02 -3.92090443350173800D-02 -7.81208060756362500D-01  0.00000000000000000D+00  0.00000000000000000D+00
32  7  9.72375357639016500D-02  0.00000000000000000D+00  0.00000000000000000D+00  2.39364334816688400D-01  5.47943073783613100D-04
32  8  5.47943073753659800D-04 -1.09588614753761500D-03 -2.11777664097250900D-30  0.00000000000000000D+00  0.00000000000000000D+00
32  9  1.40108586770350500D+00  0.00000000000000000D+00  0.00000000000000000D+00 -8.35867587087590500D-01  1.77437493953934700D-03
32 10  1.77437493955349200D-03 -3.54874987909283600D-03  1.00006319774737700D-30  0.00000000000000000D+00  0.00000000000000000D+00
33  1  0.00000000000000000D+00  0.00000000000000000D+00  0.00000000000000000D+00 -8.81445818997632800D-19 -1.43955780769284200D-02
33  2  0.00000000000000000D+00  1.60381476195578800D-18  2.61931478135775300D-02  0.00000000000000000D+00  0.00000000000000000D+00
33  3  0.00000000000000000D+00  0.00000000000000000D+00  0.00000000000000000D+00 -3.33497648894044700D-18 -5.44660980817378200D-02
33  4  0.00000000000000000D+00 -4.27009043518262800D-19 -6.97381721375909500D-03  0.00000000000000000D+00  0.00000000000000000D+00
33  5  0.00000000000000000D+00  0.00000000000000000D+00  0.00000000000000000D+00  3.68344452778495000D-18  6.01572009860601300D-02
33  6  0.00000000000000000D+00  0.00000000000000000D+00  0.00000000000000000D+00  1.23025458000515600D-18  2.00922455802250100D-02
33  7  0.00000000000000000D+00 -1.27900562067231500D-18 -2.08884367891794800D-02  0.00000000000000000D+00  0.00000000000000000D+00
33  8  0.00000000000000000D+00  0.00000000000000000D+00  0.00000000000000000D+00 -2.19339856276521300D-18 -3.58220999902366000D-02
33  9  0.00000000000000000D+00  2.91775323448060600D-19  4.76521002095635300D-03  0.00000000000000000D+00  0.00000000000000000D+00
33 10  0.00000000000000000D+00  0.00000000000000000D+00  0.00000000000000000D+00  6.23464627255538100D-17  1.01822863373117600D+00
34  1  0.00000000000000000D+00  0.00000000000000000D+00  0.00000000000000000D+00 -1.43955780769272500D-02  8.81445818997561500D-19
34  2  0.00000000000000000D+00  2.61931478135763500D-02 -1.60381476195571600D-18  0.00000000000000000D+00  0.00000000000000000D+00
34  3  0.00000000000000000D+00  0.00000000000000000D+00  0.00000000000000000D+00 -5.44660980817389700D-02  3.33497648894051700D-18
34  4  0.00000000000000000D+00 -6.97381721375898700D-03  4.27009043518256200D-19  0.00000000000000000D+00  0.00000000000000000D+00
34  5  0.00000000000000000D+00  0.00000000000000000D+00  0.00000000000000000D+00  6.01572009860612200D-02 -3.68344452778501800D-18
34  6  0.00000000000000000D+00  0.00000000000000000D+00  0.00000000000000000D+00  2.00922455802258900D-02 -1.23025458000521000D-18
34  7  0.00000000000000000D+00 -2.08884367891812700D-02  1.27900562067242400D-18  0.00000000000000000D+00  0.00000000000000000D+00
34  8  0.00000000000000000D+00  0.00000000000000000D+00  0.00000000000000000D+00 -3.58220999902340000D-02  2.19339856276505300D-18
34  9  0.00000000000000000D+00  4.76521002095723500D-03 -2.91775323448114700D-19  0.00000000000000000D+00  0.00000000000000000D+00
34 10  0.00000000000000000D+00  0.00000000000000000D+00  0.00000000000000000D+00  1.01822863373117300D+00 -6.23464627255536600D-17
35  1  0.00000000000000000D+00  0.00000000000000000D+00  0.00000000000000000D+00  0.00000000000000000D+00  0.00000000000000000D+00
35  2  0.00000000000000000D+00  0.00000000000000000D+00  0.00000000000000000D+00  0.00000000000000000D+00  6.85691178736626500D-19
35  3 -6.85691178736626500D-19  0.00000000000000000D+00  6.46548967166249800D-03  0.00000000000000000D+00  0.00000000000000000D+00
35  4  0.00000000000000000D+00  0.00000000000000000D+00  0.00000000000000000D+00  0.00000000000000000D+00 -7.41928584267260200D-19
35  5  7.41928584267260200D-19  0.00000000000000000D+00 -6.99576098897671200D-03  0.00000000000000000D+00  0.00000000000000000D+00
35  6  0.00000000000000000D+00  0.00000000000000000D+00  0.00000000000000000D+00  0.00000000000000000D+00  0.00000000000000000D+00
35  7  0.00000000000000000D+00  0.00000000000000000D+00  0.00000000000000000D+00  0.00000000000000000D+00 -3.78788800731456700D-18
35  8  3.78788800731456700D-18  0.00000000000000000D+00 -3.57165901329370500D-02  0.00000000000000000D+00  0.00000000000000000D+00
35  9  0.00000000000000000D+00  0.00000000000000000D+00  0.00000000000000000D+00  0.00000000000000000D+00  1.07971452762962900D-16
35 10 -1.07971452762962900D-16  0.00000000000000000D+00  1.01807976290368300D+00  0.00000000000000000D+00  0.00000000000000000D+00
36  1  0.00000000000000000D+00  0.00000000000000000D+00  0.00000000000000000D+00  0.00000000000000000D+00  0.00000000000000000D+00
36  2  0.00000000000000000D+00  0.00000000000000000D+00  0.00000000000000000D+00  0.00000000000000000D+00 -5.59927830357726100D-03
36  3  5.59927830355613700D-03  0.00000000000000000D+00  7.91767973249234600D-19  0.00000000000000000D+00  0.00000000000000000D+00
36  4  0.00000000000000000D+00  0.00000000000000000D+00  0.00000000000000000D+00  0.00000000000000000D+00  6.05850673527474200D-03
36  5 -6.05850673526216500D-03  0.00000000000000000D+00 -8.56705335693839400D-19  0.00000000000000000D+00  0.00000000000000000D+00
36  6  0.00000000000000000D+00  0.00000000000000000D+00  0.00000000000000000D+00  0.00000000000000000D+00  0.00000000000000000D+00
36  7  0.00000000000000000D+00  0.00000000000000000D+00  0.00000000000000000D+00  0.00000000000000000D+00  3.09314743914592800D-02
36  8 -3.09314743913335600D-02  0.00000000000000000D+00 -4.37387632132631200D-18  0.00000000000000000D+00  0.00000000000000000D+00
36  9  0.00000000000000000D+00  0.00000000000000000D+00  0.00000000000000000D+00  0.00000000000000000D+00 -8.81682937753434500D-01
36 10  8.81682937753346800D-01  0.00000000000000000D+00  1.24674694634977500D-16  0.00000000000000000D+00  0.00000000000000000D+00
37  1 -2.01745709637850600D-02 -9.77425352677418900D-02  1.37318443729797300D-01  0.00000000000000000D+00  0.00000000000000000D+00
37  2 -8.80960893549392200D-03  0.00000000000000000D+00  0.00000000000000000D+00  4.63760770989409800D-02  6.94820293362924800D-02
37  3  6.94820293362911800D-02 -1.38964058672583700D-01 -9.24446373305873200D-32  0.00000000000000000D+00  0.00000000000000000D+00
37  4 -2.98063873938837200D-02  0.00000000000000000D+00  0.00000000000000000D+00 -1.60146851286422600D-02 -8.28698679063301600D-02
37  5 -8.28698679063289300D-02  1.65739735812659200D-01  8.70520334863030600D-32  0.00000000000000000D+00  0.00000000000000000D+00
37  6  6.10745108833217500D-03  1.75917935083697700D-02 -2.78714765322431500D-03  0.00000000000000000D+00  0.00000000000000000D+00
37  7 -4.73012020468240200D-02  0.00000000000000000D+00  0.00000000000000000D+00  4.24945020502685800D-02 -1.77519446811831500D-02
37  8 -1.77519446818376500D-02  3.55038893630207700D-02 -4.62748965527754300D-29  0.00000000000000000D+00  0.00000000000000000D+00
37  9 -3.16479473514960900D-02  0.00000000000000000D+00  0.00000000000000000D+00  2.66933184792561900D-02  5.09441633446245300D-01
37 10  5.09441633446706000D-01 -1.01888326689295100D+00  3.25713272194769300D-29  0.00000000000000000D+00  0.00000000000000000D+00
38  1  0.00000000000000000D+00  0.00000000000000000D+00  0.00000000000000000D+00 -1.40380721813644800D-18 -2.29266688639125400D-02
38  2  0.00000000000000000D+00  2.80584252210609000D-18  4.58243992177271200D-02  0.00000000000000000D+00  0.00000000000000000D+00
38  3  0.00000000000000000D+00  0.00000000000000000D+00  0.00000000000000000D+00 -4.83222111881266600D-18 -7.89187660790718800D-02
38  4  0.00000000000000000D+00  6.74582223677775500D-19  1.10171276112065700D-02  0.00000000000000000D+00  0.00000000000000000D+00
38  5  0.00000000000000000D+00  0.00000000000000000D+00  0.00000000000000000D+00  6.16185791778468600D-18  1.00634100068999500D-01
38  6  0.00000000000000000D+00  0.00000000000000000D+00  0.00000000000000000D+00 -5.92970365994244400D-17 -9.68426080990678200D-01
38  7  0.00000000000000000D+00  7.76404922049192200D-17  1.26800733905355100D+00  0.00000000000000000D+00  0.00000000000000000D+00
38  8  0.00000000000000000D+00  0.00000000000000000D+00  0.00000000000000000D+00  2.74771056157943500D-20  4.48750009013586400D-04
38  9  0.00000000000000000D+00 -2.91687704176059000D-17 -4.76377904239368000D-01  0.00000000000000000D+00  0.00000000000000000D+00
38 10  0.00000000000000000D+00  0.00000000000000000D+00  0.00000000000000000D+00  1.18851335181647900D-18  1.94105370775965500D-02
39  1  0.00000000000000000D+00  0.00000000000000000D+00  0.00000000000000000D+00 -2.29266688639125700D-02  1.40380721813645000D-18
39  2  0.00000000000000000D+00  4.58243992177271900D-02 -2.80584252210609400D-18  0.00000000000000000D+00  0.00000000000000000D+00
39  3  0.00000000000000000D+00  0.00000000000000000D+00  0.00000000000000000D+00 -7.89187660790694600D-02  4.83222111881251800D-18
39  4  0.00000000000000000D+00  1.10171276112062700D-02 -6.74582223677757500D-19  0.00000000000000000D+00  0.00000000000000000D+00
39  5  0.00000000000000000D+00  0.00000000000000000D+00  0.00000000000000000D+00  1.00634100068996600D-01 -6.16185791778450800D-18
39  6  0.00000000000000000D+00  0.00000000000000000D+00  0.00000000000000000D+00 -9.68426080990681200D-01  5.92970365994246200D-17
39  7  0.00000000000000000D+00  1.26800733905354800D+00 -7.76404922049190200D-17  0.00000000000000000D+00  0.00000000000000000D+00
39  8  0.00000000000000000D+00  0.00000000000000000D+00  0.00000000000000000D+00  4.48750009013581400D-04 -2.74771056157940400D-20
39  9  0.00000000000000000D+00 -4.76377904239366300D-01  2.91687704176058000D-17  0.00000000000000000D+00  0.00000000000000000D+00
39 10  0.00000000000000000D+00  0.00000000000000000D+00  0.00000000000000000D+00  1.94105370775975300D-02 -1.18851335181653900D-18
40  1 -4.90733367919684300D-02 -2.20267374147733300D-01  3.33498588293892200D-01  0.00000000000000000D+00  0.00000000000000000D+00
40  2 -1.96028879842783400D-02  0.00000000000000000D+00  0.00000000000000000D+00  1.62988338049577700D-01  5.74370913480306300D-02
40  3  5.74370913480304800D-02 -1.14874182696061300D-01 -1.15555796663234200D-32  0.00000000000000000D+00  0.00000000000000000D+00
40  4 -5.72447387532198100D-02  0.00000000000000000D+00  0.00000000000000000D+00 -6.72701134187347100D-02 -9.83746096745655400D-02
40  5 -9.83746096745655900D-02  1.96749219349131300D-01 -3.08148791101957700D-33  0.00000000000000000D+00  0.00000000000000000D+00
40  6  2.28322172021601900D-02  6.04593698384384400D-02 -3.20774347555355500D-02  0.00000000000000000D+00  0.00000000000000000D+00
40  7  9.69404449120223100D-01  0.00000000000000000D+00  0.00000000000000000D+00 -1.30131175113161200D+00  4.39758620342167100D-04
40  8  4.39758620351086000D-04 -8.79517240693531300D-04  6.30591593509914500D-31  0.00000000000000000D+00  0.00000000000000000D+00
40  9 -6.80397060672529000D-02  0.00000000000000000D+00  0.00000000000000000D+00  5.85206819467002100D-01  2.50658221620082600D-02
40 10  2.50658221619922700D-02 -5.01316443240005200D-02 -1.13013569136643000D-30  0.00000000000000000D+00  0.00000000000000000D+00
41  1  3.26829772765625600D-02  1.56525063913047100D-01 -1.81824969141663600D-01  0.00000000000000000D+00  0.00000000000000000D+00
41  2  7.80183070164162400D-02  0.00000000000000000D+00  0.00000000000000000D+00 -1.98423585887713700D-01 -1.01349385171508200D-01
41  3 -1.01349385171508800D-01  2.02698770343017400D-01 -4.16000867987642900D-32  0.00000000000000000D+00  0.00000000000000000D+00
41  4 -5.11234094464572100D-02  0.00000000000000000D+00  0.00000000000000000D+00 -1.24270456183470300D-02  1.36685057161021800D-01
41  5  1.36685057161022200D-01 -2.73370114322043600D-01  3.54371109767251400D-32  0.00000000000000000D+00  0.00000000000000000D+00
41  6  7.55123311273419300D-01  1.77076246627414900D+00 -2.27870266296898000D+00  0.00000000000000000D+00  0.00000000000000000D+00
41  7 -4.44682745478446300D-02  0.00000000000000000D+00  0.00000000000000000D+00  8.87589402907228400D-02 -1.22371848051921200D-03
41  8 -1.22371848052981000D-03  2.44743696104792600D-03 -7.49271007801701700D-31  0.00000000000000000D+00  0.00000000000000000D+00
41  9  9.13388878468187900D-01  0.00000000000000000D+00  0.00000000000000000D+00 -1.33236287458915600D-01 -8.95642489948131900D-03
41 10 -8.95642489946709900D-03  1.79128497989484100D-02  1.00533543097013700D-30  0.00000000000000000D+00  0.00000000000000000D+00
42  1  0.00000000000000000D+00  0.00000000000000000D+00  0.00000000000000000D+00 -3.87563099378368700D-19 -6.32959478233415700D-03
42  2  0.00000000000000000D+00  7.10279455509521300D-19  1.16001269026984600D-02  0.00000000000000000D+00  0.00000000000000000D+00
42  3  0.00000000000000000D+00  0.00000000000000000D+00  0.00000000000000000D+00 -1.25489439220509900D-18 -2.04946575409834100D-02
42  4  0.00000000000000000D+00 -1.76511950788247400D-19 -2.88275412318903400D-03  0.00000000000000000D+00  0.00000000000000000D+00
42  5  0.00000000000000000D+00  0.00000000000000000D+00  0.00000000000000000D+00  1.42913746902355700D-18  2.33403569165352600D-02
42  6  0.00000000000000000D+00  0.00000000000000000D+00  0.00000000000000000D+00 -9.15669829327234700D-20 -1.49545170408294000D-03
42  7  0.00000000000000000D+00  1.38258418327289800D-19  2.25800589545762700D-03  0.00000000000000000D+00  0.00000000000000000D+00
42  8  0.00000000000000000D+00  0.00000000000000000D+00  0.00000000000000000D+00 -7.16144167696577300D-17 -1.16959080844431100D+00
42  9  0.00000000000000000D+00 -1.56711666785608500D-19 -2.55938026609877800D-03  0.00000000000000000D+00  0.00000000000000000D+00
42 10  0.00000000000000000D+00  0.00000000000000000D+00  0.00000000000000000D+00  3.53248796060206000D-17  5.76918117332327500D-01
43  1  0.00000000000000000D+00  0.00000000000000000D+00  0.00000000000000000D+00 -6.32959478233465500D-03  3.87563099378399200D-19
43  2  0.00000000000000000D+00  1.16001269026988800D-02 -7.10279455509547000D-19  0.00000000000000000D+00  0.00000000000000000D+00
43  3  0.00000000000000000D+00  0.00000000000000000D+00  0.00000000000000000D+00 -2.04946575409855000D-02  1.25489439220522700D-18
43  4  0.00000000000000000D+00 -2.88275412318888400D-03  1.76511950788238200D-19  0.00000000000000000D+00  0.00000000000000000D+00
43  5  0.00000000000000000D+00  0.00000000000000000D+00  0.00000000000000000D+00  2.33403569165368500D-02 -1.42913746902365500D-18
43  6  0.00000000000000000D+00  0.00000000000000000D+00  0.00000000000000000D+00 -1.49545170408315100D-03  9.15669829327363900D-20
43  7  0.00000000000000000D+00  2.25800589545831900D-03 -1.38258418327332200D-19  0.00000000000000000D+00  0.00000000000000000D+00
43  8  0.00000000000000000D+00  0.00000000000000000D+00  0.00000000000000000D+00 -1.16959080844431200D+00  7.16144167696577500D-17
43  9  0.00000000000000000D+00 -2.55938026609920600D-03  1.56711666785634700D-19  0.00000000000000000D+00  0.00000000000000000D+00
43 10  0.00000000000000000D+00  0.00000000000000000D+00  0.00000000000000000D+00  5.76918117332331900D-01 -3.53248796060208700D-17
44  1  0.00000000000000000D+00  0.00000000000000000D+00  0.00000000000000000D+00  0.00000000000000000D+00  0.00000000000000000D+00
44  2  0.00000000000000000D+00  0.00000000000000000D+00  0.00000000000000000D+00  0.00000000000000000D+00  2.40877770286941800D-19
44  3 -2.40877770286941800D-19  0.00000000000000000D+00  2.27127427655228300D-03  0.00000000000000000D+00  0.00000000000000000D+00
44  4  0.00000000000000000D+00  0.00000000000000000D+00  0.00000000000000000D+00  0.00000000000000000D+00 -2.67784419589233500D-19
44  5  2.67784419589233500D-19  0.00000000000000000D+00 -2.52498129300178600D-03  0.00000000000000000D+00  0.00000000000000000D+00
44  6  0.00000000000000000D+00  0.00000000000000000D+00  0.00000000000000000D+00  0.00000000000000000D+00  0.00000000000000000D+00
44  7  0.00000000000000000D+00  0.00000000000000000D+00  0.00000000000000000D+00  0.00000000000000000D+00 -1.24031733499113500D-16
44  8  1.24031733499113500D-16  0.00000000000000000D+00 -1.16951466894243500D+00  0.00000000000000000D+00  0.00000000000000000D+00
44  9  0.00000000000000000D+00  0.00000000000000000D+00  0.00000000000000000D+00  0.00000000000000000D+00  6.11591774791478100D-17
44 10 -6.11591774791478100D-17  0.00000000000000000D+00  5.76679476972950600D-01  0.00000000000000000D+00  0.00000000000000000D+00
45  1  0.00000000000000000D+00  0.00000000000000000D+00  0.00000000000000000D+00  0.00000000000000000D+00  0.00000000000000000D+00
45  2  0.00000000000000000D+00  0.00000000000000000D+00  0.00000000000000000D+00  0.00000000000000000D+00  1.96698122244663400D-03
45  3 -1.96698122245547400D-03  0.00000000000000000D+00 -2.78141691033168600D-19  0.00000000000000000D+00  0.00000000000000000D+00
45  4  0.00000000000000000D+00  0.00000000000000000D+00  0.00000000000000000D+00  0.00000000000000000D+00 -2.18669794381610500D-03
45  5  2.18669794381903600D-03  0.00000000000000000D+00  3.09210813468915200D-19  0.00000000000000000D+00  0.00000000000000000D+00
45  6  0.00000000000000000D+00  0.00000000000000000D+00  0.00000000000000000D+00  0.00000000000000000D+00  0.00000000000000000D+00
45  7  0.00000000000000000D+00  0.00000000000000000D+00  0.00000000000000000D+00  0.00000000000000000D+00 -1.01282941340288100D+00
45  8  1.01282941340276900D+00  0.00000000000000000D+00  1.43219509447556000D-16  0.00000000000000000D+00  0.00000000000000000D+00
45  9  0.00000000000000000D+00  0.00000000000000000D+00  0.00000000000000000D+00  0.00000000000000000D+00  4.99419076900086700D-01
45 10 -4.99419076899927500D-01  0.00000000000000000D+00 -7.06205351620475900D-17  0.00000000000000000D+00  0.00000000000000000D+00
46  1 -9.50406429491265500D-03 -4.55229138968789200D-02  6.45405262473227200D-02  0.00000000000000000D+00  0.00000000000000000D+00
46  2 -4.54732734072140500D-03  0.00000000000000000D+00  0.00000000000000000D+00  2.38421008830961800D-02  2.85552953627476000D-02
46  3  2.85552953627457700D-02 -5.71105907254934300D-02 -1.29422492262822200D-31  0.00000000000000000D+00  0.00000000000000000D+00
46  4 -1.33933198132583000D-02  0.00000000000000000D+00  0.00000000000000000D+00 -8.08900474072600000D-03 -3.54507579878123200D-02
46  5 -3.54507579878110600D-02  7.09015159756235700D-02  8.89779634306903000D-32  0.00000000000000000D+00  0.00000000000000000D+00
46  6 -4.89798749978385500D-03 -1.03310204490656600D-02  2.08966333964474500D-02  0.00000000000000000D+00  0.00000000000000000D+00
46  7  4.93727418497325500D-03  0.00000000000000000D+00  0.00000000000000000D+00 -1.21744442118825000D-02 -5.85048418199594000D-01
46  8 -5.85048418200372300D-01  1.17009683639996600D+00 -5.50292111149876100D-29  0.00000000000000000D+00  0.00000000000000000D+00
46  9 -2.17807272064838800D-02  0.00000000000000000D+00  0.00000000000000000D+00  2.41431909529976900D-02  2.89689472696720900D-01
46 10  2.89689472697661800D-01 -5.79378945394382700D-01  6.65262425110016600D-29  0.00000000000000000D+00  0.00000000000000000D+00
47  1  0.00000000000000000D+00  0.00000000000000000D+00  0.00000000000000000D+00  0.00000000000000000D+00  0.00000000000000000D+00
47  2  0.00000000000000000D+00  0.00000000000000000D+00  0.00000000000000000D+00  0.00000000000000000D+00  0.00000000000000000D+00
47  3  0.00000000000000000D+00  0.00000000000000000D+00  0.00000000000000000D+00  0.00000000000000000D+00  0.00000000000000000D+00
47  4  0.00000000000000000D+00  0.00000000000000000D+00  0.00000000000000000D+00  0.00000000000000000D+00  4.47213595499956600D-01
47  5  4.47213595499956500D-01  4.47213595499956400D-01  0.00000000000000000D+00  0.00000000000000000D+00  0.00000000000000000D+00
47  6  0.00000000000000000D+00  0.00000000000000000D+00  0.00000000000000000D+00  0.00000000000000000D+00  0.00000000000000000D+00
47  7  0.00000000000000000D+00  0.00000000000000000D+00  0.00000000000000000D+00  0.00000000000000000D+00  0.00000000000000000D+00
47  8  0.00000000000000000D+00  0.00000000000000000D+00  0.00000000000000000D+00  0.00000000000000000D+00  0.00000000000000000D+00
47  9  0.00000000000000000D+00  0.00000000000000000D+00  0.00000000000000000D+00  0.00000000000000000D+00  0.00000000000000000D+00
47 10  0.00000000000000000D+00  0.00000000000000000D+00  0.00000000000000000D+00  0.00000000000000000D+00  0.00000000000000000D+00
48  1  0.00000000000000000D+00  0.00000000000000000D+00  0.00000000000000000D+00  0.00000000000000000D+00  0.00000000000000000D+00
48  2  0.00000000000000000D+00  0.00000000000000000D+00  0.00000000000000000D+00  0.00000000000000000D+00 -4.47213595499956500D-01
48  3 -4.47213595499956200D-01 -4.47213595499956800D-01  0.00000000000000000D+00  0.00000000000000000D+00  0.00000000000000000D+00
48  4  0.00000000000000000D+00  0.00000000000000000D+00  0.00000000000000000D+00  0.00000000000000000D+00  0.00000000000000000D+00
48  5  0.00000000000000000D+00  0.00000000000000000D+00  0.00000000000000000D+00  0.00000000000000000D+00  0.00000000000000000D+00
48  6  0.00000000000000000D+00  0.00000000000000000D+00  0.00000000000000000D+00  0.00000000000000000D+00  0.00000000000000000D+00
48  7  0.00000000000000000D+00  0.00000000000000000D+00  0.00000000000000000D+00  0.00000000000000000D+00  0.00000000000000000D+00
48  8  0.00000000000000000D+00  0.00000000000000000D+00  0.00000000000000000D+00  0.00000000000000000D+00  0.00000000000000000D+00
48  9  0.00000000000000000D+00  0.00000000000000000D+00  0.00000000000000000D+00  0.00000000000000000D+00  0.00000000000000000D+00
48 10  0.00000000000000000D+00  0.00000000000000000D+00  0.00000000000000000D+00  0.00000000000000000D+00  0.00000000000000000D+00
49  1  0.00000000000000000D+00  0.00000000000000000D+00  0.00000000000000000D+00  0.00000000000000000D+00  0.00000000000000000D+00
49  2  0.00000000000000000D+00  0.00000000000000000D+00  0.00000000000000000D+00  0.00000000000000000D+00  0.00000000000000000D+00
49  3  0.00000000000000000D+00  0.00000000000000000D+00  0.00000000000000000D+00  0.00000000000000000D+00  0.00000000000000000D+00
49  4  0.00000000000000000D+00  0.00000000000000000D+00  0.00000000000000000D+00  0.00000000000000000D+00  0.00000000000000000D+00
49  5  0.00000000000000000D+00  0.00000000000000000D+00  0.00000000000000000D+00  0.00000000000000000D+00  0.00000000000000000D+00
49  6  0.00000000000000000D+00  0.00000000000000000D+00  0.00000000000000000D+00  0.00000000000000000D+00  0.00000000000000000D+00
49  7  0.00000000000000000D+00  0.00000000000000000D+00  0.00000000000000000D+00  0.00000000000000000D+00  0.00000000000000000D+00
49  8  0.00000000000000000D+00  0.00000000000000000D+00  0.00000000000000000D+00  0.00000000000000000D+00  0.00000000000000000D+00
49  9  0.00000000000000000D+00  0.00000000000000000D+00  0.00000000000000000D+00  0.00000000000000000D+00  4.47213595500347300D-01
49 10  4.47213595499566100D-01  4.47213595499956800D-01  0.00000000000000000D+00  0.00000000000000000D+00  0.00000000000000000D+00
50  1  0.00000000000000000D+00  0.00000000000000000D+00  0.00000000000000000D+00  0.00000000000000000D+00  0.00000000000000000D+00
50  2  0.00000000000000000D+00  0.00000000000000000D+00  0.00000000000000000D+00  0.00000000000000000D+00  0.00000000000000000D+00
50  3  0.00000000000000000D+00  0.00000000000000000D+00  0.00000000000000000D+00  0.00000000000000000D+00  0.00000000000000000D+00
50  4  0.00000000000000000D+00  0.00000000000000000D+00  0.00000000000000000D+00  0.00000000000000000D+00  0.00000000000000000D+00
50  5  0.00000000000000000D+00  0.00000000000000000D+00  0.00000000000000000D+00  0.00000000000000000D+00  0.00000000000000000D+00
50  6  0.00000000000000000D+00  0.00000000000000000D+00  0.00000000000000000D+00  0.00000000000000000D+00  0.00000000000000000D+00
50  7  0.00000000000000000D+00  0.00000000000000000D+00  0.00000000000000000D+00  0.00000000000000000D+00  4.47213595500346500D-01
50  8  4.47213595499566300D-01  4.47213595499956300D-01  0.00000000000000000D+00  0.00000000000000000D+00  0.00000000000000000D+00
50  9  0.00000000000000000D+00  0.00000000000000000D+00  0.00000000000000000D+00  0.00000000000000000D+00  0.00000000000000000D+00
50 10  0.00000000000000000D+00  0.00000000000000000D+00  0.00000000000000000D+00  0.00000000000000000D+00  0.00000000000000000D+00
 $END
 POPULATION ANALYSIS
LI           2.00789   0.99211   2.01581   0.98419
F            9.99211  -0.99211   9.98419  -0.98419
 MOMENTS AT POINT    1 X,Y,Z=  0.000000  0.000000  6.900365
 DIPOLE       0.000000  0.000000-23.749660
- - - NO-S OF CI STATE  1 E=     -106.7954765583 CREATED  9:41:02  7-MAY-2026    
 $OCCNO 
    2.0000000000    2.0000000000    2.0000000000    1.9834855191    1.9834855191
    1.9727347067    0.0269777124    0.0162556127    0.0162556127    0.0007060322
    0.0000782925    0.0000086773    0.0000086773    0.0000029107    0.0000002579
    0.0000002579    0.0000000949    0.0000000263    0.0000000190    0.0000000190
    0.0000000179    0.0000000179    0.0000000085    0.0000000025    0.0000000025
    0.0000000013    0.0000000007    0.0000000004    0.0000000004    0.0000000002
    0.0000000001    0.0000000001
 $END   
 $VEC   
 1  1 -3.92841923768612900D-05 -1.89132106969794000D-04  2.11910649260130100D-04  0.00000000000000000D+00  0.00000000000000000D+00
 1  2 -1.06862427277903300D-04  0.00000000000000000D+00  0.00000000000000000D+00  2.59851857263874200D-04  1.23641548408006900D-04
 1  3  1.23641548408093700D-04 -2.47283096816132300D-04  0.00000000000000000D+00  0.00000000000000000D+00  0.00000000000000000D+00
 1  4  7.68872297044816600D-05  0.00000000000000000D+00  0.00000000000000000D+00  2.19676350411720500D-05 -1.68147080761343200D-04
 1  5 -1.68147080761388400D-04  3.36294161522555100D-04  0.00000000000000000D+00  0.00000000000000000D+00  0.00000000000000000D+00
 1  6 -1.00070563727881800D+00 -5.49155411153723300D-04  3.49016289056033900D-03  0.00000000000000000D+00  0.00000000000000000D+00
 1  7  6.77166760377122200D-05  0.00000000000000000D+00  0.00000000000000000D+00 -7.68895374777419900D-05 -5.33528796321571600D-06
 1  8 -5.33528794842712500D-06  1.06705759116106000D-05  0.00000000000000000D+00  0.00000000000000000D+00  0.00000000000000000D+00
 1  9 -1.26743604476296900D-03  0.00000000000000000D+00  0.00000000000000000D+00  1.52604348222605900D-04  6.02392184031224800D-06
 1 10  6.02392182773150800D-06 -1.20478436680434300D-05  0.00000000000000000D+00  0.00000000000000000D+00  0.00000000000000000D+00
 2  1 -1.00010937703882700D+00  9.52876215548292800D-04  1.25006238997404900D-03  0.00000000000000000D+00  0.00000000000000000D+00
 2  2  1.78077972631725600D-03  0.00000000000000000D+00  0.00000000000000000D+00 -1.45719539150959800D-03 -1.86410720708451800D-05
 2  3 -1.86410720709553400D-05  3.72821441417111800D-05  0.00000000000000000D+00  0.00000000000000000D+00  0.00000000000000000D+00
 2  4 -1.32928641469498900D-03  0.00000000000000000D+00  0.00000000000000000D+00  1.59914377832316100D-04 -1.61691242740011500D-05
 2  5 -1.61691242740466900D-05  3.23382485480057700D-05  0.00000000000000000D+00  0.00000000000000000D+00  0.00000000000000000D+00
 2  6 -2.16546791061600500D-06 -4.89388772790199300D-06  1.77717840036326100D-05  0.00000000000000000D+00  0.00000000000000000D+00
 2  7  1.19315832414884900D-05  0.00000000000000000D+00  0.00000000000000000D+00 -2.97639360550797300D-05 -1.97095006745633000D-06
 2  8 -1.97095006772857300D-06  3.94190013527256100D-06  0.00000000000000000D+00  0.00000000000000000D+00  0.00000000000000000D+00
 2  9 -3.59354711926803200D-05  0.00000000000000000D+00  0.00000000000000000D+00  1.61574044042929300D-04  7.71156926568502800D-06
 2 10  7.71156926805943000D-06 -1.54231385337446700D-05  0.00000000000000000D+00  0.00000000000000000D+00  0.00000000000000000D+00
 3  1  1.34138302274331100D-04  8.26715541512046600D-04 -6.27259287619781100D-04  0.00000000000000000D+00  0.00000000000000000D+00
 3  2  5.81842631389086900D-04  0.00000000000000000D+00  0.00000000000000000D+00 -1.23271386657084700D-03 -2.48824448825055100D-04
 3  3 -2.48824448824957700D-04  4.97648897650054000D-04  0.00000000000000000D+00  0.00000000000000000D+00  0.00000000000000000D+00
 3  4 -6.86045110709920300D-04  0.00000000000000000D+00  0.00000000000000000D+00 -3.12760472446917700D-04  4.56626284408048500D-04
 3  5  4.56626284407961600D-04 -9.13252568815964400D-04  0.00000000000000000D+00  0.00000000000000000D+00  0.00000000000000000D+00
 3  6 -6.22535649114829000D-03  4.91203638692607100D-01  5.54113068451756700D-01  0.00000000000000000D+00  0.00000000000000000D+00
 3  7 -1.04115882785807900D-03  0.00000000000000000D+00  0.00000000000000000D+00 -2.49170538320693000D-03  1.81190022348226600D-05
 3  8  1.81190022330671900D-05 -3.62380044681742400D-05  0.00000000000000000D+00  0.00000000000000000D+00  0.00000000000000000D+00
 3  9  5.66994438738475500D-02  0.00000000000000000D+00  0.00000000000000000D+00 -2.10942734439980800D-03 -2.19141788432236900D-04
 3 10 -2.19141788414449300D-04  4.38283576846685100D-04  0.00000000000000000D+00  0.00000000000000000D+00  0.00000000000000000D+00
 4  1  0.00000000000000000D+00  0.00000000000000000D+00  0.00000000000000000D+00 -5.03151087806949200D-03  4.34892104261658100D-09
 4  2  0.00000000000000000D+00 -7.12962987327386400D-03  6.16240292046817100D-09  0.00000000000000000D+00  0.00000000000000000D+00
 4  3  0.00000000000000000D+00  0.00000000000000000D+00  0.00000000000000000D+00  6.81978527197317000D-03 -5.89459277245002000D-09
 4  4  0.00000000000000000D+00 -1.69914006988904100D-03  1.46862963730319500D-09  0.00000000000000000D+00  0.00000000000000000D+00
 4  5  0.00000000000000000D+00  0.00000000000000000D+00  0.00000000000000000D+00 -1.26171760944542000D-02  1.09054921808414000D-08
 4  6  0.00000000000000000D+00  0.00000000000000000D+00  0.00000000000000000D+00 -6.27312685852111800D-01  5.42209567101305300D-07
 4  7  0.00000000000000000D+00 -4.43380079659470300D-01  3.83229809385868900D-07  0.00000000000000000D+00  0.00000000000000000D+00
 4  8  0.00000000000000000D+00  0.00000000000000000D+00  0.00000000000000000D+00  1.08498490490145600D-04 -9.37792600880321800D-11
 4  9  0.00000000000000000D+00 -1.65306989685588900D-01  1.42880948300825500D-07  0.00000000000000000D+00  0.00000000000000000D+00
 4 10  0.00000000000000000D+00  0.00000000000000000D+00  0.00000000000000000D+00  3.17915302234453600D-03 -2.74785959712117300D-09
 5  1  0.00000000000000000D+00  0.00000000000000000D+00  0.00000000000000000D+00  4.34892103537800100D-09  5.03151087806866400D-03
 5  2  0.00000000000000000D+00  6.16240292056055300D-09  7.12962987327449800D-03  0.00000000000000000D+00  0.00000000000000000D+00
 5  3  0.00000000000000000D+00  0.00000000000000000D+00  0.00000000000000000D+00 -5.89459276531946500D-09 -6.81978527197272400D-03
 5  4  0.00000000000000000D+00  1.46862963651210900D-09  1.69914006988894200D-03  0.00000000000000000D+00  0.00000000000000000D+00
 5  5  0.00000000000000000D+00  0.00000000000000000D+00  0.00000000000000000D+00  1.09054921770202500D-08  1.26171760944544100D-02
 5  6  0.00000000000000000D+00  0.00000000000000000D+00  0.00000000000000000D+00  5.42209567135908100D-07  6.27312685852114200D-01
 5  7  0.00000000000000000D+00  3.83229809456670700D-07  4.43380079659467100D-01  0.00000000000000000D+00  0.00000000000000000D+00
 5  8  0.00000000000000000D+00  0.00000000000000000D+00  0.00000000000000000D+00 -9.37792601526871500D-11 -1.08498490490570100D-04
 5  9  0.00000000000000000D+00  1.42880948119474600D-07  1.65306989685590600D-01  0.00000000000000000D+00  0.00000000000000000D+00
 5 10  0.00000000000000000D+00  0.00000000000000000D+00  0.00000000000000000D+00 -2.74785959694352200D-09 -3.17915302234486600D-03
 6  1 -4.31138645680981600D-03  1.04947039103337100D-01  2.62356762189025300D-02  0.00000000000000000D+00  0.00000000000000000D+00
 6  2  4.00651456665348600D-02  0.00000000000000000D+00  0.00000000000000000D+00  8.74509930959093500D-03  5.25969236745691300D-03
 6  3  5.25969236745406400D-03 -1.05193847349109700D-02  0.00000000000000000D+00  0.00000000000000000D+00  0.00000000000000000D+00
 6  4 -1.16991774582631300D-03  0.00000000000000000D+00  0.00000000000000000D+00 -5.02165097056980200D-03 -1.18689219817164900D-02
 6  5 -1.18689219817047900D-02  2.37378439634211700D-02  0.00000000000000000D+00  0.00000000000000000D+00  0.00000000000000000D+00
 6  6 -2.90334455886317000D-04 -6.45618463173211000D-03 -1.31693823441839200D-02  0.00000000000000000D+00  0.00000000000000000D+00
 6  7 -6.13859325597633100D-01  0.00000000000000000D+00  0.00000000000000000D+00 -4.34841452537767900D-01 -8.26843744404721700D-05
 6  8 -8.26843744271176800D-05  1.65368748867796400D-04  0.00000000000000000D+00  0.00000000000000000D+00  0.00000000000000000D+00
 6  9  1.33721390245897300D-02  0.00000000000000000D+00  0.00000000000000000D+00 -1.66537476080383800D-01 -1.91769152650267500D-03
 6 10 -1.91769152648408200D-03  3.83538305298676200D-03  0.00000000000000000D+00  0.00000000000000000D+00  0.00000000000000000D+00
 7  1 -9.37781137606730200D-03 -5.07739534796386700D-01  7.32588672487727900D-02  0.00000000000000000D+00  0.00000000000000000D+00
 7  2 -1.63050426616058300D-01  0.00000000000000000D+00  0.00000000000000000D+00  5.58220315202469500D-02  1.24485446599852400D-02
 7  3  1.24485446599889300D-02 -2.48970893199742000D-02  0.00000000000000000D+00  0.00000000000000000D+00  0.00000000000000000D+00
 7  4 -2.26733222699228700D-02  0.00000000000000000D+00  0.00000000000000000D+00 -1.48086393491235800D-02 -9.30227602620054000D-03
 7  5 -9.30227602622829600D-03  1.86045520524290600D-02  0.00000000000000000D+00  0.00000000000000000D+00  0.00000000000000000D+00
 7  6 -2.26273778522958500D-03  1.31111469480488100D-02  6.93689009394991600D-02  0.00000000000000000D+00  0.00000000000000000D+00
 7  7 -2.50268318380399900D-01  0.00000000000000000D+00  0.00000000000000000D+00 -3.96022718650773900D-01  9.15486088825343200D-05
 7  8  9.15486089026143900D-05 -1.83097217785425800D-04  0.00000000000000000D+00  0.00000000000000000D+00  0.00000000000000000D+00
 7  9 -1.01490841322073400D-01  0.00000000000000000D+00  0.00000000000000000D+00  8.77869442274830500D-01 -1.34973843286922400D-03
 7 10 -1.34973843287418000D-03  2.69947686574341300D-03  0.00000000000000000D+00  0.00000000000000000D+00  0.00000000000000000D+00
 8  1  0.00000000000000000D+00  0.00000000000000000D+00  0.00000000000000000D+00  4.19851601299297600D-02 -2.00513163930458900D-05
 8  2  0.00000000000000000D+00  8.68504396337245500D-03 -4.14781235076097200D-06  0.00000000000000000D+00  0.00000000000000000D+00
 8  3  0.00000000000000000D+00  0.00000000000000000D+00  0.00000000000000000D+00  1.18491651053525000D-02 -5.65893653530489300D-06
 8  4  0.00000000000000000D+00  2.59514273464287600D-03 -1.23939095303368800D-06  0.00000000000000000D+00  0.00000000000000000D+00
 8  5  0.00000000000000000D+00  0.00000000000000000D+00  0.00000000000000000D+00  5.65067985630873800D-03 -2.69865762171574300D-06
 8  6  0.00000000000000000D+00  0.00000000000000000D+00  0.00000000000000000D+00 -2.17191137514299600D-01  1.03726369137282700D-04
 8  7  0.00000000000000000D+00 -4.41771245528456900D-01  2.10981570482626500D-04  0.00000000000000000D+00  0.00000000000000000D+00
 8  8  0.00000000000000000D+00  0.00000000000000000D+00  0.00000000000000000D+00  3.93702287650408100D-04 -1.88024747618854900D-07
 8  9  0.00000000000000000D+00  1.12799466603302200D+00 -5.38708864697306100D-04  0.00000000000000000D+00  0.00000000000000000D+00
 8 10  0.00000000000000000D+00  0.00000000000000000D+00  0.00000000000000000D+00 -1.01269713066098000D-03  4.83644948012427900D-07
 9  1  0.00000000000000000D+00  0.00000000000000000D+00  0.00000000000000000D+00 -2.00513164016874900D-05 -4.19851601299284000D-02
 9  2  0.00000000000000000D+00 -4.14781232067991200D-06 -8.68504396337607700D-03  0.00000000000000000D+00  0.00000000000000000D+00
 9  3  0.00000000000000000D+00  0.00000000000000000D+00  0.00000000000000000D+00 -5.65893658332431600D-06 -1.18491651053422900D-02
 9  4  0.00000000000000000D+00 -1.23939096382730100D-06 -2.59514273464284800D-03  0.00000000000000000D+00  0.00000000000000000D+00
 9  5  0.00000000000000000D+00  0.00000000000000000D+00  0.00000000000000000D+00 -2.69865755755591100D-06 -5.65067985631939600D-03
 9  6  0.00000000000000000D+00  0.00000000000000000D+00  0.00000000000000000D+00  1.03726369137720000D-04  2.17191137514300900D-01
 9  7  0.00000000000000000D+00  2.10981570484661100D-04  4.41771245528454600D-01  0.00000000000000000D+00  0.00000000000000000D+00
 9  8  0.00000000000000000D+00  0.00000000000000000D+00  0.00000000000000000D+00 -1.88024747632744300D-07 -3.93702287650448700D-04
 9  9  0.00000000000000000D+00 -5.38708864705054700D-04 -1.12799466603302000D+00  0.00000000000000000D+00  0.00000000000000000D+00
 9 10  0.00000000000000000D+00  0.00000000000000000D+00  0.00000000000000000D+00  4.83644947956532400D-07  1.01269713066058400D-03
10  1  2.71622895213087200D-02  7.89158110839612800D-02 -1.37803754970634700D-01  0.00000000000000000D+00  0.00000000000000000D+00
10  2  7.62188917126629800D-02  0.00000000000000000D+00  0.00000000000000000D+00 -1.99359730655658300D-01 -9.05107144809108600D-02
10  3 -9.05107144809018100D-02  1.81021428961812600D-01  0.00000000000000000D+00  0.00000000000000000D+00  0.00000000000000000D+00
10  4 -7.33070436746227600D-02  0.00000000000000000D+00  0.00000000000000000D+00 -2.49597596340898600D-02  1.22170523428755600D-01
10  5  1.22170523428730900D-01 -2.44341046857486500D-01  0.00000000000000000D+00  0.00000000000000000D+00  0.00000000000000000D+00
10  6  5.62260262567545600D-02 -6.22519897045391800D-02 -9.21429650648957400D-01  0.00000000000000000D+00  0.00000000000000000D+00
10  7  7.73872360080959900D-04  0.00000000000000000D+00  0.00000000000000000D+00 -2.04984439543030300D-02 -8.02367051203186000D-05
10  8 -8.02367050899874500D-05  1.60473410209943900D-04  0.00000000000000000D+00  0.00000000000000000D+00  0.00000000000000000D+00
10  9  1.52686442850693300D+00  0.00000000000000000D+00  0.00000000000000000D+00  7.47940723933349100D-03  1.57449253592466600D-03
10 10  1.57449253588112300D-03 -3.14898507180580200D-03  0.00000000000000000D+00  0.00000000000000000D+00  0.00000000000000000D+00
11  1  1.43577674550359800D-01  2.26263874024850700D-02 -9.68785752284466200D-01  0.00000000000000000D+00  0.00000000000000000D+00
11  2 -1.72724848512247300D-01  0.00000000000000000D+00  0.00000000000000000D+00 -4.40881822611280600D-01 -1.86444891425332400D-01
11  3 -1.86444891425306900D-01  3.72889782850639500D-01  0.00000000000000000D+00  0.00000000000000000D+00  0.00000000000000000D+00
11  4  1.56514558334226900D-01  0.00000000000000000D+00  0.00000000000000000D+00  1.92188144165755700D-01  3.27290073723711100D-01
11  5  3.27290073723632100D-01 -6.54580147447343400D-01  0.00000000000000000D+00  0.00000000000000000D+00  0.00000000000000000D+00
11  6  7.90235191096986000D-03  4.75692031889156700D-03 -1.10041888892819500D-01  0.00000000000000000D+00  0.00000000000000000D+00
11  7  6.35869054689365600D-02  0.00000000000000000D+00  0.00000000000000000D+00  2.66679238242920700D-01  4.83788860591921200D-04
11  8  4.83788860599749400D-04 -9.67577721191899800D-04  0.00000000000000000D+00  0.00000000000000000D+00  0.00000000000000000D+00
11  9  2.73298361172873000D-01  0.00000000000000000D+00  0.00000000000000000D+00 -9.98871182191451500D-01  3.90130718761954400D-04
11 10  3.90130718772313900D-04 -7.80261437534274600D-04  0.00000000000000000D+00  0.00000000000000000D+00  0.00000000000000000D+00
12  1  0.00000000000000000D+00  0.00000000000000000D+00  0.00000000000000000D+00 -4.33393265893190100D-02  1.02799681331436000D-03
12  2  0.00000000000000000D+00  7.48224736433236300D-01 -1.77476833449945800D-02  0.00000000000000000D+00  0.00000000000000000D+00
12  3  0.00000000000000000D+00  0.00000000000000000D+00  0.00000000000000000D+00 -9.93434861339777000D-01  2.35639995374069800D-02
12  4  0.00000000000000000D+00  1.07180296266973100D-01 -2.54228691769118400D-03  0.00000000000000000D+00  0.00000000000000000D+00
12  5  0.00000000000000000D+00  0.00000000000000000D+00  0.00000000000000000D+00  1.43817934468276200D+00 -3.41132154016736300D-02
12  6  0.00000000000000000D+00  0.00000000000000000D+00  0.00000000000000000D+00  1.47873574090629900D-02 -3.50752018779181500D-04
12  7  0.00000000000000000D+00  7.23706771508728100D-02 -1.71661240131470600D-03  0.00000000000000000D+00  0.00000000000000000D+00
12  8  0.00000000000000000D+00  0.00000000000000000D+00  0.00000000000000000D+00 -4.55687177875318600D-04  1.08087735455065100D-05
12  9  0.00000000000000000D+00 -2.70231527272251600D-01  6.40981692039383400D-03  0.00000000000000000D+00  0.00000000000000000D+00
12 10  0.00000000000000000D+00  0.00000000000000000D+00  0.00000000000000000D+00 -8.75501379852096900D-04  2.07666500470889800D-05
13  1  0.00000000000000000D+00  0.00000000000000000D+00  0.00000000000000000D+00  1.02799684443455500D-03  4.33393265998360700D-02
13  2  0.00000000000000000D+00 -1.77476833690958100D-02 -7.48224736442415700D-01  0.00000000000000000D+00 -7.82590063756012400D-11
13  3  7.59569300312009000D-11  0.00000000000000000D+00  0.00000000000000000D+00  2.35639995625981600D-02  9.93434861339062300D-01
13  4  0.00000000000000000D+00 -2.54228692299212500D-03 -1.07180296268353800D-01  0.00000000000000000D+00  1.03991078332493300D-10
13  5 -1.02264022556752100D-10  0.00000000000000000D+00  0.00000000000000000D+00 -3.41132154165160700D-02 -1.43817934468087400D+00
13  6  0.00000000000000000D+00  0.00000000000000000D+00  0.00000000000000000D+00 -3.50752018784472300D-04 -1.47873574090604500D-02
13  7  0.00000000000000000D+00 -1.71661240148498200D-03 -7.23706771509261800D-02  0.00000000000000000D+00  0.00000000000000000D+00
13  8  0.00000000000000000D+00  0.00000000000000000D+00  0.00000000000000000D+00  1.08087735462156000D-05  4.55687177876398000D-04
13  9  0.00000000000000000D+00  6.40981692143916600D-03  2.70231527272517200D-01  0.00000000000000000D+00  0.00000000000000000D+00
13 10  0.00000000000000000D+00  0.00000000000000000D+00  0.00000000000000000D+00  2.07666500751940800D-05  8.75501379846884200D-04
14  1  2.37109820272923800D-01  1.55081436856461300D+00 -1.68643489846179200D+00  0.00000000000000000D+00  0.00000000000000000D+00
14  2 -2.30925172799923900D-01  0.00000000000000000D+00  0.00000000000000000D+00 -2.45113703499754800D-01 -7.96097050822469000D-01
14  3 -7.96097050822516600D-01  1.59219410164498600D+00  0.00000000000000000D+00  0.00000000000000000D+00  0.00000000000000000D+00
14  4  5.24821567705216700D-01  0.00000000000000000D+00  0.00000000000000000D+00  1.72909458688604600D-01  1.08353487653787500D+00
14  5  1.08353487653798100D+00 -2.16706975307585600D+00  0.00000000000000000D+00  0.00000000000000000D+00  0.00000000000000000D+00
14  6  7.96406322552527600D-03  5.20200214551139400D-03 -1.13981170086214800D-01  0.00000000000000000D+00  0.00000000000000000D+00
14  7 -5.05280259796153000D-03  0.00000000000000000D+00  0.00000000000000000D+00  5.83064253639534000D-02  9.03067108371151300D-04
14  8  9.03067108309712300D-04 -1.80613421668102900D-03  0.00000000000000000D+00  0.00000000000000000D+00  0.00000000000000000D+00
14  9  2.61183591748716300D-01  0.00000000000000000D+00  0.00000000000000000D+00 -3.33819595367180600D-01 -1.87455869634045900D-04
14 10 -1.87455869572551700D-04  3.74911739206587800D-04  0.00000000000000000D+00  0.00000000000000000D+00  0.00000000000000000D+00
15  1  2.66458182537797500D-11  1.54431623565549900D-10 -1.79498661107709000D-10  4.72748372456383800D-01  5.17556600167353200D-03
15  2 -3.77018234577813000D-11 -5.29519607474540600D-01 -5.79708749190919700D-03  1.42665507247156900D-11  4.20238371439920800D-11
15  3 -3.10555195638720600D-11 -1.09683175801201400D-11  0.00000000000000000D+00  1.27582236664191500D+00  1.39674787703019700D-02
15  4  3.61267185816736000D-11  8.88914600633349800D-01  9.73168064442858500D-03  1.36287106807730400D-11 -4.76392153233487400D-11
15  5  1.40188560160008400D-11  3.36203593073480700D-11  0.00000000000000000D+00 -1.47124555049674100D+00 -1.61069374130911400D-02
15  6  0.00000000000000000D+00  0.00000000000000000D+00  0.00000000000000000D+00 -9.35797320021018700D-04 -1.02449443935764900D-05
15  7  0.00000000000000000D+00  4.15911793217700600D-03  4.55332913676315700D-05  0.00000000000000000D+00  0.00000000000000000D+00
15  8  0.00000000000000000D+00  0.00000000000000000D+00  0.00000000000000000D+00  3.80368472276319800D-05  4.16420712282071200D-07
15  9  0.00000000000000000D+00 -6.36714548881273100D-03 -6.97063888383175600D-05  0.00000000000000000D+00  0.00000000000000000D+00
15 10  0.00000000000000000D+00  0.00000000000000000D+00  0.00000000000000000D+00  2.04450132268218600D-03  2.23828407264491200D-05
16  1  0.00000000000000000D+00 -3.82129644258127800D-11  3.10365463908030400D-11 -5.17556539843981100D-03  4.72748372668274600D-01
16  2 -1.19770226220758200D-11  5.79708702352418700D-03 -5.29519607675377800D-01  2.25811110949818900D-11 -1.51635707879276600D-09
16  3  1.43772121177918100D-09  7.86358670135646700D-11 -2.27144835453437800D-11 -1.39674782980925200D-02  1.27582236658421800D+00
16  4  0.00000000000000000D+00 -9.73168074573240100D-03  8.88914600649049600D-01 -1.11510542704639200D-11  2.00537413779420300D-09
16  5 -1.95441564894092200D-09 -5.09584888532382000D-11  2.16562717863892200D-11  1.61069371359329800D-02 -1.47124555045265800D+00
16  6  0.00000000000000000D+00  0.00000000000000000D+00  0.00000000000000000D+00  1.02449441840317100D-05 -9.35797319947438700D-04
16  7  0.00000000000000000D+00 -4.55332948848888000D-05  4.15911793140563700D-03  0.00000000000000000D+00  0.00000000000000000D+00
16  8  0.00000000000000000D+00  0.00000000000000000D+00  0.00000000000000000D+00 -4.16420696666589200D-07  3.80368472635743900D-05
16  9  0.00000000000000000D+00  6.97064095018535400D-05 -6.36714548502859100D-03  0.00000000000000000D+00  0.00000000000000000D+00
16 10  0.00000000000000000D+00  0.00000000000000000D+00  0.00000000000000000D+00 -2.23828402068374600D-05  2.04450132251193100D-03
17  1  3.49140376427087400D-02  5.13887668164773900D-01  1.87575926479832000D-01  0.00000000000000000D+00  0.00000000000000000D+00
17  2  9.18064834255106300D-01  0.00000000000000000D+00  0.00000000000000000D+00 -1.25023884918927100D+00 -1.42671340856677000D-01
17  3 -1.42671340939511800D-01  2.85342681796189300D-01  0.00000000000000000D+00  0.00000000000000000D+00 -4.24270460863101500D-11
17  4 -9.37993798364516600D-01  0.00000000000000000D+00  1.54033552444286700D-11 -3.93162295164215100D-01  1.64356241841254900D-01
17  5  1.64356241911432700D-01 -3.28712483752687600D-01  0.00000000000000000D+00  0.00000000000000000D+00  2.13864666663645600D-11
17  6  1.70755398256754200D-02  2.19976464588268500D-02 -1.79606103831140800D-01  0.00000000000000000D+00  0.00000000000000000D+00
17  7  5.57319478117390000D-04  0.00000000000000000D+00  0.00000000000000000D+00  2.17506022395638300D-02  9.38447558532027600D-05
17  8  9.38447558411290200D-05 -1.87689511694232400D-04  0.00000000000000000D+00  0.00000000000000000D+00  0.00000000000000000D+00
17  9  5.02157563304382100D-01  0.00000000000000000D+00  0.00000000000000000D+00 -1.58219570424897500D-01  1.76388506954447100D-04
17 10  1.76388506983887900D-04 -3.52777013938339400D-04  0.00000000000000000D+00  0.00000000000000000D+00  0.00000000000000000D+00
18  1 -3.59137759484828200D-01 -1.83796688467905500D+00  2.47751686511794800D+00  0.00000000000000000D+00 -8.80896790791011600D-10
18  2 -1.47131554178577500D+00 -7.60328672628476300D-11  6.83313172796011700D-10  1.70325682878276100D+00  4.66411221542866500D-01
18  3  4.66411218572504400D-01 -9.32822440115371200D-01  2.11171314506478700D-11 -4.14322450733418700D-10 -1.50637213553699500D-09
18  4 -6.24501102512182900D-01  1.13790898257933000D-10  2.45384698628844900D-10 -7.36585496894810000D-01 -2.74789308485594600D-01
18  5 -2.74789306023510800D-01  5.49578614509105900D-01 -2.10423814498983600D-11  2.56098238639710100D-10  8.24345111376808800D-10
18  6 -1.39697664732939400D-03 -1.73972583058924200D-03  2.40878448565982600D-02  0.00000000000000000D+00  0.00000000000000000D+00
18  7  3.35556747308795400D-03  0.00000000000000000D+00  0.00000000000000000D+00 -3.42696955659924400D-02 -4.72076416271873100D-04
18  8 -4.72076416277530300D-04  9.44152832549983200D-04  0.00000000000000000D+00  0.00000000000000000D+00  0.00000000000000000D+00
18  9 -9.44293968932257100D-02  0.00000000000000000D+00 -4.34941364244239700D-11  2.29405236870927400D-01  8.64080744200839900D-04
18 10  8.64080744970823200D-04 -1.72816148917165400D-03  0.00000000000000000D+00  0.00000000000000000D+00  0.00000000000000000D+00
19  1  1.52460031530233900D-08  8.04040553726788800D-08 -1.06755925843105600D-07 -1.51688884094097500D+00  1.04084170595418800D-01
19  2 -1.20758481391671300D-08  1.22997231146546300D+00 -8.43968553807707000D-02  2.51388856714212000D-08 -2.19414281365162400D-09
19  3  6.02445502771167200D-09 -3.83031221406008800D-09  1.13092161473665000D-10 -1.17311820963831600D+00  8.04957048165719600D-02
19  4  3.01744072502835500D-08  2.12804169933588000D-01 -1.46019564803357900D-02 -1.94714170836249100D-08  1.66047996784768100D-09
19  5 -8.56241156343955000D-09  6.90193159559195000D-09 -1.40620381081042300D-10  6.51668651499070200D-01 -4.47154662546583900D-02
19  6 -2.70996311425296500D-11 -4.65805907040781200D-11  2.32742056491915200D-10  4.93588133249831000D-04 -3.38684753220198600D-05
19  7  4.23341101964392400D-11  8.65531568331366600D-03 -5.93900704738765200D-04 -2.34529663849738700D-10  0.00000000000000000D+00
19  8  0.00000000000000000D+00  0.00000000000000000D+00  0.00000000000000000D+00 -5.28404275750303000D-05  3.62574500765193800D-06
19  9 -9.60538024536311800D-10 -5.13277104162007100D-02  3.52194703770769200D-03  1.01357900061574700D-09  0.00000000000000000D+00
19 10  0.00000000000000000D+00  0.00000000000000000D+00  0.00000000000000000D+00 -1.23208888227141500D-03  8.45420882249841500D-05
20  1 -6.36284299584052300D-09 -3.33872482188502200D-08  4.46339965855033300D-08  1.04084170537131600D-01  1.51688884295385900D+00
20  2  2.35049375405866900D-09 -8.43968552282483600D-02 -1.22997231366196600D+00 -7.51625757900818600D-09  1.46883469171263000D-09
20  3 -3.32549112987926700D-09  1.85665643816666100D-09 -1.30307098267964400D-09  8.04957041837236600D-02  1.17311820749076200D+00
20  4 -1.27843875979007800D-08 -1.46019568474540900D-02 -2.12804169460531400D-01  6.91473160334952900D-09 -1.61265396148304700D-09
20  5  4.34951965793991700D-09 -2.73686569645692100D-09  1.62021108416349900D-09 -4.47154656169967700D-02 -6.51668649927089300D-01
20  6  0.00000000000000000D+00  1.58386055011701500D-11 -7.59684644274922800D-11 -3.38684745750435900D-05 -4.93588131006431100D-04
20  7 -1.44398322885387000D-11 -5.93900705302713400D-04 -8.65531568574855200D-03  5.88507913405288600D-11  0.00000000000000000D+00
20  8  0.00000000000000000D+00  0.00000000000000000D+00  0.00000000000000000D+00  3.62574500072099300D-06  5.28404281279440300D-05
20  9  3.07212895754957900D-10  3.52194703591986500D-03  5.13277104223375200D-02 -1.81408021786884600D-10  0.00000000000000000D+00
20 10  0.00000000000000000D+00  0.00000000000000000D+00  0.00000000000000000D+00  8.45420872462754200D-05  1.23208887804734500D-03
21  1  4.12956834562604300D-08  2.17742700141901300D-07 -2.89118945403106500D-07 -4.07281272273360100D-09 -1.57882425844360700D-09
21  2 -3.22108591393786200D-08  3.38227057705920600D-09  1.25202964213307100D-09  6.77410756323603300D-08  1.56368285528919500D+00
21  3 -1.56368284489584800D+00 -1.03933282262528900D-08 -2.79338673112586600D-07 -2.76527942044064400D-09  1.54430290790163400D-11
21  4  8.16325752564942400D-08  4.48398753032002100D-10  1.01131687623407400D-09 -5.26047785840618800D-08 -2.03791257331084500D+00
21  5  2.03791255476998500D+00  1.85408185735288300D-08  3.64048120154399400D-07  1.50752429911341900D-09 -9.10023844654113400D-10
21  6 -7.30395363867137600D-11 -1.25656784748427200D-10  6.25892503952609500D-10  0.00000000000000000D+00  0.00000000000000000D+00
21  7  1.14286278321018800D-10  2.19586159330890200D-11  1.09720659191284400D-11 -6.30310851537733000D-10  3.28864987300023800D-05
21  8 -3.28864954954915200D-05  0.00000000000000000D+00  0.00000000000000000D+00  0.00000000000000000D+00  0.00000000000000000D+00
21  9 -2.58745776236659500D-09 -1.30049586450903000D-10 -5.58057060145977200D-11  2.71711629852263800D-09 -5.05293010523626400D-04
21 10  5.05293008763404600D-04  0.00000000000000000D+00  9.02655087481809400D-11  0.00000000000000000D+00  0.00000000000000000D+00
22  1 -1.38902226453226200D-10 -7.38921996463256000D-10  9.72176417873991800D-10 -1.68139213220094300D-10 -1.07997016453532600D-09
22  2  1.19047092830661000D-10  1.39422471630571400D-10  9.33722491253020900D-10 -2.10998237747460800D-10 -2.41919494210688300D-07
22  3  2.41881062344636200D-07  3.84318660490437200D-11 -1.80560495123855600D+00 -1.11540551164578900D-10 -7.10563368555458100D-10
22  4 -2.73821544027286400D-10  1.89192086336732700D-11  8.67078392560022800D-11  1.57437005396239000D-10  3.15306613672651600D-07
22  5 -3.15228893894614700D-07 -7.77197780303605100D-11  2.35318865106346900D+00  6.06127073780529200D-11  3.63218583702319500D-10
22  6  0.00000000000000000D+00  0.00000000000000000D+00  0.00000000000000000D+00  0.00000000000000000D+00  0.00000000000000000D+00
22  7  0.00000000000000000D+00  0.00000000000000000D+00  0.00000000000000000D+00  0.00000000000000000D+00  0.00000000000000000D+00
22  8  0.00000000000000000D+00  0.00000000000000000D+00 -3.79745575028496900D-05  0.00000000000000000D+00  0.00000000000000000D+00
22  9  0.00000000000000000D+00  0.00000000000000000D+00 -3.38700976662836200D-11  0.00000000000000000D+00  7.81778889657067800D-11
22 10 -7.81597814230647000D-11  0.00000000000000000D+00  5.83466798866391200D-04  0.00000000000000000D+00  0.00000000000000000D+00
23  1 -3.27196411821217600D-01 -2.02885204604642300D+00  2.21287595483394300D+00 -3.20631617949311800D-11 -1.04306314579981200D-09
23  2  1.44828445231483000D-01 -4.59866584967861300D-10  1.76415498178803800D-09  5.02921524222990100D-01 -8.51631454869678200D-01
23  3 -8.51631476396736500D-01  1.70326293126641500D+00  1.89236592408263300D-11 -2.85572705076272000D-09 -4.50581036806247700D-10
23  4 -4.66698437476487400D-01  7.10491736078977300D-10 -6.32708666959041200D-10 -5.02747022468156700D-01  7.36692582129502400D-01
23  5  7.36692600032941000D-01 -1.47338518216244400D+00 -4.38702651325385400D-11  1.82283896745956000D-09 -3.73580585923478300D-10
23  6  1.10273409094187000D-03  4.75524974380825800D-04 -2.12378537344662700D-02  0.00000000000000000D+00  0.00000000000000000D+00
23  7 -1.61812876457122900D-03  0.00000000000000000D+00  0.00000000000000000D+00 -6.55872487990118200D-03  7.05813899981658800D-05
23  8  7.05813893949304000D-05 -1.41162779392956200D-04  0.00000000000000000D+00  0.00000000000000000D+00  0.00000000000000000D+00
23  9  4.88466899725297200D-02 -5.09426101141429400D-11 -2.07926348688543300D-11  4.01580672941056200D-02  9.66305372695271700D-04
23 10  9.66305378652158200D-04 -1.93261075134744300D-03  0.00000000000000000D+00  0.00000000000000000D+00  0.00000000000000000D+00
24  1  6.96815664470709200D-09  3.67066892413475600D-08 -4.87716600351949900D-08  6.79181540202626700D-01  4.80408499708090300D-02
24  2 -5.27157690546502600D-09 -1.57599732232816600D+00 -1.11475721601209700D-01  1.14163482592998900D-08 -2.89293274532996800D-10
24  3  2.03169462113085100D-09 -1.74240134659783300D-09  1.07659757429957100D-10 -8.36084521893763400D-01 -5.91391389718850600D-02
24  4  1.37429236189584700D-08  8.44963184369575500D-01  5.97671583942415100D-02 -8.91386302376899100D-09 -1.02949689995637600D-09
24  5 -1.99559451833080100D-09  3.02509141828713200D-09 -4.48699973173848800D-11  1.16541459234393000D+00  8.24337904882569700D-02
24  6 -1.22339266605430800D-11 -2.11275271796495100D-11  1.04237210503187300D-10  1.32376092237170000D-03  9.36341717712296100D-05
24  7  1.92813743975220900D-11  2.40504562248020800D-03  1.70117170047437500D-04 -1.06471247638161200D-10  0.00000000000000000D+00
24  8  0.00000000000000000D+00  0.00000000000000000D+00  0.00000000000000000D+00  3.94807798449061500D-04  2.79261161434162200D-05
24  9 -4.34489269431271800D-10 -7.65159338489332400D-03 -5.41223586102337200D-04  4.60238664924740700D-10  0.00000000000000000D+00
24 10  0.00000000000000000D+00  0.00000000000000000D+00  0.00000000000000000D+00 -2.43604869624232500D-03 -1.72310118901863500D-04
25  1  1.62749780964035400D-09  8.91870960456438100D-09 -1.16944914418211100D-08  4.80408506616655100D-02 -6.79181532950812100D-01
25  2 -3.06843008614094200D-09 -1.11475722158302300D-01  1.57599731643963000D+00  2.65506385908768400D-09  2.22165130125094800D-09
25  3 -1.66990505565843600D-09 -5.51746245592546500D-10 -8.65758615060384300D-10 -5.91391395299291700D-02  8.36084516638160400D-01
25  4  3.91250170798717900D-09  5.97671583950949600D-02 -8.44963184190641400D-01 -1.71798447684025300D-09 -1.81795563994877400D-09
25  5 -1.97419259159306400D-10  2.01537489910814700D-09  3.60885758494567900D-10  8.24337907798800700D-02 -1.16541458978550700D+00
25  6  0.00000000000000000D+00  0.00000000000000000D+00  4.13555500866644300D-11  9.36341722833707200D-05 -1.32376091759841800D-03
25  7  0.00000000000000000D+00  1.70117168202217400D-04 -2.40504564194402000D-03 -2.36509542209838500D-11  0.00000000000000000D+00
25  8  0.00000000000000000D+00  0.00000000000000000D+00  0.00000000000000000D+00  2.79261162713613700D-05 -3.94807797133681300D-04
25  9 -1.25234687785713800D-10 -5.41223579600985700D-04  7.65159345745392000D-03  8.31718904652725900D-11  0.00000000000000000D+00
25 10  0.00000000000000000D+00  0.00000000000000000D+00  0.00000000000000000D+00 -1.72310119888286000D-04  2.43604868681512200D-03
26  1 -2.17320593756432700D-01 -1.23126057728280900D+00  1.59758047837383800D+00 -9.17635547621316600D-10  2.85908165067052000D-08
26  2  1.13668526041632600D+00 -4.76136834513806400D-09 -2.05837781642085600D-08 -8.62849470291887900D-01  2.99512161103256300D-01
26  3  2.99511920416894000D-01 -5.99024081520150400D-01 -4.66684615909579600D-10 -3.10820046925363500D-08 -3.40568678849220100D-08
26  4 -6.03862329690886700D-01  7.67833846991324900D-09  1.24525666019564600D-11  3.82601213574526300D-01  4.46587860014889500D-02
26  5  4.46589861529279200D-02 -8.93177721544166600D-02  6.70158533483287500D-11  2.02757235400728600D-08  1.52533970242272700D-08
26  6  8.05692729223408400D-04  1.51065574636922000D-03 -5.10988565833139800D-03  2.37491259178038100D-11  2.60076769322418800D-11
26  7 -2.04629540542622400D-04  8.52599306099382400D-11 -5.96800626182547400D-11  6.38780302113777000D-03  5.00390028020911000D-05
26  8  5.00389970963660100D-05 -1.00077999898613600D-04  0.00000000000000000D+00  0.00000000000000000D+00  0.00000000000000000D+00
26  9  1.57367730001902200D-02 -5.61506133908949100D-10  1.00507831429886100D-10 -2.43171166460903600D-02 -5.71821552409378200D-04
26 10 -5.71821486475440100D-04  1.14364303888482300D-03  0.00000000000000000D+00 -4.92994319614508100D-11 -5.32830059708300300D-11
27  1 -5.38356463135127400D-01 -2.94784553165307000D+00  3.46642061868235700D+00  3.64956574848155500D-09  4.16178451054317900D-08
27  2  4.23613825233499900D-01 -1.21183983399866600D-08 -3.34227620256840200D-08 -1.14406341965649700D+00 -6.32481409984788400D-02
27  3 -6.32485183848725100D-02  1.26496659383351200D-01  1.29033599378775900D-10 -5.61150281446529000D-08 -5.50895062105194800D-08
27  4 -3.57946956066352400D-01  1.29095323995084700D-08  3.25564601565556100D-09  4.67168213868066100D-01 -2.00450165117383700D-03
27  5 -2.00418074322129000D-03  4.00868239439544600D-03 -2.95506945446346000D-10  3.59560012312459100D-08  2.76375701662453200D-08
27  6  1.17310502560669300D-03  2.25508136380445400D-03 -8.53267358627470000D-03  4.33956148161418200D-11  4.36936843815775000D-11
27  7 -1.61938709537849400D-03  1.28892531342979700D-10 -6.41047796354478700D-11  6.54187429558583200D-03 -2.03317472241862000D-05
27  8 -2.03317561294821900D-05  4.06635033539608800D-05  0.00000000000000000D+00  0.00000000000000000D+00  0.00000000000000000D+00
27  9  4.13704239276238700D-02 -8.91034932365859200D-10  2.95360904050641800D-11 -3.55995672601437900D-02 -1.17147463374633700D-04
27 10 -1.17147359286078000D-04  2.34294822660712000D-04  0.00000000000000000D+00 -8.96956503080472500D-11 -8.89621384632236800D-11
28  1 -1.17619062704527800D-08 -6.27685594010409800D-08  8.07629488067689100D-08 -1.39417779381799200D+00  1.28002555452285100D-01
28  2  9.91884491915573900D-09  1.13125305717143000D+00 -1.03862853084745200D-01 -2.07222553367122700D-08  1.59761139115207600D-08
28  3 -1.88108497871445000D-08  2.83473587562347700D-09 -6.66706507008048800D-10  1.30095832010635500D+00 -1.19443869084488500D-01
28  4 -1.95519718125104100D-08 -5.98613966020493500D-02  5.49600827576594100D-03  1.35775471822004000D-08 -6.50947536758334900D-09
28  5  1.08575965913142400D-08 -4.34812122373037700D-09  3.32864747203551500D-10 -6.48706029477833700D-01  5.95591401248907100D-02
28  6  2.24149513982567000D-11  3.95258558896936900D-11 -1.85670753743186100D-10 -1.11256691777757200D-03  1.02147237050840200D-04
28  7 -3.29993424702379300D-11  3.19531761857908000D-03 -2.93369194117898800D-04  1.68276237879358900D-10  0.00000000000000000D+00
28  8  0.00000000000000000D+00  0.00000000000000000D+00  0.00000000000000000D+00 -2.80474893996218100D-04  2.57510223186356900D-05
28  9  7.84102159476060200D-10 -9.50373009750760100D-03  8.72558527309573500D-04 -7.56013381706721500D-10  0.00000000000000000D+00
28 10  0.00000000000000000D+00  0.00000000000000000D+00  0.00000000000000000D+00  2.22417152671797500D-03 -2.04206122218988400D-04
29  1 -3.20287802337507500D-08 -1.66118988805936300D-07  2.28240267947566100D-07 -1.28002555131828300D-01 -1.39417779507634600D+00
29  2  1.96242493841478700D-08  1.03862852524428900D-01  1.13125306287679900D+00 -4.85113485986375500D-08  2.62856348980480200D-09
29  3 -1.07938886410357900D-08  8.16532515123088200D-09 -3.94179865628741500D-09  1.19443868934626600D-01  1.30095832544546400D+00
29  4 -7.26628604124144500D-08 -5.49600804424750100D-03 -5.98614006596767300D-02  4.55081893862368800D-08  4.01573029336859700D-09
29  5  1.07179305331808500D-08 -1.47336608265492300D-08  1.96791262484496700D-09 -5.95591398372039500D-02 -6.48706035718037900D-01
29  6  5.00101594913691700D-11  8.53203739897836900D-11 -4.32828487441083300D-10 -1.02147236703669200D-04 -1.11256692454869700D-03
29  7 -8.76215508798792200D-11  2.93369194135865300D-04  3.19531759732247200D-03  5.23962796180224200D-10  0.00000000000000000D+00
29  8  0.00000000000000000D+00  0.00000000000000000D+00  0.00000000000000000D+00 -2.57510221987157300D-05 -2.80474895738164300D-04
29  9  1.82693832380533700D-09 -8.72558525461100700D-04 -9.50373000073845300D-03 -2.20585562974341100D-09  0.00000000000000000D+00
29 10  0.00000000000000000D+00  0.00000000000000000D+00  0.00000000000000000D+00  2.04206121606090700D-04  2.22417153951934800D-03
30  1 -1.62851947338062700D-01 -5.85470102625159700D-01  1.54435560415431400D+00 -1.37356792857423800D-09  3.89886780929971300D-08
30  2 -7.51928560230175600D-01 -4.81959242883113700D-09 -3.09274456689519500D-08  4.96434683025012400D-01 -2.70492993665043100D-01
30  3 -2.70493252965706300D-01  5.40986246630749600D-01 -6.71116399597013500D-10 -3.29406382419462300D-08 -4.79759158942524700D-08
30  4 -1.26782958509722300D+00  8.19438031796740900D-09  2.36362306511759600D-09  5.37544629660207200D-01  1.79158629144449700D-01
30  5  1.79158844366747400D-01 -3.58317473511196900D-01  1.94681250642666500D-10  2.16135746230238000D-08  2.37073122416729600D-08
30  6 -4.73037615367773200D-04 -1.18296380686882600D-03  8.84749324657825600D-04  2.51969386062140000D-11  3.82908856435357500D-11
30  7 -6.10827191992339100D-04  9.21178384470802600D-11 -6.86883332044115700D-11  3.62388039256455300D-03 -6.39123090079947000D-05
30  8 -6.39123151493513200D-05  1.27824624157616200D-04  0.00000000000000000D+00  0.00000000000000000D+00  0.00000000000000000D+00
30  9 -4.79239080400124800D-03 -6.03427121519551300D-10  8.87159845393926300D-11 -9.07844603672149800D-03  6.50262888351143600D-04
30 10  6.50262959294825200D-04 -1.30052584764596800D-03  0.00000000000000000D+00 -5.22634043195145600D-11 -7.78171049156009000D-11
31  1 -5.82200986458902300D-08 -3.06080003725533500D-07  4.09959248892059200D-07 -1.69155476615856900D-08 -5.58219288671054000D-09
31  2  4.50049934438806500D-08  1.44939884986469300D-08  6.04886356665645300D-09 -9.32872265673333800D-08 -1.51719791924710300D+00
31  3  1.51719790433322500D+00  1.49138998127068000D-08  3.51606763907057800D-05  1.65049434634073600D-08  5.86211904307467700D-09
31  4 -1.20570697560652700D-07 -1.38661143036818700D-09 -1.44524235003677000D-09  7.58694262848313100D-08  7.70652252600467900D-01
31  5 -7.70652224580002500D-01 -2.80205086374840000D-08 -1.78593433345711000D-05 -8.81853725194079100D-09 -4.08581576275071700D-09
31  6  1.01026712305786100D-10  1.71962454431621700D-10 -8.77831647097425700D-10 -1.44707705848032200D-11  0.00000000000000000D+00
31  7 -1.60222571179283700D-10  3.47323382423582700D-11  0.00000000000000000D+00  9.00853852494502200D-10 -3.89807815698006600D-05
31  8  3.89807769429946500D-05  0.00000000000000000D+00  9.03371576420937700D-10  0.00000000000000000D+00  0.00000000000000000D+00
31  9  3.58498186197411700D-09 -9.74358006093656900D-11 -1.53082280745402500D-11 -3.82659159887700500D-09  3.64379097648071100D-04
31 10 -3.64379092765316000D-04  0.00000000000000000D+00 -8.44435893915576900D-09  2.88094142072397600D-11  1.14334224895030600D-11
32  1  2.14773231730660000D-10  1.04685711522829500D-09 -1.70168546186658500D-09  8.33797895203818200D-10  3.41208339171563500D-09
32  2 -1.20848968040188500D-10 -7.06734638464868500D-10 -3.33715885625700500D-09  1.96062761074369900D-10 -3.04503653876671700D-05
32  3  3.04504356892147800D-05 -7.03015471620502900D-11 -1.75188912482497200D+00 -8.07415736847728900D-10 -3.45040912498300400D-09
32  4  8.86720722763330500D-10  6.18664814781120400D-11  6.10294407413739400D-10 -4.48761112264032200D-10  1.54670005647131300D-05
32  5 -1.54672319291824300D-05  2.31364468442351400D-10  8.89846331974570900D-01  4.25721905137930900D-10  2.14498766745060300D-09
32  6  0.00000000000000000D+00  0.00000000000000000D+00  0.00000000000000000D+00  0.00000000000000000D+00  0.00000000000000000D+00
32  7  0.00000000000000000D+00  0.00000000000000000D+00  0.00000000000000000D+00  0.00000000000000000D+00 -7.82339904227150700D-10
32  8  7.82360772784265400D-10  0.00000000000000000D+00 -4.50107036293281800D-05  0.00000000000000000D+00  0.00000000000000000D+00
32  9  0.00000000000000000D+00  0.00000000000000000D+00  1.41713580235277400D-11  1.75031066980052100D-11  7.31305249174906600D-09
32 10 -7.31323990499920800D-09  0.00000000000000000D+00  4.20742235552125100D-04  0.00000000000000000D+00  0.00000000000000000D+00
 $END   
 POPULATION ANALYSIS
LI           2.06623   0.93377   2.07646   0.92354
F            9.93377  -0.93377   9.92354  -0.92354
 MOMENTS AT POINT    1 X,Y,Z=  0.000000  0.000000  6.900365
 DIPOLE       0.000000  0.000000-22.635945
