 $DATA
 LiF single-point properties R=5.60 Ang                                         
CNV      2

LI          3.0      0.0000000000      0.0000000000      0.0000000000
   S          9
     1      1469.0000000000  0.00076600
     2       220.5000000000  0.00589200
     3        50.2600000000  0.02967100
     4        14.2400000000  0.10918000
     5         4.5810000000  0.28278900
     6         1.5800000000  0.45312300
     7         0.5640000000  0.27477400
     8         0.0734500000  0.00975100
     9         0.0280500000 -0.00318000
   S          9
     1      1469.0000000000 -0.00012000
     2       220.5000000000 -0.00092300
     3        50.2600000000 -0.00468900
     4        14.2400000000 -0.01768200
     5         4.5810000000 -0.04890200
     6         1.5800000000 -0.09600900
     7         0.5640000000 -0.13638000
     8         0.0734500000  0.57510200
     9         0.0280500000  0.51766100
   S          1
     1         0.0280500000  1.00000000
   P          4
     1         1.5340000000  0.02278400
     2         0.2749000000  0.13910700
     3         0.0736200000  0.50037500
     4         0.0240300000  0.50847400
   P          1
     1         0.0240300000  1.00000000
   D          1
     1         0.1144000000  1.00000000
   S          1
     1         0.0086000000  1.00000000
   P          1
     1         0.0058000000  1.00000000
   D          1
     1         0.0733000000  1.00000000
           
F           9.0      0.0000000000      0.0000000000      5.6000000000
   S          8
     1     14710.0000000000  0.00072100
     2      2207.0000000000  0.00555300
     3       502.8000000000  0.02826700
     4       142.6000000000  0.10644400
     5        46.4700000000  0.28681400
     6        16.7000000000  0.44864100
     7         6.3560000000  0.26476100
     8         1.3160000000  0.01533300
   S          8
     1     14710.0000000000 -0.00016500
     2      2207.0000000000 -0.00130800
     3       502.8000000000 -0.00649500
     4       142.6000000000 -0.02669100
     5        46.4700000000 -0.07369000
     6        16.7000000000 -0.17077600
     7         6.3560000000 -0.11232700
     8         1.3160000000  0.56281400
   S          1
     1         0.3897000000  1.00000000
   P          3
     1        22.6700000000  0.04487800
     2         4.9770000000  0.23571800
     3         1.3470000000  0.50852100
   P          1
     1         0.3471000000  1.00000000
   D          1
     1         1.6400000000  1.00000000
   S          1
     1         0.0986300000  1.00000000
   P          1
     1         0.0850200000  1.00000000
   D          1
     1         0.4640000000  1.00000000
           
 $END      
--- RHF ORBITALS --- GENERATED AT  9:42:32  7-MAY-2026    
 LiF single-point properties R=5.60 Ang                                         
E(RHF)=     -106.7592622339, E(NUC)=    2.5513901229,   14 ITERS
 $VEC
 1  1  1.19793360106536200D-05  6.63840504669839500D-05 -3.08452982342895300D-05  0.00000000000000000D+00  0.00000000000000000D+00
 1  2  9.39999727003898400D-05  0.00000000000000000D+00  0.00000000000000000D+00 -1.65371591321646300D-04 -8.28198620642683100D-05
 1  3 -8.28198620643120100D-05  1.65639724128575500D-04 -3.08976339124936600D-33  0.00000000000000000D+00  0.00000000000000000D+00
 1  4 -1.00835430700461900D-04  0.00000000000000000D+00  0.00000000000000000D+00 -5.34259544515101900D-05  1.02033711298023700D-04
 1  5  1.02033711298066700D-04 -2.04067422595999700D-04  3.04387209179326400D-33  0.00000000000000000D+00  0.00000000000000000D+00
 1  6  1.00069494537294300D+00  5.29417963587755100D-04 -3.43153069941505800D-03  0.00000000000000000D+00  0.00000000000000000D+00
 1  7 -5.08685290159434900D-05  0.00000000000000000D+00  0.00000000000000000D+00  4.83711281457190400D-05  2.78645262142328200D-06
 1  8  2.78645262093387300D-06 -5.57290524155010200D-06 -3.46025334975283300D-32  0.00000000000000000D+00  0.00000000000000000D+00
 1  9  1.18008169497947900D-03  0.00000000000000000D+00  0.00000000000000000D+00 -7.79778611578237800D-05 -2.16794807407330400D-06
 1 10 -2.16794807276564700D-06  4.33589614684074000D-06  9.24547936017784300D-32  0.00000000000000000D+00  0.00000000000000000D+00
 2  1 -1.00009788296521500D+00  1.01049672347904000D-03  1.17129311493581500D-03  0.00000000000000000D+00  0.00000000000000000D+00
 2  2  1.39481698717981400D-03  0.00000000000000000D+00  0.00000000000000000D+00 -1.15030232175475400D-03 -1.87814262155331900D-05
 2  3 -1.87814262155329700D-05  3.75628524311505000D-05  1.54224858827884100D-35  0.00000000000000000D+00  0.00000000000000000D+00
 2  4 -1.31609563752590700D-03  0.00000000000000000D+00  0.00000000000000000D+00  1.24989366631848800D-04 -1.82711977733565400D-06
 2  5 -1.82711977732958300D-06  3.65423955458891000D-06  4.29267027033283000D-34  0.00000000000000000D+00  0.00000000000000000D+00
 2  6 -1.68381371002572800D-06 -3.44286859631400000D-06  9.81268123243297900D-06  0.00000000000000000D+00  0.00000000000000000D+00
 2  7  1.07090151363941100D-05  0.00000000000000000D+00  0.00000000000000000D+00 -4.27988832764503900D-05 -1.91943733357535300D-06
 2  8 -1.91943733373155900D-06  3.83887466720459000D-06 -1.10442161138287000D-32  0.00000000000000000D+00  0.00000000000000000D+00
 2  9  8.13179916429526700D-06  0.00000000000000000D+00  0.00000000000000000D+00  1.39499399729903200D-04  6.85816946806549700D-06
 2 10  6.85816946726684700D-06 -1.37163389353273300D-05 -5.64667049129358600D-32  0.00000000000000000D+00  0.00000000000000000D+00
 3  1  6.24378399972907300D-05  4.40161132300526100D-04 -8.39785249388824700D-05  0.00000000000000000D+00  0.00000000000000000D+00
 3  2  5.51914445782682200D-04  0.00000000000000000D+00  0.00000000000000000D+00 -9.32803138399641900D-04 -4.25377853459080500D-04
 3  3 -4.25377853459039800D-04  8.50755706918058700D-04  2.88287638550464400D-33  0.00000000000000000D+00  0.00000000000000000D+00
 3  4 -7.42405915328064900D-04  0.00000000000000000D+00  0.00000000000000000D+00 -4.45100415257651500D-04  5.66663152635231100D-04
 3  5  5.66663152635165200D-04 -1.13332630527042600D-03 -4.65834305298662700D-33  0.00000000000000000D+00  0.00000000000000000D+00
 3  6 -6.27831088584752900D-03  4.91075598250060000D-01  5.54260836333580600D-01  0.00000000000000000D+00  0.00000000000000000D+00
 3  7 -8.70774739409132400D-04  0.00000000000000000D+00  0.00000000000000000D+00 -2.04785576529832600D-03  1.15831766016980700D-05
 3  8  1.15831765978555500D-05 -2.31663531992212000D-05 -2.71676492780124500D-31  0.00000000000000000D+00  0.00000000000000000D+00
 3  9  5.65676851241578700D-02  0.00000000000000000D+00  0.00000000000000000D+00 -1.59338394359379000D-03 -1.55354793473234300D-04
 3 10 -1.55354793475357200D-04  3.10709586948623500D-04 -1.50093137244065900D-31  0.00000000000000000D+00  0.00000000000000000D+00
 4  1  0.00000000000000000D+00  0.00000000000000000D+00  0.00000000000000000D+00 -1.58894616360381400D-20 -2.59503171552918900D-04
 4  2  0.00000000000000000D+00 -1.60165576546569300D-19 -2.61578875606259500D-03  0.00000000000000000D+00  0.00000000000000000D+00
 4  3  0.00000000000000000D+00  0.00000000000000000D+00  0.00000000000000000D+00  1.27434347121628100D-19  2.08122955958648800D-03
 4  4  0.00000000000000000D+00 -2.36413067717832000D-20 -3.86104591046605700D-04  0.00000000000000000D+00  0.00000000000000000D+00
 4  5  0.00000000000000000D+00  0.00000000000000000D+00  0.00000000000000000D+00 -2.28850749572236700D-19 -3.73753980383855400D-03
 4  6  0.00000000000000000D+00  0.00000000000000000D+00  0.00000000000000000D+00 -3.85351203094647000D-17 -6.29347058165827800D-01
 4  7  0.00000000000000000D+00 -2.74223996186186600D-17 -4.47856562772597500D-01  0.00000000000000000D+00  0.00000000000000000D+00
 4  8  0.00000000000000000D+00  0.00000000000000000D+00  0.00000000000000000D+00  5.07776156345626200D-21  8.29288782898600700D-05
 4  9  0.00000000000000000D+00 -9.50049557355052100D-18 -1.55159991517217300D-01  0.00000000000000000D+00  0.00000000000000000D+00
 4 10  0.00000000000000000D+00  0.00000000000000000D+00  0.00000000000000000D+00  1.57745260014747200D-19  2.57626068201222600D-03
 5  1  0.00000000000000000D+00  0.00000000000000000D+00  0.00000000000000000D+00 -2.59503171549754800D-04  1.58894616358444000D-20
 5  2  0.00000000000000000D+00 -2.61578875606806300D-03  1.60165576546904100D-19  0.00000000000000000D+00  0.00000000000000000D+00
 5  3  0.00000000000000000D+00  0.00000000000000000D+00  0.00000000000000000D+00  2.08122955958721000D-03 -1.27434347121672300D-19
 5  4  0.00000000000000000D+00 -3.86104591043427700D-04  2.36413067715886000D-20  0.00000000000000000D+00  0.00000000000000000D+00
 5  5  0.00000000000000000D+00  0.00000000000000000D+00  0.00000000000000000D+00 -3.73753980383884700D-03  2.28850749572254700D-19
 5  6  0.00000000000000000D+00  0.00000000000000000D+00  0.00000000000000000D+00 -6.29347058165824600D-01  3.85351203094645000D-17
 5  7  0.00000000000000000D+00 -4.47856562772600900D-01  2.74223996186188700D-17  0.00000000000000000D+00  0.00000000000000000D+00
 5  8  0.00000000000000000D+00  0.00000000000000000D+00  0.00000000000000000D+00  8.29288782901482000D-05 -5.07776156347390500D-21
 5  9  0.00000000000000000D+00 -1.55159991517218000D-01  9.50049557355056800D-18  0.00000000000000000D+00  0.00000000000000000D+00
 5 10  0.00000000000000000D+00  0.00000000000000000D+00  0.00000000000000000D+00  2.57626068201218100D-03 -1.57745260014744400D-19
 6  1 -1.80074940374536300D-03  5.73062239200772300D-03  1.04391731256166000D-02  0.00000000000000000D+00  0.00000000000000000D+00
 6  2  8.15713927119904300D-03  0.00000000000000000D+00  0.00000000000000000D+00  5.54687129205058000D-03  1.92647218180557700D-03
 6  3  1.92647218180544800D-03 -3.85294436361095600D-03 -9.10001898722968900D-33  0.00000000000000000D+00  0.00000000000000000D+00
 6  4  9.45338839981033100D-04  0.00000000000000000D+00  0.00000000000000000D+00 -4.99847085317126100D-04 -4.19498855557617600D-03
 6  5 -4.19498855557658400D-03  8.38997711115274000D-03 -2.88889491658085400D-32  0.00000000000000000D+00  0.00000000000000000D+00
 6  6 -7.09245456110480800D-05 -4.04478407127094300D-03 -9.96219755034470600D-03  0.00000000000000000D+00  0.00000000000000000D+00
 6  7 -6.26750223095848600D-01  0.00000000000000000D+00  0.00000000000000000D+00 -4.46773262672260800D-01 -4.17007346641282900D-05
 6  8 -4.17007346704506300D-05  8.34014693346572800D-05 -4.47006083143123900D-31  0.00000000000000000D+00  0.00000000000000000D+00
 6  9  1.41380114612923600D-02  0.00000000000000000D+00  0.00000000000000000D+00 -1.58267465909552300D-01 -1.59003430265612400D-03
 6 10 -1.59003430266077400D-03  3.18006860531690300D-03 -3.28756241506901200D-31  0.00000000000000000D+00  0.00000000000000000D+00
 7  1  6.46919257318607700D-03 -9.11753210655303700D-01 -2.89030524911818600D-02  0.00000000000000000D+00  0.00000000000000000D+00
 7  2  2.34720094930079200D-01  0.00000000000000000D+00  0.00000000000000000D+00  2.26415652365814800D-02  2.15585549357139300D-03
 7  3  2.15585549357144100D-03 -4.31171098714282000D-03  3.44259977559218400D-33  0.00000000000000000D+00  0.00000000000000000D+00
 7  4 -4.13221915762122200D-02  0.00000000000000000D+00  0.00000000000000000D+00 -1.46542997896036100D-03 -4.86004539624294200D-03
 7  5 -4.86004539624325200D-03  9.72009079248623400D-03 -2.19556013660144900D-32  0.00000000000000000D+00  0.00000000000000000D+00
 7  6  2.60371211236957300D-05  6.89246426419556900D-04  8.62915331110367100D-04  0.00000000000000000D+00  0.00000000000000000D+00
 7  7 -1.18600302267714000D-02  0.00000000000000000D+00  0.00000000000000000D+00 -8.42516272365077100D-03  2.63997250250138500D-05
 7  8  2.63997250299665900D-05 -5.27994500549937800D-05  3.50172432025210300D-31  0.00000000000000000D+00  0.00000000000000000D+00
 7  9 -4.86864453763960500D-04  0.00000000000000000D+00  0.00000000000000000D+00 -3.71934824323026700D-03 -4.03215723914596000D-05
 7 10 -4.03215723977410300D-05  8.06431447891997600D-05 -4.44114178961004900D-31  0.00000000000000000D+00  0.00000000000000000D+00
 8  1  0.00000000000000000D+00  0.00000000000000000D+00  0.00000000000000000D+00 -9.06362775631204900D-01  5.54968806953029700D-17
 8  2  0.00000000000000000D+00 -6.11266663383680000D-02  3.74280519929729400D-18  0.00000000000000000D+00  0.00000000000000000D+00
 8  3  0.00000000000000000D+00  0.00000000000000000D+00  0.00000000000000000D+00 -5.90617432222372300D-02  3.61636930088887200D-18
 8  4  0.00000000000000000D+00 -7.88748369152971500D-02  4.82953132215883400D-18  0.00000000000000000D+00  0.00000000000000000D+00
 8  5  0.00000000000000000D+00  0.00000000000000000D+00  0.00000000000000000D+00  1.57949006616655400D-01 -9.67126785413444400D-18
 8  6  0.00000000000000000D+00  0.00000000000000000D+00  0.00000000000000000D+00  5.69069694279306100D-03 -3.48443181691098000D-19
 8  7  0.00000000000000000D+00 -3.86180600878291400D-04  2.36459608779249600D-20  0.00000000000000000D+00  0.00000000000000000D+00
 8  8  0.00000000000000000D+00  0.00000000000000000D+00  0.00000000000000000D+00  1.85910618658901100D-04 -1.13833662426369600D-20
 8  9  0.00000000000000000D+00  2.03567457035760700D-02 -1.24645000658728200D-18  0.00000000000000000D+00  0.00000000000000000D+00
 8 10  0.00000000000000000D+00  0.00000000000000000D+00  0.00000000000000000D+00 -5.04555175150461300D-04  3.08940736671608700D-20
 9  1  0.00000000000000000D+00  0.00000000000000000D+00  0.00000000000000000D+00 -5.54968806953032800D-17 -9.06362775631210100D-01
 9  2  0.00000000000000000D+00 -3.74280519929710300D-18 -6.11266663383648900D-02  0.00000000000000000D+00  0.00000000000000000D+00
 9  3  0.00000000000000000D+00  0.00000000000000000D+00  0.00000000000000000D+00 -3.61636930088887600D-18 -5.90617432222373000D-02
 9  4  0.00000000000000000D+00 -4.82953132215851800D-18 -7.88748369152919800D-02  0.00000000000000000D+00  0.00000000000000000D+00
 9  5  0.00000000000000000D+00  0.00000000000000000D+00  0.00000000000000000D+00  9.67126785413449000D-18  1.57949006616656100D-01
 9  6  0.00000000000000000D+00  0.00000000000000000D+00  0.00000000000000000D+00  3.48443181691067400D-19  5.69069694279256100D-03
 9  7  0.00000000000000000D+00 -2.36459608779317600D-20 -3.86180600878402400D-04  0.00000000000000000D+00  0.00000000000000000D+00
 9  8  0.00000000000000000D+00  0.00000000000000000D+00  0.00000000000000000D+00  1.13833662426384500D-20  1.85910618658925400D-04
 9  9  0.00000000000000000D+00  1.24645000658723700D-18  2.03567457035753500D-02  0.00000000000000000D+00  0.00000000000000000D+00
 9 10  0.00000000000000000D+00  0.00000000000000000D+00  0.00000000000000000D+00 -3.08940736671672600D-20 -5.04555175150565800D-04
10  1 -3.43056887050990100D-02 -5.49002897480329000D-01  2.85523778138763900D-02  0.00000000000000000D+00  0.00000000000000000D+00
10  2 -7.60469380907322400D-01  0.00000000000000000D+00  0.00000000000000000D+00 -7.35695423041146400D-02  4.13999426910126700D-02
10  3  4.13999426910094700D-02 -8.27998853820222900D-02 -2.26104175471061500D-31  0.00000000000000000D+00  0.00000000000000000D+00
10  4  4.16167775063237600D-01  0.00000000000000000D+00  0.00000000000000000D+00 -1.73355137765887300D-01 -1.11499859432104900D-01
10  5 -1.11499859432086900D-01  2.22999718864191500D-01  1.27111376329557600D-30  0.00000000000000000D+00  0.00000000000000000D+00
10  6  2.43772895656837200D-03  7.06625120807329000D-03 -1.45172895871036900D-02  0.00000000000000000D+00  0.00000000000000000D+00
10  7 -2.10897467032637600D-02  0.00000000000000000D+00  0.00000000000000000D+00 -1.01639041567766900D-02  1.43504572836924400D-04
10  8  1.43504572821855400D-04 -2.87009145658801000D-04 -1.06541240817286600D-30  0.00000000000000000D+00  0.00000000000000000D+00
10  9  5.78993245231346600D-02  0.00000000000000000D+00  0.00000000000000000D+00 -3.90025696186206600D-02 -3.78562831717798600D-04
10 10 -3.78562831699424900D-04  7.57125663417005300D-04  1.29907284941011000D-30  0.00000000000000000D+00  0.00000000000000000D+00
11  1  2.14948584393712200D-02 -9.75052367283869200D-02 -6.21561365506900100D-01  0.00000000000000000D+00  0.00000000000000000D+00
11  2  7.04184368683510400D-01  0.00000000000000000D+00  0.00000000000000000D+00 -1.48575520150374500D-01 -1.76387583023458000D-02
11  3 -1.76387583023567300D-02  3.52775166047022300D-02 -7.73260872671475200D-31  0.00000000000000000D+00  0.00000000000000000D+00
11  4  1.14561828131137500D+00  0.00000000000000000D+00  0.00000000000000000D+00 -5.62825877695978600D-01  5.72479057963669300D-02
11  5  5.72479057964201100D-02 -1.14495811592787200D-01  3.76095599539939400D-30  0.00000000000000000D+00  0.00000000000000000D+00
11  6 -1.06423166167681800D-03 -3.45806548180723600D-03  5.90647401157978100D-03  0.00000000000000000D+00  0.00000000000000000D+00
11  7  1.29925060809361100D-02  0.00000000000000000D+00  0.00000000000000000D+00  2.97168038928391700D-03 -2.71017005114523600D-05
11  8 -2.71017004909112300D-05  5.42034010024565100D-05  1.45231330224884100D-30  0.00000000000000000D+00  0.00000000000000000D+00
11  9 -2.99759325448236400D-02  0.00000000000000000D+00  0.00000000000000000D+00  3.84166670175279800D-02  5.47666385244087300D-05
11 10  5.47666385259050400D-05 -1.09533277050239500D-04  1.05792986941236800D-31  0.00000000000000000D+00  0.00000000000000000D+00
12  1  0.00000000000000000D+00  0.00000000000000000D+00  0.00000000000000000D+00 -2.62039145237944800D-17 -4.27956533820095100D-01
12  2  0.00000000000000000D+00 -5.71082223884304400D-18 -9.32678851619182200D-02  0.00000000000000000D+00  0.00000000000000000D+00
12  3  0.00000000000000000D+00  0.00000000000000000D+00  0.00000000000000000D+00  6.32888871966410800D-19  1.03362010166118700D-02
12  4  0.00000000000000000D+00  6.77086832123380400D-17  1.10580323221414300D+00  0.00000000000000000D+00  0.00000000000000000D+00
12  5  0.00000000000000000D+00  0.00000000000000000D+00  0.00000000000000000D+00  6.30204880679503700D-19  1.02923666648052000D-02
12  6  0.00000000000000000D+00  0.00000000000000000D+00  0.00000000000000000D+00 -3.89579722455929900D-19 -6.36252982421543800D-03
12  7  0.00000000000000000D+00  2.12749914273081300D-19  3.47458452439059600D-03  0.00000000000000000D+00  0.00000000000000000D+00
12  8  0.00000000000000000D+00  0.00000000000000000D+00  0.00000000000000000D+00 -7.11467389590506900D-22 -1.16195279792530200D-05
12  9  0.00000000000000000D+00 -2.23092439294929400D-18 -3.64349635454019200D-02  0.00000000000000000D+00  0.00000000000000000D+00
12 10  0.00000000000000000D+00  0.00000000000000000D+00  0.00000000000000000D+00  3.62905871638236900D-21  5.92689839482695600D-05
13  1  0.00000000000000000D+00  0.00000000000000000D+00  0.00000000000000000D+00 -4.27956533820095400D-01  2.62039145237944900D-17
13  2  0.00000000000000000D+00 -9.32678851619248600D-02  5.71082223884345000D-18  0.00000000000000000D+00  0.00000000000000000D+00
13  3  0.00000000000000000D+00  0.00000000000000000D+00  0.00000000000000000D+00  1.03362010166131600D-02 -6.32888871966489300D-19
13  4  0.00000000000000000D+00  1.10580323221414400D+00 -6.77086832123381200D-17  0.00000000000000000D+00  0.00000000000000000D+00
13  5  0.00000000000000000D+00  0.00000000000000000D+00  0.00000000000000000D+00  1.02923666648022700D-02 -6.30204880679324600D-19
13  6  0.00000000000000000D+00  0.00000000000000000D+00  0.00000000000000000D+00 -6.36252982421450800D-03  3.89579722455873000D-19
13  7  0.00000000000000000D+00  3.47458452439128300D-03 -2.12749914273123400D-19  0.00000000000000000D+00  0.00000000000000000D+00
13  8  0.00000000000000000D+00  0.00000000000000000D+00  0.00000000000000000D+00 -1.16195279792167000D-05  7.11467389588282900D-22
13  9  0.00000000000000000D+00 -3.64349635454016300D-02  2.23092439294927600D-18  0.00000000000000000D+00  0.00000000000000000D+00
13 10  0.00000000000000000D+00  0.00000000000000000D+00  0.00000000000000000D+00  5.92689839482799700D-05 -3.62905871638300600D-21
14  1 -8.18877493515999300D-02 -6.62447571957620200D-01  1.92404077069114100D-01  0.00000000000000000D+00  0.00000000000000000D+00
14  2  1.11873954224685000D-01  0.00000000000000000D+00  0.00000000000000000D+00 -5.00817922301348900D-01 -2.60188339153116000D-02
14  3 -2.60188339152963800D-02  5.20376678306082800D-02  1.07620965292358700D-30  0.00000000000000000D+00  0.00000000000000000D+00
14  4  7.25825757893896800D-01  0.00000000000000000D+00  0.00000000000000000D+00  1.02285255955605800D+00  4.20514903683101200D-02
14  5  4.20514903682530000D-02 -8.41029807365630800D-02 -4.03867509338003400D-30  0.00000000000000000D+00  0.00000000000000000D+00
14  6 -7.44113817048360200D-03 -1.98705837239218800D-02  4.71144470902700000D-02  0.00000000000000000D+00  0.00000000000000000D+00
14  7 -3.97202225882936600D-04  0.00000000000000000D+00  0.00000000000000000D+00  9.04448656257700300D-03  1.63467930514426200D-04
14  8  1.63467930510275800D-04 -3.26935861024751000D-04 -2.93444015050007400D-31  0.00000000000000000D+00  0.00000000000000000D+00
14  9 -1.93555495293970300D-01  0.00000000000000000D+00  0.00000000000000000D+00 -3.38440048902539100D-02 -4.09906669265253800D-04
14 10 -4.09906669260636700D-04  8.19813338525892000D-04  3.26439107042560300D-31  0.00000000000000000D+00  0.00000000000000000D+00
15  1  0.00000000000000000D+00  0.00000000000000000D+00  0.00000000000000000D+00 -1.20691005870434900D-16 -1.97109880238201800D+00
15  2  0.00000000000000000D+00  1.48765013298219500D-16  2.42959727971160100D+00  0.00000000000000000D+00  0.00000000000000000D+00
15  3  0.00000000000000000D+00  0.00000000000000000D+00  0.00000000000000000D+00  1.10564573573069200D-17  1.80571615079348200D-01
15  4  0.00000000000000000D+00 -3.50831397961458000D-17 -5.72970076247610600D-01  0.00000000000000000D+00  0.00000000000000000D+00
15  5  0.00000000000000000D+00  0.00000000000000000D+00  0.00000000000000000D+00 -1.97644641173913700D-17 -3.22788854650318200D-01
15  6  0.00000000000000000D+00  0.00000000000000000D+00  0.00000000000000000D+00 -2.15881425537694000D-19 -3.52572767344969200D-03
15  7  0.00000000000000000D+00  4.05304455559315600D-20  6.61934268582282600D-04  0.00000000000000000D+00  0.00000000000000000D+00
15  8  0.00000000000000000D+00  0.00000000000000000D+00  0.00000000000000000D+00 -2.16108592752629100D-20 -3.52943771813835500D-04
15  9  0.00000000000000000D+00 -1.03238758188183300D-18 -1.68607255492253500D-02  0.00000000000000000D+00  0.00000000000000000D+00
15 10  0.00000000000000000D+00  0.00000000000000000D+00  0.00000000000000000D+00  5.82012077267027500D-20  9.50529246317213500D-04
16  1  0.00000000000000000D+00  0.00000000000000000D+00  0.00000000000000000D+00 -1.97109880238201900D+00  1.20691005870435000D-16
16  2  0.00000000000000000D+00  2.42959727971159400D+00 -1.48765013298219000D-16  0.00000000000000000D+00  0.00000000000000000D+00
16  3  0.00000000000000000D+00  0.00000000000000000D+00  0.00000000000000000D+00  1.80571615079366600D-01 -1.10564573573080500D-17
16  4  0.00000000000000000D+00 -5.72970076247606700D-01  3.50831397961455500D-17  0.00000000000000000D+00  0.00000000000000000D+00
16  5  0.00000000000000000D+00  0.00000000000000000D+00  0.00000000000000000D+00 -3.22788854650364800D-01  1.97644641173942300D-17
16  6  0.00000000000000000D+00  0.00000000000000000D+00  0.00000000000000000D+00 -3.52572767344976400D-03  2.15881425537698400D-19
16  7  0.00000000000000000D+00  6.61934268583413600D-04 -4.05304455560008200D-20  0.00000000000000000D+00  0.00000000000000000D+00
16  8  0.00000000000000000D+00  0.00000000000000000D+00  0.00000000000000000D+00 -3.52943771813794700D-04  2.16108592752604100D-20
16  9  0.00000000000000000D+00 -1.68607255492279200D-02  1.03238758188199000D-18  0.00000000000000000D+00  0.00000000000000000D+00
16 10  0.00000000000000000D+00  0.00000000000000000D+00  0.00000000000000000D+00  9.50529246317507500D-04 -5.82012077267207600D-20
17  1 -2.00699939247003000D-01 -1.03037352736770000D+00  1.49244769398407400D+00  0.00000000000000000D+00  0.00000000000000000D+00
17  2  1.86862432704006200D+00  0.00000000000000000D+00  0.00000000000000000D+00 -2.26377408502960900D+00  1.27369743184317800D-01
17  3  1.27369743184670500D-01 -2.54739486368986900D-01  2.49400224078369500D-29  0.00000000000000000D+00  0.00000000000000000D+00
17  4 -5.94437710299853200D-01  0.00000000000000000D+00  0.00000000000000000D+00  4.00116604143948100D-01 -2.50983911782956200D-01
17  5 -2.50983911783993800D-01  5.01967823566950600D-01 -7.33640641855541000D-29  0.00000000000000000D+00  0.00000000000000000D+00
17  6  5.28352094697004900D-03  1.25931942558553900D-02 -3.71759438877577200D-02  0.00000000000000000D+00  0.00000000000000000D+00
17  7 -5.47490293524145600D-03  0.00000000000000000D+00  0.00000000000000000D+00  1.60036576191018100D-02  2.64346754436492700D-04
17  8  2.64346754437626200D-04 -5.28693508875549200D-04  8.01457690763519600D-32  0.00000000000000000D+00  0.00000000000000000D+00
17  9  1.42955795138205200D-01  0.00000000000000000D+00  0.00000000000000000D+00 -1.20024588678841500D-01 -1.30546405077015900D-03
17 10 -1.30546405076748600D-03  2.61092810153768300D-03  1.88969838730845100D-31  0.00000000000000000D+00  0.00000000000000000D+00
18  1  0.00000000000000000D+00  0.00000000000000000D+00  0.00000000000000000D+00  0.00000000000000000D+00  0.00000000000000000D+00
18  2  0.00000000000000000D+00  0.00000000000000000D+00  0.00000000000000000D+00  0.00000000000000000D+00  5.70990295790651800D-17
18  3 -5.70990295790651800D-17  0.00000000000000000D+00  5.38395705608452300D-01  0.00000000000000000D+00  0.00000000000000000D+00
18  4  0.00000000000000000D+00  0.00000000000000000D+00  0.00000000000000000D+00  0.00000000000000000D+00 -1.55991603668536300D-16
18  5  1.55991603668536300D-16  0.00000000000000000D+00 -1.47086929752144100D+00  0.00000000000000000D+00  0.00000000000000000D+00
18  6  0.00000000000000000D+00  0.00000000000000000D+00  0.00000000000000000D+00  0.00000000000000000D+00  0.00000000000000000D+00
18  7  0.00000000000000000D+00  0.00000000000000000D+00  0.00000000000000000D+00  0.00000000000000000D+00  1.03401745834193500D-21
18  8 -1.03401745834193500D-21  0.00000000000000000D+00  9.74991279535821100D-06  0.00000000000000000D+00  0.00000000000000000D+00
18  9  0.00000000000000000D+00  0.00000000000000000D+00  0.00000000000000000D+00  0.00000000000000000D+00 -1.16169031159273500D-20
18 10  1.16169031159273500D-20  0.00000000000000000D+00 -1.09537601535313700D-04  0.00000000000000000D+00  0.00000000000000000D+00
19  1  0.00000000000000000D+00  0.00000000000000000D+00  0.00000000000000000D+00  0.00000000000000000D+00  0.00000000000000000D+00
19  2  0.00000000000000000D+00  0.00000000000000000D+00  0.00000000000000000D+00  0.00000000000000000D+00  4.66264358342708600D-01
19  3 -4.66264358342672900D-01  0.00000000000000000D+00 -6.59322801955006400D-17  0.00000000000000000D+00  0.00000000000000000D+00
19  4  0.00000000000000000D+00  0.00000000000000000D+00  0.00000000000000000D+00  0.00000000000000000D+00 -1.27381017729802600D+00
19  5  1.27381017729801900D+00  0.00000000000000000D+00  1.80123588738401700D-16  0.00000000000000000D+00  0.00000000000000000D+00
19  6  0.00000000000000000D+00  0.00000000000000000D+00  0.00000000000000000D+00  0.00000000000000000D+00  0.00000000000000000D+00
19  7  0.00000000000000000D+00  0.00000000000000000D+00  0.00000000000000000D+00  0.00000000000000000D+00  8.44367216716873500D-06
19  8 -8.44367216640061500D-06  0.00000000000000000D+00 -1.19398051602784300D-21  0.00000000000000000D+00  0.00000000000000000D+00
19  9  0.00000000000000000D+00  0.00000000000000000D+00  0.00000000000000000D+00  0.00000000000000000D+00 -9.48623456005899400D-05
19 10  9.48623455992883500D-05  0.00000000000000000D+00  1.34140442823655300D-20  0.00000000000000000D+00  0.00000000000000000D+00
20  1  0.00000000000000000D+00  0.00000000000000000D+00  0.00000000000000000D+00  2.32737415648602200D-01 -1.42505858987738900D-17
20  2  0.00000000000000000D+00 -4.26167134964428600D-01  2.60943490633858900D-17  0.00000000000000000D+00  0.00000000000000000D+00
20  3  0.00000000000000000D+00  0.00000000000000000D+00  0.00000000000000000D+00  4.84940674474758100D-01 -2.96930715594349000D-17
20  4  0.00000000000000000D+00  1.10093818168471400D-01 -6.74107946228377800D-18  0.00000000000000000D+00  0.00000000000000000D+00
20  5  0.00000000000000000D+00  0.00000000000000000D+00  0.00000000000000000D+00 -1.40430128734186200D+00  8.59858139579893800D-17
20  6  0.00000000000000000D+00  0.00000000000000000D+00  0.00000000000000000D+00  1.18563199187359900D-02 -7.25966235271745100D-19
20  7  0.00000000000000000D+00  1.56644931214088400D-02 -9.59141890294209600D-19  0.00000000000000000D+00  0.00000000000000000D+00
20  8  0.00000000000000000D+00  0.00000000000000000D+00  0.00000000000000000D+00  1.13682118796618100D-05 -6.96079224971644100D-22
20  9  0.00000000000000000D+00 -1.85142882285719200D-02  1.13363575006040100D-18  0.00000000000000000D+00  0.00000000000000000D+00
20 10  0.00000000000000000D+00  0.00000000000000000D+00  0.00000000000000000D+00  8.04732280877234900D-04 -4.92740132144117900D-20
21  1  0.00000000000000000D+00  0.00000000000000000D+00  0.00000000000000000D+00  1.42505858987698700D-17  2.32737415648536600D-01
21  2  0.00000000000000000D+00 -2.60943490633811200D-17 -4.26167134964350700D-01  0.00000000000000000D+00  0.00000000000000000D+00
21  3  0.00000000000000000D+00  0.00000000000000000D+00  0.00000000000000000D+00  2.96930715594348800D-17  4.84940674474757900D-01
21  4  0.00000000000000000D+00  6.74107946228279900D-18  1.10093818168455400D-01  0.00000000000000000D+00  0.00000000000000000D+00
21  5  0.00000000000000000D+00  0.00000000000000000D+00  0.00000000000000000D+00 -8.59858139579897500D-17 -1.40430128734186800D+00
21  6  0.00000000000000000D+00  0.00000000000000000D+00  0.00000000000000000D+00  7.25966235271719000D-19  1.18563199187355600D-02
21  7  0.00000000000000000D+00  9.59141890294088900D-19  1.56644931214068700D-02  0.00000000000000000D+00  0.00000000000000000D+00
21  8  0.00000000000000000D+00  0.00000000000000000D+00  0.00000000000000000D+00  6.96079224958599300D-22  1.13682118794487600D-05
21  9  0.00000000000000000D+00 -1.13363575006014100D-18 -1.85142882285676700D-02  0.00000000000000000D+00  0.00000000000000000D+00
21 10  0.00000000000000000D+00  0.00000000000000000D+00  0.00000000000000000D+00  4.92740132144207700D-20  8.04732280877381500D-04
22  1  4.09751660566349100D-01  2.24276687047342200D+00 -2.85523897843734500D+00  0.00000000000000000D+00  0.00000000000000000D+00
22  2 -1.37408215982337600D-01  0.00000000000000000D+00  0.00000000000000000D+00  2.93249708296083700D-01  1.97623714216797600D-01
22  3  1.97623714216611100D-01 -3.95247428433408900D-01 -1.31918497470748100D-29  0.00000000000000000D+00  0.00000000000000000D+00
22  4  7.80040017721768500D-01  0.00000000000000000D+00  0.00000000000000000D+00  2.02392311371966500D-02 -5.89100376907756700D-01
22  5 -5.89100376907286800D-01  1.17820075381504300D+00  3.32307656324351200D-29  0.00000000000000000D+00  0.00000000000000000D+00
22  6 -3.52609256114888200D-04 -9.70046646057598300D-03 -1.44490401348595700D-02  0.00000000000000000D+00  0.00000000000000000D+00
22  7  2.41831508682487700D-02  0.00000000000000000D+00  0.00000000000000000D+00  2.00284893148927100D-02  4.32121635550272300D-05
22  8  4.32121635646761500D-05 -8.64243271196339400D-05  6.82203882912146600D-31  0.00000000000000000D+00  0.00000000000000000D+00
22  9 -2.98010512984609000D-02  0.00000000000000000D+00  0.00000000000000000D+00 -4.27210752827417700D-03 -7.58787939010187100D-04
22 10 -7.58787939013387700D-04  1.51757587802359500D-03 -2.26284731403347800D-31  0.00000000000000000D+00  0.00000000000000000D+00
23  1  6.42375281898999400D-01  3.48907931020051200D+00 -4.35139663018175100D+00  0.00000000000000000D+00  0.00000000000000000D+00
23  2  6.43305565703461600D-01  0.00000000000000000D+00  0.00000000000000000D+00 -9.98045549398380700D-01 -3.25289848352781500D-02
23  3 -3.25289848352987400D-02  6.50579696705764600D-02 -1.45600303795675000D-30  0.00000000000000000D+00  0.00000000000000000D+00
23  4  9.32068098833535700D-01  0.00000000000000000D+00  0.00000000000000000D+00  2.79392059222374900D-01  2.44763564787370400D-01
23  5  2.44763564787415200D-01 -4.89527129574785800D-01  3.17085106043914500D-30  0.00000000000000000D+00  0.00000000000000000D+00
23  6 -1.47603207175257000D-03  7.27288999813089900D-03  3.12307600155330400D-02  0.00000000000000000D+00  0.00000000000000000D+00
23  7 -4.78482966598584200D-02  0.00000000000000000D+00  0.00000000000000000D+00 -3.42439900270186100D-02  4.08119929324578500D-04
23  8  4.08119929344111800D-04 -8.16239858668832800D-04  1.38105427046470600D-30  0.00000000000000000D+00  0.00000000000000000D+00
23  9 -2.99465180261773400D-02  0.00000000000000000D+00  0.00000000000000000D+00 -5.52618964524016200D-02 -5.13819443352122200D-04
23 10 -5.13819443372858200D-04  1.02763888672498300D-03 -1.46609009604047800D-30  0.00000000000000000D+00  0.00000000000000000D+00
24  1 -2.79588764152711800D-02 -1.29151477173993400D-01  1.74484905953180500D-01  0.00000000000000000D+00  0.00000000000000000D+00
24  2  3.64450980709559700D-02  0.00000000000000000D+00  0.00000000000000000D+00  4.05224993406382400D-02 -9.92912659558182200D-01
24  3 -9.92912659558118400D-01  1.98582531911630000D+00  4.51129830173266100D-30  0.00000000000000000D+00  0.00000000000000000D+00
24  4 -2.12097750918690800D-03  0.00000000000000000D+00  0.00000000000000000D+00 -3.56819130466578600D-03  7.78323761565693400D-01
24  5  7.78323761565639200D-01 -1.55664752313133200D+00 -3.83337096130835400D-30  0.00000000000000000D+00  0.00000000000000000D+00
24  6 -1.81284475771119900D-02  1.68775476046531700D-02  2.73101177990171000D-01  0.00000000000000000D+00  0.00000000000000000D+00
24  7 -9.35262403093971600D-02  0.00000000000000000D+00  0.00000000000000000D+00 -1.67608280488810900D-01 -1.63150980985688100D-04
24  8 -1.63150980960472600D-04  3.26301961946608000D-04  1.78281078002772800D-30  0.00000000000000000D+00  0.00000000000000000D+00
24  9 -4.26096351634437200D-01  0.00000000000000000D+00  0.00000000000000000D+00  4.02298884696474700D-01  1.89556495625404600D-03
24 10  1.89556495623837000D-03 -3.79112991249246100D-03 -1.10827638649763500D-30  0.00000000000000000D+00  0.00000000000000000D+00
25  1  0.00000000000000000D+00  0.00000000000000000D+00  0.00000000000000000D+00  2.27021952638696100D-18  3.70767229698082200D-02
25  2  0.00000000000000000D+00 -2.00318150505346900D-18 -3.27155170933241700D-02  0.00000000000000000D+00  0.00000000000000000D+00
25  3  0.00000000000000000D+00  0.00000000000000000D+00  0.00000000000000000D+00  1.23112438310747500D-16  2.01064510120293400D+00
25  4  0.00000000000000000D+00  1.72400756998987500D-18  2.81561101591333600D-02  0.00000000000000000D+00  0.00000000000000000D+00
25  5  0.00000000000000000D+00  0.00000000000000000D+00  0.00000000000000000D+00 -1.00323503460066500D-16 -1.63846125976605800D+00
25  6  0.00000000000000000D+00  0.00000000000000000D+00  0.00000000000000000D+00  6.92319124175449900D-18  1.13068027454619500D-01
25  7  0.00000000000000000D+00  1.46163534878715900D-17  2.38711050979760200D-01  0.00000000000000000D+00  0.00000000000000000D+00
25  8  0.00000000000000000D+00  0.00000000000000000D+00  0.00000000000000000D+00 -2.54198963643443500D-20 -4.15152122720920900D-04
25  9  0.00000000000000000D+00 -3.67996159983062000D-17 -6.01003185773830900D-01  0.00000000000000000D+00  0.00000000000000000D+00
25 10  0.00000000000000000D+00  0.00000000000000000D+00  0.00000000000000000D+00  1.67623868193983600D-19  2.73759592493991900D-03
26  1  0.00000000000000000D+00  0.00000000000000000D+00  0.00000000000000000D+00  3.70767229698140100D-02 -2.27021952638731600D-18
26  2  0.00000000000000000D+00 -3.27155170933306600D-02  2.00318150505386600D-18  0.00000000000000000D+00  0.00000000000000000D+00
26  3  0.00000000000000000D+00  0.00000000000000000D+00  0.00000000000000000D+00  2.01064510120292400D+00 -1.23112438310746800D-16
26  4  0.00000000000000000D+00  2.81561101591358800D-02 -1.72400756999002900D-18  0.00000000000000000D+00  0.00000000000000000D+00
26  5  0.00000000000000000D+00  0.00000000000000000D+00  0.00000000000000000D+00 -1.63846125976604400D+00  1.00323503460065700D-16
26  6  0.00000000000000000D+00  0.00000000000000000D+00  0.00000000000000000D+00  1.13068027454619900D-01 -6.92319124175452500D-18
26  7  0.00000000000000000D+00  2.38711050979764900D-01 -1.46163534878718800D-17  0.00000000000000000D+00  0.00000000000000000D+00
26  8  0.00000000000000000D+00  0.00000000000000000D+00  0.00000000000000000D+00 -4.15152122720862300D-04  2.54198963643407700D-20
26  9  0.00000000000000000D+00 -6.01003185773838200D-01  3.67996159983066400D-17  0.00000000000000000D+00  0.00000000000000000D+00
26 10  0.00000000000000000D+00  0.00000000000000000D+00  0.00000000000000000D+00  2.73759592493940000D-03 -1.67623868193951900D-19
27  1  0.00000000000000000D+00  0.00000000000000000D+00  0.00000000000000000D+00  0.00000000000000000D+00  0.00000000000000000D+00
27  2  0.00000000000000000D+00  0.00000000000000000D+00  0.00000000000000000D+00  0.00000000000000000D+00 -2.60631340573395200D-16
27  3  2.60631340573395200D-16  0.00000000000000000D+00 -2.45753378903549700D+00  0.00000000000000000D+00  0.00000000000000000D+00
27  4  0.00000000000000000D+00  0.00000000000000000D+00  0.00000000000000000D+00  0.00000000000000000D+00  2.16461573313591700D-16
27  5 -2.16461573313591700D-16  0.00000000000000000D+00  2.04105012572781000D+00  0.00000000000000000D+00  0.00000000000000000D+00
27  6  0.00000000000000000D+00  0.00000000000000000D+00  0.00000000000000000D+00  0.00000000000000000D+00  0.00000000000000000D+00
27  7  0.00000000000000000D+00  0.00000000000000000D+00  0.00000000000000000D+00  0.00000000000000000D+00 -3.09529615383303600D-21
27  8  3.09529615383303600D-21  0.00000000000000000D+00 -2.91860329167672900D-05  0.00000000000000000D+00  0.00000000000000000D+00
27  9  0.00000000000000000D+00  0.00000000000000000D+00  0.00000000000000000D+00  0.00000000000000000D+00  2.72513312369528400D-20
27 10 -2.72513312369528400D-20  0.00000000000000000D+00  2.56957076473121500D-04  0.00000000000000000D+00  0.00000000000000000D+00
28  1  0.00000000000000000D+00  0.00000000000000000D+00  0.00000000000000000D+00  0.00000000000000000D+00  0.00000000000000000D+00
28  2  0.00000000000000000D+00  0.00000000000000000D+00  0.00000000000000000D+00  0.00000000000000000D+00 -2.12828669196419500D+00
28  3  2.12828669196422900D+00  0.00000000000000000D+00  3.00951149278724000D-16  0.00000000000000000D+00  0.00000000000000000D+00
28  4  0.00000000000000000D+00  0.00000000000000000D+00  0.00000000000000000D+00  0.00000000000000000D+00  1.76760125927952700D+00
28  5 -1.76760125927956000D+00  0.00000000000000000D+00 -2.49948295243883200D-16  0.00000000000000000D+00  0.00000000000000000D+00
28  6  0.00000000000000000D+00  0.00000000000000000D+00  0.00000000000000000D+00  0.00000000000000000D+00  0.00000000000000000D+00
28  7  0.00000000000000000D+00  0.00000000000000000D+00  0.00000000000000000D+00  0.00000000000000000D+00 -2.52758459415499700D-05
28  8  2.52758459403573200D-05  0.00000000000000000D+00  3.57414013518150600D-21  0.00000000000000000D+00  0.00000000000000000D+00
28  9  0.00000000000000000D+00  0.00000000000000000D+00  0.00000000000000000D+00  0.00000000000000000D+00  2.22531355908392200D-04
28 10 -2.22531355907256300D-04  0.00000000000000000D+00 -3.14671268508493900D-20  0.00000000000000000D+00  0.00000000000000000D+00
29  1  0.00000000000000000D+00  0.00000000000000000D+00  0.00000000000000000D+00 -5.64886074159662300D-18 -9.22559436992103100D-02
29  2  0.00000000000000000D+00  8.02258293297128100D-18  1.31023049291395600D-01  0.00000000000000000D+00  0.00000000000000000D+00
29  3  0.00000000000000000D+00  0.00000000000000000D+00  0.00000000000000000D+00 -8.74042401183658700D-17 -1.42746670953568100D+00
29  4  0.00000000000000000D+00  1.38260556091551200D-18  2.25804080895051700D-02  0.00000000000000000D+00  0.00000000000000000D+00
29  5  0.00000000000000000D+00  0.00000000000000000D+00  0.00000000000000000D+00  7.68582206466431300D-17  1.25523145305827800D+00
29  6  0.00000000000000000D+00  0.00000000000000000D+00  0.00000000000000000D+00  1.07705763589168200D-17  1.75902669870991700D-01
29  7  0.00000000000000000D+00  2.27983070584533900D-17  3.72336906260412300D-01  0.00000000000000000D+00  0.00000000000000000D+00
29  8  0.00000000000000000D+00  0.00000000000000000D+00  0.00000000000000000D+00 -1.44071674812967400D-20 -2.35294671407305500D-04
29  9  0.00000000000000000D+00 -5.98756619397893100D-17 -9.77876062016153100D-01  0.00000000000000000D+00  0.00000000000000000D+00
29 10  0.00000000000000000D+00  0.00000000000000000D+00  0.00000000000000000D+00 -1.24446351400347200D-20 -2.03243027462517200D-04
30  1  0.00000000000000000D+00  0.00000000000000000D+00  0.00000000000000000D+00 -9.22559436992108200D-02  5.64886074159665400D-18
30  2  0.00000000000000000D+00  1.31023049291397100D-01 -8.02258293297137200D-18  0.00000000000000000D+00  0.00000000000000000D+00
30  3  0.00000000000000000D+00  0.00000000000000000D+00  0.00000000000000000D+00 -1.42746670953570100D+00  8.74042401183670400D-17
30  4  0.00000000000000000D+00  2.25804080895031000D-02 -1.38260556091538500D-18  0.00000000000000000D+00  0.00000000000000000D+00
30  5  0.00000000000000000D+00  0.00000000000000000D+00  0.00000000000000000D+00  1.25523145305829500D+00 -7.68582206466441800D-17
30  6  0.00000000000000000D+00  0.00000000000000000D+00  0.00000000000000000D+00  1.75902669870989800D-01 -1.07705763589167100D-17
30  7  0.00000000000000000D+00  3.72336906260413000D-01 -2.27983070584534400D-17  0.00000000000000000D+00  0.00000000000000000D+00
30  8  0.00000000000000000D+00  0.00000000000000000D+00  0.00000000000000000D+00 -2.35294671407408800D-04  1.44071674813030600D-20
30  9  0.00000000000000000D+00 -9.77876062016148600D-01  5.98756619397890300D-17  0.00000000000000000D+00  0.00000000000000000D+00
30 10  0.00000000000000000D+00  0.00000000000000000D+00  0.00000000000000000D+00 -2.03243027462406100D-04  1.24446351400279200D-20
31  1  8.52198757519550700D-02  4.14796482598047400D-01 -6.07638068555419000D-01  0.00000000000000000D+00  0.00000000000000000D+00
31  2  5.59237848429421600D-02  0.00000000000000000D+00  0.00000000000000000D+00 -2.08923710473612300D-01 -1.78648218553290300D-01
31  3 -1.78648218553281400D-01  3.57296437106571400D-01  6.27082789892484000D-31  0.00000000000000000D+00  0.00000000000000000D+00
31  4  1.89217120191642900D-01  0.00000000000000000D+00  0.00000000000000000D+00  1.68442973160201800D-01  1.96436247131934900D-01
31  5  1.96436247131929000D-01 -3.92872494263863900D-01 -4.19082355898662500D-31  0.00000000000000000D+00  0.00000000000000000D+00
31  6 -3.71428471889970200D-02  3.63545632380229700D-02  5.81149065986627900D-01  0.00000000000000000D+00  0.00000000000000000D+00
31  7  1.52877191780357700D-01  0.00000000000000000D+00  0.00000000000000000D+00  3.37305029998182800D-01  1.21579670017769100D-04
31  8  1.21579670025976700D-04 -2.43159340043866500D-04  5.80299243204333700D-31  0.00000000000000000D+00  0.00000000000000000D+00
31  9 -9.32855075133814900D-01  0.00000000000000000D+00  0.00000000000000000D+00 -9.18241027739944500D-01  4.70911275879205200D-04
31 10  4.70911275869208700D-04 -9.41822551748194200D-04 -7.06774159872582100D-31  0.00000000000000000D+00  0.00000000000000000D+00
32  1  1.11321247993612700D-01  5.72953100999831200D-01 -6.70937910568611100D-01  0.00000000000000000D+00  0.00000000000000000D+00
32  2  3.14683333225493100D-01  0.00000000000000000D+00  0.00000000000000000D+00 -6.04019742096471700D-01 -7.78301876221379700D-01
32  3 -7.78301876221380700D-01  1.55660375244276000D+00 -6.77927340424307000D-32  0.00000000000000000D+00  0.00000000000000000D+00
32  4 -3.75205731026158600D-02  0.00000000000000000D+00  0.00000000000000000D+00  4.40399821229317400D-02  7.77929454051767800D-01
32  5  7.77929454051768900D-01 -1.55585890810353600D+00  8.01186856865090100D-32  0.00000000000000000D+00  0.00000000000000000D+00
32  6  4.10986404043114200D-02 -3.94015328399262100D-02 -6.63954668252618000D-01  0.00000000000000000D+00  0.00000000000000000D+00
32  7  1.18932893654804600D-01  0.00000000000000000D+00  0.00000000000000000D+00  2.60370616158105200D-01  5.59027082046510500D-05
32  8  5.59027082367379000D-05 -1.11805416441528900D-04  2.26862660849940900D-30  0.00000000000000000D+00  0.00000000000000000D+00
32  9  1.12899619531514000D+00  0.00000000000000000D+00  0.00000000000000000D+00 -7.89614185775247800D-01  2.29629922879624300D-03
32 10  2.29629922877588900D-03 -4.59259845757212700D-03 -1.43910300269475200D-30  0.00000000000000000D+00  0.00000000000000000D+00
33  1  0.00000000000000000D+00  0.00000000000000000D+00  0.00000000000000000D+00 -1.14295543161718200D-02  6.99835241847099200D-19
33  2  0.00000000000000000D+00  1.85974827901509400D-02 -1.13872977949605800D-18  0.00000000000000000D+00  0.00000000000000000D+00
33  3  0.00000000000000000D+00  0.00000000000000000D+00  0.00000000000000000D+00 -2.10299134454033500D-02  1.28766828127877900D-18
33  4  0.00000000000000000D+00 -4.20181018883736200D-03  2.57278172740291800D-19  0.00000000000000000D+00  0.00000000000000000D+00
33  5  0.00000000000000000D+00  0.00000000000000000D+00  0.00000000000000000D+00  2.25609959678420000D-02 -1.38141695053901800D-18
33  6  0.00000000000000000D+00  0.00000000000000000D+00  0.00000000000000000D+00  1.35539388511988300D-02 -8.29911981824902800D-19
33  7  0.00000000000000000D+00 -1.46842859307450700D-02  8.99123492606747400D-19  0.00000000000000000D+00  0.00000000000000000D+00
33  8  0.00000000000000000D+00  0.00000000000000000D+00  0.00000000000000000D+00 -3.59156040275077800D-02  2.19912384467272900D-18
33  9  0.00000000000000000D+00  6.13994644454578000D-03 -3.75950871405993800D-19  0.00000000000000000D+00  0.00000000000000000D+00
33 10  0.00000000000000000D+00  0.00000000000000000D+00  0.00000000000000000D+00  1.01815216419222100D+00 -6.23417804713899000D-17
34  1  0.00000000000000000D+00  0.00000000000000000D+00  0.00000000000000000D+00 -6.99835241847127100D-19 -1.14295543161722700D-02
34  2  0.00000000000000000D+00  1.13872977949608700D-18  1.85974827901514300D-02  0.00000000000000000D+00  0.00000000000000000D+00
34  3  0.00000000000000000D+00  0.00000000000000000D+00  0.00000000000000000D+00 -1.28766828127879800D-18 -2.10299134454036600D-02
34  4  0.00000000000000000D+00 -2.57278172740277100D-19 -4.20181018883712200D-03  0.00000000000000000D+00  0.00000000000000000D+00
34  5  0.00000000000000000D+00  0.00000000000000000D+00  0.00000000000000000D+00  1.38141695053904300D-18  2.25609959678424200D-02
34  6  0.00000000000000000D+00  0.00000000000000000D+00  0.00000000000000000D+00  8.29911981825021000D-19  1.35539388512007600D-02
34  7  0.00000000000000000D+00 -8.99123492606893800D-19 -1.46842859307474600D-02  0.00000000000000000D+00  0.00000000000000000D+00
34  8  0.00000000000000000D+00  0.00000000000000000D+00  0.00000000000000000D+00 -2.19912384467270600D-18 -3.59156040275073900D-02
34  9  0.00000000000000000D+00  3.75950871406055000D-19  6.13994644454677900D-03  0.00000000000000000D+00  0.00000000000000000D+00
34 10  0.00000000000000000D+00  0.00000000000000000D+00  0.00000000000000000D+00  6.23417804713899400D-17  1.01815216419222200D+00
35  1  1.32166070435956300D-02  6.70493713912287300D-02 -9.01424549871759900D-02  0.00000000000000000D+00  0.00000000000000000D+00
35  2  2.06775682040079300D-02  0.00000000000000000D+00  0.00000000000000000D+00 -4.24364962510671000D-02 -3.74901213779041700D-02
35  3 -3.74901213779071100D-02  7.49802427558112500D-02 -2.07615248004944000D-31  0.00000000000000000D+00  0.00000000000000000D+00
35  4  2.05835628105303100D-02  0.00000000000000000D+00  0.00000000000000000D+00  1.41321474072877200D-02  4.14232863526741600D-02
35  5  4.14232863526774500D-02 -8.28465727053516700D-02  2.32267151293100600D-31  0.00000000000000000D+00  0.00000000000000000D+00
35  6 -2.83645645534704200D-03 -7.85283503657173100D-03  3.41834770380884100D-03  0.00000000000000000D+00  0.00000000000000000D+00
35  7  3.29359703555875800D-02  0.00000000000000000D+00  0.00000000000000000D+00 -3.13067583624662400D-02  1.78924079378249200D-02
35  8  1.78924079371002500D-02 -3.57848158749251800D-02 -5.12360920895169500D-29  0.00000000000000000D+00  0.00000000000000000D+00
35  9  7.93207451676765200D-03  0.00000000000000000D+00  0.00000000000000000D+00 -7.02256125253299200D-03 -5.09096762009549600D-01
35 10 -5.09096762011269400D-01  1.01819352402081900D+00 -1.21601675944654600D-28  0.00000000000000000D+00  0.00000000000000000D+00
36  1  0.00000000000000000D+00  0.00000000000000000D+00  0.00000000000000000D+00  0.00000000000000000D+00  0.00000000000000000D+00
36  2  0.00000000000000000D+00  0.00000000000000000D+00  0.00000000000000000D+00  0.00000000000000000D+00  1.98447039738722100D-19
36  3 -1.98447039738722100D-19  0.00000000000000000D+00  1.87118826315764200D-03  0.00000000000000000D+00  0.00000000000000000D+00
36  4  0.00000000000000000D+00  0.00000000000000000D+00  0.00000000000000000D+00  0.00000000000000000D+00 -2.11522359077628200D-19
36  5  2.11522359077628200D-19  0.00000000000000000D+00 -1.99447750000497500D-03  0.00000000000000000D+00  0.00000000000000000D+00
36  6  0.00000000000000000D+00  0.00000000000000000D+00  0.00000000000000000D+00  0.00000000000000000D+00  0.00000000000000000D+00
36  7  0.00000000000000000D+00  0.00000000000000000D+00  0.00000000000000000D+00  0.00000000000000000D+00 -3.79587450325803900D-18
36  8  3.79587450325803900D-18  0.00000000000000000D+00 -3.57918960558314300D-02  0.00000000000000000D+00  0.00000000000000000D+00
36  9  0.00000000000000000D+00  0.00000000000000000D+00  0.00000000000000000D+00  0.00000000000000000D+00  1.07975189975013100D-16
36 10 -1.07975189975013100D-16  0.00000000000000000D+00  1.01811500166226900D+00  0.00000000000000000D+00  0.00000000000000000D+00
37  1  0.00000000000000000D+00  0.00000000000000000D+00  0.00000000000000000D+00  0.00000000000000000D+00  0.00000000000000000D+00
37  2  0.00000000000000000D+00  0.00000000000000000D+00  0.00000000000000000D+00  0.00000000000000000D+00 -1.62049657120325600D-03
37  3  1.62049657111411200D-03  0.00000000000000000D+00  2.29146903626195400D-19  0.00000000000000000D+00  0.00000000000000000D+00
37  4  0.00000000000000000D+00  0.00000000000000000D+00  0.00000000000000000D+00  0.00000000000000000D+00  1.72726818233240300D-03
37  5 -1.72726818223172300D-03  0.00000000000000000D+00 -2.44244981906366500D-19  0.00000000000000000D+00  0.00000000000000000D+00
37  6  0.00000000000000000D+00  0.00000000000000000D+00  0.00000000000000000D+00  0.00000000000000000D+00  0.00000000000000000D+00
37  7  0.00000000000000000D+00  0.00000000000000000D+00  0.00000000000000000D+00  0.00000000000000000D+00  3.09966912336758400D-02
37  8 -3.09966912337867100D-02  0.00000000000000000D+00 -4.38309833249948200D-18  0.00000000000000000D+00  0.00000000000000000D+00
37  9  0.00000000000000000D+00  0.00000000000000000D+00  0.00000000000000000D+00  0.00000000000000000D+00 -8.81713455414116800D-01
37 10  8.81713455412983600D-01  0.00000000000000000D+00  1.24679009995747800D-16  0.00000000000000000D+00  0.00000000000000000D+00
38  1  0.00000000000000000D+00  0.00000000000000000D+00  0.00000000000000000D+00 -1.11003900206369800D-18 -1.81289113615803400D-02
38  2  0.00000000000000000D+00  1.77417145424961800D-18  2.89753756170197400D-02  0.00000000000000000D+00  0.00000000000000000D+00
38  3  0.00000000000000000D+00  0.00000000000000000D+00  0.00000000000000000D+00 -3.33573753053644700D-18 -5.44785272446868000D-02
38  4  0.00000000000000000D+00  8.92647822927987200D-19  1.45785267264334500D-02  0.00000000000000000D+00  0.00000000000000000D+00
38  5  0.00000000000000000D+00  0.00000000000000000D+00  0.00000000000000000D+00  3.95660894084707800D-18  6.46184617366596400D-02
38  6  0.00000000000000000D+00  0.00000000000000000D+00  0.00000000000000000D+00 -5.93097128499624100D-17 -9.68633106709570000D-01
38  7  0.00000000000000000D+00  7.74332599898361300D-17  1.26462286837142200D+00  0.00000000000000000D+00  0.00000000000000000D+00
38  8  0.00000000000000000D+00  0.00000000000000000D+00  0.00000000000000000D+00  2.00426630559376700D-20  3.27332338157127500D-04
38  9  0.00000000000000000D+00 -2.86264085318651100D-17 -4.67520169930740400D-01  0.00000000000000000D+00  0.00000000000000000D+00
38 10  0.00000000000000000D+00  0.00000000000000000D+00  0.00000000000000000D+00  7.71944174260768400D-19  1.26072214446918500D-02
39  1  0.00000000000000000D+00  0.00000000000000000D+00  0.00000000000000000D+00 -1.81289113615789600D-02  1.11003900206361400D-18
39  2  0.00000000000000000D+00  2.89753756170182300D-02 -1.77417145424952500D-18  0.00000000000000000D+00  0.00000000000000000D+00
39  3  0.00000000000000000D+00  0.00000000000000000D+00  0.00000000000000000D+00 -5.44785272446887500D-02  3.33573753053656700D-18
39  4  0.00000000000000000D+00  1.45785267264335700D-02 -8.92647822927994500D-19  0.00000000000000000D+00  0.00000000000000000D+00
39  5  0.00000000000000000D+00  0.00000000000000000D+00  0.00000000000000000D+00  6.46184617366609000D-02 -3.95660894084715500D-18
39  6  0.00000000000000000D+00  0.00000000000000000D+00  0.00000000000000000D+00 -9.68633106709572700D-01  5.93097128499625700D-17
39  7  0.00000000000000000D+00  1.26462286837141900D+00 -7.74332599898359700D-17  0.00000000000000000D+00  0.00000000000000000D+00
39  8  0.00000000000000000D+00  0.00000000000000000D+00  0.00000000000000000D+00  3.27332338157178000D-04 -2.00426630559407600D-20
39  9  0.00000000000000000D+00 -4.67520169930738100D-01  2.86264085318649700D-17  0.00000000000000000D+00  0.00000000000000000D+00
39 10  0.00000000000000000D+00  0.00000000000000000D+00  0.00000000000000000D+00  1.26072214446893100D-02 -7.71944174260613300D-19
40  1 -3.86715904432076200D-02 -1.86934671711987200D-01  2.52327551753630600D-01  0.00000000000000000D+00  0.00000000000000000D+00
40  2 -6.61721733445090100D-02  0.00000000000000000D+00  0.00000000000000000D+00  1.71741785315692500D-01  7.62311919485961200D-02
40  3  7.62311919485960800D-02 -1.52462383897192400D-01 -3.08148791101957700D-33  0.00000000000000000D+00  0.00000000000000000D+00
40  4 -3.03365319495212500D-02  0.00000000000000000D+00  0.00000000000000000D+00 -5.46993744044761300D-02 -1.00569625624267100D-01
40  5 -1.00569625624267400D-01  2.01139251248534600D-01 -1.54074395550978900D-32  0.00000000000000000D+00  0.00000000000000000D+00
40  6  1.34963561953971200D-02  3.58095018827838900D-02 -1.89715940148113500D-02  0.00000000000000000D+00  0.00000000000000000D+00
40  7  9.69751006437497000D-01  0.00000000000000000D+00  0.00000000000000000D+00 -1.29179800424986100D+00  3.28824888700520500D-04
40  8  3.28824888707284300D-04 -6.57649777407922200D-04  4.78223451519041200D-31  0.00000000000000000D+00  0.00000000000000000D+00
40  9 -3.63670598741144300D-02  0.00000000000000000D+00  0.00000000000000000D+00  5.45413246161598600D-01  1.70364199797240400D-02
40 10  1.70364199797306000D-02 -3.40728399594545300D-02  4.64149116597323800D-31  0.00000000000000000D+00  0.00000000000000000D+00
41  1  1.09410318677273100D-02  5.91292674686026400D-02 -3.75804043487474800D-02  0.00000000000000000D+00  0.00000000000000000D+00
41  2  7.03436481622787000D-02  0.00000000000000000D+00  0.00000000000000000D+00 -1.26325472761012800D-01 -7.07011492266005600D-02
41  3 -7.07011492266012600D-02  1.41402298453202200D-01 -4.85334345985583400D-32  0.00000000000000000D+00  0.00000000000000000D+00
41  4 -7.01506944827518700D-02  0.00000000000000000D+00  0.00000000000000000D+00 -3.61537588564379400D-02  8.56989871802077400D-02
41  5  8.56989871802084100D-02 -1.71397974360416300D-01  4.69926906430485500D-32  0.00000000000000000D+00  0.00000000000000000D+00
41  6  7.49739090761465900D-01  1.76254673063108600D+00 -2.23938139463438300D+00  0.00000000000000000D+00  0.00000000000000000D+00
41  7 -2.66669499502333700D-02  0.00000000000000000D+00  0.00000000000000000D+00  5.14590998988260900D-02 -4.93433281070954200D-04
41  8 -4.93433281074451600D-04  9.86866562146046600D-04 -2.47277367797168700D-31  0.00000000000000000D+00  0.00000000000000000D+00
41  9  8.42640183923522700D-01  0.00000000000000000D+00  0.00000000000000000D+00 -6.71845248316682200D-02 -3.55306784120423300D-03
41 10 -3.55306784120434600D-03  7.10613568240855600D-03 -7.99260926920702900D-33  0.00000000000000000D+00  0.00000000000000000D+00
42  1  0.00000000000000000D+00  0.00000000000000000D+00  0.00000000000000000D+00 -4.98750312009694200D-03  3.05386400528982300D-19
42  2  0.00000000000000000D+00  8.15941518058921900D-03 -4.99603583681215900D-19  0.00000000000000000D+00  0.00000000000000000D+00
42  3  0.00000000000000000D+00  0.00000000000000000D+00  0.00000000000000000D+00 -7.64064045419074500D-03  4.67838842373714000D-19
42  4  0.00000000000000000D+00 -1.69115891162500100D-03  1.03550197424965600D-19  0.00000000000000000D+00  0.00000000000000000D+00
42  5  0.00000000000000000D+00  0.00000000000000000D+00  0.00000000000000000D+00  8.44261982813194500D-03 -5.16944294221858300D-19
42  6  0.00000000000000000D+00  0.00000000000000000D+00  0.00000000000000000D+00 -9.11974589424262700D-04  5.58404938366753000D-20
42  7  0.00000000000000000D+00  9.91737292372494600D-04 -6.07243894780978800D-20  0.00000000000000000D+00  0.00000000000000000D+00
42  8  0.00000000000000000D+00  0.00000000000000000D+00  0.00000000000000000D+00 -1.16952517306549100D+00  7.16103978945608000D-17
42  9  0.00000000000000000D+00 -6.24914761423445100D-04  3.82637293718272900D-20  0.00000000000000000D+00  0.00000000000000000D+00
42 10  0.00000000000000000D+00  0.00000000000000000D+00  0.00000000000000000D+00  5.76577990175259800D-01 -3.53040535121379700D-17
43  1  0.00000000000000000D+00  0.00000000000000000D+00  0.00000000000000000D+00 -3.05386400528928100D-19 -4.98750312009605600D-03
43  2  0.00000000000000000D+00  4.99603583681193700D-19  8.15941518058885800D-03  0.00000000000000000D+00  0.00000000000000000D+00
43  3  0.00000000000000000D+00  0.00000000000000000D+00  0.00000000000000000D+00 -4.67838842373679800D-19 -7.64064045419018500D-03
43  4  0.00000000000000000D+00 -1.03550197424947600D-19 -1.69115891162470700D-03  0.00000000000000000D+00  0.00000000000000000D+00
43  5  0.00000000000000000D+00  0.00000000000000000D+00  0.00000000000000000D+00  5.16944294221833600D-19  8.44261982813154300D-03
43  6  0.00000000000000000D+00  0.00000000000000000D+00  0.00000000000000000D+00 -5.58404938366487500D-20 -9.11974589423829000D-04
43  7  0.00000000000000000D+00  6.07243894780729300D-20  9.91737292372087200D-04  0.00000000000000000D+00  0.00000000000000000D+00
43  8  0.00000000000000000D+00  0.00000000000000000D+00  0.00000000000000000D+00 -7.16103978945608300D-17 -1.16952517306549200D+00
43  9  0.00000000000000000D+00 -3.82637293717900500D-20 -6.24914761422836900D-04  0.00000000000000000D+00  0.00000000000000000D+00
43 10  0.00000000000000000D+00  0.00000000000000000D+00  0.00000000000000000D+00  3.53040535121379800D-17  5.76577990175259900D-01
44  1  0.00000000000000000D+00  0.00000000000000000D+00  0.00000000000000000D+00  0.00000000000000000D+00  0.00000000000000000D+00
44  2  0.00000000000000000D+00  0.00000000000000000D+00  0.00000000000000000D+00  0.00000000000000000D+00  6.69422307762068600D-20
44  3 -6.69422307762068600D-20  0.00000000000000000D+00  6.31208793554943000D-04  0.00000000000000000D+00  0.00000000000000000D+00
44  4  0.00000000000000000D+00  0.00000000000000000D+00  0.00000000000000000D+00  0.00000000000000000D+00 -7.32118406713867500D-20
44  5  7.32118406713867500D-20  0.00000000000000000D+00 -6.90325928614673000D-04  0.00000000000000000D+00  0.00000000000000000D+00
44  6  0.00000000000000000D+00  0.00000000000000000D+00  0.00000000000000000D+00  0.00000000000000000D+00  0.00000000000000000D+00
44  7  0.00000000000000000D+00  0.00000000000000000D+00  0.00000000000000000D+00  0.00000000000000000D+00 -1.24031426134521000D-16
44  8  1.24031426134521000D-16  0.00000000000000000D+00 -1.16951177075348400D+00  0.00000000000000000D+00  0.00000000000000000D+00
44  9  0.00000000000000000D+00  0.00000000000000000D+00  0.00000000000000000D+00  0.00000000000000000D+00  6.11519833447517300D-17
44 10 -6.11519833447517300D-17  0.00000000000000000D+00  5.76611642351364600D-01  0.00000000000000000D+00  0.00000000000000000D+00
45  1  0.00000000000000000D+00  0.00000000000000000D+00  0.00000000000000000D+00  0.00000000000000000D+00  0.00000000000000000D+00
45  2  0.00000000000000000D+00  0.00000000000000000D+00  0.00000000000000000D+00  0.00000000000000000D+00 -5.46642850323354400D-04
45  3  5.46642850296818600D-04  0.00000000000000000D+00  7.72982299175060500D-20  0.00000000000000000D+00  0.00000000000000000D+00
45  4  0.00000000000000000D+00  0.00000000000000000D+00  0.00000000000000000D+00  0.00000000000000000D+00  5.97839791082228800D-04
45  5 -5.97839791061571000D-04  0.00000000000000000D+00 -8.45377518390581300D-20  0.00000000000000000D+00  0.00000000000000000D+00
45  6  0.00000000000000000D+00  0.00000000000000000D+00  0.00000000000000000D+00  0.00000000000000000D+00  0.00000000000000000D+00
45  7  0.00000000000000000D+00  0.00000000000000000D+00  0.00000000000000000D+00  0.00000000000000000D+00  1.01282690349784800D+00
45  8 -1.01282690349728800D+00  0.00000000000000000D+00 -1.43219154533495500D-16  0.00000000000000000D+00  0.00000000000000000D+00
45  9  0.00000000000000000D+00  0.00000000000000000D+00  0.00000000000000000D+00  0.00000000000000000D+00 -4.99360330394486500D-01
45 10  4.99360330394338700D-01  0.00000000000000000D+00  7.06122280911809100D-17  0.00000000000000000D+00  0.00000000000000000D+00
46  1 -5.99647036309878400D-03 -3.01979927747084400D-02  4.06979640979355800D-02  0.00000000000000000D+00  0.00000000000000000D+00
46  2 -9.90283114432133000D-03  0.00000000000000000D+00  0.00000000000000000D+00  2.07137364687689000D-02  1.48170706756031300D-02
46  3  1.48170706756035000D-02 -2.96341413512066000D-02  2.63852402381051300D-32  0.00000000000000000D+00  0.00000000000000000D+00
46  4 -8.85278400599747100D-03  0.00000000000000000D+00  0.00000000000000000D+00 -6.73848690109534300D-03 -1.69957429545995700D-02
46  5 -1.69957429545991300D-02  3.39914859091988800D-02  3.12000650990732200D-32  0.00000000000000000D+00  0.00000000000000000D+00
46  6 -1.79577426081766300D-03 -3.82388993175510500D-03  7.35404946997410200D-03  0.00000000000000000D+00  0.00000000000000000D+00
46  7  3.07042520222585400D-03  0.00000000000000000D+00  0.00000000000000000D+00 -6.81083207981754300D-03 -5.84850119255665500D-01
46  8 -5.84850119256077400D-01  1.16970023851174300D+00 -2.91262237349570500D-29  0.00000000000000000D+00  0.00000000000000000D+00
46  9 -6.61595567331892600D-03  0.00000000000000000D+00  0.00000000000000000D+00  1.09220293567158700D-02  2.88709661391840100D-01
46 10  2.88709661391358400D-01 -5.77419322783198200D-01 -3.40596858804993900D-29  0.00000000000000000D+00  0.00000000000000000D+00
47  1  0.00000000000000000D+00  0.00000000000000000D+00  0.00000000000000000D+00  0.00000000000000000D+00  0.00000000000000000D+00
47  2  0.00000000000000000D+00  0.00000000000000000D+00  0.00000000000000000D+00  0.00000000000000000D+00  0.00000000000000000D+00
47  3  0.00000000000000000D+00  0.00000000000000000D+00  0.00000000000000000D+00  0.00000000000000000D+00  0.00000000000000000D+00
47  4  0.00000000000000000D+00  0.00000000000000000D+00  0.00000000000000000D+00  0.00000000000000000D+00  4.47213595499956700D-01
47  5  4.47213595499956800D-01  4.47213595499957200D-01  0.00000000000000000D+00  0.00000000000000000D+00  0.00000000000000000D+00
47  6  0.00000000000000000D+00  0.00000000000000000D+00  0.00000000000000000D+00  0.00000000000000000D+00  0.00000000000000000D+00
47  7  0.00000000000000000D+00  0.00000000000000000D+00  0.00000000000000000D+00  0.00000000000000000D+00  0.00000000000000000D+00
47  8  0.00000000000000000D+00  0.00000000000000000D+00  0.00000000000000000D+00  0.00000000000000000D+00  0.00000000000000000D+00
47  9  0.00000000000000000D+00  0.00000000000000000D+00  0.00000000000000000D+00  0.00000000000000000D+00  0.00000000000000000D+00
47 10  0.00000000000000000D+00  0.00000000000000000D+00  0.00000000000000000D+00  0.00000000000000000D+00  0.00000000000000000D+00
48  1  0.00000000000000000D+00  0.00000000000000000D+00  0.00000000000000000D+00  0.00000000000000000D+00  0.00000000000000000D+00
48  2  0.00000000000000000D+00  0.00000000000000000D+00  0.00000000000000000D+00  0.00000000000000000D+00 -4.47213595499956600D-01
48  3 -4.47213595499956500D-01 -4.47213595499956800D-01  0.00000000000000000D+00  0.00000000000000000D+00  0.00000000000000000D+00
48  4  0.00000000000000000D+00  0.00000000000000000D+00  0.00000000000000000D+00  0.00000000000000000D+00  0.00000000000000000D+00
48  5  0.00000000000000000D+00  0.00000000000000000D+00  0.00000000000000000D+00  0.00000000000000000D+00  0.00000000000000000D+00
48  6  0.00000000000000000D+00  0.00000000000000000D+00  0.00000000000000000D+00  0.00000000000000000D+00  0.00000000000000000D+00
48  7  0.00000000000000000D+00  0.00000000000000000D+00  0.00000000000000000D+00  0.00000000000000000D+00  0.00000000000000000D+00
48  8  0.00000000000000000D+00  0.00000000000000000D+00  0.00000000000000000D+00  0.00000000000000000D+00  0.00000000000000000D+00
48  9  0.00000000000000000D+00  0.00000000000000000D+00  0.00000000000000000D+00  0.00000000000000000D+00  0.00000000000000000D+00
48 10  0.00000000000000000D+00  0.00000000000000000D+00  0.00000000000000000D+00  0.00000000000000000D+00  0.00000000000000000D+00
49  1  0.00000000000000000D+00  0.00000000000000000D+00  0.00000000000000000D+00  0.00000000000000000D+00  0.00000000000000000D+00
49  2  0.00000000000000000D+00  0.00000000000000000D+00  0.00000000000000000D+00  0.00000000000000000D+00  0.00000000000000000D+00
49  3  0.00000000000000000D+00  0.00000000000000000D+00  0.00000000000000000D+00  0.00000000000000000D+00  0.00000000000000000D+00
49  4  0.00000000000000000D+00  0.00000000000000000D+00  0.00000000000000000D+00  0.00000000000000000D+00  0.00000000000000000D+00
49  5  0.00000000000000000D+00  0.00000000000000000D+00  0.00000000000000000D+00  0.00000000000000000D+00  0.00000000000000000D+00
49  6  0.00000000000000000D+00  0.00000000000000000D+00  0.00000000000000000D+00  0.00000000000000000D+00  0.00000000000000000D+00
49  7  0.00000000000000000D+00  0.00000000000000000D+00  0.00000000000000000D+00  0.00000000000000000D+00  0.00000000000000000D+00
49  8  0.00000000000000000D+00  0.00000000000000000D+00  0.00000000000000000D+00  0.00000000000000000D+00  0.00000000000000000D+00
49  9  0.00000000000000000D+00  0.00000000000000000D+00  0.00000000000000000D+00  0.00000000000000000D+00 -4.47213595499580800D-01
49 10 -4.47213595500332900D-01 -4.47213595499956900D-01  0.00000000000000000D+00  0.00000000000000000D+00  0.00000000000000000D+00
50  1  0.00000000000000000D+00  0.00000000000000000D+00  0.00000000000000000D+00  0.00000000000000000D+00  0.00000000000000000D+00
50  2  0.00000000000000000D+00  0.00000000000000000D+00  0.00000000000000000D+00  0.00000000000000000D+00  0.00000000000000000D+00
50  3  0.00000000000000000D+00  0.00000000000000000D+00  0.00000000000000000D+00  0.00000000000000000D+00  0.00000000000000000D+00
50  4  0.00000000000000000D+00  0.00000000000000000D+00  0.00000000000000000D+00  0.00000000000000000D+00  0.00000000000000000D+00
50  5  0.00000000000000000D+00  0.00000000000000000D+00  0.00000000000000000D+00  0.00000000000000000D+00  0.00000000000000000D+00
50  6  0.00000000000000000D+00  0.00000000000000000D+00  0.00000000000000000D+00  0.00000000000000000D+00  0.00000000000000000D+00
50  7  0.00000000000000000D+00  0.00000000000000000D+00  0.00000000000000000D+00  0.00000000000000000D+00 -4.47213595499582300D-01
50  8 -4.47213595500332700D-01 -4.47213595499957400D-01  0.00000000000000000D+00  0.00000000000000000D+00  0.00000000000000000D+00
50  9  0.00000000000000000D+00  0.00000000000000000D+00  0.00000000000000000D+00  0.00000000000000000D+00  0.00000000000000000D+00
50 10  0.00000000000000000D+00  0.00000000000000000D+00  0.00000000000000000D+00  0.00000000000000000D+00  0.00000000000000000D+00
 $END
 POPULATION ANALYSIS
LI           2.00395   0.99605   2.00829   0.99171
F            9.99605  -0.99605   9.99171  -0.99171
 MOMENTS AT POINT    1 X,Y,Z=  0.000000  0.000000  7.728409
 DIPOLE       0.000000  0.000000-26.710745
- - - NO-S OF CI STATE  1 E=     -106.7831977289 CREATED  9:44:23  7-MAY-2026    
 $OCCNO 
    2.0000000000    2.0000000000    2.0000000000    1.9833225242    1.9833225242
    1.9709255073    0.0287774156    0.0164329361    0.0164329361    0.0006845241
    0.0000899919    0.0000048161    0.0000048161    0.0000016416    0.0000001184
    0.0000001184    0.0000000691    0.0000000170    0.0000000170    0.0000000124
    0.0000000027    0.0000000027    0.0000000026    0.0000000026    0.0000000019
    0.0000000007    0.0000000005    0.0000000002    0.0000000002    0.0000000002
    0.0000000000    0.0000000000
 $END   
 $VEC   
 1  1  1.19793360090802800D-05  6.63840504604725600D-05 -3.08452982263859100D-05  0.00000000000000000D+00  0.00000000000000000D+00
 1  2  9.39999726995690500D-05  0.00000000000000000D+00  0.00000000000000000D+00 -1.65371591320575800D-04 -8.28198620622974500D-05
 1  3 -8.28198620623876700D-05  1.65639724124678100D-04  0.00000000000000000D+00  0.00000000000000000D+00  0.00000000000000000D+00
 1  4 -1.00835430701783300D-04  0.00000000000000000D+00  0.00000000000000000D+00 -5.34259544524315600D-05  1.02033711295860300D-04
 1  5  1.02033711295943500D-04 -2.04067422591706700D-04  0.00000000000000000D+00  0.00000000000000000D+00  0.00000000000000000D+00
 1  6  1.00069494537294300D+00  5.29417963587325200D-04 -3.43153069941325000D-03  0.00000000000000000D+00  0.00000000000000000D+00
 1  7 -5.08685290182094100D-05  0.00000000000000000D+00  0.00000000000000000D+00  4.83711281465329100D-05  2.78645262170566400D-06
 1  8  2.78645262072728200D-06 -5.57290524217698100D-06  0.00000000000000000D+00  0.00000000000000000D+00  0.00000000000000000D+00
 1  9  1.18008169497820500D-03  0.00000000000000000D+00  0.00000000000000000D+00 -7.79778611575545400D-05 -2.16794807478918900D-06
 1 10 -2.16794807217262900D-06  4.33589614696208900D-06  0.00000000000000000D+00  0.00000000000000000D+00  0.00000000000000000D+00
 2  1 -1.00009788296521400D+00  1.01049672348264800D-03  1.17129311493066600D-03  0.00000000000000000D+00  0.00000000000000000D+00
 2  2  1.39481698717900700D-03  0.00000000000000000D+00  0.00000000000000000D+00 -1.15030232175352500D-03 -1.87814262136490600D-05
 2  3 -1.87814262136451600D-05  3.75628524273787800D-05  0.00000000000000000D+00  0.00000000000000000D+00  0.00000000000000000D+00
 2  4 -1.31609563752433200D-03  0.00000000000000000D+00  0.00000000000000000D+00  1.24989366631419100D-04 -1.82711977913608100D-06
 2  5 -1.82711977912719000D-06  3.65423955818716000D-06  0.00000000000000000D+00  0.00000000000000000D+00  0.00000000000000000D+00
 2  6 -1.68381371040614800D-06 -3.44286859654065200D-06  9.81268123289587900D-06  0.00000000000000000D+00  0.00000000000000000D+00
 2  7  1.07090151373747700D-05  0.00000000000000000D+00  0.00000000000000000D+00 -4.27988832770991700D-05 -1.91943733348388700D-06
 2  8 -1.91943733380201900D-06  3.83887466723605900D-06  0.00000000000000000D+00  0.00000000000000000D+00  0.00000000000000000D+00
 2  9  8.13179916323840000D-06  0.00000000000000000D+00  0.00000000000000000D+00  1.39499399730162600D-04  6.85816946850918000D-06
 2 10  6.85816946689035800D-06 -1.37163389353996500D-05  0.00000000000000000D+00  0.00000000000000000D+00  0.00000000000000000D+00
 3  1  6.24378399965675400D-05  4.40161132297978200D-04 -8.39785249353184800D-05  0.00000000000000000D+00  0.00000000000000000D+00
 3  2  5.51914445781409800D-04  0.00000000000000000D+00  0.00000000000000000D+00 -9.32803138398040200D-04 -4.25377853457696700D-04
 3  3 -4.25377853457665500D-04  8.50755706915289500D-04  0.00000000000000000D+00  0.00000000000000000D+00  0.00000000000000000D+00
 3  4 -7.42405915328348100D-04  0.00000000000000000D+00  0.00000000000000000D+00 -4.45100415257463700D-04  5.66663152633733900D-04
 3  5  5.66663152633570700D-04 -1.13332630526732200D-03  0.00000000000000000D+00  0.00000000000000000D+00  0.00000000000000000D+00
 3  6 -6.27831088584792500D-03  4.91075598250060600D-01  5.54260836333580500D-01  0.00000000000000000D+00  0.00000000000000000D+00
 3  7 -8.70774739409825400D-04  0.00000000000000000D+00  0.00000000000000000D+00 -2.04785576530043200D-03  1.15831766027018300D-05
 3  8  1.15831765949358300D-05 -2.31663531973565900D-05  0.00000000000000000D+00  0.00000000000000000D+00  0.00000000000000000D+00
 3  9  5.65676851241575300D-02  0.00000000000000000D+00  0.00000000000000000D+00 -1.59338394359162300D-03 -1.55354793471717000D-04
 3 10 -1.55354793476030300D-04  3.10709586947746700D-04  0.00000000000000000D+00  0.00000000000000000D+00  0.00000000000000000D+00
 4  1  0.00000000000000000D+00  0.00000000000000000D+00  0.00000000000000000D+00 -2.12289981871663600D-03  3.38628934592470600D-09
 4  2  0.00000000000000000D+00 -6.16434329557336700D-03  9.83289453532899400D-09  0.00000000000000000D+00  0.00000000000000000D+00
 4  3  0.00000000000000000D+00  0.00000000000000000D+00  0.00000000000000000D+00  5.02228260366919000D-03 -8.01116563469709100D-09
 4  4  0.00000000000000000D+00 -2.70135833524272500D-03  4.30900265266456700D-09  0.00000000000000000D+00  0.00000000000000000D+00
 4  5  0.00000000000000000D+00  0.00000000000000000D+00  0.00000000000000000D+00 -8.66280178002166800D-03  1.38182466810044900D-08
 4  6  0.00000000000000000D+00  0.00000000000000000D+00  0.00000000000000000D+00 -6.27353774856650800D-01  1.00070732740124100D-06
 4  7  0.00000000000000000D+00 -4.43873853457226400D-01  7.08034023861549700D-07  0.00000000000000000D+00  0.00000000000000000D+00
 4  8  0.00000000000000000D+00  0.00000000000000000D+00  0.00000000000000000D+00  8.05433289509349900D-05 -1.28476631025023100D-10
 4  9  0.00000000000000000D+00 -1.65077153272782500D-01  2.63318598671493500D-07  0.00000000000000000D+00  0.00000000000000000D+00
 4 10  0.00000000000000000D+00  0.00000000000000000D+00  0.00000000000000000D+00  2.58910637282173600D-03 -4.12994680600417700D-09
 5  1  0.00000000000000000D+00  0.00000000000000000D+00  0.00000000000000000D+00 -3.38628934192312200D-09 -2.12289981872006600D-03
 5  2  0.00000000000000000D+00 -9.83289453999952300D-09 -6.16434329556978600D-03  0.00000000000000000D+00  0.00000000000000000D+00
 5  3  0.00000000000000000D+00  0.00000000000000000D+00  0.00000000000000000D+00  8.01116570794670100D-09  5.02228260366737400D-03
 5  4  0.00000000000000000D+00 -4.30900265294392700D-09 -2.70135833524370800D-03  0.00000000000000000D+00  0.00000000000000000D+00
 5  5  0.00000000000000000D+00  0.00000000000000000D+00  0.00000000000000000D+00 -1.38182467436001500D-08 -8.66280178001967300D-03
 5  6  0.00000000000000000D+00  0.00000000000000000D+00  0.00000000000000000D+00 -1.00070732741797300D-06 -6.27353774856652800D-01
 5  7  0.00000000000000000D+00 -7.08034023886028000D-07 -4.43873853457222500D-01  0.00000000000000000D+00  0.00000000000000000D+00
 5  8  0.00000000000000000D+00  0.00000000000000000D+00  0.00000000000000000D+00  1.28476631037548200D-10  8.05433289508448700D-05
 5  9  0.00000000000000000D+00 -2.63318598623716200D-07 -1.65077153272783700D-01  0.00000000000000000D+00  0.00000000000000000D+00
 5 10  0.00000000000000000D+00  0.00000000000000000D+00  0.00000000000000000D+00  4.12994680604736800D-09  2.58910637282167700D-03
 6  1 -4.17514355092328900D-03  1.27642916501104000D-01  2.52864000263832200D-02  0.00000000000000000D+00  0.00000000000000000D+00
 6  2  2.28863171067141800D-02  0.00000000000000000D+00  0.00000000000000000D+00  1.76890682034319200D-02  4.91424254641512300D-03
 6  3  4.91424254639836700D-03 -9.82848509281343000D-03  0.00000000000000000D+00  0.00000000000000000D+00  0.00000000000000000D+00
 6  4  2.89921232647786700D-03  0.00000000000000000D+00  0.00000000000000000D+00 -4.11708136487593700D-03 -1.00331392476232900D-02
 6  5 -1.00331392475780700D-02  2.00662784952013400D-02  0.00000000000000000D+00  0.00000000000000000D+00  0.00000000000000000D+00
 6  6 -1.08858889382222600D-04 -4.89075768237192400D-03 -1.13707509878246000D-02  0.00000000000000000D+00  0.00000000000000000D+00
 6  7 -6.13499635973332100D-01  0.00000000000000000D+00  0.00000000000000000D+00 -4.33783474162573900D-01 -5.63315993008133300D-05
 6  8 -5.63315993112040000D-05  1.12663198612079500D-04  0.00000000000000000D+00  0.00000000000000000D+00  0.00000000000000000D+00
 6  9  1.31926680807633300D-02  0.00000000000000000D+00  0.00000000000000000D+00 -1.68588827987383300D-01 -1.54928533327651800D-03
 6 10 -1.54928533328614600D-03  3.09857066656266300D-03  0.00000000000000000D+00  0.00000000000000000D+00  0.00000000000000000D+00
 7  1 -3.44593695293194500D-03 -5.58149342263983900D-01  2.87946430690345400D-02  0.00000000000000000D+00  0.00000000000000000D+00
 7  2 -1.17956576881414200D-01  0.00000000000000000D+00  0.00000000000000000D+00  2.15290927303862500D-02  1.92125612328701300D-02
 7  3  1.92125612329465100D-02 -3.84251224658165300D-02  0.00000000000000000D+00  0.00000000000000000D+00  0.00000000000000000D+00
 7  4 -2.37496551793753900D-02  0.00000000000000000D+00  0.00000000000000000D+00 -1.08653275326532500D-02 -1.23107834477564300D-02
 7  5 -1.23107834479443400D-02  2.46215668957010500D-02  0.00000000000000000D+00  0.00000000000000000D+00  0.00000000000000000D+00
 7  6 -2.13805963220766400D-03  8.36904000826313400D-03  5.19235788475452000D-02  0.00000000000000000D+00  0.00000000000000000D+00
 7  7 -2.48395089130128100D-01  0.00000000000000000D+00  0.00000000000000000D+00 -3.89029255653853700D-01  2.11966185069422800D-05
 7  8  2.11966184908686300D-05 -4.23932369976584100D-05  0.00000000000000000D+00  0.00000000000000000D+00  0.00000000000000000D+00
 7  9 -7.38818712892385100D-02  0.00000000000000000D+00  0.00000000000000000D+00  8.40105659739314700D-01 -7.78788547806771400D-04
 7 10 -7.78788547802904000D-04  1.55757709560967400D-03  0.00000000000000000D+00  0.00000000000000000D+00  0.00000000000000000D+00
 8  1  0.00000000000000000D+00  0.00000000000000000D+00  0.00000000000000000D+00  2.30297864053429600D-02  5.63671902100598800D-04
 8  2  0.00000000000000000D+00  1.55902649301281500D-02  3.81583838110348900D-04  0.00000000000000000D+00  0.00000000000000000D+00
 8  3  0.00000000000000000D+00  0.00000000000000000D+00  0.00000000000000000D+00  4.28699653584629900D-03  1.04927568546433300D-04
 8  4  0.00000000000000000D+00  6.09825997025310500D-03  1.49259647329478000D-04  0.00000000000000000D+00  0.00000000000000000D+00
 8  5  0.00000000000000000D+00  0.00000000000000000D+00  0.00000000000000000D+00  9.61058654743585100D-03  2.35226567200704600D-04
 8  6  0.00000000000000000D+00  0.00000000000000000D+00  0.00000000000000000D+00 -2.15167699524856000D-01 -5.26639649743424100D-03
 8  7  0.00000000000000000D+00 -4.43481109994913400D-01 -1.08545444762986900D-02  0.00000000000000000D+00  0.00000000000000000D+00
 8  8  0.00000000000000000D+00  0.00000000000000000D+00  0.00000000000000000D+00  4.00836091544125000D-04  9.81077454103752400D-06
 8  9  0.00000000000000000D+00  1.13168021589830100D+00  2.76987518962337800D-02  0.00000000000000000D+00  0.00000000000000000D+00
 8 10  0.00000000000000000D+00  0.00000000000000000D+00  0.00000000000000000D+00 -1.35426418481934700D-03 -3.31466673449717600D-05
 9  1  0.00000000000000000D+00  0.00000000000000000D+00  0.00000000000000000D+00  5.63671902100390400D-04 -2.30297864053472000D-02
 9  2  0.00000000000000000D+00  3.81583838110608300D-04 -1.55902649301247500D-02  0.00000000000000000D+00  0.00000000000000000D+00
 9  3  0.00000000000000000D+00  0.00000000000000000D+00  0.00000000000000000D+00  1.04927568546513100D-04 -4.28699653583675100D-03
 9  4  0.00000000000000000D+00  1.49259647329479100D-04 -6.09825997025198800D-03  0.00000000000000000D+00  0.00000000000000000D+00
 9  5  0.00000000000000000D+00  0.00000000000000000D+00  0.00000000000000000D+00  2.35226567201006500D-04 -9.61058654744140200D-03
 9  6  0.00000000000000000D+00  0.00000000000000000D+00  0.00000000000000000D+00 -5.26639649743405900D-03  2.15167699524858800D-01
 9  7  0.00000000000000000D+00 -1.08545444762985700D-02  4.43481109994911300D-01  0.00000000000000000D+00  0.00000000000000000D+00
 9  8  0.00000000000000000D+00  0.00000000000000000D+00  0.00000000000000000D+00  9.81077454104256600D-06 -4.00836091543913200D-04
 9  9  0.00000000000000000D+00  2.76987518962334800D-02 -1.13168021589830100D+00  0.00000000000000000D+00  0.00000000000000000D+00
 9 10  0.00000000000000000D+00  0.00000000000000000D+00  0.00000000000000000D+00 -3.31466673449713200D-05  1.35426418481936700D-03
10  1  6.82522193611517800D-03 -5.03456991075168500D-03 -3.58979670945919200D-03  0.00000000000000000D+00  0.00000000000000000D+00
10  2  7.07457215905689700D-02  0.00000000000000000D+00  0.00000000000000000D+00 -1.26670220418669300D-01 -5.89845672123253700D-02
10  3 -5.89845672123361400D-02  1.17969134424661500D-01  0.00000000000000000D+00  0.00000000000000000D+00  0.00000000000000000D+00
10  4 -9.09227976212305300D-02  0.00000000000000000D+00  0.00000000000000000D+00 -4.96029063525001800D-02  7.22991590522403800D-02
10  5  7.22991590522532600D-02 -1.44598318104493600D-01  0.00000000000000000D+00  0.00000000000000000D+00  0.00000000000000000D+00
10  6  5.68734425772810500D-02 -5.85498351503084400D-02 -9.08428093760069200D-01  0.00000000000000000D+00  0.00000000000000000D+00
10  7  5.15299508220393200D-04  0.00000000000000000D+00  0.00000000000000000D+00 -1.80637408669846500D-02 -2.26954391025547000D-05
10  8 -2.26954390890216200D-05  4.53908781914966500D-05  0.00000000000000000D+00  0.00000000000000000D+00  0.00000000000000000D+00
10  9  1.47810735034030900D+00  0.00000000000000000D+00  0.00000000000000000D+00  2.80855923845815300D-02  5.44471777223033000D-04
10 10  5.44471777219441700D-04 -1.08894355444247300D-03  0.00000000000000000D+00  0.00000000000000000D+00  0.00000000000000000D+00
11  1  1.09730780571854600D-01 -1.18731486481222900D-01 -7.09352430659354200D-01  0.00000000000000000D+00  0.00000000000000000D+00
11  2  5.14455033651840800D-02  0.00000000000000000D+00  0.00000000000000000D+00 -4.87464985048006100D-01 -1.93973480264302600D-01
11  3 -1.93973480264243000D-01  3.87946960528545500D-01  0.00000000000000000D+00  0.00000000000000000D+00  0.00000000000000000D+00
11  4  6.10407868229162300D-02  0.00000000000000000D+00  0.00000000000000000D+00  1.49729938374724700D-01  2.76091062285513700D-01
11  5  2.76091062285329800D-01 -5.52182124570843300D-01  0.00000000000000000D+00  0.00000000000000000D+00  0.00000000000000000D+00
11  6  4.15691291665952000D-03  1.33395442288208500D-03 -6.09048672652477400D-02  0.00000000000000000D+00  0.00000000000000000D+00
11  7  6.81451076675499800D-02  0.00000000000000000D+00  0.00000000000000000D+00  2.62273715600787300D-01  2.18060254490647000D-04
11  8  2.18060254499015000D-04 -4.36120508989893200D-04  0.00000000000000000D+00  0.00000000000000000D+00  0.00000000000000000D+00
11  9  1.41581680939276900D-01  0.00000000000000000D+00  0.00000000000000000D+00 -9.24643791096012800D-01  4.89213084951733900D-04
11 10  4.89213084939054000D-04 -9.78426169890786200D-04  0.00000000000000000D+00  0.00000000000000000D+00  0.00000000000000000D+00
12  1  0.00000000000000000D+00  0.00000000000000000D+00  0.00000000000000000D+00  1.72833295966156200D-04  1.35118051190010200D-01
12  2  0.00000000000000000D+00 -9.73577969416449100D-04 -7.61126246798410700D-01  0.00000000000000000D+00  0.00000000000000000D+00
12  3  0.00000000000000000D+00  0.00000000000000000D+00  0.00000000000000000D+00  1.14802760953366100D-03  8.97507927226805600D-01
12  4  0.00000000000000000D+00 -3.68537109784128600D-04 -2.88115873459720200D-01  0.00000000000000000D+00  0.00000000000000000D+00
12  5  0.00000000000000000D+00  0.00000000000000000D+00  0.00000000000000000D+00 -1.58624189585043600D-03 -1.24009620016360700D+00
12  6  0.00000000000000000D+00  0.00000000000000000D+00  0.00000000000000000D+00 -1.42662845318238900D-05 -1.11531319944261000D-02
12  7  0.00000000000000000D+00 -6.47212589001327800D-05 -5.05979494347702900D-02  0.00000000000000000D+00  0.00000000000000000D+00
12  8  0.00000000000000000D+00  0.00000000000000000D+00  0.00000000000000000D+00  2.46787408204126000D-07  1.92934084040457100D-04
12  9  0.00000000000000000D+00  2.35279782913491900D-04  1.83937623604798800D-01  0.00000000000000000D+00  0.00000000000000000D+00
12 10  0.00000000000000000D+00  0.00000000000000000D+00  0.00000000000000000D+00  5.20463586040982400D-07  4.06889338114194600D-04
13  1  0.00000000000000000D+00  0.00000000000000000D+00 -1.15178225240436500D-11 -1.35118051189965400D-01  1.72833307875278900D-04
13  2  0.00000000000000000D+00  7.61126246800544200D-01 -9.73577978314735100D-04  0.00000000000000000D+00  0.00000000000000000D+00
13  3  0.00000000000000000D+00  0.00000000000000000D+00  0.00000000000000000D+00 -8.97507927204624800D-01  1.14802761639105500D-03
13  4  0.00000000000000000D+00  2.88115873460108000D-01 -3.68537110203661800D-04  0.00000000000000000D+00  0.00000000000000000D+00
13  5  0.00000000000000000D+00  0.00000000000000000D+00  0.00000000000000000D+00  1.24009620014593700D+00 -1.58624190067213800D-03
13  6  0.00000000000000000D+00  0.00000000000000000D+00  0.00000000000000000D+00  1.11531319944018800D-02 -1.42662845378200500D-05
13  7  0.00000000000000000D+00  5.05979494347828200D-02 -6.47212589316178800D-05  0.00000000000000000D+00  0.00000000000000000D+00
13  8  0.00000000000000000D+00  0.00000000000000000D+00  0.00000000000000000D+00 -1.92934084042853800D-04  2.46787408250093100D-07
13  9  0.00000000000000000D+00 -1.83937623604748300D-01  2.35279783097945700D-04  0.00000000000000000D+00  0.00000000000000000D+00
13 10  0.00000000000000000D+00  0.00000000000000000D+00  0.00000000000000000D+00 -4.06889338091243400D-04  5.20463590994809900D-07
14  1  2.99855349929736800D-01  1.89574238151111900D+00 -2.09552475190067800D+00  0.00000000000000000D+00  0.00000000000000000D+00
14  2  1.46795590144161000D-01  0.00000000000000000D+00  0.00000000000000000D+00 -8.05355367967127500D-01 -7.10192440211566000D-01
14  3 -7.10192440211827400D-01  1.42038488042339300D+00  0.00000000000000000D+00 -2.04854959070276000D-11  0.00000000000000000D+00
14  4  5.88150647085987400D-01  0.00000000000000000D+00  0.00000000000000000D+00  3.27343927521953700D-01  9.14828554333841700D-01
14  5  9.14828554334192500D-01 -1.82965710866803400D+00  0.00000000000000000D+00  1.48391159297897100D-11  0.00000000000000000D+00
14  6  3.25547625681387600D-03 -1.53790175870904500D-03 -6.35637512379135200D-02  0.00000000000000000D+00  0.00000000000000000D+00
14  7  8.14831053555675800D-04  0.00000000000000000D+00  0.00000000000000000D+00  4.46508011361446500D-02  2.35872835899162900D-04
14  8  2.35872835934034100D-04 -4.71745671833100800D-04  0.00000000000000000D+00  0.00000000000000000D+00  0.00000000000000000D+00
14  9  1.33839374892372200D-01  0.00000000000000000D+00  0.00000000000000000D+00 -2.38167039087760000D-01  1.44829384307894200D-03
14 10  1.44829384305224100D-03 -2.89658768613118000D-03  0.00000000000000000D+00  0.00000000000000000D+00  0.00000000000000000D+00
15  1 -2.18868363096200900D-11 -1.01885252322389700D-10  1.62787405150751000D-10 -1.07873854645618800D-02  4.84582951808595900D-01
15  2  0.00000000000000000D+00  2.26019281691703200D-02 -1.01530710116006300D+00 -7.49992757063644100D-11 -4.21541659874849900D-11
15  3  5.03259480092188400D-11  0.00000000000000000D+00 -1.97219785902475300D-10 -1.77162962174028700D-02  7.95838357899479000D-01
15  4 -6.55678991590697600D-11 -2.50044315864814100D-02  1.12323058293110600D+00  7.03081157797761500D-11  1.52628862411661900D-11
15  5 -6.19278277454586800D-11  4.66649415042917800D-11  1.64617047112399900D-10  2.30156782005411100D-02 -1.03389327560976100D+00
15  6  0.00000000000000000D+00  0.00000000000000000D+00  0.00000000000000000D+00  2.61999560025052100D-05 -1.17693504847120000D-03
15  7  0.00000000000000000D+00 -1.49956931661180200D-04  6.73625437956588300D-03  0.00000000000000000D+00  0.00000000000000000D+00
15  8  0.00000000000000000D+00  0.00000000000000000D+00  0.00000000000000000D+00 -5.86232193693585100D-07  2.63342888096880600D-05
15  9  0.00000000000000000D+00  5.19672052132688500D-04 -2.33443235807230500D-02  0.00000000000000000D+00  0.00000000000000000D+00
15 10  0.00000000000000000D+00  0.00000000000000000D+00  0.00000000000000000D+00 -1.71752718680598200D-05  7.71534862263997000D-04
16  1  1.15283522161852700D-10  3.65456736567944800D-10 -1.13077605261815400D-09 -4.84582951822035600D-01 -1.07873841933049000D-02
16  2 -3.45116756454355100D-10  1.01530710137613400D+00  2.26019272161919800D-02  3.51664146098817300D-10  7.59965307987019800D-11
16  3  1.63835418428537600D-10 -2.39831949227243800D-10 -1.67212761717517400D-10 -7.95838356888601200D-01 -1.77162954311038600D-02
16  4  9.80623976950227900D-10 -1.12323058305399900D+00 -2.50044316325757800D-02  5.90955911307569800D-10 -7.25624757047400100D-11
16  5 -2.10951953767281300D-10  2.83514429472028300D-10  2.74500317239657400D-10  1.03389327482707400D+00  2.30156776623201400D-02
16  6 -1.19495680726807300D-11 -1.55484400407750100D-11  1.21519375457584200D-10  1.17693504741950300D-03  2.61999553217759800D-05
16  7  0.00000000000000000D+00 -6.73625437975924900D-03 -1.49956935041983000D-04  0.00000000000000000D+00  0.00000000000000000D+00
16  8  0.00000000000000000D+00  0.00000000000000000D+00  0.00000000000000000D+00 -2.63342889573038600D-05 -5.86232192891247300D-07
16  9 -3.24829115562705900D-10  2.33443235860961200D-02  5.19672072185521100D-04  5.10528556183222200D-11  0.00000000000000000D+00
16 10  0.00000000000000000D+00  0.00000000000000000D+00  0.00000000000000000D+00 -7.71534861180433600D-04 -1.71752712972235900D-05
17  1  1.36984350919478300D-01  4.35676669553409400D-01 -1.35094369012436000D+00  4.09245708526571300D-10  0.00000000000000000D+00
17  2 -4.64420893618040600D-01 -8.28852864394892600D-10  0.00000000000000000D+00  4.45925542128770400D-01  1.83409345988267100D-01
17  3  1.83409345914903200D-01 -3.66818691903170600D-01 -1.08775345153936700D-11  7.50362463070331100D-10  3.92144515712627400D-11
17  4  1.18209732142564200D+00  9.10234667078272900D-10  1.03744101455201400D-11  7.25400704218917800D-01 -1.97887250477452800D-01
17  5 -1.97887250415656100D-01  3.95774500893108300D-01  0.00000000000000000D+00 -9.21774691487788700D-10 -3.45843093680155900D-11
17  6 -1.44981511650227500D-02 -1.87837366425316900D-02  1.48100223072832500D-01  0.00000000000000000D+00  0.00000000000000000D+00
17  7 -1.20716177677676300D-03  0.00000000000000000D+00  0.00000000000000000D+00 -9.20240254488081600D-03  8.60725381711384000D-05
17  8  8.60725381593634100D-05 -1.72145076330178800D-04  0.00000000000000000D+00  0.00000000000000000D+00  0.00000000000000000D+00
17  9 -3.96186501918213600D-01 -1.78031101328235700D-11  0.00000000000000000D+00  6.33219548605582500D-02 -6.31356768380695500D-04
17 10 -6.31356768356122700D-04  1.26271353673681800D-03  0.00000000000000000D+00  0.00000000000000000D+00  0.00000000000000000D+00
18  1  6.45778942109039000D-08  3.43407301634501800D-07 -4.53862684553324200D-07 -3.76648265397763500D-02 -1.82590333258588200D+00
18  2 -5.17959424946662100D-08  3.04523896175160400D-02  1.47626111583493500D+00  8.29861703867189300D-08  9.08852684505844600D-09
18  3  7.81091045147731600D-09 -1.68994372965358800D-08  2.53831283078921300D-09 -1.99236022876368800D-02 -9.65849957956502700D-01
18  4  1.31680688056410500D-07  1.68110421832283400D-04  8.14964252047394400D-03 -6.95476768046113000D-08 -2.37290152062250700D-08
18  5 -2.26275391375197600D-08  4.63565543437447400D-08 -2.18838445131116800D-09  1.16007305583215100D-02  5.62376449298016600D-01
18  6  0.00000000000000000D+00  2.51471472477791700D-11  2.24617535122579700D-10  1.51359772377664000D-05  7.33756993177965600D-04
18  7  1.17010179110628100D-10  9.74668966185687200D-05  4.72496909507606800D-03 -7.89948682249399900D-10  0.00000000000000000D+00
18  8  0.00000000000000000D+00  0.00000000000000000D+00  0.00000000000000000D+00 -8.97067985849286600D-07 -4.34877722966756700D-05
18  9 -1.50243330966391600D-09 -5.71071147625146700D-04 -2.76842042360054300D-02  3.25538897508704900D-09 -1.00338826197807200D-11
18 10  0.00000000000000000D+00  1.99320788812196300D-11  0.00000000000000000D+00 -1.17496051074839400D-05 -5.69593551746878000D-04
19  1 -1.88456242465120600D-10 -9.52867332766192800D-10  1.27453916884003100D-09  1.82590333796477100D+00 -3.76648262694858100D-02
19  2 -1.24390972200500400D-09 -1.47626112233082100D+00  3.04523889873269900D-02  1.11399474669622800D-09  3.23151766798598100D-10
19  3  4.99251566991335300D-10 -8.22403333789932800D-10 -2.57905339394752700D-10  9.65849949129739400D-01 -1.99236015579066800D-02
19  4 -2.72086310441213300D-10 -8.14964105679623200D-03  1.68111207692708000D-04 -2.85964201522019800D-10 -1.09659408822651800D-10
19  5 -2.62368493576852400D-10  3.72027902399503000D-10  2.24166545333401700D-10 -5.62376442397517300D-01  1.16007296716944100D-02
19  6  0.00000000000000000D+00  0.00000000000000000D+00  0.00000000000000000D+00 -7.33756983389254000D-04  1.51359761359005100D-05
19  7  0.00000000000000000D+00 -4.72496910389355600D-03  9.74669013039445000D-05 -1.38726542581354200D-11  0.00000000000000000D+00
19  8  0.00000000000000000D+00  0.00000000000000000D+00  0.00000000000000000D+00  4.34877740347011300D-05 -8.97067996352646300D-07
19  9 -2.11047211167004100D-11  2.76842042432730000D-02 -5.71071163422903900D-04  8.94526300344773700D-11  0.00000000000000000D+00
19 10  0.00000000000000000D+00  0.00000000000000000D+00  0.00000000000000000D+00  5.69593541324360300D-04 -1.17496043617792700D-05
20  1 -2.55256052472788900D-01 -1.44882908689455800D+00  1.61539126512619000D+00 -1.80814638741449200D-09  1.11124879675339600D-10
20  2 -1.74634404646650200D+00  1.78543808688972700D-09 -4.32264196766176900D-10  2.01964621511298300D+00 -1.47803032068904000D-02
20  3 -1.47803046221077300D-02  2.95606078289972200D-02  3.32330365453072900D-09  3.83303351020964400D-10 -1.98514177268638900D-09
20  4 -1.10761198752340800D-01 -1.94908050037226700D-10  2.38719439555657900D-10 -6.63677123566968600D-01  2.13033565776820100D-01
20  5  2.13033566946049500D-01 -4.26067132722870000D-01 -2.75872555455968600D-09 -5.22841677991430000D-10  1.43346884744772800D-09
20  6 -2.01834507526550000D-03 -3.45263489381775100D-03  1.97538373624554400D-02  0.00000000000000000D+00  0.00000000000000000D+00
20  7  2.02052427422384800D-03  0.00000000000000000D+00  0.00000000000000000D+00 -2.44079859953004200D-02 -3.49674595865999800D-04
20  8 -3.49674595909011700D-04  6.99349191776169500D-04  0.00000000000000000D+00  0.00000000000000000D+00  0.00000000000000000D+00
20  9 -6.08950782203010700D-02 -1.90364215966140500D-11 -1.11115532958844000D-11  1.52786426547388200D-01  1.14439475605504300D-03
20 10  1.14439475621830000D-03 -2.28878951227334500D-03  0.00000000000000000D+00  0.00000000000000000D+00  0.00000000000000000D+00
21  1  7.41478905809384400D-08  3.95314771916431400D-07 -5.19691844959513500D-07  1.50513761691581900D-02  6.93682077270120400D-01
21  2 -6.20786400608998200D-08 -3.06977212325886300D-02 -1.41478484859537300D+00  9.72101535164102400D-08  1.45453915062529400D-07
21  3 -1.26157919938261600D-07 -1.92959951242610800D-08  5.36254576137459500D-07 -3.34571099235619400D-02 -1.54195849314635600D+00
21  4  1.47853065990283000D-07  1.01892119085320800D-02  4.69596508335044300D-01 -7.83360271921654900D-08 -2.04240015249958100D-07
21  5  1.51149194196784000D-07  5.30908210531601500D-08 -7.01589299163025900D-07  3.89435740080122700D-02  1.79481654887705400D+00
21  6  0.00000000000000000D+00  2.42593171965246900D-11  2.79941726634682600D-10  4.75035957316887600D-05  2.18932755855984200D-03
21  7  1.34759136684486000D-10 -1.49039733195019600D-05 -6.86888606216851100D-04 -8.99360463260072100D-10  0.00000000000000000D+00
21  8  0.00000000000000000D+00  0.00000000000000000D+00  0.00000000000000000D+00  8.89074838128371100D-06  4.09753413407836200D-04
21  9 -1.78655029467746800D-09 -3.56760278945305500D-05 -1.64422320892143600D-03  3.71944849450624200D-09 -2.80028036726138900D-11
21 10  0.00000000000000000D+00  2.08548489004840500D-11 -6.93959450213701500D-11 -4.98855460109519900D-05 -2.29910597502140000D-03
22  1 -7.08905440918191500D-08 -3.78697902321107200D-07  4.97313850410351200D-07 -6.93682048997043900D-01  1.50513757252691900D-02
22  2  6.91965362742686200D-08  1.41478483015947500D+00 -3.06977210124523600D-02 -9.73205315717794900D-08 -2.01937516750751100D-08
22  3  1.30838296642474000D-09  1.88853687086499500D-08 -5.25728617948885000D-08  1.54195846616798100D+00 -3.34571093861600200D-02
22  4 -1.42382303177869300D-07 -4.69596509674539400D-01  1.01892120436840200D-02  7.55221155818152300D-08  4.20475398952166600D-08
22  5  1.39138240196788100D-08 -5.59613639148942600D-08  6.87810097678984400D-08 -1.79481653986651300D+00  3.89435737519045900D-02
22  6  0.00000000000000000D+00 -3.32709744441774700D-11 -2.70165067872295500D-10 -2.18932753770355300D-03  4.75035952498567400D-05
22  7 -1.25906681576978900D-10  6.86888536697141700D-04 -1.49039714816075400D-05  8.97936426129853000D-10  0.00000000000000000D+00
22  8  0.00000000000000000D+00  0.00000000000000000D+00  0.00000000000000000D+00 -4.09753409975019800D-04  8.89074832519641900D-06
22  9  1.69967451440636900D-09  1.64422340728154200D-03 -3.56760335822074400D-05 -3.71965989740171400D-09  1.29696355625121800D-11
22 10  1.01869616643681300D-11 -2.31565972268640500D-11  0.00000000000000000D+00  2.29910595231821200D-03 -4.98855455477208300D-05
23  1  2.97193085192030800D-08  1.58531459232032900D-07 -2.08217160139944400D-07 -5.83919176293489300D-09 -5.88681719367453600D-08
23  2 -2.52865560973121200D-08  1.23229608867666600D-08  1.22371232909828100D-07  3.91922130895762100D-08  1.52417582023677500D+00
23  3 -1.52417581249300000D+00 -7.74369459140171700D-09  2.06449915874996200D-05  1.32626849671421000D-08  1.32926141843474900D-07
23  4  5.90707242054992200D-08 -4.20057255853043200D-09 -4.10608023705195600D-08 -3.13344829205480200D-08 -2.01743583261826900D+00
23  5  2.01743581121748400D+00  2.14006234797874600D-08 -2.73233536698647500D-05 -1.56784643807542400D-08 -1.56057581801638500D-07
23  6  0.00000000000000000D+00  0.00000000000000000D+00  1.11725298255831000D-10 -1.90168933162298400D-11 -1.89774092038751700D-10
23  7  5.39871122225740200D-11  0.00000000000000000D+00  5.58089146366326500D-11 -3.60936053332012300D-10  2.05650449328705000D-05
23  8 -2.05650416387488900D-05  0.00000000000000000D+00  2.78544560981494900D-10  0.00000000000000000D+00 -3.55493644351756800D-11
23  9 -7.14664270766546900D-10  1.73767312235770500D-11  1.55127786326480900D-10  1.49355316144129200D-09 -1.98455115305531000D-04
23 10  1.98455106991062000D-04  0.00000000000000000D+00 -2.68792994670391800D-09  1.99870452192201400D-11  1.99247690787790700D-10
24  1  1.05053780013118300D-07  5.60159404548534300D-07 -7.36227943985535700D-07 -2.42053079919469500D-08 -2.01378388496914800D-07
24  2 -8.82055368838848500D-08  5.03193746876525200D-08  4.18321075012316200D-07  1.37856254226790400D-07 -1.78592450873496500D-05
24  3  1.78865946437525200D-05 -2.73495564038181300D-08  1.75997162635738700D+00  5.44061163050305200D-08  4.54561457210126000D-07
24  4  2.09295856452288900D-07 -1.69923419909518800D-08 -1.40308197544008600D-07 -1.10906236635233300D-07  2.36218104581021000D-05
24  5 -2.36971078899033300D-05  7.52974318031234900D-08 -2.32953686712410100D+00 -6.38529233658227500D-08 -5.33438495964513700D-07
24  6  0.00000000000000000D+00  3.45373978032310300D-11  3.96073279242261700D-10 -7.76484729886763900D-11 -6.48780092838006300D-10
24  7  1.90874025240038600D-10  2.20177661552861100D-11  1.91244928297542900D-10 -1.27384510762261400D-09 -2.35284229812092800D-10
24  8  2.47034827798697000D-10 -1.17505980042207000D-11  2.37465208806959600D-05 -1.45819415747664800D-11 -1.21520785972265800D-10
24  9 -2.52952274774585900D-09  6.66602301504925300D-11  5.29125428249622100D-10  5.26799011898011400D-09  2.31249879449320000D-09
24 10 -2.34203652497382800D-09  2.95377305079832000D-11 -2.29156667097878400D-04  8.16038303205332500D-11  6.81165451982618600D-10
25  1  3.04573469410704600D-02  6.98653916914985800D-02 -1.02792305531475400D-01  1.29233879376479900D-08  1.08247027398276300D-09
25  2  3.76150875367145200D-01 -2.05497649834031200D-08 -5.40146407030961400D-09  4.45601923924934900D-01 -7.55783999960627200D-01
25  3 -7.55784024341903400D-01  1.51156802430253000D+00  5.00398555972528200D-08 -2.43417846946526700D-08 -2.94107355075122900D-08
25  4 -1.96710172571032800D-01  5.72063045438419700D-09  2.91898526222593700D-09 -1.01968507808258100D-01  7.64325643085570700D-01
25  5  7.64325663627182700D-01 -1.52865130671275300D+00 -4.15929337475469300D-08  2.44709699104713000D-08  2.11824892035005900D-08
25  6 -2.61250812031346400D-03 -6.11063557381439200D-03  8.91219358216796500D-03  3.14882078487920700D-11  2.99857198856470100D-11
25  7  2.01318285377471600D-03 -1.89545632125923500D-11  0.00000000000000000D+00 -1.00598783878548500D-03 -2.45435495375351700D-04
25  8 -2.45435495604607800D-04  4.90870990980484500D-04  0.00000000000000000D+00  0.00000000000000000D+00  0.00000000000000000D+00
25  9 -2.56640106002455300D-02  0.00000000000000000D+00 -1.58483361041441600D-10  1.05454140610197500D-02  2.17396293319982400D-03
25 10  2.17396293571770000D-03 -4.34792586891752100D-03  0.00000000000000000D+00 -3.31328303429000200D-11 -3.01283892086429000D-11
26  1 -6.06776053526144200D-01 -3.41013109825168700D+00  4.00651306002046100D+00  5.40044878247432700D-08 -6.98629132724109600D-09
26  2  1.02390263198401700D+00 -1.35078861046915700D-07 -6.26462431899745500D-08 -1.18228815654182200D+00 -6.12994596030928500D-03
26  3 -6.13021919071832200D-03  1.22601651510286200D-02  5.87019018893646700D-07 -1.42157700140416600D-07 -3.55929160833645400D-07
26  4 -6.34173060430966700D-01  4.97122680896230300D-08  4.16705258074976100D-08  3.86808573656025200D-01  1.77421976657337700D-01
26  5  1.77422221166116600D-01 -3.54844197823453400D-01 -5.14046688092757500D-07  1.79881578182608200D-07  2.72584605012516900D-07
26  6  6.26626292373486300D-04  9.13534986223326600D-04 -6.46192315218122900D-03  2.13066911266287400D-10  3.74985430096834600D-10
26  7 -1.26287562084789800D-03 -2.59748934522003700D-11  1.35414183261613700D-10  6.25526641169179400D-03  2.44856731997383400D-05
26  8  2.44856698859025500D-05 -4.89713430864680500D-05  0.00000000000000000D+00  4.02535597090790600D-11  4.98547875449521800D-11
26  9  2.59287467918090100D-02 -2.98301186088814400D-10 -2.17490714952757100D-09 -2.79509799896230400D-02 -2.36158223859089100D-04
26 10 -2.36158194364215800D-04  4.72316418223305000D-04 -6.27569156816958500D-11 -2.23383956301155600D-10 -3.75837616612896500D-10
27  1  2.33965252633209400D-02  4.27865904441204900D-01  2.61156737565720300D-01  1.16485791578050100D-09  1.40437735412074500D-08
27  2 -2.65075287321274500D-01 -4.77150506398652700D-08 -3.76547403532401900D-08  1.42064390191436500D-01  4.52632329576537500D-01
27  3  4.52632178782698300D-01 -9.05264508359235800D-01  3.24236993280740100D-07 -3.45108329142016400D-08 -1.91664314125523500D-07
27  4 -9.44799183505340500D-01  2.45311741221655000D-08  1.71865076429727000D-08  4.99819992077360600D-01 -2.02436321678155900D-01
27  5 -2.02436197255876600D-01  4.04872518934032300D-01 -2.62950545105215900D-07  7.14865504472351000D-08  1.34736372012056200D-07
27  6  2.39885853350980600D-04  1.05820168270619000D-03  3.44372362702641300D-03  7.39483441382922600D-11  1.93261738330594500D-10
27  7 -5.64875167135815000D-04  4.75577827294021900D-11  1.79313900147936600D-11  4.17844746717124100D-03  6.26259701891844300D-05
27  8  6.26259683492057700D-05 -1.25251938538392400D-04  0.00000000000000000D+00  1.51075439840634900D-11  2.55027411239272000D-11
27  9 -1.20205254941810100D-02 -2.66414209772212300D-10 -9.32206756073669800D-10 -1.31615488322531200D-02 -8.09831901633748800D-04
27 10 -8.09831885884573800D-04  1.61966378751832000D-03 -3.35722668871113000D-11 -7.74348688791860000D-11 -1.94355450383039300D-10
28  1 -3.06669997845951800D-01 -1.52374022174761800D+00  2.26451903328206900D+00 -8.09032217245447500D-09  9.85736498193691200D-09
28  2 -7.75018092501029300D-01 -3.14153204252515900D-08 -3.29662876378692600D-08  3.13581592181043500D-01 -5.71611136084280400D-01
28  3 -5.71611267298161700D-01  1.14322240338244300D+00  2.85123153682799900D-07 -1.39201943843249100D-08 -1.69831323266130200D-07
28  4 -8.83362176768839900D-01  1.96012110667889700D-08  1.60369150276331400D-08  3.91487326213906800D-01  2.77844191305509200D-01
28  5  2.77844301286393000D-01 -5.55688492591901700D-01 -2.34451098219031500D-07  5.03865290912061000D-08  1.21398202250590000D-07
28  6 -1.18521202416935900D-03 -2.81122449181239900D-03  3.49815457312244200D-03  4.70840921261735900D-11  1.72733080611790000D-10
28  7  1.13435093543164800D-04  5.93674496712462300D-11  2.37101457418050700D-11  1.96532704892556800D-03 -1.77635091938102200D-04
28  8 -1.77635093522035200D-04  3.55270185460325600D-04  0.00000000000000000D+00  1.02871428333388600D-11  2.28405571331400800D-11
28  9 -2.33219687661445600D-03 -2.50059761086496300D-10 -8.59570497935264000D-10 -9.33854192786959200D-03  1.29999729873590500D-03
28 10  1.29999731253053000D-03 -2.59999461126643200D-03 -2.96898616233945300D-11 -4.93362132298346800D-11 -1.73596356042331400D-10
29  1 -6.99151955151979100D-08 -3.64323332564086500D-07  5.01754307908341300D-07 -1.44149096174734800D-02 -9.39799704324168000D-01
29  2  3.68104798756902000D-08  8.69530093146364200D-03  5.66902017569527100D-01 -7.60889010218125400D-08 -6.49181265526683200D-08
29  3  4.59565778004458000D-08  1.89615487522261900D-08 -2.08726958770913700D-07  1.94021345495535800D-02  1.26494864636268000D+00
29  4 -1.66820271794877200D-07  1.05381400169058700D-03  6.87048387719213400D-02  8.64968926755290900D-08  5.28824842439024500D-08
29  5 -2.26618585088739000D-09 -5.06162983930204700D-08  1.03818016476596200D-07 -7.10668708656092000D-03 -4.63330175318681900D-01
29  6 -1.66386518763268500D-11 -5.89190057170150500D-11 -8.74071935649429900D-11 -1.51161864532092300D-05 -9.85520417842819500D-04
29  7 -1.24642898719627500D-10  3.62856526956614600D-05  2.36569264200559000D-03  9.14248726012233800D-10  0.00000000000000000D+00
29  8  0.00000000000000000D+00  1.16193437125785500D-11  0.00000000000000000D+00 -2.11114645153561200D-06 -1.37639076394484900D-04
29  9  1.19559249733664800D-09 -7.58106475353733500D-05 -4.94257859102964500D-03 -3.68385299011944500D-09  2.24833914766526500D-11
29 10  1.28114868411455200D-11 -3.52948783177883500D-11  1.82077209627899700D-11  1.58595233918871600D-05  1.03398328408764900D-03
30  1 -2.03424431035874700D-08 -9.72652268067163700D-08  1.55895561394407300D-07  9.39799714707343200D-01 -1.44149098911888400D-02
30  2 -2.07138322523649300D-08 -5.66902046200277300D-01  8.69530162209179900D-03 -5.19033175066170800D-09  6.71788443591329800D-09
30  3 -1.17455161870899000D-08  5.02763175117604500D-09  2.27631238637120500D-08 -1.26494868661820000D+00  1.94021354833329000D-02
30  4 -7.17235105369150200D-08 -6.87048278144840000D-02  1.05381375432930200D-03  3.67324641777053300D-08 -1.33231362441145400D-09
30  5  7.85117358460178100D-09 -6.51885996018938300D-09 -1.13220956993886700D-08  4.63330220338689900D-01 -7.10668814189650600D-03
30  6 -1.43496737757058400D-11 -2.71236459789728100D-11  1.03303020437542400D-10  9.85520472950668400D-04 -1.51161877462188800D-05
30  7 -4.26699148906395700D-11 -2.36569264417174600D-03  3.62856528788343800D-05  3.05882119810933800D-10  0.00000000000000000D+00
30  8  0.00000000000000000D+00  0.00000000000000000D+00  0.00000000000000000D+00  1.37639086031469600D-04 -2.11114667822859400D-06
30  9  2.78870022830574400D-11  4.94257846478285400D-03 -7.58106452408563400D-05 -1.21545876852733100D-09  0.00000000000000000D+00
30 10  0.00000000000000000D+00 -1.46105919853215500D-11  0.00000000000000000D+00 -1.03398334110661900D-03  1.58595247261734000D-05
31  1  3.59094656423652400D-08  1.88129336832990800D-07 -2.56381644382084200D-07 -6.37792111548126200D-09 -3.54726310873025000D-08
31  2 -2.17943759461036600D-08  3.99502238955746600D-09  2.29548332913725100D-08  4.09746751733764700D-08  1.55688588727491100D+00
31  3 -1.55688587757864400D+00 -9.69636049298086800D-09  1.22453964711883000D-03  8.82787095261200700D-09  4.96010368360691100D-08
31  4  8.25799194241962800D-08  3.93057936350142600D-10  1.77747499299579300D-09 -4.29997835160888400D-08 -8.22775176430678100D-01
31  5  8.22775150211755100D-01  2.62190657530528500D-08 -6.47133113250807900D-04 -3.45528426962558900D-09 -2.02813156678869200D-08
31  6  0.00000000000000000D+00  2.72412940766794200D-11  6.14060647429538800D-11  0.00000000000000000D+00 -4.03008839300493900D-11
31  7  6.40582278647125900D-11  1.59323649472736000D-11  8.76215974453079400D-11 -4.62763360008328500D-10  1.69482430713184700D-05
31  8 -1.69482375136593000D-05  0.00000000000000000D+00  1.33303056354954700D-08  0.00000000000000000D+00  0.00000000000000000D+00
31  9 -6.59043861820986500D-10 -3.21691625334179400D-11 -1.73830721008246200D-10  1.87293377693678800D-09 -1.38327984343442700D-04
31 10  1.38327967701390300D-04  1.66416984022621800D-11 -1.08799017300896900D-07  0.00000000000000000D+00  4.22248509825228600D-11
32  1  1.39303943736492700D-07  7.30231422297355800D-07 -9.93709433273920000D-07 -1.43792287873535100D-08 -1.15616811724683700D-07
32  2 -8.44869822572357900D-08  9.29601625211626600D-09  7.50934355126017500D-08  1.59575875687814200D-07 -1.06047261408135100D-03
32  3  1.06051001134736500D-03 -3.73972659507161800D-08  1.79773208086224600D+00  2.01635225193408500D-08  1.62002184178604100D-07
32  4  3.18314715392527900D-07  7.46757629616151100D-10  5.65240000833522700D-09 -1.65867344209639700D-07  5.60395164141208100D-04
32  5 -5.60495749267441400D-04  1.00585126136001900D-07 -9.50052457133622200D-01 -8.27963741200275900D-09 -6.66085980905553100D-08
32  6  2.26511155625783000D-11  9.92369075658362200D-11  2.62623571643560600D-10 -1.64141208107209600D-11 -1.31914551621817500D-10
32  7  2.49571453345055500D-10  3.57048985260548300D-11  2.85328417143729500D-10 -1.78740043140890300D-09 -1.15338955075987800D-08
32  8  1.15551104995759200D-08 -2.12149926995693800D-11  1.95700762702512300D-05  0.00000000000000000D+00 -1.88841795985574700D-11
32  9 -2.62731403938598700D-09 -7.09963452021555100D-11 -5.64439177973740700D-10  7.24760579225697600D-09  9.41926928664916500D-08
32 10 -9.42550428379493300D-08  6.23499716988127500D-11 -1.59726752235967100D-04  1.71789431822459900D-11  1.38201415672856300D-10
 $END   
 POPULATION ANALYSIS
LI           2.07370   0.92630   2.07942   0.92058
F            9.92630  -0.92630   9.92058  -0.92058
 MOMENTS AT POINT    1 X,Y,Z=  0.000000  0.000000  7.728409
 DIPOLE       0.000000  0.000000-25.110720
