 $DATA
 LiF single-point properties R=5.75 Ang                                         
CNV      2

LI          3.0      0.0000000000      0.0000000000      0.0000000000
   S          9
     1      1469.0000000000  0.00076600
     2       220.5000000000  0.00589200
     3        50.2600000000  0.02967100
     4        14.2400000000  0.10918000
     5         4.5810000000  0.28278900
     6         1.5800000000  0.45312300
     7         0.5640000000  0.27477400
     8         0.0734500000  0.00975100
     9         0.0280500000 -0.00318000
   S          9
     1      1469.0000000000 -0.00012000
     2       220.5000000000 -0.00092300
     3        50.2600000000 -0.00468900
     4        14.2400000000 -0.01768200
     5         4.5810000000 -0.04890200
     6         1.5800000000 -0.09600900
     7         0.5640000000 -0.13638000
     8         0.0734500000  0.57510200
     9         0.0280500000  0.51766100
   S          1
     1         0.0280500000  1.00000000
   P          4
     1         1.5340000000  0.02278400
     2         0.2749000000  0.13910700
     3         0.0736200000  0.50037500
     4         0.0240300000  0.50847400
   P          1
     1         0.0240300000  1.00000000
   D          1
     1         0.1144000000  1.00000000
   S          1
     1         0.0086000000  1.00000000
   P          1
     1         0.0058000000  1.00000000
   D          1
     1         0.0733000000  1.00000000
           
F           9.0      0.0000000000      0.0000000000      5.7500000000
   S          8
     1     14710.0000000000  0.00072100
     2      2207.0000000000  0.00555300
     3       502.8000000000  0.02826700
     4       142.6000000000  0.10644400
     5        46.4700000000  0.28681400
     6        16.7000000000  0.44864100
     7         6.3560000000  0.26476100
     8         1.3160000000  0.01533300
   S          8
     1     14710.0000000000 -0.00016500
     2      2207.0000000000 -0.00130800
     3       502.8000000000 -0.00649500
     4       142.6000000000 -0.02669100
     5        46.4700000000 -0.07369000
     6        16.7000000000 -0.17077600
     7         6.3560000000 -0.11232700
     8         1.3160000000  0.56281400
   S          1
     1         0.3897000000  1.00000000
   P          3
     1        22.6700000000  0.04487800
     2         4.9770000000  0.23571800
     3         1.3470000000  0.50852100
   P          1
     1         0.3471000000  1.00000000
   D          1
     1         1.6400000000  1.00000000
   S          1
     1         0.0986300000  1.00000000
   P          1
     1         0.0850200000  1.00000000
   D          1
     1         0.4640000000  1.00000000
           
 $END      
--- RHF ORBITALS --- GENERATED AT  9:44:25  7-MAY-2026    
 LiF single-point properties R=5.75 Ang                                         
E(RHF)=     -106.7567534126, E(NUC)=    2.4848321197,   13 ITERS
 $VEC
 1  1  6.81092206876302900D-06  4.17679980615794100D-05  2.60125186558185500D-06  0.00000000000000000D+00  0.00000000000000000D+00
 1  2  8.68501017111467400D-05  0.00000000000000000D+00  0.00000000000000000D+00 -1.43842662677565500D-04 -7.21182424995082400D-05
 1  3 -7.21182422048946800D-05  1.44236484704300500D-04  2.08299682882094500D-29  0.00000000000000000D+00  0.00000000000000000D+00
 1  4 -1.04296395574108400D-04  0.00000000000000000D+00  0.00000000000000000D+00 -5.96691456384865600D-05  8.74348274992792300D-05
 1  5  8.74348271353681200D-05 -1.74869654634578900D-04 -2.57294904323802700D-29  0.00000000000000000D+00  0.00000000000000000D+00
 1  6  1.00069314039795400D+00  5.26071696871841800D-04 -3.42192207928134900D-03  0.00000000000000000D+00  0.00000000000000000D+00
 1  7 -4.73194610574062100D-05  0.00000000000000000D+00  0.00000000000000000D+00  4.23127634392045100D-05  2.37474637918647800D-06
 1  8  2.37468735321062200D-06 -4.74943373243369500D-06 -4.17329473000270700D-27  0.00000000000000000D+00  0.00000000000000000D+00
 1  9  1.16705107560202000D-03  0.00000000000000000D+00  0.00000000000000000D+00 -6.48493133897920500D-05 -1.60697096009189400D-06
 1 10 -1.60697283434802900D-06  3.21394379443947600D-06 -1.32514933242123700D-28  0.00000000000000000D+00  0.00000000000000000D+00
 2  1 -1.00009517751963900D+00  1.02431497587250300D-03  1.15349729246037900D-03  0.00000000000000000D+00  0.00000000000000000D+00
 2  2  1.32175747334696400D-03  0.00000000000000000D+00  0.00000000000000000D+00 -1.09415740794083900D-03 -2.03587313578196300D-05
 2  3 -2.03587329542510500D-05  4.07174643120992000D-05 -1.12871981876521500D-28  0.00000000000000000D+00  0.00000000000000000D+00
 2  4 -1.31404000188834300D-03  0.00000000000000000D+00  0.00000000000000000D+00  1.18654063377124000D-04  2.42912692690363900D-06
 2  5  2.42913091555115900D-06 -4.85825784248298700D-06  2.82008072449713500D-28  0.00000000000000000D+00  0.00000000000000000D+00
 2  6 -9.55043628459101600D-07 -2.06296234468890400D-06  4.58090365143201700D-06  0.00000000000000000D+00  0.00000000000000000D+00
 2  7  1.04403533596167600D-05  0.00000000000000000D+00  0.00000000000000000D+00 -4.35081304069190300D-05 -1.77476783944111800D-06
 2  8 -1.77476762376373400D-06  3.54953546317774700D-06  1.52489692103429100D-29  0.00000000000000000D+00  0.00000000000000000D+00
 2  9  2.01995879784491700D-05  0.00000000000000000D+00  0.00000000000000000D+00  1.29862362811554800D-04  6.26785998207140800D-06
 2 10  6.26786222679361100D-06 -1.25357222088547700D-05  1.58707877462682900D-28  0.00000000000000000D+00  0.00000000000000000D+00
 3  1  4.17048131082595900D-05  3.33915717095026300D-04  5.41269455001519600D-05  0.00000000000000000D+00  0.00000000000000000D+00
 3  2  5.33060168836495300D-04  0.00000000000000000D+00  0.00000000000000000D+00 -8.49871427135350000D-04 -4.23087294450222800D-04
 3  3 -4.23087343748084200D-04  8.46174638198206000D-04 -3.48549095767741700D-27  0.00000000000000000D+00  0.00000000000000000D+00
 3  4 -7.52987143007671800D-04  0.00000000000000000D+00  0.00000000000000000D+00 -4.75153707753819800D-04  5.43595152497290900D-04
 3  5  5.43595095458188200D-04 -1.08719024795553300D-03 -4.03281746773214600D-27  0.00000000000000000D+00  0.00000000000000000D+00
 3  6 -6.28860105890403500D-03  4.91051763088041600D-01  5.54294676504197200D-01  0.00000000000000000D+00  0.00000000000000000D+00
 3  7 -8.31879857598997700D-04  0.00000000000000000D+00  0.00000000000000000D+00 -1.96016381731510500D-03  1.03594956672533200D-05
 3  8  1.03585963257710100D-05 -2.07180919929342900D-05 -6.35858537565750400D-26  0.00000000000000000D+00  0.00000000000000000D+00
 3  9  5.65339149628264300D-02  0.00000000000000000D+00  0.00000000000000000D+00 -1.47698618718116600D-03 -1.43036327282284100D-04
 3 10 -1.43034874228880200D-04  2.86071201511174200D-04  1.02734771007709500D-25  0.00000000000000000D+00  0.00000000000000000D+00
 4  1  0.00000000000000000D+00  0.00000000000000000D+00  0.00000000000000000D+00 -7.16942163210762500D-05  4.38985964195529800D-21
 4  2  0.00000000000000000D+00 -2.48495530007952800D-03  1.52154602472099100D-19  0.00000000000000000D+00  0.00000000000000000D+00
 4  3  0.00000000000000000D+00  0.00000000000000000D+00  0.00000000000000000D+00  1.92511697777703200D-03 -1.17875524141854300D-19
 4  4  0.00000000000000000D+00 -4.84279959041517000D-04  2.96526157435541200D-20  0.00000000000000000D+00  0.00000000000000000D+00
 4  5  0.00000000000000000D+00  0.00000000000000000D+00  0.00000000000000000D+00 -3.39140659174192200D-03  2.07656903032112600D-19
 4  6  0.00000000000000000D+00  0.00000000000000000D+00  0.00000000000000000D+00 -6.29272063091297900D-01  3.85305283372259700D-17
 4  7  0.00000000000000000D+00 -4.47812822811211400D-01  2.74197214068871900D-17  0.00000000000000000D+00  0.00000000000000000D+00
 4  8  0.00000000000000000D+00  0.00000000000000000D+00  0.00000000000000000D+00  7.79061093839670400D-05 -4.77021582765935800D-21
 4  9  0.00000000000000000D+00 -1.55402659080544600D-01  9.51535418554638400D-18  0.00000000000000000D+00  0.00000000000000000D+00
 4 10  0.00000000000000000D+00  0.00000000000000000D+00  0.00000000000000000D+00  2.45223174272722500D-03 -1.50150928659434000D-19
 5  1  0.00000000000000000D+00  0.00000000000000000D+00  0.00000000000000000D+00 -4.38698746667179500D-21 -7.16473085898769500D-05
 5  2  0.00000000000000000D+00 -1.52155883135535600D-19 -2.48497621559139900D-03  0.00000000000000000D+00  0.00000000000000000D+00
 5  3  0.00000000000000000D+00  0.00000000000000000D+00  0.00000000000000000D+00  1.17875769256922000D-19  1.92512098094208100D-03
 5  4  0.00000000000000000D+00 -2.96529188243046100D-20 -4.84284908889270900D-04  0.00000000000000000D+00  0.00000000000000000D+00
 5  5  0.00000000000000000D+00  0.00000000000000000D+00  0.00000000000000000D+00 -2.07657124378594700D-19 -3.39141020672369100D-03
 5  6  0.00000000000000000D+00  0.00000000000000000D+00  0.00000000000000000D+00 -3.85305274910002500D-17 -6.29272049270926800D-01
 5  7  0.00000000000000000D+00 -2.74197205551985800D-17 -4.47812808901621500D-01  0.00000000000000000D+00  0.00000000000000000D+00
 5  8  0.00000000000000000D+00  0.00000000000000000D+00  0.00000000000000000D+00  4.77021342409175500D-21  7.79060701294327900D-05
 5  9  0.00000000000000000D+00 -9.51535717426562700D-18 -1.55402707891646000D-01  0.00000000000000000D+00  0.00000000000000000D+00
 5 10  0.00000000000000000D+00  0.00000000000000000D+00  0.00000000000000000D+00  1.50150944558830700D-19  2.45223200239265300D-03
 6  1  1.74234821589900200D-03 -4.30916390286923600D-03 -1.00667058927981600D-02  0.00000000000000000D+00  0.00000000000000000D+00
 6  2 -6.59716511589010900D-03  0.00000000000000000D+00  0.00000000000000000D+00 -6.13663788680623300D-03 -1.73759021982265200D-03
 6  3 -1.73759027954180500D-03  3.47518049936448200D-03 -4.22230420800447100D-27  0.00000000000000000D+00  0.00000000000000000D+00
 6  4 -1.23921476086077300D-03  0.00000000000000000D+00  0.00000000000000000D+00  4.11513526075903800D-04  3.83700843433365700D-03
 6  5  3.83700865058672200D-03 -7.67401708492032800D-03  1.52896714427075400D-26  0.00000000000000000D+00  0.00000000000000000D+00
 6  6  5.46707946016814800D-05  3.81362575292364500D-03  9.54055250145878800D-03  0.00000000000000000D+00  0.00000000000000000D+00
 6  7  6.26928961734326300D-01  0.00000000000000000D+00  0.00000000000000000D+00  4.46789989853497800D-01  3.89980347104680600D-05
 6  8  3.89980196288994800D-05 -7.79960543394195600D-05 -1.06630732913734500D-27  0.00000000000000000D+00  0.00000000000000000D+00
 6  9 -1.36387765862219000D-02  0.00000000000000000D+00  0.00000000000000000D+00  1.58430581589409100D-01  1.50837120409139200D-03
 6 10  1.50837100613293500D-03 -3.01674221022434500D-03 -1.39961936123788600D-26  0.00000000000000000D+00  0.00000000000000000D+00
 7  1  5.68842244691866000D-03 -9.19504901222772700D-01 -2.53425869030656500D-02  0.00000000000000000D+00  0.00000000000000000D+00
 7  2  2.25647027468405200D-01  0.00000000000000000D+00  0.00000000000000000D+00  2.21127172849623800D-02  2.22516529873824600D-03
 7  3  2.22516521042048800D-03 -4.45033050915871100D-03 -6.24430225839378900D-27  0.00000000000000000D+00  0.00000000000000000D+00
 7  4 -3.85949971541719700D-02  0.00000000000000000D+00  0.00000000000000000D+00 -1.56888693498352700D-03 -4.99514973299343500D-03
 7  5 -4.99514947557236700D-03  9.99029920856580500D-03  1.82003596047600900D-26  0.00000000000000000D+00  0.00000000000000000D+00
 7  6  3.24066273577235100D-05  6.08724664041160300D-04  6.66902988845710600D-04  0.00000000000000000D+00  0.00000000000000000D+00
 7  7 -1.06440634835847200D-02  0.00000000000000000D+00  0.00000000000000000D+00 -7.53761270483055400D-03  2.27404003538723800D-05
 7  8  2.27404023480587800D-05 -4.54808027021210000D-05  1.40994323843842400D-28  0.00000000000000000D+00  0.00000000000000000D+00
 7  9 -2.78899655922496000D-04  0.00000000000000000D+00  0.00000000000000000D+00 -3.27461039201193400D-03 -3.35824150843127200D-05
 7 10 -3.35823644900296200D-05  6.71647795743479800D-05  3.57715144849340700D-27  0.00000000000000000D+00  0.00000000000000000D+00
 8  1  0.00000000000000000D+00  0.00000000000000000D+00  0.00000000000000000D+00 -9.14711519323568400D-01  5.60080769239081000D-17
 8  2  0.00000000000000000D+00 -5.52928861638200500D-02  3.38560098586957200D-18  0.00000000000000000D+00  0.00000000000000000D+00
 8  3  0.00000000000000000D+00  0.00000000000000000D+00  0.00000000000000000D+00 -5.70387114868260100D-02  3.49249842503042700D-18
 8  4  0.00000000000000000D+00 -7.29958086491766000D-02  4.46955655370920500D-18  0.00000000000000000D+00  0.00000000000000000D+00
 8  5  0.00000000000000000D+00  0.00000000000000000D+00  0.00000000000000000D+00  1.52001703368543600D-01 -9.30711258684713600D-18
 8  6  0.00000000000000000D+00  0.00000000000000000D+00  0.00000000000000000D+00  5.09332857233669300D-03 -3.11866126589428600D-19
 8  7  0.00000000000000000D+00 -4.32892195743273000D-04  2.65061266713666200D-20  0.00000000000000000D+00  0.00000000000000000D+00
 8  8  0.00000000000000000D+00  0.00000000000000000D+00  0.00000000000000000D+00  1.67592668154595900D-04 -1.02617523138081700D-20
 8  9  0.00000000000000000D+00  1.82224290099075200D-02 -1.11576511738049800D-18  0.00000000000000000D+00  0.00000000000000000D+00
 8 10  0.00000000000000000D+00  0.00000000000000000D+00  0.00000000000000000D+00 -4.53501888266169200D-04  2.77680646920598300D-20
 9  1  0.00000000000000000D+00  0.00000000000000000D+00  0.00000000000000000D+00 -5.60080769525939500D-17 -9.14711519792059200D-01
 9  2  0.00000000000000000D+00 -3.38560095590891600D-18 -5.52928856745092400D-02  0.00000000000000000D+00  0.00000000000000000D+00
 9  3  0.00000000000000000D+00  0.00000000000000000D+00  0.00000000000000000D+00 -3.49249844609666800D-18 -5.70387118308751900D-02
 9  4  0.00000000000000000D+00 -4.46955655341190100D-18 -7.29958086443210900D-02  0.00000000000000000D+00  0.00000000000000000D+00
 9  5  0.00000000000000000D+00  0.00000000000000000D+00  0.00000000000000000D+00  9.30711263072791000D-18  1.52001704085194700D-01
 9  6  0.00000000000000000D+00  0.00000000000000000D+00  0.00000000000000000D+00  3.11865195019137400D-19  5.09331335813682800D-03
 9  7  0.00000000000000000D+00 -2.65067902045858200D-20 -4.32903032420987900D-04  0.00000000000000000D+00  0.00000000000000000D+00
 9  8  0.00000000000000000D+00  0.00000000000000000D+00  0.00000000000000000D+00  1.02617520062532700D-20  1.67592663131677400D-04
 9  9  0.00000000000000000D+00  1.11576490271324400D-18  1.82224255040094300D-02  0.00000000000000000D+00  0.00000000000000000D+00
 9 10  0.00000000000000000D+00  0.00000000000000000D+00  0.00000000000000000D+00 -2.77680706773716300D-20 -4.53501986016957100D-04
10  1  3.48168270704778500D-02  5.35007563588094500D-01 -4.73873761706620100D-02  0.00000000000000000D+00  0.00000000000000000D+00
10  2  7.96346240848414400D-01  0.00000000000000000D+00  0.00000000000000000D+00  5.80910764005288000D-02 -4.10172963912108400D-02
10  3 -4.10172961639173600D-02  8.20345925551284200D-02  1.60702587454804500D-26  0.00000000000000000D+00  0.00000000000000000D+00
10  4 -3.79895603562196100D-01  0.00000000000000000D+00  0.00000000000000000D+00  1.52720079762708100D-01  1.09030926673104400D-01
10  5  1.09030926063497700D-01 -2.18061852736602000D-01 -4.31008253374692700D-26  0.00000000000000000D+00  0.00000000000000000D+00
10  6 -2.31066448376365700D-03 -6.53999334850519100D-03  1.39493209205524000D-02  0.00000000000000000D+00  0.00000000000000000D+00
10  7  1.93944279321996900D-02  0.00000000000000000D+00  0.00000000000000000D+00  8.51900373888751400D-03 -1.43942808422681800D-04
10  8 -1.43942806056416500D-04  2.87885614479144100D-04  1.67301294213776000D-28  0.00000000000000000D+00  0.00000000000000000D+00
10  9 -5.30049336764414200D-02  0.00000000000000000D+00  0.00000000000000000D+00  3.82610812886191200D-02  3.94338118689880000D-04
10 10  3.94338160342590900D-04 -7.88676279032491600D-04  2.94495832198332200D-27  0.00000000000000000D+00  0.00000000000000000D+00
11  1  1.78841395356054900D-02 -1.32237691742224700D-01 -6.05868436294292300D-01  0.00000000000000000D+00  0.00000000000000000D+00
11  2  6.83558455183385600D-01  0.00000000000000000D+00  0.00000000000000000D+00 -1.61518727322807400D-01 -1.61254164971827900D-02
11  3 -1.61254161930444300D-02  3.22508326902273100D-02  2.15033976373042300D-26  0.00000000000000000D+00  0.00000000000000000D+00
11  4  1.16022983479496400D+00  0.00000000000000000D+00  0.00000000000000000D+00 -5.61007828228050100D-01  5.17244677658868100D-02
11  5  5.17244670640454300D-02 -1.03448934829932600D-01 -4.96220664996232300D-26  0.00000000000000000D+00  0.00000000000000000D+00
11  6 -8.77340798727812500D-04 -2.85054115508561600D-03  4.86705067429304300D-03  0.00000000000000000D+00  0.00000000000000000D+00
11  7  1.14949080296656900D-02  0.00000000000000000D+00  0.00000000000000000D+00  1.74700921208247600D-03 -3.24038009604279400D-05
11  8 -3.24037989594168800D-05  6.48075999197862200D-05  1.41476846783499000D-28  0.00000000000000000D+00  0.00000000000000000D+00
11  9 -2.42290596412338000D-02  0.00000000000000000D+00  0.00000000000000000D+00  3.72985373006721000D-02  8.24451434438119500D-05
11 10  8.24451869097539500D-05 -1.64890330353709900D-04  3.07315862286501800D-27  0.00000000000000000D+00  0.00000000000000000D+00
12  1  0.00000000000000000D+00  0.00000000000000000D+00  0.00000000000000000D+00 -4.34131423691790700D-01  2.65820049923460700D-17
12  2  0.00000000000000000D+00 -7.81281270643122700D-02  4.78381004075994200D-18  0.00000000000000000D+00  0.00000000000000000D+00
12  3  0.00000000000000000D+00  0.00000000000000000D+00  0.00000000000000000D+00  1.14798953827033500D-02 -7.02917641343734800D-19
12  4  0.00000000000000000D+00  1.10278114602765400D+00 -6.75236399150494000D-17  0.00000000000000000D+00  0.00000000000000000D+00
12  5  0.00000000000000000D+00  0.00000000000000000D+00  0.00000000000000000D+00  7.07702629862415500D-03 -4.33328568573160000D-19
12  6  0.00000000000000000D+00  0.00000000000000000D+00  0.00000000000000000D+00 -6.44047997666387500D-03  3.94352635054418900D-19
12  7  0.00000000000000000D+00  3.48445386673712500D-03 -2.13354217240361700D-19  0.00000000000000000D+00  0.00000000000000000D+00
12  8  0.00000000000000000D+00  0.00000000000000000D+00  0.00000000000000000D+00 -2.58993084124619300D-05  1.58582288207531100D-21
12  9  0.00000000000000000D+00 -3.66112695753988500D-02  2.24171966717686600D-18  0.00000000000000000D+00  0.00000000000000000D+00
12 10  0.00000000000000000D+00  0.00000000000000000D+00  0.00000000000000000D+00  9.38523087372260600D-05 -5.74660668002532200D-21
13  1  0.00000000000000000D+00  0.00000000000000000D+00  0.00000000000000000D+00 -2.65820049819315800D-17 -4.34131423521703500D-01
13  2  0.00000000000000000D+00 -4.78381004404807900D-18 -7.81281271180134000D-02  0.00000000000000000D+00  0.00000000000000000D+00
13  3  0.00000000000000000D+00  0.00000000000000000D+00  0.00000000000000000D+00  7.02917643521640200D-19  1.14798954182724200D-02
13  4  0.00000000000000000D+00  6.75236399172999400D-17  1.10278114606440900D+00  0.00000000000000000D+00  0.00000000000000000D+00
13  5  0.00000000000000000D+00  0.00000000000000000D+00  0.00000000000000000D+00  4.33328569264953700D-19  7.07702630992237600D-03
13  6  0.00000000000000000D+00  0.00000000000000000D+00  0.00000000000000000D+00 -3.94353138363505100D-19 -6.44048819659650200D-03
13  7  0.00000000000000000D+00  2.13353864106886500D-19  3.48444809943934700D-03  0.00000000000000000D+00  0.00000000000000000D+00
13  8  0.00000000000000000D+00  0.00000000000000000D+00  0.00000000000000000D+00 -1.58582300594585300D-21 -2.58993104354882100D-05
13  9  0.00000000000000000D+00 -2.24171982631773800D-18 -3.66112721744523600D-02  0.00000000000000000D+00  0.00000000000000000D+00
13 10  0.00000000000000000D+00  0.00000000000000000D+00  0.00000000000000000D+00  5.74660445624828900D-21  9.38522724189916200D-05
14  1 -8.55808296493847900D-02 -6.79670175946578700D-01  2.20272706823836700D-01  0.00000000000000000D+00  0.00000000000000000D+00
14  2  9.12842773157331000D-02  0.00000000000000000D+00  0.00000000000000000D+00 -4.77192131929972100D-01 -2.67142543060850700D-02
14  3 -2.67142539836013500D-02  5.34285082896865900D-02  2.28004636917864100D-26  0.00000000000000000D+00  0.00000000000000000D+00
14  4  7.13836283814894200D-01  0.00000000000000000D+00  0.00000000000000000D+00  1.02268760956554500D+00  4.35740520669716500D-02
14  5  4.35740512523104500D-02 -8.71481033192822200D-02 -5.75987306096346900D-26  0.00000000000000000D+00  0.00000000000000000D+00
14  6 -7.68931648981102000D-03 -2.03130273516679400D-02  4.90391870507183900D-02  0.00000000000000000D+00  0.00000000000000000D+00
14  7  8.17767426559077600D-04  0.00000000000000000D+00  0.00000000000000000D+00  8.10472669218768500D-03  1.42440749696860400D-04
14  8  1.42440766789363500D-04 -2.84881516486230500D-04  1.20848579107111000D-27  0.00000000000000000D+00  0.00000000000000000D+00
14  9 -1.98243064082288100D-01  0.00000000000000000D+00  0.00000000000000000D+00 -2.48257852775377900D-02 -3.47237114587371000D-04
14 10 -3.47236678692767100D-04  6.94473793280028800D-04  3.08189170450098300D-26  0.00000000000000000D+00  0.00000000000000000D+00
15  1  0.00000000000000000D+00  0.00000000000000000D+00  0.00000000000000000D+00 -1.96528709489026000D+00  1.20335153174386700D-16
15  2  0.00000000000000000D+00  2.42991322207189500D+00 -1.48784358549312400D-16  0.00000000000000000D+00  0.00000000000000000D+00
15  3  0.00000000000000000D+00  0.00000000000000000D+00  0.00000000000000000D+00  1.77054262319338000D-01 -1.08410887303797600D-17
15  4  0.00000000000000000D+00 -5.79828929619580300D-01  3.55031095671083100D-17  0.00000000000000000D+00  0.00000000000000000D+00
15  5  0.00000000000000000D+00  0.00000000000000000D+00  0.00000000000000000D+00 -3.20691229628309800D-01  1.96360258708969600D-17
15  6  0.00000000000000000D+00  0.00000000000000000D+00  0.00000000000000000D+00 -3.13983187722014700D-03  1.92252903338891700D-19
15  7  0.00000000000000000D+00  2.37170050330717100D-04 -1.45219975285684600D-20  0.00000000000000000D+00  0.00000000000000000D+00
15  8  0.00000000000000000D+00  0.00000000000000000D+00  0.00000000000000000D+00 -3.10784917494253700D-04  1.90294592317813200D-20
15  9  0.00000000000000000D+00 -1.27927372996894100D-02  7.83303368999008600D-19  0.00000000000000000D+00  0.00000000000000000D+00
15 10  0.00000000000000000D+00  0.00000000000000000D+00  0.00000000000000000D+00  7.96529178654480800D-04 -4.87717346592598300D-20
16  1  0.00000000000000000D+00  0.00000000000000000D+00  0.00000000000000000D+00 -1.20335153164673600D-16 -1.96528709473162800D+00
16  2  0.00000000000000000D+00  1.48784358543546800D-16  2.42991322197773300D+00  0.00000000000000000D+00  0.00000000000000000D+00
16  3  0.00000000000000000D+00  0.00000000000000000D+00  0.00000000000000000D+00  1.08410887452962800D-17  1.77054262562951400D-01
16  4  0.00000000000000000D+00 -3.55031095623792000D-17 -5.79828929542345600D-01  0.00000000000000000D+00  0.00000000000000000D+00
16  5  0.00000000000000000D+00  0.00000000000000000D+00  0.00000000000000000D+00 -1.96360258970443800D-17 -3.20691230055343600D-01
16  6  0.00000000000000000D+00  0.00000000000000000D+00  0.00000000000000000D+00 -1.92253303533634200D-19 -3.13983841311212900D-03
16  7  0.00000000000000000D+00  1.45217156565070600D-20  2.37165446858580600D-04  0.00000000000000000D+00  0.00000000000000000D+00
16  8  0.00000000000000000D+00  0.00000000000000000D+00  0.00000000000000000D+00 -1.90294595225937000D-20 -3.10784922243737300D-04
16  9  0.00000000000000000D+00 -7.83303489476046600D-19 -1.27927392672937300D-02  0.00000000000000000D+00  0.00000000000000000D+00
16 10  0.00000000000000000D+00  0.00000000000000000D+00  0.00000000000000000D+00  4.87717266367599100D-20  7.96529047632787300D-04
17  1 -1.97270985701822900D-01 -1.01336147606932700D+00  1.46503670989290200D+00  0.00000000000000000D+00  0.00000000000000000D+00
17  2  1.85825538676050300D+00  0.00000000000000000D+00  0.00000000000000000D+00 -2.25673666615296600D+00  1.31538011384212500D-01
17  3  1.31538010428397700D-01 -2.63076021812609200D-01 -6.75786646179961300D-26  0.00000000000000000D+00  0.00000000000000000D+00
17  4 -5.79875758618348200D-01  0.00000000000000000D+00  0.00000000000000000D+00  4.09476142466369800D-01 -2.62595369208339000D-01
17  5 -2.62595366871826900D-01  5.25190736080165300D-01  1.65197664033801600D-25  0.00000000000000000D+00  0.00000000000000000D+00
17  6  4.85624498258879200D-03  1.17468705911836700D-02 -3.35659922272107400D-02  0.00000000000000000D+00  0.00000000000000000D+00
17  7 -7.24770254920293300D-03  0.00000000000000000D+00  0.00000000000000000D+00  1.57275824135063100D-02  2.94237174548835100D-04
17  8  2.94237167753434300D-04 -5.88474342302137600D-04 -4.80453052467409700D-28  0.00000000000000000D+00  0.00000000000000000D+00
17  9  1.25522508684500800D-01  0.00000000000000000D+00  0.00000000000000000D+00 -1.19578572722252800D-01 -1.31042189212691800D-03
17 10 -1.31042207540994300D-03  2.62084396753687500D-03 -1.29586011659561700D-26  0.00000000000000000D+00  0.00000000000000000D+00
18  1  0.00000000000000000D+00  0.00000000000000000D+00  0.00000000000000000D+00  0.00000000000000000D+00  0.00000000000000000D+00
18  2  0.00000000000000000D+00  0.00000000000000000D+00  0.00000000000000000D+00  0.00000000000000000D+00  5.69315551535598400D-17
18  3 -5.69315551535598400D-17  0.00000000000000000D+00  5.36816562982806200D-01  0.00000000000000000D+00  0.00000000000000000D+00
18  4  0.00000000000000000D+00  0.00000000000000000D+00  0.00000000000000000D+00  0.00000000000000000D+00 -1.55852491131064600D-16
18  5  1.55852491131064600D-16  0.00000000000000000D+00 -1.46955758358649000D+00  0.00000000000000000D+00  0.00000000000000000D+00
18  6  0.00000000000000000D+00  0.00000000000000000D+00  0.00000000000000000D+00  0.00000000000000000D+00  0.00000000000000000D+00
18  7  0.00000000000000000D+00  0.00000000000000000D+00  0.00000000000000000D+00  0.00000000000000000D+00  8.65018504054186400D-22
18  8 -8.65018504054186400D-22  0.00000000000000000D+00  8.15639514870799300D-06  0.00000000000000000D+00  0.00000000000000000D+00
18  9  0.00000000000000000D+00  0.00000000000000000D+00  0.00000000000000000D+00  0.00000000000000000D+00 -8.91785650515308100D-21
18 10  8.91785650515308100D-21  0.00000000000000000D+00 -8.40878677098775500D-05  0.00000000000000000D+00  0.00000000000000000D+00
19  1 -7.73647887127164800D-10 -4.20838650765957300D-09  5.58756972060355100D-09  0.00000000000000000D+00  0.00000000000000000D+00
19  2  9.59496684343985000D-10  0.00000000000000000D+00  0.00000000000000000D+00 -1.38104963443289700D-09 -4.64896780620690200D-01
19  3  4.64896780807235000D-01 -1.86545486185042600D-10  6.57388973863858700D-17  0.00000000000000000D+00  0.00000000000000000D+00
19  4 -1.95222521356168200D-09  0.00000000000000000D+00  0.00000000000000000D+00 -4.25862432021621700D-11  1.27267419957193000D+00
19  5 -1.27267419984590800D+00  2.73977436549206500D-10 -1.79962955416638100D-16  0.00000000000000000D+00  0.00000000000000000D+00
19  6  1.06880981245303000D-11 -1.92478944321514000D-11 -1.61837539916841500D-10  0.00000000000000000D+00  0.00000000000000000D+00
19  7  6.56652836373265100D-11  0.00000000000000000D+00  0.00000000000000000D+00  6.57299410617063300D-11 -7.06364414158702100D-06
19  8  7.06364666405436900D-06  0.00000000000000000D+00  9.98837332443372700D-22  0.00000000000000000D+00  0.00000000000000000D+00
19  9  3.57558933851378600D-10  0.00000000000000000D+00  0.00000000000000000D+00 -9.34679341339855800D-11  7.28222352805194200D-05
19 10 -7.28222238935660800D-05 -1.13868092276313300D-11 -1.02974537077207500D-20  0.00000000000000000D+00  0.00000000000000000D+00
20  1  0.00000000000000000D+00  0.00000000000000000D+00  0.00000000000000000D+00  2.36794864496931700D-01 -1.44990247807725700D-17
20  2  0.00000000000000000D+00 -4.26378303143246800D-01  2.61072789580611800D-17  0.00000000000000000D+00  0.00000000000000000D+00
20  3  0.00000000000000000D+00  0.00000000000000000D+00  0.00000000000000000D+00  4.85891341888134000D-01 -2.97512812271744900D-17
20  4  0.00000000000000000D+00  1.10303515057032700D-01 -6.75391926938922400D-18  0.00000000000000000D+00  0.00000000000000000D+00
20  5  0.00000000000000000D+00  0.00000000000000000D+00  0.00000000000000000D+00 -1.40574135172230500D+00  8.60739895574995800D-17
20  6  0.00000000000000000D+00  0.00000000000000000D+00  0.00000000000000000D+00  1.00505324060670100D-02 -6.15397292188368600D-19
20  7  0.00000000000000000D+00  1.40235422151435000D-02 -8.58665944988053200D-19  0.00000000000000000D+00  0.00000000000000000D+00
20  8  0.00000000000000000D+00  0.00000000000000000D+00  0.00000000000000000D+00 -3.25852424081228900D-06  1.99520474469148300D-22
20  9  0.00000000000000000D+00 -1.79708880152733500D-02  1.10036318236670800D-18  0.00000000000000000D+00  0.00000000000000000D+00
20 10  0.00000000000000000D+00  0.00000000000000000D+00  0.00000000000000000D+00  6.87431153970121000D-04 -4.20916279483629500D-20
21  1  0.00000000000000000D+00  0.00000000000000000D+00  0.00000000000000000D+00  1.44990247780616400D-17  2.36794864452657300D-01
21  2  0.00000000000000000D+00 -2.61072789938697600D-17 -4.26378303728064600D-01  0.00000000000000000D+00  0.00000000000000000D+00
21  3  0.00000000000000000D+00  0.00000000000000000D+00  0.00000000000000000D+00  2.97512811999162700D-17  4.85891341442958700D-01
21  4  0.00000000000000000D+00  6.75391927549735800D-18  1.10303515156789400D-01  0.00000000000000000D+00  0.00000000000000000D+00
21  5  0.00000000000000000D+00  0.00000000000000000D+00  0.00000000000000000D+00 -8.60739895324641900D-17 -1.40574135131343200D+00
21  6  0.00000000000000000D+00  0.00000000000000000D+00  0.00000000000000000D+00  6.15397358033886800D-19  1.00505334814414500D-02
21  7  0.00000000000000000D+00  8.58665985007178200D-19  1.40235428687269900D-02  0.00000000000000000D+00  0.00000000000000000D+00
21  8  0.00000000000000000D+00  0.00000000000000000D+00  0.00000000000000000D+00 -1.99520517098634100D-22 -3.25852493702761800D-06
21  9  0.00000000000000000D+00 -1.10036310039460900D-18 -1.79708866765231800D-02  0.00000000000000000D+00  0.00000000000000000D+00
21 10  0.00000000000000000D+00  0.00000000000000000D+00  0.00000000000000000D+00  4.20916275009621900D-20  6.87431146663270800D-04
22  1 -3.83734912224671500D-01 -2.09671310040541700D+00  2.68141788345774800D+00  0.00000000000000000D+00  0.00000000000000000D+00
22  2  1.93860973388279800D-01  0.00000000000000000D+00  0.00000000000000000D+00 -3.61390816594844200D-01 -1.98687822553826000D-01
22  3 -1.98687822937217000D-01  3.97375645491042600D-01 -2.71067675509824500D-26  0.00000000000000000D+00  0.00000000000000000D+00
22  4 -7.47733801213559500D-01  0.00000000000000000D+00  0.00000000000000000D+00 -6.36144037991585500D-03  5.97220731074196200D-01
22  5  5.97220732322691900D-01 -1.19444146339688800D+00  8.82719945502757100D-26  0.00000000000000000D+00  0.00000000000000000D+00
22  6  2.39227982987077200D-04  9.04631210340388700D-03  1.41881677271996700D-02  0.00000000000000000D+00  0.00000000000000000D+00
22  7 -2.40456739178891500D-02  0.00000000000000000D+00  0.00000000000000000D+00 -2.13701885350424300D-02 -5.17759267085323900D-05
22  8 -5.17759409426342900D-05  1.03551867650640600D-04 -1.00638916291412400D-27  0.00000000000000000D+00  0.00000000000000000D+00
22  9  2.93764567912469400D-02  0.00000000000000000D+00  0.00000000000000000D+00  5.52749418580951300D-03  7.14018692485330200D-04
22 10  7.14018424244558200D-04 -1.42803711672980100D-03 -1.89653416870096900D-26  0.00000000000000000D+00  0.00000000000000000D+00
23  1  6.58361842267735200D-01  3.57683765252578600D+00 -4.46783928120319300D+00  0.00000000000000000D+00  0.00000000000000000D+00
23  2  6.34760196966561400D-01  0.00000000000000000D+00  0.00000000000000000D+00 -9.74396774551759300D-01 -2.87882854329163500D-02
23  3 -2.87882851954204500D-02  5.75765706283373500D-02  1.67915969320372400D-26  0.00000000000000000D+00  0.00000000000000000D+00
23  4  9.74380774182446700D-01  0.00000000000000000D+00  0.00000000000000000D+00  2.83656147630117000D-01  2.21825258508685800D-01
23  5  2.21825257191086300D-01 -4.43650515699771900D-01 -9.31578199742016000D-26  0.00000000000000000D+00  0.00000000000000000D+00
23  6 -1.88633532790623700D-03  4.59178766633835300D-03  3.07089126901754500D-02  0.00000000000000000D+00  0.00000000000000000D+00
23  7 -4.35731063938327100D-02  0.00000000000000000D+00  0.00000000000000000D+00 -3.29914029661755400D-02  3.55788950355476700D-04
23  8  3.55788942529453200D-04 -7.11577892884947300D-04 -5.53320837608216100D-28  0.00000000000000000D+00  0.00000000000000000D+00
23  9 -4.41933614722338600D-02  0.00000000000000000D+00  0.00000000000000000D+00 -4.08028246023657600D-02 -3.99060490259341100D-04
23 10 -3.99060560655257900D-04  7.98121050914526900D-04 -4.97718003305620400D-27  0.00000000000000000D+00  0.00000000000000000D+00
24  1 -2.88923055933836300D-02 -1.37402215716451200D-01  1.80272735974523300D-01  0.00000000000000000D+00  0.00000000000000000D+00
24  2  2.05137763024561400D-02  0.00000000000000000D+00  0.00000000000000000D+00  5.47262755276628100D-02 -9.92307976585635400D-01
24  3 -9.92307969586233800D-01  1.98461594617186800D+00  4.94876456798943400D-25  0.00000000000000000D+00  0.00000000000000000D+00
24  4 -3.08873361217225000D-03  0.00000000000000000D+00  0.00000000000000000D+00 -7.06095833394682400D-03  7.79818927638113800D-01
24  5  7.79818921699363000D-01 -1.55963784933747700D+00 -4.19885601189452200D-25  0.00000000000000000D+00  0.00000000000000000D+00
24  6 -1.69853991416582100D-02  1.39320679159234300D-02  2.49804748392958900D-01  0.00000000000000000D+00  0.00000000000000000D+00
24  7 -9.64475023658971100D-02  0.00000000000000000D+00  0.00000000000000000D+00 -1.80133549729775700D-01 -2.15905342588629800D-04
24  8 -2.15905385870188400D-04  4.31810728458108000D-04 -3.06012221898626300D-27  0.00000000000000000D+00  0.00000000000000000D+00
24  9 -3.89908993494702500D-01  0.00000000000000000D+00  0.00000000000000000D+00  4.37398166761883300D-01  1.94006801848107200D-03
24 10  1.94006728534541700D-03 -3.88013530382653700D-03 -5.18346561421271900D-26  0.00000000000000000D+00  0.00000000000000000D+00
25  1  0.00000000000000000D+00  0.00000000000000000D+00  0.00000000000000000D+00  4.25654586605021000D-02 -2.60629655645073000D-18
25  2  0.00000000000000000D+00 -4.36919990369285200D-02  2.67527498159119300D-18  0.00000000000000000D+00  0.00000000000000000D+00
25  3  0.00000000000000000D+00  0.00000000000000000D+00  0.00000000000000000D+00  2.11718240645348500D+00 -1.29635751357194400D-16
25  4  0.00000000000000000D+00  2.71385664594467100D-02 -1.66170304599346500D-18  0.00000000000000000D+00  0.00000000000000000D+00
25  5  0.00000000000000000D+00  0.00000000000000000D+00  0.00000000000000000D+00 -1.73740689912652300D+00  1.06381976392258700D-16
25  6  0.00000000000000000D+00  0.00000000000000000D+00  0.00000000000000000D+00  9.95660837723530000D-02 -6.09646294064172800D-18
25  7  0.00000000000000000D+00  2.11285144876051500D-01 -1.29370565441747100D-17  0.00000000000000000D+00  0.00000000000000000D+00
25  8  0.00000000000000000D+00  0.00000000000000000D+00  0.00000000000000000D+00 -3.71074012425402500D-04  2.27209796677255900D-20
25  9  0.00000000000000000D+00 -5.30888216821144600D-01  3.25064541744302800D-17  0.00000000000000000D+00  0.00000000000000000D+00
25 10  0.00000000000000000D+00  0.00000000000000000D+00  0.00000000000000000D+00  2.38916058287121200D-03 -1.46289061504303000D-19
26  1  0.00000000000000000D+00  0.00000000000000000D+00  0.00000000000000000D+00  2.60629693351300500D-18  4.25654648185997300D-02
26  2  0.00000000000000000D+00 -2.67527550521243800D-18 -4.36920075885948300D-02  0.00000000000000000D+00  0.00000000000000000D+00
26  3  0.00000000000000000D+00  0.00000000000000000D+00  0.00000000000000000D+00  1.29635756684563700D-16  2.11718249345890100D+00
26  4  0.00000000000000000D+00  1.66170292746518700D-18  2.71385645236690900D-02  0.00000000000000000D+00  0.00000000000000000D+00
26  5  0.00000000000000000D+00  0.00000000000000000D+00  0.00000000000000000D+00 -1.06381981106610100D-16 -1.73740697612026600D+00
26  6  0.00000000000000000D+00  0.00000000000000000D+00  0.00000000000000000D+00  6.09646304326241400D-18  9.95660854483313300D-02
26  7  0.00000000000000000D+00  1.29370556333327200D-17  2.11285130000381700D-01  0.00000000000000000D+00  0.00000000000000000D+00
26  8  0.00000000000000000D+00  0.00000000000000000D+00  0.00000000000000000D+00 -2.27209783039096100D-20 -3.71073990151861800D-04
26  9  0.00000000000000000D+00 -3.25064496879218900D-17 -5.30888143548482300D-01  0.00000000000000000D+00  0.00000000000000000D+00
26 10  0.00000000000000000D+00  0.00000000000000000D+00  0.00000000000000000D+00  1.46289062166699200D-19  2.38916059368932000D-03
27  1  0.00000000000000000D+00  0.00000000000000000D+00  0.00000000000000000D+00  0.00000000000000000D+00  0.00000000000000000D+00
27  2  0.00000000000000000D+00  0.00000000000000000D+00  0.00000000000000000D+00  0.00000000000000000D+00 -2.60667995533776100D-16
27  3  2.60667995533776100D-16  0.00000000000000000D+00 -2.45787941440608200D+00  0.00000000000000000D+00  0.00000000000000000D+00
27  4  0.00000000000000000D+00  0.00000000000000000D+00  0.00000000000000000D+00  0.00000000000000000D+00  2.16561783211586100D-16
27  5 -2.16561783211586100D-16  0.00000000000000000D+00  2.04199502057343800D+00  0.00000000000000000D+00  0.00000000000000000D+00
27  6  0.00000000000000000D+00  0.00000000000000000D+00  0.00000000000000000D+00  0.00000000000000000D+00  0.00000000000000000D+00
27  7  0.00000000000000000D+00  0.00000000000000000D+00  0.00000000000000000D+00  0.00000000000000000D+00 -2.40762607028541900D-21
27  8  2.40762607028541900D-21  0.00000000000000000D+00 -2.27018838412602900D-05  0.00000000000000000D+00  0.00000000000000000D+00
27  9  0.00000000000000000D+00  0.00000000000000000D+00  0.00000000000000000D+00  0.00000000000000000D+00  2.04595452962450100D-20
27 10 -2.04595452962450100D-20  0.00000000000000000D+00  1.92916261579314000D-04  0.00000000000000000D+00  0.00000000000000000D+00
28  1 -1.03711407193673900D-10 -5.35070876687941600D-10  6.90343143074199300D-10  0.00000000000000000D+00  0.00000000000000000D+00
28  2 -1.57577034220617100D-11  0.00000000000000000D+00  0.00000000000000000D+00  1.63562927662281400D-10  2.12858601057981000D+00
28  3 -2.12858601405027200D+00  3.47046151605622100D-09 -3.00993474781169000D-16  0.00000000000000000D+00  0.00000000000000000D+00
28  4 -1.16809233588175700D-10  0.00000000000000000D+00  0.00000000000000000D+00 -8.47164634348573800D-11 -1.76841956083523800D+00
28  5  1.76841956360273300D+00 -2.76749460610303900D-09  2.50064007666938500D-16  0.00000000000000000D+00  0.00000000000000000D+00
28  6  0.00000000000000000D+00  0.00000000000000000D+00  1.02111315230929100D-10  0.00000000000000000D+00  0.00000000000000000D+00
28  7 -1.59595989658468400D-10  0.00000000000000000D+00  0.00000000000000000D+00 -3.16190488484909800D-10  1.96604082599452500D-05
28  8 -1.96604079802609200D-05  0.00000000000000000D+00 -2.78008711954736700D-21  0.00000000000000000D+00  0.00000000000000000D+00
28  9 -1.57081351560859300D-10  0.00000000000000000D+00  0.00000000000000000D+00  7.78696349367432600D-10 -1.67070376334520100D-04
28 10  1.67070390314401900D-04 -1.39804131213849700D-11  2.36246479676709800D-20  0.00000000000000000D+00  0.00000000000000000D+00
29  1  0.00000000000000000D+00  0.00000000000000000D+00  0.00000000000000000D+00 -8.28395557259493100D-02  5.07229231449102100D-18
29  2  0.00000000000000000D+00  1.15188658191364300D-01 -7.05303813547093800D-18  0.00000000000000000D+00  0.00000000000000000D+00
29  3  0.00000000000000000D+00  0.00000000000000000D+00  0.00000000000000000D+00 -1.26161378328652700D+00  7.72490127541284100D-17
29  4  0.00000000000000000D+00  2.67544747732827600D-02 -1.63818499002712900D-18  0.00000000000000000D+00  0.00000000000000000D+00
29  5  0.00000000000000000D+00  0.00000000000000000D+00  0.00000000000000000D+00  1.10938377616177100D+00 -6.79279210557583400D-17
29  6  0.00000000000000000D+00  0.00000000000000000D+00  0.00000000000000000D+00  1.83838249504341300D-01 -1.12564744209300000D-17
29  7  0.00000000000000000D+00  3.88646879891668400D-01 -2.37969719254289700D-17  0.00000000000000000D+00  0.00000000000000000D+00
29  8  0.00000000000000000D+00  0.00000000000000000D+00  0.00000000000000000D+00 -2.65855662800473400D-04  1.62784266932559600D-20
29  9  0.00000000000000000D+00 -1.01577382120807400D+00  6.21961537748921600D-17  0.00000000000000000D+00  0.00000000000000000D+00
29 10  0.00000000000000000D+00  0.00000000000000000D+00  0.00000000000000000D+00  2.33452545008921100D-04 -1.42943734966964700D-20
30  1  0.00000000000000000D+00  0.00000000000000000D+00  0.00000000000000000D+00 -5.07229209597891800D-18 -8.28395521572580000D-02
30  2  0.00000000000000000D+00  7.05303790798851300D-18  1.15188654476171700D-01  0.00000000000000000D+00  0.00000000000000000D+00
30  3  0.00000000000000000D+00  0.00000000000000000D+00  0.00000000000000000D+00 -7.72490038211748900D-17 -1.26161363739550600D+00
30  4  0.00000000000000000D+00  1.63818509180738400D-18  2.67544764355353700D-02  0.00000000000000000D+00  0.00000000000000000D+00
30  5  0.00000000000000000D+00  0.00000000000000000D+00  0.00000000000000000D+00  6.79279136904091800D-17  1.10938365587251800D+00
30  6  0.00000000000000000D+00  0.00000000000000000D+00  0.00000000000000000D+00  1.12564762009029800D-17  1.83838278574466300D-01
30  7  0.00000000000000000D+00  2.37969739735744500D-17  3.88646913341527100D-01  0.00000000000000000D+00  0.00000000000000000D+00
30  8  0.00000000000000000D+00  0.00000000000000000D+00  0.00000000000000000D+00 -1.62784280339903300D-20 -2.65855684697050500D-04
30  9  0.00000000000000000D+00 -6.21961556984344800D-17 -1.01577385262294200D+00  0.00000000000000000D+00  0.00000000000000000D+00
30 10  0.00000000000000000D+00  0.00000000000000000D+00  0.00000000000000000D+00  1.42943722373662000D-20  2.33452524441818000D-04
31  1  8.09983307859975400D-02  3.98396623308313500D-01 -5.76889278142275300D-01  0.00000000000000000D+00  0.00000000000000000D+00
31  2  7.12796904707637000D-02  0.00000000000000000D+00  0.00000000000000000D+00 -2.14259776055202600D-01 -2.11337759217795600D-01
31  3 -2.11337760246561100D-01  4.22675519464356300D-01 -7.27364791131321200D-26  0.00000000000000000D+00  0.00000000000000000D+00
31  4  1.79950509394018600D-01  0.00000000000000000D+00  0.00000000000000000D+00  1.66184282835979800D-01  2.18730974076197100D-01
31  5  2.18730974838554800D-01 -4.37461948914751900D-01  5.39007363456052200D-26  0.00000000000000000D+00  0.00000000000000000D+00
31  6 -3.84139040339479100D-02  3.67698444067647500D-02  5.98653798267448400D-01  0.00000000000000000D+00  0.00000000000000000D+00
31  7  1.48908433453758100D-01  0.00000000000000000D+00  0.00000000000000000D+00  3.27411668978990200D-01  9.40413489457201400D-05
31  8  9.40412508914575700D-05 -1.88082599837287200D-04 -6.93269922783894900D-27  0.00000000000000000D+00  0.00000000000000000D+00
31  9 -9.62683753768571100D-01  0.00000000000000000D+00  0.00000000000000000D+00 -8.88070990738095400D-01  5.19573173215871500D-04
31 10  5.19571333050084400D-04 -1.03914450626565500D-03 -1.30104654271804400D-25  0.00000000000000000D+00  0.00000000000000000D+00
32  1  9.62490326111078800D-02  5.01606069045826200D-01 -5.70517472845121800D-01  0.00000000000000000D+00  0.00000000000000000D+00
32  2  3.08032537844287900D-01  0.00000000000000000D+00  0.00000000000000000D+00 -5.63040339635343800D-01 -7.55371178085716000D-01
32  3 -7.55371177201860800D-01  1.51074235528757700D+00  6.24909293209325400D-26  0.00000000000000000D+00  0.00000000000000000D+00
32  4 -5.35761629908592600D-02  0.00000000000000000D+00  0.00000000000000000D+00  3.10149574443397800D-02  7.43195094183255200D-01
32  5  7.43195093538857600D-01 -1.48639018772211300D+00 -4.55606430921120700D-26  0.00000000000000000D+00  0.00000000000000000D+00
32  6  4.04825843963641800D-02 -3.94104783983954900D-02 -6.52274857683420600D-01  0.00000000000000000D+00  0.00000000000000000D+00
32  7  1.21409852637088600D-01  0.00000000000000000D+00  0.00000000000000000D+00  2.60080512248695200D-01  3.21494730550691900D-05
32  8  3.21495672162060000D-05 -6.42990402719610300D-05  6.65744479996034500D-27  0.00000000000000000D+00  0.00000000000000000D+00
32  9  1.09785828472818800D+00  0.00000000000000000D+00  0.00000000000000000D+00 -7.70205612978322100D-01  1.93692883161995100D-03
32 10  1.93693070569513700D-03 -3.87385953731509800D-03  1.32502139707038700D-25  0.00000000000000000D+00  0.00000000000000000D+00
33  1  0.00000000000000000D+00  0.00000000000000000D+00  0.00000000000000000D+00  6.37484677715090700D-19  1.04112586991779500D-02
33  2  0.00000000000000000D+00 -1.02049432904452800D-18 -1.66664875755257600D-02  0.00000000000000000D+00  0.00000000000000000D+00
33  3  0.00000000000000000D+00  0.00000000000000000D+00  0.00000000000000000D+00  9.73795348557813400D-19  1.59038101593756300D-02
33  4  0.00000000000000000D+00  2.17424573675989800D-19  3.55093002738945700D-03  0.00000000000000000D+00  0.00000000000000000D+00
33  5  0.00000000000000000D+00  0.00000000000000000D+00  0.00000000000000000D+00 -1.04022680376986200D-18 -1.69887539865033500D-02
33  6  0.00000000000000000D+00  0.00000000000000000D+00  0.00000000000000000D+00 -7.66501382895553800D-19 -1.25183309804504100D-02
33  7  0.00000000000000000D+00  8.35886921618208500D-19  1.36515202458185100D-02  0.00000000000000000D+00  0.00000000000000000D+00
33  8  0.00000000000000000D+00  0.00000000000000000D+00  0.00000000000000000D+00  2.19970948610814600D-18  3.59251685938451800D-02
33  9  0.00000000000000000D+00 -3.73383527636684200D-19 -6.09801715418572000D-03  0.00000000000000000D+00  0.00000000000000000D+00
33 10  0.00000000000000000D+00  0.00000000000000000D+00  0.00000000000000000D+00 -6.23417385575423300D-17 -1.01815147966453700D+00
34  1  0.00000000000000000D+00  0.00000000000000000D+00  0.00000000000000000D+00  1.04112581926775800D-02 -6.37484646701912400D-19
34  2  0.00000000000000000D+00 -1.66664871800334700D-02  1.02049430482840900D-18  0.00000000000000000D+00  0.00000000000000000D+00
34  3  0.00000000000000000D+00  0.00000000000000000D+00  0.00000000000000000D+00  1.59038098669339900D-02 -9.73795330651519200D-19
34  4  0.00000000000000000D+00  3.55093000499180500D-03 -2.17424572304574500D-19  0.00000000000000000D+00  0.00000000000000000D+00
34  5  0.00000000000000000D+00  0.00000000000000000D+00  0.00000000000000000D+00 -1.69887537461810500D-02  1.04022678905485100D-18
34  6  0.00000000000000000D+00  0.00000000000000000D+00  0.00000000000000000D+00 -1.25183310214482400D-02  7.66501385405864000D-19
34  7  0.00000000000000000D+00  1.36515206383779300D-02 -8.35886945654746200D-19  0.00000000000000000D+00  0.00000000000000000D+00
34  8  0.00000000000000000D+00  0.00000000000000000D+00  0.00000000000000000D+00  3.59251685251999300D-02 -2.19970948190497600D-18
34  9  0.00000000000000000D+00 -6.09801728408205400D-03  3.73383535590278000D-19  0.00000000000000000D+00  0.00000000000000000D+00
34 10  0.00000000000000000D+00  0.00000000000000000D+00  0.00000000000000000D+00 -1.01815147962896500D+00  6.23417385553642400D-17
35  1 -1.16950502756497700D-02 -5.96959681497857100D-02  7.98041870568439700D-02  0.00000000000000000D+00  0.00000000000000000D+00
35  2 -2.12172756610298100D-02  0.00000000000000000D+00  0.00000000000000000D+00  4.06378464758602300D-02  3.02639757276120500D-02
35  3  3.02639789292528300D-02 -6.05279546568649000D-02  2.26364586236631900D-25  0.00000000000000000D+00  0.00000000000000000D+00
35  4 -1.83465915897039800D-02  0.00000000000000000D+00  0.00000000000000000D+00 -1.35877084783175700D-02 -3.30873458008897500D-02
35  5 -3.30873491776442200D-02  6.61746949785339800D-02 -2.38745593669658500D-25  0.00000000000000000D+00  0.00000000000000000D+00
35  6  2.24026133145491900D-03  6.12114386903852500D-03 -3.19520868630723200D-03  0.00000000000000000D+00  0.00000000000000000D+00
35  7 -2.93255287293253100D-02  0.00000000000000000D+00  0.00000000000000000D+00  2.82836031992368400D-02 -1.79169136166448000D-02
35  8 -1.79169993762765900D-02  3.58339129929213900D-02 -6.06343587159305400D-24  0.00000000000000000D+00  0.00000000000000000D+00
35  9 -4.85455755303459700D-03  0.00000000000000000D+00  0.00000000000000000D+00  4.08640614615578600D-03  5.09086125429346500D-01
35 10  5.09088562075425600D-01 -1.01817468750477200D+00  1.72277409959263400D-22  0.00000000000000000D+00  0.00000000000000000D+00
36  1  0.00000000000000000D+00  0.00000000000000000D+00  0.00000000000000000D+00  0.00000000000000000D+00  0.00000000000000000D+00
36  2  0.00000000000000000D+00  0.00000000000000000D+00  0.00000000000000000D+00  0.00000000000000000D+00  1.41040729732293800D-19
36  3 -1.41040729732293800D-19  0.00000000000000000D+00  1.32989516220413000D-03  0.00000000000000000D+00  0.00000000000000000D+00
36  4  0.00000000000000000D+00  0.00000000000000000D+00  0.00000000000000000D+00  0.00000000000000000D+00 -1.49993800750310200D-19
36  5  1.49993800750310200D-19  0.00000000000000000D+00 -1.41431507307902300D-03  0.00000000000000000D+00  0.00000000000000000D+00
36  6  0.00000000000000000D+00  0.00000000000000000D+00  0.00000000000000000D+00  0.00000000000000000D+00  0.00000000000000000D+00
36  7  0.00000000000000000D+00  0.00000000000000000D+00  0.00000000000000000D+00  0.00000000000000000D+00 -3.79729403306118600D-18
36  8  3.79729403306118600D-18  0.00000000000000000D+00 -3.58052810249917000D-02  0.00000000000000000D+00  0.00000000000000000D+00
36  9  0.00000000000000000D+00  0.00000000000000000D+00  0.00000000000000000D+00  0.00000000000000000D+00  1.07975883455081200D-16
36 10 -1.07975883455081200D-16  0.00000000000000000D+00  1.01812154059460000D+00  0.00000000000000000D+00  0.00000000000000000D+00
37  1 -1.60971341954532700D-08 -8.22062183312162800D-08  1.09846552734476100D-07  0.00000000000000000D+00  0.00000000000000000D+00
37  2 -2.92402247318685000D-08  0.00000000000000000D+00  0.00000000000000000D+00  5.59386310823085400D-08  1.15176463639690600D-03
37  3 -1.15168135324506300D-03 -8.32831476298137400D-08 -1.62859806552761900D-19  0.00000000000000000D+00  0.00000000000000000D+00
37  4 -2.52824917046726000D-08  0.00000000000000000D+00  0.00000000000000000D+00 -1.87360126542116600D-08 -1.22487830330818400D-03
37  5  1.22478726114473000D-03  9.10421864867715900D-08  1.73197922477780400D-19  0.00000000000000000D+00  0.00000000000000000D+00
37  6  3.35404246550431200D-09  9.08902159961937600D-09 -6.12499991481765200D-09  0.00000000000000000D+00  0.00000000000000000D+00
37  7 -4.05099660685631400D-08  0.00000000000000000D+00  0.00000000000000000D+00  3.89601823095615300D-08 -3.10083076941019300D-02
37  8  3.10082582200094300D-02  4.94740927062244100D-08  4.38473746432780800D-18  0.00000000000000000D+00  0.00000000000000000D+00
37  9 -4.10014418924737200D-09  0.00000000000000000D+00  0.00000000000000000D+00  5.58408383297481000D-09  8.81719821711481200D-01
37 10 -8.81718414876994500D-01 -1.40683448654946800D-06 -1.24679810757439100D-16  0.00000000000000000D+00  0.00000000000000000D+00
38  1  0.00000000000000000D+00  0.00000000000000000D+00  0.00000000000000000D+00  1.64531251661882600D-02 -1.00743008093745000D-18
38  2  0.00000000000000000D+00 -2.49771655129361400D-02  1.52935977938073800D-18  0.00000000000000000D+00  0.00000000000000000D+00
38  3  0.00000000000000000D+00  0.00000000000000000D+00  0.00000000000000000D+00  4.78884637658154500D-02 -2.93222585012051500D-18
38  4  0.00000000000000000D+00 -1.52815531832003100D-02  9.35694356221083500D-19  0.00000000000000000D+00  0.00000000000000000D+00
38  5  0.00000000000000000D+00  0.00000000000000000D+00  0.00000000000000000D+00 -5.60961095992689400D-02  3.43478261199905900D-18
38  6  0.00000000000000000D+00  0.00000000000000000D+00  0.00000000000000000D+00  9.68672360889688700D-01 -5.93121163958817800D-17
38  7  0.00000000000000000D+00 -1.26408855772133800D+00  7.74005439789857500D-17  0.00000000000000000D+00  0.00000000000000000D+00
38  8  0.00000000000000000D+00  0.00000000000000000D+00  0.00000000000000000D+00 -3.05432237362178600D-04  1.87017129267954200D-20
38  9  0.00000000000000000D+00  4.66208014220542000D-01 -2.85460648208694400D-17  0.00000000000000000D+00  0.00000000000000000D+00
38 10  0.00000000000000000D+00  0.00000000000000000D+00  0.00000000000000000D+00 -1.15734155963032200D-02  7.08643913732995700D-19
39  1  0.00000000000000000D+00  0.00000000000000000D+00  0.00000000000000000D+00  1.00743007828973000D-18  1.64531251229462800D-02
39  2  0.00000000000000000D+00 -1.52935977502417000D-18 -2.49771654417856400D-02  0.00000000000000000D+00  0.00000000000000000D+00
39  3  0.00000000000000000D+00  0.00000000000000000D+00  0.00000000000000000D+00  2.93222584068297100D-18  4.78884636116835800D-02
39  4  0.00000000000000000D+00 -9.35694352967058900D-19 -1.52815531300563000D-02  0.00000000000000000D+00  0.00000000000000000D+00
39  5  0.00000000000000000D+00  0.00000000000000000D+00  0.00000000000000000D+00 -3.43478260107553500D-18 -5.60961094208683600D-02
39  6  0.00000000000000000D+00  0.00000000000000000D+00  0.00000000000000000D+00  5.93121165968569500D-17  9.68672364171970600D-01
39  7  0.00000000000000000D+00 -7.74005438038532800D-17 -1.26408855486111300D+00  0.00000000000000000D+00  0.00000000000000000D+00
39  8  0.00000000000000000D+00  0.00000000000000000D+00  0.00000000000000000D+00 -1.87017121846591100D-20 -3.05432225241772600D-04
39  9  0.00000000000000000D+00  2.85460647384196200D-17  4.66208012873989600D-01  0.00000000000000000D+00  0.00000000000000000D+00
39 10  0.00000000000000000D+00  0.00000000000000000D+00  0.00000000000000000D+00 -7.08643901989721300D-19 -1.15734154045146500D-02
40  1 -3.51135136150632500D-02 -1.72055801778207000D-01  2.27068894028619500D-01  0.00000000000000000D+00  0.00000000000000000D+00
40  2 -7.12034754411551800D-02  0.00000000000000000D+00  0.00000000000000000D+00  1.67693898199811000D-01  7.46552489622872400D-02
40  3  7.46552489659621900D-02 -1.49310497928249400D-01  2.59828749541237500D-28  0.00000000000000000D+00  0.00000000000000000D+00
40  4 -2.36409081963785900D-02  0.00000000000000000D+00  0.00000000000000000D+00 -5.06952331862009700D-02 -9.53276683047312900D-02
40  5 -9.53276683039319000D-02  1.90655336608663600D-01  5.65191105199655800D-29  0.00000000000000000D+00  0.00000000000000000D+00
40  6  1.10416306139969600D-02  2.93727607108533000D-02 -1.50694594117867900D-02  0.00000000000000000D+00  0.00000000000000000D+00
40  7  9.69745134921376600D-01  0.00000000000000000D+00  0.00000000000000000D+00 -1.28861699128228500D+00  2.96825879195159100D-04
40  8  2.96825876435605800D-04 -5.93651755630640800D-04 -1.95107819593324800D-28  0.00000000000000000D+00  0.00000000000000000D+00
40  9 -3.02358817846220200D-02  0.00000000000000000D+00  0.00000000000000000D+00  5.34830397702634200D-01  1.50486070261425100D-02
40 10  1.50486071514076700D-02 -3.00972141775501600D-02  8.85658240522411500D-27  0.00000000000000000D+00  0.00000000000000000D+00
41  1  6.76949382272024200D-03  3.92647523637834100D-02 -1.05735577589241300D-02  0.00000000000000000D+00  0.00000000000000000D+00
41  2  6.49763437836370100D-02  0.00000000000000000D+00  0.00000000000000000D+00 -1.09582859172935400D-01 -6.20400779340102300D-02
41  3 -6.20400779337809300D-02  1.24080155867790900D-01  1.62124782718517500D-29  0.00000000000000000D+00  0.00000000000000000D+00
41  4 -7.29460257709854500D-02  0.00000000000000000D+00  0.00000000000000000D+00 -4.08840810202582800D-02  7.39070067874801100D-02
41  5  7.39070067786657000D-02 -1.47814013566146100D-01 -6.23201655868554800D-28  0.00000000000000000D+00  0.00000000000000000D+00
41  6  7.48833424715488400D-01  1.76118147473263200D+00 -2.23288227259458000D+00  0.00000000000000000D+00  0.00000000000000000D+00
41  7 -2.21495810617606300D-02  0.00000000000000000D+00  0.00000000000000000D+00  4.24948940195079500D-02 -3.69397846421333900D-04
41  8 -3.69397402649268100D-04  7.38795249070258400D-04  3.13758747154378000D-26  0.00000000000000000D+00  0.00000000000000000D+00
41  9  8.31866493459116000D-01  0.00000000000000000D+00  0.00000000000000000D+00 -5.46880623585591500D-02 -2.67675750355589600D-03
41 10 -2.67675728795422300D-03  5.35351479151012500D-03  1.52436163188355400D-26  0.00000000000000000D+00  0.00000000000000000D+00
42  1  0.00000000000000000D+00  0.00000000000000000D+00  0.00000000000000000D+00  2.77626830360211800D-19  4.53413996250553700D-03
42  2  0.00000000000000000D+00 -4.46684648467486500D-19 -7.29515484013691100D-03  0.00000000000000000D+00  0.00000000000000000D+00
42  3  0.00000000000000000D+00  0.00000000000000000D+00  0.00000000000000000D+00  3.50859959027222700D-19  5.73016721548242300D-03
42  4  0.00000000000000000D+00  8.63797128223743600D-20  1.41073435643635900D-03  0.00000000000000000D+00  0.00000000000000000D+00
42  5  0.00000000000000000D+00  0.00000000000000000D+00  0.00000000000000000D+00 -3.85926693074271800D-19 -6.30286935666591200D-03
42  6  0.00000000000000000D+00  0.00000000000000000D+00  0.00000000000000000D+00  5.07018351849903700D-20  8.28051153364249300D-04
42  7  0.00000000000000000D+00 -5.11945709668396100D-20 -8.36098405124968300D-04  0.00000000000000000D+00  0.00000000000000000D+00
42  8  0.00000000000000000D+00  0.00000000000000000D+00  0.00000000000000000D+00  7.16100588161647400D-17  1.16951963531215500D+00
42  9  0.00000000000000000D+00  2.58626600382010700D-20  4.22383241071315200D-04  0.00000000000000000D+00  0.00000000000000000D+00
42 10  0.00000000000000000D+00  0.00000000000000000D+00  0.00000000000000000D+00 -3.53022249214927500D-17 -5.76548126037457300D-01
43  1  0.00000000000000000D+00  0.00000000000000000D+00  0.00000000000000000D+00  4.53413999397955900D-03 -2.77626832287376200D-19
43  2  0.00000000000000000D+00 -7.29515486341272200D-03  4.46684649892671800D-19  0.00000000000000000D+00  0.00000000000000000D+00
43  3  0.00000000000000000D+00  0.00000000000000000D+00  0.00000000000000000D+00  5.73016722840361300D-03 -3.50859959818391300D-19
43  4  0.00000000000000000D+00  1.41073435777119900D-03 -8.63797129041070600D-20  0.00000000000000000D+00  0.00000000000000000D+00
43  5  0.00000000000000000D+00  0.00000000000000000D+00  0.00000000000000000D+00 -6.30286936618626800D-03  3.85926693657206200D-19
43  6  0.00000000000000000D+00  0.00000000000000000D+00  0.00000000000000000D+00  8.28051176156647500D-04 -5.07018365805761600D-20
43  7  0.00000000000000000D+00 -8.36098420624882800D-04  5.11945719159043000D-20  0.00000000000000000D+00  0.00000000000000000D+00
43  8  0.00000000000000000D+00  0.00000000000000000D+00  0.00000000000000000D+00  1.16951963531425700D+00 -7.16100588162934000D-17
43  9  0.00000000000000000D+00  4.22383244772224000D-04 -2.58626602648089000D-20  0.00000000000000000D+00  0.00000000000000000D+00
43 10  0.00000000000000000D+00  0.00000000000000000D+00  0.00000000000000000D+00 -5.76548126097448300D-01  3.53022249251660200D-17
44  1  0.00000000000000000D+00  0.00000000000000000D+00  0.00000000000000000D+00  0.00000000000000000D+00  0.00000000000000000D+00
44  2  0.00000000000000000D+00  0.00000000000000000D+00  0.00000000000000000D+00  0.00000000000000000D+00  4.70254269288959400D-20
44  3 -4.70254269288959400D-20  0.00000000000000000D+00  4.43410126224007600D-04  0.00000000000000000D+00  0.00000000000000000D+00
44  4  0.00000000000000000D+00  0.00000000000000000D+00  0.00000000000000000D+00  0.00000000000000000D+00 -5.12916821380885400D-20
44  5  5.12916821380885400D-20  0.00000000000000000D+00 -4.83637315733041500D-04  0.00000000000000000D+00  0.00000000000000000D+00
44  6  0.00000000000000000D+00  0.00000000000000000D+00  0.00000000000000000D+00  0.00000000000000000D+00  0.00000000000000000D+00
44  7  0.00000000000000000D+00  0.00000000000000000D+00  0.00000000000000000D+00  0.00000000000000000D+00 -1.24031380285931300D-16
44  8  1.24031380285931300D-16  0.00000000000000000D+00 -1.16951133843994000D+00  0.00000000000000000D+00  0.00000000000000000D+00
44  9  0.00000000000000000D+00  0.00000000000000000D+00  0.00000000000000000D+00  0.00000000000000000D+00  6.11507387583649500D-17
44 10 -6.11507387583649500D-17  0.00000000000000000D+00  5.76599906951116400D-01  0.00000000000000000D+00  0.00000000000000000D+00
45  1  2.08553267408479400D-08  1.05776737066226300D-07 -1.41562975491335500D-07  0.00000000000000000D+00  0.00000000000000000D+00
45  2  4.00049031415112000D-08  0.00000000000000000D+00  0.00000000000000000D+00 -7.79042955850620900D-08  3.83957383677614500D-04
45  3 -3.84051483530263000D-04  9.40998546624919500D-08 -5.43002857921239700D-20  0.00000000000000000D+00  0.00000000000000000D+00
45  4  3.09667427141500400D-08  0.00000000000000000D+00  0.00000000000000000D+00  2.54103030611506100D-08 -4.18788844520423600D-04
45  5  4.18895558763133100D-04 -1.06714220959137000D-07  5.92265329790653200D-20  0.00000000000000000D+00  0.00000000000000000D+00
45  6  5.07058038779241500D-09  1.09744178632823100D-08 -2.02708251362458200D-08  0.00000000000000000D+00  0.00000000000000000D+00
45  7 -1.05011233659539200D-08  0.00000000000000000D+00  0.00000000000000000D+00  2.24961367388593100D-08 -1.01282420893059500D+00
45  8  1.01282884925957700D+00 -4.64032898049368700D-06  1.43219101590977100D-16  0.00000000000000000D+00  0.00000000000000000D+00
45  9  1.78380867272649600D-08  0.00000000000000000D+00  0.00000000000000000D+00 -3.45664816574696700D-08  4.99349022356450000D-01
45 10 -4.99351312114981000D-01  2.28975852937769100D-06 -7.06107909660502900D-17  0.00000000000000000D+00  0.00000000000000000D+00
46  1 -5.25809921856551800D-03 -2.66684282273892500D-02  3.56891702464358900D-02  0.00000000000000000D+00  0.00000000000000000D+00
46  2 -1.00888020447049100D-02  0.00000000000000000D+00  0.00000000000000000D+00  1.96465068347555500D-02  1.18652304784000500D-02
46  3  1.18652274288241900D-02 -2.37304579072242400D-02 -2.15613188440830100D-25  0.00000000000000000D+00  0.00000000000000000D+00
46  4 -7.80202513380745200D-03  0.00000000000000000D+00  0.00000000000000000D+00 -6.40303809599039900D-03 -1.34560621877028400D-02
46  5 -1.34560588666213300D-02  2.69121210543244300D-02  2.34809365530775200D-25  0.00000000000000000D+00  0.00000000000000000D+00
46  6 -1.31579184487569700D-03 -2.81226828946040300D-03  5.32420138622306600D-03  0.00000000000000000D+00  0.00000000000000000D+00
46  7  2.64901689981344400D-03  0.00000000000000000D+00  0.00000000000000000D+00 -5.67151642579701800D-03 -5.84829312970003100D-01
46  8 -5.84821276637581000D-01  1.16965058960758400D+00  5.68190246065494900D-22  0.00000000000000000D+00  0.00000000000000000D+00
46  9 -4.58225591784583400D-03  0.00000000000000000D+00  0.00000000000000000D+00  8.71719335253812200D-03  2.88586952455380700D-01
46 10  2.88582990273893100D-01 -5.77169942729273800D-01 -2.80136853000051500D-22  0.00000000000000000D+00  0.00000000000000000D+00
47  1  0.00000000000000000D+00  0.00000000000000000D+00  0.00000000000000000D+00  0.00000000000000000D+00  0.00000000000000000D+00
47  2  0.00000000000000000D+00  0.00000000000000000D+00  0.00000000000000000D+00  0.00000000000000000D+00  0.00000000000000000D+00
47  3  0.00000000000000000D+00  0.00000000000000000D+00  0.00000000000000000D+00  0.00000000000000000D+00  0.00000000000000000D+00
47  4  0.00000000000000000D+00  0.00000000000000000D+00  0.00000000000000000D+00  0.00000000000000000D+00 -4.47213595499956900D-01
47  5 -4.47213595499956800D-01 -4.47213595499957400D-01  0.00000000000000000D+00  0.00000000000000000D+00  0.00000000000000000D+00
47  6  0.00000000000000000D+00  0.00000000000000000D+00  0.00000000000000000D+00  0.00000000000000000D+00  0.00000000000000000D+00
47  7  0.00000000000000000D+00  0.00000000000000000D+00  0.00000000000000000D+00  0.00000000000000000D+00  0.00000000000000000D+00
47  8  0.00000000000000000D+00  0.00000000000000000D+00  0.00000000000000000D+00  0.00000000000000000D+00  0.00000000000000000D+00
47  9  0.00000000000000000D+00  0.00000000000000000D+00  0.00000000000000000D+00  0.00000000000000000D+00  0.00000000000000000D+00
47 10  0.00000000000000000D+00  0.00000000000000000D+00  0.00000000000000000D+00  0.00000000000000000D+00  0.00000000000000000D+00
48  1  0.00000000000000000D+00  0.00000000000000000D+00  0.00000000000000000D+00  0.00000000000000000D+00  0.00000000000000000D+00
48  2  0.00000000000000000D+00  0.00000000000000000D+00  0.00000000000000000D+00  0.00000000000000000D+00 -4.47213595499956300D-01
48  3 -4.47213595499956300D-01 -4.47213595499957200D-01  0.00000000000000000D+00  0.00000000000000000D+00  0.00000000000000000D+00
48  4  0.00000000000000000D+00  0.00000000000000000D+00  0.00000000000000000D+00  0.00000000000000000D+00  0.00000000000000000D+00
48  5  0.00000000000000000D+00  0.00000000000000000D+00  0.00000000000000000D+00  0.00000000000000000D+00  0.00000000000000000D+00
48  6  0.00000000000000000D+00  0.00000000000000000D+00  0.00000000000000000D+00  0.00000000000000000D+00  0.00000000000000000D+00
48  7  0.00000000000000000D+00  0.00000000000000000D+00  0.00000000000000000D+00  0.00000000000000000D+00  0.00000000000000000D+00
48  8  0.00000000000000000D+00  0.00000000000000000D+00  0.00000000000000000D+00  0.00000000000000000D+00  0.00000000000000000D+00
48  9  0.00000000000000000D+00  0.00000000000000000D+00  0.00000000000000000D+00  0.00000000000000000D+00  0.00000000000000000D+00
48 10  0.00000000000000000D+00  0.00000000000000000D+00  0.00000000000000000D+00  0.00000000000000000D+00  0.00000000000000000D+00
49  1  0.00000000000000000D+00  0.00000000000000000D+00  0.00000000000000000D+00  0.00000000000000000D+00  0.00000000000000000D+00
49  2  0.00000000000000000D+00  0.00000000000000000D+00  0.00000000000000000D+00  0.00000000000000000D+00  0.00000000000000000D+00
49  3  0.00000000000000000D+00  0.00000000000000000D+00  0.00000000000000000D+00  0.00000000000000000D+00  0.00000000000000000D+00
49  4  0.00000000000000000D+00  0.00000000000000000D+00  0.00000000000000000D+00  0.00000000000000000D+00  0.00000000000000000D+00
49  5  0.00000000000000000D+00  0.00000000000000000D+00  0.00000000000000000D+00  0.00000000000000000D+00  0.00000000000000000D+00
49  6  0.00000000000000000D+00  0.00000000000000000D+00  0.00000000000000000D+00  0.00000000000000000D+00  0.00000000000000000D+00
49  7  0.00000000000000000D+00  0.00000000000000000D+00  0.00000000000000000D+00  0.00000000000000000D+00  0.00000000000000000D+00
49  8  0.00000000000000000D+00  0.00000000000000000D+00  0.00000000000000000D+00  0.00000000000000000D+00  0.00000000000000000D+00
49  9  0.00000000000000000D+00  0.00000000000000000D+00  0.00000000000000000D+00  0.00000000000000000D+00 -4.47213595500057200D-01
49 10 -4.47213595499856500D-01 -4.47213595499956900D-01  0.00000000000000000D+00  0.00000000000000000D+00  0.00000000000000000D+00
50  1  0.00000000000000000D+00  0.00000000000000000D+00  0.00000000000000000D+00  0.00000000000000000D+00  0.00000000000000000D+00
50  2  0.00000000000000000D+00  0.00000000000000000D+00  0.00000000000000000D+00  0.00000000000000000D+00  0.00000000000000000D+00
50  3  0.00000000000000000D+00  0.00000000000000000D+00  0.00000000000000000D+00  0.00000000000000000D+00  0.00000000000000000D+00
50  4  0.00000000000000000D+00  0.00000000000000000D+00  0.00000000000000000D+00  0.00000000000000000D+00  0.00000000000000000D+00
50  5  0.00000000000000000D+00  0.00000000000000000D+00  0.00000000000000000D+00  0.00000000000000000D+00  0.00000000000000000D+00
50  6  0.00000000000000000D+00  0.00000000000000000D+00  0.00000000000000000D+00  0.00000000000000000D+00  0.00000000000000000D+00
50  7  0.00000000000000000D+00  0.00000000000000000D+00  0.00000000000000000D+00  0.00000000000000000D+00 -4.47213595500057100D-01
50  8 -4.47213595499857200D-01 -4.47213595499957100D-01  0.00000000000000000D+00  0.00000000000000000D+00  0.00000000000000000D+00
50  9  0.00000000000000000D+00  0.00000000000000000D+00  0.00000000000000000D+00  0.00000000000000000D+00  0.00000000000000000D+00
50 10  0.00000000000000000D+00  0.00000000000000000D+00  0.00000000000000000D+00  0.00000000000000000D+00  0.00000000000000000D+00
 $END
 POPULATION ANALYSIS
LI           2.00335   0.99665   2.00712   0.99288
F            9.99665  -0.99665   9.99288  -0.99288
 MOMENTS AT POINT    1 X,Y,Z=  0.000000  0.000000  7.935420
 DIPOLE       0.000000  0.000000-27.445775
- - - NO-S OF CI STATE  1 E=     -106.7805733299 CREATED  9:46:18  7-MAY-2026    
 $OCCNO 
    2.0000000000    2.0000000000    2.0000000000    1.9831016156    1.9831016156
    1.9687242378    0.0309696230    0.0166568860    0.0166568860    0.0006760448
    0.0001024627    0.0000044241    0.0000044241    0.0000014450    0.0000001049
    0.0000001049    0.0000000664    0.0000000174    0.0000000174    0.0000000115
    0.0000000028    0.0000000026    0.0000000026    0.0000000017    0.0000000017
    0.0000000006    0.0000000003    0.0000000003    0.0000000002    0.0000000002
    0.0000000000    0.0000000000
 $END   
 $VEC   
 1  1  6.81092206954537000D-06  4.17679980650003900D-05  2.60125186093322600D-06  0.00000000000000000D+00  0.00000000000000000D+00
 1  2  8.68501017097788200D-05  0.00000000000000000D+00  0.00000000000000000D+00 -1.43842662676122700D-04 -7.21182424992275000D-05
 1  3 -7.21182422043904300D-05  1.44236484703510400D-04  0.00000000000000000D+00  0.00000000000000000D+00  0.00000000000000000D+00
 1  4 -1.04296395572531100D-04  0.00000000000000000D+00  0.00000000000000000D+00 -5.96691456390830000D-05  8.74348274988344200D-05
 1  5  8.74348271346986100D-05 -1.74869654633460200D-04  0.00000000000000000D+00  0.00000000000000000D+00  0.00000000000000000D+00
 1  6  1.00069314039795400D+00  5.26071696870077800D-04 -3.42192207927935700D-03  0.00000000000000000D+00  0.00000000000000000D+00
 1  7 -4.73194610590501400D-05  0.00000000000000000D+00  0.00000000000000000D+00  4.23127634403087000D-05  2.37474637931988500D-06
 1  8  2.37468735373511800D-06 -4.74943373304676200D-06  0.00000000000000000D+00  0.00000000000000000D+00  0.00000000000000000D+00
 1  9  1.16705107560129700D-03  0.00000000000000000D+00  0.00000000000000000D+00 -6.48493133902235800D-05 -1.60697095997387800D-06
 1 10 -1.60697283485943300D-06  3.21394379483341900D-06  0.00000000000000000D+00  0.00000000000000000D+00  0.00000000000000000D+00
 2  1 -1.00009517751963900D+00  1.02431497587515700D-03  1.15349729245663200D-03  0.00000000000000000D+00  0.00000000000000000D+00
 2  2  1.32175747334524500D-03  0.00000000000000000D+00  0.00000000000000000D+00 -1.09415740793909500D-03 -2.03587313578670100D-05
 2  3 -2.03587329544414400D-05  4.07174643123353300D-05  0.00000000000000000D+00  0.00000000000000000D+00  0.00000000000000000D+00
 2  4 -1.31404000188689600D-03  0.00000000000000000D+00  0.00000000000000000D+00  1.18654063377085900D-04  2.42912692695741600D-06
 2  5  2.42913091580529600D-06 -4.85825784279046700D-06  0.00000000000000000D+00  0.00000000000000000D+00  0.00000000000000000D+00
 2  6 -9.55043628508044900D-07 -2.06296234487144100D-06  4.58090365122398500D-06  0.00000000000000000D+00  0.00000000000000000D+00
 2  7  1.04403533590636000D-05  0.00000000000000000D+00  0.00000000000000000D+00 -4.35081304062915000D-05 -1.77476783953757100D-06
 2  8 -1.77476762375649700D-06  3.54953546326331800D-06  0.00000000000000000D+00  0.00000000000000000D+00  0.00000000000000000D+00
 2  9  2.01995879784552500D-05  0.00000000000000000D+00  0.00000000000000000D+00  1.29862362811400400D-04  6.26785998200800900D-06
 2 10  6.26786222696982100D-06 -1.25357222089777200D-05  0.00000000000000000D+00  0.00000000000000000D+00  0.00000000000000000D+00
 3  1  4.17048131083599500D-05  3.33915717096856100D-04  5.41269454989161800D-05  0.00000000000000000D+00  0.00000000000000000D+00
 3  2  5.33060168837999900D-04  0.00000000000000000D+00  0.00000000000000000D+00 -8.49871427136460500D-04 -4.23087294451277800D-04
 3  3 -4.23087343749093600D-04  8.46174638200260300D-04  0.00000000000000000D+00  0.00000000000000000D+00  0.00000000000000000D+00
 3  4 -7.52987143007880500D-04  0.00000000000000000D+00  0.00000000000000000D+00 -4.75153707753678500D-04  5.43595152498045900D-04
 3  5  5.43595095459109800D-04 -1.08719024795722500D-03  0.00000000000000000D+00  0.00000000000000000D+00  0.00000000000000000D+00
 3  6 -6.28860105890296000D-03  4.91051763088043800D-01  5.54294676504194700D-01  0.00000000000000000D+00  0.00000000000000000D+00
 3  7 -8.31879857600282000D-04  0.00000000000000000D+00  0.00000000000000000D+00 -1.96016381731353000D-03  1.03594956659972500D-05
 3  8  1.03585963256714800D-05 -2.07180919915818000D-05  0.00000000000000000D+00  0.00000000000000000D+00  0.00000000000000000D+00
 3  9  5.65339149628277200D-02  0.00000000000000000D+00  0.00000000000000000D+00 -1.47698618718228600D-03 -1.43036327282422300D-04
 3 10 -1.43034874228452800D-04  2.86071201510873800D-04  0.00000000000000000D+00  0.00000000000000000D+00  0.00000000000000000D+00
 4  1  0.00000000000000000D+00  0.00000000000000000D+00  0.00000000000000000D+00 -1.68689516269711500D-03 -1.67318650563484200D-09
 4  2  0.00000000000000000D+00 -5.69709636617526200D-03 -5.65079844342908600D-09  0.00000000000000000D+00  0.00000000000000000D+00
 4  3  0.00000000000000000D+00  0.00000000000000000D+00  0.00000000000000000D+00  4.56551949812172800D-03  4.52841751406254500D-09
 4  4  0.00000000000000000D+00 -2.89421568240663700D-03 -2.87069560057596100D-09  0.00000000000000000D+00  0.00000000000000000D+00
 4  5  0.00000000000000000D+00  0.00000000000000000D+00  0.00000000000000000D+00 -7.74416756724206900D-03 -7.68123402104592800D-09
 4  6  0.00000000000000000D+00  0.00000000000000000D+00  0.00000000000000000D+00 -6.27642637531720400D-01 -6.22542028040009300D-07
 4  7  0.00000000000000000D+00 -4.44552918985921900D-01 -4.40940217463974000D-07  0.00000000000000000D+00  0.00000000000000000D+00
 4  8  0.00000000000000000D+00  0.00000000000000000D+00  0.00000000000000000D+00  7.60317345652477400D-05  7.54138343691936800D-11
 4  9  0.00000000000000000D+00 -1.63514910233975400D-01 -1.62186088366516500D-07  0.00000000000000000D+00  0.00000000000000000D+00
 4 10  0.00000000000000000D+00  0.00000000000000000D+00  0.00000000000000000D+00  2.46240261157873100D-03  2.44239182457643400D-09
 5  1  0.00000000000000000D+00  0.00000000000000000D+00  0.00000000000000000D+00  1.67318642946177900D-09 -1.68689524123548300D-03
 5  2  0.00000000000000000D+00  5.65079830547316900D-09 -5.69709650554254300D-03  0.00000000000000000D+00  0.00000000000000000D+00
 5  3  0.00000000000000000D+00  0.00000000000000000D+00  0.00000000000000000D+00 -4.52841731684212700D-09  4.56551968621710000D-03
 5  4  0.00000000000000000D+00  2.87069553027201300D-09 -2.89421575360797600D-03  0.00000000000000000D+00  0.00000000000000000D+00
 5  5  0.00000000000000000D+00  0.00000000000000000D+00  0.00000000000000000D+00  7.68123376381858200D-09 -7.74416781809038900D-03
 5  6  0.00000000000000000D+00  0.00000000000000000D+00  0.00000000000000000D+00  6.22542032762645400D-07 -6.27642632755168800D-01
 5  7  0.00000000000000000D+00  4.40940212322637700D-07 -4.44552924139250900D-01  0.00000000000000000D+00  0.00000000000000000D+00
 5  8  0.00000000000000000D+00  0.00000000000000000D+00  0.00000000000000000D+00 -7.54138545730069900D-11  7.60317141704487200D-05
 5  9  0.00000000000000000D+00  1.62186088894048900D-07 -1.63514909777084000D-01  0.00000000000000000D+00  0.00000000000000000D+00
 5 10  0.00000000000000000D+00  0.00000000000000000D+00  0.00000000000000000D+00 -2.44239163438786800D-09  2.46240280340388500D-03
 6  1 -3.97675416431742800D-03  1.43629180945724700D-01  2.38590496325931900D-02  0.00000000000000000D+00  0.00000000000000000D+00
 6  2  1.93912545014836100D-02  0.00000000000000000D+00  0.00000000000000000D+00  1.89050168478968400D-02  4.79655911002348000D-03
 6  3  4.79655807154492600D-03 -9.59311718156843900D-03  0.00000000000000000D+00  0.00000000000000000D+00  0.00000000000000000D+00
 6  4  3.95457914196068000D-03  0.00000000000000000D+00  0.00000000000000000D+00 -3.73654024137558100D-03 -9.55806929645231600D-03
 6  5 -9.55806795534762000D-03  1.91161372517999000D-02  0.00000000000000000D+00  0.00000000000000000D+00  0.00000000000000000D+00
 6  6 -8.35371398241202800D-05 -4.59094037467555500D-03 -1.09015622297799800D-02  0.00000000000000000D+00  0.00000000000000000D+00
 6  7 -6.12403657754104900D-01  0.00000000000000000D+00  0.00000000000000000D+00 -4.33023771184914000D-01 -5.25512224024203900D-05
 6  8 -5.25512070681041200D-05  1.05102429470681700D-04  0.00000000000000000D+00  0.00000000000000000D+00  0.00000000000000000D+00
 6  9  1.28919478432470200D-02  0.00000000000000000D+00  0.00000000000000000D+00 -1.67915823480837700D-01 -1.46710817701645900D-03
 6 10 -1.46710797603504100D-03  2.93421615305150100D-03  0.00000000000000000D+00  0.00000000000000000D+00  0.00000000000000000D+00
 7  1  2.04212400280839900D-03  5.92081615874251900D-01 -1.91200180631739800D-02  0.00000000000000000D+00  0.00000000000000000D+00
 7  2  1.03976156948094400D-01  0.00000000000000000D+00  0.00000000000000000D+00 -1.29501052180974200D-02 -1.71914329463373500D-02
 7  3 -1.71914355631758700D-02  3.43828685095134400D-02  0.00000000000000000D+00  0.00000000000000000D+00  0.00000000000000000D+00
 7  4  2.36691134200271400D-02  0.00000000000000000D+00  0.00000000000000000D+00  9.70781251684211000D-03  9.77486557872742100D-03
 7  5  9.77486918999231900D-03 -1.95497347687199100D-02  0.00000000000000000D+00  0.00000000000000000D+00  0.00000000000000000D+00
 7  6  2.07574555246987200D-03 -7.15336953664959800D-03 -4.69700760911770700D-02  0.00000000000000000D+00  0.00000000000000000D+00
 7  7  2.49527182506781900D-01  0.00000000000000000D+00  0.00000000000000000D+00  3.83043503626958400D-01 -4.05629768867354200D-06
 7  8 -4.05629185949312600D-06  8.11258954828234700D-06  0.00000000000000000D+00  0.00000000000000000D+00  0.00000000000000000D+00
 7  9  6.59076607625553900D-02  0.00000000000000000D+00  0.00000000000000000D+00 -8.06571769275244100D-01  6.19482447025133100D-04
 7 10  6.19482556070006200D-04 -1.23896500309513900D-03  0.00000000000000000D+00  0.00000000000000000D+00  0.00000000000000000D+00
 8  1  0.00000000000000000D+00  0.00000000000000000D+00  0.00000000000000000D+00  7.14970883526599200D-10 -1.95657540501142800D-02
 8  2  0.00000000000000000D+00  6.00526888420005000D-10 -1.64339029628187100D-02  0.00000000000000000D+00  0.00000000000000000D+00
 8  3  0.00000000000000000D+00  0.00000000000000000D+00  0.00000000000000000D+00  6.75287088797090900D-11 -1.84797127539182400D-03
 8  4  0.00000000000000000D+00  2.61207533546859100D-10 -7.14815463111098700D-03  0.00000000000000000D+00  0.00000000000000000D+00
 8  5  0.00000000000000000D+00  0.00000000000000000D+00  0.00000000000000000D+00  4.06486603867999200D-10 -1.11238387107685000D-02
 8  6  0.00000000000000000D+00  0.00000000000000000D+00  0.00000000000000000D+00 -7.82208285485245900D-09  2.14057593591348900D-01
 8  7  0.00000000000000000D+00 -1.62002590982451200D-08  4.43333134507949100D-01  0.00000000000000000D+00  0.00000000000000000D+00
 8  8  0.00000000000000000D+00  0.00000000000000000D+00  0.00000000000000000D+00  1.43715936787910300D-11 -3.93290221958127600D-04
 8  9  0.00000000000000000D+00  4.13976780613737100D-08 -1.13288078516148300D+00  0.00000000000000000D+00  0.00000000000000000D+00
 8 10  0.00000000000000000D+00  0.00000000000000000D+00  0.00000000000000000D+00 -5.00520918720317700D-11  1.36971574301062700D-03
 9  1  0.00000000000000000D+00  0.00000000000000000D+00  0.00000000000000000D+00 -1.95657534346148800D-02 -7.14970994344725400D-10
 9  2  0.00000000000000000D+00 -1.64339025495057500D-02 -6.00526741267326500D-10  0.00000000000000000D+00  0.00000000000000000D+00
 9  3  0.00000000000000000D+00  0.00000000000000000D+00  0.00000000000000000D+00 -1.84797170842343500D-03 -6.75302747707714600D-11
 9  4  0.00000000000000000D+00 -7.14815442268938700D-03 -2.61207516264126800D-10  0.00000000000000000D+00  0.00000000000000000D+00
 9  5  0.00000000000000000D+00  0.00000000000000000D+00  0.00000000000000000D+00 -1.11238380622010700D-02 -4.06485164592156300D-10
 9  6  0.00000000000000000D+00  0.00000000000000000D+00  0.00000000000000000D+00  2.14057594439900800D-01  7.82208284847399700D-09
 9  7  0.00000000000000000D+00  4.43333131570311300D-01  1.62002592255824000D-08  0.00000000000000000D+00  0.00000000000000000D+00
 9  8  0.00000000000000000D+00  0.00000000000000000D+00  0.00000000000000000D+00 -3.93290230393659100D-04 -1.43715932703617600D-11
 9  9  0.00000000000000000D+00 -1.13288078472491100D+00 -4.13976780947482300D-08  0.00000000000000000D+00  0.00000000000000000D+00
 9 10  0.00000000000000000D+00  0.00000000000000000D+00  0.00000000000000000D+00  1.36971578832956300D-03  5.00520888517262400D-11
10  1  2.94854879553871400D-03 -2.22316019207812700D-02  2.13956982000064200D-02  0.00000000000000000D+00  0.00000000000000000D+00
10  2  6.66836051463269000D-02  0.00000000000000000D+00  0.00000000000000000D+00 -1.09837829432972200D-01 -5.10655786747252800D-02
10  3 -5.10655790270621600D-02  1.02131157701787800D-01  0.00000000000000000D+00  0.00000000000000000D+00  0.00000000000000000D+00
10  4 -9.33353708281777800D-02  0.00000000000000000D+00  0.00000000000000000D+00 -5.45756201493080100D-02  6.14106802384689100D-02
10  5  6.14106805087529200D-02 -1.22821360747221800D-01  0.00000000000000000D+00  0.00000000000000000D+00  0.00000000000000000D+00
10  6  5.70757147439940700D-02 -5.77299656731476800D-02 -9.06772712184482200D-01  0.00000000000000000D+00  0.00000000000000000D+00
10  7  4.24349761210043900D-04  0.00000000000000000D+00  0.00000000000000000D+00 -1.65605723057934100D-02 -3.38717134565945900D-06
10  8 -3.38702696351363300D-06  6.77419830897546900D-06  0.00000000000000000D+00  0.00000000000000000D+00  0.00000000000000000D+00
10  9  1.47131927191247400D+00  0.00000000000000000D+00  0.00000000000000000D+00  2.81976709340935900D-02  3.19527988536747500D-04
10 10  3.19530750421323200D-04 -6.39058738958070400D-04  0.00000000000000000D+00  0.00000000000000000D+00  0.00000000000000000D+00
11  1  9.61652741805187300D-02 -1.72490238942693100D-01 -6.15487579350813400D-01  0.00000000000000000D+00  0.00000000000000000D+00
11  2  8.45919766637663100D-02  0.00000000000000000D+00  0.00000000000000000D+00 -4.64763435975045400D-01 -1.80582305023486100D-01
11  3 -1.80582302341221100D-01  3.61164607364707400D-01  0.00000000000000000D+00  0.00000000000000000D+00  0.00000000000000000D+00
11  4  3.90908800375416700D-02  0.00000000000000000D+00  0.00000000000000000D+00  1.33575021677499300D-01  2.48576242981254200D-01
11  5  2.48576239094522200D-01 -4.97152482075776400D-01  0.00000000000000000D+00  0.00000000000000000D+00  0.00000000000000000D+00
11  6  3.44930327766753900D-03  8.57484407591785300D-04 -5.06989044280105100D-02  0.00000000000000000D+00  0.00000000000000000D+00
11  7  7.13170693767896000D-02  0.00000000000000000D+00  0.00000000000000000D+00  2.68474765836567900D-01  1.93387089844192200D-04
11  8  1.93387093193312000D-04 -3.86774183037811300D-04  0.00000000000000000D+00  0.00000000000000000D+00  0.00000000000000000D+00
11  9  1.15222633664212600D-01  0.00000000000000000D+00  0.00000000000000000D+00 -9.31424254682006700D-01  3.26173856542471700D-04
11 10  3.26173948417675700D-04 -6.52347804960147100D-04  0.00000000000000000D+00  0.00000000000000000D+00  0.00000000000000000D+00
12  1  0.00000000000000000D+00  1.47824610602344500D-11 -1.86914724516328700D-11 -2.13989890791708600D-08  1.38877495440841600D-01
12  2  0.00000000000000000D+00  1.13399215141693000D-07 -7.35939108844950200D-01  0.00000000000000000D+00  0.00000000000000000D+00
12  3  0.00000000000000000D+00  0.00000000000000000D+00  0.00000000000000000D+00 -1.31189776754064800D-07  8.51356309966730600D-01
12  4  0.00000000000000000D+00  5.32172424432259200D-08 -3.45358279199157100D-01  0.00000000000000000D+00  0.00000000000000000D+00
12  5  0.00000000000000000D+00  0.00000000000000000D+00  0.00000000000000000D+00  1.80244490642406800D-07 -1.16970116622548800D+00
12  6  0.00000000000000000D+00  0.00000000000000000D+00  0.00000000000000000D+00  1.60167864739248900D-09 -1.03943464131123100D-02
12  7  0.00000000000000000D+00  7.21450995266778500D-09 -4.68198592249965600D-02  0.00000000000000000D+00  0.00000000000000000D+00
12  8  0.00000000000000000D+00  0.00000000000000000D+00  0.00000000000000000D+00 -2.67570638119924400D-11  1.73649583834303700D-04
12  9  0.00000000000000000D+00 -2.60601193832363400D-08  1.69121755095813000D-01  0.00000000000000000D+00  0.00000000000000000D+00
12 10  0.00000000000000000D+00  0.00000000000000000D+00  0.00000000000000000D+00 -3.61068439601844500D-11  2.34293948711957200D-04
13  1  0.00000000000000000D+00  0.00000000000000000D+00  0.00000000000000000D+00 -1.38877501988778500D-01 -2.13997368278210000D-08
13  2  0.00000000000000000D+00  7.35939110693856200D-01  1.13401470224048800D-07  0.00000000000000000D+00  0.00000000000000000D+00
13  3  0.00000000000000000D+00  0.00000000000000000D+00  0.00000000000000000D+00 -8.51356315519521800D-01 -1.31186356316985400D-07
13  4  0.00000000000000000D+00  3.45358280975819400D-01  5.32165626317424400D-08  0.00000000000000000D+00  0.00000000000000000D+00
13  5  0.00000000000000000D+00  0.00000000000000000D+00  0.00000000000000000D+00  1.16970117339484600D+00  1.80240318623060300D-07
13  6  0.00000000000000000D+00  0.00000000000000000D+00  0.00000000000000000D+00  1.03943463478671900D-02  1.60167381102017500D-09
13  7  0.00000000000000000D+00  4.68198586388066700D-02  7.21451212035526800D-09  0.00000000000000000D+00  0.00000000000000000D+00
13  8  0.00000000000000000D+00  0.00000000000000000D+00  0.00000000000000000D+00 -1.73649585738729100D-04 -2.67578009767110900D-11
13  9  0.00000000000000000D+00 -1.69121753893367300D-01 -2.60601164255381700D-08  0.00000000000000000D+00  0.00000000000000000D+00
13 10  0.00000000000000000D+00  0.00000000000000000D+00  0.00000000000000000D+00 -2.34293960168988700D-04 -3.61026487068181200D-11
14  1  3.04584837006069400D-01  1.90248988841892600D+00 -2.11949420713867600D+00  0.00000000000000000D+00  0.00000000000000000D+00
14  2  2.13909742971532000D-01  0.00000000000000000D+00  0.00000000000000000D+00 -9.36440377069852800D-01 -6.60934224220587200D-01
14  3 -6.60934173010230100D-01  1.32186839723081700D+00  0.00000000000000000D+00  0.00000000000000000D+00  2.53990675092190600D-11
14  4  5.76468052951620100D-01  0.00000000000000000D+00  0.00000000000000000D+00  3.61643446289630100D-01  8.51563178324813100D-01
14  5  8.51563125450784200D-01 -1.70312630377559700D+00  0.00000000000000000D+00  0.00000000000000000D+00 -1.88318689651882700D-11
14  6  2.58169888411871300D-03 -2.14610732824752100D-03 -5.43448802671267500D-02  0.00000000000000000D+00  0.00000000000000000D+00
14  7  1.63983268016979600D-03  0.00000000000000000D+00  0.00000000000000000D+00  4.09375650057363100D-02  2.03517316101342000D-04
14  8  2.03517317422029500D-04 -4.07034633524100400D-04  0.00000000000000000D+00  0.00000000000000000D+00  0.00000000000000000D+00
14  9  1.10973929903528500D-01  0.00000000000000000D+00  0.00000000000000000D+00 -2.18604222883041000D-01  1.22480471580000200D-03
14 10  1.22480485741156800D-03 -2.44960957321156800D-03  0.00000000000000000D+00  0.00000000000000000D+00  0.00000000000000000D+00
15  1  8.28562003802259800D-11  3.33195479888851000D-10 -7.23585717444177700D-10  1.70689556638030400D-02  3.74036611877020700D-01
15  2 -1.34192919932937600D-10 -4.67646784104526500D-02 -1.02476689375226100D+00  1.08715506444778200D-10 -8.00334551052826600D-11
15  3  2.38843608172664800D-10 -1.58810153067382100D-10  1.02816544024821600D-10  2.94681558471935600D-02  6.45743582399366600D-01
15  4  4.97606208685505000D-10  5.17983460325509300D-02  1.13507097464501700D+00  3.04117145107433700D-10 -1.08561858453093300D-11
15  5 -1.85938678879056300D-10  1.96794864724365600D-10 -2.95521102209404200D-10 -4.14604396014620500D-02 -9.08533697058811400D-01
15  6  0.00000000000000000D+00  0.00000000000000000D+00  5.66872290637475900D-11 -4.82204420718694200D-05 -1.05666744136668400D-03
15  7  0.00000000000000000D+00  3.22025900631841300D-04  7.05663942821619500D-03  0.00000000000000000D+00  0.00000000000000000D+00
15  8  0.00000000000000000D+00  0.00000000000000000D+00  0.00000000000000000D+00  1.68289804141459900D-06  3.68777914574240400D-05
15  9 -1.51022855803712800D-10 -1.19053113328435000D-03 -2.60884259778724100D-02  1.98456870974319100D-11  0.00000000000000000D+00
15 10  0.00000000000000000D+00  0.00000000000000000D+00  0.00000000000000000D+00  2.33641398121467100D-05  5.11984663497239400D-04
16  1 -7.69203195222717700D-11 -4.28599685285123500D-10  5.19436669477623600D-10  3.74036578302812700D-01 -1.70689571431211600D-02
16  2  0.00000000000000000D+00 -1.02476687142117600D+00  4.67646792692980900D-02  3.32876707457884600D-11 -2.36601464416013300D-11
16  3 -2.49803465589907600D-11  4.86404930005920600D-11 -1.50716652363972900D-10  6.45743565489996000D-01 -2.94681568357923300D-02
16  4 -1.07711667734525500D-10  1.13507097526576100D+00 -5.17983459487982800D-02  0.00000000000000000D+00  7.05104446563250400D-11
16  5  7.16124532024702600D-11 -1.42122897858795300D-10  1.25646394958702500D-10 -9.08533680179134800D-01  4.14604406405951100D-02
16  6  0.00000000000000000D+00  0.00000000000000000D+00  0.00000000000000000D+00 -1.05666741856470400D-03  4.82204434167029600D-05
16  7  0.00000000000000000D+00  7.05663947916609900D-03 -3.22025898399545400D-04  0.00000000000000000D+00  0.00000000000000000D+00
16  8  0.00000000000000000D+00  0.00000000000000000D+00  0.00000000000000000D+00  3.68777927563137900D-05 -1.68289793277327400D-06
16  9  0.00000000000000000D+00 -2.60884263516079500D-02  1.19053111586239400D-03  0.00000000000000000D+00  0.00000000000000000D+00
16 10  0.00000000000000000D+00  0.00000000000000000D+00  0.00000000000000000D+00  5.11984634830071700D-04 -2.33641413929368300D-05
17  1  1.55068455702267800D-01  5.46261761697313900D-01 -1.46499862012126000D+00  0.00000000000000000D+00 -1.79688357510842000D-10
17  2 -3.80183087555930900D-01  0.00000000000000000D+00  4.03041278878700800D-10  2.97965594510558600D-01  2.18622358199323500D-01
17  3  2.18622241480081200D-01 -4.37244599679404800D-01  3.71726179129927900D-11 -2.18171235246753100D-11 -4.85662312282115200D-10
17  4  1.18884664051208400D+00 -1.65658777174557800D-11 -4.37865015754756800D-10  7.75493803256431900D-01 -2.33269008457421800D-01
17  5 -2.33268879545623600D-01  4.66537888003045700D-01 -3.09613294159570500D-11  2.05622974852034400D-11  5.33683306426936400D-10
17  6 -1.40350351693003800D-02 -1.81437848823396100D-02  1.43149506446864800D-01  0.00000000000000000D+00  0.00000000000000000D+00
17  7 -1.34798261903522700D-03  0.00000000000000000D+00  0.00000000000000000D+00 -7.84189747664860300D-03  1.08511362314190800D-04
17  8  1.08511369364748600D-04 -2.17022731678635700D-04  0.00000000000000000D+00  0.00000000000000000D+00  0.00000000000000000D+00
17  9 -3.81389633872583100D-01  0.00000000000000000D+00  0.00000000000000000D+00  5.38512721474549300D-02 -6.84946257363518200D-04
17 10 -6.84945992570746700D-04  1.36989224993426500D-03  0.00000000000000000D+00  0.00000000000000000D+00  0.00000000000000000D+00
18  1 -9.62510878078205900D-10 -5.44339527783299000D-09  6.35921739332443000D-09  1.70532394893838500D+00  8.77893263206296700D-01
18  2 -1.40505216988121600D-09 -1.43809027833391400D+00 -7.40322547405126400D-01  2.12594761025522400D-09 -4.59440516283993400D-10
18  3 -4.23069514738517600D-10  8.82510031022509900D-10 -1.63790092691039600D-09  8.15054201110930700D-01  4.19586306920577700D-01
18  4 -1.02537133856270500D-09  9.23733685761928400D-02  4.75533972373301400D-02 -4.07703532442716500D-10  1.08797793308862600D-09
18  5  1.05710150033859800D-09 -2.14507943342722500D-09  1.39051970054788400D-09 -4.94475749433913300D-01 -2.54553924003218600D-01
18  6  0.00000000000000000D+00 -1.00374034568758600D-11  3.87130212401606500D-11 -6.79455298227223100D-04 -3.49780575749563500D-04
18  7  0.00000000000000000D+00 -3.30120457969915200D-03 -1.69944566513850100D-03 -2.88140069536469300D-11  0.00000000000000000D+00
18  8  0.00000000000000000D+00  0.00000000000000000D+00  0.00000000000000000D+00  5.13706003793009600D-05  2.64453649994157900D-05
18  9 -1.00999012035639700D-10  1.96853764819375200D-02  1.01339454519916600D-02  1.88203268861105900D-10  0.00000000000000000D+00
18 10  0.00000000000000000D+00  0.00000000000000000D+00  0.00000000000000000D+00  3.66689200197630700D-04  1.88770090469003400D-04
19  1 -1.06847483353413200D-09 -5.97372583816875500D-09  7.05549762271478400D-09  8.77893265158966700D-01 -1.70532394476290600D+00
19  2 -2.09952331139186500D-09 -7.40322547374866700D-01  1.43809027791936200D+00  2.55886107309216200D-09 -2.07132894397859800D-10
19  3 -1.34964870579175900D-10  3.42097764977034400D-10 -1.59534999696377800D-09  4.19586316578791400D-01 -8.15054183084191600D-01
19  4 -1.13087631410789100D-09  4.75534036624333200D-02 -9.23733559946605800D-02 -6.11620539912663800D-10  8.89265644489706600D-10
19  5  8.29951583905194100D-10 -1.71921722839490100D-09  1.34986278574046300D-09 -2.54553940199431100D-01  4.94475718556625400D-01
19  6  0.00000000000000000D+00  0.00000000000000000D+00  2.65364948931992700D-11 -3.49780598038775700D-04  6.79455255715263900D-04
19  7  0.00000000000000000D+00 -1.69944559170341600D-03  3.30120472162842600D-03 -3.38867239779017900D-11  0.00000000000000000D+00
19  8  0.00000000000000000D+00  0.00000000000000000D+00  0.00000000000000000D+00  2.64453590064333300D-05 -5.13706118992640600D-05
19  9 -7.01415486016184000D-11  1.01339451945266900D-02 -1.96853769816420800D-02  2.19196404064524300D-10  0.00000000000000000D+00
19 10  0.00000000000000000D+00  0.00000000000000000D+00  0.00000000000000000D+00  1.88769986964531500D-04 -3.66689401965960100D-04
20  1 -2.28176536296229300D-01 -1.31827693491210800D+00  1.40317404352233700D+00 -6.78188058818970300D-09  2.89574790398936900D-09
20  2 -1.77688660866160400D+00  6.46999479114192000D-09 -2.93153404469652500D-09  1.99035570344334000D+00 -6.57268056935040000D-02
20  3 -6.57253747795806500D-02  1.31452180473083800D-01 -1.56007848091391400D-08  2.71016415759401100D-09 -1.32340454488114200D-09
20  4 -4.60208003928842800D-03 -7.40093460754286400D-10  3.90791781086942700D-10 -6.09912309842900600D-01  2.63447518742284200D-01
20  5  2.63445984857383700D-01 -5.26893503599667900D-01  1.29548022507086500D-08 -2.33810969826028400D-09  1.30613073118675700D-09
20  6 -2.12317375082943200D-03 -3.75489382097087700D-03  1.92208773891334000D-02  0.00000000000000000D+00  0.00000000000000000D+00
20  7  2.08094198630394400D-03  1.34017031679151900D-11  0.00000000000000000D+00 -2.27308042307726200D-02 -3.42361982698256100D-04
20  8 -3.42361968124420900D-04  6.84723950822504500D-04  0.00000000000000000D+00  0.00000000000000000D+00  0.00000000000000000D+00
20  9 -5.47942784370865900D-02 -5.39450450682563700D-11  2.25697519750534900D-11  1.37201441648857500D-01  1.17138539142359100D-03
20 10  1.17138526899206300D-03 -2.34277066041565500D-03  0.00000000000000000D+00  0.00000000000000000D+00  0.00000000000000000D+00
21  1  9.48748208148452300D-02  4.71071420003585000D-01 -5.29393159616383800D-01 -9.92127923468359500D-09 -1.82215353412761800D-09
21  2  2.03164991344135800D-01  1.08068130477123800D-08  3.15839113806852600D-09  5.65196897556146200D-01 -7.96636153817158800D-01
21  3 -7.96634465821371500D-01  1.59327061963853000D+00 -5.54270059139139600D-08  1.60922346974112900D-08  3.99470893539076100D-09
21  4 -1.26241349813051400D-01 -1.60393184445547700D-09 -8.34394960466220100D-10 -5.22877046445685800D-02  7.88813980766469100D-01
21  5  7.88811994785523700D-01 -1.57762597555199300D+00  4.59285310831063800D-08 -1.22291640140837300D-08 -4.30533247056225800D-09
21  6 -3.43935998239389000D-03 -7.47190881101117100D-03  1.60380064054352900D-02 -1.69141577678437300D-11  0.00000000000000000D+00
21  7  2.94638342910164300D-03  2.16838900771683300D-11  0.00000000000000000D+00 -2.39527356960454700D-03 -2.81445659082609500D-04
21  8 -2.81445642802270400D-04  5.62891301884204900D-04  0.00000000000000000D+00  0.00000000000000000D+00  0.00000000000000000D+00
21  9 -4.25636784381903700D-02 -3.55906699761298100D-11  0.00000000000000000D+00  1.34825954515802600D-02  2.22932234094223600D-03
21 10  2.22932224723286900D-03 -4.45864458817510500D-03  0.00000000000000000D+00  1.51975997425653200D-11  0.00000000000000000D+00
22  1 -2.70626379494212900D-07 -1.47741296016822400D-06  1.85104056332451500D-06  6.12360117281249800D-01 -7.76759090810479800D-03
22  2  3.30009818889483300D-07 -1.28533865441539900D+00  1.63041061799404500D-02 -4.12234230190311800D-07 -3.39690604985657400D-08
22  3 -3.43628682920749800D-08  6.83319287906408100D-08  2.74571398780798300D-08 -1.65217833668346700D+00  2.09573498002331300D-02
22  4 -4.32717110653353900D-07  3.81463413243287700D-01 -4.83874039990898500D-03  2.31835622187589800D-07  1.05989931499823100D-07
22  5  1.06336038124858400D-07 -2.12325969624681700D-07 -2.82110164255367700D-08  1.90777043259378100D+00 -2.41994522149261300D-02
22  6  0.00000000000000000D+00 -1.50597492510310300D-10 -1.01768040226661100D-09  2.22569184538229400D-03 -2.82321830852393500D-05
22  7 -4.23169890611110500D-10 -1.14974753109929600D-03  1.45841749033630500D-05  2.89954314340027400D-09  0.00000000000000000D+00
22  8  0.00000000000000000D+00  1.41321716285507600D-11  0.00000000000000000D+00  3.63597840983205400D-04 -4.61212128345970000D-06
22  9  6.31721587884572800D-09 -7.64280421262419900D-04  9.69465887047963800D-06 -1.26632248600499700D-08  0.00000000000000000D+00
22 10  0.00000000000000000D+00 -1.48779557990822600D-11  0.00000000000000000D+00 -1.99816101122858000D-03  2.53460284360571100D-05
23  1 -4.31568764356072100D-08 -2.35592917340925600D-07  2.95604593528783500D-07  7.76758975903548800D-03  6.12360117184458600D-01
23  2  5.69315781330417500D-08 -1.63041054031237900D-02 -1.28533864920251100D+00 -6.86695386837757700D-08 -5.44713451606928300D-09
23  3 -5.36368362765091200D-09  1.08108181437202100D-08 -8.68633470269071600D-09 -2.09573480474710900D-02 -1.65217838844352900D+00
23  4 -6.99670720440719700D-08  4.83874024174208300D-03  3.81463417346011200D-01  3.79300429877864200D-08  1.76714600490476800D-08
23  5  1.75772198628005800D-08 -3.52486799118483100D-08  8.92633561333732600D-09  2.41994516845806200D-02  1.90777045361874000D+00
23  6  0.00000000000000000D+00 -2.47801134263506600D-11 -1.76805736444313200D-10  2.82321818869208900D-05  2.22569188478789100D-03
23  7 -6.78753505778337600D-11 -1.45841748192970500D-05 -1.14974740571469100D-03  4.93194346985591200D-10  0.00000000000000000D+00
23  8  0.00000000000000000D+00  0.00000000000000000D+00  0.00000000000000000D+00  4.61212113816727900D-06  3.63597842591328200D-04
23  9  1.04644111117051300D-09 -9.69465375730586500D-06 -7.64281088663165700D-04 -2.17988934761909200D-09  0.00000000000000000D+00
23 10  0.00000000000000000D+00  0.00000000000000000D+00  0.00000000000000000D+00 -2.53460267721023100D-05 -1.99816108614160100D-03
24  1  1.49912431337366500D-07  9.07977958952582500D-07 -9.65465134448984700D-07 -2.84850027587123700D-11  5.16259011326373300D-11
24  2  1.74767770608416600D-07 -3.08618166353620900D-11 -1.24195971081777500D-11 -6.00348424561329200D-07 -1.48983889259966800D+00
24  3  1.48983975276178500D+00 -8.60162117234693900D-07  2.83487644320404300D-06 -2.86072676220830000D-11 -4.15009789389379900D-11
24  4  1.01427934343618900D-07  2.40834738611986400D-11 -1.24229048272943900D-11  2.14051964740030200D-07  1.99900081522277200D+00
24  5 -1.99900185440912600D+00  1.03918635277830700D-06 -3.80330015660073300D-06  8.48222069034420000D-11 -1.41054900225727500D-11
24  6  1.76568384554120800D-09  4.08466712304202600D-09 -7.70046402547790300D-09  0.00000000000000000D+00  0.00000000000000000D+00
24  7 -1.96440544022484400D-09  0.00000000000000000D+00  0.00000000000000000D+00  6.79440638805320100D-09 -1.61389994521192500D-05
24  8  1.61394720681472900D-05 -4.71941550030670400D-10  3.07085569039370300D-11  0.00000000000000000D+00  0.00000000000000000D+00
24  9  2.01730754812184900D-08  0.00000000000000000D+00  0.00000000000000000D+00 -4.17031010447631100D-08  1.48136171023170400D-04
24 10 -1.48139025935331800D-04  2.85491270534157900D-09 -2.81860296824548200D-10  0.00000000000000000D+00  0.00000000000000000D+00
25  1 -6.19247002215597300D-07 -3.38210506995320700D-06  4.23358519600821900D-06  2.18083953835542300D-09 -2.44051541395064000D-10
25  2  7.60114224816376900D-07  7.43009063493561500D-09 -2.60073123395742500D-09 -9.46464389407539500D-07  2.37595417691302100D-06
25  3 -2.53225650816652000D-06  1.56302331253499500D-07  1.72030442445938200D+00  5.74881942237860200D-09 -2.75965939491489300D-09
25  4 -9.85549676816977200D-07 -4.15435628826517300D-09  1.14414724261152600D-09  5.28431920473770400D-07 -3.04997570044549400D-06
25  5  3.53647581000527800D-06 -4.86500109559782700D-07 -2.30824037123654000D+00 -1.48785317634182800D-08  5.33626566392816200D-09
25  6 -1.26376761607900500D-11 -3.40844225947875500D-10 -2.35422372263660400D-09 -1.39518403545373200D-11  0.00000000000000000D+00
25  7 -9.67749842589004000D-10  0.00000000000000000D+00  0.00000000000000000D+00  6.62763903529919000D-09  1.06851457506632700D-11
25  8 -4.24874531942082100D-11  3.18023063318180100D-11  1.86358687134701200D-05  0.00000000000000000D+00  0.00000000000000000D+00
25  9  1.45213764491165700D-08  5.14642210288758600D-11 -1.03703580582747700D-11 -2.89581476073787800D-08 -2.27801076866338000D-10
25 10  2.60265726043615700D-10 -3.24646491781746200D-11 -1.71053640257043600D-04  1.26087121279524300D-11  0.00000000000000000D+00
26  1 -6.07968905784054400D-01 -3.34537290377588400D+00  4.12482581087873600D+00 -7.91179635191900400D-07  1.28086240948915300D-07
26  2  8.92904214551887400D-01  8.56463949427453300D-07 -1.49404195330580300D-08 -1.03194995471433300D+00 -2.23711629595752500D-02
26  3 -2.23672330325855800D-02  4.47383959921611000D-02 -4.89047240019097400D-06  1.48646052957951800D-06 -1.40997697722110800D-07
26  4 -8.93336980583852100D-01 -1.21824197355229400D-07 -3.73583405595840000D-08  4.90337946337505800D-01  2.22233522742989200D-01
26  5  2.22230927360085900D-01 -4.44464450103075600D-01  4.00251014110899700D-06 -1.09172376810239100D-06 -3.44566356623641400D-08
26  6  1.56466291503589100D-04  1.54255402575866100D-05 -3.21954205495961400D-03 -1.52870256339614100D-09  4.03192853374129100D-11
26  7 -1.05167355791397400D-03  1.79709848718623100D-09 -3.39006707624238900D-10  6.66480971815986000D-03  3.41629327751740200D-06
26  8  3.41632650904853600D-06 -6.83261978685841300D-06 -4.49812676290637500D-11 -2.23157175318921200D-10  0.00000000000000000D+00
26  9  1.63303283814815500D-02 -2.21883141193792800D-09  8.52664327686249600D-10 -2.90332879323685800D-02 -1.11544237579892800D-04
26 10 -1.11544548508929300D-04  2.23088786088821200D-04  3.81369218994318300D-10  1.35639469385664000D-09 -3.11510016222237300D-11
27  1 -1.54620126171435100D-01 -5.54469430632430400D-01  1.42709942500759500D+00 -1.50181532619802400D-07  4.28147510335960700D-08
27  2 -9.72471974070561200D-01  1.33731250439224300D-07 -1.87717346009216200D-08  4.80093394878016200D-01 -1.93781017046114700D-01
27  3 -1.93779534989690600D-01  3.87560552035805000D-01 -7.74632279314102100D-07  2.61210590826583700D-07 -5.88315021693900900D-08
27  4 -1.11221786891665400D+00 -9.77549595528497300D-09 -6.14091801872313300D-09  5.23440175526497400D-01  3.65057513001409300D-02
27  5  3.65052232080990300D-02 -7.30109745082399800D-02  5.73843782728137900D-07 -1.59378770425390900D-07  1.23686411613751300D-08
27  6 -7.35082165198994400D-04 -1.42609303079358300D-03  4.72190542769464900D-03 -2.43965031116915800D-10  3.71023890501848000D-11
27  7 -1.26622550475075100D-04  3.53051952984076300D-10 -1.08134428775569400D-10  2.72471587263778100D-03 -8.80190497165231200D-05
27  8 -8.80190380918366600D-05  1.76038087808375300D-04  0.00000000000000000D+00 -3.37087342039887900D-11  0.00000000000000000D+00
27  9 -8.81639202823492100D-03 -5.29170213364362400D-10  2.28122432124280200D-10 -1.18572943711373500D-02  4.55227823566997400D-04
27 10  4.55227748248611000D-04 -9.10455571815608400D-04  5.79425032722593800D-11  2.15219202971084800D-10 -3.18422510578743900D-11
28  1 -2.53900792907630700D-01 -1.57455920682677500D+00  1.44521564540646000D+00 -1.39971203572131200D-08  7.15484928276152400D-10
28  2  6.77526685118128000D-03  2.27404127901043200D-08  4.15349615475981000D-10 -1.60807136590117200D-01 -6.80464000194294100D-01
28  3 -6.80464302319452100D-01  1.36092830251374600D+00 -1.31333889338148700D-07  3.36035755764374100D-08 -8.34362908236246800D-10
28  4  2.72073951313442000D-01 -5.63244640052381100D-09 -4.47047776199719900D-10 -1.35989762458124500D-01  3.34610526730607300D-01
28  5  3.34610492758884800D-01 -6.69221019489492500D-01  1.23052978684802500D-07 -3.29964238533973800D-08 -7.70476716610728000D-10
28  6 -1.00434052441371000D-03 -2.67441809125493500D-03  4.88692807200791200D-04 -4.08410904680209900D-11  0.00000000000000000D+00
28  7  8.36359495109562800D-04  2.92595834627829300D-11  0.00000000000000000D+00 -1.93702724014963000D-03 -1.37356689049557100D-04
28  8 -1.37356691074720300D-04  2.74713380123916800D-04  0.00000000000000000D+00  0.00000000000000000D+00  0.00000000000000000D+00
28  9  6.19043064149205100D-03  0.00000000000000000D+00  0.00000000000000000D+00  1.86181985771735600D-03  1.20637043325895000D-03
28 10  1.20637049054112900D-03 -2.41274092380008300D-03  1.08796758700138100D-11  3.64357147909645300D-11  0.00000000000000000D+00
29  1  2.33885284431564400D-07  1.26048891977717700D-06 -1.62063073690080400D-06 -2.44461510637626300D-01  8.23872726292629000D-01
29  2 -2.30233778678550400D-07  1.41615079486490700D-01 -4.77264479396294400D-01  3.24534944911212700D-07  2.70726978565567000D-08
29  3  3.14664242555338200D-08 -5.85391221120905800D-08 -1.59687591777641000D-07  3.63376801582120700D-01 -1.22463541824136400D+00
29  4  4.22840268599526000D-07  1.91727767261697000D-02 -6.46152107162365100D-02 -2.23309020335612600D-07 -8.47655676982174600D-08
29  5 -8.69790661924596000D-08  1.71744633890677200D-07  8.09856865283519900D-08 -1.29241242628654000D-01  4.35562724469668100D-01
29  6  2.29093405576798300D-11  1.50651687802423000D-10  6.67991532959658300D-10 -2.69255203394529900D-04  9.07431202804183400D-04
29  7  3.80558047753731800D-10  6.03989775388016900D-04 -2.03553810444082100D-03 -2.61106555928212400D-09  0.00000000000000000D+00
29  8  0.00000000000000000D+00 -1.62287446151030800D-11  0.00000000000000000D+00 -3.15004490169245600D-05  1.06161329996779600D-04
29  9 -4.93495529346888000D-09 -1.16614953322175000D-03  3.93010301514690200D-03  1.13430817965574400D-08 -1.00654067592071100D-11
29 10 -1.03513656880374900D-11  2.04167724472455400D-11  1.04153849201381700D-11  2.34060475362361900D-04 -7.88819561118159900D-04
30  1 -3.42960265291282800D-07 -1.85345251859043100D-06  2.37063068665164300D-06  8.23872729537305400D-01  2.44461510098417900D-01
30  2  3.59144880112496900D-07 -4.77264507285378900D-01 -1.41615072399647200D-01 -4.86826709692885000D-07 -4.24598860350029400D-08
30  3 -4.40709922383415700D-08  8.65308782733446200D-08  2.65447589047268900D-07 -1.22463547355020500D+00 -3.63376787018286200D-01
30  4 -6.06452532655364800D-07 -6.46151931995995000D-02 -1.91727815061243900D-02  3.20884586187249600D-07  1.29302714587875800D-07
30  5  1.30099138016238400D-07 -2.59401852604114500D-07 -1.34622047428545200D-07  4.35562783542799500D-01  1.29241227168412700D-01
30  6 -3.32275741694210700D-11 -2.26138559217463900D-10 -1.02558427785174000D-09  9.07431274318949700D-04  2.69255184598752400D-04
30  7 -5.48774535307900200D-10 -2.03553804238748600D-03 -6.03989794416497100D-04  3.80980314692924400D-09 -1.15663712135382400D-11
30  8 -1.15795587772761700D-11  2.31459299909533000D-11  0.00000000000000000D+00  1.06161337905111800D-04  3.15004470494749300D-05
30  9  7.33629875368237800D-09  3.93010251203024200D-03  1.16614967844200200D-03 -1.65473334196346400D-08  1.62015775915617900D-11
30 10  1.63057993111395600D-11 -3.25073769027020700D-11 -1.73134268800080400D-11 -7.88819650509525300D-04 -2.34060450993732300D-04
31  1  7.11651770493977600D-07  3.72456604828140200D-06 -5.08901408455032000D-06  7.80435331903660300D-10 -1.07958665814301300D-09
31  2 -1.38734010680545300D-07 -5.08035140303818500D-10  7.08858099127652800D-10  4.29233647900727500D-07 -1.58977535440007700D+00
31  3  1.58977559748900600D+00 -2.43088929160081700D-07  4.57836662759265700D-04 -1.26644039995737000D-09  1.52590308164185000D-09
31  4  1.65634289868112200D-06 -3.89884152274067800D-11 -3.16603170424269800D-11 -7.38535283549049000D-07  8.66602796400232500D-01
31  5 -8.66603461745911700D-01  6.65345678626402200D-07 -2.49573652299763000D-04  5.49957530042255900D-10 -4.85663324633784400D-10
31  6  6.15447400562521200D-10  1.56924794572771300D-09 -2.07738911327133100D-09  0.00000000000000000D+00  0.00000000000000000D+00
31  7  6.46507018434257600D-10  0.00000000000000000D+00  0.00000000000000000D+00 -5.55527373829061400D-09 -1.32645763150003800D-05
31  8  1.32647879408713800D-05 -2.12137246594362800D-10  3.82007929669957300D-09  0.00000000000000000D+00  0.00000000000000000D+00
31  9 -2.79342034468174300D-09  0.00000000000000000D+00  0.00000000000000000D+00  1.73211332359146800D-08  1.06163838116537900D-04
31 10 -1.06164599186179300D-04  7.61069971982240900D-10 -3.05741352459123400D-08  0.00000000000000000D+00  0.00000000000000000D+00
32  1  1.12201523421241700D-06  6.08733567971986200D-06 -7.72419007333037200D-06  1.49252296554536100D-07 -3.88400495439384800D-08
32  2 -1.24762205548065800D-06 -9.15114242028024600D-08  2.42759208201555300D-08  1.63726193952585000D-06 -3.96354844640356200D-04
32  3  3.96637755969338400D-04 -2.82911328982179600D-07 -1.83572757118049900D+00 -2.29065318184597800D-07  5.99050522209297600D-08
32  4  1.91046499868660500D-06 -9.43558069128192000D-09  2.14829952020439300D-09 -1.01563507768848500D-06  2.15705032026948100D-04
32  5 -2.16564172963656600D-04  8.59140936708409300D-07  1.00068450662495000D+00  8.94395687320338600D-08 -2.38483495128781600D-08
32  6  7.51251382910619000D-11  6.90149084813071600D-10  3.69811151809602500D-09  1.75710878360506700D-10 -4.62821690373564800D-11
32  7  1.78189094218605500D-09 -3.67856495057297400D-10  9.46890491936977500D-11 -1.22916925858412800D-08 -3.27386278736676900D-09
32  8  3.34266791991895000D-09 -6.88052600904050100D-11 -1.53168761326238000D-05  2.10461120582479300D-11  0.00000000000000000D+00
32  9 -2.48766578429140400D-08  6.82389019109533800D-10 -1.72366634420852300D-10  5.35113389108945900D-08  2.64343830489350800D-08
32 10 -2.65211988070138000D-08  8.68157581611828600D-11  1.22589170392571700D-04 -1.52911111731852500D-10  4.03483437897476400D-11
 $END   
 POPULATION ANALYSIS
LI           2.08395   0.91605   2.08898   0.91102
F            9.91605  -0.91605   9.91102  -0.91102
 MOMENTS AT POINT    1 X,Y,Z=  0.000000  0.000000  7.935420
 DIPOLE       0.000000  0.000000-25.500516
