 $DATA
 LiF single-point properties R=1.70 Ang                                         
CNV      2

LI          3.0      0.0000000000      0.0000000000      0.0000000000
   S          9
     1      1469.0000000000  0.00076600
     2       220.5000000000  0.00589200
     3        50.2600000000  0.02967100
     4        14.2400000000  0.10918000
     5         4.5810000000  0.28278900
     6         1.5800000000  0.45312300
     7         0.5640000000  0.27477400
     8         0.0734500000  0.00975100
     9         0.0280500000 -0.00318000
   S          9
     1      1469.0000000000 -0.00012000
     2       220.5000000000 -0.00092300
     3        50.2600000000 -0.00468900
     4        14.2400000000 -0.01768200
     5         4.5810000000 -0.04890200
     6         1.5800000000 -0.09600900
     7         0.5640000000 -0.13638000
     8         0.0734500000  0.57510200
     9         0.0280500000  0.51766100
   S          1
     1         0.0280500000  1.00000000
   P          4
     1         1.5340000000  0.02278400
     2         0.2749000000  0.13910700
     3         0.0736200000  0.50037500
     4         0.0240300000  0.50847400
   P          1
     1         0.0240300000  1.00000000
   D          1
     1         0.1144000000  1.00000000
   S          1
     1         0.0086000000  1.00000000
   P          1
     1         0.0058000000  1.00000000
   D          1
     1         0.0733000000  1.00000000
           
F           9.0      0.0000000000      0.0000000000      1.7000000000
   S          8
     1     14710.0000000000  0.00072100
     2      2207.0000000000  0.00555300
     3       502.8000000000  0.02826700
     4       142.6000000000  0.10644400
     5        46.4700000000  0.28681400
     6        16.7000000000  0.44864100
     7         6.3560000000  0.26476100
     8         1.3160000000  0.01533300
   S          8
     1     14710.0000000000 -0.00016500
     2      2207.0000000000 -0.00130800
     3       502.8000000000 -0.00649500
     4       142.6000000000 -0.02669100
     5        46.4700000000 -0.07369000
     6        16.7000000000 -0.17077600
     7         6.3560000000 -0.11232700
     8         1.3160000000  0.56281400
   S          1
     1         0.3897000000  1.00000000
   P          3
     1        22.6700000000  0.04487800
     2         4.9770000000  0.23571800
     3         1.3470000000  0.50852100
   P          1
     1         0.3471000000  1.00000000
   D          1
     1         1.6400000000  1.00000000
   S          1
     1         0.0986300000  1.00000000
   P          1
     1         0.0850200000  1.00000000
   D          1
     1         0.4640000000  1.00000000
           
 $END      
--- RHF ORBITALS --- GENERATED AT  9:37:26  7-MAY-2026    
 LiF single-point properties R=1.70 Ang                                         
E(RHF)=     -106.9533556571, E(NUC)=    8.4045792283,   10 ITERS
 $VEC
 1  1  3.03152114383103800D-05 -1.25587046088782000D-04  6.36984043041768200D-04  0.00000000000000000D+00  0.00000000000000000D+00
 1  2 -5.41896023767760400D-04  0.00000000000000000D+00  0.00000000000000000D+00  7.51722414623646000D-04  4.55027711582229100D-04
 1  3  4.55027711582272500D-04 -9.10055423164534600D-04  3.06343231779094700D-33  0.00000000000000000D+00  0.00000000000000000D+00
 1  4 -1.25296736177386800D-04  0.00000000000000000D+00  0.00000000000000000D+00 -1.25634394361630500D-04 -3.27309053417469700D-04
 1  5 -3.27309053417566800D-04  6.54618106835166600D-04 -6.86714395795573800D-33  0.00000000000000000D+00  0.00000000000000000D+00
 1  6 -1.00084279483570200D+00 -8.43638701607956500D-04  4.22449254391264400D-03  0.00000000000000000D+00  0.00000000000000000D+00
 1  7  2.99391777725637700D-04  0.00000000000000000D+00  0.00000000000000000D+00 -2.83064114365508400D-04 -3.94728497548440100D-06
 1  8 -3.94728497628689700D-06  7.89456995171293700D-06 -5.67386202661680700D-32  0.00000000000000000D+00  0.00000000000000000D+00
 1  9 -1.78139133464586300D-03  0.00000000000000000D+00  0.00000000000000000D+00  1.83031441837221700D-04  1.90670652561125500D-05
 1 10  1.90670652569227200D-05 -3.81341305130379300D-05  5.72811814387336100D-32  0.00000000000000000D+00  0.00000000000000000D+00
 2  1 -9.84307048985220500D-01  6.02909017176463800D-02 -2.81046338849520300D-02  0.00000000000000000D+00  0.00000000000000000D+00
 2  2  5.53857023273052200D-02  0.00000000000000000D+00  0.00000000000000000D+00 -3.35352163837316700D-02 -4.37885995073223000D-03
 2  3 -4.37885995073230100D-03  8.75771990146441900D-03 -5.05556610401649400D-33  0.00000000000000000D+00  0.00000000000000000D+00
 2  4 -2.40182707248438200D-03  0.00000000000000000D+00  0.00000000000000000D+00  1.20005244769637800D-03 -7.29525058169728500D-04
 2  5 -7.29525058170054700D-04  1.45905011633948300D-03 -2.30630110840371500D-32  0.00000000000000000D+00  0.00000000000000000D+00
 2  6  2.64259445328264500D-04 -7.07578798138372300D-03 -6.70123407865739300D-03  0.00000000000000000D+00  0.00000000000000000D+00
 2  7  6.04396225428390900D-03  0.00000000000000000D+00  0.00000000000000000D+00  6.11606475988752100D-03  5.26984208215956500D-04
 2  8  5.26984208212727400D-04 -1.05396841642882500D-03 -2.28306957844954400D-31  0.00000000000000000D+00  0.00000000000000000D+00
 2  9 -4.24216653701282400D-02  0.00000000000000000D+00  0.00000000000000000D+00  1.30208459490248000D-02 -1.89766988060683500D-04
 2 10 -1.89766988058020900D-04  3.79533976118704100D-04  1.88252128900007000D-31  0.00000000000000000D+00  0.00000000000000000D+00
 3  1 -3.25940379247310800D-02  7.91271398134807800D-02 -4.52511870491646200D-02  0.00000000000000000D+00  0.00000000000000000D+00
 3  2  6.66639016756532400D-02  0.00000000000000000D+00  0.00000000000000000D+00 -4.20701254253260100D-02 -3.01172467151529500D-03
 3  3 -3.01172467151526000D-03  6.02344934303046500D-03  2.45556067909372600D-33  0.00000000000000000D+00  0.00000000000000000D+00
 3  4 -2.68084653254382900D-04  0.00000000000000000D+00  0.00000000000000000D+00  1.62050825809354600D-03 -2.49479439211949100D-03
 3  5 -2.49479439211940800D-03  4.98958878423892700D-03  5.87408633038106900D-33  0.00000000000000000D+00  0.00000000000000000D+00
 3  6 -8.67906949147353300D-03  4.85464409482494400D-01  5.62917029713185100D-01  0.00000000000000000D+00  0.00000000000000000D+00
 3  7 -1.55680565545787700D-02  0.00000000000000000D+00  0.00000000000000000D+00 -2.51100202425374800D-02 -2.95012110259392600D-04
 3  8 -2.95012110258957700D-04  5.90024220518464700D-04  3.07546937994336700D-32  0.00000000000000000D+00  0.00000000000000000D+00
 3  9  1.00208541210003400D-03  0.00000000000000000D+00  0.00000000000000000D+00  1.45300158218580900D-02 -4.09095215619609700D-03
 3 10 -4.09095215619650600D-03  8.18190431239259600D-03 -2.88408009171988600D-32  0.00000000000000000D+00  0.00000000000000000D+00
 4  1  2.07095085833506000D-02 -3.56038287474283700D-01  1.91391876616932500D-01  0.00000000000000000D+00  0.00000000000000000D+00
 4  2 -3.25812517175434500D-01  0.00000000000000000D+00  0.00000000000000000D+00  1.96439669863670400D-01  9.93237887063541800D-03
 4  3  9.93237887063530000D-03 -1.98647577412705800D-02 -8.28149876086511400D-33  0.00000000000000000D+00  0.00000000000000000D+00
 4  4 -1.88492379153096900D-04  0.00000000000000000D+00  0.00000000000000000D+00 -7.76748031958381800D-03  1.50673290738430200D-02
 4  5  1.50673290738430300D-02 -3.01346581476862400D-02  9.62964972193617900D-34  0.00000000000000000D+00  0.00000000000000000D+00
 4  6  6.77880609685548000D-03  4.20867915889988800D-02  2.13470127422515200D-02  0.00000000000000000D+00  0.00000000000000000D+00
 4  7  6.26553993370813300D-01  0.00000000000000000D+00  0.00000000000000000D+00  4.56548905129866700D-01  9.14392000641371500D-04
 4  8  9.14392000641533400D-04 -1.82878400128327400D-03  1.14472461069516300D-32  0.00000000000000000D+00  0.00000000000000000D+00
 4  9  2.07990506214631100D-01  0.00000000000000000D+00  0.00000000000000000D+00  3.18259733884990300D-02  1.24419490330523000D-02
 4 10  1.24419490330523700D-02 -2.48838980661046500D-02  4.81482486096809000D-33  0.00000000000000000D+00  0.00000000000000000D+00
 5  1  0.00000000000000000D+00  0.00000000000000000D+00  0.00000000000000000D+00  1.13904803848678300D-01 -6.97442732619915200D-18
 5  2  0.00000000000000000D+00 -8.04227528276192500D-02  4.92431070522945500D-18  0.00000000000000000D+00  0.00000000000000000D+00
 5  3  0.00000000000000000D+00  0.00000000000000000D+00  0.00000000000000000D+00  3.13615259294621500D-02 -1.92027619593922900D-18
 5  4  0.00000000000000000D+00  6.41355419769461300D-03 -3.92703961054050100D-19  0.00000000000000000D+00  0.00000000000000000D+00
 5  5  0.00000000000000000D+00  0.00000000000000000D+00  0.00000000000000000D+00 -6.77640538114454600D-03  4.14921454291288000D-19
 5  6  0.00000000000000000D+00  0.00000000000000000D+00  0.00000000000000000D+00  6.30703730262638200D-01 -3.86181897729550700D-17
 5  7  0.00000000000000000D+00  4.54778287060209800D-01 -2.78462189957195000D-17  0.00000000000000000D+00  0.00000000000000000D+00
 5  8  0.00000000000000000D+00  0.00000000000000000D+00  0.00000000000000000D+00 -2.24992561964772500D-03  1.37763660472417700D-19
 5  9  0.00000000000000000D+00  8.97238444674717900D-02 -5.49381950121183600D-18  0.00000000000000000D+00  0.00000000000000000D+00
 5 10  0.00000000000000000D+00  0.00000000000000000D+00  0.00000000000000000D+00 -1.73851343600224200D-02  1.06449729996695900D-18
 6  1  0.00000000000000000D+00  0.00000000000000000D+00  0.00000000000000000D+00  6.97442732619908500D-18  1.13904803848677200D-01
 6  2  0.00000000000000000D+00 -4.92431070522939500D-18 -8.04227528276182800D-02  0.00000000000000000D+00  0.00000000000000000D+00
 6  3  0.00000000000000000D+00  0.00000000000000000D+00  0.00000000000000000D+00  1.92027619593929800D-18  3.13615259294632700D-02
 6  4  0.00000000000000000D+00  3.92703961054079000D-19  6.41355419769508400D-03  0.00000000000000000D+00  0.00000000000000000D+00
 6  5  0.00000000000000000D+00  0.00000000000000000D+00  0.00000000000000000D+00 -4.14921454291452800D-19 -6.77640538114723800D-03
 6  6  0.00000000000000000D+00  0.00000000000000000D+00  0.00000000000000000D+00  3.86181897729548400D-17  6.30703730262634300D-01
 6  7  0.00000000000000000D+00  2.78462189957197300D-17  4.54778287060213700D-01  0.00000000000000000D+00  0.00000000000000000D+00
 6  8  0.00000000000000000D+00  0.00000000000000000D+00  0.00000000000000000D+00 -1.37763660472418300D-19 -2.24992561964773600D-03
 6  9  0.00000000000000000D+00  5.49381950121184400D-18  8.97238444674719300D-02  0.00000000000000000D+00  0.00000000000000000D+00
 6 10  0.00000000000000000D+00  0.00000000000000000D+00  0.00000000000000000D+00 -1.06449729996699600D-18 -1.73851343600230200D-02
 7  1  1.35772113006454900D-02 -3.65075553750974100D-01 -4.13282638150994700D-02  0.00000000000000000D+00  0.00000000000000000D+00
 7  2  1.87089540289654500D-01  0.00000000000000000D+00  0.00000000000000000D+00  2.16839391369814500D-01  1.86327252400067900D-03
 7  3  1.86327252400072400D-03 -3.72654504800146500D-03  3.17778440823893900D-33  0.00000000000000000D+00  0.00000000000000000D+00
 7  4 -5.70826771227689800D-01  0.00000000000000000D+00  0.00000000000000000D+00  1.99658707207936400D-01  1.85809318258181900D-02
 7  5  1.85809318258171900D-02 -3.71618636516354400D-02 -7.06816289590115600D-32  0.00000000000000000D+00  0.00000000000000000D+00
 7  6  8.00364652269516600D-04  1.15789513029533700D-02  1.13269604367686700D-02  0.00000000000000000D+00  0.00000000000000000D+00
 7  7 -1.87527415824745100D-02  0.00000000000000000D+00  0.00000000000000000D+00 -1.46433596858263700D-02  2.63135241884025900D-04
 7  8  2.63135241883042200D-04 -5.26270483767336500D-04 -6.95501451166840500D-32  0.00000000000000000D+00  0.00000000000000000D+00
 7  9  8.39559998971126700D-02  0.00000000000000000D+00  0.00000000000000000D+00 -6.89206010465764800D-02 -2.36655560380895400D-03
 7 10 -2.36655560380796700D-03  4.73311120761691500D-03  6.97668122354276200D-32  0.00000000000000000D+00  0.00000000000000000D+00
 8  1  0.00000000000000000D+00  0.00000000000000000D+00  0.00000000000000000D+00  5.09482913473820500D-18  8.32076220874676800D-02
 8  2  0.00000000000000000D+00 -7.52449139325053200D-18 -1.22888328478196400D-01  0.00000000000000000D+00  0.00000000000000000D+00
 8  3  0.00000000000000000D+00  0.00000000000000000D+00  0.00000000000000000D+00  2.18040589205701400D-18  3.56099065671395500D-02
 8  4  0.00000000000000000D+00  6.32930753810589700D-17  1.03368850216237400D+00  0.00000000000000000D+00  0.00000000000000000D+00
 8  5  0.00000000000000000D+00  0.00000000000000000D+00  0.00000000000000000D+00 -5.02383292473055300D-18 -8.20481276950688300D-02
 8  6  0.00000000000000000D+00  0.00000000000000000D+00  0.00000000000000000D+00 -1.01827682871607900D-18 -1.66302718508314100D-02
 8  7  0.00000000000000000D+00 -9.23009437513382600D-19 -1.50743858976786000D-02  0.00000000000000000D+00  0.00000000000000000D+00
 8  8  0.00000000000000000D+00  0.00000000000000000D+00  0.00000000000000000D+00 -3.27536420357605400D-20 -5.34925234276732900D-04
 8  9  0.00000000000000000D+00 -3.64140562768968900D-20 -5.94706309717196700D-04  0.00000000000000000D+00  0.00000000000000000D+00
 8 10  0.00000000000000000D+00  0.00000000000000000D+00  0.00000000000000000D+00  1.59567419826284400D-19  2.60601979286200600D-03
 9  1  0.00000000000000000D+00  0.00000000000000000D+00  0.00000000000000000D+00  8.32076220874648800D-02 -5.09482913473803300D-18
 9  2  0.00000000000000000D+00 -1.22888328478174500D-01  7.52449139324919400D-18  0.00000000000000000D+00  0.00000000000000000D+00
 9  3  0.00000000000000000D+00  0.00000000000000000D+00  0.00000000000000000D+00  3.56099065671421400D-02 -2.18040589205717300D-18
 9  4  0.00000000000000000D+00  1.03368850216236300D+00 -6.32930753810582800D-17  0.00000000000000000D+00  0.00000000000000000D+00
 9  5  0.00000000000000000D+00  0.00000000000000000D+00  0.00000000000000000D+00 -8.20481276950747500D-02  5.02383292473091500D-18
 9  6  0.00000000000000000D+00  0.00000000000000000D+00  0.00000000000000000D+00 -1.66302718508320200D-02  1.01827682871611600D-18
 9  7  0.00000000000000000D+00 -1.50743858976796300D-02  9.23009437513445600D-19  0.00000000000000000D+00  0.00000000000000000D+00
 9  8  0.00000000000000000D+00  0.00000000000000000D+00  0.00000000000000000D+00 -5.34925234276798800D-04  3.27536420357645800D-20
 9  9  0.00000000000000000D+00 -5.94706309715128900D-04  3.64140562767702700D-20  0.00000000000000000D+00  0.00000000000000000D+00
 9 10  0.00000000000000000D+00  0.00000000000000000D+00  0.00000000000000000D+00  2.60601979286243700D-03 -1.59567419826310800D-19
10  1  2.95428456885917800D-02 -1.48590351262858400D-01 -5.41018562728620000D-01  0.00000000000000000D+00  0.00000000000000000D+00
10  2  4.25183699525430100D-02  0.00000000000000000D+00  0.00000000000000000D+00  4.09617957882721700D-01  2.16056892879527600D-02
10  3  2.16056892879525800D-02 -4.32113785759053700D-02 -1.32889166162719300D-32  0.00000000000000000D+00  0.00000000000000000D+00
10  4  3.60532095505426100D-01  0.00000000000000000D+00  0.00000000000000000D+00 -1.07490243830465000D+00 -1.75890631211972700D-02
10  5 -1.75890631211966700D-02  3.51781262423940700D-02  4.21778657820804700D-32  0.00000000000000000D+00  0.00000000000000000D+00
10  6  1.74403353048426500D-04  9.60544944767784100D-03  1.59276272147140400D-02  0.00000000000000000D+00  0.00000000000000000D+00
10  7 -9.04343488272469700D-03  0.00000000000000000D+00  0.00000000000000000D+00 -1.41095089073067200D-02  4.06682169860212700D-04
10  8  4.06682169861612500D-04 -8.13364339722098900D-04  9.89747435482752900D-32  0.00000000000000000D+00  0.00000000000000000D+00
10  9  8.74267511712453600D-02  0.00000000000000000D+00  0.00000000000000000D+00 -6.68026485471866200D-02 -2.66314848098331600D-03
10 10 -2.66314848098464600D-03  5.32629696196796100D-03 -9.40094554104019500D-32  0.00000000000000000D+00  0.00000000000000000D+00
11  1  4.80331625437522100D-02 -7.89612568527793800D-02 -1.42640123202479100D+00  0.00000000000000000D+00  0.00000000000000000D+00
11  2  4.71717676208186800D-02  0.00000000000000000D+00  0.00000000000000000D+00  4.25479830168397800D-02 -1.53431520753095800D-02
11  3 -1.53431520753085700D-02  3.06863041506180900D-02  7.16445939312051700D-32  0.00000000000000000D+00  0.00000000000000000D+00
11  4  1.52665155984520500D+00  0.00000000000000000D+00  0.00000000000000000D+00  2.98963678309490800D-01  8.02108529214339100D-02
11  5  8.02108529214316900D-02 -1.60421705842865200D-01 -1.57155883461998400D-31  0.00000000000000000D+00  0.00000000000000000D+00
11  6  3.88501343216410500D-03  5.67689576832292000D-03 -4.23360264816536900D-02  0.00000000000000000D+00  0.00000000000000000D+00
11  7 -1.69974586517843500D-02  0.00000000000000000D+00  0.00000000000000000D+00 -7.87268504779101300D-03  4.81946839506376000D-04
11  8  4.81946839509887500D-04 -9.63893679015800900D-04  2.48270425424743300D-31  0.00000000000000000D+00  0.00000000000000000D+00
11  9  3.21560648795382400D-01  0.00000000000000000D+00  0.00000000000000000D+00 -1.16879569014007200D-01 -2.92478219318358200D-03
11 10 -2.92478219318697900D-03  5.84956438637053400D-03 -2.40211612313698000D-31  0.00000000000000000D+00  0.00000000000000000D+00
12  1  0.00000000000000000D+00  0.00000000000000000D+00  0.00000000000000000D+00 -9.99806779791191000D-18 -1.63286230986877200D-01
12  2  0.00000000000000000D+00 -6.71605064648117500D-17 -1.09685053086949800D+00  0.00000000000000000D+00  0.00000000000000000D+00
12  3  0.00000000000000000D+00  0.00000000000000000D+00  0.00000000000000000D+00 -4.88138713073001300D-18 -7.97217345066630800D-02
12  4  0.00000000000000000D+00  3.86564410980836200D-17  6.31328442440705100D-01  0.00000000000000000D+00  0.00000000000000000D+00
12  5  0.00000000000000000D+00  0.00000000000000000D+00  0.00000000000000000D+00  1.25648268214578500D-17  2.05205971408512100D-01
12  6  0.00000000000000000D+00  0.00000000000000000D+00  0.00000000000000000D+00  3.55308282593634000D-18  5.80281625168130800D-02
12  7  0.00000000000000000D+00  1.92906297417200200D-18  3.15050296472951800D-02  0.00000000000000000D+00  0.00000000000000000D+00
12  8  0.00000000000000000D+00  0.00000000000000000D+00  0.00000000000000000D+00  9.31951982318142200D-20  1.52204335606985900D-03
12  9  0.00000000000000000D+00  8.32789955824159600D-18  1.36009412857407300D-01  0.00000000000000000D+00  0.00000000000000000D+00
12 10  0.00000000000000000D+00  0.00000000000000000D+00  0.00000000000000000D+00 -2.97913155749428100D-19 -4.86545173997421400D-03
13  1  0.00000000000000000D+00  0.00000000000000000D+00  0.00000000000000000D+00 -1.63286230986914100D-01  9.99806779791417000D-18
13  2  0.00000000000000000D+00 -1.09685053086948300D+00  6.71605064648108400D-17  0.00000000000000000D+00  0.00000000000000000D+00
13  3  0.00000000000000000D+00  0.00000000000000000D+00  0.00000000000000000D+00 -7.97217345066438500D-02  4.88138713072883600D-18
13  4  0.00000000000000000D+00  6.31328442440721900D-01 -3.86564410980846500D-17  0.00000000000000000D+00  0.00000000000000000D+00
13  5  0.00000000000000000D+00  0.00000000000000000D+00  0.00000000000000000D+00  2.05205971408469000D-01 -1.25648268214552100D-17
13  6  0.00000000000000000D+00  0.00000000000000000D+00  0.00000000000000000D+00  5.80281625168139800D-02 -3.55308282593639600D-18
13  7  0.00000000000000000D+00  3.15050296472895200D-02 -1.92906297417165500D-18  0.00000000000000000D+00  0.00000000000000000D+00
13  8  0.00000000000000000D+00  0.00000000000000000D+00  0.00000000000000000D+00  1.52204335606981800D-03 -9.31951982318116800D-20
13  9  0.00000000000000000D+00  1.36009412857440900D-01 -8.32789955824365400D-18  0.00000000000000000D+00  0.00000000000000000D+00
13 10  0.00000000000000000D+00  0.00000000000000000D+00  0.00000000000000000D+00 -4.86545173997428300D-03  2.97913155749432400D-19
14  1 -1.68610610289492100D-02  3.16814590214245900D-01  6.41969457456378200D-01  0.00000000000000000D+00  0.00000000000000000D+00
14  2 -1.98244414513710100D-01  0.00000000000000000D+00  0.00000000000000000D+00  1.41164050614568100D+00 -7.43578998303215200D-02
14  3 -7.43578998303215800D-02  1.48715799660643000D-01 -4.62223186652936600D-33  0.00000000000000000D+00  0.00000000000000000D+00
14  4 -2.65393480737386100D-01  0.00000000000000000D+00  0.00000000000000000D+00 -5.03461915641468500D-01  1.18202389478149300D-01
14  5  1.18202389478148500D-01 -2.36404778956298200D-01 -5.70075263538621800D-32  0.00000000000000000D+00  0.00000000000000000D+00
14  6 -9.20535501422174500D-03 -5.46665819533623600D-02 -5.82602630872773600D-03  0.00000000000000000D+00  0.00000000000000000D+00
14  7  1.42163929769600400D-02  0.00000000000000000D+00  0.00000000000000000D+00  4.58838251360655600D-02  5.66028307938105900D-04
14  8  5.66028307938022800D-04 -1.13205661587651300D-03 -5.86806779930485900D-33  0.00000000000000000D+00  0.00000000000000000D+00
14  9 -5.21636102066704600D-01  0.00000000000000000D+00  0.00000000000000000D+00 -5.95370699644734900D-02  3.21375009777171000D-04
14 10  3.21375009777037500D-04 -6.42750019554218900D-04 -9.44608452411177100D-33  0.00000000000000000D+00  0.00000000000000000D+00
15  1 -2.20241253908263500D-01 -1.65759773281728400D+00  2.37801379526889400D+00  0.00000000000000000D+00  0.00000000000000000D+00
15  2  1.54190092906701600D+00  0.00000000000000000D+00  0.00000000000000000D+00 -1.65905537765331300D+00 -1.99251414033619400D-01
15  3 -1.99251414033638800D-01  3.98502828067257900D-01 -1.37126212040371200D-30  0.00000000000000000D+00  0.00000000000000000D+00
15  4 -6.46400101618766700D-01  0.00000000000000000D+00  0.00000000000000000D+00  2.27553409395062300D-01  5.06528036387551200D-01
15  5  5.06528036387595000D-01 -1.01305607277514600D+00  3.09997683848569500D-30  0.00000000000000000D+00  0.00000000000000000D+00
15  6  3.52673455518238600D-03 -6.71069214961865100D-03 -5.39911769722044000D-02  0.00000000000000000D+00  0.00000000000000000D+00
15  7  2.53675707160584400D-02  0.00000000000000000D+00  0.00000000000000000D+00  6.31645084388044200D-02 -2.49227332943068500D-03
15  8 -2.49227332942932900D-03  4.98454665885979900D-03  9.58872371061795100D-32  0.00000000000000000D+00  0.00000000000000000D+00
15  9  1.18939534067065900D-03  0.00000000000000000D+00  0.00000000000000000D+00  3.95442443621037700D-01  1.48130806932623800D-02
15 10  1.48130806932604300D-02 -2.96261613865228000D-02 -1.37511398029248600D-31  0.00000000000000000D+00  0.00000000000000000D+00
16  1  0.00000000000000000D+00  0.00000000000000000D+00  0.00000000000000000D+00  1.21505265044113400D+00 -7.43980597979466100D-17
16  2  0.00000000000000000D+00 -1.70632360644838700D+00  1.04478736506690400D-16  0.00000000000000000D+00  0.00000000000000000D+00
16  3  0.00000000000000000D+00  0.00000000000000000D+00  0.00000000000000000D+00  3.82665777268868700D-01 -2.34307471116917600D-17
16  4  0.00000000000000000D+00  3.23553567798263900D-01 -1.98112877463826600D-17  0.00000000000000000D+00  0.00000000000000000D+00
16  5  0.00000000000000000D+00  0.00000000000000000D+00  0.00000000000000000D+00 -1.28497391965034700D+00  7.86793613249929800D-17
16  6  0.00000000000000000D+00  0.00000000000000000D+00  0.00000000000000000D+00 -1.61536823376415700D-02  9.89095101415208900D-19
16  7  0.00000000000000000D+00 -7.65063419185814700D-02  4.68450762106010800D-18  0.00000000000000000D+00  0.00000000000000000D+00
16  8  0.00000000000000000D+00  0.00000000000000000D+00  0.00000000000000000D+00 -4.50554059423920000D-03  2.75875681955498700D-19
16  9  0.00000000000000000D+00  6.04697116772069100D-01 -3.70257965668573900D-17  0.00000000000000000D+00  0.00000000000000000D+00
16 10  0.00000000000000000D+00  0.00000000000000000D+00  0.00000000000000000D+00  1.25458315775085800D-02 -7.68185253190121000D-19
17  1  0.00000000000000000D+00  0.00000000000000000D+00  0.00000000000000000D+00  7.43980597979371500D-17  1.21505265044097900D+00
17  2  0.00000000000000000D+00 -1.04478736506684400D-16 -1.70632360644828900D+00  0.00000000000000000D+00  0.00000000000000000D+00
17  3  0.00000000000000000D+00  0.00000000000000000D+00  0.00000000000000000D+00  2.34307471116959700D-17  3.82665777268937500D-01
17  4  0.00000000000000000D+00  1.98112877463822000D-17  3.23553567798256300D-01  0.00000000000000000D+00  0.00000000000000000D+00
17  5  0.00000000000000000D+00  0.00000000000000000D+00  0.00000000000000000D+00 -7.86793613250017700D-17 -1.28497391965049000D+00
17  6  0.00000000000000000D+00  0.00000000000000000D+00  0.00000000000000000D+00 -9.89095101414718600D-19 -1.61536823376335600D-02
17  7  0.00000000000000000D+00 -4.68450762106006300D-18 -7.65063419185807400D-02  0.00000000000000000D+00  0.00000000000000000D+00
17  8  0.00000000000000000D+00  0.00000000000000000D+00  0.00000000000000000D+00 -2.75875681955478700D-19 -4.50554059423887400D-03
17  9  0.00000000000000000D+00  3.70257965668617500D-17  6.04697116772140200D-01  0.00000000000000000D+00  0.00000000000000000D+00
17 10  0.00000000000000000D+00  0.00000000000000000D+00  0.00000000000000000D+00  7.68185253190112500D-19  1.25458315775084400D-02
18  1  0.00000000000000000D+00  0.00000000000000000D+00  0.00000000000000000D+00  0.00000000000000000D+00  0.00000000000000000D+00
18  2  0.00000000000000000D+00  0.00000000000000000D+00  0.00000000000000000D+00  0.00000000000000000D+00  7.84596676464630000D-17
18  3 -7.84596676464630000D-17  0.00000000000000000D+00  7.39808512259021900D-01  0.00000000000000000D+00  0.00000000000000000D+00
18  4  0.00000000000000000D+00  0.00000000000000000D+00  0.00000000000000000D+00  0.00000000000000000D+00 -1.73373041215412800D-16
18  5  1.73373041215412800D-16  0.00000000000000000D+00 -1.63476159834560200D+00  0.00000000000000000D+00  0.00000000000000000D+00
18  6  0.00000000000000000D+00  0.00000000000000000D+00  0.00000000000000000D+00  0.00000000000000000D+00  0.00000000000000000D+00
18  7  0.00000000000000000D+00  0.00000000000000000D+00  0.00000000000000000D+00  0.00000000000000000D+00 -3.49818844769078100D-19
18  8  3.49818844769078100D-19  0.00000000000000000D+00 -3.29849675472654300D-03  0.00000000000000000D+00  0.00000000000000000D+00
18  9  0.00000000000000000D+00  0.00000000000000000D+00  0.00000000000000000D+00  0.00000000000000000D+00  1.73519537665416500D-19
18 10 -1.73519537665416500D-19  0.00000000000000000D+00  1.63614293634994900D-03  0.00000000000000000D+00  0.00000000000000000D+00
19  1  0.00000000000000000D+00  0.00000000000000000D+00  0.00000000000000000D+00  0.00000000000000000D+00  0.00000000000000000D+00
19  2  0.00000000000000000D+00  0.00000000000000000D+00  0.00000000000000000D+00  0.00000000000000000D+00  6.40692965552183700D-01
19  3 -6.40692965552170100D-01  0.00000000000000000D+00 -9.05974204724125000D-17  0.00000000000000000D+00  0.00000000000000000D+00
19  4  0.00000000000000000D+00  0.00000000000000000D+00  0.00000000000000000D+00  0.00000000000000000D+00 -1.41574507329859100D+00
19  5  1.41574507329855300D+00  0.00000000000000000D+00  2.00193944031888500D-16  0.00000000000000000D+00  0.00000000000000000D+00
19  6  0.00000000000000000D+00  0.00000000000000000D+00  0.00000000000000000D+00  0.00000000000000000D+00  0.00000000000000000D+00
19  7  0.00000000000000000D+00  0.00000000000000000D+00  0.00000000000000000D+00  0.00000000000000000D+00 -2.85658198389802500D-03
19  8  2.85658198389827000D-03  0.00000000000000000D+00  4.03936008390687700D-19  0.00000000000000000D+00  0.00000000000000000D+00
19  9  0.00000000000000000D+00  0.00000000000000000D+00  0.00000000000000000D+00  0.00000000000000000D+00  1.41694134714965200D-03
19 10 -1.41694134715122400D-03  0.00000000000000000D+00 -2.00363103568491600D-19  0.00000000000000000D+00  0.00000000000000000D+00
20  1  2.11815394823142800D-01  1.60998554091545400D+00 -3.20866077380536700D+00  0.00000000000000000D+00  0.00000000000000000D+00
20  2 -1.29444952349142400D+00  0.00000000000000000D+00  0.00000000000000000D+00  1.08097450589403600D-01 -3.06725256959892200D-01
20  3 -3.06725256959909800D-01  6.13450513919801500D-01 -1.23875814022987000D-30  0.00000000000000000D+00  0.00000000000000000D+00
20  4  6.87683616070107500D-01  0.00000000000000000D+00  0.00000000000000000D+00  1.46639000840231500D-01  8.66702688766081500D-01
20  5  8.66702688766119800D-01 -1.73340537753220000D+00  2.71170936169722800D-30  0.00000000000000000D+00  0.00000000000000000D+00
20  6  1.98393633935818600D-02  4.43946516160136800D-02 -1.88091971515548500D-01  0.00000000000000000D+00  0.00000000000000000D+00
20  7  7.47167284310103200D-02  0.00000000000000000D+00  0.00000000000000000D+00  9.69459370661931600D-02  1.59598406811760800D-03
20  8  1.59598406811719200D-03 -3.19196813623377400D-03 -2.94426540248198700D-32  0.00000000000000000D+00  0.00000000000000000D+00
20  9  1.81824001346064600D+00  0.00000000000000000D+00  0.00000000000000000D+00 -3.62883980094741600D-02 -5.97538622172450300D-03
20 10 -5.97538622172386300D-03  1.19507724434483700D-02  4.52593536931000400D-32  0.00000000000000000D+00  0.00000000000000000D+00
21  1  0.00000000000000000D+00  0.00000000000000000D+00  0.00000000000000000D+00 -1.80249754416463500D+00  1.10367497266662100D-16
21  2  0.00000000000000000D+00  1.30106927010352500D+00 -7.96648847465909500D-17  0.00000000000000000D+00  0.00000000000000000D+00
21  3  0.00000000000000000D+00  0.00000000000000000D+00  0.00000000000000000D+00  9.58406157832002200D-01 -5.86835135211781100D-17
21  4  0.00000000000000000D+00 -1.20494865942643200D-01  7.37793892181681900D-18  0.00000000000000000D+00  0.00000000000000000D+00
21  5  0.00000000000000000D+00  0.00000000000000000D+00  0.00000000000000000D+00 -1.81905859198326000D+00  1.11381535485894400D-16
21  6  0.00000000000000000D+00  0.00000000000000000D+00  0.00000000000000000D+00  1.49023949921144800D-01 -9.12478379725708300D-18
21  7  0.00000000000000000D+00  1.21113578424079800D-01 -7.41582288361464700D-18  0.00000000000000000D+00  0.00000000000000000D+00
21  8  0.00000000000000000D+00  0.00000000000000000D+00  0.00000000000000000D+00 -7.46110174880787300D-04  4.56845630405268600D-20
21  9  0.00000000000000000D+00  4.73242517031827300D-01 -2.89767896628035200D-17  0.00000000000000000D+00  0.00000000000000000D+00
21 10  0.00000000000000000D+00  0.00000000000000000D+00  0.00000000000000000D+00  2.17850949586360400D-02 -1.33390828524847600D-18
22  1  0.00000000000000000D+00  0.00000000000000000D+00  0.00000000000000000D+00 -1.10367497266666200D-16 -1.80249754416470100D+00
22  2  0.00000000000000000D+00  7.96648847465968300D-17  1.30106927010362100D+00  0.00000000000000000D+00  0.00000000000000000D+00
22  3  0.00000000000000000D+00  0.00000000000000000D+00  0.00000000000000000D+00  5.86835135211779700D-17  9.58406157832000100D-01
22  4  0.00000000000000000D+00 -7.37793892181766500D-18 -1.20494865942657000D-01  0.00000000000000000D+00  0.00000000000000000D+00
22  5  0.00000000000000000D+00  0.00000000000000000D+00  0.00000000000000000D+00 -1.11381535485889500D-16 -1.81905859198318100D+00
22  6  0.00000000000000000D+00  0.00000000000000000D+00  0.00000000000000000D+00  9.12478379725716000D-18  1.49023949921146000D-01
22  7  0.00000000000000000D+00  7.41582288361495600D-18  1.21113578424084900D-01  0.00000000000000000D+00  0.00000000000000000D+00
22  8  0.00000000000000000D+00  0.00000000000000000D+00  0.00000000000000000D+00 -4.56845630405550600D-20 -7.46110174881247900D-04
22  9  0.00000000000000000D+00  2.89767896628000500D-17  4.73242517031770700D-01  0.00000000000000000D+00  0.00000000000000000D+00
22 10  0.00000000000000000D+00  0.00000000000000000D+00  0.00000000000000000D+00  1.33390828524859200D-18  2.17850949586379200D-02
23  1 -1.93360044511151700D-01 -1.38589064044270200D+00  1.65909272860886600D+00  0.00000000000000000D+00  0.00000000000000000D+00
23  2 -7.65542195385939000D-01  0.00000000000000000D+00  0.00000000000000000D+00  8.80765826006414400D-01 -6.95342205005145200D-01
23  3 -6.95342205005143500D-01  1.39068441001028800D+00  1.17096540618743900D-31  0.00000000000000000D+00  0.00000000000000000D+00
23  4 -2.31951606504753000D-01  0.00000000000000000D+00  0.00000000000000000D+00 -1.21335654146172300D-01  6.48234897968514400D-01
23  5  6.48234897968513100D-01 -1.29646979593702700D+00 -9.86076131526264800D-32  0.00000000000000000D+00  0.00000000000000000D+00
23  6 -1.05811146665926700D-02  1.01912629360407500D-01  3.78255432476311900D-01  0.00000000000000000D+00  0.00000000000000000D+00
23  7 -6.47046898256109100D-02  0.00000000000000000D+00  0.00000000000000000D+00  6.23098789313880500D-02  1.32883490760505000D-03
23  8  1.32883490760817100D-03 -2.65766981521390000D-03  2.20711571626777200D-31  0.00000000000000000D+00  0.00000000000000000D+00
23  9 -7.68225488686305400D-01  0.00000000000000000D+00  0.00000000000000000D+00 -1.57139176679330100D-01 -6.34939236916983100D-03
23 10 -6.34939236917312100D-03  1.26987847383429300D-02 -2.32652337281978100D-31  0.00000000000000000D+00  0.00000000000000000D+00
24  1  0.00000000000000000D+00  0.00000000000000000D+00  0.00000000000000000D+00  1.97502737211214300D+00 -1.20931553443082100D-16
24  2  0.00000000000000000D+00 -6.49730706345576400D-01  3.97832175632147000D-17  0.00000000000000000D+00  0.00000000000000000D+00
24  3  0.00000000000000000D+00  0.00000000000000000D+00  0.00000000000000000D+00  3.22409643636585500D-01 -1.97412449065485500D-17
24  4  0.00000000000000000D+00 -6.52861899191925900D-02  3.99749414959488400D-18  0.00000000000000000D+00  0.00000000000000000D+00
24  5  0.00000000000000000D+00  0.00000000000000000D+00  0.00000000000000000D+00  8.49507421820402000D-01 -5.20156093190265300D-17
24  6  0.00000000000000000D+00  0.00000000000000000D+00  0.00000000000000000D+00  1.07038090145501000D-01 -6.55397626465964300D-18
24  7  0.00000000000000000D+00  2.94927659322163500D-01 -1.80585142761941400D-17  0.00000000000000000D+00  0.00000000000000000D+00
24  8  0.00000000000000000D+00  0.00000000000000000D+00  0.00000000000000000D+00 -1.52187809753129900D-02  9.31850793989970000D-19
24  9  0.00000000000000000D+00 -2.31647754444318900D+00  1.41838655970599300D-16  0.00000000000000000D+00  0.00000000000000000D+00
24 10  0.00000000000000000D+00  0.00000000000000000D+00  0.00000000000000000D+00  3.25874590306333700D-02 -1.99534046919200100D-18
25  1  0.00000000000000000D+00  0.00000000000000000D+00  0.00000000000000000D+00  1.20931553443084200D-16  1.97502737211217700D+00
25  2  0.00000000000000000D+00 -3.97832175632159300D-17 -6.49730706345596400D-01  0.00000000000000000D+00  0.00000000000000000D+00
25  3  0.00000000000000000D+00  0.00000000000000000D+00  0.00000000000000000D+00  1.97412449065441400D-17  3.22409643636513500D-01
25  4  0.00000000000000000D+00 -3.99749414959510300D-18 -6.52861899191961600D-02  0.00000000000000000D+00  0.00000000000000000D+00
25  5  0.00000000000000000D+00  0.00000000000000000D+00  0.00000000000000000D+00  5.20156093190297300D-17  8.49507421820454200D-01
25  6  0.00000000000000000D+00  0.00000000000000000D+00  0.00000000000000000D+00  6.55397626465970700D-18  1.07038090145502000D-01
25  7  0.00000000000000000D+00  1.80585142761948300D-17  2.94927659322174700D-01  0.00000000000000000D+00  0.00000000000000000D+00
25  8  0.00000000000000000D+00  0.00000000000000000D+00  0.00000000000000000D+00 -9.31850793989928800D-19 -1.52187809753123100D-02
25  9  0.00000000000000000D+00 -1.41838655970600000D-16 -2.31647754444319900D+00  0.00000000000000000D+00  0.00000000000000000D+00
25 10  0.00000000000000000D+00  0.00000000000000000D+00  0.00000000000000000D+00  1.99534046919160000D-18  3.25874590306268200D-02
26  1  3.08814693221087400D-01  8.13127106894001400D-01 -1.60452675756555100D+00  0.00000000000000000D+00  0.00000000000000000D+00
26  2 -1.74153983327130100D+00  0.00000000000000000D+00  0.00000000000000000D+00  3.13913555900918000D-01 -2.63204118545368800D-01
26  3 -2.63204118545370200D-01  5.26408237090738700D-01 -1.01689101063646100D-31  0.00000000000000000D+00  0.00000000000000000D+00
26  4  1.46886741792606900D-01  0.00000000000000000D+00  0.00000000000000000D+00  7.63190963751856200D-02  7.62153491115615500D-01
26  5  7.62153491115617000D-01 -1.52430698223123100D+00  1.10933564796704800D-31  0.00000000000000000D+00  0.00000000000000000D+00
26  6  1.23230180732119000D-02  9.65729232389799700D-03 -1.97324832309027500D-01  0.00000000000000000D+00  0.00000000000000000D+00
26  7 -2.01258823885480300D-01  0.00000000000000000D+00  0.00000000000000000D+00 -4.95087773041092500D-01  1.84689502628529800D-03
26  8  1.84689502628543200D-03 -3.69379005257082800D-03  9.43705672749745600D-33  0.00000000000000000D+00  0.00000000000000000D+00
26  9  1.87093006094579400D+00  0.00000000000000000D+00  0.00000000000000000D+00  1.57046122708045500D+00 -2.39115906552081300D-02
26 10 -2.39115906552082500D-02  4.78231813104163900D-02 -8.47409175530383800D-33  0.00000000000000000D+00  0.00000000000000000D+00
27  1  0.00000000000000000D+00  0.00000000000000000D+00  0.00000000000000000D+00  0.00000000000000000D+00  0.00000000000000000D+00
27  2  0.00000000000000000D+00  0.00000000000000000D+00  0.00000000000000000D+00  0.00000000000000000D+00  2.55265690477556100D-16
27  3 -2.55265690477556100D-16  0.00000000000000000D+00  2.40694023270548600D+00  0.00000000000000000D+00  0.00000000000000000D+00
27  4  0.00000000000000000D+00  0.00000000000000000D+00  0.00000000000000000D+00  0.00000000000000000D+00 -2.02907161030760500D-16
27  5  2.02907161030760500D-16  0.00000000000000000D+00 -1.91324344636879000D+00  0.00000000000000000D+00  0.00000000000000000D+00
27  6  0.00000000000000000D+00  0.00000000000000000D+00  0.00000000000000000D+00  0.00000000000000000D+00  0.00000000000000000D+00
27  7  0.00000000000000000D+00  0.00000000000000000D+00  0.00000000000000000D+00  0.00000000000000000D+00  7.60591648514182400D-19
27  8 -7.60591648514182400D-19  0.00000000000000000D+00  7.17173794897257200D-03  0.00000000000000000D+00  0.00000000000000000D+00
27  9  0.00000000000000000D+00  0.00000000000000000D+00  0.00000000000000000D+00  0.00000000000000000D+00 -1.04831740889460500D-18
27 10  1.04831740889460500D-18  0.00000000000000000D+00 -9.88474927199761700D-03  0.00000000000000000D+00  0.00000000000000000D+00
28  1  0.00000000000000000D+00  0.00000000000000000D+00  0.00000000000000000D+00  0.00000000000000000D+00  0.00000000000000000D+00
28  2  0.00000000000000000D+00  0.00000000000000000D+00  0.00000000000000000D+00  0.00000000000000000D+00 -2.08447138691409400D+00
28  3  2.08447138691409500D+00  0.00000000000000000D+00  2.94755430224229000D-16  0.00000000000000000D+00  0.00000000000000000D+00
28  4  0.00000000000000000D+00  0.00000000000000000D+00  0.00000000000000000D+00  0.00000000000000000D+00  1.65691742817977300D+00
28  5 -1.65691742817977300D+00  0.00000000000000000D+00 -2.34297008083267800D-16  0.00000000000000000D+00  0.00000000000000000D+00
28  6  0.00000000000000000D+00  0.00000000000000000D+00  0.00000000000000000D+00  0.00000000000000000D+00  0.00000000000000000D+00
28  7  0.00000000000000000D+00  0.00000000000000000D+00  0.00000000000000000D+00  0.00000000000000000D+00 -6.21090725310078600D-03
28  8  6.21090725310090200D-03  0.00000000000000000D+00  8.78255586026890800D-19  0.00000000000000000D+00  0.00000000000000000D+00
28  9  0.00000000000000000D+00  0.00000000000000000D+00  0.00000000000000000D+00  0.00000000000000000D+00  8.56044397967221900D-03
28 10 -8.56044397967152500D-03  0.00000000000000000D+00 -1.21049267645456200D-18  0.00000000000000000D+00  0.00000000000000000D+00
29  1  0.00000000000000000D+00  0.00000000000000000D+00  0.00000000000000000D+00 -4.25106304399859100D-18 -6.94274209949948700D-02
29  2  0.00000000000000000D+00 -1.46015360740934400D-17 -2.38469056256608500D-01  0.00000000000000000D+00  0.00000000000000000D+00
29  3  0.00000000000000000D+00  0.00000000000000000D+00  0.00000000000000000D+00  1.56064011967149900D-16  2.54880291091134000D+00
29  4  0.00000000000000000D+00  3.97997812606801600D-18  6.50001220987506100D-02  0.00000000000000000D+00  0.00000000000000000D+00
29  5  0.00000000000000000D+00  0.00000000000000000D+00  0.00000000000000000D+00 -1.37336164246035800D-16 -2.24294384587123700D+00
29  6  0.00000000000000000D+00  0.00000000000000000D+00  0.00000000000000000D+00 -1.03174802037034300D-17 -1.68502803721365200D-01
29  7  0.00000000000000000D+00 -2.68496022952906500D-17 -4.38501763631793900D-01  0.00000000000000000D+00  0.00000000000000000D+00
29  8  0.00000000000000000D+00  0.00000000000000000D+00  0.00000000000000000D+00 -1.05531966568774900D-18 -1.72352472677243300D-02
29  9  0.00000000000000000D+00  4.34103553990546800D-17  7.08968318897863900D-01  0.00000000000000000D+00  0.00000000000000000D+00
29 10  0.00000000000000000D+00  0.00000000000000000D+00  0.00000000000000000D+00  3.83659168608857200D-18  6.26583664883556500D-02
30  1  0.00000000000000000D+00  0.00000000000000000D+00  0.00000000000000000D+00 -6.94274209950575000D-02  4.25106304400242600D-18
30  2  0.00000000000000000D+00 -2.38469056256584100D-01  1.46015360740919400D-17  0.00000000000000000D+00  0.00000000000000000D+00
30  3  0.00000000000000000D+00  0.00000000000000000D+00  0.00000000000000000D+00  2.54880291091132800D+00 -1.56064011967149200D-16
30  4  0.00000000000000000D+00  6.50001220987501800D-02 -3.97997812606798900D-18  0.00000000000000000D+00  0.00000000000000000D+00
30  5  0.00000000000000000D+00  0.00000000000000000D+00  0.00000000000000000D+00 -2.24294384587126800D+00  1.37336164246037700D-16
30  6  0.00000000000000000D+00  0.00000000000000000D+00  0.00000000000000000D+00 -1.68502803721369500D-01  1.03174802037037000D-17
30  7  0.00000000000000000D+00 -4.38501763631796500D-01  2.68496022952908100D-17  0.00000000000000000D+00  0.00000000000000000D+00
30  8  0.00000000000000000D+00  0.00000000000000000D+00  0.00000000000000000D+00 -1.72352472677239200D-02  1.05531966568772400D-18
30  9  0.00000000000000000D+00  7.08968318897931800D-01 -4.34103553990588300D-17  0.00000000000000000D+00  0.00000000000000000D+00
30 10  0.00000000000000000D+00  0.00000000000000000D+00  0.00000000000000000D+00  6.26583664883527700D-02 -3.83659168608839600D-18
31  1  1.29159965926471900D-02  4.20316437354841300D-01 -7.82303634269742700D-01  0.00000000000000000D+00  0.00000000000000000D+00
31  2  8.25102589318126900D-01  0.00000000000000000D+00  0.00000000000000000D+00 -9.43972497257610700D-01 -1.27499051090403200D+00
31  3 -1.27499051090403200D+00  2.54998102180806400D+00  3.69778549322349300D-32  0.00000000000000000D+00  0.00000000000000000D+00
31  4  1.14818251218904600D-01  0.00000000000000000D+00  0.00000000000000000D+00  1.34027241395950800D-01  9.49559496128271800D-01
31  5  9.49559496128272000D-01 -1.89911899225654300D+00  1.23259516440783100D-32  0.00000000000000000D+00  0.00000000000000000D+00
31  6  7.34969882407176000D-02 -1.73181943292479400D-02 -1.31870031652516000D+00  0.00000000000000000D+00  0.00000000000000000D+00
31  7  1.75364876478480800D-02  0.00000000000000000D+00  0.00000000000000000D+00  3.16417001733417200D-01  3.74415501992709700D-04
31  8  3.74415501992787000D-04 -7.48831003984479700D-04  5.46181695166067700D-33  0.00000000000000000D+00  0.00000000000000000D+00
31  9  1.20458915801029300D+00  0.00000000000000000D+00  0.00000000000000000D+00 -1.32710964007278100D-01  2.04165922421906800D-02
31 10  2.04165922421907800D-02 -4.08331844843814500D-02  6.93334779979404900D-33  0.00000000000000000D+00  0.00000000000000000D+00
32  1 -1.92001482191064600D+00 -8.40390742869273100D+00  5.11325634379811200D+00  0.00000000000000000D+00  0.00000000000000000D+00
32  2 -4.77372138275880100D+00  0.00000000000000000D+00  0.00000000000000000D+00  2.78128609177237500D+00  6.58351494969848000D-01
32  3  6.58351494969849100D-01 -1.31670298993969800D+00  8.01186856865090100D-32  0.00000000000000000D+00  0.00000000000000000D+00
32  4 -1.27220431085614900D-01  0.00000000000000000D+00  0.00000000000000000D+00 -3.43646764299716400D-02 -2.12009752980080400D-01
32  5 -2.12009752980079400D-01  4.24019505960157500D-01  6.77927340424307000D-32  0.00000000000000000D+00  0.00000000000000000D+00
32  6  1.40902350242947400D-02  3.51454998944295800D-02 -1.11132650524790300D-01  0.00000000000000000D+00  0.00000000000000000D+00
32  7 -2.91220567934326200D-01  0.00000000000000000D+00  0.00000000000000000D+00 -3.95076503732636300D-02 -1.25885306572922800D-02
32  8 -1.25885306572841800D-02  2.51770613145703500D-02  5.72964158455202700D-31  0.00000000000000000D+00  0.00000000000000000D+00
32  9  4.53242944800502300D+00  0.00000000000000000D+00  0.00000000000000000D+00 -1.93544916254706700D+00  3.03578653425284800D-01
32 10  3.03578653425272700D-01 -6.07157306850557600D-01 -8.50490663441403400D-31  0.00000000000000000D+00  0.00000000000000000D+00
33  1  0.00000000000000000D+00  0.00000000000000000D+00  0.00000000000000000D+00  0.00000000000000000D+00  0.00000000000000000D+00
33  2  0.00000000000000000D+00  0.00000000000000000D+00  0.00000000000000000D+00  0.00000000000000000D+00  3.08905107094648100D-17
33  3 -3.08905107094648100D-17  0.00000000000000000D+00  2.91271470507188300D-01  0.00000000000000000D+00  0.00000000000000000D+00
33  4  0.00000000000000000D+00  0.00000000000000000D+00  0.00000000000000000D+00  0.00000000000000000D+00 -1.33105590919586600D-17
33  5  1.33105590919586600D-17  0.00000000000000000D+00 -1.25507349375085600D-01  0.00000000000000000D+00  0.00000000000000000D+00
33  6  0.00000000000000000D+00  0.00000000000000000D+00  0.00000000000000000D+00  0.00000000000000000D+00  0.00000000000000000D+00
33  7  0.00000000000000000D+00  0.00000000000000000D+00  0.00000000000000000D+00  0.00000000000000000D+00  3.42397850732846100D-18
33  8 -3.42397850732846100D-18  0.00000000000000000D+00  3.22852303801178300D-02  0.00000000000000000D+00  0.00000000000000000D+00
33  9  0.00000000000000000D+00  0.00000000000000000D+00  0.00000000000000000D+00  0.00000000000000000D+00 -1.09651009688004000D-16
33 10  1.09651009688004000D-16  0.00000000000000000D+00 -1.03391656858030000D+00  0.00000000000000000D+00  0.00000000000000000D+00
34  1  0.00000000000000000D+00  0.00000000000000000D+00  0.00000000000000000D+00  0.00000000000000000D+00  0.00000000000000000D+00
34  2  0.00000000000000000D+00  0.00000000000000000D+00  0.00000000000000000D+00  0.00000000000000000D+00 -2.52248492856730100D-01
34  3  2.52248492856728800D-01  0.00000000000000000D+00  3.56692893470083600D-17  0.00000000000000000D+00  0.00000000000000000D+00
34  4  0.00000000000000000D+00  0.00000000000000000D+00  0.00000000000000000D+00  0.00000000000000000D+00  1.08692552920403300D-01
34  5 -1.08692552920403400D-01  0.00000000000000000D+00 -1.53697097496035900D-17  0.00000000000000000D+00  0.00000000000000000D+00
34  6  0.00000000000000000D+00  0.00000000000000000D+00  0.00000000000000000D+00  0.00000000000000000D+00  0.00000000000000000D+00
34  7  0.00000000000000000D+00  0.00000000000000000D+00  0.00000000000000000D+00  0.00000000000000000D+00 -2.79598296759496500D-02
34  8  2.79598296759548400D-02  0.00000000000000000D+00  3.95366982577396800D-18  0.00000000000000000D+00  0.00000000000000000D+00
34  9  0.00000000000000000D+00  0.00000000000000000D+00  0.00000000000000000D+00  0.00000000000000000D+00  8.95398013784143400D-01
34 10 -8.95398013784151400D-01  0.00000000000000000D+00 -1.26614079920562300D-16  0.00000000000000000D+00  0.00000000000000000D+00
35  1  0.00000000000000000D+00  0.00000000000000000D+00  0.00000000000000000D+00 -9.08754780994096000D-01  5.56433439435916500D-17
35  2  0.00000000000000000D+00  5.25414839306078700D-01 -3.21713175303393700D-17  0.00000000000000000D+00  0.00000000000000000D+00
35  3  0.00000000000000000D+00  0.00000000000000000D+00  0.00000000000000000D+00 -6.33938839370551800D-01  3.88162765313980600D-17
35  4  0.00000000000000000D+00 -2.35469787822439900D-02  1.44178899150283500D-18  0.00000000000000000D+00  0.00000000000000000D+00
35  5  0.00000000000000000D+00  0.00000000000000000D+00  0.00000000000000000D+00  2.04496929612406500D-01 -1.25214119670260200D-17
35  6  0.00000000000000000D+00  0.00000000000000000D+00  0.00000000000000000D+00  6.05638361147033100D-02 -3.70834292589614100D-18
35  7  0.00000000000000000D+00 -3.38408450120817100D-02  2.07208569102567800D-18  0.00000000000000000D+00  0.00000000000000000D+00
35  8  0.00000000000000000D+00  0.00000000000000000D+00  0.00000000000000000D+00  2.66295891416029400D-02 -1.63053820312431700D-18
35  9  0.00000000000000000D+00  5.20375013869400700D-01 -3.18627274177437900D-17  0.00000000000000000D+00  0.00000000000000000D+00
35 10  0.00000000000000000D+00  0.00000000000000000D+00  0.00000000000000000D+00 -1.11263975921043900D+00  6.81272859322251600D-17
36  1  0.00000000000000000D+00  0.00000000000000000D+00  0.00000000000000000D+00 -5.56433439435923100D-17 -9.08754780994106900D-01
36  2  0.00000000000000000D+00  3.21713175303397600D-17  5.25414839306085100D-01  0.00000000000000000D+00  0.00000000000000000D+00
36  3  0.00000000000000000D+00  0.00000000000000000D+00  0.00000000000000000D+00 -3.88162765313982700D-17 -6.33938839370555300D-01
36  4  0.00000000000000000D+00 -1.44178899150289700D-18 -2.35469787822450000D-02  0.00000000000000000D+00  0.00000000000000000D+00
36  5  0.00000000000000000D+00  0.00000000000000000D+00  0.00000000000000000D+00  1.25214119670261000D-17  2.04496929612407800D-01
36  6  0.00000000000000000D+00  0.00000000000000000D+00  0.00000000000000000D+00  3.70834292589591800D-18  6.05638361146996600D-02
36  7  0.00000000000000000D+00 -2.07208569102545000D-18 -3.38408450120779800D-02  0.00000000000000000D+00  0.00000000000000000D+00
36  8  0.00000000000000000D+00  0.00000000000000000D+00  0.00000000000000000D+00  1.63053820312415900D-18  2.66295891416003600D-02
36  9  0.00000000000000000D+00  3.18627274177441200D-17  5.20375013869406100D-01  0.00000000000000000D+00  0.00000000000000000D+00
36 10  0.00000000000000000D+00  0.00000000000000000D+00  0.00000000000000000D+00 -6.81272859322251500D-17 -1.11263975921043900D+00
37  1  2.13198847071512100D+00  8.42949100328236500D+00 -5.32699648534161400D+00  0.00000000000000000D+00  0.00000000000000000D+00
37  2  4.36209201185621600D+00  0.00000000000000000D+00  0.00000000000000000D+00 -2.69000999230979000D+00 -4.16795519318269500D-01
37  3 -4.16795519318268300D-01  8.33591038636538200D-01  8.62816615085481700D-32  0.00000000000000000D+00  0.00000000000000000D+00
37  4  1.52561934034508900D-01  0.00000000000000000D+00  0.00000000000000000D+00  6.06858238128585400D-02  1.20951333586239800D-01
37  5  1.20951333586240300D-01 -2.41902667172478100D-01  4.00593428432545100D-32  0.00000000000000000D+00  0.00000000000000000D+00
37  6  4.65250613466678700D-02  1.32644888081368200D-01  7.43363496291338800D-02  0.00000000000000000D+00  0.00000000000000000D+00
37  7  4.57718242113401900D-01  0.00000000000000000D+00  0.00000000000000000D+00 -3.77658878097180100D-01 -6.16442081337799900D-03
37  8 -6.16442081337317100D-03  1.23288416267570600D-02  3.41274786145418200D-31  0.00000000000000000D+00  0.00000000000000000D+00
37  9 -4.20834952845607400D+00  0.00000000000000000D+00  0.00000000000000000D+00  2.25919045121715100D+00  4.12122667581918600D-01
37 10  4.12122667581912300D-01 -8.24245335163831000D-01 -4.49897235008858300D-31  0.00000000000000000D+00  0.00000000000000000D+00
38  1  0.00000000000000000D+00  0.00000000000000000D+00  0.00000000000000000D+00  7.47107649195837700D-03 -4.57456387097261200D-19
38  2  0.00000000000000000D+00  2.69599225899900800D-01 -1.65076462511306400D-17  0.00000000000000000D+00  0.00000000000000000D+00
38  3  0.00000000000000000D+00  0.00000000000000000D+00  0.00000000000000000D+00 -7.80920221105628400D-01  4.78159932297164200D-17
38  4  0.00000000000000000D+00 -6.64447611407788700D-02  4.06843383356039900D-18  0.00000000000000000D+00  0.00000000000000000D+00
38  5  0.00000000000000000D+00  0.00000000000000000D+00  0.00000000000000000D+00  7.77994952744511600D-01 -4.76368781186334500D-17
38  6  0.00000000000000000D+00  0.00000000000000000D+00  0.00000000000000000D+00 -9.72723660934027200D-01  5.95601787846586700D-17
38  7  0.00000000000000000D+00  1.44761122891383900D+00 -8.86376954396253300D-17  0.00000000000000000D+00  0.00000000000000000D+00
38  8  0.00000000000000000D+00  0.00000000000000000D+00  0.00000000000000000D+00  4.86906809547579800D-03 -2.98134586345674200D-19
38  9  0.00000000000000000D+00 -7.90214964054915200D-01  4.83851132933585300D-17  0.00000000000000000D+00  0.00000000000000000D+00
38 10  0.00000000000000000D+00  0.00000000000000000D+00  0.00000000000000000D+00 -1.30436751411070700D-01  7.98668372749735500D-18
39  1  0.00000000000000000D+00  0.00000000000000000D+00  0.00000000000000000D+00  4.57456387097080500D-19  7.47107649195542400D-03
39  2  0.00000000000000000D+00  1.65076462511308100D-17  2.69599225899903500D-01  0.00000000000000000D+00  0.00000000000000000D+00
39  3  0.00000000000000000D+00  0.00000000000000000D+00  0.00000000000000000D+00 -4.78159932297162700D-17 -7.80920221105626100D-01
39  4  0.00000000000000000D+00 -4.06843383356047500D-18 -6.64447611407801000D-02  0.00000000000000000D+00  0.00000000000000000D+00
39  5  0.00000000000000000D+00  0.00000000000000000D+00  0.00000000000000000D+00  4.76368781186332400D-17  7.77994952744508100D-01
39  6  0.00000000000000000D+00  0.00000000000000000D+00  0.00000000000000000D+00 -5.95601787846588400D-17 -9.72723660934030100D-01
39  7  0.00000000000000000D+00  8.86376954396251700D-17  1.44761122891383600D+00  0.00000000000000000D+00  0.00000000000000000D+00
39  8  0.00000000000000000D+00  0.00000000000000000D+00  0.00000000000000000D+00  2.98134586345637100D-19  4.86906809547519200D-03
39  9  0.00000000000000000D+00 -4.83851132933582400D-17 -7.90214964054910400D-01  0.00000000000000000D+00  0.00000000000000000D+00
39 10  0.00000000000000000D+00  0.00000000000000000D+00  0.00000000000000000D+00 -7.98668372749710200D-18 -1.30436751411066600D-01
40  1  2.51074595656347300D+00  1.00739758560066300D+01 -5.92743687696497800D+00  0.00000000000000000D+00  0.00000000000000000D+00
40  2  6.58112214400096500D+00  0.00000000000000000D+00  0.00000000000000000D+00 -3.70557416525788900D+00 -6.01732946106844400D-01
40  3 -6.01732946106844100D-01  1.20346589221368900D+00  1.84889274661174600D-32  0.00000000000000000D+00  0.00000000000000000D+00
40  4  1.58295788784811900D-01  0.00000000000000000D+00  0.00000000000000000D+00  6.01483735100396400D-02 -6.97227803252353900D-02
40  5 -6.97227803252351100D-02  1.39445560650473400D-01  1.92592994438723600D-32  0.00000000000000000D+00  0.00000000000000000D+00
40  6  6.22192255067926500D-02  1.49236640626206800D-01 -5.28313532363686000D-02  0.00000000000000000D+00  0.00000000000000000D+00
40  7 -8.36603547440940000D-01  0.00000000000000000D+00  0.00000000000000000D+00  1.63980052279956500D+00 -2.49546121481652500D-03
40  8 -2.49546121481504200D-03  4.99092242964007100D-03  1.04866885471885000D-31  0.00000000000000000D+00  0.00000000000000000D+00
40  9 -5.95814062772038800D+00  0.00000000000000000D+00  0.00000000000000000D+00  1.57696446659439700D+00  1.69389625678785700D-01
40 10  1.69389625678783500D-01 -3.38779251357569100D-01 -1.50992907639959300D-31  0.00000000000000000D+00  0.00000000000000000D+00
41  1  3.84427305674672400D-01  1.31263367310340300D+00 -3.60133610347656900D-01  0.00000000000000000D+00  0.00000000000000000D+00
41  2  4.49224803081683000D-01  0.00000000000000000D+00  0.00000000000000000D+00  8.20022815221009400D-02  2.94324734592291700D-01
41  3  2.94324734592292400D-01 -5.88649469184584800D-01  4.31408307542740800D-32  0.00000000000000000D+00  0.00000000000000000D+00
41  4 -6.82848797505462400D-02  0.00000000000000000D+00  0.00000000000000000D+00 -8.61126610335955900D-02 -2.69278857246615600D-01
41  5 -2.69278857246616300D-01  5.38557714493232500D-01 -5.23852944873328200D-32  0.00000000000000000D+00  0.00000000000000000D+00
41  6 -8.16212982161469300D-01 -1.86440327122025000D+00  2.79856949036822300D+00  0.00000000000000000D+00  0.00000000000000000D+00
41  7 -1.43437287541908800D-02  0.00000000000000000D+00  0.00000000000000000D+00 -2.60061772296981300D-02  1.00103232238131600D-02
41  8  1.00103232238120000D-02 -2.00206464476244000D-02 -8.24298016197736900D-32  0.00000000000000000D+00  0.00000000000000000D+00
41  9 -2.13304739029643800D+00  0.00000000000000000D+00  0.00000000000000000D+00  3.86103849562142400D-01  5.86609770952726300D-02
41 10  5.86609770952737400D-02 -1.17321954190546400D-01  7.85779417309992200D-32  0.00000000000000000D+00  0.00000000000000000D+00
42  1  0.00000000000000000D+00  0.00000000000000000D+00  0.00000000000000000D+00  0.00000000000000000D+00  0.00000000000000000D+00
42  2  0.00000000000000000D+00  0.00000000000000000D+00  0.00000000000000000D+00  0.00000000000000000D+00 -1.01887523541338900D-17
42  3  1.01887523541338900D-17  0.00000000000000000D+00 -9.60713440038030300D-02  0.00000000000000000D+00  0.00000000000000000D+00
42  4  0.00000000000000000D+00  0.00000000000000000D+00  0.00000000000000000D+00  0.00000000000000000D+00  3.55876985394584400D-18
42  5 -3.55876985394584400D-18  0.00000000000000000D+00  3.35561991287458600D-02  0.00000000000000000D+00  0.00000000000000000D+00
42  6  0.00000000000000000D+00  0.00000000000000000D+00  0.00000000000000000D+00  0.00000000000000000D+00  0.00000000000000000D+00
42  7  0.00000000000000000D+00  0.00000000000000000D+00  0.00000000000000000D+00  0.00000000000000000D+00 -1.24405856845608500D-16
42  8  1.24405856845608500D-16  0.00000000000000000D+00 -1.17304233665597900D+00  0.00000000000000000D+00  0.00000000000000000D+00
42  9  0.00000000000000000D+00  0.00000000000000000D+00  0.00000000000000000D+00  0.00000000000000000D+00  6.31319147346692300D-17
42 10 -6.31319147346692300D-17  0.00000000000000000D+00  5.95280725969587600D-01  0.00000000000000000D+00  0.00000000000000000D+00
43  1  0.00000000000000000D+00  0.00000000000000000D+00  0.00000000000000000D+00  0.00000000000000000D+00  0.00000000000000000D+00
43  2  0.00000000000000000D+00  0.00000000000000000D+00  0.00000000000000000D+00  0.00000000000000000D+00 -8.32002244830772600D-02
43  3  8.32002244830771900D-02  0.00000000000000000D+00  1.17649578287411300D-17  0.00000000000000000D+00  0.00000000000000000D+00
43  4  0.00000000000000000D+00  0.00000000000000000D+00  0.00000000000000000D+00  0.00000000000000000D+00  2.90605208999715600D-02
43  5 -2.90605208999722700D-02  0.00000000000000000D+00 -4.10931346632316900D-18  0.00000000000000000D+00  0.00000000000000000D+00
43  6  0.00000000000000000D+00  0.00000000000000000D+00  0.00000000000000000D+00  0.00000000000000000D+00  0.00000000000000000D+00
43  7  0.00000000000000000D+00  0.00000000000000000D+00  0.00000000000000000D+00  0.00000000000000000D+00 -1.01588446325885900D+00
43  8  1.01588446325887100D+00  0.00000000000000000D+00  1.43651509877174100D-16  0.00000000000000000D+00  0.00000000000000000D+00
43  9  0.00000000000000000D+00  0.00000000000000000D+00  0.00000000000000000D+00  0.00000000000000000D+00  5.15528231073195500D-01
43 10 -5.15528231073206000D-01  0.00000000000000000D+00 -7.28984559330770200D-17  0.00000000000000000D+00  0.00000000000000000D+00
44  1  4.45444944859230300D-01  1.48744891631643300D+00 -9.13926147725944900D-01  0.00000000000000000D+00  0.00000000000000000D+00
44  2  7.85852929757709500D-01  0.00000000000000000D+00  0.00000000000000000D+00 -4.68229609004225900D-01 -7.93896965692094000D-03
44  3 -7.93896965691942700D-03  1.58779393138405200D-02  1.06889111913491600D-31  0.00000000000000000D+00  0.00000000000000000D+00
44  4  2.39223176589683900D-02  0.00000000000000000D+00  0.00000000000000000D+00  1.05579237892552800D-02 -3.54729712331194500D-02
44  5 -3.54729712331178300D-02  7.09459424662373500D-02  1.14400238696601800D-31  0.00000000000000000D+00  0.00000000000000000D+00
44  6 -3.22104881212022000D-02 -6.73404954156541100D-02  1.71859982817099500D-01  0.00000000000000000D+00  0.00000000000000000D+00
44  7 -6.41880352210967100D-03  0.00000000000000000D+00  0.00000000000000000D+00  4.53322475669290800D-02 -5.89962947514338600D-01
44  8 -5.89962947514317200D-01  1.17992589502865700D+00  1.51609205222163200D-30  0.00000000000000000D+00  0.00000000000000000D+00
44  9 -8.47124512555673700D-01  0.00000000000000000D+00  0.00000000000000000D+00  3.66452423615065700D-01  3.20692766398557300D-01
44 10  3.20692766398538900D-01 -6.41385532797096000D-01 -1.29730641053924200D-30  0.00000000000000000D+00  0.00000000000000000D+00
45  1  0.00000000000000000D+00  0.00000000000000000D+00  0.00000000000000000D+00 -3.79129774837987000D-01  2.32142365594923100D-17
45  2  0.00000000000000000D+00  2.28470305940985700D-01 -1.39893094157536800D-17  0.00000000000000000D+00  0.00000000000000000D+00
45  3  0.00000000000000000D+00  0.00000000000000000D+00  0.00000000000000000D+00 -2.78353848651523500D-01  1.70436945834784000D-17
45  4  0.00000000000000000D+00 -1.20338738438615700D-02  7.36837918514489800D-19  0.00000000000000000D+00  0.00000000000000000D+00
45  5  0.00000000000000000D+00  0.00000000000000000D+00  0.00000000000000000D+00  1.04712625226663300D-01 -6.41158730889966000D-18
45  6  0.00000000000000000D+00  0.00000000000000000D+00  0.00000000000000000D+00 -1.14621147795425200D-02  7.01828929363457200D-19
45  7  0.00000000000000000D+00  4.91111519287628700D-02 -3.00709143477495500D-18  0.00000000000000000D+00  0.00000000000000000D+00
45  8  0.00000000000000000D+00  0.00000000000000000D+00  0.00000000000000000D+00  1.18961910422025400D+00 -7.28407556828303600D-17
45  9  0.00000000000000000D+00  1.86594499482933700D-01 -1.14252404827553500D-17  0.00000000000000000D+00  0.00000000000000000D+00
45 10  0.00000000000000000D+00  0.00000000000000000D+00  0.00000000000000000D+00 -6.79260910691931200D-01  4.15913613568256600D-17
46  1  0.00000000000000000D+00  0.00000000000000000D+00  0.00000000000000000D+00 -2.32142365594924900D-17 -3.79129774837989900D-01
46  2  0.00000000000000000D+00  1.39893094157537800D-17  2.28470305940987400D-01  0.00000000000000000D+00  0.00000000000000000D+00
46  3  0.00000000000000000D+00  0.00000000000000000D+00  0.00000000000000000D+00 -1.70436945834785900D-17 -2.78353848651526600D-01
46  4  0.00000000000000000D+00 -7.36837918514510600D-19 -1.20338738438619100D-02  0.00000000000000000D+00  0.00000000000000000D+00
46  5  0.00000000000000000D+00  0.00000000000000000D+00  0.00000000000000000D+00  6.41158730889974300D-18  1.04712625226664600D-01
46  6  0.00000000000000000D+00  0.00000000000000000D+00  0.00000000000000000D+00 -7.01828929363462300D-19 -1.14621147795426000D-02
46  7  0.00000000000000000D+00  3.00709143477505400D-18  4.91111519287644800D-02  0.00000000000000000D+00  0.00000000000000000D+00
46  8  0.00000000000000000D+00  0.00000000000000000D+00  0.00000000000000000D+00  7.28407556828304200D-17  1.18961910422025400D+00
46  9  0.00000000000000000D+00  1.14252404827553800D-17  1.86594499482934200D-01  0.00000000000000000D+00  0.00000000000000000D+00
46 10  0.00000000000000000D+00  0.00000000000000000D+00  0.00000000000000000D+00 -4.15913613568258900D-17 -6.79260910691934900D-01
47  1  0.00000000000000000D+00  0.00000000000000000D+00  0.00000000000000000D+00  0.00000000000000000D+00  0.00000000000000000D+00
47  2  0.00000000000000000D+00  0.00000000000000000D+00  0.00000000000000000D+00  0.00000000000000000D+00  0.00000000000000000D+00
47  3  0.00000000000000000D+00  0.00000000000000000D+00  0.00000000000000000D+00  0.00000000000000000D+00  0.00000000000000000D+00
47  4  0.00000000000000000D+00  0.00000000000000000D+00  0.00000000000000000D+00  0.00000000000000000D+00 -4.47213595499956700D-01
47  5 -4.47213595499956700D-01 -4.47213595499956400D-01  0.00000000000000000D+00  0.00000000000000000D+00  0.00000000000000000D+00
47  6  0.00000000000000000D+00  0.00000000000000000D+00  0.00000000000000000D+00  0.00000000000000000D+00  0.00000000000000000D+00
47  7  0.00000000000000000D+00  0.00000000000000000D+00  0.00000000000000000D+00  0.00000000000000000D+00  0.00000000000000000D+00
47  8  0.00000000000000000D+00  0.00000000000000000D+00  0.00000000000000000D+00  0.00000000000000000D+00  0.00000000000000000D+00
47  9  0.00000000000000000D+00  0.00000000000000000D+00  0.00000000000000000D+00  0.00000000000000000D+00  0.00000000000000000D+00
47 10  0.00000000000000000D+00  0.00000000000000000D+00  0.00000000000000000D+00  0.00000000000000000D+00  0.00000000000000000D+00
48  1  0.00000000000000000D+00  0.00000000000000000D+00  0.00000000000000000D+00  0.00000000000000000D+00  0.00000000000000000D+00
48  2  0.00000000000000000D+00  0.00000000000000000D+00  0.00000000000000000D+00  0.00000000000000000D+00 -4.47213595499956400D-01
48  3 -4.47213595499956700D-01 -4.47213595499956400D-01  0.00000000000000000D+00  0.00000000000000000D+00  0.00000000000000000D+00
48  4  0.00000000000000000D+00  0.00000000000000000D+00  0.00000000000000000D+00  0.00000000000000000D+00  0.00000000000000000D+00
48  5  0.00000000000000000D+00  0.00000000000000000D+00  0.00000000000000000D+00  0.00000000000000000D+00  0.00000000000000000D+00
48  6  0.00000000000000000D+00  0.00000000000000000D+00  0.00000000000000000D+00  0.00000000000000000D+00  0.00000000000000000D+00
48  7  0.00000000000000000D+00  0.00000000000000000D+00  0.00000000000000000D+00  0.00000000000000000D+00  0.00000000000000000D+00
48  8  0.00000000000000000D+00  0.00000000000000000D+00  0.00000000000000000D+00  0.00000000000000000D+00  0.00000000000000000D+00
48  9  0.00000000000000000D+00  0.00000000000000000D+00  0.00000000000000000D+00  0.00000000000000000D+00  0.00000000000000000D+00
48 10  0.00000000000000000D+00  0.00000000000000000D+00  0.00000000000000000D+00  0.00000000000000000D+00  0.00000000000000000D+00
49  1  0.00000000000000000D+00  0.00000000000000000D+00  0.00000000000000000D+00  0.00000000000000000D+00  0.00000000000000000D+00
49  2  0.00000000000000000D+00  0.00000000000000000D+00  0.00000000000000000D+00  0.00000000000000000D+00  0.00000000000000000D+00
49  3  0.00000000000000000D+00  0.00000000000000000D+00  0.00000000000000000D+00  0.00000000000000000D+00  0.00000000000000000D+00
49  4  0.00000000000000000D+00  0.00000000000000000D+00  0.00000000000000000D+00  0.00000000000000000D+00  0.00000000000000000D+00
49  5  0.00000000000000000D+00  0.00000000000000000D+00  0.00000000000000000D+00  0.00000000000000000D+00  0.00000000000000000D+00
49  6  0.00000000000000000D+00  0.00000000000000000D+00  0.00000000000000000D+00  0.00000000000000000D+00  0.00000000000000000D+00
49  7  0.00000000000000000D+00  0.00000000000000000D+00  0.00000000000000000D+00  0.00000000000000000D+00  0.00000000000000000D+00
49  8  0.00000000000000000D+00  0.00000000000000000D+00  0.00000000000000000D+00  0.00000000000000000D+00  0.00000000000000000D+00
49  9  0.00000000000000000D+00  0.00000000000000000D+00  0.00000000000000000D+00  0.00000000000000000D+00  4.47213595499957000D-01
49 10  4.47213595499957000D-01  4.47213595499957000D-01  0.00000000000000000D+00  0.00000000000000000D+00  0.00000000000000000D+00
50  1  0.00000000000000000D+00  0.00000000000000000D+00  0.00000000000000000D+00  0.00000000000000000D+00  0.00000000000000000D+00
50  2  0.00000000000000000D+00  0.00000000000000000D+00  0.00000000000000000D+00  0.00000000000000000D+00  0.00000000000000000D+00
50  3  0.00000000000000000D+00  0.00000000000000000D+00  0.00000000000000000D+00  0.00000000000000000D+00  0.00000000000000000D+00
50  4  0.00000000000000000D+00  0.00000000000000000D+00  0.00000000000000000D+00  0.00000000000000000D+00  0.00000000000000000D+00
50  5  0.00000000000000000D+00  0.00000000000000000D+00  0.00000000000000000D+00  0.00000000000000000D+00  0.00000000000000000D+00
50  6  0.00000000000000000D+00  0.00000000000000000D+00  0.00000000000000000D+00  0.00000000000000000D+00  0.00000000000000000D+00
50  7  0.00000000000000000D+00  0.00000000000000000D+00  0.00000000000000000D+00  0.00000000000000000D+00 -4.47213595499956900D-01
50  8 -4.47213595499956900D-01 -4.47213595499956600D-01  0.00000000000000000D+00  0.00000000000000000D+00  0.00000000000000000D+00
50  9  0.00000000000000000D+00  0.00000000000000000D+00  0.00000000000000000D+00  0.00000000000000000D+00  0.00000000000000000D+00
50 10  0.00000000000000000D+00  0.00000000000000000D+00  0.00000000000000000D+00  0.00000000000000000D+00  0.00000000000000000D+00
 $END
 POPULATION ANALYSIS
LI           2.24622   0.75378   2.28603   0.71397
F            9.75378  -0.75378   9.71397  -0.71397
 MOMENTS AT POINT    1 X,Y,Z=  0.000000  0.000000  2.346124
 DIPOLE       0.000000  0.000000 -7.135667
- - - NO-S OF CI STATE  1 E=     -106.9810322726 CREATED  9:38:54  7-MAY-2026    
 $OCCNO 
    2.0000000000    2.0000000000    2.0000000000    1.9874639915    1.9864266123
    1.9864266117    0.0129798991    0.0129798985    0.0117652655    0.0008643700
    0.0005350302    0.0002037710    0.0002037710    0.0000501815    0.0000501807
    0.0000178508    0.0000178508    0.0000110136    0.0000008858    0.0000005344
    0.0000005344    0.0000005155    0.0000004297    0.0000004297    0.0000002736
    0.0000000339    0.0000000339    0.0000000257    0.0000000016    0.0000000016
    0.0000000014    0.0000000006
 $END   
 $VEC   
 1  1  3.03152114588622900D-05 -1.25587046004745500D-04  6.36984042991087200D-04  0.00000000000000000D+00  0.00000000000000000D+00
 1  2 -5.41896023718267000D-04  0.00000000000000000D+00  0.00000000000000000D+00  7.51722414594474100D-04  4.55027711577708400D-04
 1  3  4.55027711577871500D-04 -9.10055423155599000D-04  0.00000000000000000D+00  0.00000000000000000D+00  0.00000000000000000D+00
 1  4 -1.25296736176380000D-04  0.00000000000000000D+00  0.00000000000000000D+00 -1.25634394361258100D-04 -3.27309053416690100D-04
 1  5 -3.27309053416932100D-04  6.54618106833701300D-04  0.00000000000000000D+00  0.00000000000000000D+00  0.00000000000000000D+00
 1  6 -1.00084279483570300D+00 -8.43638701608305300D-04  4.22449254391551700D-03  0.00000000000000000D+00  0.00000000000000000D+00
 1  7  2.99391777725883600D-04  0.00000000000000000D+00  0.00000000000000000D+00 -2.83064114362108000D-04 -3.94728497542756800D-06
 1  8 -3.94728497707108200D-06  7.89456995244342700D-06  0.00000000000000000D+00  0.00000000000000000D+00  0.00000000000000000D+00
 1  9 -1.78139133469255900D-03  0.00000000000000000D+00  0.00000000000000000D+00  1.83031441855624100D-04  1.90670652568156800D-05
 1 10  1.90670652584682500D-05 -3.81341305152881800D-05  0.00000000000000000D+00  0.00000000000000000D+00  0.00000000000000000D+00
 2  1 -9.84307048985174200D-01  6.02909017178357000D-02 -2.81046338850629800D-02  0.00000000000000000D+00  0.00000000000000000D+00
 2  2  5.53857023274228300D-02  0.00000000000000000D+00  0.00000000000000000D+00 -3.35352163837982800D-02 -4.37885995074250400D-03
 2  3 -4.37885995074262600D-03  8.75771990148503300D-03  0.00000000000000000D+00  0.00000000000000000D+00  0.00000000000000000D+00
 2  4 -2.40182707248128800D-03  0.00000000000000000D+00  0.00000000000000000D+00  1.20005244769794300D-03 -7.29525058171151200D-04
 2  5 -7.29525058171913200D-04  1.45905011634272400D-03  0.00000000000000000D+00  0.00000000000000000D+00  0.00000000000000000D+00
 2  6  2.64259445328192800D-04 -7.07578798138433700D-03 -6.70123407865354400D-03  0.00000000000000000D+00  0.00000000000000000D+00
 2  7  6.04396225428148200D-03  0.00000000000000000D+00  0.00000000000000000D+00  6.11606475990034800D-03  5.26984208217101600D-04
 2  8  5.26984208209810600D-04 -1.05396841642702100D-03  0.00000000000000000D+00  0.00000000000000000D+00  0.00000000000000000D+00
 2  9 -4.24216653702401600D-02  0.00000000000000000D+00  0.00000000000000000D+00  1.30208459490620600D-02 -1.89766988060049100D-04
 2 10 -1.89766988053738400D-04  3.79533976113773800D-04  0.00000000000000000D+00  0.00000000000000000D+00  0.00000000000000000D+00
 3  1 -3.25940379247590400D-02  7.91271398133685200D-02 -4.52511870491024800D-02  0.00000000000000000D+00  0.00000000000000000D+00
 3  2  6.66639016755824800D-02  0.00000000000000000D+00  0.00000000000000000D+00 -4.20701254252892900D-02 -3.01172467151240400D-03
 3  3 -3.01172467151200900D-03  6.02344934302427800D-03  0.00000000000000000D+00  0.00000000000000000D+00  0.00000000000000000D+00
 3  4 -2.68084653255770300D-04  0.00000000000000000D+00  0.00000000000000000D+00  1.62050825809387600D-03 -2.49479439211481500D-03
 3  5 -2.49479439211494900D-03  4.98958878422985100D-03  0.00000000000000000D+00  0.00000000000000000D+00  0.00000000000000000D+00
 3  6 -8.67906949147129000D-03  4.85464409482499200D-01  5.62917029713175400D-01  0.00000000000000000D+00  0.00000000000000000D+00
 3  7 -1.55680565545768700D-02  0.00000000000000000D+00  0.00000000000000000D+00 -2.51100202425454900D-02 -2.95012110259300300D-04
 3  8 -2.95012110258328600D-04  5.90024220517741100D-04  0.00000000000000000D+00  0.00000000000000000D+00  0.00000000000000000D+00
 3  9  1.00208541217569600D-03  0.00000000000000000D+00  0.00000000000000000D+00  1.45300158218374100D-02 -4.09095215619714000D-03
 3 10 -4.09095215619815600D-03  8.18190431239529700D-03  0.00000000000000000D+00  0.00000000000000000D+00  0.00000000000000000D+00
 4  1 -2.28809743184572000D-02  3.63587482966524800D-01 -1.91151985844738800D-01  0.00000000000000000D+00  0.00000000000000000D+00
 4  2  3.34156057820176900D-01  0.00000000000000000D+00  0.00000000000000000D+00 -2.02657577790402600D-01 -8.51443056644638300D-03
 4  3 -8.51443047613574500D-03  1.70288610425819600D-02  0.00000000000000000D+00  0.00000000000000000D+00  0.00000000000000000D+00
 4  4 -1.14413347145640500D-03  0.00000000000000000D+00  0.00000000000000000D+00  8.11963546649876300D-03 -1.55134114612535900D-02
 4  5 -1.55134114350856200D-02  3.10268228963394100D-02  0.00000000000000000D+00  0.00000000000000000D+00  0.00000000000000000D+00
 4  6 -6.63457893542772300D-03 -4.27771476685283600D-02 -2.49125617779254300D-02  0.00000000000000000D+00  0.00000000000000000D+00
 4  7 -6.23792175689128500D-01  0.00000000000000000D+00  0.00000000000000000D+00 -4.51219461589628900D-01 -9.40834233387753800D-04
 4  8 -9.40834232604850300D-04  1.88166846599297200D-03  0.00000000000000000D+00  0.00000000000000000D+00  0.00000000000000000D+00
 4  9 -2.05868755547346200D-01  0.00000000000000000D+00  0.00000000000000000D+00 -4.32987407615232300D-02 -1.19659385787647100D-02
 4 10 -1.19659385795723700D-02  2.39318771583370700D-02  0.00000000000000000D+00  0.00000000000000000D+00  0.00000000000000000D+00
 5  1  0.00000000000000000D+00  0.00000000000000000D+00  0.00000000000000000D+00 -1.43105742412482500D-01 -1.39070276956755600D-10
 5  2  0.00000000000000000D+00  9.44611609510061000D-02  9.17973860325637000D-11  0.00000000000000000D+00  0.00000000000000000D+00
 5  3  0.00000000000000000D+00  0.00000000000000000D+00  0.00000000000000000D+00 -3.30088939916555600D-02 -3.20777528088542000D-11
 5  4  0.00000000000000000D+00 -6.67471336722687000D-03  0.00000000000000000D+00  0.00000000000000000D+00  0.00000000000000000D+00
 5  5  0.00000000000000000D+00  0.00000000000000000D+00  0.00000000000000000D+00  3.39813084494313400D-03  0.00000000000000000D+00
 5  6  0.00000000000000000D+00  0.00000000000000000D+00  0.00000000000000000D+00 -6.25630372179670800D-01 -6.07987962100553400D-10
 5  7  0.00000000000000000D+00 -4.47813560500301500D-01 -4.35185521011440900D-10  0.00000000000000000D+00  0.00000000000000000D+00
 5  8  0.00000000000000000D+00  0.00000000000000000D+00  0.00000000000000000D+00  2.32331171970774000D-03  0.00000000000000000D+00
 5  9  0.00000000000000000D+00 -9.71610458872855700D-02 -9.44210482894981200D-11  0.00000000000000000D+00  0.00000000000000000D+00
 5 10  0.00000000000000000D+00  0.00000000000000000D+00  0.00000000000000000D+00  1.73540091432401600D-02  1.68646429904591200D-11
 6  1  0.00000000000000000D+00  0.00000000000000000D+00  0.00000000000000000D+00 -1.39070167801579600D-10  1.43105751889019600D-01
 6  2  0.00000000000000000D+00  9.17973383716691100D-11 -9.44611610516333100D-02  0.00000000000000000D+00  0.00000000000000000D+00
 6  3  0.00000000000000000D+00  0.00000000000000000D+00  0.00000000000000000D+00 -3.20779788027934800D-11  3.30088942023781200D-02
 6  4  0.00000000000000000D+00  0.00000000000000000D+00  6.67471384929491900D-03  0.00000000000000000D+00  0.00000000000000000D+00
 6  5  0.00000000000000000D+00  0.00000000000000000D+00  0.00000000000000000D+00  0.00000000000000000D+00 -3.39813117492087000D-03
 6  6  0.00000000000000000D+00  0.00000000000000000D+00  0.00000000000000000D+00 -6.07987971193309200D-10  6.25630370896792400D-01
 6  7  0.00000000000000000D+00 -4.35185517843335000D-10  4.47813559184676700D-01  0.00000000000000000D+00  0.00000000000000000D+00
 6  8  0.00000000000000000D+00  0.00000000000000000D+00  0.00000000000000000D+00  0.00000000000000000D+00 -2.32331174947120800D-03
 6  9  0.00000000000000000D+00 -9.44210469083335000D-11  9.71610454998739800D-02  0.00000000000000000D+00  0.00000000000000000D+00
 6 10  0.00000000000000000D+00  0.00000000000000000D+00  0.00000000000000000D+00  1.68646369826859000D-11 -1.73540090987128400D-02
 7  1  0.00000000000000000D+00  0.00000000000000000D+00  0.00000000000000000D+00  5.48374206606506800D-09 -6.00370446263181100D-01
 7  2  0.00000000000000000D+00 -5.43282278259664800D-09  5.94795523992309900D-01  0.00000000000000000D+00  0.00000000000000000D+00
 7  3  0.00000000000000000D+00  0.00000000000000000D+00  0.00000000000000000D+00  6.42338982981920800D-09 -7.03244788434434800D-01
 7  4  0.00000000000000000D+00  6.93849813733544000D-10 -7.59639445415312100D-02  0.00000000000000000D+00  0.00000000000000000D+00
 7  5  0.00000000000000000D+00  0.00000000000000000D+00  0.00000000000000000D+00 -5.30762885905264000D-09  5.81089064719240200D-01
 7  6  0.00000000000000000D+00  0.00000000000000000D+00  0.00000000000000000D+00 -2.42554171011855400D-09  2.65552887690450400D-01
 7  7  0.00000000000000000D+00 -4.19819156599992100D-09  4.59625927112644900D-01  0.00000000000000000D+00  0.00000000000000000D+00
 7  8  0.00000000000000000D+00  0.00000000000000000D+00  0.00000000000000000D+00 -3.73191574620544900D-11  4.08577181947446400D-03
 7  9  0.00000000000000000D+00  8.99895621714140800D-09 -9.85222586814954000D-01  0.00000000000000000D+00  0.00000000000000000D+00
 7 10  0.00000000000000000D+00  0.00000000000000000D+00  0.00000000000000000D+00  1.00084684368323500D-10 -1.09574594038413200D-02
 8  1  0.00000000000000000D+00  0.00000000000000000D+00  0.00000000000000000D+00  6.00370422397447300D-01  5.48374233390026500D-09
 8  2  0.00000000000000000D+00 -5.94795542713498100D-01 -5.43282115221454200D-09  0.00000000000000000D+00  0.00000000000000000D+00
 8  3  0.00000000000000000D+00  0.00000000000000000D+00  0.00000000000000000D+00  7.03244804479772300D-01  6.42338751847992600D-09
 8  4  0.00000000000000000D+00  7.59639449316743800D-02  6.93849386087293700D-10  0.00000000000000000D+00  0.00000000000000000D+00
 8  5  0.00000000000000000D+00  0.00000000000000000D+00  0.00000000000000000D+00 -5.81089077137952200D-01 -5.30762579921166500D-09
 8  6  0.00000000000000000D+00  0.00000000000000000D+00  0.00000000000000000D+00 -2.65552885161685500D-01 -2.42554172276742400D-09
 8  7  0.00000000000000000D+00 -4.59625930387633200D-01 -4.19819127592699000D-09  0.00000000000000000D+00  0.00000000000000000D+00
 8  8  0.00000000000000000D+00  0.00000000000000000D+00  0.00000000000000000D+00 -4.08577180149805200D-03 -3.73191449554709100D-11
 8  9  0.00000000000000000D+00  9.85222614355068500D-01  8.99895471909916400D-09  0.00000000000000000D+00  0.00000000000000000D+00
 8 10  0.00000000000000000D+00  0.00000000000000000D+00  0.00000000000000000D+00  1.09574593583792300D-02  1.00084633429835500D-10
 9  1  6.89243121904807200D-01  3.86434330026775500D+00 -2.02978220588601900D+00  0.00000000000000000D+00  0.00000000000000000D+00
 9  2  3.35490326093048500D+00  0.00000000000000000D+00  0.00000000000000000D+00 -1.84149363189336800D+00 -1.88315351733093600D-01
 9  3 -1.88315351159298300D-01  3.76630702892392300D-01  0.00000000000000000D+00  0.00000000000000000D+00  0.00000000000000000D+00
 9  4  2.67548310791191700D-02  0.00000000000000000D+00  0.00000000000000000D+00  4.07591938625319800D-02 -1.67942268620900400D-01
 9  5 -1.67942268695514500D-01  3.35884537316415800D-01  0.00000000000000000D+00  0.00000000000000000D+00  0.00000000000000000D+00
 9  6 -1.10940886855138300D-04 -4.19186471510288500D-02 -8.69860192571625500D-02  0.00000000000000000D+00  0.00000000000000000D+00
 9  7  3.38326799549812200D-01  0.00000000000000000D+00  0.00000000000000000D+00  4.59302582951431900D-01  4.02534373021913800D-03
 9  8  4.02534373392503800D-03 -8.05068746414086500D-03  0.00000000000000000D+00  0.00000000000000000D+00  0.00000000000000000D+00
 9  9 -2.56444215064319000D+00  0.00000000000000000D+00  0.00000000000000000D+00 -2.43101357614901800D-01 -1.10680035012604800D-01
 9 10 -1.10680035016653500D-01  2.21360070029258300D-01  0.00000000000000000D+00  0.00000000000000000D+00  0.00000000000000000D+00
10  1 -5.73799100435247300D-01 -1.92890359310914600D+00  7.82117709521837500D-01  0.00000000000000000D+00  0.00000000000000000D+00
10  2 -8.13660243328236500D-01  0.00000000000000000D+00  0.00000000000000000D+00  1.74965638340357100D-01 -2.10415213053121500D-01
10  3 -2.10415205912600900D-01  4.20830418965722500D-01  0.00000000000000000D+00  0.00000000000000000D+00  0.00000000000000000D+00
10  4  5.04079561848479200D-02  0.00000000000000000D+00  0.00000000000000000D+00  6.98603429987764400D-02  2.26582412252043100D-01
10  5  2.26582411453938100D-01 -4.53164823705981400D-01  0.00000000000000000D+00  0.00000000000000000D+00  0.00000000000000000D+00
10  6  5.57132525244702400D-02 -7.81625789117373900D-02 -1.12055078152268800D+00  0.00000000000000000D+00  0.00000000000000000D+00
10  7 -6.90120732516161500D-02  0.00000000000000000D+00  0.00000000000000000D+00  1.19387494892134500D-01 -5.01779487681604600D-03
10  8 -5.01779482989431600D-03  1.00355897067090600D-02  0.00000000000000000D+00  0.00000000000000000D+00  0.00000000000000000D+00
10  9  2.74582492958903800D+00  0.00000000000000000D+00  0.00000000000000000D+00 -5.22214060675969000D-01  1.25530964646326800D-01
10 10  1.25530964595215700D-01 -2.51061929241542500D-01  0.00000000000000000D+00  0.00000000000000000D+00  0.00000000000000000D+00
11  1  1.70961717927537800D+00  7.27510264898580200D+00 -4.91827922606289800D+00  0.00000000000000000D+00  0.00000000000000000D+00
11  2  3.58623529637516700D+00  0.00000000000000000D+00  0.00000000000000000D+00 -2.37892618746909800D+00 -5.05460038989751000D-01
11  3 -5.05460040651230800D-01  1.01092007964098200D+00  0.00000000000000000D+00  0.00000000000000000D+00  0.00000000000000000D+00
11  4  2.02035591298068500D-01  0.00000000000000000D+00  0.00000000000000000D+00  8.88841532465652100D-02  2.32131257753192500D-01
11  5  2.32131257446901800D-01 -4.64262515200092100D-01  0.00000000000000000D+00  0.00000000000000000D+00  0.00000000000000000D+00
11  6  6.91940990142544600D-04 -6.39981514420009000D-02 -2.04726535863432800D-01  0.00000000000000000D+00  0.00000000000000000D+00
11  7  1.42168049755680200D-01  0.00000000000000000D+00  0.00000000000000000D+00 -2.04279811844359300D-01  1.04205690333497500D-02
11  8  1.04205690198332500D-02 -2.08411380531779900D-02  0.00000000000000000D+00  0.00000000000000000D+00  0.00000000000000000D+00
11  9 -2.80926234124977100D+00  0.00000000000000000D+00  0.00000000000000000D+00  2.28100946687284500D+00 -2.50783075318071300D-01
11 10 -2.50783075303966000D-01  5.01566150622037400D-01  0.00000000000000000D+00  0.00000000000000000D+00  0.00000000000000000D+00
12  1  0.00000000000000000D+00  0.00000000000000000D+00  0.00000000000000000D+00 -1.18928241670897200D-06  2.27937579856765700D+00
12  2  0.00000000000000000D+00  6.89480738330788100D-07 -1.32145712041125000D+00  0.00000000000000000D+00  0.00000000000000000D+00
12  3  0.00000000000000000D+00  0.00000000000000000D+00  0.00000000000000000D+00 -6.48688672895382900D-07  1.24327511943709500D+00
12  4  0.00000000000000000D+00 -2.82314632950738900D-08  5.41083484307473000D-02  0.00000000000000000D+00  0.00000000000000000D+00
12  5  0.00000000000000000D+00  0.00000000000000000D+00  0.00000000000000000D+00  1.47764613752122200D-07 -2.83205287140916500D-01
12  6  0.00000000000000000D+00  0.00000000000000000D+00  0.00000000000000000D+00 -1.32178926657473400D-09  2.53333854411098800D-03
12  7  0.00000000000000000D+00 -2.49688265731201200D-08  4.78551943578549300D-02  0.00000000000000000D+00  0.00000000000000000D+00
12  8  0.00000000000000000D+00  0.00000000000000000D+00  0.00000000000000000D+00  1.09461785872166900D-08 -2.09794192014778500D-02
12  9  0.00000000000000000D+00  8.38440287141186800D-07 -1.60695262078878200D+00  0.00000000000000000D+00  0.00000000000000000D+00
12 10  0.00000000000000000D+00  0.00000000000000000D+00  0.00000000000000000D+00 -2.76975660431934200D-08  5.30850874440617500D-02
13  1  0.00000000000000000D+00  0.00000000000000000D+00  0.00000000000000000D+00  2.27937580787229500D+00  1.18928294998075700D-06
13  2  0.00000000000000000D+00 -1.32145710301458600D+00 -6.89482560482165600D-07  0.00000000000000000D+00  0.00000000000000000D+00
13  3  0.00000000000000000D+00  0.00000000000000000D+00  0.00000000000000000D+00  1.24327511158431000D+00  6.48688615410326500D-07
13  4  0.00000000000000000D+00  5.41083484036725400D-02  2.82318968072567600D-08  0.00000000000000000D+00  0.00000000000000000D+00
13  5  0.00000000000000000D+00  0.00000000000000000D+00  0.00000000000000000D+00 -2.83205285369599400D-01 -1.47765909432294900D-07
13  6  0.00000000000000000D+00  0.00000000000000000D+00  0.00000000000000000D+00  2.53333865142747700D-03  1.32179783448260700D-09
13  7  0.00000000000000000D+00  4.78551961590083500D-02  2.49687486913474200D-08  0.00000000000000000D+00  0.00000000000000000D+00
13  8  0.00000000000000000D+00  0.00000000000000000D+00  0.00000000000000000D+00 -2.09794191906517700D-02 -1.09461756849432400D-08
13  9  0.00000000000000000D+00 -1.60695262752547600D+00 -8.38439010316896200D-07  0.00000000000000000D+00  0.00000000000000000D+00
13 10  0.00000000000000000D+00  0.00000000000000000D+00  0.00000000000000000D+00  5.30850873504716700D-02  2.76975595055454500D-08
14  1  8.66616906170987800D-09  4.29196641204357500D-08 -4.83625545550336400D-08  0.00000000000000000D+00  0.00000000000000000D+00
14  2 -1.52582595411951000D-08  0.00000000000000000D+00  0.00000000000000000D+00  2.26451832513425700D-08 -1.20332868572923500D+00
14  3  1.20332867000028200D+00  1.57289594829405500D-08  4.98446249295074400D-09  0.00000000000000000D+00  0.00000000000000000D+00
14  4  1.47650512839659200D-08  0.00000000000000000D+00  0.00000000000000000D+00  2.62815476479418400D-09  3.80860055528446400D-01
14  5 -3.80860032660870200D-01 -2.28675889802915300D-08 -1.57776868313047600D-09  0.00000000000000000D+00  0.00000000000000000D+00
14  6 -1.33387260690661700D-10  4.88239758184209300D-10  2.96793052501570200D-09  0.00000000000000000D+00  0.00000000000000000D+00
14  7  3.86970126484674800D-10  0.00000000000000000D+00  0.00000000000000000D+00 -4.23190170463564100D-10 -6.61182491232464000D-03
14  8  6.61182509048267600D-03 -1.78157763918076700D-10  2.73868532455595300D-11  0.00000000000000000D+00  0.00000000000000000D+00
14  9 -6.30342554731977700D-09  0.00000000000000000D+00  0.00000000000000000D+00  5.72622636445319100D-09  7.51253899847434900D-03
14 10 -7.51254154535438900D-03  2.54687987038956200D-09 -3.11179479130491700D-11  0.00000000000000000D+00  0.00000000000000000D+00
15  1  0.00000000000000000D+00  0.00000000000000000D+00  0.00000000000000000D+00  0.00000000000000000D+00  0.00000000000000000D+00
15  2  0.00000000000000000D+00  0.00000000000000000D+00  0.00000000000000000D+00  0.00000000000000000D+00  4.31619096320074300D-09
15  3 -4.31669562747406400D-09  0.00000000000000000D+00  1.38949572585822700D+00  0.00000000000000000D+00  0.00000000000000000D+00
15  4  0.00000000000000000D+00  0.00000000000000000D+00  0.00000000000000000D+00  0.00000000000000000D+00 -1.36562349925163000D-09
15  5  1.36661437068919500D-09  0.00000000000000000D+00 -4.39792812268160000D-01  0.00000000000000000D+00  0.00000000000000000D+00
15  6  0.00000000000000000D+00  0.00000000000000000D+00  0.00000000000000000D+00  0.00000000000000000D+00  0.00000000000000000D+00
15  7  0.00000000000000000D+00  0.00000000000000000D+00  0.00000000000000000D+00  0.00000000000000000D+00  2.37180773322127200D-11
15  8 -2.37169084255200200D-11  0.00000000000000000D+00  7.63468883179171100D-03  0.00000000000000000D+00  0.00000000000000000D+00
15  9  0.00000000000000000D+00  0.00000000000000000D+00  0.00000000000000000D+00  0.00000000000000000D+00 -2.69508061980518000D-11
15 10  2.69459725987120100D-11  0.00000000000000000D+00 -8.67476164012562000D-03  0.00000000000000000D+00  0.00000000000000000D+00
16  1  0.00000000000000000D+00  0.00000000000000000D+00  0.00000000000000000D+00  1.37996512622426500D-06 -1.38390165789172400D+00
16  2  0.00000000000000000D+00 -1.47599688935783100D-07  1.48020769014007800D-01  0.00000000000000000D+00  0.00000000000000000D+00
16  3  0.00000000000000000D+00  0.00000000000000000D+00  0.00000000000000000D+00 -1.95543946416203100D-06  1.96101761385947800D+00
16  4  0.00000000000000000D+00 -1.16604162374861700D-07  1.16936722033625700D-01  0.00000000000000000D+00  0.00000000000000000D+00
16  5  0.00000000000000000D+00  0.00000000000000000D+00  0.00000000000000000D+00  2.05733742516756100D-06 -2.06320622240950400D+00
16  6  0.00000000000000000D+00  0.00000000000000000D+00  0.00000000000000000D+00  4.18800785620667400D-08 -4.19995506001381000D-02
16  7  0.00000000000000000D+00  2.82823437950129200D-07 -2.83630236668930300D-01  0.00000000000000000D+00  0.00000000000000000D+00
16  8  0.00000000000000000D+00  0.00000000000000000D+00  0.00000000000000000D+00  7.77197422044392400D-09 -7.79414480149715100D-03
16  9  0.00000000000000000D+00 -1.08627049353433900D-06  1.08936922978270300D+00  0.00000000000000000D+00  0.00000000000000000D+00
16 10  0.00000000000000000D+00  0.00000000000000000D+00  0.00000000000000000D+00 -4.01655431878743300D-08  4.02801203462564900D-02
17  1  0.00000000000000000D+00  0.00000000000000000D+00  0.00000000000000000D+00  1.38390169837289500D+00  1.37996504438566500D-06
17  2  0.00000000000000000D+00 -1.48020802437924700D-01 -1.47599617798206000D-07  0.00000000000000000D+00  0.00000000000000000D+00
17  3  0.00000000000000000D+00  0.00000000000000000D+00  0.00000000000000000D+00 -1.96101772001593800D+00 -1.95543941060622200D-06
17  4  0.00000000000000000D+00 -1.16936751230795200D-01 -1.16604099943908500D-07  0.00000000000000000D+00  0.00000000000000000D+00
17  5  0.00000000000000000D+00  0.00000000000000000D+00  0.00000000000000000D+00  2.06320640833786600D+00  2.05733732679022500D-06
17  6  0.00000000000000000D+00  0.00000000000000000D+00  0.00000000000000000D+00  4.19995471568806600D-02  4.18800819110836500D-08
17  7  0.00000000000000000D+00  2.83630235744148300D-01  2.82823442070627800D-07  0.00000000000000000D+00  0.00000000000000000D+00
17  8  0.00000000000000000D+00  0.00000000000000000D+00  0.00000000000000000D+00  7.79414540232088600D-03  7.77197409134489000D-09
17  9  0.00000000000000000D+00 -1.08936925831970100D+00 -1.08627048065818900D-06  0.00000000000000000D+00  0.00000000000000000D+00
17 10  0.00000000000000000D+00  0.00000000000000000D+00  0.00000000000000000D+00 -4.02801234973441400D-02 -4.01655416204941600D-08
18  1 -2.85902513999948800D-02  9.20370131183778600D-02 -5.59337692973097900D-01  0.00000000000000000D+00  0.00000000000000000D+00
18  2 -1.52794335309833300D+00  0.00000000000000000D+00  0.00000000000000000D+00  1.87122109617750300D-01  8.41635107209224100D-01
18  3  8.41635117777525400D-01 -1.68327022498674900D+00  0.00000000000000000D+00  0.00000000000000000D+00  0.00000000000000000D+00
18  4 -2.61955780324199700D-02  0.00000000000000000D+00  0.00000000000000000D+00  1.12918242680648000D-01 -1.42776858851784100D-01
18  5 -1.42776868585586300D-01  2.85553727437370100D-01  0.00000000000000000D+00  0.00000000000000000D+00  0.00000000000000000D+00
18  6 -2.37644155543650000D-02 -1.90005497018153500D-02  4.16109320534041100D-01  0.00000000000000000D+00  0.00000000000000000D+00
18  7 -3.08927767609540700D-02  0.00000000000000000D+00  0.00000000000000000D+00 -3.06579646131482900D-01 -1.77531006778143800D-03
18  8 -1.77531004330307800D-03  3.55062011108386300D-03  0.00000000000000000D+00  0.00000000000000000D+00  0.00000000000000000D+00
18  9  1.41472793878001900D+00  0.00000000000000000D+00  0.00000000000000000D+00  5.57391479574990800D-01  2.16761450752891900D-02
18 10  2.16761450378427400D-02 -4.33522901131319400D-02  0.00000000000000000D+00  0.00000000000000000D+00  0.00000000000000000D+00
19  1  1.81548760160491900D-01  1.04210710143835900D+00  3.37967763982780400D-01  0.00000000000000000D+00  0.00000000000000000D+00
19  2 -3.21913073583739200D-01  1.99008992194123400D-11  0.00000000000000000D+00  8.08211314880036100D-01 -7.28576530158012900D-01
19  3 -7.28576783545012100D-01  1.45715331370302500D+00  0.00000000000000000D+00  0.00000000000000000D+00  0.00000000000000000D+00
19  4 -2.68929948104613600D-01  0.00000000000000000D+00  0.00000000000000000D+00 -2.81063332234740800D-01  7.73891678471630500D-01
19  5  7.73891955951829100D-01 -1.54778363442345900D+00  0.00000000000000000D+00  0.00000000000000000D+00  0.00000000000000000D+00
19  6 -6.30657068892835800D-04  6.30187205085690100D-03 -2.44669696151590200D-02  0.00000000000000000D+00  0.00000000000000000D+00
19  7 -9.86607338580303100D-05  0.00000000000000000D+00  0.00000000000000000D+00  3.91957798218936900D-02  2.82652692948138100D-03
19  8  2.82652657439372900D-03 -5.65305350387468700D-03  0.00000000000000000D+00  0.00000000000000000D+00  0.00000000000000000D+00
19  9 -7.23176644156014900D-01  0.00000000000000000D+00  0.00000000000000000D+00  4.51882966223930800D-01 -4.02498481923397900D-02
19 10 -4.02498474914365400D-02  8.04996956837763400D-02  0.00000000000000000D+00  0.00000000000000000D+00  0.00000000000000000D+00
20  1  3.62206218584211600D-11  2.14790693856953200D-10 -3.63100327871530000D-10 -1.32437231936633900D-07  4.65489697354767100D-01
20  2 -2.43166257181940000D-10  4.54564352438535300D-07 -1.59771931561841000D+00  1.17553933221527300D-10 -8.12133396032594700D-11
20  3 -6.20583556614817000D-11  1.43271695264741100D-10 -1.66476290850242000D-11  1.46997314797248900D-08 -5.16767763287925300D-02
20  4 -1.50960652585006100D-10 -1.08352339735790600D-07  3.80842003301713600D-01  3.68424303008831400D-10  1.72838301501654500D-10
20  5  1.50018889029520300D-10 -3.22857190531174500D-10  1.96673339390932600D-11  3.13644919677660200D-07 -1.10240280773661000D+00
20  6  0.00000000000000000D+00  0.00000000000000000D+00 -3.24429768774188800D-11 -1.92875740061581200D-09  6.77925967642084200D-03
20  7  0.00000000000000000D+00  1.97378081001727300D-08 -6.93750916994762500D-02  0.00000000000000000D+00  0.00000000000000000D+00
20  8  0.00000000000000000D+00  0.00000000000000000D+00  0.00000000000000000D+00 -7.14534996760089900D-10  2.51157829962797000D-03
20  9  2.67551379602507200D-10 -3.14179733396075800D-07  1.10429525730805400D+00  2.30813724712041600D-11  0.00000000000000000D+00
20 10  0.00000000000000000D+00  0.00000000000000000D+00  0.00000000000000000D+00  1.65107871698752800D-09 -5.80360051869748200D-03
21  1  0.00000000000000000D+00 -6.62816737809205700D-11  8.57013549778237300D-11 -4.65489717557181200D-01 -1.32435130754388200D-07
21  2  7.80026521496465200D-11  1.59771931579528400D+00  4.54563465211319800D-07 -7.20281816341114100D-11  0.00000000000000000D+00
21  3  1.04743457342644000D-11 -1.44379251483191600D-11  0.00000000000000000D+00  5.16767886661641500D-02  1.47018762216572500D-08
21  4  4.57907258032145200D-11 -3.80842042611231800D-01 -1.08352482692173700D-07 -9.69754052831268800D-11 -2.45754645040925900D-11
21  5 -3.22224307337523100D-11  5.67978952378449300D-11  0.00000000000000000D+00  1.10240280732169500D+00  3.13643446724408600D-07
21  6  0.00000000000000000D+00  0.00000000000000000D+00  0.00000000000000000D+00 -6.77926152608318900D-03 -1.92875452015459900D-09
21  7  0.00000000000000000D+00  6.93750852712675000D-02  1.97378120322574600D-08  0.00000000000000000D+00  0.00000000000000000D+00
21  8  0.00000000000000000D+00  0.00000000000000000D+00  0.00000000000000000D+00 -2.51157827332486700D-03 -7.14561989648099600D-10
21  9 -4.37971427798893200D-11 -1.10429523605273900D+00 -3.14181209351849800D-07  0.00000000000000000D+00  0.00000000000000000D+00
21 10  0.00000000000000000D+00  0.00000000000000000D+00  0.00000000000000000D+00  5.80360045441441100D-03  1.65115697588739200D-09
22  1 -1.54564774782552000D-01 -5.01457772677603900D-01  1.26177332800213200D+00  0.00000000000000000D+00 -1.54728752390795100D-11
22  2 -6.72711375538604400D-02  3.53891224256144900D-11  3.78912097389430000D-11  1.51639298390075600D+00  1.05042007181852700D+00
22  3  1.05042040691851800D+00 -2.10084047873704400D+00 -4.50153179743056500D-11  0.00000000000000000D+00  1.05630435063555500D-11
22  4  4.09273000529499600D-02  0.00000000000000000D+00  0.00000000000000000D+00 -2.59499240890237400D-01 -1.32324837971600400D+00
22  5 -1.32324878408036500D+00  2.64649716379636700D+00  5.31995166321761500D-11  2.82941869057898300D-11  0.00000000000000000D+00
22  6 -4.81239457367050400D-02 -6.17594134412015800D-02  6.59498868544023100D-01  0.00000000000000000D+00  0.00000000000000000D+00
22  7  2.30722296954656900D-03  0.00000000000000000D+00  0.00000000000000000D+00 -8.83764660279073200D-02 -1.11818713905586700D-03
22  8 -1.11818686609048200D-03  2.23637400514527800D-03  0.00000000000000000D+00  0.00000000000000000D+00  0.00000000000000000D+00
22  9 -1.61859152446459600D+00 -2.65649494137735700D-11 -1.43204869400351700D-11 -5.81674626099732600D-01  1.14395011960200700D-02
22 10  1.14395004361158900D-02 -2.28790016321359500D-02  0.00000000000000000D+00  0.00000000000000000D+00  0.00000000000000000D+00
23  1  4.94189813253922800D-08  2.94431165780030600D-07 -2.61220799162221200D-07  0.00000000000000000D+00  0.00000000000000000D+00
23  2 -1.63881443074120300D-07  0.00000000000000000D+00  1.06099331572615100D-11  1.12946393234347100D-08 -1.81865585615258100D+00
23  3  1.81865553112221000D+00  3.25030369296638300D-07  7.01882806750939300D-08  0.00000000000000000D+00  0.00000000000000000D+00
23  4 -1.50808859099676800D-07  0.00000000000000000D+00  0.00000000000000000D+00  8.25763282577387400D-08  2.14584620199964400D+00
23  5 -2.14584582012266400D+00 -3.81876963873405900D-07 -8.28159626109304100D-08  0.00000000000000000D+00  0.00000000000000000D+00
23  6  5.65073560275084000D-09  7.81492035325848900D-09 -8.07205984024483400D-08  0.00000000000000000D+00  0.00000000000000000D+00
23  7 -1.48912795583401200D-10  0.00000000000000000D+00  0.00000000000000000D+00  9.89748922866162900D-09 -1.73758392869886800D-03
23  8  1.73758495247186200D-03 -1.02377221703483200D-09  6.70580705769551900D-11  0.00000000000000000D+00  0.00000000000000000D+00
23  9  1.78685698530985000D-07  0.00000000000000000D+00  0.00000000000000000D+00  7.77806938968882300D-08  4.34173001699325400D-03
23 10 -4.34173992842174600D-03  9.91142919949895300D-09 -1.67561551739363100D-10  0.00000000000000000D+00  0.00000000000000000D+00
24  1 -3.61151693885993900D-11 -2.27713906994672800D-10  3.77641793101216900D-10  0.00000000000000000D+00  0.00000000000000000D+00
24  2  2.38219058589362400D-10  0.00000000000000000D+00  0.00000000000000000D+00 -1.37264476569729300D-10 -6.07361893472733900D-08
24  3  6.08341727553670800D-08 -9.79834080937245600D-11 -2.09999513010125000D+00  0.00000000000000000D+00  0.00000000000000000D+00
24  4  8.12016843106295100D-11  0.00000000000000000D+00  0.00000000000000000D+00 -2.69042500397732900D-10  7.16061625563313500D-08
24  5 -7.18355120719832400D-08  2.29349515652412300D-10  2.47780714559786700D+00  0.00000000000000000D+00  1.94274095874195600D-11
24  6  0.00000000000000000D+00  0.00000000000000000D+00  2.49821592821961900D-11  0.00000000000000000D+00  0.00000000000000000D+00
24  7  0.00000000000000000D+00  0.00000000000000000D+00  0.00000000000000000D+00  0.00000000000000000D+00 -5.84365245341876700D-11
24  8  5.77152728643922200D-11  0.00000000000000000D+00 -2.00634804841790800D-03  0.00000000000000000D+00  0.00000000000000000D+00
24  9 -2.20737132915404700D-10  0.00000000000000000D+00 -1.21511598025715000D-11  0.00000000000000000D+00  1.47054103930562600D-10
24 10 -1.43175348633990600D-10  0.00000000000000000D+00  5.01335639720879500D-03  0.00000000000000000D+00  0.00000000000000000D+00
25  1  3.48520064742336600D-01  2.44661095991284200D+00 -3.98755156160084100D+00 -1.05273160053375600D-11 -3.41762200227269700D-11
25  2 -1.93926393008584900D+00  4.41198815080298000D-11  1.42662385799695000D-10  1.19933319973769500D+00 -1.17225936293780300D-01
25  3 -1.17226247741484800D-01  2.34452184035265100D-01 -2.13789070988094500D-10  0.00000000000000000D+00 -1.05885726261425000D-11
25  4  9.64935029562278900D-01 -1.17611395074412200D-11 -3.47766352162990900D-11  1.39264231715567400D-02  1.34595163614621000D-01
25  5  1.34595514661717600D-01 -2.69190678276337600D-01  2.52083133264063400D-10  4.19994677603369900D-11  1.34700970184450600D-10
25  6  1.66826288673934100D-02  2.59580951067924900D-02 -2.19159897793973600D-01  0.00000000000000000D+00  0.00000000000000000D+00
25  7  2.52169359214554900D-03  0.00000000000000000D+00  0.00000000000000000D+00 -2.42521003223358100D-02  3.13505849554614200D-03
25  8  3.13505811158888100D-03 -6.27011660713408100D-03  0.00000000000000000D+00  0.00000000000000000D+00  0.00000000000000000D+00
25  9  1.21384457490099700D+00 -3.62215325023901300D-11 -1.17059496744973300D-10 -1.87757384811402200D-01 -1.83355247279299200D-02
25 10 -1.83355239110137000D-02  3.66710486389436000D-02  0.00000000000000000D+00  0.00000000000000000D+00  0.00000000000000000D+00
26  1  0.00000000000000000D+00 -1.98940328969748500D-11  5.47575499366698600D-11 -9.74170130174784800D-01 -6.14207826027433000D-05
26  2  4.68314290992971000D-11  1.14399415041239200D+00  7.21280642534836200D-05 -1.10642341770270400D-10  1.56931186946442200D-11
26  3  1.91125260837156500D-11 -3.48056447783598200D-11  0.00000000000000000D+00  1.33523742552464600D+00  8.41858417157643400D-05
26  4  8.29968003600088500D-11 -1.09274772992566100D-01 -6.88969444275145400D-06  4.43168494320654300D-11 -5.65731094000267400D-11
26  5 -6.06183716916871600D-11  1.17191481091713900D-10  0.00000000000000000D+00 -2.20457900986996900D+00 -1.38997252835893500D-04
26  6  0.00000000000000000D+00  0.00000000000000000D+00  0.00000000000000000D+00  1.43621908864806400D-03  9.05526420822384000D-08
26  7  0.00000000000000000D+00 -9.21307803202007500D-02 -5.80878550781214000D-06  0.00000000000000000D+00  0.00000000000000000D+00
26  8  0.00000000000000000D+00  0.00000000000000000D+00  0.00000000000000000D+00 -5.27769294826011400D-03 -3.32755080446522100D-07
26  9 -6.37696972891783100D-11  7.17876889413595200D-01  4.52616656256801600D-05 -1.45036389838239200D-11  0.00000000000000000D+00
26 10  0.00000000000000000D+00  0.00000000000000000D+00  0.00000000000000000D+00  3.25145445695199400D-02  2.05002064965061600D-06
27  1  0.00000000000000000D+00  2.41714268277168600D-11 -9.82680758852837400D-11  6.14207777018425600D-05 -9.74170180288829400D-01
27  2 -5.50280133932869300D-11 -7.21280656452631600D-05  1.14399401918066800D+00 -1.41321713164406300D-11 -4.97127387040776200D-11
27  3 -5.54281381844197200D-11  1.05140876888497300D-10 -1.07819550677450200D-11 -8.41858316928637400D-05  1.33523757792522300D+00
27  4 -8.29166120084720000D-11  6.88969251352681700D-06 -1.09274550616072900D-01  2.00516187599614500D-10  1.08044374924450400D-10
27  5  1.14159251759445600D-10 -2.22203626683896000D-10  1.26636384120938300D-11  1.38997240632409600D-04 -2.20457917282556000D+00
27  6  0.00000000000000000D+00  0.00000000000000000D+00 -2.18424797433544400D-11 -9.05526683427191300D-08  1.43621873776177800D-03
27  7  0.00000000000000000D+00  5.80878447725284700D-06 -9.21307963782104800D-02  0.00000000000000000D+00  0.00000000000000000D+00
27  8  0.00000000000000000D+00  0.00000000000000000D+00  0.00000000000000000D+00  3.32755032734895500D-07 -5.27769378394751900D-03
27  9  1.43911616811364500D-10 -4.52616608221243400D-05  7.17876950118048800D-01  2.88186561619584200D-11  0.00000000000000000D+00
27 10  0.00000000000000000D+00  0.00000000000000000D+00  0.00000000000000000D+00 -2.05002041988244300D-06  3.25145483595849600D-02
28  1  9.50328989788538600D-02  2.09026431536465400D-01 -1.59673858853086900D+00 -1.30008273953679700D-10  2.25711797015895700D-11
28  2 -4.70266540964198100D-01  2.08346885960325400D-10  1.61105837707839000D-10  6.26520371956488700D-01 -1.81791932549249600D-01
28  3 -1.81791977431545700D-01  3.63583909980794800D-01 -2.85781665473214900D-10  1.47206020880938200D-10 -1.36010178299779500D-10
28  4  5.59788525060393600D-01 -3.46000765505108700D-11 -5.10924542922120100D-11 -1.43909732674191800D-01  6.22208384620358100D-01
28  5  6.22208415724120400D-01 -1.24441680034447800D+00  3.36675488257518400D-10 -1.80880147527059600D-10  4.39406447464987000D-10
28  6  6.17849760054936400D-03  1.24939228888837400D-02 -6.20668224367706300D-02  0.00000000000000000D+00  0.00000000000000000D+00
28  7 -1.82408986724973700D-03  0.00000000000000000D+00  2.25121811423061300D-11 -6.33931299120839300D-03  1.00710467031749000D-03
28  8  1.00710451254965600D-03 -2.01420918286703100D-03  0.00000000000000000D+00  0.00000000000000000D+00  0.00000000000000000D+00
28  9  9.89030482719467900D-01  1.99932680262871400D-11 -2.77558751820930100D-10  7.99093774950955000D-02 -4.12717264739463500D-03
28 10 -4.12717244265658300D-03  8.25434509005120900D-03  0.00000000000000000D+00  0.00000000000000000D+00  0.00000000000000000D+00
29  1  0.00000000000000000D+00  0.00000000000000000D+00 -7.46004884188315100D-11  1.15145911779361300D-05  1.41823383783126900D-01
29  2  0.00000000000000000D+00 -4.56179667254865300D-05 -5.61868662989042500D-01 -6.06453575412460700D-11 -1.04947611524417100D-11
29  3  0.00000000000000000D+00  1.77332721296826300D-11  0.00000000000000000D+00 -3.07134868857847700D-06 -3.78295294550502400D-02
29  4  1.19884111087129700D-10  9.65927504710309800D-05  1.18971565113739200D+00  5.58649818410126600D-11  1.65947832062260100D-11
29  5  1.28053373047196800D-11 -2.94001205109456400D-11  0.00000000000000000D+00  8.63700635883263200D-06  1.06380909437421600D-01
29  6  0.00000000000000000D+00  0.00000000000000000D+00  0.00000000000000000D+00  4.85357221419572500D-08  5.97805328509627600D-04
29  7  0.00000000000000000D+00 -6.98476242852226800D-08 -8.60285687053568900D-04  0.00000000000000000D+00  0.00000000000000000D+00
29  8  0.00000000000000000D+00  0.00000000000000000D+00  0.00000000000000000D+00 -1.78684965641666200D-08 -2.20081948028276100D-04
29  9  3.05154797030959800D-11 -2.47523346861095800D-06 -3.04871272201871300D-02  0.00000000000000000D+00  0.00000000000000000D+00
29 10  0.00000000000000000D+00  0.00000000000000000D+00  0.00000000000000000D+00  2.41803015960768700D-08  2.97817476208936500D-04
30  1  0.00000000000000000D+00 -1.92129791990206300D-11 -2.28134896969297500D-10 -1.41823227739000500D-01  1.15146171717821800D-05
30  2  1.82738735831384700D-11  5.61868407599826400D-01 -4.56180032006566700D-05 -1.75136467723398600D-10 -3.06311622810458700D-11
30  3 -3.16430533451215300D-11  6.22742156261674100D-11  0.00000000000000000D+00  3.78293487759669900D-02 -3.07138154273140300D-06
30  4  3.35788225360014600D-10 -1.18971561523805100D+00  9.65927549162813600D-05  1.85024083809770100D-10  5.35240844343182900D-11
30  5  5.47098091861360200D-11 -1.08233893620454200D-10  0.00000000000000000D+00 -1.06380621638084400D-01  8.63705953818107200D-06
30  6  0.00000000000000000D+00  0.00000000000000000D+00 -2.11557344941933400D-11 -5.97805690524943700D-04  4.85356758188280000D-08
30  7  0.00000000000000000D+00  8.60293901461116900D-04 -6.98457073184678800D-08  0.00000000000000000D+00  0.00000000000000000D+00
30  8  0.00000000000000000D+00  0.00000000000000000D+00  0.00000000000000000D+00  2.20082690513900500D-04 -1.78683640727745900D-08
30  9  1.04052642223079700D-10  3.04870605303591500D-02 -2.47524850155952300D-06  0.00000000000000000D+00  0.00000000000000000D+00
30 10  0.00000000000000000D+00  0.00000000000000000D+00  0.00000000000000000D+00 -2.97822085484889600D-04  2.41794841825420400D-08
31  1 -1.79259267017537600D-03 -9.35977509086655900D-02 -7.38742534172314300D-01  9.76439441616439000D-11  0.00000000000000000D+00
31  2  7.85875260008762800D-02 -1.89035884407582500D-10  1.23272035982492700D-10 -7.31919567780573900D-01 -1.45407379710995800D-01
31  3 -1.45407236633200100D-01  2.90814616344195900D-01 -1.42024114512204500D-10 -1.08289743888240600D-10 -7.40791101950297400D-11
31  4  1.09761096152016600D+00  2.99259039207404100D-10 -1.29207665763452100D-10  9.03149287492200600D-01  2.44067276887070900D-01
31  5  2.44067094380094900D-01 -4.88134371267165400D-01  1.67301609615473900D-10  2.17479496288236100D-10  2.26981217482950100D-10
31  6  8.40023928806959100D-03  1.45493821636291900D-02 -8.90263238939291600D-02  0.00000000000000000D+00  0.00000000000000000D+00
31  7 -1.49546945824188600D-03  0.00000000000000000D+00  1.20606383051417000D-11  2.22860626467819300D-02 -1.51050072698460900D-04
31  8 -1.51050007958237600D-04  3.02100080657386700D-04  0.00000000000000000D+00  0.00000000000000000D+00  0.00000000000000000D+00
31  9  4.10848238091741400D-01 -8.75155238301451900D-11 -1.42276687060170300D-10  3.15231183892823700D-02  1.36083351581431600D-03
31 10  1.36083323536507400D-03 -2.72166675117939800D-03  0.00000000000000000D+00  0.00000000000000000D+00  0.00000000000000000D+00
32  1 -3.23042397996533400D-02 -1.23283329275288500D-01  9.16490347695000900D-01 -1.09154832338474100D-10  1.20810841782850000D-11
32  2  6.91075420527703500D-02  2.68762568403391400D-10  3.89906999795478700D-10 -1.91406981842182200D-01 -7.82953899953797300D-02
32  3 -7.82959194005438300D-02  1.56591309395923500D-01 -6.11763803138859400D-10  7.45291751600082100D-11 -2.43699624776734600D-10
32  4 -1.13333094257419800D+00 -1.12535130254448300D-10 -9.68605118430751500D-11  8.00618148812826300D-01  8.91673944861768000D-02
32  5  8.91680128266966300D-02 -1.78335407312873700D-01  7.20669314400164500D-10  0.00000000000000000D+00  8.72202299319327700D-10
32  6  2.63709917702587600D-04  1.20461521100144700D-04 -8.07769976257801400D-03  0.00000000000000000D+00  0.00000000000000000D+00
32  7 -1.22277402574086600D-03  0.00000000000000000D+00  4.54985046520610300D-11  8.75739744452532800D-03 -2.40908568496825200D-04
32  8 -2.40909107474975900D-04  4.81817675971702200D-04  0.00000000000000000D+00  0.00000000000000000D+00  0.00000000000000000D+00
32  9 -9.50151998191032500D-02 -8.82280173395170200D-11 -5.77971020435461200D-10  8.48162180174856100D-02  9.63292571893150200D-04
32 10  9.63293863938189200D-04 -1.92658643583133700D-03  0.00000000000000000D+00  0.00000000000000000D+00  0.00000000000000000D+00
 $END   
 POPULATION ANALYSIS
LI           2.30162   0.69838   2.32839   0.67161
F            9.69838  -0.69838   9.67161  -0.67161
 MOMENTS AT POINT    1 X,Y,Z=  0.000000  0.000000  2.346124
 DIPOLE       0.000000  0.000000 -6.891687
